ISO-10303-21;
HEADER;
FILE_DESCRIPTION(('Open CASCADE Model'),'2;1');
FILE_NAME('Open CASCADE Shape Model','2026-09-13T17:11:43',('Author'),(
    'Open CASCADE'),'Open CASCADE STEP processor 7.9','Open CASCADE 7.9'
  ,'Unknown');
FILE_SCHEMA(('AUTOMOTIVE_DESIGN { 1 0 10303 214 1 1 1 1 }'));
ENDSEC;
DATA;
#1 = APPLICATION_PROTOCOL_DEFINITION('international standard',
  'automotive_design',2000,#2);
#2 = APPLICATION_CONTEXT(
  'core data for automotive mechanical design processes');
#3 = SHAPE_DEFINITION_REPRESENTATION(#4,#10);
#4 = PRODUCT_DEFINITION_SHAPE('','',#5);
#5 = PRODUCT_DEFINITION('design','',#6,#9);
#6 = PRODUCT_DEFINITION_FORMATION('','',#7);
#7 = PRODUCT('Open CASCADE STEP translator 7.9 2',
  'Open CASCADE STEP translator 7.9 2','',(#8));
#8 = PRODUCT_CONTEXT('',#2,'mechanical');
#9 = PRODUCT_DEFINITION_CONTEXT('part definition',#2,'design');
#10 = ADVANCED_BREP_SHAPE_REPRESENTATION('',(#11,#15),#15016);
#11 = AXIS2_PLACEMENT_3D('',#12,#13,#14);
#12 = CARTESIAN_POINT('',(0.,0.,0.));
#13 = DIRECTION('',(0.,0.,1.));
#14 = DIRECTION('',(1.,0.,-0.));
#15 = MANIFOLD_SOLID_BREP('',#16);
#16 = CLOSED_SHELL('',(#17,#566,#642,#826,#875,#1026,#1075,#1123,#1271,
    #1417,#1466,#1514,#1562,#1710,#1856,#1906,#1953,#2099,#2251,#2300,
    #2327,#2682,#2759,#2813,#2884,#3260,#3311,#3366,#3414,#3493,#3612,
    #3643,#3650,#3735,#3824,#3878,#3980,#4107,#4134,#4140,#4195,#4249,
    #4295,#4418,#4425,#4452,#4576,#4904,#4931,#4938,#4993,#5069,#5118,
    #5168,#5216,#5265,#5315,#5365,#5392,#5481,#5508,#5578,#5654,#5679,
    #5705,#5731,#5738,#5929,#5982,#6992,#7105,#7112,#7219,#7349,#7397,
    #7496,#7523,#7548,#7619,#7738,#7788,#7837,#7885,#8001,#8050,#9104,
    #9115,#9122,#9128,#9235,#9348,#9403,#9458,#9513,#9589,#9638,#9688,
    #9736,#9785,#9835,#9885,#9912,#9967,#10043,#10092,#10142,#10190,
    #10239,#10289,#10339,#10366,#10495,#10595,#10644,#10692,#10742,
    #10791,#10841,#10890,#10918,#11110,#11160,#11304,#11331,#11338,
    #11344,#11398,#11455,#11482,#11541,#11595,#11649,#11703,#11757,
    #11811,#11865,#11919,#11973,#12027,#12081,#12135,#12189,#12243,
    #12297,#12351,#12405,#12459,#12513,#12567,#12621,#12675,#12729,
    #12783,#12837,#12891,#12945,#12999,#13053,#13107,#13114,#13306,
    #13356,#13500,#13527,#13566,#13605,#13644,#13893,#13932,#13943,
    #13982,#13987,#13998,#14025,#14052,#14079,#14106,#14113,#14230,
    #14276,#14302,#14329,#14336,#14343,#14370,#14425,#14480,#14556,
    #14606,#14655,#14705,#14754,#14803,#14851,#14879,#14934,#14989,
    #14993,#14997,#15008,#15012));
#17 = ADVANCED_FACE('',(#18),#33,.T.);
#18 = FACE_BOUND('',#19,.T.);
#19 = EDGE_LOOP('',(#20,#56,#84,#113,#141,#167,#193,#226,#252,#278,#311,
    #337,#370,#396,#422,#455,#481,#507,#540));
#20 = ORIENTED_EDGE('',*,*,#21,.T.);
#21 = EDGE_CURVE('',#22,#24,#26,.T.);
#22 = VERTEX_POINT('',#23);
#23 = CARTESIAN_POINT('',(53.5,-5.,0.44));
#24 = VERTEX_POINT('',#25);
#25 = CARTESIAN_POINT('',(64.5,6.,0.44));
#26 = SURFACE_CURVE('',#27,(#32,#44),.PCURVE_S1.);
#27 = CIRCLE('',#28,11.);
#28 = AXIS2_PLACEMENT_3D('',#29,#30,#31);
#29 = CARTESIAN_POINT('',(53.5,6.,0.44));
#30 = DIRECTION('',(0.,0.,1.));
#31 = DIRECTION('',(1.,0.,0.));
#32 = PCURVE('',#33,#38);
#33 = PLANE('',#34);
#34 = AXIS2_PLACEMENT_3D('',#35,#36,#37);
#35 = CARTESIAN_POINT('',(6.5,-5.,0.44));
#36 = DIRECTION('',(0.,0.,1.));
#37 = DIRECTION('',(1.,0.,0.));
#38 = DEFINITIONAL_REPRESENTATION('',(#39),#43);
#39 = CIRCLE('',#40,11.);
#40 = AXIS2_PLACEMENT_2D('',#41,#42);
#41 = CARTESIAN_POINT('',(47.,11.));
#42 = DIRECTION('',(1.,0.));
#43 = ( GEOMETRIC_REPRESENTATION_CONTEXT(2) 
PARAMETRIC_REPRESENTATION_CONTEXT() REPRESENTATION_CONTEXT('2D SPACE',''
  ) );
#44 = PCURVE('',#45,#50);
#45 = CYLINDRICAL_SURFACE('',#46,11.);
#46 = AXIS2_PLACEMENT_3D('',#47,#48,#49);
#47 = CARTESIAN_POINT('',(53.5,6.,-8.5));
#48 = DIRECTION('',(-0.,-0.,-1.));
#49 = DIRECTION('',(1.,0.,0.));
#50 = DEFINITIONAL_REPRESENTATION('',(#51),#55);
#51 = LINE('',#52,#53);
#52 = CARTESIAN_POINT('',(-0.,-8.94));
#53 = VECTOR('',#54,1.);
#54 = DIRECTION('',(-1.,0.));
#55 = ( GEOMETRIC_REPRESENTATION_CONTEXT(2) 
PARAMETRIC_REPRESENTATION_CONTEXT() REPRESENTATION_CONTEXT('2D SPACE',''
  ) );
#56 = ORIENTED_EDGE('',*,*,#57,.T.);
#57 = EDGE_CURVE('',#24,#58,#60,.T.);
#58 = VERTEX_POINT('',#59);
#59 = CARTESIAN_POINT('',(64.5,99.,0.44));
#60 = SURFACE_CURVE('',#61,(#65,#72),.PCURVE_S1.);
#61 = LINE('',#62,#63);
#62 = CARTESIAN_POINT('',(64.5,6.,0.44));
#63 = VECTOR('',#64,1.);
#64 = DIRECTION('',(0.,1.,0.));
#65 = PCURVE('',#33,#66);
#66 = DEFINITIONAL_REPRESENTATION('',(#67),#71);
#67 = LINE('',#68,#69);
#68 = CARTESIAN_POINT('',(58.,11.));
#69 = VECTOR('',#70,1.);
#70 = DIRECTION('',(0.,1.));
#71 = ( GEOMETRIC_REPRESENTATION_CONTEXT(2) 
PARAMETRIC_REPRESENTATION_CONTEXT() REPRESENTATION_CONTEXT('2D SPACE',''
  ) );
#72 = PCURVE('',#73,#78);
#73 = PLANE('',#74);
#74 = AXIS2_PLACEMENT_3D('',#75,#76,#77);
#75 = CARTESIAN_POINT('',(64.5,6.,-8.5));
#76 = DIRECTION('',(1.,0.,0.));
#77 = DIRECTION('',(0.,0.,1.));
#78 = DEFINITIONAL_REPRESENTATION('',(#79),#83);
#79 = LINE('',#80,#81);
#80 = CARTESIAN_POINT('',(8.94,0.));
#81 = VECTOR('',#82,1.);
#82 = DIRECTION('',(0.,-1.));
#83 = ( GEOMETRIC_REPRESENTATION_CONTEXT(2) 
PARAMETRIC_REPRESENTATION_CONTEXT() REPRESENTATION_CONTEXT('2D SPACE',''
  ) );
#84 = ORIENTED_EDGE('',*,*,#85,.T.);
#85 = EDGE_CURVE('',#58,#86,#88,.T.);
#86 = VERTEX_POINT('',#87);
#87 = CARTESIAN_POINT('',(53.5,110.,0.44));
#88 = SURFACE_CURVE('',#89,(#94,#101),.PCURVE_S1.);
#89 = CIRCLE('',#90,11.);
#90 = AXIS2_PLACEMENT_3D('',#91,#92,#93);
#91 = CARTESIAN_POINT('',(53.5,99.,0.44));
#92 = DIRECTION('',(0.,0.,1.));
#93 = DIRECTION('',(1.,0.,0.));
#94 = PCURVE('',#33,#95);
#95 = DEFINITIONAL_REPRESENTATION('',(#96),#100);
#96 = CIRCLE('',#97,11.);
#97 = AXIS2_PLACEMENT_2D('',#98,#99);
#98 = CARTESIAN_POINT('',(47.,104.));
#99 = DIRECTION('',(1.,0.));
#100 = ( GEOMETRIC_REPRESENTATION_CONTEXT(2) 
PARAMETRIC_REPRESENTATION_CONTEXT() REPRESENTATION_CONTEXT('2D SPACE',''
  ) );
#101 = PCURVE('',#102,#107);
#102 = CYLINDRICAL_SURFACE('',#103,11.);
#103 = AXIS2_PLACEMENT_3D('',#104,#105,#106);
#104 = CARTESIAN_POINT('',(53.5,99.,-8.5));
#105 = DIRECTION('',(-0.,-0.,-1.));
#106 = DIRECTION('',(1.,0.,0.));
#107 = DEFINITIONAL_REPRESENTATION('',(#108),#112);
#108 = LINE('',#109,#110);
#109 = CARTESIAN_POINT('',(-0.,-8.94));
#110 = VECTOR('',#111,1.);
#111 = DIRECTION('',(-1.,0.));
#112 = ( GEOMETRIC_REPRESENTATION_CONTEXT(2) 
PARAMETRIC_REPRESENTATION_CONTEXT() REPRESENTATION_CONTEXT('2D SPACE',''
  ) );
#113 = ORIENTED_EDGE('',*,*,#114,.F.);
#114 = EDGE_CURVE('',#115,#86,#117,.T.);
#115 = VERTEX_POINT('',#116);
#116 = CARTESIAN_POINT('',(46.065,110.,0.44));
#117 = SURFACE_CURVE('',#118,(#122,#129),.PCURVE_S1.);
#118 = LINE('',#119,#120);
#119 = CARTESIAN_POINT('',(6.5,110.,0.44));
#120 = VECTOR('',#121,1.);
#121 = DIRECTION('',(1.,0.,0.));
#122 = PCURVE('',#33,#123);
#123 = DEFINITIONAL_REPRESENTATION('',(#124),#128);
#124 = LINE('',#125,#126);
#125 = CARTESIAN_POINT('',(0.,115.));
#126 = VECTOR('',#127,1.);
#127 = DIRECTION('',(1.,0.));
#128 = ( GEOMETRIC_REPRESENTATION_CONTEXT(2) 
PARAMETRIC_REPRESENTATION_CONTEXT() REPRESENTATION_CONTEXT('2D SPACE',''
  ) );
#129 = PCURVE('',#130,#135);
#130 = PLANE('',#131);
#131 = AXIS2_PLACEMENT_3D('',#132,#133,#134);
#132 = CARTESIAN_POINT('',(6.5,110.,-8.5));
#133 = DIRECTION('',(0.,1.,0.));
#134 = DIRECTION('',(0.,0.,1.));
#135 = DEFINITIONAL_REPRESENTATION('',(#136),#140);
#136 = LINE('',#137,#138);
#137 = CARTESIAN_POINT('',(8.94,0.));
#138 = VECTOR('',#139,1.);
#139 = DIRECTION('',(0.,1.));
#140 = ( GEOMETRIC_REPRESENTATION_CONTEXT(2) 
PARAMETRIC_REPRESENTATION_CONTEXT() REPRESENTATION_CONTEXT('2D SPACE',''
  ) );
#141 = ORIENTED_EDGE('',*,*,#142,.F.);
#142 = EDGE_CURVE('',#143,#115,#145,.T.);
#143 = VERTEX_POINT('',#144);
#144 = CARTESIAN_POINT('',(46.065,108.025,0.44));
#145 = SURFACE_CURVE('',#146,(#150,#156),.PCURVE_S1.);
#146 = LINE('',#147,#148);
#147 = CARTESIAN_POINT('',(46.065,50.,0.44));
#148 = VECTOR('',#149,1.);
#149 = DIRECTION('',(0.,1.,0.));
#150 = PCURVE('',#33,#151);
#151 = DEFINITIONAL_REPRESENTATION('',(#152),#155);
#152 = B_SPLINE_CURVE_WITH_KNOTS('',1,(#153,#154),.UNSPECIFIED.,.F.,.F.,
  (2,2),(55.,60.),.PIECEWISE_BEZIER_KNOTS.);
#153 = CARTESIAN_POINT('',(39.565,110.));
#154 = CARTESIAN_POINT('',(39.565,115.));
#155 = ( GEOMETRIC_REPRESENTATION_CONTEXT(2) 
PARAMETRIC_REPRESENTATION_CONTEXT() REPRESENTATION_CONTEXT('2D SPACE',''
  ) );
#156 = PCURVE('',#157,#162);
#157 = PLANE('',#158);
#158 = AXIS2_PLACEMENT_3D('',#159,#160,#161);
#159 = CARTESIAN_POINT('',(46.065,105.,-1.1));
#160 = DIRECTION('',(1.,0.,0.));
#161 = DIRECTION('',(0.,0.,1.));
#162 = DEFINITIONAL_REPRESENTATION('',(#163),#166);
#163 = B_SPLINE_CURVE_WITH_KNOTS('',1,(#164,#165),.UNSPECIFIED.,.F.,.F.,
  (2,2),(55.,60.),.PIECEWISE_BEZIER_KNOTS.);
#164 = CARTESIAN_POINT('',(1.54,0.));
#165 = CARTESIAN_POINT('',(1.54,-5.));
#166 = ( GEOMETRIC_REPRESENTATION_CONTEXT(2) 
PARAMETRIC_REPRESENTATION_CONTEXT() REPRESENTATION_CONTEXT('2D SPACE',''
  ) );
#167 = ORIENTED_EDGE('',*,*,#168,.F.);
#168 = EDGE_CURVE('',#169,#143,#171,.T.);
#169 = VERTEX_POINT('',#170);
#170 = CARTESIAN_POINT('',(53.505,108.025,0.44));
#171 = SURFACE_CURVE('',#172,(#176,#182),.PCURVE_S1.);
#172 = LINE('',#173,#174);
#173 = CARTESIAN_POINT('',(6.4975,108.025,0.44));
#174 = VECTOR('',#175,1.);
#175 = DIRECTION('',(-1.,0.,0.));
#176 = PCURVE('',#33,#177);
#177 = DEFINITIONAL_REPRESENTATION('',(#178),#181);
#178 = B_SPLINE_CURVE_WITH_KNOTS('',1,(#179,#180),.UNSPECIFIED.,.F.,.F.,
  (2,2),(-47.0075,2.500000000003E-03),.PIECEWISE_BEZIER_KNOTS.);
#179 = CARTESIAN_POINT('',(47.005,113.025));
#180 = CARTESIAN_POINT('',(-5.000000000006E-03,113.025));
#181 = ( GEOMETRIC_REPRESENTATION_CONTEXT(2) 
PARAMETRIC_REPRESENTATION_CONTEXT() REPRESENTATION_CONTEXT('2D SPACE',''
  ) );
#182 = PCURVE('',#183,#188);
#183 = PLANE('',#184);
#184 = AXIS2_PLACEMENT_3D('',#185,#186,#187);
#185 = CARTESIAN_POINT('',(6.495,108.025,0.35));
#186 = DIRECTION('',(0.,1.,0.));
#187 = DIRECTION('',(0.,0.,1.));
#188 = DEFINITIONAL_REPRESENTATION('',(#189),#192);
#189 = B_SPLINE_CURVE_WITH_KNOTS('',1,(#190,#191),.UNSPECIFIED.,.F.,.F.,
  (2,2),(-47.0075,2.500000000003E-03),.PIECEWISE_BEZIER_KNOTS.);
#190 = CARTESIAN_POINT('',(9.E-02,47.01));
#191 = CARTESIAN_POINT('',(9.E-02,0.));
#192 = ( GEOMETRIC_REPRESENTATION_CONTEXT(2) 
PARAMETRIC_REPRESENTATION_CONTEXT() REPRESENTATION_CONTEXT('2D SPACE',''
  ) );
#193 = ORIENTED_EDGE('',*,*,#194,.T.);
#194 = EDGE_CURVE('',#169,#195,#197,.T.);
#195 = VERTEX_POINT('',#196);
#196 = CARTESIAN_POINT('',(59.96513738244,105.3,0.44));
#197 = SURFACE_CURVE('',#198,(#203,#214),.PCURVE_S1.);
#198 = CIRCLE('',#199,9.02);
#199 = AXIS2_PLACEMENT_3D('',#200,#201,#202);
#200 = CARTESIAN_POINT('',(53.505,99.005,0.44));
#201 = DIRECTION('',(0.,0.,-1.));
#202 = DIRECTION('',(1.,0.,0.));
#203 = PCURVE('',#33,#204);
#204 = DEFINITIONAL_REPRESENTATION('',(#205),#213);
#205 = ( BOUNDED_CURVE() B_SPLINE_CURVE(2,(#206,#207,#208,#209,#210,#211
,#212),.UNSPECIFIED.,.T.,.F.) B_SPLINE_CURVE_WITH_KNOTS((1,2,2,2,2,1),(
    -2.094395102393,0.,2.094395102393,4.188790204786,6.28318530718,
8.377580409573),.UNSPECIFIED.) CURVE() GEOMETRIC_REPRESENTATION_ITEM() 
RATIONAL_B_SPLINE_CURVE((1.,0.5,1.,0.5,1.,0.5,1.)) REPRESENTATION_ITEM(
  '') );
#206 = CARTESIAN_POINT('',(56.025,104.005));
#207 = CARTESIAN_POINT('',(56.025,88.381901715729));
#208 = CARTESIAN_POINT('',(42.495,96.193450857864));
#209 = CARTESIAN_POINT('',(28.965,104.005));
#210 = CARTESIAN_POINT('',(42.495,111.81654914213));
#211 = CARTESIAN_POINT('',(56.025,119.62809828427));
#212 = CARTESIAN_POINT('',(56.025,104.005));
#213 = ( GEOMETRIC_REPRESENTATION_CONTEXT(2) 
PARAMETRIC_REPRESENTATION_CONTEXT() REPRESENTATION_CONTEXT('2D SPACE',''
  ) );
#214 = PCURVE('',#215,#220);
#215 = CYLINDRICAL_SURFACE('',#216,9.02);
#216 = AXIS2_PLACEMENT_3D('',#217,#218,#219);
#217 = CARTESIAN_POINT('',(53.505,99.005,0.35));
#218 = DIRECTION('',(-0.,-0.,-1.));
#219 = DIRECTION('',(1.,0.,0.));
#220 = DEFINITIONAL_REPRESENTATION('',(#221),#225);
#221 = LINE('',#222,#223);
#222 = CARTESIAN_POINT('',(-6.28318530718,-9.E-02));
#223 = VECTOR('',#224,1.);
#224 = DIRECTION('',(1.,-0.));
#225 = ( GEOMETRIC_REPRESENTATION_CONTEXT(2) 
PARAMETRIC_REPRESENTATION_CONTEXT() REPRESENTATION_CONTEXT('2D SPACE',''
  ) );
#226 = ORIENTED_EDGE('',*,*,#227,.F.);
#227 = EDGE_CURVE('',#228,#195,#230,.T.);
#228 = VERTEX_POINT('',#229);
#229 = CARTESIAN_POINT('',(60.3,105.3,0.44));
#230 = SURFACE_CURVE('',#231,(#235,#241),.PCURVE_S1.);
#231 = LINE('',#232,#233);
#232 = CARTESIAN_POINT('',(3.1,105.3,0.44));
#233 = VECTOR('',#234,1.);
#234 = DIRECTION('',(-1.,0.,0.));
#235 = PCURVE('',#33,#236);
#236 = DEFINITIONAL_REPRESENTATION('',(#237),#240);
#237 = B_SPLINE_CURVE_WITH_KNOTS('',1,(#238,#239),.UNSPECIFIED.,.F.,.F.,
  (2,2),(-57.2,3.4),.PIECEWISE_BEZIER_KNOTS.);
#238 = CARTESIAN_POINT('',(53.8,110.3));
#239 = CARTESIAN_POINT('',(-6.8,110.3));
#240 = ( GEOMETRIC_REPRESENTATION_CONTEXT(2) 
PARAMETRIC_REPRESENTATION_CONTEXT() REPRESENTATION_CONTEXT('2D SPACE',''
  ) );
#241 = PCURVE('',#242,#247);
#242 = PLANE('',#243);
#243 = AXIS2_PLACEMENT_3D('',#244,#245,#246);
#244 = CARTESIAN_POINT('',(-0.3,105.3,5.E-02));
#245 = DIRECTION('',(0.,1.,0.));
#246 = DIRECTION('',(0.,0.,1.));
#247 = DEFINITIONAL_REPRESENTATION('',(#248),#251);
#248 = B_SPLINE_CURVE_WITH_KNOTS('',1,(#249,#250),.UNSPECIFIED.,.F.,.F.,
  (2,2),(-57.2,3.4),.PIECEWISE_BEZIER_KNOTS.);
#249 = CARTESIAN_POINT('',(0.39,60.6));
#250 = CARTESIAN_POINT('',(0.39,0.));
#251 = ( GEOMETRIC_REPRESENTATION_CONTEXT(2) 
PARAMETRIC_REPRESENTATION_CONTEXT() REPRESENTATION_CONTEXT('2D SPACE',''
  ) );
#252 = ORIENTED_EDGE('',*,*,#253,.F.);
#253 = EDGE_CURVE('',#254,#228,#256,.T.);
#254 = VERTEX_POINT('',#255);
#255 = CARTESIAN_POINT('',(60.3,104.9369790121,0.44));
#256 = SURFACE_CURVE('',#257,(#261,#267),.PCURVE_S1.);
#257 = LINE('',#258,#259);
#258 = CARTESIAN_POINT('',(60.3,-2.65,0.44));
#259 = VECTOR('',#260,1.);
#260 = DIRECTION('',(0.,1.,0.));
#261 = PCURVE('',#33,#262);
#262 = DEFINITIONAL_REPRESENTATION('',(#263),#266);
#263 = B_SPLINE_CURVE_WITH_KNOTS('',1,(#264,#265),.UNSPECIFIED.,.F.,.F.,
  (2,2),(2.35,107.95),.PIECEWISE_BEZIER_KNOTS.);
#264 = CARTESIAN_POINT('',(53.8,4.7));
#265 = CARTESIAN_POINT('',(53.8,110.3));
#266 = ( GEOMETRIC_REPRESENTATION_CONTEXT(2) 
PARAMETRIC_REPRESENTATION_CONTEXT() REPRESENTATION_CONTEXT('2D SPACE',''
  ) );
#267 = PCURVE('',#268,#273);
#268 = PLANE('',#269);
#269 = AXIS2_PLACEMENT_3D('',#270,#271,#272);
#270 = CARTESIAN_POINT('',(60.3,-0.3,5.E-02));
#271 = DIRECTION('',(1.,0.,0.));
#272 = DIRECTION('',(0.,0.,1.));
#273 = DEFINITIONAL_REPRESENTATION('',(#274),#277);
#274 = B_SPLINE_CURVE_WITH_KNOTS('',1,(#275,#276),.UNSPECIFIED.,.F.,.F.,
  (2,2),(2.35,107.95),.PIECEWISE_BEZIER_KNOTS.);
#275 = CARTESIAN_POINT('',(0.39,0.));
#276 = CARTESIAN_POINT('',(0.39,-105.6));
#277 = ( GEOMETRIC_REPRESENTATION_CONTEXT(2) 
PARAMETRIC_REPRESENTATION_CONTEXT() REPRESENTATION_CONTEXT('2D SPACE',''
  ) );
#278 = ORIENTED_EDGE('',*,*,#279,.T.);
#279 = EDGE_CURVE('',#254,#280,#282,.T.);
#280 = VERTEX_POINT('',#281);
#281 = CARTESIAN_POINT('',(62.525,99.005,0.44));
#282 = SURFACE_CURVE('',#283,(#288,#299),.PCURVE_S1.);
#283 = CIRCLE('',#284,9.02);
#284 = AXIS2_PLACEMENT_3D('',#285,#286,#287);
#285 = CARTESIAN_POINT('',(53.505,99.005,0.44));
#286 = DIRECTION('',(0.,0.,-1.));
#287 = DIRECTION('',(1.,0.,0.));
#288 = PCURVE('',#33,#289);
#289 = DEFINITIONAL_REPRESENTATION('',(#290),#298);
#290 = ( BOUNDED_CURVE() B_SPLINE_CURVE(2,(#291,#292,#293,#294,#295,#296
,#297),.UNSPECIFIED.,.T.,.F.) B_SPLINE_CURVE_WITH_KNOTS((1,2,2,2,2,1),(
    -2.094395102393,0.,2.094395102393,4.188790204786,6.28318530718,
8.377580409573),.UNSPECIFIED.) CURVE() GEOMETRIC_REPRESENTATION_ITEM() 
RATIONAL_B_SPLINE_CURVE((1.,0.5,1.,0.5,1.,0.5,1.)) REPRESENTATION_ITEM(
  '') );
#291 = CARTESIAN_POINT('',(56.025,104.005));
#292 = CARTESIAN_POINT('',(56.025,88.381901715729));
#293 = CARTESIAN_POINT('',(42.495,96.193450857864));
#294 = CARTESIAN_POINT('',(28.965,104.005));
#295 = CARTESIAN_POINT('',(42.495,111.81654914213));
#296 = CARTESIAN_POINT('',(56.025,119.62809828427));
#297 = CARTESIAN_POINT('',(56.025,104.005));
#298 = ( GEOMETRIC_REPRESENTATION_CONTEXT(2) 
PARAMETRIC_REPRESENTATION_CONTEXT() REPRESENTATION_CONTEXT('2D SPACE',''
  ) );
#299 = PCURVE('',#300,#305);
#300 = CYLINDRICAL_SURFACE('',#301,9.02);
#301 = AXIS2_PLACEMENT_3D('',#302,#303,#304);
#302 = CARTESIAN_POINT('',(53.505,99.005,0.35));
#303 = DIRECTION('',(-0.,-0.,-1.));
#304 = DIRECTION('',(1.,0.,0.));
#305 = DEFINITIONAL_REPRESENTATION('',(#306),#310);
#306 = LINE('',#307,#308);
#307 = CARTESIAN_POINT('',(-6.28318530718,-9.E-02));
#308 = VECTOR('',#309,1.);
#309 = DIRECTION('',(1.,-0.));
#310 = ( GEOMETRIC_REPRESENTATION_CONTEXT(2) 
PARAMETRIC_REPRESENTATION_CONTEXT() REPRESENTATION_CONTEXT('2D SPACE',''
  ) );
#311 = ORIENTED_EDGE('',*,*,#312,.F.);
#312 = EDGE_CURVE('',#313,#280,#315,.T.);
#313 = VERTEX_POINT('',#314);
#314 = CARTESIAN_POINT('',(62.525,5.995,0.44));
#315 = SURFACE_CURVE('',#316,(#320,#326),.PCURVE_S1.);
#316 = LINE('',#317,#318);
#317 = CARTESIAN_POINT('',(62.525,0.4975,0.44));
#318 = VECTOR('',#319,1.);
#319 = DIRECTION('',(0.,1.,0.));
#320 = PCURVE('',#33,#321);
#321 = DEFINITIONAL_REPRESENTATION('',(#322),#325);
#322 = B_SPLINE_CURVE_WITH_KNOTS('',1,(#323,#324),.UNSPECIFIED.,.F.,.F.,
  (2,2),(5.4975,98.5075),.PIECEWISE_BEZIER_KNOTS.);
#323 = CARTESIAN_POINT('',(56.025,10.995));
#324 = CARTESIAN_POINT('',(56.025,104.005));
#325 = ( GEOMETRIC_REPRESENTATION_CONTEXT(2) 
PARAMETRIC_REPRESENTATION_CONTEXT() REPRESENTATION_CONTEXT('2D SPACE',''
  ) );
#326 = PCURVE('',#327,#332);
#327 = PLANE('',#328);
#328 = AXIS2_PLACEMENT_3D('',#329,#330,#331);
#329 = CARTESIAN_POINT('',(62.525,5.995,0.35));
#330 = DIRECTION('',(1.,0.,0.));
#331 = DIRECTION('',(0.,0.,1.));
#332 = DEFINITIONAL_REPRESENTATION('',(#333),#336);
#333 = B_SPLINE_CURVE_WITH_KNOTS('',1,(#334,#335),.UNSPECIFIED.,.F.,.F.,
  (2,2),(5.4975,98.5075),.PIECEWISE_BEZIER_KNOTS.);
#334 = CARTESIAN_POINT('',(9.E-02,0.));
#335 = CARTESIAN_POINT('',(9.E-02,-93.01));
#336 = ( GEOMETRIC_REPRESENTATION_CONTEXT(2) 
PARAMETRIC_REPRESENTATION_CONTEXT() REPRESENTATION_CONTEXT('2D SPACE',''
  ) );
#337 = ORIENTED_EDGE('',*,*,#338,.T.);
#338 = EDGE_CURVE('',#313,#339,#341,.T.);
#339 = VERTEX_POINT('',#340);
#340 = CARTESIAN_POINT('',(60.3,6.302098789955E-02,0.44));
#341 = SURFACE_CURVE('',#342,(#347,#358),.PCURVE_S1.);
#342 = CIRCLE('',#343,9.02);
#343 = AXIS2_PLACEMENT_3D('',#344,#345,#346);
#344 = CARTESIAN_POINT('',(53.505,5.995,0.44));
#345 = DIRECTION('',(0.,0.,-1.));
#346 = DIRECTION('',(1.,0.,0.));
#347 = PCURVE('',#33,#348);
#348 = DEFINITIONAL_REPRESENTATION('',(#349),#357);
#349 = ( BOUNDED_CURVE() B_SPLINE_CURVE(2,(#350,#351,#352,#353,#354,#355
,#356),.UNSPECIFIED.,.T.,.F.) B_SPLINE_CURVE_WITH_KNOTS((1,2,2,2,2,1),(
    -2.094395102393,0.,2.094395102393,4.188790204786,6.28318530718,
8.377580409573),.UNSPECIFIED.) CURVE() GEOMETRIC_REPRESENTATION_ITEM() 
RATIONAL_B_SPLINE_CURVE((1.,0.5,1.,0.5,1.,0.5,1.)) REPRESENTATION_ITEM(
  '') );
#350 = CARTESIAN_POINT('',(56.025,10.995));
#351 = CARTESIAN_POINT('',(56.025,-4.628098284271));
#352 = CARTESIAN_POINT('',(42.495,3.183450857864));
#353 = CARTESIAN_POINT('',(28.965,10.995));
#354 = CARTESIAN_POINT('',(42.495,18.806549142136));
#355 = CARTESIAN_POINT('',(56.025,26.618098284271));
#356 = CARTESIAN_POINT('',(56.025,10.995));
#357 = ( GEOMETRIC_REPRESENTATION_CONTEXT(2) 
PARAMETRIC_REPRESENTATION_CONTEXT() REPRESENTATION_CONTEXT('2D SPACE',''
  ) );
#358 = PCURVE('',#359,#364);
#359 = CYLINDRICAL_SURFACE('',#360,9.02);
#360 = AXIS2_PLACEMENT_3D('',#361,#362,#363);
#361 = CARTESIAN_POINT('',(53.505,5.995,0.35));
#362 = DIRECTION('',(-0.,-0.,-1.));
#363 = DIRECTION('',(1.,0.,0.));
#364 = DEFINITIONAL_REPRESENTATION('',(#365),#369);
#365 = LINE('',#366,#367);
#366 = CARTESIAN_POINT('',(-6.28318530718,-9.E-02));
#367 = VECTOR('',#368,1.);
#368 = DIRECTION('',(1.,-0.));
#369 = ( GEOMETRIC_REPRESENTATION_CONTEXT(2) 
PARAMETRIC_REPRESENTATION_CONTEXT() REPRESENTATION_CONTEXT('2D SPACE',''
  ) );
#370 = ORIENTED_EDGE('',*,*,#371,.F.);
#371 = EDGE_CURVE('',#372,#339,#374,.T.);
#372 = VERTEX_POINT('',#373);
#373 = CARTESIAN_POINT('',(60.3,-0.3,0.44));
#374 = SURFACE_CURVE('',#375,(#379,#385),.PCURVE_S1.);
#375 = LINE('',#376,#377);
#376 = CARTESIAN_POINT('',(60.3,-2.65,0.44));
#377 = VECTOR('',#378,1.);
#378 = DIRECTION('',(0.,1.,0.));
#379 = PCURVE('',#33,#380);
#380 = DEFINITIONAL_REPRESENTATION('',(#381),#384);
#381 = B_SPLINE_CURVE_WITH_KNOTS('',1,(#382,#383),.UNSPECIFIED.,.F.,.F.,
  (2,2),(2.35,107.95),.PIECEWISE_BEZIER_KNOTS.);
#382 = CARTESIAN_POINT('',(53.8,4.7));
#383 = CARTESIAN_POINT('',(53.8,110.3));
#384 = ( GEOMETRIC_REPRESENTATION_CONTEXT(2) 
PARAMETRIC_REPRESENTATION_CONTEXT() REPRESENTATION_CONTEXT('2D SPACE',''
  ) );
#385 = PCURVE('',#386,#391);
#386 = PLANE('',#387);
#387 = AXIS2_PLACEMENT_3D('',#388,#389,#390);
#388 = CARTESIAN_POINT('',(60.3,-0.3,5.E-02));
#389 = DIRECTION('',(1.,0.,0.));
#390 = DIRECTION('',(0.,0.,1.));
#391 = DEFINITIONAL_REPRESENTATION('',(#392),#395);
#392 = B_SPLINE_CURVE_WITH_KNOTS('',1,(#393,#394),.UNSPECIFIED.,.F.,.F.,
  (2,2),(2.35,107.95),.PIECEWISE_BEZIER_KNOTS.);
#393 = CARTESIAN_POINT('',(0.39,0.));
#394 = CARTESIAN_POINT('',(0.39,-105.6));
#395 = ( GEOMETRIC_REPRESENTATION_CONTEXT(2) 
PARAMETRIC_REPRESENTATION_CONTEXT() REPRESENTATION_CONTEXT('2D SPACE',''
  ) );
#396 = ORIENTED_EDGE('',*,*,#397,.T.);
#397 = EDGE_CURVE('',#372,#398,#400,.T.);
#398 = VERTEX_POINT('',#399);
#399 = CARTESIAN_POINT('',(59.96513738244,-0.3,0.44));
#400 = SURFACE_CURVE('',#401,(#405,#411),.PCURVE_S1.);
#401 = LINE('',#402,#403);
#402 = CARTESIAN_POINT('',(3.1,-0.3,0.44));
#403 = VECTOR('',#404,1.);
#404 = DIRECTION('',(-1.,0.,0.));
#405 = PCURVE('',#33,#406);
#406 = DEFINITIONAL_REPRESENTATION('',(#407),#410);
#407 = B_SPLINE_CURVE_WITH_KNOTS('',1,(#408,#409),.UNSPECIFIED.,.F.,.F.,
  (2,2),(-57.2,3.4),.PIECEWISE_BEZIER_KNOTS.);
#408 = CARTESIAN_POINT('',(53.8,4.7));
#409 = CARTESIAN_POINT('',(-6.8,4.7));
#410 = ( GEOMETRIC_REPRESENTATION_CONTEXT(2) 
PARAMETRIC_REPRESENTATION_CONTEXT() REPRESENTATION_CONTEXT('2D SPACE',''
  ) );
#411 = PCURVE('',#412,#417);
#412 = PLANE('',#413);
#413 = AXIS2_PLACEMENT_3D('',#414,#415,#416);
#414 = CARTESIAN_POINT('',(-0.3,-0.3,5.E-02));
#415 = DIRECTION('',(0.,1.,0.));
#416 = DIRECTION('',(0.,0.,1.));
#417 = DEFINITIONAL_REPRESENTATION('',(#418),#421);
#418 = B_SPLINE_CURVE_WITH_KNOTS('',1,(#419,#420),.UNSPECIFIED.,.F.,.F.,
  (2,2),(-57.2,3.4),.PIECEWISE_BEZIER_KNOTS.);
#419 = CARTESIAN_POINT('',(0.39,60.6));
#420 = CARTESIAN_POINT('',(0.39,0.));
#421 = ( GEOMETRIC_REPRESENTATION_CONTEXT(2) 
PARAMETRIC_REPRESENTATION_CONTEXT() REPRESENTATION_CONTEXT('2D SPACE',''
  ) );
#422 = ORIENTED_EDGE('',*,*,#423,.T.);
#423 = EDGE_CURVE('',#398,#424,#426,.T.);
#424 = VERTEX_POINT('',#425);
#425 = CARTESIAN_POINT('',(53.505,-3.025,0.44));
#426 = SURFACE_CURVE('',#427,(#432,#443),.PCURVE_S1.);
#427 = CIRCLE('',#428,9.02);
#428 = AXIS2_PLACEMENT_3D('',#429,#430,#431);
#429 = CARTESIAN_POINT('',(53.505,5.995,0.44));
#430 = DIRECTION('',(0.,0.,-1.));
#431 = DIRECTION('',(1.,0.,0.));
#432 = PCURVE('',#33,#433);
#433 = DEFINITIONAL_REPRESENTATION('',(#434),#442);
#434 = ( BOUNDED_CURVE() B_SPLINE_CURVE(2,(#435,#436,#437,#438,#439,#440
,#441),.UNSPECIFIED.,.T.,.F.) B_SPLINE_CURVE_WITH_KNOTS((1,2,2,2,2,1),(
    -2.094395102393,0.,2.094395102393,4.188790204786,6.28318530718,
8.377580409573),.UNSPECIFIED.) CURVE() GEOMETRIC_REPRESENTATION_ITEM() 
RATIONAL_B_SPLINE_CURVE((1.,0.5,1.,0.5,1.,0.5,1.)) REPRESENTATION_ITEM(
  '') );
#435 = CARTESIAN_POINT('',(56.025,10.995));
#436 = CARTESIAN_POINT('',(56.025,-4.628098284271));
#437 = CARTESIAN_POINT('',(42.495,3.183450857864));
#438 = CARTESIAN_POINT('',(28.965,10.995));
#439 = CARTESIAN_POINT('',(42.495,18.806549142136));
#440 = CARTESIAN_POINT('',(56.025,26.618098284271));
#441 = CARTESIAN_POINT('',(56.025,10.995));
#442 = ( GEOMETRIC_REPRESENTATION_CONTEXT(2) 
PARAMETRIC_REPRESENTATION_CONTEXT() REPRESENTATION_CONTEXT('2D SPACE',''
  ) );
#443 = PCURVE('',#444,#449);
#444 = CYLINDRICAL_SURFACE('',#445,9.02);
#445 = AXIS2_PLACEMENT_3D('',#446,#447,#448);
#446 = CARTESIAN_POINT('',(53.505,5.995,0.35));
#447 = DIRECTION('',(-0.,-0.,-1.));
#448 = DIRECTION('',(1.,0.,0.));
#449 = DEFINITIONAL_REPRESENTATION('',(#450),#454);
#450 = LINE('',#451,#452);
#451 = CARTESIAN_POINT('',(-6.28318530718,-9.E-02));
#452 = VECTOR('',#453,1.);
#453 = DIRECTION('',(1.,-0.));
#454 = ( GEOMETRIC_REPRESENTATION_CONTEXT(2) 
PARAMETRIC_REPRESENTATION_CONTEXT() REPRESENTATION_CONTEXT('2D SPACE',''
  ) );
#455 = ORIENTED_EDGE('',*,*,#456,.T.);
#456 = EDGE_CURVE('',#424,#457,#459,.T.);
#457 = VERTEX_POINT('',#458);
#458 = CARTESIAN_POINT('',(25.39,-3.025,0.44));
#459 = SURFACE_CURVE('',#460,(#464,#470),.PCURVE_S1.);
#460 = LINE('',#461,#462);
#461 = CARTESIAN_POINT('',(6.4975,-3.025,0.44));
#462 = VECTOR('',#463,1.);
#463 = DIRECTION('',(-1.,0.,0.));
#464 = PCURVE('',#33,#465);
#465 = DEFINITIONAL_REPRESENTATION('',(#466),#469);
#466 = B_SPLINE_CURVE_WITH_KNOTS('',1,(#467,#468),.UNSPECIFIED.,.F.,.F.,
  (2,2),(-47.0075,2.500000000003E-03),.PIECEWISE_BEZIER_KNOTS.);
#467 = CARTESIAN_POINT('',(47.005,1.975));
#468 = CARTESIAN_POINT('',(-5.000000000006E-03,1.975));
#469 = ( GEOMETRIC_REPRESENTATION_CONTEXT(2) 
PARAMETRIC_REPRESENTATION_CONTEXT() REPRESENTATION_CONTEXT('2D SPACE',''
  ) );
#470 = PCURVE('',#471,#476);
#471 = PLANE('',#472);
#472 = AXIS2_PLACEMENT_3D('',#473,#474,#475);
#473 = CARTESIAN_POINT('',(6.495,-3.025,0.35));
#474 = DIRECTION('',(0.,1.,0.));
#475 = DIRECTION('',(0.,0.,1.));
#476 = DEFINITIONAL_REPRESENTATION('',(#477),#480);
#477 = B_SPLINE_CURVE_WITH_KNOTS('',1,(#478,#479),.UNSPECIFIED.,.F.,.F.,
  (2,2),(-47.0075,2.500000000003E-03),.PIECEWISE_BEZIER_KNOTS.);
#478 = CARTESIAN_POINT('',(9.E-02,47.01));
#479 = CARTESIAN_POINT('',(9.E-02,0.));
#480 = ( GEOMETRIC_REPRESENTATION_CONTEXT(2) 
PARAMETRIC_REPRESENTATION_CONTEXT() REPRESENTATION_CONTEXT('2D SPACE',''
  ) );
#481 = ORIENTED_EDGE('',*,*,#482,.F.);
#482 = EDGE_CURVE('',#483,#457,#485,.T.);
#483 = VERTEX_POINT('',#484);
#484 = CARTESIAN_POINT('',(25.39,-4.85,0.44));
#485 = SURFACE_CURVE('',#486,(#490,#496),.PCURVE_S1.);
#486 = LINE('',#487,#488);
#487 = CARTESIAN_POINT('',(25.39,-4.925,0.44));
#488 = VECTOR('',#489,1.);
#489 = DIRECTION('',(0.,1.,0.));
#490 = PCURVE('',#33,#491);
#491 = DEFINITIONAL_REPRESENTATION('',(#492),#495);
#492 = B_SPLINE_CURVE_WITH_KNOTS('',1,(#493,#494),.UNSPECIFIED.,.F.,.F.,
  (2,2),(7.5E-02,4.975),.PIECEWISE_BEZIER_KNOTS.);
#493 = CARTESIAN_POINT('',(18.89,0.15));
#494 = CARTESIAN_POINT('',(18.89,5.05));
#495 = ( GEOMETRIC_REPRESENTATION_CONTEXT(2) 
PARAMETRIC_REPRESENTATION_CONTEXT() REPRESENTATION_CONTEXT('2D SPACE',''
  ) );
#496 = PCURVE('',#497,#502);
#497 = PLANE('',#498);
#498 = AXIS2_PLACEMENT_3D('',#499,#500,#501);
#499 = CARTESIAN_POINT('',(25.39,-4.85,-1.3));
#500 = DIRECTION('',(1.,0.,0.));
#501 = DIRECTION('',(0.,0.,1.));
#502 = DEFINITIONAL_REPRESENTATION('',(#503),#506);
#503 = B_SPLINE_CURVE_WITH_KNOTS('',1,(#504,#505),.UNSPECIFIED.,.F.,.F.,
  (2,2),(7.5E-02,4.975),.PIECEWISE_BEZIER_KNOTS.);
#504 = CARTESIAN_POINT('',(1.74,0.));
#505 = CARTESIAN_POINT('',(1.74,-4.9));
#506 = ( GEOMETRIC_REPRESENTATION_CONTEXT(2) 
PARAMETRIC_REPRESENTATION_CONTEXT() REPRESENTATION_CONTEXT('2D SPACE',''
  ) );
#507 = ORIENTED_EDGE('',*,*,#508,.T.);
#508 = EDGE_CURVE('',#483,#509,#511,.T.);
#509 = VERTEX_POINT('',#510);
#510 = CARTESIAN_POINT('',(25.383739111465,-5.,0.44));
#511 = SURFACE_CURVE('',#512,(#517,#528),.PCURVE_S1.);
#512 = CIRCLE('',#513,1.8);
#513 = AXIS2_PLACEMENT_3D('',#514,#515,#516);
#514 = CARTESIAN_POINT('',(23.59,-4.85,0.44));
#515 = DIRECTION('',(0.,0.,-1.));
#516 = DIRECTION('',(1.,0.,0.));
#517 = PCURVE('',#33,#518);
#518 = DEFINITIONAL_REPRESENTATION('',(#519),#527);
#519 = ( BOUNDED_CURVE() B_SPLINE_CURVE(2,(#520,#521,#522,#523,#524,#525
,#526),.UNSPECIFIED.,.T.,.F.) B_SPLINE_CURVE_WITH_KNOTS((1,2,2,2,2,1),(
    -2.094395102393,0.,2.094395102393,4.188790204786,6.28318530718,
8.377580409573),.UNSPECIFIED.) CURVE() GEOMETRIC_REPRESENTATION_ITEM() 
RATIONAL_B_SPLINE_CURVE((1.,0.5,1.,0.5,1.,0.5,1.)) REPRESENTATION_ITEM(
  '') );
#520 = CARTESIAN_POINT('',(18.89,0.15));
#521 = CARTESIAN_POINT('',(18.89,-2.967691453624));
#522 = CARTESIAN_POINT('',(16.19,-1.408845726812));
#523 = CARTESIAN_POINT('',(13.49,0.15));
#524 = CARTESIAN_POINT('',(16.19,1.708845726812));
#525 = CARTESIAN_POINT('',(18.89,3.267691453624));
#526 = CARTESIAN_POINT('',(18.89,0.15));
#527 = ( GEOMETRIC_REPRESENTATION_CONTEXT(2) 
PARAMETRIC_REPRESENTATION_CONTEXT() REPRESENTATION_CONTEXT('2D SPACE',''
  ) );
#528 = PCURVE('',#529,#534);
#529 = CYLINDRICAL_SURFACE('',#530,1.8);
#530 = AXIS2_PLACEMENT_3D('',#531,#532,#533);
#531 = CARTESIAN_POINT('',(23.59,-4.85,-1.3));
#532 = DIRECTION('',(-0.,-0.,-1.));
#533 = DIRECTION('',(1.,0.,0.));
#534 = DEFINITIONAL_REPRESENTATION('',(#535),#539);
#535 = LINE('',#536,#537);
#536 = CARTESIAN_POINT('',(-6.28318530718,-1.74));
#537 = VECTOR('',#538,1.);
#538 = DIRECTION('',(1.,-0.));
#539 = ( GEOMETRIC_REPRESENTATION_CONTEXT(2) 
PARAMETRIC_REPRESENTATION_CONTEXT() REPRESENTATION_CONTEXT('2D SPACE',''
  ) );
#540 = ORIENTED_EDGE('',*,*,#541,.T.);
#541 = EDGE_CURVE('',#509,#22,#542,.T.);
#542 = SURFACE_CURVE('',#543,(#547,#554),.PCURVE_S1.);
#543 = LINE('',#544,#545);
#544 = CARTESIAN_POINT('',(6.5,-5.,0.44));
#545 = VECTOR('',#546,1.);
#546 = DIRECTION('',(1.,0.,0.));
#547 = PCURVE('',#33,#548);
#548 = DEFINITIONAL_REPRESENTATION('',(#549),#553);
#549 = LINE('',#550,#551);
#550 = CARTESIAN_POINT('',(0.,0.));
#551 = VECTOR('',#552,1.);
#552 = DIRECTION('',(1.,0.));
#553 = ( GEOMETRIC_REPRESENTATION_CONTEXT(2) 
PARAMETRIC_REPRESENTATION_CONTEXT() REPRESENTATION_CONTEXT('2D SPACE',''
  ) );
#554 = PCURVE('',#555,#560);
#555 = PLANE('',#556);
#556 = AXIS2_PLACEMENT_3D('',#557,#558,#559);
#557 = CARTESIAN_POINT('',(6.5,-5.,-8.5));
#558 = DIRECTION('',(0.,1.,0.));
#559 = DIRECTION('',(0.,0.,1.));
#560 = DEFINITIONAL_REPRESENTATION('',(#561),#565);
#561 = LINE('',#562,#563);
#562 = CARTESIAN_POINT('',(8.94,0.));
#563 = VECTOR('',#564,1.);
#564 = DIRECTION('',(0.,1.));
#565 = ( GEOMETRIC_REPRESENTATION_CONTEXT(2) 
PARAMETRIC_REPRESENTATION_CONTEXT() REPRESENTATION_CONTEXT('2D SPACE',''
  ) );
#566 = ADVANCED_FACE('',(#567),#45,.T.);
#567 = FACE_BOUND('',#568,.F.);
#568 = EDGE_LOOP('',(#569,#591,#620,#641));
#569 = ORIENTED_EDGE('',*,*,#570,.F.);
#570 = EDGE_CURVE('',#571,#24,#573,.T.);
#571 = VERTEX_POINT('',#572);
#572 = CARTESIAN_POINT('',(64.5,6.,-8.5));
#573 = SURFACE_CURVE('',#574,(#578,#584),.PCURVE_S1.);
#574 = LINE('',#575,#576);
#575 = CARTESIAN_POINT('',(64.5,6.,-8.5));
#576 = VECTOR('',#577,1.);
#577 = DIRECTION('',(0.,0.,1.));
#578 = PCURVE('',#45,#579);
#579 = DEFINITIONAL_REPRESENTATION('',(#580),#583);
#580 = B_SPLINE_CURVE_WITH_KNOTS('',1,(#581,#582),.UNSPECIFIED.,.F.,.F.,
  (2,2),(0.,8.94),.PIECEWISE_BEZIER_KNOTS.);
#581 = CARTESIAN_POINT('',(-6.28318530718,0.));
#582 = CARTESIAN_POINT('',(-6.28318530718,-8.94));
#583 = ( GEOMETRIC_REPRESENTATION_CONTEXT(2) 
PARAMETRIC_REPRESENTATION_CONTEXT() REPRESENTATION_CONTEXT('2D SPACE',''
  ) );
#584 = PCURVE('',#73,#585);
#585 = DEFINITIONAL_REPRESENTATION('',(#586),#590);
#586 = LINE('',#587,#588);
#587 = CARTESIAN_POINT('',(0.,0.));
#588 = VECTOR('',#589,1.);
#589 = DIRECTION('',(1.,0.));
#590 = ( GEOMETRIC_REPRESENTATION_CONTEXT(2) 
PARAMETRIC_REPRESENTATION_CONTEXT() REPRESENTATION_CONTEXT('2D SPACE',''
  ) );
#591 = ORIENTED_EDGE('',*,*,#592,.F.);
#592 = EDGE_CURVE('',#593,#571,#595,.T.);
#593 = VERTEX_POINT('',#594);
#594 = CARTESIAN_POINT('',(53.5,-5.,-8.5));
#595 = SURFACE_CURVE('',#596,(#601,#608),.PCURVE_S1.);
#596 = CIRCLE('',#597,11.);
#597 = AXIS2_PLACEMENT_3D('',#598,#599,#600);
#598 = CARTESIAN_POINT('',(53.5,6.,-8.5));
#599 = DIRECTION('',(0.,0.,1.));
#600 = DIRECTION('',(1.,0.,0.));
#601 = PCURVE('',#45,#602);
#602 = DEFINITIONAL_REPRESENTATION('',(#603),#607);
#603 = LINE('',#604,#605);
#604 = CARTESIAN_POINT('',(-0.,0.));
#605 = VECTOR('',#606,1.);
#606 = DIRECTION('',(-1.,0.));
#607 = ( GEOMETRIC_REPRESENTATION_CONTEXT(2) 
PARAMETRIC_REPRESENTATION_CONTEXT() REPRESENTATION_CONTEXT('2D SPACE',''
  ) );
#608 = PCURVE('',#609,#614);
#609 = PLANE('',#610);
#610 = AXIS2_PLACEMENT_3D('',#611,#612,#613);
#611 = CARTESIAN_POINT('',(6.5,6.,-8.5));
#612 = DIRECTION('',(0.,0.,1.));
#613 = DIRECTION('',(1.,0.,-0.));
#614 = DEFINITIONAL_REPRESENTATION('',(#615),#619);
#615 = CIRCLE('',#616,11.);
#616 = AXIS2_PLACEMENT_2D('',#617,#618);
#617 = CARTESIAN_POINT('',(47.,8.881784197001E-16));
#618 = DIRECTION('',(1.,0.));
#619 = ( GEOMETRIC_REPRESENTATION_CONTEXT(2) 
PARAMETRIC_REPRESENTATION_CONTEXT() REPRESENTATION_CONTEXT('2D SPACE',''
  ) );
#620 = ORIENTED_EDGE('',*,*,#621,.T.);
#621 = EDGE_CURVE('',#593,#22,#622,.T.);
#622 = SURFACE_CURVE('',#623,(#627,#634),.PCURVE_S1.);
#623 = LINE('',#624,#625);
#624 = CARTESIAN_POINT('',(53.5,-5.,-8.5));
#625 = VECTOR('',#626,1.);
#626 = DIRECTION('',(0.,0.,1.));
#627 = PCURVE('',#45,#628);
#628 = DEFINITIONAL_REPRESENTATION('',(#629),#633);
#629 = LINE('',#630,#631);
#630 = CARTESIAN_POINT('',(-4.712388980385,0.));
#631 = VECTOR('',#632,1.);
#632 = DIRECTION('',(-0.,-1.));
#633 = ( GEOMETRIC_REPRESENTATION_CONTEXT(2) 
PARAMETRIC_REPRESENTATION_CONTEXT() REPRESENTATION_CONTEXT('2D SPACE',''
  ) );
#634 = PCURVE('',#555,#635);
#635 = DEFINITIONAL_REPRESENTATION('',(#636),#640);
#636 = LINE('',#637,#638);
#637 = CARTESIAN_POINT('',(0.,47.));
#638 = VECTOR('',#639,1.);
#639 = DIRECTION('',(1.,0.));
#640 = ( GEOMETRIC_REPRESENTATION_CONTEXT(2) 
PARAMETRIC_REPRESENTATION_CONTEXT() REPRESENTATION_CONTEXT('2D SPACE',''
  ) );
#641 = ORIENTED_EDGE('',*,*,#21,.T.);
#642 = ADVANCED_FACE('',(#643),#555,.F.);
#643 = FACE_BOUND('',#644,.F.);
#644 = EDGE_LOOP('',(#645,#646,#647,#670,#698,#727,#755,#781,#807));
#645 = ORIENTED_EDGE('',*,*,#541,.T.);
#646 = ORIENTED_EDGE('',*,*,#621,.F.);
#647 = ORIENTED_EDGE('',*,*,#648,.F.);
#648 = EDGE_CURVE('',#649,#593,#651,.T.);
#649 = VERTEX_POINT('',#650);
#650 = CARTESIAN_POINT('',(6.5,-5.,-8.5));
#651 = SURFACE_CURVE('',#652,(#656,#663),.PCURVE_S1.);
#652 = LINE('',#653,#654);
#653 = CARTESIAN_POINT('',(6.5,-5.,-8.5));
#654 = VECTOR('',#655,1.);
#655 = DIRECTION('',(1.,0.,0.));
#656 = PCURVE('',#555,#657);
#657 = DEFINITIONAL_REPRESENTATION('',(#658),#662);
#658 = LINE('',#659,#660);
#659 = CARTESIAN_POINT('',(0.,0.));
#660 = VECTOR('',#661,1.);
#661 = DIRECTION('',(0.,1.));
#662 = ( GEOMETRIC_REPRESENTATION_CONTEXT(2) 
PARAMETRIC_REPRESENTATION_CONTEXT() REPRESENTATION_CONTEXT('2D SPACE',''
  ) );
#663 = PCURVE('',#609,#664);
#664 = DEFINITIONAL_REPRESENTATION('',(#665),#669);
#665 = LINE('',#666,#667);
#666 = CARTESIAN_POINT('',(8.881784197001E-16,-11.));
#667 = VECTOR('',#668,1.);
#668 = DIRECTION('',(1.,0.));
#669 = ( GEOMETRIC_REPRESENTATION_CONTEXT(2) 
PARAMETRIC_REPRESENTATION_CONTEXT() REPRESENTATION_CONTEXT('2D SPACE',''
  ) );
#670 = ORIENTED_EDGE('',*,*,#671,.T.);
#671 = EDGE_CURVE('',#649,#672,#674,.T.);
#672 = VERTEX_POINT('',#673);
#673 = CARTESIAN_POINT('',(6.5,-5.,-1.294914271793));
#674 = SURFACE_CURVE('',#675,(#679,#686),.PCURVE_S1.);
#675 = LINE('',#676,#677);
#676 = CARTESIAN_POINT('',(6.5,-5.,-8.5));
#677 = VECTOR('',#678,1.);
#678 = DIRECTION('',(0.,0.,1.));
#679 = PCURVE('',#555,#680);
#680 = DEFINITIONAL_REPRESENTATION('',(#681),#685);
#681 = LINE('',#682,#683);
#682 = CARTESIAN_POINT('',(0.,0.));
#683 = VECTOR('',#684,1.);
#684 = DIRECTION('',(1.,0.));
#685 = ( GEOMETRIC_REPRESENTATION_CONTEXT(2) 
PARAMETRIC_REPRESENTATION_CONTEXT() REPRESENTATION_CONTEXT('2D SPACE',''
  ) );
#686 = PCURVE('',#687,#692);
#687 = CYLINDRICAL_SURFACE('',#688,11.);
#688 = AXIS2_PLACEMENT_3D('',#689,#690,#691);
#689 = CARTESIAN_POINT('',(6.5,6.,-8.5));
#690 = DIRECTION('',(-0.,-0.,-1.));
#691 = DIRECTION('',(1.,0.,0.));
#692 = DEFINITIONAL_REPRESENTATION('',(#693),#697);
#693 = LINE('',#694,#695);
#694 = CARTESIAN_POINT('',(-4.712388980385,0.));
#695 = VECTOR('',#696,1.);
#696 = DIRECTION('',(-0.,-1.));
#697 = ( GEOMETRIC_REPRESENTATION_CONTEXT(2) 
PARAMETRIC_REPRESENTATION_CONTEXT() REPRESENTATION_CONTEXT('2D SPACE',''
  ) );
#698 = ORIENTED_EDGE('',*,*,#699,.F.);
#699 = EDGE_CURVE('',#700,#672,#702,.T.);
#700 = VERTEX_POINT('',#701);
#701 = CARTESIAN_POINT('',(11.675411063462,-5.,0.44));
#702 = SURFACE_CURVE('',#703,(#708,#715),.PCURVE_S1.);
#703 = CIRCLE('',#704,5.5);
#704 = AXIS2_PLACEMENT_3D('',#705,#706,#707);
#705 = CARTESIAN_POINT('',(7.57,-5.,4.1));
#706 = DIRECTION('',(0.,1.,0.));
#707 = DIRECTION('',(0.,-0.,1.));
#708 = PCURVE('',#555,#709);
#709 = DEFINITIONAL_REPRESENTATION('',(#710),#714);
#710 = CIRCLE('',#711,5.5);
#711 = AXIS2_PLACEMENT_2D('',#712,#713);
#712 = CARTESIAN_POINT('',(12.6,1.07));
#713 = DIRECTION('',(1.,0.));
#714 = ( GEOMETRIC_REPRESENTATION_CONTEXT(2) 
PARAMETRIC_REPRESENTATION_CONTEXT() REPRESENTATION_CONTEXT('2D SPACE',''
  ) );
#715 = PCURVE('',#716,#721);
#716 = CYLINDRICAL_SURFACE('',#717,5.5);
#717 = AXIS2_PLACEMENT_3D('',#718,#719,#720);
#718 = CARTESIAN_POINT('',(7.57,-6.5,4.1));
#719 = DIRECTION('',(0.,1.,0.));
#720 = DIRECTION('',(0.,-0.,1.));
#721 = DEFINITIONAL_REPRESENTATION('',(#722),#726);
#722 = LINE('',#723,#724);
#723 = CARTESIAN_POINT('',(0.,1.5));
#724 = VECTOR('',#725,1.);
#725 = DIRECTION('',(1.,0.));
#726 = ( GEOMETRIC_REPRESENTATION_CONTEXT(2) 
PARAMETRIC_REPRESENTATION_CONTEXT() REPRESENTATION_CONTEXT('2D SPACE',''
  ) );
#727 = ORIENTED_EDGE('',*,*,#728,.T.);
#728 = EDGE_CURVE('',#700,#729,#731,.T.);
#729 = VERTEX_POINT('',#730);
#730 = CARTESIAN_POINT('',(14.796260888535,-5.,0.44));
#731 = SURFACE_CURVE('',#732,(#736,#743),.PCURVE_S1.);
#732 = LINE('',#733,#734);
#733 = CARTESIAN_POINT('',(6.5,-5.,0.44));
#734 = VECTOR('',#735,1.);
#735 = DIRECTION('',(1.,0.,0.));
#736 = PCURVE('',#555,#737);
#737 = DEFINITIONAL_REPRESENTATION('',(#738),#742);
#738 = LINE('',#739,#740);
#739 = CARTESIAN_POINT('',(8.94,0.));
#740 = VECTOR('',#741,1.);
#741 = DIRECTION('',(0.,1.));
#742 = ( GEOMETRIC_REPRESENTATION_CONTEXT(2) 
PARAMETRIC_REPRESENTATION_CONTEXT() REPRESENTATION_CONTEXT('2D SPACE',''
  ) );
#743 = PCURVE('',#744,#749);
#744 = PLANE('',#745);
#745 = AXIS2_PLACEMENT_3D('',#746,#747,#748);
#746 = CARTESIAN_POINT('',(6.5,-5.,0.44));
#747 = DIRECTION('',(0.,0.,1.));
#748 = DIRECTION('',(1.,0.,0.));
#749 = DEFINITIONAL_REPRESENTATION('',(#750),#754);
#750 = LINE('',#751,#752);
#751 = CARTESIAN_POINT('',(0.,0.));
#752 = VECTOR('',#753,1.);
#753 = DIRECTION('',(1.,0.));
#754 = ( GEOMETRIC_REPRESENTATION_CONTEXT(2) 
PARAMETRIC_REPRESENTATION_CONTEXT() REPRESENTATION_CONTEXT('2D SPACE',''
  ) );
#755 = ORIENTED_EDGE('',*,*,#756,.T.);
#756 = EDGE_CURVE('',#729,#757,#759,.T.);
#757 = VERTEX_POINT('',#758);
#758 = CARTESIAN_POINT('',(14.796260888535,-5.,-1.3));
#759 = SURFACE_CURVE('',#760,(#764,#770),.PCURVE_S1.);
#760 = LINE('',#761,#762);
#761 = CARTESIAN_POINT('',(14.796260888535,-5.,-1.3));
#762 = VECTOR('',#763,1.);
#763 = DIRECTION('',(-0.,-0.,-1.));
#764 = PCURVE('',#555,#765);
#765 = DEFINITIONAL_REPRESENTATION('',(#766),#769);
#766 = B_SPLINE_CURVE_WITH_KNOTS('',1,(#767,#768),.UNSPECIFIED.,.F.,.F.,
  (2,2),(-2.634,5.999999999062E-07),.PIECEWISE_BEZIER_KNOTS.);
#767 = CARTESIAN_POINT('',(9.834,8.296260888535));
#768 = CARTESIAN_POINT('',(7.1999994,8.296260888535));
#769 = ( GEOMETRIC_REPRESENTATION_CONTEXT(2) 
PARAMETRIC_REPRESENTATION_CONTEXT() REPRESENTATION_CONTEXT('2D SPACE',''
  ) );
#770 = PCURVE('',#771,#776);
#771 = CYLINDRICAL_SURFACE('',#772,1.8);
#772 = AXIS2_PLACEMENT_3D('',#773,#774,#775);
#773 = CARTESIAN_POINT('',(16.59,-4.85,-1.3));
#774 = DIRECTION('',(-0.,-0.,-1.));
#775 = DIRECTION('',(1.,0.,0.));
#776 = DEFINITIONAL_REPRESENTATION('',(#777),#780);
#777 = B_SPLINE_CURVE_WITH_KNOTS('',1,(#778,#779),.UNSPECIFIED.,.F.,.F.,
  (2,2),(-2.634,5.999999999062E-07),.PIECEWISE_BEZIER_KNOTS.);
#778 = CARTESIAN_POINT('',(-3.2250227402,-2.634));
#779 = CARTESIAN_POINT('',(-3.2250227402,5.999999999062E-07));
#780 = ( GEOMETRIC_REPRESENTATION_CONTEXT(2) 
PARAMETRIC_REPRESENTATION_CONTEXT() REPRESENTATION_CONTEXT('2D SPACE',''
  ) );
#781 = ORIENTED_EDGE('',*,*,#782,.T.);
#782 = EDGE_CURVE('',#757,#783,#785,.T.);
#783 = VERTEX_POINT('',#784);
#784 = CARTESIAN_POINT('',(25.383739111465,-5.,-1.3));
#785 = SURFACE_CURVE('',#786,(#790,#796),.PCURVE_S1.);
#786 = LINE('',#787,#788);
#787 = CARTESIAN_POINT('',(11.545,-5.,-1.3));
#788 = VECTOR('',#789,1.);
#789 = DIRECTION('',(1.,0.,0.));
#790 = PCURVE('',#555,#791);
#791 = DEFINITIONAL_REPRESENTATION('',(#792),#795);
#792 = B_SPLINE_CURVE_WITH_KNOTS('',1,(#793,#794),.UNSPECIFIED.,.F.,.F.,
  (2,2),(3.245,13.845),.PIECEWISE_BEZIER_KNOTS.);
#793 = CARTESIAN_POINT('',(7.2,8.29));
#794 = CARTESIAN_POINT('',(7.2,18.89));
#795 = ( GEOMETRIC_REPRESENTATION_CONTEXT(2) 
PARAMETRIC_REPRESENTATION_CONTEXT() REPRESENTATION_CONTEXT('2D SPACE',''
  ) );
#796 = PCURVE('',#797,#802);
#797 = PLANE('',#798);
#798 = AXIS2_PLACEMENT_3D('',#799,#800,#801);
#799 = CARTESIAN_POINT('',(16.59,-4.85,-1.3));
#800 = DIRECTION('',(0.,0.,1.));
#801 = DIRECTION('',(1.,0.,-0.));
#802 = DEFINITIONAL_REPRESENTATION('',(#803),#806);
#803 = B_SPLINE_CURVE_WITH_KNOTS('',1,(#804,#805),.UNSPECIFIED.,.F.,.F.,
  (2,2),(3.245,13.845),.PIECEWISE_BEZIER_KNOTS.);
#804 = CARTESIAN_POINT('',(-1.8,-0.15));
#805 = CARTESIAN_POINT('',(8.8,-0.15));
#806 = ( GEOMETRIC_REPRESENTATION_CONTEXT(2) 
PARAMETRIC_REPRESENTATION_CONTEXT() REPRESENTATION_CONTEXT('2D SPACE',''
  ) );
#807 = ORIENTED_EDGE('',*,*,#808,.F.);
#808 = EDGE_CURVE('',#509,#783,#809,.T.);
#809 = SURFACE_CURVE('',#810,(#814,#820),.PCURVE_S1.);
#810 = LINE('',#811,#812);
#811 = CARTESIAN_POINT('',(25.383739111465,-5.,-1.3));
#812 = VECTOR('',#813,1.);
#813 = DIRECTION('',(-0.,-0.,-1.));
#814 = PCURVE('',#555,#815);
#815 = DEFINITIONAL_REPRESENTATION('',(#816),#819);
#816 = B_SPLINE_CURVE_WITH_KNOTS('',1,(#817,#818),.UNSPECIFIED.,.F.,.F.,
  (2,2),(-2.634,5.999999999062E-07),.PIECEWISE_BEZIER_KNOTS.);
#817 = CARTESIAN_POINT('',(9.834,18.883739111465));
#818 = CARTESIAN_POINT('',(7.1999994,18.883739111465));
#819 = ( GEOMETRIC_REPRESENTATION_CONTEXT(2) 
PARAMETRIC_REPRESENTATION_CONTEXT() REPRESENTATION_CONTEXT('2D SPACE',''
  ) );
#820 = PCURVE('',#529,#821);
#821 = DEFINITIONAL_REPRESENTATION('',(#822),#825);
#822 = B_SPLINE_CURVE_WITH_KNOTS('',1,(#823,#824),.UNSPECIFIED.,.F.,.F.,
  (2,2),(-2.634,5.999999999062E-07),.PIECEWISE_BEZIER_KNOTS.);
#823 = CARTESIAN_POINT('',(-6.199755220569,-2.634));
#824 = CARTESIAN_POINT('',(-6.199755220569,5.999999999062E-07));
#825 = ( GEOMETRIC_REPRESENTATION_CONTEXT(2) 
PARAMETRIC_REPRESENTATION_CONTEXT() REPRESENTATION_CONTEXT('2D SPACE',''
  ) );
#826 = ADVANCED_FACE('',(#827),#529,.F.);
#827 = FACE_BOUND('',#828,.T.);
#828 = EDGE_LOOP('',(#829,#851,#873,#874));
#829 = ORIENTED_EDGE('',*,*,#830,.F.);
#830 = EDGE_CURVE('',#831,#483,#833,.T.);
#831 = VERTEX_POINT('',#832);
#832 = CARTESIAN_POINT('',(25.39,-4.85,-1.3));
#833 = SURFACE_CURVE('',#834,(#838,#844),.PCURVE_S1.);
#834 = LINE('',#835,#836);
#835 = CARTESIAN_POINT('',(25.39,-4.85,-1.3));
#836 = VECTOR('',#837,1.);
#837 = DIRECTION('',(0.,0.,1.));
#838 = PCURVE('',#529,#839);
#839 = DEFINITIONAL_REPRESENTATION('',(#840),#843);
#840 = B_SPLINE_CURVE_WITH_KNOTS('',1,(#841,#842),.UNSPECIFIED.,.F.,.F.,
  (2,2),(0.,7.1),.PIECEWISE_BEZIER_KNOTS.);
#841 = CARTESIAN_POINT('',(-6.28318530718,0.));
#842 = CARTESIAN_POINT('',(-6.28318530718,-7.1));
#843 = ( GEOMETRIC_REPRESENTATION_CONTEXT(2) 
PARAMETRIC_REPRESENTATION_CONTEXT() REPRESENTATION_CONTEXT('2D SPACE',''
  ) );
#844 = PCURVE('',#497,#845);
#845 = DEFINITIONAL_REPRESENTATION('',(#846),#850);
#846 = LINE('',#847,#848);
#847 = CARTESIAN_POINT('',(0.,0.));
#848 = VECTOR('',#849,1.);
#849 = DIRECTION('',(1.,0.));
#850 = ( GEOMETRIC_REPRESENTATION_CONTEXT(2) 
PARAMETRIC_REPRESENTATION_CONTEXT() REPRESENTATION_CONTEXT('2D SPACE',''
  ) );
#851 = ORIENTED_EDGE('',*,*,#852,.F.);
#852 = EDGE_CURVE('',#783,#831,#853,.T.);
#853 = SURFACE_CURVE('',#854,(#859,#866),.PCURVE_S1.);
#854 = CIRCLE('',#855,1.8);
#855 = AXIS2_PLACEMENT_3D('',#856,#857,#858);
#856 = CARTESIAN_POINT('',(23.59,-4.85,-1.3));
#857 = DIRECTION('',(0.,0.,1.));
#858 = DIRECTION('',(1.,0.,0.));
#859 = PCURVE('',#529,#860);
#860 = DEFINITIONAL_REPRESENTATION('',(#861),#865);
#861 = LINE('',#862,#863);
#862 = CARTESIAN_POINT('',(-0.,0.));
#863 = VECTOR('',#864,1.);
#864 = DIRECTION('',(-1.,0.));
#865 = ( GEOMETRIC_REPRESENTATION_CONTEXT(2) 
PARAMETRIC_REPRESENTATION_CONTEXT() REPRESENTATION_CONTEXT('2D SPACE',''
  ) );
#866 = PCURVE('',#797,#867);
#867 = DEFINITIONAL_REPRESENTATION('',(#868),#872);
#868 = CIRCLE('',#869,1.8);
#869 = AXIS2_PLACEMENT_2D('',#870,#871);
#870 = CARTESIAN_POINT('',(7.,0.));
#871 = DIRECTION('',(1.,0.));
#872 = ( GEOMETRIC_REPRESENTATION_CONTEXT(2) 
PARAMETRIC_REPRESENTATION_CONTEXT() REPRESENTATION_CONTEXT('2D SPACE',''
  ) );
#873 = ORIENTED_EDGE('',*,*,#808,.F.);
#874 = ORIENTED_EDGE('',*,*,#508,.F.);
#875 = ADVANCED_FACE('',(#876),#497,.F.);
#876 = FACE_BOUND('',#877,.F.);
#877 = EDGE_LOOP('',(#878,#879,#902,#928,#954,#980,#1006,#1025));
#878 = ORIENTED_EDGE('',*,*,#830,.F.);
#879 = ORIENTED_EDGE('',*,*,#880,.T.);
#880 = EDGE_CURVE('',#831,#881,#883,.T.);
#881 = VERTEX_POINT('',#882);
#882 = CARTESIAN_POINT('',(25.39,-3.2,-1.3));
#883 = SURFACE_CURVE('',#884,(#888,#895),.PCURVE_S1.);
#884 = LINE('',#885,#886);
#885 = CARTESIAN_POINT('',(25.39,-4.85,-1.3));
#886 = VECTOR('',#887,1.);
#887 = DIRECTION('',(0.,1.,0.));
#888 = PCURVE('',#497,#889);
#889 = DEFINITIONAL_REPRESENTATION('',(#890),#894);
#890 = LINE('',#891,#892);
#891 = CARTESIAN_POINT('',(0.,0.));
#892 = VECTOR('',#893,1.);
#893 = DIRECTION('',(0.,-1.));
#894 = ( GEOMETRIC_REPRESENTATION_CONTEXT(2) 
PARAMETRIC_REPRESENTATION_CONTEXT() REPRESENTATION_CONTEXT('2D SPACE',''
  ) );
#895 = PCURVE('',#797,#896);
#896 = DEFINITIONAL_REPRESENTATION('',(#897),#901);
#897 = LINE('',#898,#899);
#898 = CARTESIAN_POINT('',(8.8,0.));
#899 = VECTOR('',#900,1.);
#900 = DIRECTION('',(0.,1.));
#901 = ( GEOMETRIC_REPRESENTATION_CONTEXT(2) 
PARAMETRIC_REPRESENTATION_CONTEXT() REPRESENTATION_CONTEXT('2D SPACE',''
  ) );
#902 = ORIENTED_EDGE('',*,*,#903,.F.);
#903 = EDGE_CURVE('',#904,#881,#906,.T.);
#904 = VERTEX_POINT('',#905);
#905 = CARTESIAN_POINT('',(25.39,-3.2,0.2));
#906 = SURFACE_CURVE('',#907,(#911,#917),.PCURVE_S1.);
#907 = LINE('',#908,#909);
#908 = CARTESIAN_POINT('',(25.39,-3.2,-4.));
#909 = VECTOR('',#910,1.);
#910 = DIRECTION('',(0.,0.,-1.));
#911 = PCURVE('',#497,#912);
#912 = DEFINITIONAL_REPRESENTATION('',(#913),#916);
#913 = B_SPLINE_CURVE_WITH_KNOTS('',1,(#914,#915),.UNSPECIFIED.,.F.,.F.,
  (2,2),(-4.2,-2.7),.PIECEWISE_BEZIER_KNOTS.);
#914 = CARTESIAN_POINT('',(1.5,-1.65));
#915 = CARTESIAN_POINT('',(0.,-1.65));
#916 = ( GEOMETRIC_REPRESENTATION_CONTEXT(2) 
PARAMETRIC_REPRESENTATION_CONTEXT() REPRESENTATION_CONTEXT('2D SPACE',''
  ) );
#917 = PCURVE('',#918,#923);
#918 = PLANE('',#919);
#919 = AXIS2_PLACEMENT_3D('',#920,#921,#922);
#920 = CARTESIAN_POINT('',(6.5,-3.2,-6.7));
#921 = DIRECTION('',(0.,1.,0.));
#922 = DIRECTION('',(0.,0.,1.));
#923 = DEFINITIONAL_REPRESENTATION('',(#924),#927);
#924 = B_SPLINE_CURVE_WITH_KNOTS('',1,(#925,#926),.UNSPECIFIED.,.F.,.F.,
  (2,2),(-4.2,-2.7),.PIECEWISE_BEZIER_KNOTS.);
#925 = CARTESIAN_POINT('',(6.9,18.89));
#926 = CARTESIAN_POINT('',(5.4,18.89));
#927 = ( GEOMETRIC_REPRESENTATION_CONTEXT(2) 
PARAMETRIC_REPRESENTATION_CONTEXT() REPRESENTATION_CONTEXT('2D SPACE',''
  ) );
#928 = ORIENTED_EDGE('',*,*,#929,.T.);
#929 = EDGE_CURVE('',#904,#930,#932,.T.);
#930 = VERTEX_POINT('',#931);
#931 = CARTESIAN_POINT('',(25.39,-2.025,0.2));
#932 = SURFACE_CURVE('',#933,(#937,#943),.PCURVE_S1.);
#933 = LINE('',#934,#935);
#934 = CARTESIAN_POINT('',(25.39,0.575,0.2));
#935 = VECTOR('',#936,1.);
#936 = DIRECTION('',(0.,1.,0.));
#937 = PCURVE('',#497,#938);
#938 = DEFINITIONAL_REPRESENTATION('',(#939),#942);
#939 = B_SPLINE_CURVE_WITH_KNOTS('',1,(#940,#941),.UNSPECIFIED.,.F.,.F.,
  (2,2),(-3.775,-0.875),.PIECEWISE_BEZIER_KNOTS.);
#940 = CARTESIAN_POINT('',(1.5,-1.65));
#941 = CARTESIAN_POINT('',(1.5,-4.55));
#942 = ( GEOMETRIC_REPRESENTATION_CONTEXT(2) 
PARAMETRIC_REPRESENTATION_CONTEXT() REPRESENTATION_CONTEXT('2D SPACE',''
  ) );
#943 = PCURVE('',#944,#949);
#944 = PLANE('',#945);
#945 = AXIS2_PLACEMENT_3D('',#946,#947,#948);
#946 = CARTESIAN_POINT('',(6.5,6.,0.2));
#947 = DIRECTION('',(0.,0.,1.));
#948 = DIRECTION('',(1.,0.,-0.));
#949 = DEFINITIONAL_REPRESENTATION('',(#950),#953);
#950 = B_SPLINE_CURVE_WITH_KNOTS('',1,(#951,#952),.UNSPECIFIED.,.F.,.F.,
  (2,2),(-3.775,-0.875),.PIECEWISE_BEZIER_KNOTS.);
#951 = CARTESIAN_POINT('',(18.89,-9.2));
#952 = CARTESIAN_POINT('',(18.89,-6.3));
#953 = ( GEOMETRIC_REPRESENTATION_CONTEXT(2) 
PARAMETRIC_REPRESENTATION_CONTEXT() REPRESENTATION_CONTEXT('2D SPACE',''
  ) );
#954 = ORIENTED_EDGE('',*,*,#955,.F.);
#955 = EDGE_CURVE('',#956,#930,#958,.T.);
#956 = VERTEX_POINT('',#957);
#957 = CARTESIAN_POINT('',(25.39,-2.025,1.5));
#958 = SURFACE_CURVE('',#959,(#963,#969),.PCURVE_S1.);
#959 = LINE('',#960,#961);
#960 = CARTESIAN_POINT('',(25.39,-2.025,-0.525));
#961 = VECTOR('',#962,1.);
#962 = DIRECTION('',(0.,0.,-1.));
#963 = PCURVE('',#497,#964);
#964 = DEFINITIONAL_REPRESENTATION('',(#965),#968);
#965 = B_SPLINE_CURVE_WITH_KNOTS('',1,(#966,#967),.UNSPECIFIED.,.F.,.F.,
  (2,2),(-2.025,-0.725),.PIECEWISE_BEZIER_KNOTS.);
#966 = CARTESIAN_POINT('',(2.8,-2.825));
#967 = CARTESIAN_POINT('',(1.5,-2.825));
#968 = ( GEOMETRIC_REPRESENTATION_CONTEXT(2) 
PARAMETRIC_REPRESENTATION_CONTEXT() REPRESENTATION_CONTEXT('2D SPACE',''
  ) );
#969 = PCURVE('',#970,#975);
#970 = PLANE('',#971);
#971 = AXIS2_PLACEMENT_3D('',#972,#973,#974);
#972 = CARTESIAN_POINT('',(6.495,-2.025,0.25));
#973 = DIRECTION('',(0.,1.,0.));
#974 = DIRECTION('',(0.,0.,1.));
#975 = DEFINITIONAL_REPRESENTATION('',(#976),#979);
#976 = B_SPLINE_CURVE_WITH_KNOTS('',1,(#977,#978),.UNSPECIFIED.,.F.,.F.,
  (2,2),(-2.025,-0.725),.PIECEWISE_BEZIER_KNOTS.);
#977 = CARTESIAN_POINT('',(1.25,18.895));
#978 = CARTESIAN_POINT('',(-5.E-02,18.895));
#979 = ( GEOMETRIC_REPRESENTATION_CONTEXT(2) 
PARAMETRIC_REPRESENTATION_CONTEXT() REPRESENTATION_CONTEXT('2D SPACE',''
  ) );
#980 = ORIENTED_EDGE('',*,*,#981,.F.);
#981 = EDGE_CURVE('',#982,#956,#984,.T.);
#982 = VERTEX_POINT('',#983);
#983 = CARTESIAN_POINT('',(25.39,-3.025,1.5));
#984 = SURFACE_CURVE('',#985,(#989,#995),.PCURVE_S1.);
#985 = LINE('',#986,#987);
#986 = CARTESIAN_POINT('',(25.39,-3.9375,1.5));
#987 = VECTOR('',#988,1.);
#988 = DIRECTION('',(0.,1.,0.));
#989 = PCURVE('',#497,#990);
#990 = DEFINITIONAL_REPRESENTATION('',(#991),#994);
#991 = B_SPLINE_CURVE_WITH_KNOTS('',1,(#992,#993),.UNSPECIFIED.,.F.,.F.,
  (2,2),(0.9125,3.6375),.PIECEWISE_BEZIER_KNOTS.);
#992 = CARTESIAN_POINT('',(2.8,-1.825));
#993 = CARTESIAN_POINT('',(2.8,-4.55));
#994 = ( GEOMETRIC_REPRESENTATION_CONTEXT(2) 
PARAMETRIC_REPRESENTATION_CONTEXT() REPRESENTATION_CONTEXT('2D SPACE',''
  ) );
#995 = PCURVE('',#996,#1001);
#996 = PLANE('',#997);
#997 = AXIS2_PLACEMENT_3D('',#998,#999,#1000);
#998 = CARTESIAN_POINT('',(6.495,-3.025,1.5));
#999 = DIRECTION('',(0.,0.,1.));
#1000 = DIRECTION('',(1.,0.,0.));
#1001 = DEFINITIONAL_REPRESENTATION('',(#1002),#1005);
#1002 = B_SPLINE_CURVE_WITH_KNOTS('',1,(#1003,#1004),.UNSPECIFIED.,.F.,
  .F.,(2,2),(0.9125,3.6375),.PIECEWISE_BEZIER_KNOTS.);
#1003 = CARTESIAN_POINT('',(18.895,-3.552713678801E-15));
#1004 = CARTESIAN_POINT('',(18.895,2.725));
#1005 = ( GEOMETRIC_REPRESENTATION_CONTEXT(2) 
PARAMETRIC_REPRESENTATION_CONTEXT() REPRESENTATION_CONTEXT('2D SPACE',''
  ) );
#1006 = ORIENTED_EDGE('',*,*,#1007,.T.);
#1007 = EDGE_CURVE('',#982,#457,#1008,.T.);
#1008 = SURFACE_CURVE('',#1009,(#1013,#1019),.PCURVE_S1.);
#1009 = LINE('',#1010,#1011);
#1010 = CARTESIAN_POINT('',(25.39,-3.025,-0.475));
#1011 = VECTOR('',#1012,1.);
#1012 = DIRECTION('',(0.,0.,-1.));
#1013 = PCURVE('',#497,#1014);
#1014 = DEFINITIONAL_REPRESENTATION('',(#1015),#1018);
#1015 = B_SPLINE_CURVE_WITH_KNOTS('',1,(#1016,#1017),.UNSPECIFIED.,.F.,
  .F.,(2,2),(-1.975,-0.915),.PIECEWISE_BEZIER_KNOTS.);
#1016 = CARTESIAN_POINT('',(2.8,-1.825));
#1017 = CARTESIAN_POINT('',(1.74,-1.825));
#1018 = ( GEOMETRIC_REPRESENTATION_CONTEXT(2) 
PARAMETRIC_REPRESENTATION_CONTEXT() REPRESENTATION_CONTEXT('2D SPACE',''
  ) );
#1019 = PCURVE('',#471,#1020);
#1020 = DEFINITIONAL_REPRESENTATION('',(#1021),#1024);
#1021 = B_SPLINE_CURVE_WITH_KNOTS('',1,(#1022,#1023),.UNSPECIFIED.,.F.,
  .F.,(2,2),(-1.975,-0.915),.PIECEWISE_BEZIER_KNOTS.);
#1022 = CARTESIAN_POINT('',(1.15,18.895));
#1023 = CARTESIAN_POINT('',(9.E-02,18.895));
#1024 = ( GEOMETRIC_REPRESENTATION_CONTEXT(2) 
PARAMETRIC_REPRESENTATION_CONTEXT() REPRESENTATION_CONTEXT('2D SPACE',''
  ) );
#1025 = ORIENTED_EDGE('',*,*,#482,.F.);
#1026 = ADVANCED_FACE('',(#1027),#471,.F.);
#1027 = FACE_BOUND('',#1028,.F.);
#1028 = EDGE_LOOP('',(#1029,#1052,#1053,#1054));
#1029 = ORIENTED_EDGE('',*,*,#1030,.F.);
#1030 = EDGE_CURVE('',#424,#1031,#1033,.T.);
#1031 = VERTEX_POINT('',#1032);
#1032 = CARTESIAN_POINT('',(53.505,-3.025,1.5));
#1033 = SURFACE_CURVE('',#1034,(#1038,#1045),.PCURVE_S1.);
#1034 = LINE('',#1035,#1036);
#1035 = CARTESIAN_POINT('',(53.505,-3.025,0.35));
#1036 = VECTOR('',#1037,1.);
#1037 = DIRECTION('',(0.,0.,1.));
#1038 = PCURVE('',#471,#1039);
#1039 = DEFINITIONAL_REPRESENTATION('',(#1040),#1044);
#1040 = LINE('',#1041,#1042);
#1041 = CARTESIAN_POINT('',(0.,47.01));
#1042 = VECTOR('',#1043,1.);
#1043 = DIRECTION('',(1.,0.));
#1044 = ( GEOMETRIC_REPRESENTATION_CONTEXT(2) 
PARAMETRIC_REPRESENTATION_CONTEXT() REPRESENTATION_CONTEXT('2D SPACE',''
  ) );
#1045 = PCURVE('',#444,#1046);
#1046 = DEFINITIONAL_REPRESENTATION('',(#1047),#1051);
#1047 = LINE('',#1048,#1049);
#1048 = CARTESIAN_POINT('',(-4.712388980385,-1.110223024625E-16));
#1049 = VECTOR('',#1050,1.);
#1050 = DIRECTION('',(-0.,-1.));
#1051 = ( GEOMETRIC_REPRESENTATION_CONTEXT(2) 
PARAMETRIC_REPRESENTATION_CONTEXT() REPRESENTATION_CONTEXT('2D SPACE',''
  ) );
#1052 = ORIENTED_EDGE('',*,*,#456,.T.);
#1053 = ORIENTED_EDGE('',*,*,#1007,.F.);
#1054 = ORIENTED_EDGE('',*,*,#1055,.T.);
#1055 = EDGE_CURVE('',#982,#1031,#1056,.T.);
#1056 = SURFACE_CURVE('',#1057,(#1061,#1068),.PCURVE_S1.);
#1057 = LINE('',#1058,#1059);
#1058 = CARTESIAN_POINT('',(6.495,-3.025,1.5));
#1059 = VECTOR('',#1060,1.);
#1060 = DIRECTION('',(1.,0.,0.));
#1061 = PCURVE('',#471,#1062);
#1062 = DEFINITIONAL_REPRESENTATION('',(#1063),#1067);
#1063 = LINE('',#1064,#1065);
#1064 = CARTESIAN_POINT('',(1.15,0.));
#1065 = VECTOR('',#1066,1.);
#1066 = DIRECTION('',(0.,1.));
#1067 = ( GEOMETRIC_REPRESENTATION_CONTEXT(2) 
PARAMETRIC_REPRESENTATION_CONTEXT() REPRESENTATION_CONTEXT('2D SPACE',''
  ) );
#1068 = PCURVE('',#996,#1069);
#1069 = DEFINITIONAL_REPRESENTATION('',(#1070),#1074);
#1070 = LINE('',#1071,#1072);
#1071 = CARTESIAN_POINT('',(0.,0.));
#1072 = VECTOR('',#1073,1.);
#1073 = DIRECTION('',(1.,0.));
#1074 = ( GEOMETRIC_REPRESENTATION_CONTEXT(2) 
PARAMETRIC_REPRESENTATION_CONTEXT() REPRESENTATION_CONTEXT('2D SPACE',''
  ) );
#1075 = ADVANCED_FACE('',(#1076),#444,.T.);
#1076 = FACE_BOUND('',#1077,.F.);
#1077 = EDGE_LOOP('',(#1078,#1079,#1103,#1122));
#1078 = ORIENTED_EDGE('',*,*,#1030,.T.);
#1079 = ORIENTED_EDGE('',*,*,#1080,.T.);
#1080 = EDGE_CURVE('',#1031,#1081,#1083,.T.);
#1081 = VERTEX_POINT('',#1082);
#1082 = CARTESIAN_POINT('',(59.96513738244,-0.3,1.5));
#1083 = SURFACE_CURVE('',#1084,(#1089,#1096),.PCURVE_S1.);
#1084 = CIRCLE('',#1085,9.02);
#1085 = AXIS2_PLACEMENT_3D('',#1086,#1087,#1088);
#1086 = CARTESIAN_POINT('',(53.505,5.995,1.5));
#1087 = DIRECTION('',(0.,0.,1.));
#1088 = DIRECTION('',(1.,0.,0.));
#1089 = PCURVE('',#444,#1090);
#1090 = DEFINITIONAL_REPRESENTATION('',(#1091),#1095);
#1091 = LINE('',#1092,#1093);
#1092 = CARTESIAN_POINT('',(-0.,-1.15));
#1093 = VECTOR('',#1094,1.);
#1094 = DIRECTION('',(-1.,0.));
#1095 = ( GEOMETRIC_REPRESENTATION_CONTEXT(2) 
PARAMETRIC_REPRESENTATION_CONTEXT() REPRESENTATION_CONTEXT('2D SPACE',''
  ) );
#1096 = PCURVE('',#996,#1097);
#1097 = DEFINITIONAL_REPRESENTATION('',(#1098),#1102);
#1098 = CIRCLE('',#1099,9.02);
#1099 = AXIS2_PLACEMENT_2D('',#1100,#1101);
#1100 = CARTESIAN_POINT('',(47.01,9.02));
#1101 = DIRECTION('',(1.,0.));
#1102 = ( GEOMETRIC_REPRESENTATION_CONTEXT(2) 
PARAMETRIC_REPRESENTATION_CONTEXT() REPRESENTATION_CONTEXT('2D SPACE',''
  ) );
#1103 = ORIENTED_EDGE('',*,*,#1104,.T.);
#1104 = EDGE_CURVE('',#1081,#398,#1105,.T.);
#1105 = SURFACE_CURVE('',#1106,(#1110,#1116),.PCURVE_S1.);
#1106 = LINE('',#1107,#1108);
#1107 = CARTESIAN_POINT('',(59.96513738244,-0.3,0.35));
#1108 = VECTOR('',#1109,1.);
#1109 = DIRECTION('',(-0.,-0.,-1.));
#1110 = PCURVE('',#444,#1111);
#1111 = DEFINITIONAL_REPRESENTATION('',(#1112),#1115);
#1112 = B_SPLINE_CURVE_WITH_KNOTS('',1,(#1113,#1114),.UNSPECIFIED.,.F.,
  .F.,(2,2),(-1.1500006,-8.99994E-02),.PIECEWISE_BEZIER_KNOTS.);
#1113 = CARTESIAN_POINT('',(-5.510733155397,-1.1500006));
#1114 = CARTESIAN_POINT('',(-5.510733155397,-8.99994E-02));
#1115 = ( GEOMETRIC_REPRESENTATION_CONTEXT(2) 
PARAMETRIC_REPRESENTATION_CONTEXT() REPRESENTATION_CONTEXT('2D SPACE',''
  ) );
#1116 = PCURVE('',#412,#1117);
#1117 = DEFINITIONAL_REPRESENTATION('',(#1118),#1121);
#1118 = B_SPLINE_CURVE_WITH_KNOTS('',1,(#1119,#1120),.UNSPECIFIED.,.F.,
  .F.,(2,2),(-1.1500006,-8.99994E-02),.PIECEWISE_BEZIER_KNOTS.);
#1119 = CARTESIAN_POINT('',(1.4500006,60.26513738244));
#1120 = CARTESIAN_POINT('',(0.3899994,60.26513738244));
#1121 = ( GEOMETRIC_REPRESENTATION_CONTEXT(2) 
PARAMETRIC_REPRESENTATION_CONTEXT() REPRESENTATION_CONTEXT('2D SPACE',''
  ) );
#1122 = ORIENTED_EDGE('',*,*,#423,.T.);
#1123 = ADVANCED_FACE('',(#1124),#412,.T.);
#1124 = FACE_BOUND('',#1125,.T.);
#1125 = EDGE_LOOP('',(#1126,#1156,#1182,#1203,#1229,#1248,#1249,#1250));
#1126 = ORIENTED_EDGE('',*,*,#1127,.F.);
#1127 = EDGE_CURVE('',#1128,#1130,#1132,.T.);
#1128 = VERTEX_POINT('',#1129);
#1129 = CARTESIAN_POINT('',(60.204476116745,-0.3,5.E-02));
#1130 = VERTEX_POINT('',#1131);
#1131 = CARTESIAN_POINT('',(60.3,-0.3,5.E-02));
#1132 = SURFACE_CURVE('',#1133,(#1137,#1144),.PCURVE_S1.);
#1133 = LINE('',#1134,#1135);
#1134 = CARTESIAN_POINT('',(-0.3,-0.3,5.E-02));
#1135 = VECTOR('',#1136,1.);
#1136 = DIRECTION('',(1.,0.,0.));
#1137 = PCURVE('',#412,#1138);
#1138 = DEFINITIONAL_REPRESENTATION('',(#1139),#1143);
#1139 = LINE('',#1140,#1141);
#1140 = CARTESIAN_POINT('',(0.,0.));
#1141 = VECTOR('',#1142,1.);
#1142 = DIRECTION('',(0.,1.));
#1143 = ( GEOMETRIC_REPRESENTATION_CONTEXT(2) 
PARAMETRIC_REPRESENTATION_CONTEXT() REPRESENTATION_CONTEXT('2D SPACE',''
  ) );
#1144 = PCURVE('',#1145,#1150);
#1145 = PLANE('',#1146);
#1146 = AXIS2_PLACEMENT_3D('',#1147,#1148,#1149);
#1147 = CARTESIAN_POINT('',(-0.3,-0.3,5.E-02));
#1148 = DIRECTION('',(0.,0.,1.));
#1149 = DIRECTION('',(1.,0.,0.));
#1150 = DEFINITIONAL_REPRESENTATION('',(#1151),#1155);
#1151 = LINE('',#1152,#1153);
#1152 = CARTESIAN_POINT('',(0.,0.));
#1153 = VECTOR('',#1154,1.);
#1154 = DIRECTION('',(1.,0.));
#1155 = ( GEOMETRIC_REPRESENTATION_CONTEXT(2) 
PARAMETRIC_REPRESENTATION_CONTEXT() REPRESENTATION_CONTEXT('2D SPACE',''
  ) );
#1156 = ORIENTED_EDGE('',*,*,#1157,.F.);
#1157 = EDGE_CURVE('',#1158,#1128,#1160,.T.);
#1158 = VERTEX_POINT('',#1159);
#1159 = CARTESIAN_POINT('',(60.204476116745,-0.3,0.2));
#1160 = SURFACE_CURVE('',#1161,(#1165,#1171),.PCURVE_S1.);
#1161 = LINE('',#1162,#1163);
#1162 = CARTESIAN_POINT('',(60.204476116745,-0.3,-6.7));
#1163 = VECTOR('',#1164,1.);
#1164 = DIRECTION('',(-0.,-0.,-1.));
#1165 = PCURVE('',#412,#1166);
#1166 = DEFINITIONAL_REPRESENTATION('',(#1167),#1170);
#1167 = B_SPLINE_CURVE_WITH_KNOTS('',1,(#1168,#1169),.UNSPECIFIED.,.F.,
  .F.,(2,2),(-6.9000006,-6.565),.PIECEWISE_BEZIER_KNOTS.);
#1168 = CARTESIAN_POINT('',(0.1500006,60.504476116745));
#1169 = CARTESIAN_POINT('',(-0.185,60.504476116745));
#1170 = ( GEOMETRIC_REPRESENTATION_CONTEXT(2) 
PARAMETRIC_REPRESENTATION_CONTEXT() REPRESENTATION_CONTEXT('2D SPACE',''
  ) );
#1171 = PCURVE('',#1172,#1177);
#1172 = CYLINDRICAL_SURFACE('',#1173,9.2);
#1173 = AXIS2_PLACEMENT_3D('',#1174,#1175,#1176);
#1174 = CARTESIAN_POINT('',(53.5,6.,-6.7));
#1175 = DIRECTION('',(-0.,-0.,-1.));
#1176 = DIRECTION('',(1.,0.,0.));
#1177 = DEFINITIONAL_REPRESENTATION('',(#1178),#1181);
#1178 = B_SPLINE_CURVE_WITH_KNOTS('',1,(#1179,#1180),.UNSPECIFIED.,.F.,
  .F.,(2,2),(-6.9000006,-6.565),.PIECEWISE_BEZIER_KNOTS.);
#1179 = CARTESIAN_POINT('',(-5.528879958327,-6.9000006));
#1180 = CARTESIAN_POINT('',(-5.528879958327,-6.565));
#1181 = ( GEOMETRIC_REPRESENTATION_CONTEXT(2) 
PARAMETRIC_REPRESENTATION_CONTEXT() REPRESENTATION_CONTEXT('2D SPACE',''
  ) );
#1182 = ORIENTED_EDGE('',*,*,#1183,.T.);
#1183 = EDGE_CURVE('',#1158,#1184,#1186,.T.);
#1184 = VERTEX_POINT('',#1185);
#1185 = CARTESIAN_POINT('',(58.47424290008,-0.3,0.2));
#1186 = SURFACE_CURVE('',#1187,(#1191,#1197),.PCURVE_S1.);
#1187 = LINE('',#1188,#1189);
#1188 = CARTESIAN_POINT('',(3.1,-0.3,0.2));
#1189 = VECTOR('',#1190,1.);
#1190 = DIRECTION('',(-1.,0.,0.));
#1191 = PCURVE('',#412,#1192);
#1192 = DEFINITIONAL_REPRESENTATION('',(#1193),#1196);
#1193 = B_SPLINE_CURVE_WITH_KNOTS('',1,(#1194,#1195),.UNSPECIFIED.,.F.,
  .F.,(2,2),(-57.2,3.4),.PIECEWISE_BEZIER_KNOTS.);
#1194 = CARTESIAN_POINT('',(0.15,60.6));
#1195 = CARTESIAN_POINT('',(0.15,0.));
#1196 = ( GEOMETRIC_REPRESENTATION_CONTEXT(2) 
PARAMETRIC_REPRESENTATION_CONTEXT() REPRESENTATION_CONTEXT('2D SPACE',''
  ) );
#1197 = PCURVE('',#944,#1198);
#1198 = DEFINITIONAL_REPRESENTATION('',(#1199),#1202);
#1199 = B_SPLINE_CURVE_WITH_KNOTS('',1,(#1200,#1201),.UNSPECIFIED.,.F.,
  .F.,(2,2),(-57.2,3.4),.PIECEWISE_BEZIER_KNOTS.);
#1200 = CARTESIAN_POINT('',(53.8,-6.3));
#1201 = CARTESIAN_POINT('',(-6.8,-6.3));
#1202 = ( GEOMETRIC_REPRESENTATION_CONTEXT(2) 
PARAMETRIC_REPRESENTATION_CONTEXT() REPRESENTATION_CONTEXT('2D SPACE',''
  ) );
#1203 = ORIENTED_EDGE('',*,*,#1204,.F.);
#1204 = EDGE_CURVE('',#1205,#1184,#1207,.T.);
#1205 = VERTEX_POINT('',#1206);
#1206 = CARTESIAN_POINT('',(58.47424290008,-0.3,1.5));
#1207 = SURFACE_CURVE('',#1208,(#1212,#1218),.PCURVE_S1.);
#1208 = LINE('',#1209,#1210);
#1209 = CARTESIAN_POINT('',(58.47424290008,-0.3,0.25));
#1210 = VECTOR('',#1211,1.);
#1211 = DIRECTION('',(-0.,-0.,-1.));
#1212 = PCURVE('',#412,#1213);
#1213 = DEFINITIONAL_REPRESENTATION('',(#1214),#1217);
#1214 = B_SPLINE_CURVE_WITH_KNOTS('',1,(#1215,#1216),.UNSPECIFIED.,.F.,
  .F.,(2,2),(-1.2500006,5.00006E-02),.PIECEWISE_BEZIER_KNOTS.);
#1215 = CARTESIAN_POINT('',(1.4500006,58.77424290008));
#1216 = CARTESIAN_POINT('',(0.1499994,58.77424290008));
#1217 = ( GEOMETRIC_REPRESENTATION_CONTEXT(2) 
PARAMETRIC_REPRESENTATION_CONTEXT() REPRESENTATION_CONTEXT('2D SPACE',''
  ) );
#1218 = PCURVE('',#1219,#1224);
#1219 = CYLINDRICAL_SURFACE('',#1220,8.02);
#1220 = AXIS2_PLACEMENT_3D('',#1221,#1222,#1223);
#1221 = CARTESIAN_POINT('',(53.505,5.995,0.25));
#1222 = DIRECTION('',(-0.,-0.,-1.));
#1223 = DIRECTION('',(1.,0.,0.));
#1224 = DEFINITIONAL_REPRESENTATION('',(#1225),#1228);
#1225 = B_SPLINE_CURVE_WITH_KNOTS('',1,(#1226,#1227),.UNSPECIFIED.,.F.,
  .F.,(2,2),(-1.2500006,5.00006E-02),.PIECEWISE_BEZIER_KNOTS.);
#1226 = CARTESIAN_POINT('',(-5.380630059242,-1.2500006));
#1227 = CARTESIAN_POINT('',(-5.380630059242,5.00006E-02));
#1228 = ( GEOMETRIC_REPRESENTATION_CONTEXT(2) 
PARAMETRIC_REPRESENTATION_CONTEXT() REPRESENTATION_CONTEXT('2D SPACE',''
  ) );
#1229 = ORIENTED_EDGE('',*,*,#1230,.F.);
#1230 = EDGE_CURVE('',#1081,#1205,#1231,.T.);
#1231 = SURFACE_CURVE('',#1232,(#1236,#1242),.PCURVE_S1.);
#1232 = LINE('',#1233,#1234);
#1233 = CARTESIAN_POINT('',(3.0975,-0.3,1.5));
#1234 = VECTOR('',#1235,1.);
#1235 = DIRECTION('',(-1.,0.,0.));
#1236 = PCURVE('',#412,#1237);
#1237 = DEFINITIONAL_REPRESENTATION('',(#1238),#1241);
#1238 = B_SPLINE_CURVE_WITH_KNOTS('',1,(#1239,#1240),.UNSPECIFIED.,.F.,
  .F.,(2,2),(-57.2025,3.3975),.PIECEWISE_BEZIER_KNOTS.);
#1239 = CARTESIAN_POINT('',(1.45,60.6));
#1240 = CARTESIAN_POINT('',(1.45,0.));
#1241 = ( GEOMETRIC_REPRESENTATION_CONTEXT(2) 
PARAMETRIC_REPRESENTATION_CONTEXT() REPRESENTATION_CONTEXT('2D SPACE',''
  ) );
#1242 = PCURVE('',#996,#1243);
#1243 = DEFINITIONAL_REPRESENTATION('',(#1244),#1247);
#1244 = B_SPLINE_CURVE_WITH_KNOTS('',1,(#1245,#1246),.UNSPECIFIED.,.F.,
  .F.,(2,2),(-57.2025,3.3975),.PIECEWISE_BEZIER_KNOTS.);
#1245 = CARTESIAN_POINT('',(53.805,2.725));
#1246 = CARTESIAN_POINT('',(-6.795,2.725));
#1247 = ( GEOMETRIC_REPRESENTATION_CONTEXT(2) 
PARAMETRIC_REPRESENTATION_CONTEXT() REPRESENTATION_CONTEXT('2D SPACE',''
  ) );
#1248 = ORIENTED_EDGE('',*,*,#1104,.T.);
#1249 = ORIENTED_EDGE('',*,*,#397,.F.);
#1250 = ORIENTED_EDGE('',*,*,#1251,.F.);
#1251 = EDGE_CURVE('',#1130,#372,#1252,.T.);
#1252 = SURFACE_CURVE('',#1253,(#1257,#1264),.PCURVE_S1.);
#1253 = LINE('',#1254,#1255);
#1254 = CARTESIAN_POINT('',(60.3,-0.3,5.E-02));
#1255 = VECTOR('',#1256,1.);
#1256 = DIRECTION('',(0.,0.,1.));
#1257 = PCURVE('',#412,#1258);
#1258 = DEFINITIONAL_REPRESENTATION('',(#1259),#1263);
#1259 = LINE('',#1260,#1261);
#1260 = CARTESIAN_POINT('',(0.,60.6));
#1261 = VECTOR('',#1262,1.);
#1262 = DIRECTION('',(1.,0.));
#1263 = ( GEOMETRIC_REPRESENTATION_CONTEXT(2) 
PARAMETRIC_REPRESENTATION_CONTEXT() REPRESENTATION_CONTEXT('2D SPACE',''
  ) );
#1264 = PCURVE('',#386,#1265);
#1265 = DEFINITIONAL_REPRESENTATION('',(#1266),#1270);
#1266 = LINE('',#1267,#1268);
#1267 = CARTESIAN_POINT('',(0.,0.));
#1268 = VECTOR('',#1269,1.);
#1269 = DIRECTION('',(1.,0.));
#1270 = ( GEOMETRIC_REPRESENTATION_CONTEXT(2) 
PARAMETRIC_REPRESENTATION_CONTEXT() REPRESENTATION_CONTEXT('2D SPACE',''
  ) );
#1271 = ADVANCED_FACE('',(#1272),#386,.F.);
#1272 = FACE_BOUND('',#1273,.F.);
#1273 = EDGE_LOOP('',(#1274,#1275,#1298,#1319,#1345,#1371,#1397,#1416));
#1274 = ORIENTED_EDGE('',*,*,#1251,.F.);
#1275 = ORIENTED_EDGE('',*,*,#1276,.T.);
#1276 = EDGE_CURVE('',#1130,#1277,#1279,.T.);
#1277 = VERTEX_POINT('',#1278);
#1278 = CARTESIAN_POINT('',(60.3,-0.196773353932,5.E-02));
#1279 = SURFACE_CURVE('',#1280,(#1284,#1291),.PCURVE_S1.);
#1280 = LINE('',#1281,#1282);
#1281 = CARTESIAN_POINT('',(60.3,-0.3,5.E-02));
#1282 = VECTOR('',#1283,1.);
#1283 = DIRECTION('',(0.,1.,0.));
#1284 = PCURVE('',#386,#1285);
#1285 = DEFINITIONAL_REPRESENTATION('',(#1286),#1290);
#1286 = LINE('',#1287,#1288);
#1287 = CARTESIAN_POINT('',(0.,0.));
#1288 = VECTOR('',#1289,1.);
#1289 = DIRECTION('',(0.,-1.));
#1290 = ( GEOMETRIC_REPRESENTATION_CONTEXT(2) 
PARAMETRIC_REPRESENTATION_CONTEXT() REPRESENTATION_CONTEXT('2D SPACE',''
  ) );
#1291 = PCURVE('',#1145,#1292);
#1292 = DEFINITIONAL_REPRESENTATION('',(#1293),#1297);
#1293 = LINE('',#1294,#1295);
#1294 = CARTESIAN_POINT('',(60.6,0.));
#1295 = VECTOR('',#1296,1.);
#1296 = DIRECTION('',(0.,1.));
#1297 = ( GEOMETRIC_REPRESENTATION_CONTEXT(2) 
PARAMETRIC_REPRESENTATION_CONTEXT() REPRESENTATION_CONTEXT('2D SPACE',''
  ) );
#1298 = ORIENTED_EDGE('',*,*,#1299,.F.);
#1299 = EDGE_CURVE('',#1300,#1277,#1302,.T.);
#1300 = VERTEX_POINT('',#1301);
#1301 = CARTESIAN_POINT('',(60.3,-0.196773353932,0.2));
#1302 = SURFACE_CURVE('',#1303,(#1307,#1313),.PCURVE_S1.);
#1303 = LINE('',#1304,#1305);
#1304 = CARTESIAN_POINT('',(60.3,-0.196773353932,-6.7));
#1305 = VECTOR('',#1306,1.);
#1306 = DIRECTION('',(-0.,-0.,-1.));
#1307 = PCURVE('',#386,#1308);
#1308 = DEFINITIONAL_REPRESENTATION('',(#1309),#1312);
#1309 = B_SPLINE_CURVE_WITH_KNOTS('',1,(#1310,#1311),.UNSPECIFIED.,.F.,
  .F.,(2,2),(-6.9000006,-6.565),.PIECEWISE_BEZIER_KNOTS.);
#1310 = CARTESIAN_POINT('',(0.1500006,-0.103226646068));
#1311 = CARTESIAN_POINT('',(-0.185,-0.103226646068));
#1312 = ( GEOMETRIC_REPRESENTATION_CONTEXT(2) 
PARAMETRIC_REPRESENTATION_CONTEXT() REPRESENTATION_CONTEXT('2D SPACE',''
  ) );
#1313 = PCURVE('',#1172,#1314);
#1314 = DEFINITIONAL_REPRESENTATION('',(#1315),#1318);
#1315 = B_SPLINE_CURVE_WITH_KNOTS('',1,(#1316,#1317),.UNSPECIFIED.,.F.,
  .F.,(2,2),(-6.9000006,-6.565),.PIECEWISE_BEZIER_KNOTS.);
#1316 = CARTESIAN_POINT('',(-5.544167428166,-6.9000006));
#1317 = CARTESIAN_POINT('',(-5.544167428166,-6.565));
#1318 = ( GEOMETRIC_REPRESENTATION_CONTEXT(2) 
PARAMETRIC_REPRESENTATION_CONTEXT() REPRESENTATION_CONTEXT('2D SPACE',''
  ) );
#1319 = ORIENTED_EDGE('',*,*,#1320,.T.);
#1320 = EDGE_CURVE('',#1300,#1321,#1323,.T.);
#1321 = VERTEX_POINT('',#1322);
#1322 = CARTESIAN_POINT('',(60.3,1.73490903853,0.2));
#1323 = SURFACE_CURVE('',#1324,(#1328,#1334),.PCURVE_S1.);
#1324 = LINE('',#1325,#1326);
#1325 = CARTESIAN_POINT('',(60.3,2.85,0.2));
#1326 = VECTOR('',#1327,1.);
#1327 = DIRECTION('',(0.,1.,0.));
#1328 = PCURVE('',#386,#1329);
#1329 = DEFINITIONAL_REPRESENTATION('',(#1330),#1333);
#1330 = B_SPLINE_CURVE_WITH_KNOTS('',1,(#1331,#1332),.UNSPECIFIED.,.F.,
  .F.,(2,2),(-3.15,102.45),.PIECEWISE_BEZIER_KNOTS.);
#1331 = CARTESIAN_POINT('',(0.15,0.));
#1332 = CARTESIAN_POINT('',(0.15,-105.6));
#1333 = ( GEOMETRIC_REPRESENTATION_CONTEXT(2) 
PARAMETRIC_REPRESENTATION_CONTEXT() REPRESENTATION_CONTEXT('2D SPACE',''
  ) );
#1334 = PCURVE('',#1335,#1340);
#1335 = PLANE('',#1336);
#1336 = AXIS2_PLACEMENT_3D('',#1337,#1338,#1339);
#1337 = CARTESIAN_POINT('',(6.5,6.,0.2));
#1338 = DIRECTION('',(0.,0.,1.));
#1339 = DIRECTION('',(1.,0.,-0.));
#1340 = DEFINITIONAL_REPRESENTATION('',(#1341),#1344);
#1341 = B_SPLINE_CURVE_WITH_KNOTS('',1,(#1342,#1343),.UNSPECIFIED.,.F.,
  .F.,(2,2),(-3.15,102.45),.PIECEWISE_BEZIER_KNOTS.);
#1342 = CARTESIAN_POINT('',(53.8,-6.3));
#1343 = CARTESIAN_POINT('',(53.8,99.3));
#1344 = ( GEOMETRIC_REPRESENTATION_CONTEXT(2) 
PARAMETRIC_REPRESENTATION_CONTEXT() REPRESENTATION_CONTEXT('2D SPACE',''
  ) );
#1345 = ORIENTED_EDGE('',*,*,#1346,.F.);
#1346 = EDGE_CURVE('',#1347,#1321,#1349,.T.);
#1347 = VERTEX_POINT('',#1348);
#1348 = CARTESIAN_POINT('',(60.3,1.73490903853,1.5));
#1349 = SURFACE_CURVE('',#1350,(#1354,#1360),.PCURVE_S1.);
#1350 = LINE('',#1351,#1352);
#1351 = CARTESIAN_POINT('',(60.3,1.73490903853,0.25));
#1352 = VECTOR('',#1353,1.);
#1353 = DIRECTION('',(-0.,-0.,-1.));
#1354 = PCURVE('',#386,#1355);
#1355 = DEFINITIONAL_REPRESENTATION('',(#1356),#1359);
#1356 = B_SPLINE_CURVE_WITH_KNOTS('',1,(#1357,#1358),.UNSPECIFIED.,.F.,
  .F.,(2,2),(-1.2500006,5.00006E-02),.PIECEWISE_BEZIER_KNOTS.);
#1357 = CARTESIAN_POINT('',(1.4500006,-2.03490903853));
#1358 = CARTESIAN_POINT('',(0.1499994,-2.03490903853));
#1359 = ( GEOMETRIC_REPRESENTATION_CONTEXT(2) 
PARAMETRIC_REPRESENTATION_CONTEXT() REPRESENTATION_CONTEXT('2D SPACE',''
  ) );
#1360 = PCURVE('',#1361,#1366);
#1361 = CYLINDRICAL_SURFACE('',#1362,8.02);
#1362 = AXIS2_PLACEMENT_3D('',#1363,#1364,#1365);
#1363 = CARTESIAN_POINT('',(53.505,5.995,0.25));
#1364 = DIRECTION('',(-0.,-0.,-1.));
#1365 = DIRECTION('',(1.,0.,0.));
#1366 = DEFINITIONAL_REPRESENTATION('',(#1367),#1370);
#1367 = B_SPLINE_CURVE_WITH_KNOTS('',1,(#1368,#1369),.UNSPECIFIED.,.F.,
  .F.,(2,2),(-1.2500006,5.00006E-02),.PIECEWISE_BEZIER_KNOTS.);
#1368 = CARTESIAN_POINT('',(-5.723188595756,-1.2500006));
#1369 = CARTESIAN_POINT('',(-5.723188595756,5.00006E-02));
#1370 = ( GEOMETRIC_REPRESENTATION_CONTEXT(2) 
PARAMETRIC_REPRESENTATION_CONTEXT() REPRESENTATION_CONTEXT('2D SPACE',''
  ) );
#1371 = ORIENTED_EDGE('',*,*,#1372,.F.);
#1372 = EDGE_CURVE('',#1373,#1347,#1375,.T.);
#1373 = VERTEX_POINT('',#1374);
#1374 = CARTESIAN_POINT('',(60.3,6.302098789954E-02,1.5));
#1375 = SURFACE_CURVE('',#1376,(#1380,#1386),.PCURVE_S1.);
#1376 = LINE('',#1377,#1378);
#1377 = CARTESIAN_POINT('',(60.3,-1.6625,1.5));
#1378 = VECTOR('',#1379,1.);
#1379 = DIRECTION('',(0.,1.,0.));
#1380 = PCURVE('',#386,#1381);
#1381 = DEFINITIONAL_REPRESENTATION('',(#1382),#1385);
#1382 = B_SPLINE_CURVE_WITH_KNOTS('',1,(#1383,#1384),.UNSPECIFIED.,.F.,
  .F.,(2,2),(1.3625,106.9625),.PIECEWISE_BEZIER_KNOTS.);
#1383 = CARTESIAN_POINT('',(1.45,0.));
#1384 = CARTESIAN_POINT('',(1.45,-105.6));
#1385 = ( GEOMETRIC_REPRESENTATION_CONTEXT(2) 
PARAMETRIC_REPRESENTATION_CONTEXT() REPRESENTATION_CONTEXT('2D SPACE',''
  ) );
#1386 = PCURVE('',#1387,#1392);
#1387 = PLANE('',#1388);
#1388 = AXIS2_PLACEMENT_3D('',#1389,#1390,#1391);
#1389 = CARTESIAN_POINT('',(6.495,-3.025,1.5));
#1390 = DIRECTION('',(0.,0.,1.));
#1391 = DIRECTION('',(1.,0.,0.));
#1392 = DEFINITIONAL_REPRESENTATION('',(#1393),#1396);
#1393 = B_SPLINE_CURVE_WITH_KNOTS('',1,(#1394,#1395),.UNSPECIFIED.,.F.,
  .F.,(2,2),(1.3625,106.9625),.PIECEWISE_BEZIER_KNOTS.);
#1394 = CARTESIAN_POINT('',(53.805,2.725));
#1395 = CARTESIAN_POINT('',(53.805,108.325));
#1396 = ( GEOMETRIC_REPRESENTATION_CONTEXT(2) 
PARAMETRIC_REPRESENTATION_CONTEXT() REPRESENTATION_CONTEXT('2D SPACE',''
  ) );
#1397 = ORIENTED_EDGE('',*,*,#1398,.T.);
#1398 = EDGE_CURVE('',#1373,#339,#1399,.T.);
#1399 = SURFACE_CURVE('',#1400,(#1404,#1410),.PCURVE_S1.);
#1400 = LINE('',#1401,#1402);
#1401 = CARTESIAN_POINT('',(60.3,6.302098789955E-02,0.35));
#1402 = VECTOR('',#1403,1.);
#1403 = DIRECTION('',(-0.,-0.,-1.));
#1404 = PCURVE('',#386,#1405);
#1405 = DEFINITIONAL_REPRESENTATION('',(#1406),#1409);
#1406 = B_SPLINE_CURVE_WITH_KNOTS('',1,(#1407,#1408),.UNSPECIFIED.,.F.,
  .F.,(2,2),(-1.1500006,-8.99994E-02),.PIECEWISE_BEZIER_KNOTS.);
#1407 = CARTESIAN_POINT('',(1.4500006,-0.3630209879));
#1408 = CARTESIAN_POINT('',(0.3899994,-0.3630209879));
#1409 = ( GEOMETRIC_REPRESENTATION_CONTEXT(2) 
PARAMETRIC_REPRESENTATION_CONTEXT() REPRESENTATION_CONTEXT('2D SPACE',''
  ) );
#1410 = PCURVE('',#359,#1411);
#1411 = DEFINITIONAL_REPRESENTATION('',(#1412),#1415);
#1412 = B_SPLINE_CURVE_WITH_KNOTS('',1,(#1413,#1414),.UNSPECIFIED.,.F.,
  .F.,(2,2),(-1.1500006,-8.99994E-02),.PIECEWISE_BEZIER_KNOTS.);
#1413 = CARTESIAN_POINT('',(-5.565493850206,-1.1500006));
#1414 = CARTESIAN_POINT('',(-5.565493850206,-8.99994E-02));
#1415 = ( GEOMETRIC_REPRESENTATION_CONTEXT(2) 
PARAMETRIC_REPRESENTATION_CONTEXT() REPRESENTATION_CONTEXT('2D SPACE',''
  ) );
#1416 = ORIENTED_EDGE('',*,*,#371,.F.);
#1417 = ADVANCED_FACE('',(#1418),#359,.T.);
#1418 = FACE_BOUND('',#1419,.F.);
#1419 = EDGE_LOOP('',(#1420,#1421,#1445,#1465));
#1420 = ORIENTED_EDGE('',*,*,#1398,.F.);
#1421 = ORIENTED_EDGE('',*,*,#1422,.T.);
#1422 = EDGE_CURVE('',#1373,#1423,#1425,.T.);
#1423 = VERTEX_POINT('',#1424);
#1424 = CARTESIAN_POINT('',(62.525,5.995,1.5));
#1425 = SURFACE_CURVE('',#1426,(#1431,#1438),.PCURVE_S1.);
#1426 = CIRCLE('',#1427,9.02);
#1427 = AXIS2_PLACEMENT_3D('',#1428,#1429,#1430);
#1428 = CARTESIAN_POINT('',(53.505,5.995,1.5));
#1429 = DIRECTION('',(0.,0.,1.));
#1430 = DIRECTION('',(1.,0.,0.));
#1431 = PCURVE('',#359,#1432);
#1432 = DEFINITIONAL_REPRESENTATION('',(#1433),#1437);
#1433 = LINE('',#1434,#1435);
#1434 = CARTESIAN_POINT('',(-0.,-1.15));
#1435 = VECTOR('',#1436,1.);
#1436 = DIRECTION('',(-1.,0.));
#1437 = ( GEOMETRIC_REPRESENTATION_CONTEXT(2) 
PARAMETRIC_REPRESENTATION_CONTEXT() REPRESENTATION_CONTEXT('2D SPACE',''
  ) );
#1438 = PCURVE('',#1387,#1439);
#1439 = DEFINITIONAL_REPRESENTATION('',(#1440),#1444);
#1440 = CIRCLE('',#1441,9.02);
#1441 = AXIS2_PLACEMENT_2D('',#1442,#1443);
#1442 = CARTESIAN_POINT('',(47.01,9.02));
#1443 = DIRECTION('',(1.,0.));
#1444 = ( GEOMETRIC_REPRESENTATION_CONTEXT(2) 
PARAMETRIC_REPRESENTATION_CONTEXT() REPRESENTATION_CONTEXT('2D SPACE',''
  ) );
#1445 = ORIENTED_EDGE('',*,*,#1446,.F.);
#1446 = EDGE_CURVE('',#313,#1423,#1447,.T.);
#1447 = SURFACE_CURVE('',#1448,(#1452,#1458),.PCURVE_S1.);
#1448 = LINE('',#1449,#1450);
#1449 = CARTESIAN_POINT('',(62.525,5.995,0.35));
#1450 = VECTOR('',#1451,1.);
#1451 = DIRECTION('',(0.,0.,1.));
#1452 = PCURVE('',#359,#1453);
#1453 = DEFINITIONAL_REPRESENTATION('',(#1454),#1457);
#1454 = B_SPLINE_CURVE_WITH_KNOTS('',1,(#1455,#1456),.UNSPECIFIED.,.F.,
  .F.,(2,2),(0.,1.15),.PIECEWISE_BEZIER_KNOTS.);
#1455 = CARTESIAN_POINT('',(-6.28318530718,0.));
#1456 = CARTESIAN_POINT('',(-6.28318530718,-1.15));
#1457 = ( GEOMETRIC_REPRESENTATION_CONTEXT(2) 
PARAMETRIC_REPRESENTATION_CONTEXT() REPRESENTATION_CONTEXT('2D SPACE',''
  ) );
#1458 = PCURVE('',#327,#1459);
#1459 = DEFINITIONAL_REPRESENTATION('',(#1460),#1464);
#1460 = LINE('',#1461,#1462);
#1461 = CARTESIAN_POINT('',(0.,0.));
#1462 = VECTOR('',#1463,1.);
#1463 = DIRECTION('',(1.,0.));
#1464 = ( GEOMETRIC_REPRESENTATION_CONTEXT(2) 
PARAMETRIC_REPRESENTATION_CONTEXT() REPRESENTATION_CONTEXT('2D SPACE',''
  ) );
#1465 = ORIENTED_EDGE('',*,*,#338,.T.);
#1466 = ADVANCED_FACE('',(#1467),#327,.T.);
#1467 = FACE_BOUND('',#1468,.T.);
#1468 = EDGE_LOOP('',(#1469,#1470,#1471,#1493));
#1469 = ORIENTED_EDGE('',*,*,#1446,.F.);
#1470 = ORIENTED_EDGE('',*,*,#312,.T.);
#1471 = ORIENTED_EDGE('',*,*,#1472,.T.);
#1472 = EDGE_CURVE('',#280,#1473,#1475,.T.);
#1473 = VERTEX_POINT('',#1474);
#1474 = CARTESIAN_POINT('',(62.525,99.005,1.5));
#1475 = SURFACE_CURVE('',#1476,(#1480,#1487),.PCURVE_S1.);
#1476 = LINE('',#1477,#1478);
#1477 = CARTESIAN_POINT('',(62.525,99.005,0.35));
#1478 = VECTOR('',#1479,1.);
#1479 = DIRECTION('',(0.,0.,1.));
#1480 = PCURVE('',#327,#1481);
#1481 = DEFINITIONAL_REPRESENTATION('',(#1482),#1486);
#1482 = LINE('',#1483,#1484);
#1483 = CARTESIAN_POINT('',(0.,-93.01));
#1484 = VECTOR('',#1485,1.);
#1485 = DIRECTION('',(1.,0.));
#1486 = ( GEOMETRIC_REPRESENTATION_CONTEXT(2) 
PARAMETRIC_REPRESENTATION_CONTEXT() REPRESENTATION_CONTEXT('2D SPACE',''
  ) );
#1487 = PCURVE('',#300,#1488);
#1488 = DEFINITIONAL_REPRESENTATION('',(#1489),#1492);
#1489 = B_SPLINE_CURVE_WITH_KNOTS('',1,(#1490,#1491),.UNSPECIFIED.,.F.,
  .F.,(2,2),(0.,1.15),.PIECEWISE_BEZIER_KNOTS.);
#1490 = CARTESIAN_POINT('',(0.,0.));
#1491 = CARTESIAN_POINT('',(0.,-1.15));
#1492 = ( GEOMETRIC_REPRESENTATION_CONTEXT(2) 
PARAMETRIC_REPRESENTATION_CONTEXT() REPRESENTATION_CONTEXT('2D SPACE',''
  ) );
#1493 = ORIENTED_EDGE('',*,*,#1494,.F.);
#1494 = EDGE_CURVE('',#1423,#1473,#1495,.T.);
#1495 = SURFACE_CURVE('',#1496,(#1500,#1507),.PCURVE_S1.);
#1496 = LINE('',#1497,#1498);
#1497 = CARTESIAN_POINT('',(62.525,5.995,1.5));
#1498 = VECTOR('',#1499,1.);
#1499 = DIRECTION('',(0.,1.,0.));
#1500 = PCURVE('',#327,#1501);
#1501 = DEFINITIONAL_REPRESENTATION('',(#1502),#1506);
#1502 = LINE('',#1503,#1504);
#1503 = CARTESIAN_POINT('',(1.15,0.));
#1504 = VECTOR('',#1505,1.);
#1505 = DIRECTION('',(0.,-1.));
#1506 = ( GEOMETRIC_REPRESENTATION_CONTEXT(2) 
PARAMETRIC_REPRESENTATION_CONTEXT() REPRESENTATION_CONTEXT('2D SPACE',''
  ) );
#1507 = PCURVE('',#1387,#1508);
#1508 = DEFINITIONAL_REPRESENTATION('',(#1509),#1513);
#1509 = LINE('',#1510,#1511);
#1510 = CARTESIAN_POINT('',(56.03,9.02));
#1511 = VECTOR('',#1512,1.);
#1512 = DIRECTION('',(0.,1.));
#1513 = ( GEOMETRIC_REPRESENTATION_CONTEXT(2) 
PARAMETRIC_REPRESENTATION_CONTEXT() REPRESENTATION_CONTEXT('2D SPACE',''
  ) );
#1514 = ADVANCED_FACE('',(#1515),#300,.T.);
#1515 = FACE_BOUND('',#1516,.F.);
#1516 = EDGE_LOOP('',(#1517,#1538,#1539,#1540));
#1517 = ORIENTED_EDGE('',*,*,#1518,.T.);
#1518 = EDGE_CURVE('',#1519,#254,#1521,.T.);
#1519 = VERTEX_POINT('',#1520);
#1520 = CARTESIAN_POINT('',(60.3,104.9369790121,1.5));
#1521 = SURFACE_CURVE('',#1522,(#1526,#1532),.PCURVE_S1.);
#1522 = LINE('',#1523,#1524);
#1523 = CARTESIAN_POINT('',(60.3,104.9369790121,0.35));
#1524 = VECTOR('',#1525,1.);
#1525 = DIRECTION('',(-0.,-0.,-1.));
#1526 = PCURVE('',#300,#1527);
#1527 = DEFINITIONAL_REPRESENTATION('',(#1528),#1531);
#1528 = B_SPLINE_CURVE_WITH_KNOTS('',1,(#1529,#1530),.UNSPECIFIED.,.F.,
  .F.,(2,2),(-1.1500006,-8.99994E-02),.PIECEWISE_BEZIER_KNOTS.);
#1529 = CARTESIAN_POINT('',(-0.717691456973,-1.1500006));
#1530 = CARTESIAN_POINT('',(-0.717691456973,-8.99994E-02));
#1531 = ( GEOMETRIC_REPRESENTATION_CONTEXT(2) 
PARAMETRIC_REPRESENTATION_CONTEXT() REPRESENTATION_CONTEXT('2D SPACE',''
  ) );
#1532 = PCURVE('',#268,#1533);
#1533 = DEFINITIONAL_REPRESENTATION('',(#1534),#1537);
#1534 = B_SPLINE_CURVE_WITH_KNOTS('',1,(#1535,#1536),.UNSPECIFIED.,.F.,
  .F.,(2,2),(-1.1500006,-8.99994E-02),.PIECEWISE_BEZIER_KNOTS.);
#1535 = CARTESIAN_POINT('',(1.4500006,-105.2369790121));
#1536 = CARTESIAN_POINT('',(0.3899994,-105.2369790121));
#1537 = ( GEOMETRIC_REPRESENTATION_CONTEXT(2) 
PARAMETRIC_REPRESENTATION_CONTEXT() REPRESENTATION_CONTEXT('2D SPACE',''
  ) );
#1538 = ORIENTED_EDGE('',*,*,#279,.T.);
#1539 = ORIENTED_EDGE('',*,*,#1472,.T.);
#1540 = ORIENTED_EDGE('',*,*,#1541,.T.);
#1541 = EDGE_CURVE('',#1473,#1519,#1542,.T.);
#1542 = SURFACE_CURVE('',#1543,(#1548,#1555),.PCURVE_S1.);
#1543 = CIRCLE('',#1544,9.02);
#1544 = AXIS2_PLACEMENT_3D('',#1545,#1546,#1547);
#1545 = CARTESIAN_POINT('',(53.505,99.005,1.5));
#1546 = DIRECTION('',(0.,0.,1.));
#1547 = DIRECTION('',(1.,0.,0.));
#1548 = PCURVE('',#300,#1549);
#1549 = DEFINITIONAL_REPRESENTATION('',(#1550),#1554);
#1550 = LINE('',#1551,#1552);
#1551 = CARTESIAN_POINT('',(-0.,-1.15));
#1552 = VECTOR('',#1553,1.);
#1553 = DIRECTION('',(-1.,0.));
#1554 = ( GEOMETRIC_REPRESENTATION_CONTEXT(2) 
PARAMETRIC_REPRESENTATION_CONTEXT() REPRESENTATION_CONTEXT('2D SPACE',''
  ) );
#1555 = PCURVE('',#1387,#1556);
#1556 = DEFINITIONAL_REPRESENTATION('',(#1557),#1561);
#1557 = CIRCLE('',#1558,9.02);
#1558 = AXIS2_PLACEMENT_2D('',#1559,#1560);
#1559 = CARTESIAN_POINT('',(47.01,102.03));
#1560 = DIRECTION('',(1.,0.));
#1561 = ( GEOMETRIC_REPRESENTATION_CONTEXT(2) 
PARAMETRIC_REPRESENTATION_CONTEXT() REPRESENTATION_CONTEXT('2D SPACE',''
  ) );
#1562 = ADVANCED_FACE('',(#1563),#268,.F.);
#1563 = FACE_BOUND('',#1564,.F.);
#1564 = EDGE_LOOP('',(#1565,#1593,#1621,#1642,#1643,#1644,#1665,#1691));
#1565 = ORIENTED_EDGE('',*,*,#1566,.T.);
#1566 = EDGE_CURVE('',#1567,#1569,#1571,.T.);
#1567 = VERTEX_POINT('',#1568);
#1568 = CARTESIAN_POINT('',(60.3,105.19677335393,0.2));
#1569 = VERTEX_POINT('',#1570);
#1570 = CARTESIAN_POINT('',(60.3,105.19677335393,5.E-02));
#1571 = SURFACE_CURVE('',#1572,(#1576,#1582),.PCURVE_S1.);
#1572 = LINE('',#1573,#1574);
#1573 = CARTESIAN_POINT('',(60.3,105.19677335393,-6.7));
#1574 = VECTOR('',#1575,1.);
#1575 = DIRECTION('',(-0.,-0.,-1.));
#1576 = PCURVE('',#268,#1577);
#1577 = DEFINITIONAL_REPRESENTATION('',(#1578),#1581);
#1578 = B_SPLINE_CURVE_WITH_KNOTS('',1,(#1579,#1580),.UNSPECIFIED.,.F.,
  .F.,(2,2),(-6.9000006,-6.565),.PIECEWISE_BEZIER_KNOTS.);
#1579 = CARTESIAN_POINT('',(0.1500006,-105.4967733539));
#1580 = CARTESIAN_POINT('',(-0.185,-105.4967733539));
#1581 = ( GEOMETRIC_REPRESENTATION_CONTEXT(2) 
PARAMETRIC_REPRESENTATION_CONTEXT() REPRESENTATION_CONTEXT('2D SPACE',''
  ) );
#1582 = PCURVE('',#1583,#1588);
#1583 = CYLINDRICAL_SURFACE('',#1584,9.2);
#1584 = AXIS2_PLACEMENT_3D('',#1585,#1586,#1587);
#1585 = CARTESIAN_POINT('',(53.5,99.,-6.7));
#1586 = DIRECTION('',(-0.,-0.,-1.));
#1587 = DIRECTION('',(1.,0.,0.));
#1588 = DEFINITIONAL_REPRESENTATION('',(#1589),#1592);
#1589 = B_SPLINE_CURVE_WITH_KNOTS('',1,(#1590,#1591),.UNSPECIFIED.,.F.,
  .F.,(2,2),(-6.9000006,-6.565),.PIECEWISE_BEZIER_KNOTS.);
#1590 = CARTESIAN_POINT('',(-0.739017879014,-6.9000006));
#1591 = CARTESIAN_POINT('',(-0.739017879014,-6.565));
#1592 = ( GEOMETRIC_REPRESENTATION_CONTEXT(2) 
PARAMETRIC_REPRESENTATION_CONTEXT() REPRESENTATION_CONTEXT('2D SPACE',''
  ) );
#1593 = ORIENTED_EDGE('',*,*,#1594,.T.);
#1594 = EDGE_CURVE('',#1569,#1595,#1597,.T.);
#1595 = VERTEX_POINT('',#1596);
#1596 = CARTESIAN_POINT('',(60.3,105.3,5.E-02));
#1597 = SURFACE_CURVE('',#1598,(#1602,#1609),.PCURVE_S1.);
#1598 = LINE('',#1599,#1600);
#1599 = CARTESIAN_POINT('',(60.3,-0.3,5.E-02));
#1600 = VECTOR('',#1601,1.);
#1601 = DIRECTION('',(0.,1.,0.));
#1602 = PCURVE('',#268,#1603);
#1603 = DEFINITIONAL_REPRESENTATION('',(#1604),#1608);
#1604 = LINE('',#1605,#1606);
#1605 = CARTESIAN_POINT('',(0.,0.));
#1606 = VECTOR('',#1607,1.);
#1607 = DIRECTION('',(0.,-1.));
#1608 = ( GEOMETRIC_REPRESENTATION_CONTEXT(2) 
PARAMETRIC_REPRESENTATION_CONTEXT() REPRESENTATION_CONTEXT('2D SPACE',''
  ) );
#1609 = PCURVE('',#1610,#1615);
#1610 = PLANE('',#1611);
#1611 = AXIS2_PLACEMENT_3D('',#1612,#1613,#1614);
#1612 = CARTESIAN_POINT('',(-0.3,-0.3,5.E-02));
#1613 = DIRECTION('',(0.,0.,1.));
#1614 = DIRECTION('',(1.,0.,0.));
#1615 = DEFINITIONAL_REPRESENTATION('',(#1616),#1620);
#1616 = LINE('',#1617,#1618);
#1617 = CARTESIAN_POINT('',(60.6,0.));
#1618 = VECTOR('',#1619,1.);
#1619 = DIRECTION('',(0.,1.));
#1620 = ( GEOMETRIC_REPRESENTATION_CONTEXT(2) 
PARAMETRIC_REPRESENTATION_CONTEXT() REPRESENTATION_CONTEXT('2D SPACE',''
  ) );
#1621 = ORIENTED_EDGE('',*,*,#1622,.T.);
#1622 = EDGE_CURVE('',#1595,#228,#1623,.T.);
#1623 = SURFACE_CURVE('',#1624,(#1628,#1635),.PCURVE_S1.);
#1624 = LINE('',#1625,#1626);
#1625 = CARTESIAN_POINT('',(60.3,105.3,5.E-02));
#1626 = VECTOR('',#1627,1.);
#1627 = DIRECTION('',(0.,0.,1.));
#1628 = PCURVE('',#268,#1629);
#1629 = DEFINITIONAL_REPRESENTATION('',(#1630),#1634);
#1630 = LINE('',#1631,#1632);
#1631 = CARTESIAN_POINT('',(0.,-105.6));
#1632 = VECTOR('',#1633,1.);
#1633 = DIRECTION('',(1.,0.));
#1634 = ( GEOMETRIC_REPRESENTATION_CONTEXT(2) 
PARAMETRIC_REPRESENTATION_CONTEXT() REPRESENTATION_CONTEXT('2D SPACE',''
  ) );
#1635 = PCURVE('',#242,#1636);
#1636 = DEFINITIONAL_REPRESENTATION('',(#1637),#1641);
#1637 = LINE('',#1638,#1639);
#1638 = CARTESIAN_POINT('',(0.,60.6));
#1639 = VECTOR('',#1640,1.);
#1640 = DIRECTION('',(1.,0.));
#1641 = ( GEOMETRIC_REPRESENTATION_CONTEXT(2) 
PARAMETRIC_REPRESENTATION_CONTEXT() REPRESENTATION_CONTEXT('2D SPACE',''
  ) );
#1642 = ORIENTED_EDGE('',*,*,#253,.F.);
#1643 = ORIENTED_EDGE('',*,*,#1518,.F.);
#1644 = ORIENTED_EDGE('',*,*,#1645,.F.);
#1645 = EDGE_CURVE('',#1646,#1519,#1648,.T.);
#1646 = VERTEX_POINT('',#1647);
#1647 = CARTESIAN_POINT('',(60.3,103.26509096147,1.5));
#1648 = SURFACE_CURVE('',#1649,(#1653,#1659),.PCURVE_S1.);
#1649 = LINE('',#1650,#1651);
#1650 = CARTESIAN_POINT('',(60.3,-1.6625,1.5));
#1651 = VECTOR('',#1652,1.);
#1652 = DIRECTION('',(0.,1.,0.));
#1653 = PCURVE('',#268,#1654);
#1654 = DEFINITIONAL_REPRESENTATION('',(#1655),#1658);
#1655 = B_SPLINE_CURVE_WITH_KNOTS('',1,(#1656,#1657),.UNSPECIFIED.,.F.,
  .F.,(2,2),(1.3625,106.9625),.PIECEWISE_BEZIER_KNOTS.);
#1656 = CARTESIAN_POINT('',(1.45,0.));
#1657 = CARTESIAN_POINT('',(1.45,-105.6));
#1658 = ( GEOMETRIC_REPRESENTATION_CONTEXT(2) 
PARAMETRIC_REPRESENTATION_CONTEXT() REPRESENTATION_CONTEXT('2D SPACE',''
  ) );
#1659 = PCURVE('',#1387,#1660);
#1660 = DEFINITIONAL_REPRESENTATION('',(#1661),#1664);
#1661 = B_SPLINE_CURVE_WITH_KNOTS('',1,(#1662,#1663),.UNSPECIFIED.,.F.,
  .F.,(2,2),(1.3625,106.9625),.PIECEWISE_BEZIER_KNOTS.);
#1662 = CARTESIAN_POINT('',(53.805,2.725));
#1663 = CARTESIAN_POINT('',(53.805,108.325));
#1664 = ( GEOMETRIC_REPRESENTATION_CONTEXT(2) 
PARAMETRIC_REPRESENTATION_CONTEXT() REPRESENTATION_CONTEXT('2D SPACE',''
  ) );
#1665 = ORIENTED_EDGE('',*,*,#1666,.T.);
#1666 = EDGE_CURVE('',#1646,#1667,#1669,.T.);
#1667 = VERTEX_POINT('',#1668);
#1668 = CARTESIAN_POINT('',(60.3,103.26509096147,0.2));
#1669 = SURFACE_CURVE('',#1670,(#1674,#1680),.PCURVE_S1.);
#1670 = LINE('',#1671,#1672);
#1671 = CARTESIAN_POINT('',(60.3,103.26509096147,0.25));
#1672 = VECTOR('',#1673,1.);
#1673 = DIRECTION('',(-0.,-0.,-1.));
#1674 = PCURVE('',#268,#1675);
#1675 = DEFINITIONAL_REPRESENTATION('',(#1676),#1679);
#1676 = B_SPLINE_CURVE_WITH_KNOTS('',1,(#1677,#1678),.UNSPECIFIED.,.F.,
  .F.,(2,2),(-1.2500006,5.00006E-02),.PIECEWISE_BEZIER_KNOTS.);
#1677 = CARTESIAN_POINT('',(1.4500006,-103.5650909614));
#1678 = CARTESIAN_POINT('',(0.1499994,-103.5650909614));
#1679 = ( GEOMETRIC_REPRESENTATION_CONTEXT(2) 
PARAMETRIC_REPRESENTATION_CONTEXT() REPRESENTATION_CONTEXT('2D SPACE',''
  ) );
#1680 = PCURVE('',#1681,#1686);
#1681 = CYLINDRICAL_SURFACE('',#1682,8.02);
#1682 = AXIS2_PLACEMENT_3D('',#1683,#1684,#1685);
#1683 = CARTESIAN_POINT('',(53.505,99.005,0.25));
#1684 = DIRECTION('',(-0.,-0.,-1.));
#1685 = DIRECTION('',(1.,0.,0.));
#1686 = DEFINITIONAL_REPRESENTATION('',(#1687),#1690);
#1687 = B_SPLINE_CURVE_WITH_KNOTS('',1,(#1688,#1689),.UNSPECIFIED.,.F.,
  .F.,(2,2),(-1.2500006,5.00006E-02),.PIECEWISE_BEZIER_KNOTS.);
#1688 = CARTESIAN_POINT('',(-0.559996711423,-1.2500006));
#1689 = CARTESIAN_POINT('',(-0.559996711423,5.00006E-02));
#1690 = ( GEOMETRIC_REPRESENTATION_CONTEXT(2) 
PARAMETRIC_REPRESENTATION_CONTEXT() REPRESENTATION_CONTEXT('2D SPACE',''
  ) );
#1691 = ORIENTED_EDGE('',*,*,#1692,.T.);
#1692 = EDGE_CURVE('',#1667,#1567,#1693,.T.);
#1693 = SURFACE_CURVE('',#1694,(#1698,#1704),.PCURVE_S1.);
#1694 = LINE('',#1695,#1696);
#1695 = CARTESIAN_POINT('',(60.3,2.85,0.2));
#1696 = VECTOR('',#1697,1.);
#1697 = DIRECTION('',(0.,1.,0.));
#1698 = PCURVE('',#268,#1699);
#1699 = DEFINITIONAL_REPRESENTATION('',(#1700),#1703);
#1700 = B_SPLINE_CURVE_WITH_KNOTS('',1,(#1701,#1702),.UNSPECIFIED.,.F.,
  .F.,(2,2),(-3.15,102.45),.PIECEWISE_BEZIER_KNOTS.);
#1701 = CARTESIAN_POINT('',(0.15,0.));
#1702 = CARTESIAN_POINT('',(0.15,-105.6));
#1703 = ( GEOMETRIC_REPRESENTATION_CONTEXT(2) 
PARAMETRIC_REPRESENTATION_CONTEXT() REPRESENTATION_CONTEXT('2D SPACE',''
  ) );
#1704 = PCURVE('',#1335,#1705);
#1705 = DEFINITIONAL_REPRESENTATION('',(#1706),#1709);
#1706 = B_SPLINE_CURVE_WITH_KNOTS('',1,(#1707,#1708),.UNSPECIFIED.,.F.,
  .F.,(2,2),(-3.15,102.45),.PIECEWISE_BEZIER_KNOTS.);
#1707 = CARTESIAN_POINT('',(53.8,-6.3));
#1708 = CARTESIAN_POINT('',(53.8,99.3));
#1709 = ( GEOMETRIC_REPRESENTATION_CONTEXT(2) 
PARAMETRIC_REPRESENTATION_CONTEXT() REPRESENTATION_CONTEXT('2D SPACE',''
  ) );
#1710 = ADVANCED_FACE('',(#1711),#242,.F.);
#1711 = FACE_BOUND('',#1712,.F.);
#1712 = EDGE_LOOP('',(#1713,#1736,#1757,#1783,#1809,#1835,#1854,#1855));
#1713 = ORIENTED_EDGE('',*,*,#1714,.F.);
#1714 = EDGE_CURVE('',#1715,#1595,#1717,.T.);
#1715 = VERTEX_POINT('',#1716);
#1716 = CARTESIAN_POINT('',(60.204476116745,105.3,5.E-02));
#1717 = SURFACE_CURVE('',#1718,(#1722,#1729),.PCURVE_S1.);
#1718 = LINE('',#1719,#1720);
#1719 = CARTESIAN_POINT('',(-0.3,105.3,5.E-02));
#1720 = VECTOR('',#1721,1.);
#1721 = DIRECTION('',(1.,0.,0.));
#1722 = PCURVE('',#242,#1723);
#1723 = DEFINITIONAL_REPRESENTATION('',(#1724),#1728);
#1724 = LINE('',#1725,#1726);
#1725 = CARTESIAN_POINT('',(0.,0.));
#1726 = VECTOR('',#1727,1.);
#1727 = DIRECTION('',(0.,1.));
#1728 = ( GEOMETRIC_REPRESENTATION_CONTEXT(2) 
PARAMETRIC_REPRESENTATION_CONTEXT() REPRESENTATION_CONTEXT('2D SPACE',''
  ) );
#1729 = PCURVE('',#1610,#1730);
#1730 = DEFINITIONAL_REPRESENTATION('',(#1731),#1735);
#1731 = LINE('',#1732,#1733);
#1732 = CARTESIAN_POINT('',(0.,105.6));
#1733 = VECTOR('',#1734,1.);
#1734 = DIRECTION('',(1.,0.));
#1735 = ( GEOMETRIC_REPRESENTATION_CONTEXT(2) 
PARAMETRIC_REPRESENTATION_CONTEXT() REPRESENTATION_CONTEXT('2D SPACE',''
  ) );
#1736 = ORIENTED_EDGE('',*,*,#1737,.F.);
#1737 = EDGE_CURVE('',#1738,#1715,#1740,.T.);
#1738 = VERTEX_POINT('',#1739);
#1739 = CARTESIAN_POINT('',(60.204476116745,105.3,0.2));
#1740 = SURFACE_CURVE('',#1741,(#1745,#1751),.PCURVE_S1.);
#1741 = LINE('',#1742,#1743);
#1742 = CARTESIAN_POINT('',(60.204476116745,105.3,-6.7));
#1743 = VECTOR('',#1744,1.);
#1744 = DIRECTION('',(-0.,-0.,-1.));
#1745 = PCURVE('',#242,#1746);
#1746 = DEFINITIONAL_REPRESENTATION('',(#1747),#1750);
#1747 = B_SPLINE_CURVE_WITH_KNOTS('',1,(#1748,#1749),.UNSPECIFIED.,.F.,
  .F.,(2,2),(-6.9000006,-6.565),.PIECEWISE_BEZIER_KNOTS.);
#1748 = CARTESIAN_POINT('',(0.1500006,60.504476116745));
#1749 = CARTESIAN_POINT('',(-0.185,60.504476116745));
#1750 = ( GEOMETRIC_REPRESENTATION_CONTEXT(2) 
PARAMETRIC_REPRESENTATION_CONTEXT() REPRESENTATION_CONTEXT('2D SPACE',''
  ) );
#1751 = PCURVE('',#1583,#1752);
#1752 = DEFINITIONAL_REPRESENTATION('',(#1753),#1756);
#1753 = B_SPLINE_CURVE_WITH_KNOTS('',1,(#1754,#1755),.UNSPECIFIED.,.F.,
  .F.,(2,2),(-6.9000006,-6.565),.PIECEWISE_BEZIER_KNOTS.);
#1754 = CARTESIAN_POINT('',(-0.754305348853,-6.9000006));
#1755 = CARTESIAN_POINT('',(-0.754305348853,-6.565));
#1756 = ( GEOMETRIC_REPRESENTATION_CONTEXT(2) 
PARAMETRIC_REPRESENTATION_CONTEXT() REPRESENTATION_CONTEXT('2D SPACE',''
  ) );
#1757 = ORIENTED_EDGE('',*,*,#1758,.T.);
#1758 = EDGE_CURVE('',#1738,#1759,#1761,.T.);
#1759 = VERTEX_POINT('',#1760);
#1760 = CARTESIAN_POINT('',(58.47424290008,105.3,0.2));
#1761 = SURFACE_CURVE('',#1762,(#1766,#1772),.PCURVE_S1.);
#1762 = LINE('',#1763,#1764);
#1763 = CARTESIAN_POINT('',(3.1,105.3,0.2));
#1764 = VECTOR('',#1765,1.);
#1765 = DIRECTION('',(-1.,0.,0.));
#1766 = PCURVE('',#242,#1767);
#1767 = DEFINITIONAL_REPRESENTATION('',(#1768),#1771);
#1768 = B_SPLINE_CURVE_WITH_KNOTS('',1,(#1769,#1770),.UNSPECIFIED.,.F.,
  .F.,(2,2),(-57.2,3.4),.PIECEWISE_BEZIER_KNOTS.);
#1769 = CARTESIAN_POINT('',(0.15,60.6));
#1770 = CARTESIAN_POINT('',(0.15,0.));
#1771 = ( GEOMETRIC_REPRESENTATION_CONTEXT(2) 
PARAMETRIC_REPRESENTATION_CONTEXT() REPRESENTATION_CONTEXT('2D SPACE',''
  ) );
#1772 = PCURVE('',#1773,#1778);
#1773 = PLANE('',#1774);
#1774 = AXIS2_PLACEMENT_3D('',#1775,#1776,#1777);
#1775 = CARTESIAN_POINT('',(6.5,6.,0.2));
#1776 = DIRECTION('',(0.,0.,1.));
#1777 = DIRECTION('',(1.,0.,-0.));
#1778 = DEFINITIONAL_REPRESENTATION('',(#1779),#1782);
#1779 = B_SPLINE_CURVE_WITH_KNOTS('',1,(#1780,#1781),.UNSPECIFIED.,.F.,
  .F.,(2,2),(-57.2,3.4),.PIECEWISE_BEZIER_KNOTS.);
#1780 = CARTESIAN_POINT('',(53.8,99.3));
#1781 = CARTESIAN_POINT('',(-6.8,99.3));
#1782 = ( GEOMETRIC_REPRESENTATION_CONTEXT(2) 
PARAMETRIC_REPRESENTATION_CONTEXT() REPRESENTATION_CONTEXT('2D SPACE',''
  ) );
#1783 = ORIENTED_EDGE('',*,*,#1784,.F.);
#1784 = EDGE_CURVE('',#1785,#1759,#1787,.T.);
#1785 = VERTEX_POINT('',#1786);
#1786 = CARTESIAN_POINT('',(58.47424290008,105.3,1.5));
#1787 = SURFACE_CURVE('',#1788,(#1792,#1798),.PCURVE_S1.);
#1788 = LINE('',#1789,#1790);
#1789 = CARTESIAN_POINT('',(58.47424290008,105.3,0.25));
#1790 = VECTOR('',#1791,1.);
#1791 = DIRECTION('',(-0.,-0.,-1.));
#1792 = PCURVE('',#242,#1793);
#1793 = DEFINITIONAL_REPRESENTATION('',(#1794),#1797);
#1794 = B_SPLINE_CURVE_WITH_KNOTS('',1,(#1795,#1796),.UNSPECIFIED.,.F.,
  .F.,(2,2),(-1.2500006,5.00006E-02),.PIECEWISE_BEZIER_KNOTS.);
#1795 = CARTESIAN_POINT('',(1.4500006,58.77424290008));
#1796 = CARTESIAN_POINT('',(0.1499994,58.77424290008));
#1797 = ( GEOMETRIC_REPRESENTATION_CONTEXT(2) 
PARAMETRIC_REPRESENTATION_CONTEXT() REPRESENTATION_CONTEXT('2D SPACE',''
  ) );
#1798 = PCURVE('',#1799,#1804);
#1799 = CYLINDRICAL_SURFACE('',#1800,8.02);
#1800 = AXIS2_PLACEMENT_3D('',#1801,#1802,#1803);
#1801 = CARTESIAN_POINT('',(53.505,99.005,0.25));
#1802 = DIRECTION('',(-0.,-0.,-1.));
#1803 = DIRECTION('',(1.,0.,0.));
#1804 = DEFINITIONAL_REPRESENTATION('',(#1805),#1808);
#1805 = B_SPLINE_CURVE_WITH_KNOTS('',1,(#1806,#1807),.UNSPECIFIED.,.F.,
  .F.,(2,2),(-1.2500006,5.00006E-02),.PIECEWISE_BEZIER_KNOTS.);
#1806 = CARTESIAN_POINT('',(-0.902555247937,-1.2500006));
#1807 = CARTESIAN_POINT('',(-0.902555247937,5.00006E-02));
#1808 = ( GEOMETRIC_REPRESENTATION_CONTEXT(2) 
PARAMETRIC_REPRESENTATION_CONTEXT() REPRESENTATION_CONTEXT('2D SPACE',''
  ) );
#1809 = ORIENTED_EDGE('',*,*,#1810,.F.);
#1810 = EDGE_CURVE('',#1811,#1785,#1813,.T.);
#1811 = VERTEX_POINT('',#1812);
#1812 = CARTESIAN_POINT('',(59.96513738244,105.3,1.5));
#1813 = SURFACE_CURVE('',#1814,(#1818,#1824),.PCURVE_S1.);
#1814 = LINE('',#1815,#1816);
#1815 = CARTESIAN_POINT('',(3.0975,105.3,1.5));
#1816 = VECTOR('',#1817,1.);
#1817 = DIRECTION('',(-1.,0.,0.));
#1818 = PCURVE('',#242,#1819);
#1819 = DEFINITIONAL_REPRESENTATION('',(#1820),#1823);
#1820 = B_SPLINE_CURVE_WITH_KNOTS('',1,(#1821,#1822),.UNSPECIFIED.,.F.,
  .F.,(2,2),(-57.2025,3.3975),.PIECEWISE_BEZIER_KNOTS.);
#1821 = CARTESIAN_POINT('',(1.45,60.6));
#1822 = CARTESIAN_POINT('',(1.45,0.));
#1823 = ( GEOMETRIC_REPRESENTATION_CONTEXT(2) 
PARAMETRIC_REPRESENTATION_CONTEXT() REPRESENTATION_CONTEXT('2D SPACE',''
  ) );
#1824 = PCURVE('',#1825,#1830);
#1825 = PLANE('',#1826);
#1826 = AXIS2_PLACEMENT_3D('',#1827,#1828,#1829);
#1827 = CARTESIAN_POINT('',(6.495,-3.025,1.5));
#1828 = DIRECTION('',(0.,0.,1.));
#1829 = DIRECTION('',(1.,0.,0.));
#1830 = DEFINITIONAL_REPRESENTATION('',(#1831),#1834);
#1831 = B_SPLINE_CURVE_WITH_KNOTS('',1,(#1832,#1833),.UNSPECIFIED.,.F.,
  .F.,(2,2),(-57.2025,3.3975),.PIECEWISE_BEZIER_KNOTS.);
#1832 = CARTESIAN_POINT('',(53.805,108.325));
#1833 = CARTESIAN_POINT('',(-6.795,108.325));
#1834 = ( GEOMETRIC_REPRESENTATION_CONTEXT(2) 
PARAMETRIC_REPRESENTATION_CONTEXT() REPRESENTATION_CONTEXT('2D SPACE',''
  ) );
#1835 = ORIENTED_EDGE('',*,*,#1836,.T.);
#1836 = EDGE_CURVE('',#1811,#195,#1837,.T.);
#1837 = SURFACE_CURVE('',#1838,(#1842,#1848),.PCURVE_S1.);
#1838 = LINE('',#1839,#1840);
#1839 = CARTESIAN_POINT('',(59.96513738244,105.3,0.35));
#1840 = VECTOR('',#1841,1.);
#1841 = DIRECTION('',(-0.,-0.,-1.));
#1842 = PCURVE('',#242,#1843);
#1843 = DEFINITIONAL_REPRESENTATION('',(#1844),#1847);
#1844 = B_SPLINE_CURVE_WITH_KNOTS('',1,(#1845,#1846),.UNSPECIFIED.,.F.,
  .F.,(2,2),(-1.1500006,-8.99994E-02),.PIECEWISE_BEZIER_KNOTS.);
#1845 = CARTESIAN_POINT('',(1.4500006,60.26513738244));
#1846 = CARTESIAN_POINT('',(0.3899994,60.26513738244));
#1847 = ( GEOMETRIC_REPRESENTATION_CONTEXT(2) 
PARAMETRIC_REPRESENTATION_CONTEXT() REPRESENTATION_CONTEXT('2D SPACE',''
  ) );
#1848 = PCURVE('',#215,#1849);
#1849 = DEFINITIONAL_REPRESENTATION('',(#1850),#1853);
#1850 = B_SPLINE_CURVE_WITH_KNOTS('',1,(#1851,#1852),.UNSPECIFIED.,.F.,
  .F.,(2,2),(-1.1500006,-8.99994E-02),.PIECEWISE_BEZIER_KNOTS.);
#1851 = CARTESIAN_POINT('',(-0.772452151782,-1.1500006));
#1852 = CARTESIAN_POINT('',(-0.772452151782,-8.99994E-02));
#1853 = ( GEOMETRIC_REPRESENTATION_CONTEXT(2) 
PARAMETRIC_REPRESENTATION_CONTEXT() REPRESENTATION_CONTEXT('2D SPACE',''
  ) );
#1854 = ORIENTED_EDGE('',*,*,#227,.F.);
#1855 = ORIENTED_EDGE('',*,*,#1622,.F.);
#1856 = ADVANCED_FACE('',(#1857),#215,.T.);
#1857 = FACE_BOUND('',#1858,.F.);
#1858 = EDGE_LOOP('',(#1859,#1882,#1883,#1884));
#1859 = ORIENTED_EDGE('',*,*,#1860,.F.);
#1860 = EDGE_CURVE('',#169,#1861,#1863,.T.);
#1861 = VERTEX_POINT('',#1862);
#1862 = CARTESIAN_POINT('',(53.505,108.025,1.5));
#1863 = SURFACE_CURVE('',#1864,(#1868,#1875),.PCURVE_S1.);
#1864 = LINE('',#1865,#1866);
#1865 = CARTESIAN_POINT('',(53.505,108.025,0.35));
#1866 = VECTOR('',#1867,1.);
#1867 = DIRECTION('',(0.,0.,1.));
#1868 = PCURVE('',#215,#1869);
#1869 = DEFINITIONAL_REPRESENTATION('',(#1870),#1874);
#1870 = LINE('',#1871,#1872);
#1871 = CARTESIAN_POINT('',(-1.570796326795,-1.110223024625E-16));
#1872 = VECTOR('',#1873,1.);
#1873 = DIRECTION('',(-0.,-1.));
#1874 = ( GEOMETRIC_REPRESENTATION_CONTEXT(2) 
PARAMETRIC_REPRESENTATION_CONTEXT() REPRESENTATION_CONTEXT('2D SPACE',''
  ) );
#1875 = PCURVE('',#183,#1876);
#1876 = DEFINITIONAL_REPRESENTATION('',(#1877),#1881);
#1877 = LINE('',#1878,#1879);
#1878 = CARTESIAN_POINT('',(0.,47.01));
#1879 = VECTOR('',#1880,1.);
#1880 = DIRECTION('',(1.,0.));
#1881 = ( GEOMETRIC_REPRESENTATION_CONTEXT(2) 
PARAMETRIC_REPRESENTATION_CONTEXT() REPRESENTATION_CONTEXT('2D SPACE',''
  ) );
#1882 = ORIENTED_EDGE('',*,*,#194,.T.);
#1883 = ORIENTED_EDGE('',*,*,#1836,.F.);
#1884 = ORIENTED_EDGE('',*,*,#1885,.T.);
#1885 = EDGE_CURVE('',#1811,#1861,#1886,.T.);
#1886 = SURFACE_CURVE('',#1887,(#1892,#1899),.PCURVE_S1.);
#1887 = CIRCLE('',#1888,9.02);
#1888 = AXIS2_PLACEMENT_3D('',#1889,#1890,#1891);
#1889 = CARTESIAN_POINT('',(53.505,99.005,1.5));
#1890 = DIRECTION('',(0.,0.,1.));
#1891 = DIRECTION('',(1.,0.,0.));
#1892 = PCURVE('',#215,#1893);
#1893 = DEFINITIONAL_REPRESENTATION('',(#1894),#1898);
#1894 = LINE('',#1895,#1896);
#1895 = CARTESIAN_POINT('',(-0.,-1.15));
#1896 = VECTOR('',#1897,1.);
#1897 = DIRECTION('',(-1.,0.));
#1898 = ( GEOMETRIC_REPRESENTATION_CONTEXT(2) 
PARAMETRIC_REPRESENTATION_CONTEXT() REPRESENTATION_CONTEXT('2D SPACE',''
  ) );
#1899 = PCURVE('',#1825,#1900);
#1900 = DEFINITIONAL_REPRESENTATION('',(#1901),#1905);
#1901 = CIRCLE('',#1902,9.02);
#1902 = AXIS2_PLACEMENT_2D('',#1903,#1904);
#1903 = CARTESIAN_POINT('',(47.01,102.03));
#1904 = DIRECTION('',(1.,0.));
#1905 = ( GEOMETRIC_REPRESENTATION_CONTEXT(2) 
PARAMETRIC_REPRESENTATION_CONTEXT() REPRESENTATION_CONTEXT('2D SPACE',''
  ) );
#1906 = ADVANCED_FACE('',(#1907),#183,.T.);
#1907 = FACE_BOUND('',#1908,.T.);
#1908 = EDGE_LOOP('',(#1909,#1910,#1911,#1932));
#1909 = ORIENTED_EDGE('',*,*,#1860,.F.);
#1910 = ORIENTED_EDGE('',*,*,#168,.T.);
#1911 = ORIENTED_EDGE('',*,*,#1912,.F.);
#1912 = EDGE_CURVE('',#1913,#143,#1915,.T.);
#1913 = VERTEX_POINT('',#1914);
#1914 = CARTESIAN_POINT('',(46.065,108.025,1.5));
#1915 = SURFACE_CURVE('',#1916,(#1920,#1926),.PCURVE_S1.);
#1916 = LINE('',#1917,#1918);
#1917 = CARTESIAN_POINT('',(46.065,108.025,-0.375));
#1918 = VECTOR('',#1919,1.);
#1919 = DIRECTION('',(0.,0.,-1.));
#1920 = PCURVE('',#183,#1921);
#1921 = DEFINITIONAL_REPRESENTATION('',(#1922),#1925);
#1922 = B_SPLINE_CURVE_WITH_KNOTS('',1,(#1923,#1924),.UNSPECIFIED.,.F.,
  .F.,(2,2),(-1.875,-0.815),.PIECEWISE_BEZIER_KNOTS.);
#1923 = CARTESIAN_POINT('',(1.15,39.57));
#1924 = CARTESIAN_POINT('',(9.E-02,39.57));
#1925 = ( GEOMETRIC_REPRESENTATION_CONTEXT(2) 
PARAMETRIC_REPRESENTATION_CONTEXT() REPRESENTATION_CONTEXT('2D SPACE',''
  ) );
#1926 = PCURVE('',#157,#1927);
#1927 = DEFINITIONAL_REPRESENTATION('',(#1928),#1931);
#1928 = B_SPLINE_CURVE_WITH_KNOTS('',1,(#1929,#1930),.UNSPECIFIED.,.F.,
  .F.,(2,2),(-1.875,-0.815),.PIECEWISE_BEZIER_KNOTS.);
#1929 = CARTESIAN_POINT('',(2.6,-3.025));
#1930 = CARTESIAN_POINT('',(1.54,-3.025));
#1931 = ( GEOMETRIC_REPRESENTATION_CONTEXT(2) 
PARAMETRIC_REPRESENTATION_CONTEXT() REPRESENTATION_CONTEXT('2D SPACE',''
  ) );
#1932 = ORIENTED_EDGE('',*,*,#1933,.T.);
#1933 = EDGE_CURVE('',#1913,#1861,#1934,.T.);
#1934 = SURFACE_CURVE('',#1935,(#1939,#1946),.PCURVE_S1.);
#1935 = LINE('',#1936,#1937);
#1936 = CARTESIAN_POINT('',(6.495,108.025,1.5));
#1937 = VECTOR('',#1938,1.);
#1938 = DIRECTION('',(1.,0.,0.));
#1939 = PCURVE('',#183,#1940);
#1940 = DEFINITIONAL_REPRESENTATION('',(#1941),#1945);
#1941 = LINE('',#1942,#1943);
#1942 = CARTESIAN_POINT('',(1.15,0.));
#1943 = VECTOR('',#1944,1.);
#1944 = DIRECTION('',(0.,1.));
#1945 = ( GEOMETRIC_REPRESENTATION_CONTEXT(2) 
PARAMETRIC_REPRESENTATION_CONTEXT() REPRESENTATION_CONTEXT('2D SPACE',''
  ) );
#1946 = PCURVE('',#1825,#1947);
#1947 = DEFINITIONAL_REPRESENTATION('',(#1948),#1952);
#1948 = LINE('',#1949,#1950);
#1949 = CARTESIAN_POINT('',(0.,111.05));
#1950 = VECTOR('',#1951,1.);
#1951 = DIRECTION('',(1.,0.));
#1952 = ( GEOMETRIC_REPRESENTATION_CONTEXT(2) 
PARAMETRIC_REPRESENTATION_CONTEXT() REPRESENTATION_CONTEXT('2D SPACE',''
  ) );
#1953 = ADVANCED_FACE('',(#1954),#157,.F.);
#1954 = FACE_BOUND('',#1955,.F.);
#1955 = EDGE_LOOP('',(#1956,#1984,#2012,#2031,#2032,#2033,#2054,#2080));
#1956 = ORIENTED_EDGE('',*,*,#1957,.T.);
#1957 = EDGE_CURVE('',#1958,#1960,#1962,.T.);
#1958 = VERTEX_POINT('',#1959);
#1959 = CARTESIAN_POINT('',(46.065,108.2,0.2));
#1960 = VERTEX_POINT('',#1961);
#1961 = CARTESIAN_POINT('',(46.065,108.2,-1.1));
#1962 = SURFACE_CURVE('',#1963,(#1967,#1973),.PCURVE_S1.);
#1963 = LINE('',#1964,#1965);
#1964 = CARTESIAN_POINT('',(46.065,108.2,-3.9));
#1965 = VECTOR('',#1966,1.);
#1966 = DIRECTION('',(0.,0.,-1.));
#1967 = PCURVE('',#157,#1968);
#1968 = DEFINITIONAL_REPRESENTATION('',(#1969),#1972);
#1969 = B_SPLINE_CURVE_WITH_KNOTS('',1,(#1970,#1971),.UNSPECIFIED.,.F.,
  .F.,(2,2),(-4.1,-2.8),.PIECEWISE_BEZIER_KNOTS.);
#1970 = CARTESIAN_POINT('',(1.3,-3.2));
#1971 = CARTESIAN_POINT('',(0.,-3.2));
#1972 = ( GEOMETRIC_REPRESENTATION_CONTEXT(2) 
PARAMETRIC_REPRESENTATION_CONTEXT() REPRESENTATION_CONTEXT('2D SPACE',''
  ) );
#1973 = PCURVE('',#1974,#1979);
#1974 = PLANE('',#1975);
#1975 = AXIS2_PLACEMENT_3D('',#1976,#1977,#1978);
#1976 = CARTESIAN_POINT('',(6.5,108.2,-6.7));
#1977 = DIRECTION('',(0.,1.,0.));
#1978 = DIRECTION('',(0.,0.,1.));
#1979 = DEFINITIONAL_REPRESENTATION('',(#1980),#1983);
#1980 = B_SPLINE_CURVE_WITH_KNOTS('',1,(#1981,#1982),.UNSPECIFIED.,.F.,
  .F.,(2,2),(-4.1,-2.8),.PIECEWISE_BEZIER_KNOTS.);
#1981 = CARTESIAN_POINT('',(6.9,39.565));
#1982 = CARTESIAN_POINT('',(5.6,39.565));
#1983 = ( GEOMETRIC_REPRESENTATION_CONTEXT(2) 
PARAMETRIC_REPRESENTATION_CONTEXT() REPRESENTATION_CONTEXT('2D SPACE',''
  ) );
#1984 = ORIENTED_EDGE('',*,*,#1985,.T.);
#1985 = EDGE_CURVE('',#1960,#1986,#1988,.T.);
#1986 = VERTEX_POINT('',#1987);
#1987 = CARTESIAN_POINT('',(46.065,110.,-1.1));
#1988 = SURFACE_CURVE('',#1989,(#1993,#2000),.PCURVE_S1.);
#1989 = LINE('',#1990,#1991);
#1990 = CARTESIAN_POINT('',(46.065,105.,-1.1));
#1991 = VECTOR('',#1992,1.);
#1992 = DIRECTION('',(0.,1.,0.));
#1993 = PCURVE('',#157,#1994);
#1994 = DEFINITIONAL_REPRESENTATION('',(#1995),#1999);
#1995 = LINE('',#1996,#1997);
#1996 = CARTESIAN_POINT('',(0.,0.));
#1997 = VECTOR('',#1998,1.);
#1998 = DIRECTION('',(0.,-1.));
#1999 = ( GEOMETRIC_REPRESENTATION_CONTEXT(2) 
PARAMETRIC_REPRESENTATION_CONTEXT() REPRESENTATION_CONTEXT('2D SPACE',''
  ) );
#2000 = PCURVE('',#2001,#2006);
#2001 = PLANE('',#2002);
#2002 = AXIS2_PLACEMENT_3D('',#2003,#2004,#2005);
#2003 = CARTESIAN_POINT('',(29.865,105.,-1.1));
#2004 = DIRECTION('',(0.,0.,1.));
#2005 = DIRECTION('',(1.,0.,-0.));
#2006 = DEFINITIONAL_REPRESENTATION('',(#2007),#2011);
#2007 = LINE('',#2008,#2009);
#2008 = CARTESIAN_POINT('',(16.2,0.));
#2009 = VECTOR('',#2010,1.);
#2010 = DIRECTION('',(0.,1.));
#2011 = ( GEOMETRIC_REPRESENTATION_CONTEXT(2) 
PARAMETRIC_REPRESENTATION_CONTEXT() REPRESENTATION_CONTEXT('2D SPACE',''
  ) );
#2012 = ORIENTED_EDGE('',*,*,#2013,.F.);
#2013 = EDGE_CURVE('',#115,#1986,#2014,.T.);
#2014 = SURFACE_CURVE('',#2015,(#2019,#2025),.PCURVE_S1.);
#2015 = LINE('',#2016,#2017);
#2016 = CARTESIAN_POINT('',(46.065,110.,-4.8));
#2017 = VECTOR('',#2018,1.);
#2018 = DIRECTION('',(0.,0.,-1.));
#2019 = PCURVE('',#157,#2020);
#2020 = DEFINITIONAL_REPRESENTATION('',(#2021),#2024);
#2021 = B_SPLINE_CURVE_WITH_KNOTS('',1,(#2022,#2023),.UNSPECIFIED.,.F.,
  .F.,(2,2),(-5.24,-3.7),.PIECEWISE_BEZIER_KNOTS.);
#2022 = CARTESIAN_POINT('',(1.54,-5.));
#2023 = CARTESIAN_POINT('',(0.,-5.));
#2024 = ( GEOMETRIC_REPRESENTATION_CONTEXT(2) 
PARAMETRIC_REPRESENTATION_CONTEXT() REPRESENTATION_CONTEXT('2D SPACE',''
  ) );
#2025 = PCURVE('',#130,#2026);
#2026 = DEFINITIONAL_REPRESENTATION('',(#2027),#2030);
#2027 = B_SPLINE_CURVE_WITH_KNOTS('',1,(#2028,#2029),.UNSPECIFIED.,.F.,
  .F.,(2,2),(-5.24,-3.7),.PIECEWISE_BEZIER_KNOTS.);
#2028 = CARTESIAN_POINT('',(8.94,39.565));
#2029 = CARTESIAN_POINT('',(7.4,39.565));
#2030 = ( GEOMETRIC_REPRESENTATION_CONTEXT(2) 
PARAMETRIC_REPRESENTATION_CONTEXT() REPRESENTATION_CONTEXT('2D SPACE',''
  ) );
#2031 = ORIENTED_EDGE('',*,*,#142,.F.);
#2032 = ORIENTED_EDGE('',*,*,#1912,.F.);
#2033 = ORIENTED_EDGE('',*,*,#2034,.F.);
#2034 = EDGE_CURVE('',#2035,#1913,#2037,.T.);
#2035 = VERTEX_POINT('',#2036);
#2036 = CARTESIAN_POINT('',(46.065,107.025,1.5));
#2037 = SURFACE_CURVE('',#2038,(#2042,#2048),.PCURVE_S1.);
#2038 = LINE('',#2039,#2040);
#2039 = CARTESIAN_POINT('',(46.065,50.9875,1.5));
#2040 = VECTOR('',#2041,1.);
#2041 = DIRECTION('',(0.,1.,0.));
#2042 = PCURVE('',#157,#2043);
#2043 = DEFINITIONAL_REPRESENTATION('',(#2044),#2047);
#2044 = B_SPLINE_CURVE_WITH_KNOTS('',1,(#2045,#2046),.UNSPECIFIED.,.F.,
  .F.,(2,2),(54.3125,57.0375),.PIECEWISE_BEZIER_KNOTS.);
#2045 = CARTESIAN_POINT('',(2.6,-0.3));
#2046 = CARTESIAN_POINT('',(2.6,-3.025));
#2047 = ( GEOMETRIC_REPRESENTATION_CONTEXT(2) 
PARAMETRIC_REPRESENTATION_CONTEXT() REPRESENTATION_CONTEXT('2D SPACE',''
  ) );
#2048 = PCURVE('',#1825,#2049);
#2049 = DEFINITIONAL_REPRESENTATION('',(#2050),#2053);
#2050 = B_SPLINE_CURVE_WITH_KNOTS('',1,(#2051,#2052),.UNSPECIFIED.,.F.,
  .F.,(2,2),(54.3125,57.0375),.PIECEWISE_BEZIER_KNOTS.);
#2051 = CARTESIAN_POINT('',(39.57,108.325));
#2052 = CARTESIAN_POINT('',(39.57,111.05));
#2053 = ( GEOMETRIC_REPRESENTATION_CONTEXT(2) 
PARAMETRIC_REPRESENTATION_CONTEXT() REPRESENTATION_CONTEXT('2D SPACE',''
  ) );
#2054 = ORIENTED_EDGE('',*,*,#2055,.T.);
#2055 = EDGE_CURVE('',#2035,#2056,#2058,.T.);
#2056 = VERTEX_POINT('',#2057);
#2057 = CARTESIAN_POINT('',(46.065,107.025,0.2));
#2058 = SURFACE_CURVE('',#2059,(#2063,#2069),.PCURVE_S1.);
#2059 = LINE('',#2060,#2061);
#2060 = CARTESIAN_POINT('',(46.065,107.025,-0.425));
#2061 = VECTOR('',#2062,1.);
#2062 = DIRECTION('',(0.,0.,-1.));
#2063 = PCURVE('',#157,#2064);
#2064 = DEFINITIONAL_REPRESENTATION('',(#2065),#2068);
#2065 = B_SPLINE_CURVE_WITH_KNOTS('',1,(#2066,#2067),.UNSPECIFIED.,.F.,
  .F.,(2,2),(-1.925,-0.625),.PIECEWISE_BEZIER_KNOTS.);
#2066 = CARTESIAN_POINT('',(2.6,-2.025));
#2067 = CARTESIAN_POINT('',(1.3,-2.025));
#2068 = ( GEOMETRIC_REPRESENTATION_CONTEXT(2) 
PARAMETRIC_REPRESENTATION_CONTEXT() REPRESENTATION_CONTEXT('2D SPACE',''
  ) );
#2069 = PCURVE('',#2070,#2075);
#2070 = PLANE('',#2071);
#2071 = AXIS2_PLACEMENT_3D('',#2072,#2073,#2074);
#2072 = CARTESIAN_POINT('',(6.495,107.025,0.25));
#2073 = DIRECTION('',(0.,1.,0.));
#2074 = DIRECTION('',(0.,0.,1.));
#2075 = DEFINITIONAL_REPRESENTATION('',(#2076),#2079);
#2076 = B_SPLINE_CURVE_WITH_KNOTS('',1,(#2077,#2078),.UNSPECIFIED.,.F.,
  .F.,(2,2),(-1.925,-0.625),.PIECEWISE_BEZIER_KNOTS.);
#2077 = CARTESIAN_POINT('',(1.25,39.57));
#2078 = CARTESIAN_POINT('',(-5.E-02,39.57));
#2079 = ( GEOMETRIC_REPRESENTATION_CONTEXT(2) 
PARAMETRIC_REPRESENTATION_CONTEXT() REPRESENTATION_CONTEXT('2D SPACE',''
  ) );
#2080 = ORIENTED_EDGE('',*,*,#2081,.T.);
#2081 = EDGE_CURVE('',#2056,#1958,#2082,.T.);
#2082 = SURFACE_CURVE('',#2083,(#2087,#2093),.PCURVE_S1.);
#2083 = LINE('',#2084,#2085);
#2084 = CARTESIAN_POINT('',(46.065,55.5,0.2));
#2085 = VECTOR('',#2086,1.);
#2086 = DIRECTION('',(0.,1.,0.));
#2087 = PCURVE('',#157,#2088);
#2088 = DEFINITIONAL_REPRESENTATION('',(#2089),#2092);
#2089 = B_SPLINE_CURVE_WITH_KNOTS('',1,(#2090,#2091),.UNSPECIFIED.,.F.,
  .F.,(2,2),(49.8,52.7),.PIECEWISE_BEZIER_KNOTS.);
#2090 = CARTESIAN_POINT('',(1.3,-0.3));
#2091 = CARTESIAN_POINT('',(1.3,-3.2));
#2092 = ( GEOMETRIC_REPRESENTATION_CONTEXT(2) 
PARAMETRIC_REPRESENTATION_CONTEXT() REPRESENTATION_CONTEXT('2D SPACE',''
  ) );
#2093 = PCURVE('',#1773,#2094);
#2094 = DEFINITIONAL_REPRESENTATION('',(#2095),#2098);
#2095 = B_SPLINE_CURVE_WITH_KNOTS('',1,(#2096,#2097),.UNSPECIFIED.,.F.,
  .F.,(2,2),(49.8,52.7),.PIECEWISE_BEZIER_KNOTS.);
#2096 = CARTESIAN_POINT('',(39.565,99.3));
#2097 = CARTESIAN_POINT('',(39.565,102.2));
#2098 = ( GEOMETRIC_REPRESENTATION_CONTEXT(2) 
PARAMETRIC_REPRESENTATION_CONTEXT() REPRESENTATION_CONTEXT('2D SPACE',''
  ) );
#2099 = ADVANCED_FACE('',(#2100),#130,.T.);
#2100 = FACE_BOUND('',#2101,.T.);
#2101 = EDGE_LOOP('',(#2102,#2125,#2148,#2176,#2204,#2230,#2249,#2250));
#2102 = ORIENTED_EDGE('',*,*,#2103,.F.);
#2103 = EDGE_CURVE('',#2104,#86,#2106,.T.);
#2104 = VERTEX_POINT('',#2105);
#2105 = CARTESIAN_POINT('',(53.5,110.,-8.5));
#2106 = SURFACE_CURVE('',#2107,(#2111,#2118),.PCURVE_S1.);
#2107 = LINE('',#2108,#2109);
#2108 = CARTESIAN_POINT('',(53.5,110.,-8.5));
#2109 = VECTOR('',#2110,1.);
#2110 = DIRECTION('',(0.,0.,1.));
#2111 = PCURVE('',#130,#2112);
#2112 = DEFINITIONAL_REPRESENTATION('',(#2113),#2117);
#2113 = LINE('',#2114,#2115);
#2114 = CARTESIAN_POINT('',(0.,47.));
#2115 = VECTOR('',#2116,1.);
#2116 = DIRECTION('',(1.,0.));
#2117 = ( GEOMETRIC_REPRESENTATION_CONTEXT(2) 
PARAMETRIC_REPRESENTATION_CONTEXT() REPRESENTATION_CONTEXT('2D SPACE',''
  ) );
#2118 = PCURVE('',#102,#2119);
#2119 = DEFINITIONAL_REPRESENTATION('',(#2120),#2124);
#2120 = LINE('',#2121,#2122);
#2121 = CARTESIAN_POINT('',(-1.570796326795,0.));
#2122 = VECTOR('',#2123,1.);
#2123 = DIRECTION('',(-0.,-1.));
#2124 = ( GEOMETRIC_REPRESENTATION_CONTEXT(2) 
PARAMETRIC_REPRESENTATION_CONTEXT() REPRESENTATION_CONTEXT('2D SPACE',''
  ) );
#2125 = ORIENTED_EDGE('',*,*,#2126,.F.);
#2126 = EDGE_CURVE('',#2127,#2104,#2129,.T.);
#2127 = VERTEX_POINT('',#2128);
#2128 = CARTESIAN_POINT('',(6.5,110.,-8.5));
#2129 = SURFACE_CURVE('',#2130,(#2134,#2141),.PCURVE_S1.);
#2130 = LINE('',#2131,#2132);
#2131 = CARTESIAN_POINT('',(6.5,110.,-8.5));
#2132 = VECTOR('',#2133,1.);
#2133 = DIRECTION('',(1.,0.,0.));
#2134 = PCURVE('',#130,#2135);
#2135 = DEFINITIONAL_REPRESENTATION('',(#2136),#2140);
#2136 = LINE('',#2137,#2138);
#2137 = CARTESIAN_POINT('',(0.,0.));
#2138 = VECTOR('',#2139,1.);
#2139 = DIRECTION('',(0.,1.));
#2140 = ( GEOMETRIC_REPRESENTATION_CONTEXT(2) 
PARAMETRIC_REPRESENTATION_CONTEXT() REPRESENTATION_CONTEXT('2D SPACE',''
  ) );
#2141 = PCURVE('',#609,#2142);
#2142 = DEFINITIONAL_REPRESENTATION('',(#2143),#2147);
#2143 = LINE('',#2144,#2145);
#2144 = CARTESIAN_POINT('',(8.881784197001E-16,104.));
#2145 = VECTOR('',#2146,1.);
#2146 = DIRECTION('',(1.,0.));
#2147 = ( GEOMETRIC_REPRESENTATION_CONTEXT(2) 
PARAMETRIC_REPRESENTATION_CONTEXT() REPRESENTATION_CONTEXT('2D SPACE',''
  ) );
#2148 = ORIENTED_EDGE('',*,*,#2149,.T.);
#2149 = EDGE_CURVE('',#2127,#2150,#2152,.T.);
#2150 = VERTEX_POINT('',#2151);
#2151 = CARTESIAN_POINT('',(6.5,110.,0.44));
#2152 = SURFACE_CURVE('',#2153,(#2157,#2164),.PCURVE_S1.);
#2153 = LINE('',#2154,#2155);
#2154 = CARTESIAN_POINT('',(6.5,110.,-8.5));
#2155 = VECTOR('',#2156,1.);
#2156 = DIRECTION('',(0.,0.,1.));
#2157 = PCURVE('',#130,#2158);
#2158 = DEFINITIONAL_REPRESENTATION('',(#2159),#2163);
#2159 = LINE('',#2160,#2161);
#2160 = CARTESIAN_POINT('',(0.,0.));
#2161 = VECTOR('',#2162,1.);
#2162 = DIRECTION('',(1.,0.));
#2163 = ( GEOMETRIC_REPRESENTATION_CONTEXT(2) 
PARAMETRIC_REPRESENTATION_CONTEXT() REPRESENTATION_CONTEXT('2D SPACE',''
  ) );
#2164 = PCURVE('',#2165,#2170);
#2165 = CYLINDRICAL_SURFACE('',#2166,11.);
#2166 = AXIS2_PLACEMENT_3D('',#2167,#2168,#2169);
#2167 = CARTESIAN_POINT('',(6.5,99.,-8.5));
#2168 = DIRECTION('',(-0.,-0.,-1.));
#2169 = DIRECTION('',(1.,0.,0.));
#2170 = DEFINITIONAL_REPRESENTATION('',(#2171),#2175);
#2171 = LINE('',#2172,#2173);
#2172 = CARTESIAN_POINT('',(-1.570796326795,0.));
#2173 = VECTOR('',#2174,1.);
#2174 = DIRECTION('',(-0.,-1.));
#2175 = ( GEOMETRIC_REPRESENTATION_CONTEXT(2) 
PARAMETRIC_REPRESENTATION_CONTEXT() REPRESENTATION_CONTEXT('2D SPACE',''
  ) );
#2176 = ORIENTED_EDGE('',*,*,#2177,.T.);
#2177 = EDGE_CURVE('',#2150,#2178,#2180,.T.);
#2178 = VERTEX_POINT('',#2179);
#2179 = CARTESIAN_POINT('',(27.865,110.,0.44));
#2180 = SURFACE_CURVE('',#2181,(#2185,#2192),.PCURVE_S1.);
#2181 = LINE('',#2182,#2183);
#2182 = CARTESIAN_POINT('',(6.5,110.,0.44));
#2183 = VECTOR('',#2184,1.);
#2184 = DIRECTION('',(1.,0.,0.));
#2185 = PCURVE('',#130,#2186);
#2186 = DEFINITIONAL_REPRESENTATION('',(#2187),#2191);
#2187 = LINE('',#2188,#2189);
#2188 = CARTESIAN_POINT('',(8.94,0.));
#2189 = VECTOR('',#2190,1.);
#2190 = DIRECTION('',(0.,1.));
#2191 = ( GEOMETRIC_REPRESENTATION_CONTEXT(2) 
PARAMETRIC_REPRESENTATION_CONTEXT() REPRESENTATION_CONTEXT('2D SPACE',''
  ) );
#2192 = PCURVE('',#2193,#2198);
#2193 = PLANE('',#2194);
#2194 = AXIS2_PLACEMENT_3D('',#2195,#2196,#2197);
#2195 = CARTESIAN_POINT('',(6.5,-5.,0.44));
#2196 = DIRECTION('',(0.,0.,1.));
#2197 = DIRECTION('',(1.,0.,0.));
#2198 = DEFINITIONAL_REPRESENTATION('',(#2199),#2203);
#2199 = LINE('',#2200,#2201);
#2200 = CARTESIAN_POINT('',(0.,115.));
#2201 = VECTOR('',#2202,1.);
#2202 = DIRECTION('',(1.,0.));
#2203 = ( GEOMETRIC_REPRESENTATION_CONTEXT(2) 
PARAMETRIC_REPRESENTATION_CONTEXT() REPRESENTATION_CONTEXT('2D SPACE',''
  ) );
#2204 = ORIENTED_EDGE('',*,*,#2205,.T.);
#2205 = EDGE_CURVE('',#2178,#2206,#2208,.T.);
#2206 = VERTEX_POINT('',#2207);
#2207 = CARTESIAN_POINT('',(27.865,110.,-1.1));
#2208 = SURFACE_CURVE('',#2209,(#2213,#2219),.PCURVE_S1.);
#2209 = LINE('',#2210,#2211);
#2210 = CARTESIAN_POINT('',(27.865,110.,-4.8));
#2211 = VECTOR('',#2212,1.);
#2212 = DIRECTION('',(0.,0.,-1.));
#2213 = PCURVE('',#130,#2214);
#2214 = DEFINITIONAL_REPRESENTATION('',(#2215),#2218);
#2215 = B_SPLINE_CURVE_WITH_KNOTS('',1,(#2216,#2217),.UNSPECIFIED.,.F.,
  .F.,(2,2),(-5.24,-3.7),.PIECEWISE_BEZIER_KNOTS.);
#2216 = CARTESIAN_POINT('',(8.94,21.365));
#2217 = CARTESIAN_POINT('',(7.4,21.365));
#2218 = ( GEOMETRIC_REPRESENTATION_CONTEXT(2) 
PARAMETRIC_REPRESENTATION_CONTEXT() REPRESENTATION_CONTEXT('2D SPACE',''
  ) );
#2219 = PCURVE('',#2220,#2225);
#2220 = PLANE('',#2221);
#2221 = AXIS2_PLACEMENT_3D('',#2222,#2223,#2224);
#2222 = CARTESIAN_POINT('',(27.865,105.,-1.1));
#2223 = DIRECTION('',(1.,0.,0.));
#2224 = DIRECTION('',(0.,0.,1.));
#2225 = DEFINITIONAL_REPRESENTATION('',(#2226),#2229);
#2226 = B_SPLINE_CURVE_WITH_KNOTS('',1,(#2227,#2228),.UNSPECIFIED.,.F.,
  .F.,(2,2),(-5.24,-3.7),.PIECEWISE_BEZIER_KNOTS.);
#2227 = CARTESIAN_POINT('',(1.54,-5.));
#2228 = CARTESIAN_POINT('',(0.,-5.));
#2229 = ( GEOMETRIC_REPRESENTATION_CONTEXT(2) 
PARAMETRIC_REPRESENTATION_CONTEXT() REPRESENTATION_CONTEXT('2D SPACE',''
  ) );
#2230 = ORIENTED_EDGE('',*,*,#2231,.T.);
#2231 = EDGE_CURVE('',#2206,#1986,#2232,.T.);
#2232 = SURFACE_CURVE('',#2233,(#2237,#2243),.PCURVE_S1.);
#2233 = LINE('',#2234,#2235);
#2234 = CARTESIAN_POINT('',(18.1825,110.,-1.1));
#2235 = VECTOR('',#2236,1.);
#2236 = DIRECTION('',(1.,0.,0.));
#2237 = PCURVE('',#130,#2238);
#2238 = DEFINITIONAL_REPRESENTATION('',(#2239),#2242);
#2239 = B_SPLINE_CURVE_WITH_KNOTS('',1,(#2240,#2241),.UNSPECIFIED.,.F.,
  .F.,(2,2),(9.6825,27.8825),.PIECEWISE_BEZIER_KNOTS.);
#2240 = CARTESIAN_POINT('',(7.4,21.365));
#2241 = CARTESIAN_POINT('',(7.4,39.565));
#2242 = ( GEOMETRIC_REPRESENTATION_CONTEXT(2) 
PARAMETRIC_REPRESENTATION_CONTEXT() REPRESENTATION_CONTEXT('2D SPACE',''
  ) );
#2243 = PCURVE('',#2001,#2244);
#2244 = DEFINITIONAL_REPRESENTATION('',(#2245),#2248);
#2245 = B_SPLINE_CURVE_WITH_KNOTS('',1,(#2246,#2247),.UNSPECIFIED.,.F.,
  .F.,(2,2),(9.6825,27.8825),.PIECEWISE_BEZIER_KNOTS.);
#2246 = CARTESIAN_POINT('',(-2.,5.));
#2247 = CARTESIAN_POINT('',(16.2,5.));
#2248 = ( GEOMETRIC_REPRESENTATION_CONTEXT(2) 
PARAMETRIC_REPRESENTATION_CONTEXT() REPRESENTATION_CONTEXT('2D SPACE',''
  ) );
#2249 = ORIENTED_EDGE('',*,*,#2013,.F.);
#2250 = ORIENTED_EDGE('',*,*,#114,.T.);
#2251 = ADVANCED_FACE('',(#2252),#102,.T.);
#2252 = FACE_BOUND('',#2253,.F.);
#2253 = EDGE_LOOP('',(#2254,#2278,#2298,#2299));
#2254 = ORIENTED_EDGE('',*,*,#2255,.F.);
#2255 = EDGE_CURVE('',#2256,#2104,#2258,.T.);
#2256 = VERTEX_POINT('',#2257);
#2257 = CARTESIAN_POINT('',(64.5,99.,-8.5));
#2258 = SURFACE_CURVE('',#2259,(#2264,#2271),.PCURVE_S1.);
#2259 = CIRCLE('',#2260,11.);
#2260 = AXIS2_PLACEMENT_3D('',#2261,#2262,#2263);
#2261 = CARTESIAN_POINT('',(53.5,99.,-8.5));
#2262 = DIRECTION('',(0.,0.,1.));
#2263 = DIRECTION('',(1.,0.,0.));
#2264 = PCURVE('',#102,#2265);
#2265 = DEFINITIONAL_REPRESENTATION('',(#2266),#2270);
#2266 = LINE('',#2267,#2268);
#2267 = CARTESIAN_POINT('',(-0.,0.));
#2268 = VECTOR('',#2269,1.);
#2269 = DIRECTION('',(-1.,0.));
#2270 = ( GEOMETRIC_REPRESENTATION_CONTEXT(2) 
PARAMETRIC_REPRESENTATION_CONTEXT() REPRESENTATION_CONTEXT('2D SPACE',''
  ) );
#2271 = PCURVE('',#609,#2272);
#2272 = DEFINITIONAL_REPRESENTATION('',(#2273),#2277);
#2273 = CIRCLE('',#2274,11.);
#2274 = AXIS2_PLACEMENT_2D('',#2275,#2276);
#2275 = CARTESIAN_POINT('',(47.,93.));
#2276 = DIRECTION('',(1.,0.));
#2277 = ( GEOMETRIC_REPRESENTATION_CONTEXT(2) 
PARAMETRIC_REPRESENTATION_CONTEXT() REPRESENTATION_CONTEXT('2D SPACE',''
  ) );
#2278 = ORIENTED_EDGE('',*,*,#2279,.T.);
#2279 = EDGE_CURVE('',#2256,#58,#2280,.T.);
#2280 = SURFACE_CURVE('',#2281,(#2285,#2291),.PCURVE_S1.);
#2281 = LINE('',#2282,#2283);
#2282 = CARTESIAN_POINT('',(64.5,99.,-8.5));
#2283 = VECTOR('',#2284,1.);
#2284 = DIRECTION('',(0.,0.,1.));
#2285 = PCURVE('',#102,#2286);
#2286 = DEFINITIONAL_REPRESENTATION('',(#2287),#2290);
#2287 = B_SPLINE_CURVE_WITH_KNOTS('',1,(#2288,#2289),.UNSPECIFIED.,.F.,
  .F.,(2,2),(0.,8.94),.PIECEWISE_BEZIER_KNOTS.);
#2288 = CARTESIAN_POINT('',(0.,0.));
#2289 = CARTESIAN_POINT('',(0.,-8.94));
#2290 = ( GEOMETRIC_REPRESENTATION_CONTEXT(2) 
PARAMETRIC_REPRESENTATION_CONTEXT() REPRESENTATION_CONTEXT('2D SPACE',''
  ) );
#2291 = PCURVE('',#73,#2292);
#2292 = DEFINITIONAL_REPRESENTATION('',(#2293),#2297);
#2293 = LINE('',#2294,#2295);
#2294 = CARTESIAN_POINT('',(0.,-93.));
#2295 = VECTOR('',#2296,1.);
#2296 = DIRECTION('',(1.,0.));
#2297 = ( GEOMETRIC_REPRESENTATION_CONTEXT(2) 
PARAMETRIC_REPRESENTATION_CONTEXT() REPRESENTATION_CONTEXT('2D SPACE',''
  ) );
#2298 = ORIENTED_EDGE('',*,*,#85,.T.);
#2299 = ORIENTED_EDGE('',*,*,#2103,.F.);
#2300 = ADVANCED_FACE('',(#2301),#73,.T.);
#2301 = FACE_BOUND('',#2302,.T.);
#2302 = EDGE_LOOP('',(#2303,#2304,#2325,#2326));
#2303 = ORIENTED_EDGE('',*,*,#570,.F.);
#2304 = ORIENTED_EDGE('',*,*,#2305,.T.);
#2305 = EDGE_CURVE('',#571,#2256,#2306,.T.);
#2306 = SURFACE_CURVE('',#2307,(#2311,#2318),.PCURVE_S1.);
#2307 = LINE('',#2308,#2309);
#2308 = CARTESIAN_POINT('',(64.5,6.,-8.5));
#2309 = VECTOR('',#2310,1.);
#2310 = DIRECTION('',(0.,1.,0.));
#2311 = PCURVE('',#73,#2312);
#2312 = DEFINITIONAL_REPRESENTATION('',(#2313),#2317);
#2313 = LINE('',#2314,#2315);
#2314 = CARTESIAN_POINT('',(0.,0.));
#2315 = VECTOR('',#2316,1.);
#2316 = DIRECTION('',(0.,-1.));
#2317 = ( GEOMETRIC_REPRESENTATION_CONTEXT(2) 
PARAMETRIC_REPRESENTATION_CONTEXT() REPRESENTATION_CONTEXT('2D SPACE',''
  ) );
#2318 = PCURVE('',#609,#2319);
#2319 = DEFINITIONAL_REPRESENTATION('',(#2320),#2324);
#2320 = LINE('',#2321,#2322);
#2321 = CARTESIAN_POINT('',(58.,8.881784197001E-16));
#2322 = VECTOR('',#2323,1.);
#2323 = DIRECTION('',(0.,1.));
#2324 = ( GEOMETRIC_REPRESENTATION_CONTEXT(2) 
PARAMETRIC_REPRESENTATION_CONTEXT() REPRESENTATION_CONTEXT('2D SPACE',''
  ) );
#2325 = ORIENTED_EDGE('',*,*,#2279,.T.);
#2326 = ORIENTED_EDGE('',*,*,#57,.F.);
#2327 = ADVANCED_FACE('',(#2328,#2409,#2444),#609,.F.);
#2328 = FACE_BOUND('',#2329,.F.);
#2329 = EDGE_LOOP('',(#2330,#2331,#2355,#2383,#2405,#2406,#2407,#2408));
#2330 = ORIENTED_EDGE('',*,*,#2126,.F.);
#2331 = ORIENTED_EDGE('',*,*,#2332,.T.);
#2332 = EDGE_CURVE('',#2127,#2333,#2335,.T.);
#2333 = VERTEX_POINT('',#2334);
#2334 = CARTESIAN_POINT('',(-4.5,99.,-8.5));
#2335 = SURFACE_CURVE('',#2336,(#2341,#2348),.PCURVE_S1.);
#2336 = CIRCLE('',#2337,11.);
#2337 = AXIS2_PLACEMENT_3D('',#2338,#2339,#2340);
#2338 = CARTESIAN_POINT('',(6.5,99.,-8.5));
#2339 = DIRECTION('',(0.,0.,1.));
#2340 = DIRECTION('',(1.,0.,0.));
#2341 = PCURVE('',#609,#2342);
#2342 = DEFINITIONAL_REPRESENTATION('',(#2343),#2347);
#2343 = CIRCLE('',#2344,11.);
#2344 = AXIS2_PLACEMENT_2D('',#2345,#2346);
#2345 = CARTESIAN_POINT('',(8.881784197001E-16,93.));
#2346 = DIRECTION('',(1.,0.));
#2347 = ( GEOMETRIC_REPRESENTATION_CONTEXT(2) 
PARAMETRIC_REPRESENTATION_CONTEXT() REPRESENTATION_CONTEXT('2D SPACE',''
  ) );
#2348 = PCURVE('',#2165,#2349);
#2349 = DEFINITIONAL_REPRESENTATION('',(#2350),#2354);
#2350 = LINE('',#2351,#2352);
#2351 = CARTESIAN_POINT('',(-0.,0.));
#2352 = VECTOR('',#2353,1.);
#2353 = DIRECTION('',(-1.,0.));
#2354 = ( GEOMETRIC_REPRESENTATION_CONTEXT(2) 
PARAMETRIC_REPRESENTATION_CONTEXT() REPRESENTATION_CONTEXT('2D SPACE',''
  ) );
#2355 = ORIENTED_EDGE('',*,*,#2356,.F.);
#2356 = EDGE_CURVE('',#2357,#2333,#2359,.T.);
#2357 = VERTEX_POINT('',#2358);
#2358 = CARTESIAN_POINT('',(-4.5,6.,-8.5));
#2359 = SURFACE_CURVE('',#2360,(#2364,#2371),.PCURVE_S1.);
#2360 = LINE('',#2361,#2362);
#2361 = CARTESIAN_POINT('',(-4.5,6.,-8.5));
#2362 = VECTOR('',#2363,1.);
#2363 = DIRECTION('',(0.,1.,0.));
#2364 = PCURVE('',#609,#2365);
#2365 = DEFINITIONAL_REPRESENTATION('',(#2366),#2370);
#2366 = LINE('',#2367,#2368);
#2367 = CARTESIAN_POINT('',(-11.,8.881784197001E-16));
#2368 = VECTOR('',#2369,1.);
#2369 = DIRECTION('',(0.,1.));
#2370 = ( GEOMETRIC_REPRESENTATION_CONTEXT(2) 
PARAMETRIC_REPRESENTATION_CONTEXT() REPRESENTATION_CONTEXT('2D SPACE',''
  ) );
#2371 = PCURVE('',#2372,#2377);
#2372 = PLANE('',#2373);
#2373 = AXIS2_PLACEMENT_3D('',#2374,#2375,#2376);
#2374 = CARTESIAN_POINT('',(-4.5,6.,-8.5));
#2375 = DIRECTION('',(1.,0.,0.));
#2376 = DIRECTION('',(0.,0.,1.));
#2377 = DEFINITIONAL_REPRESENTATION('',(#2378),#2382);
#2378 = LINE('',#2379,#2380);
#2379 = CARTESIAN_POINT('',(0.,0.));
#2380 = VECTOR('',#2381,1.);
#2381 = DIRECTION('',(0.,-1.));
#2382 = ( GEOMETRIC_REPRESENTATION_CONTEXT(2) 
PARAMETRIC_REPRESENTATION_CONTEXT() REPRESENTATION_CONTEXT('2D SPACE',''
  ) );
#2383 = ORIENTED_EDGE('',*,*,#2384,.T.);
#2384 = EDGE_CURVE('',#2357,#649,#2385,.T.);
#2385 = SURFACE_CURVE('',#2386,(#2391,#2398),.PCURVE_S1.);
#2386 = CIRCLE('',#2387,11.);
#2387 = AXIS2_PLACEMENT_3D('',#2388,#2389,#2390);
#2388 = CARTESIAN_POINT('',(6.5,6.,-8.5));
#2389 = DIRECTION('',(0.,0.,1.));
#2390 = DIRECTION('',(1.,0.,0.));
#2391 = PCURVE('',#609,#2392);
#2392 = DEFINITIONAL_REPRESENTATION('',(#2393),#2397);
#2393 = CIRCLE('',#2394,11.);
#2394 = AXIS2_PLACEMENT_2D('',#2395,#2396);
#2395 = CARTESIAN_POINT('',(8.881784197001E-16,8.881784197001E-16));
#2396 = DIRECTION('',(1.,0.));
#2397 = ( GEOMETRIC_REPRESENTATION_CONTEXT(2) 
PARAMETRIC_REPRESENTATION_CONTEXT() REPRESENTATION_CONTEXT('2D SPACE',''
  ) );
#2398 = PCURVE('',#687,#2399);
#2399 = DEFINITIONAL_REPRESENTATION('',(#2400),#2404);
#2400 = LINE('',#2401,#2402);
#2401 = CARTESIAN_POINT('',(-0.,0.));
#2402 = VECTOR('',#2403,1.);
#2403 = DIRECTION('',(-1.,0.));
#2404 = ( GEOMETRIC_REPRESENTATION_CONTEXT(2) 
PARAMETRIC_REPRESENTATION_CONTEXT() REPRESENTATION_CONTEXT('2D SPACE',''
  ) );
#2405 = ORIENTED_EDGE('',*,*,#648,.T.);
#2406 = ORIENTED_EDGE('',*,*,#592,.T.);
#2407 = ORIENTED_EDGE('',*,*,#2305,.T.);
#2408 = ORIENTED_EDGE('',*,*,#2255,.T.);
#2409 = FACE_BOUND('',#2410,.F.);
#2410 = EDGE_LOOP('',(#2411));
#2411 = ORIENTED_EDGE('',*,*,#2412,.T.);
#2412 = EDGE_CURVE('',#2413,#2413,#2415,.T.);
#2413 = VERTEX_POINT('',#2414);
#2414 = CARTESIAN_POINT('',(39.,20.,-8.5));
#2415 = SURFACE_CURVE('',#2416,(#2421,#2432),.PCURVE_S1.);
#2416 = CIRCLE('',#2417,17.5);
#2417 = AXIS2_PLACEMENT_3D('',#2418,#2419,#2420);
#2418 = CARTESIAN_POINT('',(21.5,20.,-8.5));
#2419 = DIRECTION('',(0.,0.,-1.));
#2420 = DIRECTION('',(1.,0.,0.));
#2421 = PCURVE('',#609,#2422);
#2422 = DEFINITIONAL_REPRESENTATION('',(#2423),#2431);
#2423 = ( BOUNDED_CURVE() B_SPLINE_CURVE(2,(#2424,#2425,#2426,#2427,
#2428,#2429,#2430),.UNSPECIFIED.,.T.,.F.) B_SPLINE_CURVE_WITH_KNOTS((1,2
    ,2,2,2,1),(-2.094395102393,0.,2.094395102393,4.188790204786,
6.28318530718,8.377580409573),.UNSPECIFIED.) CURVE() 
GEOMETRIC_REPRESENTATION_ITEM() RATIONAL_B_SPLINE_CURVE((1.,0.5,1.,0.5,
1.,0.5,1.)) REPRESENTATION_ITEM('') );
#2424 = CARTESIAN_POINT('',(32.5,14.));
#2425 = CARTESIAN_POINT('',(32.5,-16.31088913245));
#2426 = CARTESIAN_POINT('',(6.25,-1.155444566228));
#2427 = CARTESIAN_POINT('',(-20.,14.));
#2428 = CARTESIAN_POINT('',(6.25,29.155444566228));
#2429 = CARTESIAN_POINT('',(32.5,44.310889132455));
#2430 = CARTESIAN_POINT('',(32.5,14.));
#2431 = ( GEOMETRIC_REPRESENTATION_CONTEXT(2) 
PARAMETRIC_REPRESENTATION_CONTEXT() REPRESENTATION_CONTEXT('2D SPACE',''
  ) );
#2432 = PCURVE('',#2433,#2438);
#2433 = CYLINDRICAL_SURFACE('',#2434,17.5);
#2434 = AXIS2_PLACEMENT_3D('',#2435,#2436,#2437);
#2435 = CARTESIAN_POINT('',(21.5,20.,-11.95));
#2436 = DIRECTION('',(-0.,-0.,-1.));
#2437 = DIRECTION('',(1.,0.,0.));
#2438 = DEFINITIONAL_REPRESENTATION('',(#2439),#2443);
#2439 = LINE('',#2440,#2441);
#2440 = CARTESIAN_POINT('',(-6.28318530718,-3.45));
#2441 = VECTOR('',#2442,1.);
#2442 = DIRECTION('',(1.,-0.));
#2443 = ( GEOMETRIC_REPRESENTATION_CONTEXT(2) 
PARAMETRIC_REPRESENTATION_CONTEXT() REPRESENTATION_CONTEXT('2D SPACE',''
  ) );
#2444 = FACE_BOUND('',#2445,.F.);
#2445 = EDGE_LOOP('',(#2446,#2474,#2507,#2533,#2566,#2592,#2625,#2651));
#2446 = ORIENTED_EDGE('',*,*,#2447,.F.);
#2447 = EDGE_CURVE('',#2448,#2450,#2452,.T.);
#2448 = VERTEX_POINT('',#2449);
#2449 = CARTESIAN_POINT('',(41.,97.,-8.5));
#2450 = VERTEX_POINT('',#2451);
#2451 = CARTESIAN_POINT('',(19.,97.,-8.5));
#2452 = SURFACE_CURVE('',#2453,(#2457,#2463),.PCURVE_S1.);
#2453 = LINE('',#2454,#2455);
#2454 = CARTESIAN_POINT('',(12.75,97.,-8.5));
#2455 = VECTOR('',#2456,1.);
#2456 = DIRECTION('',(-1.,0.,0.));
#2457 = PCURVE('',#609,#2458);
#2458 = DEFINITIONAL_REPRESENTATION('',(#2459),#2462);
#2459 = B_SPLINE_CURVE_WITH_KNOTS('',1,(#2460,#2461),.UNSPECIFIED.,.F.,
  .F.,(2,2),(-28.25,-6.25),.PIECEWISE_BEZIER_KNOTS.);
#2460 = CARTESIAN_POINT('',(34.5,91.));
#2461 = CARTESIAN_POINT('',(12.5,91.));
#2462 = ( GEOMETRIC_REPRESENTATION_CONTEXT(2) 
PARAMETRIC_REPRESENTATION_CONTEXT() REPRESENTATION_CONTEXT('2D SPACE',''
  ) );
#2463 = PCURVE('',#2464,#2469);
#2464 = PLANE('',#2465);
#2465 = AXIS2_PLACEMENT_3D('',#2466,#2467,#2468);
#2466 = CARTESIAN_POINT('',(19.,97.,-12.));
#2467 = DIRECTION('',(0.,1.,0.));
#2468 = DIRECTION('',(0.,0.,1.));
#2469 = DEFINITIONAL_REPRESENTATION('',(#2470),#2473);
#2470 = B_SPLINE_CURVE_WITH_KNOTS('',1,(#2471,#2472),.UNSPECIFIED.,.F.,
  .F.,(2,2),(-28.25,-6.25),.PIECEWISE_BEZIER_KNOTS.);
#2471 = CARTESIAN_POINT('',(3.5,22.));
#2472 = CARTESIAN_POINT('',(3.5,0.));
#2473 = ( GEOMETRIC_REPRESENTATION_CONTEXT(2) 
PARAMETRIC_REPRESENTATION_CONTEXT() REPRESENTATION_CONTEXT('2D SPACE',''
  ) );
#2474 = ORIENTED_EDGE('',*,*,#2475,.T.);
#2475 = EDGE_CURVE('',#2448,#2476,#2478,.T.);
#2476 = VERTEX_POINT('',#2477);
#2477 = CARTESIAN_POINT('',(49.,89.,-8.5));
#2478 = SURFACE_CURVE('',#2479,(#2484,#2495),.PCURVE_S1.);
#2479 = CIRCLE('',#2480,8.);
#2480 = AXIS2_PLACEMENT_3D('',#2481,#2482,#2483);
#2481 = CARTESIAN_POINT('',(41.,89.,-8.5));
#2482 = DIRECTION('',(0.,0.,-1.));
#2483 = DIRECTION('',(1.,0.,0.));
#2484 = PCURVE('',#609,#2485);
#2485 = DEFINITIONAL_REPRESENTATION('',(#2486),#2494);
#2486 = ( BOUNDED_CURVE() B_SPLINE_CURVE(2,(#2487,#2488,#2489,#2490,
#2491,#2492,#2493),.UNSPECIFIED.,.T.,.F.) B_SPLINE_CURVE_WITH_KNOTS((1,2
    ,2,2,2,1),(-2.094395102393,0.,2.094395102393,4.188790204786,
6.28318530718,8.377580409573),.UNSPECIFIED.) CURVE() 
GEOMETRIC_REPRESENTATION_ITEM() RATIONAL_B_SPLINE_CURVE((1.,0.5,1.,0.5,
1.,0.5,1.)) REPRESENTATION_ITEM('') );
#2487 = CARTESIAN_POINT('',(42.5,83.));
#2488 = CARTESIAN_POINT('',(42.5,69.143593539449));
#2489 = CARTESIAN_POINT('',(30.5,76.071796769724));
#2490 = CARTESIAN_POINT('',(18.5,83.));
#2491 = CARTESIAN_POINT('',(30.5,89.928203230276));
#2492 = CARTESIAN_POINT('',(42.5,96.856406460551));
#2493 = CARTESIAN_POINT('',(42.5,83.));
#2494 = ( GEOMETRIC_REPRESENTATION_CONTEXT(2) 
PARAMETRIC_REPRESENTATION_CONTEXT() REPRESENTATION_CONTEXT('2D SPACE',''
  ) );
#2495 = PCURVE('',#2496,#2501);
#2496 = CYLINDRICAL_SURFACE('',#2497,8.);
#2497 = AXIS2_PLACEMENT_3D('',#2498,#2499,#2500);
#2498 = CARTESIAN_POINT('',(41.,89.,-12.));
#2499 = DIRECTION('',(-0.,-0.,-1.));
#2500 = DIRECTION('',(1.,0.,0.));
#2501 = DEFINITIONAL_REPRESENTATION('',(#2502),#2506);
#2502 = LINE('',#2503,#2504);
#2503 = CARTESIAN_POINT('',(-6.28318530718,-3.5));
#2504 = VECTOR('',#2505,1.);
#2505 = DIRECTION('',(1.,-0.));
#2506 = ( GEOMETRIC_REPRESENTATION_CONTEXT(2) 
PARAMETRIC_REPRESENTATION_CONTEXT() REPRESENTATION_CONTEXT('2D SPACE',''
  ) );
#2507 = ORIENTED_EDGE('',*,*,#2508,.F.);
#2508 = EDGE_CURVE('',#2509,#2476,#2511,.T.);
#2509 = VERTEX_POINT('',#2510);
#2510 = CARTESIAN_POINT('',(49.,51.,-8.5));
#2511 = SURFACE_CURVE('',#2512,(#2516,#2522),.PCURVE_S1.);
#2512 = LINE('',#2513,#2514);
#2513 = CARTESIAN_POINT('',(49.,28.5,-8.5));
#2514 = VECTOR('',#2515,1.);
#2515 = DIRECTION('',(0.,1.,0.));
#2516 = PCURVE('',#609,#2517);
#2517 = DEFINITIONAL_REPRESENTATION('',(#2518),#2521);
#2518 = B_SPLINE_CURVE_WITH_KNOTS('',1,(#2519,#2520),.UNSPECIFIED.,.F.,
  .F.,(2,2),(22.5,60.5),.PIECEWISE_BEZIER_KNOTS.);
#2519 = CARTESIAN_POINT('',(42.5,45.));
#2520 = CARTESIAN_POINT('',(42.5,83.));
#2521 = ( GEOMETRIC_REPRESENTATION_CONTEXT(2) 
PARAMETRIC_REPRESENTATION_CONTEXT() REPRESENTATION_CONTEXT('2D SPACE',''
  ) );
#2522 = PCURVE('',#2523,#2528);
#2523 = PLANE('',#2524);
#2524 = AXIS2_PLACEMENT_3D('',#2525,#2526,#2527);
#2525 = CARTESIAN_POINT('',(49.,51.,-12.));
#2526 = DIRECTION('',(1.,0.,0.));
#2527 = DIRECTION('',(0.,0.,1.));
#2528 = DEFINITIONAL_REPRESENTATION('',(#2529),#2532);
#2529 = B_SPLINE_CURVE_WITH_KNOTS('',1,(#2530,#2531),.UNSPECIFIED.,.F.,
  .F.,(2,2),(22.5,60.5),.PIECEWISE_BEZIER_KNOTS.);
#2530 = CARTESIAN_POINT('',(3.5,0.));
#2531 = CARTESIAN_POINT('',(3.5,-38.));
#2532 = ( GEOMETRIC_REPRESENTATION_CONTEXT(2) 
PARAMETRIC_REPRESENTATION_CONTEXT() REPRESENTATION_CONTEXT('2D SPACE',''
  ) );
#2533 = ORIENTED_EDGE('',*,*,#2534,.T.);
#2534 = EDGE_CURVE('',#2509,#2535,#2537,.T.);
#2535 = VERTEX_POINT('',#2536);
#2536 = CARTESIAN_POINT('',(41.,43.,-8.5));
#2537 = SURFACE_CURVE('',#2538,(#2543,#2554),.PCURVE_S1.);
#2538 = CIRCLE('',#2539,8.);
#2539 = AXIS2_PLACEMENT_3D('',#2540,#2541,#2542);
#2540 = CARTESIAN_POINT('',(41.,51.,-8.5));
#2541 = DIRECTION('',(0.,0.,-1.));
#2542 = DIRECTION('',(1.,0.,0.));
#2543 = PCURVE('',#609,#2544);
#2544 = DEFINITIONAL_REPRESENTATION('',(#2545),#2553);
#2545 = ( BOUNDED_CURVE() B_SPLINE_CURVE(2,(#2546,#2547,#2548,#2549,
#2550,#2551,#2552),.UNSPECIFIED.,.T.,.F.) B_SPLINE_CURVE_WITH_KNOTS((1,2
    ,2,2,2,1),(-2.094395102393,0.,2.094395102393,4.188790204786,
6.28318530718,8.377580409573),.UNSPECIFIED.) CURVE() 
GEOMETRIC_REPRESENTATION_ITEM() RATIONAL_B_SPLINE_CURVE((1.,0.5,1.,0.5,
1.,0.5,1.)) REPRESENTATION_ITEM('') );
#2546 = CARTESIAN_POINT('',(42.5,45.));
#2547 = CARTESIAN_POINT('',(42.5,31.143593539449));
#2548 = CARTESIAN_POINT('',(30.5,38.071796769724));
#2549 = CARTESIAN_POINT('',(18.5,45.));
#2550 = CARTESIAN_POINT('',(30.5,51.928203230276));
#2551 = CARTESIAN_POINT('',(42.5,58.856406460551));
#2552 = CARTESIAN_POINT('',(42.5,45.));
#2553 = ( GEOMETRIC_REPRESENTATION_CONTEXT(2) 
PARAMETRIC_REPRESENTATION_CONTEXT() REPRESENTATION_CONTEXT('2D SPACE',''
  ) );
#2554 = PCURVE('',#2555,#2560);
#2555 = CYLINDRICAL_SURFACE('',#2556,8.);
#2556 = AXIS2_PLACEMENT_3D('',#2557,#2558,#2559);
#2557 = CARTESIAN_POINT('',(41.,51.,-12.));
#2558 = DIRECTION('',(-0.,-0.,-1.));
#2559 = DIRECTION('',(1.,0.,0.));
#2560 = DEFINITIONAL_REPRESENTATION('',(#2561),#2565);
#2561 = LINE('',#2562,#2563);
#2562 = CARTESIAN_POINT('',(-6.28318530718,-3.5));
#2563 = VECTOR('',#2564,1.);
#2564 = DIRECTION('',(1.,-0.));
#2565 = ( GEOMETRIC_REPRESENTATION_CONTEXT(2) 
PARAMETRIC_REPRESENTATION_CONTEXT() REPRESENTATION_CONTEXT('2D SPACE',''
  ) );
#2566 = ORIENTED_EDGE('',*,*,#2567,.T.);
#2567 = EDGE_CURVE('',#2535,#2568,#2570,.T.);
#2568 = VERTEX_POINT('',#2569);
#2569 = CARTESIAN_POINT('',(19.,43.,-8.5));
#2570 = SURFACE_CURVE('',#2571,(#2575,#2581),.PCURVE_S1.);
#2571 = LINE('',#2572,#2573);
#2572 = CARTESIAN_POINT('',(12.75,43.,-8.5));
#2573 = VECTOR('',#2574,1.);
#2574 = DIRECTION('',(-1.,0.,0.));
#2575 = PCURVE('',#609,#2576);
#2576 = DEFINITIONAL_REPRESENTATION('',(#2577),#2580);
#2577 = B_SPLINE_CURVE_WITH_KNOTS('',1,(#2578,#2579),.UNSPECIFIED.,.F.,
  .F.,(2,2),(-28.25,-6.25),.PIECEWISE_BEZIER_KNOTS.);
#2578 = CARTESIAN_POINT('',(34.5,37.));
#2579 = CARTESIAN_POINT('',(12.5,37.));
#2580 = ( GEOMETRIC_REPRESENTATION_CONTEXT(2) 
PARAMETRIC_REPRESENTATION_CONTEXT() REPRESENTATION_CONTEXT('2D SPACE',''
  ) );
#2581 = PCURVE('',#2582,#2587);
#2582 = PLANE('',#2583);
#2583 = AXIS2_PLACEMENT_3D('',#2584,#2585,#2586);
#2584 = CARTESIAN_POINT('',(19.,43.,-12.));
#2585 = DIRECTION('',(0.,1.,0.));
#2586 = DIRECTION('',(0.,0.,1.));
#2587 = DEFINITIONAL_REPRESENTATION('',(#2588),#2591);
#2588 = B_SPLINE_CURVE_WITH_KNOTS('',1,(#2589,#2590),.UNSPECIFIED.,.F.,
  .F.,(2,2),(-28.25,-6.25),.PIECEWISE_BEZIER_KNOTS.);
#2589 = CARTESIAN_POINT('',(3.5,22.));
#2590 = CARTESIAN_POINT('',(3.5,0.));
#2591 = ( GEOMETRIC_REPRESENTATION_CONTEXT(2) 
PARAMETRIC_REPRESENTATION_CONTEXT() REPRESENTATION_CONTEXT('2D SPACE',''
  ) );
#2592 = ORIENTED_EDGE('',*,*,#2593,.T.);
#2593 = EDGE_CURVE('',#2568,#2594,#2596,.T.);
#2594 = VERTEX_POINT('',#2595);
#2595 = CARTESIAN_POINT('',(11.,51.,-8.5));
#2596 = SURFACE_CURVE('',#2597,(#2602,#2613),.PCURVE_S1.);
#2597 = CIRCLE('',#2598,8.);
#2598 = AXIS2_PLACEMENT_3D('',#2599,#2600,#2601);
#2599 = CARTESIAN_POINT('',(19.,51.,-8.5));
#2600 = DIRECTION('',(0.,0.,-1.));
#2601 = DIRECTION('',(1.,0.,0.));
#2602 = PCURVE('',#609,#2603);
#2603 = DEFINITIONAL_REPRESENTATION('',(#2604),#2612);
#2604 = ( BOUNDED_CURVE() B_SPLINE_CURVE(2,(#2605,#2606,#2607,#2608,
#2609,#2610,#2611),.UNSPECIFIED.,.T.,.F.) B_SPLINE_CURVE_WITH_KNOTS((1,2
    ,2,2,2,1),(-2.094395102393,0.,2.094395102393,4.188790204786,
6.28318530718,8.377580409573),.UNSPECIFIED.) CURVE() 
GEOMETRIC_REPRESENTATION_ITEM() RATIONAL_B_SPLINE_CURVE((1.,0.5,1.,0.5,
1.,0.5,1.)) REPRESENTATION_ITEM('') );
#2605 = CARTESIAN_POINT('',(20.5,45.));
#2606 = CARTESIAN_POINT('',(20.5,31.143593539449));
#2607 = CARTESIAN_POINT('',(8.5,38.071796769724));
#2608 = CARTESIAN_POINT('',(-3.5,45.));
#2609 = CARTESIAN_POINT('',(8.5,51.928203230276));
#2610 = CARTESIAN_POINT('',(20.5,58.856406460551));
#2611 = CARTESIAN_POINT('',(20.5,45.));
#2612 = ( GEOMETRIC_REPRESENTATION_CONTEXT(2) 
PARAMETRIC_REPRESENTATION_CONTEXT() REPRESENTATION_CONTEXT('2D SPACE',''
  ) );
#2613 = PCURVE('',#2614,#2619);
#2614 = CYLINDRICAL_SURFACE('',#2615,8.);
#2615 = AXIS2_PLACEMENT_3D('',#2616,#2617,#2618);
#2616 = CARTESIAN_POINT('',(19.,51.,-12.));
#2617 = DIRECTION('',(-0.,-0.,-1.));
#2618 = DIRECTION('',(1.,0.,0.));
#2619 = DEFINITIONAL_REPRESENTATION('',(#2620),#2624);
#2620 = LINE('',#2621,#2622);
#2621 = CARTESIAN_POINT('',(-6.28318530718,-3.5));
#2622 = VECTOR('',#2623,1.);
#2623 = DIRECTION('',(1.,-0.));
#2624 = ( GEOMETRIC_REPRESENTATION_CONTEXT(2) 
PARAMETRIC_REPRESENTATION_CONTEXT() REPRESENTATION_CONTEXT('2D SPACE',''
  ) );
#2625 = ORIENTED_EDGE('',*,*,#2626,.T.);
#2626 = EDGE_CURVE('',#2594,#2627,#2629,.T.);
#2627 = VERTEX_POINT('',#2628);
#2628 = CARTESIAN_POINT('',(11.,89.,-8.5));
#2629 = SURFACE_CURVE('',#2630,(#2634,#2640),.PCURVE_S1.);
#2630 = LINE('',#2631,#2632);
#2631 = CARTESIAN_POINT('',(11.,28.5,-8.5));
#2632 = VECTOR('',#2633,1.);
#2633 = DIRECTION('',(0.,1.,0.));
#2634 = PCURVE('',#609,#2635);
#2635 = DEFINITIONAL_REPRESENTATION('',(#2636),#2639);
#2636 = B_SPLINE_CURVE_WITH_KNOTS('',1,(#2637,#2638),.UNSPECIFIED.,.F.,
  .F.,(2,2),(22.5,60.5),.PIECEWISE_BEZIER_KNOTS.);
#2637 = CARTESIAN_POINT('',(4.5,45.));
#2638 = CARTESIAN_POINT('',(4.5,83.));
#2639 = ( GEOMETRIC_REPRESENTATION_CONTEXT(2) 
PARAMETRIC_REPRESENTATION_CONTEXT() REPRESENTATION_CONTEXT('2D SPACE',''
  ) );
#2640 = PCURVE('',#2641,#2646);
#2641 = PLANE('',#2642);
#2642 = AXIS2_PLACEMENT_3D('',#2643,#2644,#2645);
#2643 = CARTESIAN_POINT('',(11.,51.,-12.));
#2644 = DIRECTION('',(1.,0.,0.));
#2645 = DIRECTION('',(0.,0.,1.));
#2646 = DEFINITIONAL_REPRESENTATION('',(#2647),#2650);
#2647 = B_SPLINE_CURVE_WITH_KNOTS('',1,(#2648,#2649),.UNSPECIFIED.,.F.,
  .F.,(2,2),(22.5,60.5),.PIECEWISE_BEZIER_KNOTS.);
#2648 = CARTESIAN_POINT('',(3.5,0.));
#2649 = CARTESIAN_POINT('',(3.5,-38.));
#2650 = ( GEOMETRIC_REPRESENTATION_CONTEXT(2) 
PARAMETRIC_REPRESENTATION_CONTEXT() REPRESENTATION_CONTEXT('2D SPACE',''
  ) );
#2651 = ORIENTED_EDGE('',*,*,#2652,.T.);
#2652 = EDGE_CURVE('',#2627,#2450,#2653,.T.);
#2653 = SURFACE_CURVE('',#2654,(#2659,#2670),.PCURVE_S1.);
#2654 = CIRCLE('',#2655,8.);
#2655 = AXIS2_PLACEMENT_3D('',#2656,#2657,#2658);
#2656 = CARTESIAN_POINT('',(19.,89.,-8.5));
#2657 = DIRECTION('',(0.,0.,-1.));
#2658 = DIRECTION('',(1.,0.,0.));
#2659 = PCURVE('',#609,#2660);
#2660 = DEFINITIONAL_REPRESENTATION('',(#2661),#2669);
#2661 = ( BOUNDED_CURVE() B_SPLINE_CURVE(2,(#2662,#2663,#2664,#2665,
#2666,#2667,#2668),.UNSPECIFIED.,.T.,.F.) B_SPLINE_CURVE_WITH_KNOTS((1,2
    ,2,2,2,1),(-2.094395102393,0.,2.094395102393,4.188790204786,
6.28318530718,8.377580409573),.UNSPECIFIED.) CURVE() 
GEOMETRIC_REPRESENTATION_ITEM() RATIONAL_B_SPLINE_CURVE((1.,0.5,1.,0.5,
1.,0.5,1.)) REPRESENTATION_ITEM('') );
#2662 = CARTESIAN_POINT('',(20.5,83.));
#2663 = CARTESIAN_POINT('',(20.5,69.143593539449));
#2664 = CARTESIAN_POINT('',(8.5,76.071796769724));
#2665 = CARTESIAN_POINT('',(-3.5,83.));
#2666 = CARTESIAN_POINT('',(8.5,89.928203230276));
#2667 = CARTESIAN_POINT('',(20.5,96.856406460551));
#2668 = CARTESIAN_POINT('',(20.5,83.));
#2669 = ( GEOMETRIC_REPRESENTATION_CONTEXT(2) 
PARAMETRIC_REPRESENTATION_CONTEXT() REPRESENTATION_CONTEXT('2D SPACE',''
  ) );
#2670 = PCURVE('',#2671,#2676);
#2671 = CYLINDRICAL_SURFACE('',#2672,8.);
#2672 = AXIS2_PLACEMENT_3D('',#2673,#2674,#2675);
#2673 = CARTESIAN_POINT('',(19.,89.,-12.));
#2674 = DIRECTION('',(-0.,-0.,-1.));
#2675 = DIRECTION('',(1.,0.,0.));
#2676 = DEFINITIONAL_REPRESENTATION('',(#2677),#2681);
#2677 = LINE('',#2678,#2679);
#2678 = CARTESIAN_POINT('',(-6.28318530718,-3.5));
#2679 = VECTOR('',#2680,1.);
#2680 = DIRECTION('',(1.,-0.));
#2681 = ( GEOMETRIC_REPRESENTATION_CONTEXT(2) 
PARAMETRIC_REPRESENTATION_CONTEXT() REPRESENTATION_CONTEXT('2D SPACE',''
  ) );
#2682 = ADVANCED_FACE('',(#2683),#797,.T.);
#2683 = FACE_BOUND('',#2684,.T.);
#2684 = EDGE_LOOP('',(#2685,#2686,#2707,#2735,#2757,#2758));
#2685 = ORIENTED_EDGE('',*,*,#880,.T.);
#2686 = ORIENTED_EDGE('',*,*,#2687,.F.);
#2687 = EDGE_CURVE('',#2688,#881,#2690,.T.);
#2688 = VERTEX_POINT('',#2689);
#2689 = CARTESIAN_POINT('',(14.79,-3.2,-1.3));
#2690 = SURFACE_CURVE('',#2691,(#2695,#2701),.PCURVE_S1.);
#2691 = LINE('',#2692,#2693);
#2692 = CARTESIAN_POINT('',(11.545,-3.2,-1.3));
#2693 = VECTOR('',#2694,1.);
#2694 = DIRECTION('',(1.,0.,0.));
#2695 = PCURVE('',#797,#2696);
#2696 = DEFINITIONAL_REPRESENTATION('',(#2697),#2700);
#2697 = B_SPLINE_CURVE_WITH_KNOTS('',1,(#2698,#2699),.UNSPECIFIED.,.F.,
  .F.,(2,2),(3.245,13.845),.PIECEWISE_BEZIER_KNOTS.);
#2698 = CARTESIAN_POINT('',(-1.8,1.65));
#2699 = CARTESIAN_POINT('',(8.8,1.65));
#2700 = ( GEOMETRIC_REPRESENTATION_CONTEXT(2) 
PARAMETRIC_REPRESENTATION_CONTEXT() REPRESENTATION_CONTEXT('2D SPACE',''
  ) );
#2701 = PCURVE('',#918,#2702);
#2702 = DEFINITIONAL_REPRESENTATION('',(#2703),#2706);
#2703 = B_SPLINE_CURVE_WITH_KNOTS('',1,(#2704,#2705),.UNSPECIFIED.,.F.,
  .F.,(2,2),(3.245,13.845),.PIECEWISE_BEZIER_KNOTS.);
#2704 = CARTESIAN_POINT('',(5.4,8.29));
#2705 = CARTESIAN_POINT('',(5.4,18.89));
#2706 = ( GEOMETRIC_REPRESENTATION_CONTEXT(2) 
PARAMETRIC_REPRESENTATION_CONTEXT() REPRESENTATION_CONTEXT('2D SPACE',''
  ) );
#2707 = ORIENTED_EDGE('',*,*,#2708,.F.);
#2708 = EDGE_CURVE('',#2709,#2688,#2711,.T.);
#2709 = VERTEX_POINT('',#2710);
#2710 = CARTESIAN_POINT('',(14.79,-4.85,-1.3));
#2711 = SURFACE_CURVE('',#2712,(#2716,#2723),.PCURVE_S1.);
#2712 = LINE('',#2713,#2714);
#2713 = CARTESIAN_POINT('',(14.79,-4.85,-1.3));
#2714 = VECTOR('',#2715,1.);
#2715 = DIRECTION('',(0.,1.,0.));
#2716 = PCURVE('',#797,#2717);
#2717 = DEFINITIONAL_REPRESENTATION('',(#2718),#2722);
#2718 = LINE('',#2719,#2720);
#2719 = CARTESIAN_POINT('',(-1.8,0.));
#2720 = VECTOR('',#2721,1.);
#2721 = DIRECTION('',(0.,1.));
#2722 = ( GEOMETRIC_REPRESENTATION_CONTEXT(2) 
PARAMETRIC_REPRESENTATION_CONTEXT() REPRESENTATION_CONTEXT('2D SPACE',''
  ) );
#2723 = PCURVE('',#2724,#2729);
#2724 = PLANE('',#2725);
#2725 = AXIS2_PLACEMENT_3D('',#2726,#2727,#2728);
#2726 = CARTESIAN_POINT('',(14.79,-4.85,-1.3));
#2727 = DIRECTION('',(1.,0.,0.));
#2728 = DIRECTION('',(0.,0.,1.));
#2729 = DEFINITIONAL_REPRESENTATION('',(#2730),#2734);
#2730 = LINE('',#2731,#2732);
#2731 = CARTESIAN_POINT('',(0.,0.));
#2732 = VECTOR('',#2733,1.);
#2733 = DIRECTION('',(0.,-1.));
#2734 = ( GEOMETRIC_REPRESENTATION_CONTEXT(2) 
PARAMETRIC_REPRESENTATION_CONTEXT() REPRESENTATION_CONTEXT('2D SPACE',''
  ) );
#2735 = ORIENTED_EDGE('',*,*,#2736,.T.);
#2736 = EDGE_CURVE('',#2709,#757,#2737,.T.);
#2737 = SURFACE_CURVE('',#2738,(#2743,#2750),.PCURVE_S1.);
#2738 = CIRCLE('',#2739,1.8);
#2739 = AXIS2_PLACEMENT_3D('',#2740,#2741,#2742);
#2740 = CARTESIAN_POINT('',(16.59,-4.85,-1.3));
#2741 = DIRECTION('',(0.,0.,1.));
#2742 = DIRECTION('',(1.,0.,0.));
#2743 = PCURVE('',#797,#2744);
#2744 = DEFINITIONAL_REPRESENTATION('',(#2745),#2749);
#2745 = CIRCLE('',#2746,1.8);
#2746 = AXIS2_PLACEMENT_2D('',#2747,#2748);
#2747 = CARTESIAN_POINT('',(0.,0.));
#2748 = DIRECTION('',(1.,0.));
#2749 = ( GEOMETRIC_REPRESENTATION_CONTEXT(2) 
PARAMETRIC_REPRESENTATION_CONTEXT() REPRESENTATION_CONTEXT('2D SPACE',''
  ) );
#2750 = PCURVE('',#771,#2751);
#2751 = DEFINITIONAL_REPRESENTATION('',(#2752),#2756);
#2752 = LINE('',#2753,#2754);
#2753 = CARTESIAN_POINT('',(-0.,0.));
#2754 = VECTOR('',#2755,1.);
#2755 = DIRECTION('',(-1.,0.));
#2756 = ( GEOMETRIC_REPRESENTATION_CONTEXT(2) 
PARAMETRIC_REPRESENTATION_CONTEXT() REPRESENTATION_CONTEXT('2D SPACE',''
  ) );
#2757 = ORIENTED_EDGE('',*,*,#782,.T.);
#2758 = ORIENTED_EDGE('',*,*,#852,.T.);
#2759 = ADVANCED_FACE('',(#2760),#771,.F.);
#2760 = FACE_BOUND('',#2761,.T.);
#2761 = EDGE_LOOP('',(#2762,#2763,#2786,#2812));
#2762 = ORIENTED_EDGE('',*,*,#2736,.F.);
#2763 = ORIENTED_EDGE('',*,*,#2764,.T.);
#2764 = EDGE_CURVE('',#2709,#2765,#2767,.T.);
#2765 = VERTEX_POINT('',#2766);
#2766 = CARTESIAN_POINT('',(14.79,-4.85,0.44));
#2767 = SURFACE_CURVE('',#2768,(#2772,#2779),.PCURVE_S1.);
#2768 = LINE('',#2769,#2770);
#2769 = CARTESIAN_POINT('',(14.79,-4.85,-1.3));
#2770 = VECTOR('',#2771,1.);
#2771 = DIRECTION('',(0.,0.,1.));
#2772 = PCURVE('',#771,#2773);
#2773 = DEFINITIONAL_REPRESENTATION('',(#2774),#2778);
#2774 = LINE('',#2775,#2776);
#2775 = CARTESIAN_POINT('',(-3.14159265359,-2.22044604925E-16));
#2776 = VECTOR('',#2777,1.);
#2777 = DIRECTION('',(-0.,-1.));
#2778 = ( GEOMETRIC_REPRESENTATION_CONTEXT(2) 
PARAMETRIC_REPRESENTATION_CONTEXT() REPRESENTATION_CONTEXT('2D SPACE',''
  ) );
#2779 = PCURVE('',#2724,#2780);
#2780 = DEFINITIONAL_REPRESENTATION('',(#2781),#2785);
#2781 = LINE('',#2782,#2783);
#2782 = CARTESIAN_POINT('',(0.,0.));
#2783 = VECTOR('',#2784,1.);
#2784 = DIRECTION('',(1.,0.));
#2785 = ( GEOMETRIC_REPRESENTATION_CONTEXT(2) 
PARAMETRIC_REPRESENTATION_CONTEXT() REPRESENTATION_CONTEXT('2D SPACE',''
  ) );
#2786 = ORIENTED_EDGE('',*,*,#2787,.F.);
#2787 = EDGE_CURVE('',#729,#2765,#2788,.T.);
#2788 = SURFACE_CURVE('',#2789,(#2794,#2801),.PCURVE_S1.);
#2789 = CIRCLE('',#2790,1.8);
#2790 = AXIS2_PLACEMENT_3D('',#2791,#2792,#2793);
#2791 = CARTESIAN_POINT('',(16.59,-4.85,0.44));
#2792 = DIRECTION('',(0.,0.,-1.));
#2793 = DIRECTION('',(1.,0.,0.));
#2794 = PCURVE('',#771,#2795);
#2795 = DEFINITIONAL_REPRESENTATION('',(#2796),#2800);
#2796 = LINE('',#2797,#2798);
#2797 = CARTESIAN_POINT('',(-6.28318530718,-1.74));
#2798 = VECTOR('',#2799,1.);
#2799 = DIRECTION('',(1.,-0.));
#2800 = ( GEOMETRIC_REPRESENTATION_CONTEXT(2) 
PARAMETRIC_REPRESENTATION_CONTEXT() REPRESENTATION_CONTEXT('2D SPACE',''
  ) );
#2801 = PCURVE('',#744,#2802);
#2802 = DEFINITIONAL_REPRESENTATION('',(#2803),#2811);
#2803 = ( BOUNDED_CURVE() B_SPLINE_CURVE(2,(#2804,#2805,#2806,#2807,
#2808,#2809,#2810),.UNSPECIFIED.,.T.,.F.) B_SPLINE_CURVE_WITH_KNOTS((1,2
    ,2,2,2,1),(-2.094395102393,0.,2.094395102393,4.188790204786,
6.28318530718,8.377580409573),.UNSPECIFIED.) CURVE() 
GEOMETRIC_REPRESENTATION_ITEM() RATIONAL_B_SPLINE_CURVE((1.,0.5,1.,0.5,
1.,0.5,1.)) REPRESENTATION_ITEM('') );
#2804 = CARTESIAN_POINT('',(11.89,0.15));
#2805 = CARTESIAN_POINT('',(11.89,-2.967691453624));
#2806 = CARTESIAN_POINT('',(9.19,-1.408845726812));
#2807 = CARTESIAN_POINT('',(6.49,0.15));
#2808 = CARTESIAN_POINT('',(9.19,1.708845726812));
#2809 = CARTESIAN_POINT('',(11.89,3.267691453624));
#2810 = CARTESIAN_POINT('',(11.89,0.15));
#2811 = ( GEOMETRIC_REPRESENTATION_CONTEXT(2) 
PARAMETRIC_REPRESENTATION_CONTEXT() REPRESENTATION_CONTEXT('2D SPACE',''
  ) );
#2812 = ORIENTED_EDGE('',*,*,#756,.T.);
#2813 = ADVANCED_FACE('',(#2814),#744,.T.);
#2814 = FACE_BOUND('',#2815,.T.);
#2815 = EDGE_LOOP('',(#2816,#2837,#2838,#2839,#2860));
#2816 = ORIENTED_EDGE('',*,*,#2817,.F.);
#2817 = EDGE_CURVE('',#700,#2818,#2820,.T.);
#2818 = VERTEX_POINT('',#2819);
#2819 = CARTESIAN_POINT('',(11.675411063462,-3.025,0.44));
#2820 = SURFACE_CURVE('',#2821,(#2825,#2831),.PCURVE_S1.);
#2821 = LINE('',#2822,#2823);
#2822 = CARTESIAN_POINT('',(11.675411063462,-6.5,0.44));
#2823 = VECTOR('',#2824,1.);
#2824 = DIRECTION('',(0.,1.,0.));
#2825 = PCURVE('',#744,#2826);
#2826 = DEFINITIONAL_REPRESENTATION('',(#2827),#2830);
#2827 = B_SPLINE_CURVE_WITH_KNOTS('',1,(#2828,#2829),.UNSPECIFIED.,.F.,
  .F.,(2,2),(-5.999999999062E-07,4.6000006),.PIECEWISE_BEZIER_KNOTS.);
#2828 = CARTESIAN_POINT('',(5.175411063462,-1.5000006));
#2829 = CARTESIAN_POINT('',(5.175411063462,3.1000006));
#2830 = ( GEOMETRIC_REPRESENTATION_CONTEXT(2) 
PARAMETRIC_REPRESENTATION_CONTEXT() REPRESENTATION_CONTEXT('2D SPACE',''
  ) );
#2831 = PCURVE('',#716,#2832);
#2832 = DEFINITIONAL_REPRESENTATION('',(#2833),#2836);
#2833 = B_SPLINE_CURVE_WITH_KNOTS('',1,(#2834,#2835),.UNSPECIFIED.,.F.,
  .F.,(2,2),(-5.999999999062E-07,4.6000006),.PIECEWISE_BEZIER_KNOTS.);
#2834 = CARTESIAN_POINT('',(2.298898932047,-5.999999999062E-07));
#2835 = CARTESIAN_POINT('',(2.298898932047,4.6000006));
#2836 = ( GEOMETRIC_REPRESENTATION_CONTEXT(2) 
PARAMETRIC_REPRESENTATION_CONTEXT() REPRESENTATION_CONTEXT('2D SPACE',''
  ) );
#2837 = ORIENTED_EDGE('',*,*,#728,.T.);
#2838 = ORIENTED_EDGE('',*,*,#2787,.T.);
#2839 = ORIENTED_EDGE('',*,*,#2840,.T.);
#2840 = EDGE_CURVE('',#2765,#2841,#2843,.T.);
#2841 = VERTEX_POINT('',#2842);
#2842 = CARTESIAN_POINT('',(14.79,-3.025,0.44));
#2843 = SURFACE_CURVE('',#2844,(#2848,#2854),.PCURVE_S1.);
#2844 = LINE('',#2845,#2846);
#2845 = CARTESIAN_POINT('',(14.79,-4.925,0.44));
#2846 = VECTOR('',#2847,1.);
#2847 = DIRECTION('',(0.,1.,0.));
#2848 = PCURVE('',#744,#2849);
#2849 = DEFINITIONAL_REPRESENTATION('',(#2850),#2853);
#2850 = B_SPLINE_CURVE_WITH_KNOTS('',1,(#2851,#2852),.UNSPECIFIED.,.F.,
  .F.,(2,2),(7.5E-02,4.975),.PIECEWISE_BEZIER_KNOTS.);
#2851 = CARTESIAN_POINT('',(8.29,0.15));
#2852 = CARTESIAN_POINT('',(8.29,5.05));
#2853 = ( GEOMETRIC_REPRESENTATION_CONTEXT(2) 
PARAMETRIC_REPRESENTATION_CONTEXT() REPRESENTATION_CONTEXT('2D SPACE',''
  ) );
#2854 = PCURVE('',#2724,#2855);
#2855 = DEFINITIONAL_REPRESENTATION('',(#2856),#2859);
#2856 = B_SPLINE_CURVE_WITH_KNOTS('',1,(#2857,#2858),.UNSPECIFIED.,.F.,
  .F.,(2,2),(7.5E-02,4.975),.PIECEWISE_BEZIER_KNOTS.);
#2857 = CARTESIAN_POINT('',(1.74,0.));
#2858 = CARTESIAN_POINT('',(1.74,-4.9));
#2859 = ( GEOMETRIC_REPRESENTATION_CONTEXT(2) 
PARAMETRIC_REPRESENTATION_CONTEXT() REPRESENTATION_CONTEXT('2D SPACE',''
  ) );
#2860 = ORIENTED_EDGE('',*,*,#2861,.T.);
#2861 = EDGE_CURVE('',#2841,#2818,#2862,.T.);
#2862 = SURFACE_CURVE('',#2863,(#2867,#2873),.PCURVE_S1.);
#2863 = LINE('',#2864,#2865);
#2864 = CARTESIAN_POINT('',(6.4975,-3.025,0.44));
#2865 = VECTOR('',#2866,1.);
#2866 = DIRECTION('',(-1.,0.,0.));
#2867 = PCURVE('',#744,#2868);
#2868 = DEFINITIONAL_REPRESENTATION('',(#2869),#2872);
#2869 = B_SPLINE_CURVE_WITH_KNOTS('',1,(#2870,#2871),.UNSPECIFIED.,.F.,
  .F.,(2,2),(-47.0075,2.500000000003E-03),.PIECEWISE_BEZIER_KNOTS.);
#2870 = CARTESIAN_POINT('',(47.005,1.975));
#2871 = CARTESIAN_POINT('',(-5.000000000006E-03,1.975));
#2872 = ( GEOMETRIC_REPRESENTATION_CONTEXT(2) 
PARAMETRIC_REPRESENTATION_CONTEXT() REPRESENTATION_CONTEXT('2D SPACE',''
  ) );
#2873 = PCURVE('',#2874,#2879);
#2874 = PLANE('',#2875);
#2875 = AXIS2_PLACEMENT_3D('',#2876,#2877,#2878);
#2876 = CARTESIAN_POINT('',(6.495,-3.025,0.35));
#2877 = DIRECTION('',(0.,1.,0.));
#2878 = DIRECTION('',(0.,0.,1.));
#2879 = DEFINITIONAL_REPRESENTATION('',(#2880),#2883);
#2880 = B_SPLINE_CURVE_WITH_KNOTS('',1,(#2881,#2882),.UNSPECIFIED.,.F.,
  .F.,(2,2),(-47.0075,2.500000000003E-03),.PIECEWISE_BEZIER_KNOTS.);
#2881 = CARTESIAN_POINT('',(9.E-02,47.01));
#2882 = CARTESIAN_POINT('',(9.E-02,0.));
#2883 = ( GEOMETRIC_REPRESENTATION_CONTEXT(2) 
PARAMETRIC_REPRESENTATION_CONTEXT() REPRESENTATION_CONTEXT('2D SPACE',''
  ) );
#2884 = ADVANCED_FACE('',(#2885),#716,.F.);
#2885 = FACE_BOUND('',#2886,.F.);
#2886 = EDGE_LOOP('',(#2887,#2918,#2944,#2999,#3023,#3049,#3078,#3104,
    #3126,#3127,#3128,#3178,#3199,#3236));
#2887 = ORIENTED_EDGE('',*,*,#2888,.F.);
#2888 = EDGE_CURVE('',#2889,#2891,#2893,.T.);
#2889 = VERTEX_POINT('',#2890);
#2890 = CARTESIAN_POINT('',(3.691856114067,-1.9,0.2));
#2891 = VERTEX_POINT('',#2892);
#2892 = CARTESIAN_POINT('',(2.723351673579,-1.9,1.5));
#2893 = SURFACE_CURVE('',#2894,(#2899,#2906),.PCURVE_S1.);
#2894 = CIRCLE('',#2895,5.5);
#2895 = AXIS2_PLACEMENT_3D('',#2896,#2897,#2898);
#2896 = CARTESIAN_POINT('',(7.57,-1.9,4.1));
#2897 = DIRECTION('',(0.,1.,0.));
#2898 = DIRECTION('',(0.,-0.,1.));
#2899 = PCURVE('',#716,#2900);
#2900 = DEFINITIONAL_REPRESENTATION('',(#2901),#2905);
#2901 = LINE('',#2902,#2903);
#2902 = CARTESIAN_POINT('',(0.,4.6));
#2903 = VECTOR('',#2904,1.);
#2904 = DIRECTION('',(1.,0.));
#2905 = ( GEOMETRIC_REPRESENTATION_CONTEXT(2) 
PARAMETRIC_REPRESENTATION_CONTEXT() REPRESENTATION_CONTEXT('2D SPACE',''
  ) );
#2906 = PCURVE('',#2907,#2912);
#2907 = PLANE('',#2908);
#2908 = AXIS2_PLACEMENT_3D('',#2909,#2910,#2911);
#2909 = CARTESIAN_POINT('',(7.57,-1.9,4.1));
#2910 = DIRECTION('',(0.,1.,0.));
#2911 = DIRECTION('',(0.,-0.,1.));
#2912 = DEFINITIONAL_REPRESENTATION('',(#2913),#2917);
#2913 = CIRCLE('',#2914,5.5);
#2914 = AXIS2_PLACEMENT_2D('',#2915,#2916);
#2915 = CARTESIAN_POINT('',(0.,0.));
#2916 = DIRECTION('',(1.,0.));
#2917 = ( GEOMETRIC_REPRESENTATION_CONTEXT(2) 
PARAMETRIC_REPRESENTATION_CONTEXT() REPRESENTATION_CONTEXT('2D SPACE',''
  ) );
#2918 = ORIENTED_EDGE('',*,*,#2919,.F.);
#2919 = EDGE_CURVE('',#2920,#2889,#2922,.T.);
#2920 = VERTEX_POINT('',#2921);
#2921 = CARTESIAN_POINT('',(3.691856114067,-2.760954737693,0.2));
#2922 = SURFACE_CURVE('',#2923,(#2927,#2933),.PCURVE_S1.);
#2923 = LINE('',#2924,#2925);
#2924 = CARTESIAN_POINT('',(3.691856114067,-6.5,0.2));
#2925 = VECTOR('',#2926,1.);
#2926 = DIRECTION('',(0.,1.,0.));
#2927 = PCURVE('',#716,#2928);
#2928 = DEFINITIONAL_REPRESENTATION('',(#2929),#2932);
#2929 = B_SPLINE_CURVE_WITH_KNOTS('',1,(#2930,#2931),.UNSPECIFIED.,.F.,
  .F.,(2,2),(3.01,4.6000006),.PIECEWISE_BEZIER_KNOTS.);
#2930 = CARTESIAN_POINT('',(3.924180884841,3.01));
#2931 = CARTESIAN_POINT('',(3.924180884841,4.6000006));
#2932 = ( GEOMETRIC_REPRESENTATION_CONTEXT(2) 
PARAMETRIC_REPRESENTATION_CONTEXT() REPRESENTATION_CONTEXT('2D SPACE',''
  ) );
#2933 = PCURVE('',#2934,#2939);
#2934 = PLANE('',#2935);
#2935 = AXIS2_PLACEMENT_3D('',#2936,#2937,#2938);
#2936 = CARTESIAN_POINT('',(6.5,6.,0.2));
#2937 = DIRECTION('',(0.,0.,1.));
#2938 = DIRECTION('',(1.,0.,-0.));
#2939 = DEFINITIONAL_REPRESENTATION('',(#2940),#2943);
#2940 = B_SPLINE_CURVE_WITH_KNOTS('',1,(#2941,#2942),.UNSPECIFIED.,.F.,
  .F.,(2,2),(3.01,4.6000006),.PIECEWISE_BEZIER_KNOTS.);
#2941 = CARTESIAN_POINT('',(-2.808143885933,-9.49));
#2942 = CARTESIAN_POINT('',(-2.808143885933,-7.8999994));
#2943 = ( GEOMETRIC_REPRESENTATION_CONTEXT(2) 
PARAMETRIC_REPRESENTATION_CONTEXT() REPRESENTATION_CONTEXT('2D SPACE',''
  ) );
#2944 = ORIENTED_EDGE('',*,*,#2945,.F.);
#2945 = EDGE_CURVE('',#2946,#2920,#2948,.T.);
#2946 = VERTEX_POINT('',#2947);
#2947 = CARTESIAN_POINT('',(6.5,-3.2,-1.294914271793));
#2948 = SURFACE_CURVE('',#2949,(#2962,#2978),.PCURVE_S1.);
#2949 = B_SPLINE_CURVE_WITH_KNOTS('',6,(#2950,#2951,#2952,#2953,#2954,
    #2955,#2956,#2957,#2958,#2959,#2960,#2961),.UNSPECIFIED.,.F.,.F.,(7,
    5,7),(0.,0.425713446147,1.),.UNSPECIFIED.);
#2950 = CARTESIAN_POINT('',(6.5,-3.2,-1.294914271793));
#2951 = CARTESIAN_POINT('',(6.251358810396,-3.2,-1.245600036298));
#2952 = CARTESIAN_POINT('',(6.008590620712,-3.191936614161,
    -1.18315817004));
#2953 = CARTESIAN_POINT('',(5.77289003299,-3.176522209654,-1.10850484453
    ));
#2954 = CARTESIAN_POINT('',(5.545370817135,-3.15465165795,
    -1.022756590685));
#2955 = CARTESIAN_POINT('',(5.327043295746,-3.127351276851,
    -0.927252046268));
#2956 = CARTESIAN_POINT('',(4.837860798293,-3.053067730946,
    -0.683711834207));
#2957 = CARTESIAN_POINT('',(4.574653937225,-3.002446833627,
    -0.52867110838));
#2958 = CARTESIAN_POINT('',(4.328942309545,-2.94612566525,
    -0.360947220332));
#2959 = CARTESIAN_POINT('',(4.100281516708,-2.886049419155,
    -0.182566375923));
#2960 = CARTESIAN_POINT('',(3.888112263678,-2.823860625657,
    4.843635333036E-03));
#2961 = CARTESIAN_POINT('',(3.691855510686,-2.760954544291,0.2000006));
#2962 = PCURVE('',#716,#2963);
#2963 = DEFINITIONAL_REPRESENTATION('',(#2964),#2977);
#2964 = B_SPLINE_CURVE_WITH_KNOTS('',6,(#2965,#2966,#2967,#2968,#2969,
    #2970,#2971,#2972,#2973,#2974,#2975,#2976),.UNSPECIFIED.,.F.,.F.,(7,
    5,7),(0.,0.425713446147,1.),.UNSPECIFIED.);
#2965 = CARTESIAN_POINT('',(3.337386683047,3.3));
#2966 = CARTESIAN_POINT('',(3.383474753603,3.3));
#2967 = CARTESIAN_POINT('',(3.428979822039,3.308063385839));
#2968 = CARTESIAN_POINT('',(3.47383234313,3.323477790346));
#2969 = CARTESIAN_POINT('',(3.517948672113,3.34534834205));
#2970 = CARTESIAN_POINT('',(3.561223108503,3.372648723149));
#2971 = CARTESIAN_POINT('',(3.660578277518,3.446932269054));
#2972 = CARTESIAN_POINT('',(3.715981786953,3.497553166373));
#2973 = CARTESIAN_POINT('',(3.769899692201,3.55387433475));
#2974 = CARTESIAN_POINT('',(3.822478165106,3.613950580845));
#2975 = CARTESIAN_POINT('',(3.873858787455,3.676139374343));
#2976 = CARTESIAN_POINT('',(3.924181039554,3.739045455709));
#2977 = ( GEOMETRIC_REPRESENTATION_CONTEXT(2) 
PARAMETRIC_REPRESENTATION_CONTEXT() REPRESENTATION_CONTEXT('2D SPACE',''
  ) );
#2978 = PCURVE('',#2979,#2984);
#2979 = CYLINDRICAL_SURFACE('',#2980,9.2);
#2980 = AXIS2_PLACEMENT_3D('',#2981,#2982,#2983);
#2981 = CARTESIAN_POINT('',(6.5,6.,-6.7));
#2982 = DIRECTION('',(-0.,-0.,-1.));
#2983 = DIRECTION('',(1.,0.,0.));
#2984 = DEFINITIONAL_REPRESENTATION('',(#2985),#2998);
#2985 = B_SPLINE_CURVE_WITH_KNOTS('',6,(#2986,#2987,#2988,#2989,#2990,
    #2991,#2992,#2993,#2994,#2995,#2996,#2997),.UNSPECIFIED.,.F.,.F.,(7,
    5,7),(0.,0.425713446147,1.),.UNSPECIFIED.);
#2986 = CARTESIAN_POINT('',(-4.712388980385,-5.405085728207));
#2987 = CARTESIAN_POINT('',(-4.685362764123,-5.454399963702));
#2988 = CARTESIAN_POINT('',(-4.65897497705,-5.51684182996));
#2989 = CARTESIAN_POINT('',(-4.633319657061,-5.59149515547));
#2990 = CARTESIAN_POINT('',(-4.608491243751,-5.677243409315));
#2991 = CARTESIAN_POINT('',(-4.584583405999,-5.772747953732));
#2992 = CARTESIAN_POINT('',(-4.530801838466,-6.016288165793));
#2993 = CARTESIAN_POINT('',(-4.501690590803,-6.17132889162));
#2994 = CARTESIAN_POINT('',(-4.474313393872,-6.339052779668));
#2995 = CARTESIAN_POINT('',(-4.448631659395,-6.517433624077));
#2996 = CARTESIAN_POINT('',(-4.424607080603,-6.704843635333));
#2997 = CARTESIAN_POINT('',(-4.402205782662,-6.9000006));
#2998 = ( GEOMETRIC_REPRESENTATION_CONTEXT(2) 
PARAMETRIC_REPRESENTATION_CONTEXT() REPRESENTATION_CONTEXT('2D SPACE',''
  ) );
#2999 = ORIENTED_EDGE('',*,*,#3000,.F.);
#3000 = EDGE_CURVE('',#3001,#2946,#3003,.T.);
#3001 = VERTEX_POINT('',#3002);
#3002 = CARTESIAN_POINT('',(11.448143885933,-3.2,0.2));
#3003 = SURFACE_CURVE('',#3004,(#3009,#3016),.PCURVE_S1.);
#3004 = CIRCLE('',#3005,5.5);
#3005 = AXIS2_PLACEMENT_3D('',#3006,#3007,#3008);
#3006 = CARTESIAN_POINT('',(7.57,-3.2,4.1));
#3007 = DIRECTION('',(0.,1.,0.));
#3008 = DIRECTION('',(0.,-0.,1.));
#3009 = PCURVE('',#716,#3010);
#3010 = DEFINITIONAL_REPRESENTATION('',(#3011),#3015);
#3011 = LINE('',#3012,#3013);
#3012 = CARTESIAN_POINT('',(0.,3.3));
#3013 = VECTOR('',#3014,1.);
#3014 = DIRECTION('',(1.,0.));
#3015 = ( GEOMETRIC_REPRESENTATION_CONTEXT(2) 
PARAMETRIC_REPRESENTATION_CONTEXT() REPRESENTATION_CONTEXT('2D SPACE',''
  ) );
#3016 = PCURVE('',#918,#3017);
#3017 = DEFINITIONAL_REPRESENTATION('',(#3018),#3022);
#3018 = CIRCLE('',#3019,5.5);
#3019 = AXIS2_PLACEMENT_2D('',#3020,#3021);
#3020 = CARTESIAN_POINT('',(10.8,1.07));
#3021 = DIRECTION('',(1.,0.));
#3022 = ( GEOMETRIC_REPRESENTATION_CONTEXT(2) 
PARAMETRIC_REPRESENTATION_CONTEXT() REPRESENTATION_CONTEXT('2D SPACE',''
  ) );
#3023 = ORIENTED_EDGE('',*,*,#3024,.T.);
#3024 = EDGE_CURVE('',#3001,#3025,#3027,.T.);
#3025 = VERTEX_POINT('',#3026);
#3026 = CARTESIAN_POINT('',(11.448143885933,-2.025,0.2));
#3027 = SURFACE_CURVE('',#3028,(#3032,#3038),.PCURVE_S1.);
#3028 = LINE('',#3029,#3030);
#3029 = CARTESIAN_POINT('',(11.448143885933,-6.5,0.2));
#3030 = VECTOR('',#3031,1.);
#3031 = DIRECTION('',(0.,1.,0.));
#3032 = PCURVE('',#716,#3033);
#3033 = DEFINITIONAL_REPRESENTATION('',(#3034),#3037);
#3034 = B_SPLINE_CURVE_WITH_KNOTS('',1,(#3035,#3036),.UNSPECIFIED.,.F.,
  .F.,(2,2),(3.01,4.6000006),.PIECEWISE_BEZIER_KNOTS.);
#3035 = CARTESIAN_POINT('',(2.359004422339,3.01));
#3036 = CARTESIAN_POINT('',(2.359004422339,4.6000006));
#3037 = ( GEOMETRIC_REPRESENTATION_CONTEXT(2) 
PARAMETRIC_REPRESENTATION_CONTEXT() REPRESENTATION_CONTEXT('2D SPACE',''
  ) );
#3038 = PCURVE('',#3039,#3044);
#3039 = PLANE('',#3040);
#3040 = AXIS2_PLACEMENT_3D('',#3041,#3042,#3043);
#3041 = CARTESIAN_POINT('',(6.5,6.,0.2));
#3042 = DIRECTION('',(0.,0.,1.));
#3043 = DIRECTION('',(1.,0.,-0.));
#3044 = DEFINITIONAL_REPRESENTATION('',(#3045),#3048);
#3045 = B_SPLINE_CURVE_WITH_KNOTS('',1,(#3046,#3047),.UNSPECIFIED.,.F.,
  .F.,(2,2),(3.01,4.6000006),.PIECEWISE_BEZIER_KNOTS.);
#3046 = CARTESIAN_POINT('',(4.948143885933,-9.49));
#3047 = CARTESIAN_POINT('',(4.948143885933,-7.8999994));
#3048 = ( GEOMETRIC_REPRESENTATION_CONTEXT(2) 
PARAMETRIC_REPRESENTATION_CONTEXT() REPRESENTATION_CONTEXT('2D SPACE',''
  ) );
#3049 = ORIENTED_EDGE('',*,*,#3050,.F.);
#3050 = EDGE_CURVE('',#3051,#3025,#3053,.T.);
#3051 = VERTEX_POINT('',#3052);
#3052 = CARTESIAN_POINT('',(12.416648326421,-2.025,1.5));
#3053 = SURFACE_CURVE('',#3054,(#3059,#3066),.PCURVE_S1.);
#3054 = CIRCLE('',#3055,5.5);
#3055 = AXIS2_PLACEMENT_3D('',#3056,#3057,#3058);
#3056 = CARTESIAN_POINT('',(7.57,-2.025,4.1));
#3057 = DIRECTION('',(0.,1.,0.));
#3058 = DIRECTION('',(0.,-0.,1.));
#3059 = PCURVE('',#716,#3060);
#3060 = DEFINITIONAL_REPRESENTATION('',(#3061),#3065);
#3061 = LINE('',#3062,#3063);
#3062 = CARTESIAN_POINT('',(0.,4.475));
#3063 = VECTOR('',#3064,1.);
#3064 = DIRECTION('',(1.,0.));
#3065 = ( GEOMETRIC_REPRESENTATION_CONTEXT(2) 
PARAMETRIC_REPRESENTATION_CONTEXT() REPRESENTATION_CONTEXT('2D SPACE',''
  ) );
#3066 = PCURVE('',#3067,#3072);
#3067 = PLANE('',#3068);
#3068 = AXIS2_PLACEMENT_3D('',#3069,#3070,#3071);
#3069 = CARTESIAN_POINT('',(6.495,-2.025,0.25));
#3070 = DIRECTION('',(0.,1.,0.));
#3071 = DIRECTION('',(0.,0.,1.));
#3072 = DEFINITIONAL_REPRESENTATION('',(#3073),#3077);
#3073 = CIRCLE('',#3074,5.5);
#3074 = AXIS2_PLACEMENT_2D('',#3075,#3076);
#3075 = CARTESIAN_POINT('',(3.85,1.075));
#3076 = DIRECTION('',(1.,0.));
#3077 = ( GEOMETRIC_REPRESENTATION_CONTEXT(2) 
PARAMETRIC_REPRESENTATION_CONTEXT() REPRESENTATION_CONTEXT('2D SPACE',''
  ) );
#3078 = ORIENTED_EDGE('',*,*,#3079,.F.);
#3079 = EDGE_CURVE('',#3080,#3051,#3082,.T.);
#3080 = VERTEX_POINT('',#3081);
#3081 = CARTESIAN_POINT('',(12.416648326421,-3.025,1.5));
#3082 = SURFACE_CURVE('',#3083,(#3087,#3093),.PCURVE_S1.);
#3083 = LINE('',#3084,#3085);
#3084 = CARTESIAN_POINT('',(12.416648326421,-6.5,1.5));
#3085 = VECTOR('',#3086,1.);
#3086 = DIRECTION('',(0.,1.,0.));
#3087 = PCURVE('',#716,#3088);
#3088 = DEFINITIONAL_REPRESENTATION('',(#3089),#3092);
#3089 = B_SPLINE_CURVE_WITH_KNOTS('',1,(#3090,#3091),.UNSPECIFIED.,.F.,
  .F.,(2,2),(3.2025,4.6000006),.PIECEWISE_BEZIER_KNOTS.);
#3090 = CARTESIAN_POINT('',(2.063179467071,3.2025));
#3091 = CARTESIAN_POINT('',(2.063179467071,4.6000006));
#3092 = ( GEOMETRIC_REPRESENTATION_CONTEXT(2) 
PARAMETRIC_REPRESENTATION_CONTEXT() REPRESENTATION_CONTEXT('2D SPACE',''
  ) );
#3093 = PCURVE('',#3094,#3099);
#3094 = PLANE('',#3095);
#3095 = AXIS2_PLACEMENT_3D('',#3096,#3097,#3098);
#3096 = CARTESIAN_POINT('',(6.495,-3.025,1.5));
#3097 = DIRECTION('',(0.,0.,1.));
#3098 = DIRECTION('',(1.,0.,0.));
#3099 = DEFINITIONAL_REPRESENTATION('',(#3100),#3103);
#3100 = B_SPLINE_CURVE_WITH_KNOTS('',1,(#3101,#3102),.UNSPECIFIED.,.F.,
  .F.,(2,2),(3.2025,4.6000006),.PIECEWISE_BEZIER_KNOTS.);
#3101 = CARTESIAN_POINT('',(5.921648326421,-0.2725));
#3102 = CARTESIAN_POINT('',(5.921648326421,1.1250006));
#3103 = ( GEOMETRIC_REPRESENTATION_CONTEXT(2) 
PARAMETRIC_REPRESENTATION_CONTEXT() REPRESENTATION_CONTEXT('2D SPACE',''
  ) );
#3104 = ORIENTED_EDGE('',*,*,#3105,.T.);
#3105 = EDGE_CURVE('',#3080,#2818,#3106,.T.);
#3106 = SURFACE_CURVE('',#3107,(#3112,#3119),.PCURVE_S1.);
#3107 = CIRCLE('',#3108,5.5);
#3108 = AXIS2_PLACEMENT_3D('',#3109,#3110,#3111);
#3109 = CARTESIAN_POINT('',(7.57,-3.025,4.1));
#3110 = DIRECTION('',(0.,1.,0.));
#3111 = DIRECTION('',(0.,-0.,1.));
#3112 = PCURVE('',#716,#3113);
#3113 = DEFINITIONAL_REPRESENTATION('',(#3114),#3118);
#3114 = LINE('',#3115,#3116);
#3115 = CARTESIAN_POINT('',(0.,3.475));
#3116 = VECTOR('',#3117,1.);
#3117 = DIRECTION('',(1.,0.));
#3118 = ( GEOMETRIC_REPRESENTATION_CONTEXT(2) 
PARAMETRIC_REPRESENTATION_CONTEXT() REPRESENTATION_CONTEXT('2D SPACE',''
  ) );
#3119 = PCURVE('',#2874,#3120);
#3120 = DEFINITIONAL_REPRESENTATION('',(#3121),#3125);
#3121 = CIRCLE('',#3122,5.5);
#3122 = AXIS2_PLACEMENT_2D('',#3123,#3124);
#3123 = CARTESIAN_POINT('',(3.75,1.075));
#3124 = DIRECTION('',(1.,0.));
#3125 = ( GEOMETRIC_REPRESENTATION_CONTEXT(2) 
PARAMETRIC_REPRESENTATION_CONTEXT() REPRESENTATION_CONTEXT('2D SPACE',''
  ) );
#3126 = ORIENTED_EDGE('',*,*,#2817,.F.);
#3127 = ORIENTED_EDGE('',*,*,#699,.T.);
#3128 = ORIENTED_EDGE('',*,*,#3129,.T.);
#3129 = EDGE_CURVE('',#672,#3130,#3132,.T.);
#3130 = VERTEX_POINT('',#3131);
#3131 = CARTESIAN_POINT('',(3.464588936538,-4.572903086466,0.44));
#3132 = SURFACE_CURVE('',#3133,(#3146,#3162),.PCURVE_S1.);
#3133 = B_SPLINE_CURVE_WITH_KNOTS('',6,(#3134,#3135,#3136,#3137,#3138,
    #3139,#3140,#3141,#3142,#3143,#3144,#3145),.UNSPECIFIED.,.F.,.F.,(7,
    5,7),(0.,0.412048561946,1.),.UNSPECIFIED.);
#3134 = CARTESIAN_POINT('',(6.5,-5.,-1.294914271793));
#3135 = CARTESIAN_POINT('',(6.232964290759,-5.,-1.241951760344));
#3136 = CARTESIAN_POINT('',(5.972695748809,-4.99222139706,
    -1.173846092873));
#3137 = CARTESIAN_POINT('',(5.720564001855,-4.977401304827,
    -1.09170827981));
#3138 = CARTESIAN_POINT('',(5.47782988992,-4.956476528944,
    -0.996871923452));
#3139 = CARTESIAN_POINT('',(5.245614782309,-4.930514095249,
    -0.890915705479));
#3140 = CARTESIAN_POINT('',(4.709889365176,-4.858017015981,
    -0.611264611768));
#3141 = CARTESIAN_POINT('',(4.417519611269,-4.807330153922,
    -0.427574714667));
#3142 = CARTESIAN_POINT('',(4.147470109964,-4.751340327554,
    -0.228111633413));
#3143 = CARTESIAN_POINT('',(3.899134713247,-4.692385646156,
    -1.565129915838E-02));
#3144 = CARTESIAN_POINT('',(3.671758126409,-4.632380012127,
    0.207618870396));
#3145 = CARTESIAN_POINT('',(3.464588401634,-4.572902932899,0.4400006));
#3146 = PCURVE('',#716,#3147);
#3147 = DEFINITIONAL_REPRESENTATION('',(#3148),#3161);
#3148 = B_SPLINE_CURVE_WITH_KNOTS('',6,(#3149,#3150,#3151,#3152,#3153,
    #3154,#3155,#3156,#3157,#3158,#3159,#3160),.UNSPECIFIED.,.F.,.F.,(7,
    5,7),(0.,0.412048561946,1.),.UNSPECIFIED.);
#3149 = CARTESIAN_POINT('',(3.337386683047,1.5));
#3150 = CARTESIAN_POINT('',(3.386884357298,1.5));
#3151 = CARTESIAN_POINT('',(3.435710876436,1.50777860294));
#3152 = CARTESIAN_POINT('',(3.483800550238,1.522598695173));
#3153 = CARTESIAN_POINT('',(3.53107080898,1.543523471056));
#3154 = CARTESIAN_POINT('',(3.577413889715,1.569485904751));
#3155 = CARTESIAN_POINT('',(3.687290824145,1.641982984019));
#3156 = CARTESIAN_POINT('',(3.749869969423,1.692669846078));
#3157 = CARTESIAN_POINT('',(3.810663658728,1.748659672446));
#3158 = CARTESIAN_POINT('',(3.86987067303,1.807614353844));
#3159 = CARTESIAN_POINT('',(3.927682762063,1.867619987873));
#3160 = CARTESIAN_POINT('',(3.984286521281,1.927097067101));
#3161 = ( GEOMETRIC_REPRESENTATION_CONTEXT(2) 
PARAMETRIC_REPRESENTATION_CONTEXT() REPRESENTATION_CONTEXT('2D SPACE',''
  ) );
#3162 = PCURVE('',#687,#3163);
#3163 = DEFINITIONAL_REPRESENTATION('',(#3164),#3177);
#3164 = B_SPLINE_CURVE_WITH_KNOTS('',6,(#3165,#3166,#3167,#3168,#3169,
    #3170,#3171,#3172,#3173,#3174,#3175,#3176),.UNSPECIFIED.,.F.,.F.,(7,
    5,7),(0.,0.412048561946,1.),.UNSPECIFIED.);
#3165 = CARTESIAN_POINT('',(-4.712388980385,-7.205085728207));
#3166 = CARTESIAN_POINT('',(-4.688113006817,-7.258048239656));
#3167 = CARTESIAN_POINT('',(-4.664452288919,-7.326153907127));
#3168 = CARTESIAN_POINT('',(-4.641505313092,-7.40829172019));
#3169 = CARTESIAN_POINT('',(-4.619367990505,-7.503128076548));
#3170 = CARTESIAN_POINT('',(-4.598131647356,-7.609084294521));
#3171 = CARTESIAN_POINT('',(-4.548985420184,-7.888735388232));
#3172 = CARTESIAN_POINT('',(-4.522028498552,-8.072425285333));
#3173 = CARTESIAN_POINT('',(-4.496974277427,-8.271888366587));
#3174 = CARTESIAN_POINT('',(-4.473782400804,-8.484348700842));
#3175 = CARTESIAN_POINT('',(-4.452409076769,-8.707618870396));
#3176 = CARTESIAN_POINT('',(-4.432814673407,-8.9400006));
#3177 = ( GEOMETRIC_REPRESENTATION_CONTEXT(2) 
PARAMETRIC_REPRESENTATION_CONTEXT() REPRESENTATION_CONTEXT('2D SPACE',''
  ) );
#3178 = ORIENTED_EDGE('',*,*,#3179,.T.);
#3179 = EDGE_CURVE('',#3130,#3180,#3182,.T.);
#3180 = VERTEX_POINT('',#3181);
#3181 = CARTESIAN_POINT('',(3.464588936538,-2.500705314242,0.44));
#3182 = SURFACE_CURVE('',#3183,(#3187,#3193),.PCURVE_S1.);
#3183 = LINE('',#3184,#3185);
#3184 = CARTESIAN_POINT('',(3.464588936538,-6.5,0.44));
#3185 = VECTOR('',#3186,1.);
#3186 = DIRECTION('',(0.,1.,0.));
#3187 = PCURVE('',#716,#3188);
#3188 = DEFINITIONAL_REPRESENTATION('',(#3189),#3192);
#3189 = B_SPLINE_CURVE_WITH_KNOTS('',1,(#3190,#3191),.UNSPECIFIED.,.F.,
  .F.,(2,2),(-5.999999999062E-07,4.6000006),.PIECEWISE_BEZIER_KNOTS.);
#3190 = CARTESIAN_POINT('',(3.984286375132,-5.999999999062E-07));
#3191 = CARTESIAN_POINT('',(3.984286375132,4.6000006));
#3192 = ( GEOMETRIC_REPRESENTATION_CONTEXT(2) 
PARAMETRIC_REPRESENTATION_CONTEXT() REPRESENTATION_CONTEXT('2D SPACE',''
  ) );
#3193 = PCURVE('',#2193,#3194);
#3194 = DEFINITIONAL_REPRESENTATION('',(#3195),#3198);
#3195 = B_SPLINE_CURVE_WITH_KNOTS('',1,(#3196,#3197),.UNSPECIFIED.,.F.,
  .F.,(2,2),(-5.999999999062E-07,4.6000006),.PIECEWISE_BEZIER_KNOTS.);
#3196 = CARTESIAN_POINT('',(-3.035411063462,-1.5000006));
#3197 = CARTESIAN_POINT('',(-3.035411063462,3.1000006));
#3198 = ( GEOMETRIC_REPRESENTATION_CONTEXT(2) 
PARAMETRIC_REPRESENTATION_CONTEXT() REPRESENTATION_CONTEXT('2D SPACE',''
  ) );
#3199 = ORIENTED_EDGE('',*,*,#3200,.T.);
#3200 = EDGE_CURVE('',#3180,#3201,#3203,.T.);
#3201 = VERTEX_POINT('',#3202);
#3202 = CARTESIAN_POINT('',(2.723351673579,-2.19859926417,1.5));
#3203 = SURFACE_CURVE('',#3204,(#3211,#3221),.PCURVE_S1.);
#3204 = B_SPLINE_CURVE_WITH_KNOTS('',5,(#3205,#3206,#3207,#3208,#3209,
    #3210),.UNSPECIFIED.,.F.,.F.,(6,6),(0.,1.),
  .PIECEWISE_BEZIER_KNOTS.);
#3205 = CARTESIAN_POINT('',(3.464589471441,-2.500705505042,0.4399994));
#3206 = CARTESIAN_POINT('',(3.286741806547,-2.437267402597,
    0.639490535585));
#3207 = CARTESIAN_POINT('',(3.124238226777,-2.374056757498,
    0.846164485859));
#3208 = CARTESIAN_POINT('',(2.97648030538,-2.31247367326,1.058922560388)
  );
#3209 = CARTESIAN_POINT('',(2.842961258486,-2.253657526461,
    1.277036243542));
#3210 = CARTESIAN_POINT('',(2.723351351707,-2.198599116007,1.5000006));
#3211 = PCURVE('',#716,#3212);
#3212 = DEFINITIONAL_REPRESENTATION('',(#3213),#3220);
#3213 = B_SPLINE_CURVE_WITH_KNOTS('',5,(#3214,#3215,#3216,#3217,#3218,
    #3219),.UNSPECIFIED.,.F.,.F.,(6,6),(0.,1.),
  .PIECEWISE_BEZIER_KNOTS.);
#3214 = CARTESIAN_POINT('',(3.984286228984,3.999294494958));
#3215 = CARTESIAN_POINT('',(4.032878479185,4.062732597403));
#3216 = CARTESIAN_POINT('',(4.080589098049,4.125943242502));
#3217 = CARTESIAN_POINT('',(4.127580053784,4.18752632674));
#3218 = CARTESIAN_POINT('',(4.17400214299,4.246342473539));
#3219 = CARTESIAN_POINT('',(4.220005963906,4.301400883993));
#3220 = ( GEOMETRIC_REPRESENTATION_CONTEXT(2) 
PARAMETRIC_REPRESENTATION_CONTEXT() REPRESENTATION_CONTEXT('2D SPACE',''
  ) );
#3221 = PCURVE('',#3222,#3227);
#3222 = CYLINDRICAL_SURFACE('',#3223,9.02);
#3223 = AXIS2_PLACEMENT_3D('',#3224,#3225,#3226);
#3224 = CARTESIAN_POINT('',(6.495,5.995,0.35));
#3225 = DIRECTION('',(-0.,-0.,-1.));
#3226 = DIRECTION('',(1.,0.,0.));
#3227 = DEFINITIONAL_REPRESENTATION('',(#3228),#3235);
#3228 = B_SPLINE_CURVE_WITH_KNOTS('',5,(#3229,#3230,#3231,#3232,#3233,
    #3234),.UNSPECIFIED.,.F.,.F.,(6,6),(0.,1.),
  .PIECEWISE_BEZIER_KNOTS.);
#3229 = CARTESIAN_POINT('',(-4.369758651442,-8.99994E-02));
#3230 = CARTESIAN_POINT('',(-4.348824820251,-0.289490535585));
#3231 = CARTESIAN_POINT('',(-4.329501675841,-0.496164485859));
#3232 = CARTESIAN_POINT('',(-4.311759931799,-0.708922560388));
#3233 = CARTESIAN_POINT('',(-4.295587037413,-0.927036243542));
#3234 = CARTESIAN_POINT('',(-4.280989068305,-1.1500006));
#3235 = ( GEOMETRIC_REPRESENTATION_CONTEXT(2) 
PARAMETRIC_REPRESENTATION_CONTEXT() REPRESENTATION_CONTEXT('2D SPACE',''
  ) );
#3236 = ORIENTED_EDGE('',*,*,#3237,.T.);
#3237 = EDGE_CURVE('',#3201,#2891,#3238,.T.);
#3238 = SURFACE_CURVE('',#3239,(#3243,#3249),.PCURVE_S1.);
#3239 = LINE('',#3240,#3241);
#3240 = CARTESIAN_POINT('',(2.723351673579,-6.5,1.5));
#3241 = VECTOR('',#3242,1.);
#3242 = DIRECTION('',(0.,1.,0.));
#3243 = PCURVE('',#716,#3244);
#3244 = DEFINITIONAL_REPRESENTATION('',(#3245),#3248);
#3245 = B_SPLINE_CURVE_WITH_KNOTS('',1,(#3246,#3247),.UNSPECIFIED.,.F.,
  .F.,(2,2),(3.2025,4.6000006),.PIECEWISE_BEZIER_KNOTS.);
#3246 = CARTESIAN_POINT('',(4.220005840109,3.2025));
#3247 = CARTESIAN_POINT('',(4.220005840109,4.6000006));
#3248 = ( GEOMETRIC_REPRESENTATION_CONTEXT(2) 
PARAMETRIC_REPRESENTATION_CONTEXT() REPRESENTATION_CONTEXT('2D SPACE',''
  ) );
#3249 = PCURVE('',#3250,#3255);
#3250 = PLANE('',#3251);
#3251 = AXIS2_PLACEMENT_3D('',#3252,#3253,#3254);
#3252 = CARTESIAN_POINT('',(6.495,-3.025,1.5));
#3253 = DIRECTION('',(0.,0.,1.));
#3254 = DIRECTION('',(1.,0.,0.));
#3255 = DEFINITIONAL_REPRESENTATION('',(#3256),#3259);
#3256 = B_SPLINE_CURVE_WITH_KNOTS('',1,(#3257,#3258),.UNSPECIFIED.,.F.,
  .F.,(2,2),(3.2025,4.6000006),.PIECEWISE_BEZIER_KNOTS.);
#3257 = CARTESIAN_POINT('',(-3.771648326421,-0.2725));
#3258 = CARTESIAN_POINT('',(-3.771648326421,1.1250006));
#3259 = ( GEOMETRIC_REPRESENTATION_CONTEXT(2) 
PARAMETRIC_REPRESENTATION_CONTEXT() REPRESENTATION_CONTEXT('2D SPACE',''
  ) );
#3260 = ADVANCED_FACE('',(#3261),#687,.T.);
#3261 = FACE_BOUND('',#3262,.F.);
#3262 = EDGE_LOOP('',(#3263,#3264,#3287,#3309,#3310));
#3263 = ORIENTED_EDGE('',*,*,#2384,.F.);
#3264 = ORIENTED_EDGE('',*,*,#3265,.T.);
#3265 = EDGE_CURVE('',#2357,#3266,#3268,.T.);
#3266 = VERTEX_POINT('',#3267);
#3267 = CARTESIAN_POINT('',(-4.5,6.,0.44));
#3268 = SURFACE_CURVE('',#3269,(#3273,#3280),.PCURVE_S1.);
#3269 = LINE('',#3270,#3271);
#3270 = CARTESIAN_POINT('',(-4.5,6.,-8.5));
#3271 = VECTOR('',#3272,1.);
#3272 = DIRECTION('',(0.,0.,1.));
#3273 = PCURVE('',#687,#3274);
#3274 = DEFINITIONAL_REPRESENTATION('',(#3275),#3279);
#3275 = LINE('',#3276,#3277);
#3276 = CARTESIAN_POINT('',(-3.14159265359,0.));
#3277 = VECTOR('',#3278,1.);
#3278 = DIRECTION('',(-0.,-1.));
#3279 = ( GEOMETRIC_REPRESENTATION_CONTEXT(2) 
PARAMETRIC_REPRESENTATION_CONTEXT() REPRESENTATION_CONTEXT('2D SPACE',''
  ) );
#3280 = PCURVE('',#2372,#3281);
#3281 = DEFINITIONAL_REPRESENTATION('',(#3282),#3286);
#3282 = LINE('',#3283,#3284);
#3283 = CARTESIAN_POINT('',(0.,0.));
#3284 = VECTOR('',#3285,1.);
#3285 = DIRECTION('',(1.,0.));
#3286 = ( GEOMETRIC_REPRESENTATION_CONTEXT(2) 
PARAMETRIC_REPRESENTATION_CONTEXT() REPRESENTATION_CONTEXT('2D SPACE',''
  ) );
#3287 = ORIENTED_EDGE('',*,*,#3288,.T.);
#3288 = EDGE_CURVE('',#3266,#3130,#3289,.T.);
#3289 = SURFACE_CURVE('',#3290,(#3295,#3302),.PCURVE_S1.);
#3290 = CIRCLE('',#3291,11.);
#3291 = AXIS2_PLACEMENT_3D('',#3292,#3293,#3294);
#3292 = CARTESIAN_POINT('',(6.5,6.,0.44));
#3293 = DIRECTION('',(0.,0.,1.));
#3294 = DIRECTION('',(1.,0.,0.));
#3295 = PCURVE('',#687,#3296);
#3296 = DEFINITIONAL_REPRESENTATION('',(#3297),#3301);
#3297 = LINE('',#3298,#3299);
#3298 = CARTESIAN_POINT('',(-0.,-8.94));
#3299 = VECTOR('',#3300,1.);
#3300 = DIRECTION('',(-1.,0.));
#3301 = ( GEOMETRIC_REPRESENTATION_CONTEXT(2) 
PARAMETRIC_REPRESENTATION_CONTEXT() REPRESENTATION_CONTEXT('2D SPACE',''
  ) );
#3302 = PCURVE('',#2193,#3303);
#3303 = DEFINITIONAL_REPRESENTATION('',(#3304),#3308);
#3304 = CIRCLE('',#3305,11.);
#3305 = AXIS2_PLACEMENT_2D('',#3306,#3307);
#3306 = CARTESIAN_POINT('',(0.,11.));
#3307 = DIRECTION('',(1.,0.));
#3308 = ( GEOMETRIC_REPRESENTATION_CONTEXT(2) 
PARAMETRIC_REPRESENTATION_CONTEXT() REPRESENTATION_CONTEXT('2D SPACE',''
  ) );
#3309 = ORIENTED_EDGE('',*,*,#3129,.F.);
#3310 = ORIENTED_EDGE('',*,*,#671,.F.);
#3311 = ADVANCED_FACE('',(#3312),#996,.T.);
#3312 = FACE_BOUND('',#3313,.T.);
#3313 = EDGE_LOOP('',(#3314,#3315,#3316,#3317,#3345,#3365));
#3314 = ORIENTED_EDGE('',*,*,#1055,.T.);
#3315 = ORIENTED_EDGE('',*,*,#1080,.T.);
#3316 = ORIENTED_EDGE('',*,*,#1230,.T.);
#3317 = ORIENTED_EDGE('',*,*,#3318,.T.);
#3318 = EDGE_CURVE('',#1205,#3319,#3321,.T.);
#3319 = VERTEX_POINT('',#3320);
#3320 = CARTESIAN_POINT('',(53.505,-2.025,1.5));
#3321 = SURFACE_CURVE('',#3322,(#3327,#3338),.PCURVE_S1.);
#3322 = CIRCLE('',#3323,8.02);
#3323 = AXIS2_PLACEMENT_3D('',#3324,#3325,#3326);
#3324 = CARTESIAN_POINT('',(53.505,5.995,1.5));
#3325 = DIRECTION('',(0.,0.,-1.));
#3326 = DIRECTION('',(1.,0.,0.));
#3327 = PCURVE('',#996,#3328);
#3328 = DEFINITIONAL_REPRESENTATION('',(#3329),#3337);
#3329 = ( BOUNDED_CURVE() B_SPLINE_CURVE(2,(#3330,#3331,#3332,#3333,
#3334,#3335,#3336),.UNSPECIFIED.,.T.,.F.) B_SPLINE_CURVE_WITH_KNOTS((1,2
    ,2,2,2,1),(-2.094395102393,0.,2.094395102393,4.188790204786,
6.28318530718,8.377580409573),.UNSPECIFIED.) CURVE() 
GEOMETRIC_REPRESENTATION_ITEM() RATIONAL_B_SPLINE_CURVE((1.,0.5,1.,0.5,
1.,0.5,1.)) REPRESENTATION_ITEM('') );
#3330 = CARTESIAN_POINT('',(55.03,9.02));
#3331 = CARTESIAN_POINT('',(55.03,-4.871047476702));
#3332 = CARTESIAN_POINT('',(43.,2.074476261649));
#3333 = CARTESIAN_POINT('',(30.97,9.02));
#3334 = CARTESIAN_POINT('',(43.,15.965523738351));
#3335 = CARTESIAN_POINT('',(55.03,22.911047476702));
#3336 = CARTESIAN_POINT('',(55.03,9.02));
#3337 = ( GEOMETRIC_REPRESENTATION_CONTEXT(2) 
PARAMETRIC_REPRESENTATION_CONTEXT() REPRESENTATION_CONTEXT('2D SPACE',''
  ) );
#3338 = PCURVE('',#1219,#3339);
#3339 = DEFINITIONAL_REPRESENTATION('',(#3340),#3344);
#3340 = LINE('',#3341,#3342);
#3341 = CARTESIAN_POINT('',(-6.28318530718,-1.25));
#3342 = VECTOR('',#3343,1.);
#3343 = DIRECTION('',(1.,-0.));
#3344 = ( GEOMETRIC_REPRESENTATION_CONTEXT(2) 
PARAMETRIC_REPRESENTATION_CONTEXT() REPRESENTATION_CONTEXT('2D SPACE',''
  ) );
#3345 = ORIENTED_EDGE('',*,*,#3346,.T.);
#3346 = EDGE_CURVE('',#3319,#956,#3347,.T.);
#3347 = SURFACE_CURVE('',#3348,(#3352,#3358),.PCURVE_S1.);
#3348 = LINE('',#3349,#3350);
#3349 = CARTESIAN_POINT('',(6.495,-2.025,1.5));
#3350 = VECTOR('',#3351,1.);
#3351 = DIRECTION('',(-1.,0.,0.));
#3352 = PCURVE('',#996,#3353);
#3353 = DEFINITIONAL_REPRESENTATION('',(#3354),#3357);
#3354 = B_SPLINE_CURVE_WITH_KNOTS('',1,(#3355,#3356),.UNSPECIFIED.,.F.,
  .F.,(2,2),(-47.01,0.),.PIECEWISE_BEZIER_KNOTS.);
#3355 = CARTESIAN_POINT('',(47.01,1.));
#3356 = CARTESIAN_POINT('',(0.,1.));
#3357 = ( GEOMETRIC_REPRESENTATION_CONTEXT(2) 
PARAMETRIC_REPRESENTATION_CONTEXT() REPRESENTATION_CONTEXT('2D SPACE',''
  ) );
#3358 = PCURVE('',#970,#3359);
#3359 = DEFINITIONAL_REPRESENTATION('',(#3360),#3364);
#3360 = LINE('',#3361,#3362);
#3361 = CARTESIAN_POINT('',(1.25,0.));
#3362 = VECTOR('',#3363,1.);
#3363 = DIRECTION('',(0.,-1.));
#3364 = ( GEOMETRIC_REPRESENTATION_CONTEXT(2) 
PARAMETRIC_REPRESENTATION_CONTEXT() REPRESENTATION_CONTEXT('2D SPACE',''
  ) );
#3365 = ORIENTED_EDGE('',*,*,#981,.F.);
#3366 = ADVANCED_FACE('',(#3367),#970,.T.);
#3367 = FACE_BOUND('',#3368,.T.);
#3368 = EDGE_LOOP('',(#3369,#3370,#3393,#3413));
#3369 = ORIENTED_EDGE('',*,*,#3346,.F.);
#3370 = ORIENTED_EDGE('',*,*,#3371,.T.);
#3371 = EDGE_CURVE('',#3319,#3372,#3374,.T.);
#3372 = VERTEX_POINT('',#3373);
#3373 = CARTESIAN_POINT('',(53.505,-2.025,0.2));
#3374 = SURFACE_CURVE('',#3375,(#3379,#3386),.PCURVE_S1.);
#3375 = LINE('',#3376,#3377);
#3376 = CARTESIAN_POINT('',(53.505,-2.025,1.5));
#3377 = VECTOR('',#3378,1.);
#3378 = DIRECTION('',(0.,0.,-1.));
#3379 = PCURVE('',#970,#3380);
#3380 = DEFINITIONAL_REPRESENTATION('',(#3381),#3385);
#3381 = LINE('',#3382,#3383);
#3382 = CARTESIAN_POINT('',(1.25,47.01));
#3383 = VECTOR('',#3384,1.);
#3384 = DIRECTION('',(-1.,0.));
#3385 = ( GEOMETRIC_REPRESENTATION_CONTEXT(2) 
PARAMETRIC_REPRESENTATION_CONTEXT() REPRESENTATION_CONTEXT('2D SPACE',''
  ) );
#3386 = PCURVE('',#1219,#3387);
#3387 = DEFINITIONAL_REPRESENTATION('',(#3388),#3392);
#3388 = LINE('',#3389,#3390);
#3389 = CARTESIAN_POINT('',(-4.712388980385,-1.25));
#3390 = VECTOR('',#3391,1.);
#3391 = DIRECTION('',(0.,1.));
#3392 = ( GEOMETRIC_REPRESENTATION_CONTEXT(2) 
PARAMETRIC_REPRESENTATION_CONTEXT() REPRESENTATION_CONTEXT('2D SPACE',''
  ) );
#3393 = ORIENTED_EDGE('',*,*,#3394,.T.);
#3394 = EDGE_CURVE('',#3372,#930,#3395,.T.);
#3395 = SURFACE_CURVE('',#3396,(#3400,#3407),.PCURVE_S1.);
#3396 = LINE('',#3397,#3398);
#3397 = CARTESIAN_POINT('',(6.4975,-2.025,0.2));
#3398 = VECTOR('',#3399,1.);
#3399 = DIRECTION('',(-1.,0.,0.));
#3400 = PCURVE('',#970,#3401);
#3401 = DEFINITIONAL_REPRESENTATION('',(#3402),#3406);
#3402 = LINE('',#3403,#3404);
#3403 = CARTESIAN_POINT('',(-5.E-02,2.500000000003E-03));
#3404 = VECTOR('',#3405,1.);
#3405 = DIRECTION('',(0.,-1.));
#3406 = ( GEOMETRIC_REPRESENTATION_CONTEXT(2) 
PARAMETRIC_REPRESENTATION_CONTEXT() REPRESENTATION_CONTEXT('2D SPACE',''
  ) );
#3407 = PCURVE('',#944,#3408);
#3408 = DEFINITIONAL_REPRESENTATION('',(#3409),#3412);
#3409 = B_SPLINE_CURVE_WITH_KNOTS('',1,(#3410,#3411),.UNSPECIFIED.,.F.,
  .F.,(2,2),(-47.0075,2.500000000003E-03),.PIECEWISE_BEZIER_KNOTS.);
#3410 = CARTESIAN_POINT('',(47.005,-8.025));
#3411 = CARTESIAN_POINT('',(-5.000000000005E-03,-8.025));
#3412 = ( GEOMETRIC_REPRESENTATION_CONTEXT(2) 
PARAMETRIC_REPRESENTATION_CONTEXT() REPRESENTATION_CONTEXT('2D SPACE',''
  ) );
#3413 = ORIENTED_EDGE('',*,*,#955,.F.);
#3414 = ADVANCED_FACE('',(#3415),#944,.F.);
#3415 = FACE_BOUND('',#3416,.F.);
#3416 = EDGE_LOOP('',(#3417,#3418,#3419,#3440,#3466,#3467));
#3417 = ORIENTED_EDGE('',*,*,#3394,.T.);
#3418 = ORIENTED_EDGE('',*,*,#929,.F.);
#3419 = ORIENTED_EDGE('',*,*,#3420,.T.);
#3420 = EDGE_CURVE('',#904,#3421,#3423,.T.);
#3421 = VERTEX_POINT('',#3422);
#3422 = CARTESIAN_POINT('',(53.5,-3.2,0.2));
#3423 = SURFACE_CURVE('',#3424,(#3428,#3434),.PCURVE_S1.);
#3424 = LINE('',#3425,#3426);
#3425 = CARTESIAN_POINT('',(6.5,-3.2,0.2));
#3426 = VECTOR('',#3427,1.);
#3427 = DIRECTION('',(1.,0.,0.));
#3428 = PCURVE('',#944,#3429);
#3429 = DEFINITIONAL_REPRESENTATION('',(#3430),#3433);
#3430 = B_SPLINE_CURVE_WITH_KNOTS('',1,(#3431,#3432),.UNSPECIFIED.,.F.,
  .F.,(2,2),(-1.7763568394E-15,47.),.PIECEWISE_BEZIER_KNOTS.);
#3431 = CARTESIAN_POINT('',(-2.6645352591E-15,-9.2));
#3432 = CARTESIAN_POINT('',(47.,-9.2));
#3433 = ( GEOMETRIC_REPRESENTATION_CONTEXT(2) 
PARAMETRIC_REPRESENTATION_CONTEXT() REPRESENTATION_CONTEXT('2D SPACE',''
  ) );
#3434 = PCURVE('',#918,#3435);
#3435 = DEFINITIONAL_REPRESENTATION('',(#3436),#3439);
#3436 = B_SPLINE_CURVE_WITH_KNOTS('',1,(#3437,#3438),.UNSPECIFIED.,.F.,
  .F.,(2,2),(-1.7763568394E-15,47.),.PIECEWISE_BEZIER_KNOTS.);
#3437 = CARTESIAN_POINT('',(6.9,0.));
#3438 = CARTESIAN_POINT('',(6.9,47.));
#3439 = ( GEOMETRIC_REPRESENTATION_CONTEXT(2) 
PARAMETRIC_REPRESENTATION_CONTEXT() REPRESENTATION_CONTEXT('2D SPACE',''
  ) );
#3440 = ORIENTED_EDGE('',*,*,#3441,.F.);
#3441 = EDGE_CURVE('',#1158,#3421,#3442,.T.);
#3442 = SURFACE_CURVE('',#3443,(#3448,#3459),.PCURVE_S1.);
#3443 = CIRCLE('',#3444,9.2);
#3444 = AXIS2_PLACEMENT_3D('',#3445,#3446,#3447);
#3445 = CARTESIAN_POINT('',(53.5,6.,0.2));
#3446 = DIRECTION('',(0.,0.,-1.));
#3447 = DIRECTION('',(1.,0.,0.));
#3448 = PCURVE('',#944,#3449);
#3449 = DEFINITIONAL_REPRESENTATION('',(#3450),#3458);
#3450 = ( BOUNDED_CURVE() B_SPLINE_CURVE(2,(#3451,#3452,#3453,#3454,
#3455,#3456,#3457),.UNSPECIFIED.,.T.,.F.) B_SPLINE_CURVE_WITH_KNOTS((1,2
    ,2,2,2,1),(-2.094395102393,0.,2.094395102393,4.188790204786,
6.28318530718,8.377580409573),.UNSPECIFIED.) CURVE() 
GEOMETRIC_REPRESENTATION_ITEM() RATIONAL_B_SPLINE_CURVE((1.,0.5,1.,0.5,
1.,0.5,1.)) REPRESENTATION_ITEM('') );
#3451 = CARTESIAN_POINT('',(56.2,0.));
#3452 = CARTESIAN_POINT('',(56.2,-15.93486742963));
#3453 = CARTESIAN_POINT('',(42.4,-7.967433714817));
#3454 = CARTESIAN_POINT('',(28.6,-2.253350110431E-15));
#3455 = CARTESIAN_POINT('',(42.4,7.967433714817));
#3456 = CARTESIAN_POINT('',(56.2,15.934867429634));
#3457 = CARTESIAN_POINT('',(56.2,0.));
#3458 = ( GEOMETRIC_REPRESENTATION_CONTEXT(2) 
PARAMETRIC_REPRESENTATION_CONTEXT() REPRESENTATION_CONTEXT('2D SPACE',''
  ) );
#3459 = PCURVE('',#1172,#3460);
#3460 = DEFINITIONAL_REPRESENTATION('',(#3461),#3465);
#3461 = LINE('',#3462,#3463);
#3462 = CARTESIAN_POINT('',(-6.28318530718,-6.9));
#3463 = VECTOR('',#3464,1.);
#3464 = DIRECTION('',(1.,-0.));
#3465 = ( GEOMETRIC_REPRESENTATION_CONTEXT(2) 
PARAMETRIC_REPRESENTATION_CONTEXT() REPRESENTATION_CONTEXT('2D SPACE',''
  ) );
#3466 = ORIENTED_EDGE('',*,*,#1183,.T.);
#3467 = ORIENTED_EDGE('',*,*,#3468,.T.);
#3468 = EDGE_CURVE('',#1184,#3372,#3469,.T.);
#3469 = SURFACE_CURVE('',#3470,(#3475,#3486),.PCURVE_S1.);
#3470 = CIRCLE('',#3471,8.02);
#3471 = AXIS2_PLACEMENT_3D('',#3472,#3473,#3474);
#3472 = CARTESIAN_POINT('',(53.505,5.995,0.2));
#3473 = DIRECTION('',(0.,0.,-1.));
#3474 = DIRECTION('',(1.,0.,0.));
#3475 = PCURVE('',#944,#3476);
#3476 = DEFINITIONAL_REPRESENTATION('',(#3477),#3485);
#3477 = ( BOUNDED_CURVE() B_SPLINE_CURVE(2,(#3478,#3479,#3480,#3481,
#3482,#3483,#3484),.UNSPECIFIED.,.T.,.F.) B_SPLINE_CURVE_WITH_KNOTS((1,2
    ,2,2,2,1),(-2.094395102393,0.,2.094395102393,4.188790204786,
6.28318530718,8.377580409573),.UNSPECIFIED.) CURVE() 
GEOMETRIC_REPRESENTATION_ITEM() RATIONAL_B_SPLINE_CURVE((1.,0.5,1.,0.5,
1.,0.5,1.)) REPRESENTATION_ITEM('') );
#3478 = CARTESIAN_POINT('',(55.025,-5.00000000001E-03));
#3479 = CARTESIAN_POINT('',(55.025,-13.8960474767));
#3480 = CARTESIAN_POINT('',(42.995,-6.950523738351));
#3481 = CARTESIAN_POINT('',(30.965,-5.000000000012E-03));
#3482 = CARTESIAN_POINT('',(42.995,6.940523738351));
#3483 = CARTESIAN_POINT('',(55.025,13.886047476702));
#3484 = CARTESIAN_POINT('',(55.025,-5.00000000001E-03));
#3485 = ( GEOMETRIC_REPRESENTATION_CONTEXT(2) 
PARAMETRIC_REPRESENTATION_CONTEXT() REPRESENTATION_CONTEXT('2D SPACE',''
  ) );
#3486 = PCURVE('',#1219,#3487);
#3487 = DEFINITIONAL_REPRESENTATION('',(#3488),#3492);
#3488 = LINE('',#3489,#3490);
#3489 = CARTESIAN_POINT('',(-6.28318530718,5.E-02));
#3490 = VECTOR('',#3491,1.);
#3491 = DIRECTION('',(1.,-0.));
#3492 = ( GEOMETRIC_REPRESENTATION_CONTEXT(2) 
PARAMETRIC_REPRESENTATION_CONTEXT() REPRESENTATION_CONTEXT('2D SPACE',''
  ) );
#3493 = ADVANCED_FACE('',(#3494),#918,.T.);
#3494 = FACE_BOUND('',#3495,.T.);
#3495 = EDGE_LOOP('',(#3496,#3519,#3547,#3568,#3569,#3590,#3609,#3610,
    #3611));
#3496 = ORIENTED_EDGE('',*,*,#3497,.F.);
#3497 = EDGE_CURVE('',#3498,#3421,#3500,.T.);
#3498 = VERTEX_POINT('',#3499);
#3499 = CARTESIAN_POINT('',(53.5,-3.2,-6.7));
#3500 = SURFACE_CURVE('',#3501,(#3505,#3512),.PCURVE_S1.);
#3501 = LINE('',#3502,#3503);
#3502 = CARTESIAN_POINT('',(53.5,-3.2,-6.7));
#3503 = VECTOR('',#3504,1.);
#3504 = DIRECTION('',(0.,0.,1.));
#3505 = PCURVE('',#918,#3506);
#3506 = DEFINITIONAL_REPRESENTATION('',(#3507),#3511);
#3507 = LINE('',#3508,#3509);
#3508 = CARTESIAN_POINT('',(0.,47.));
#3509 = VECTOR('',#3510,1.);
#3510 = DIRECTION('',(1.,0.));
#3511 = ( GEOMETRIC_REPRESENTATION_CONTEXT(2) 
PARAMETRIC_REPRESENTATION_CONTEXT() REPRESENTATION_CONTEXT('2D SPACE',''
  ) );
#3512 = PCURVE('',#1172,#3513);
#3513 = DEFINITIONAL_REPRESENTATION('',(#3514),#3518);
#3514 = LINE('',#3515,#3516);
#3515 = CARTESIAN_POINT('',(-4.712388980385,0.));
#3516 = VECTOR('',#3517,1.);
#3517 = DIRECTION('',(-0.,-1.));
#3518 = ( GEOMETRIC_REPRESENTATION_CONTEXT(2) 
PARAMETRIC_REPRESENTATION_CONTEXT() REPRESENTATION_CONTEXT('2D SPACE',''
  ) );
#3519 = ORIENTED_EDGE('',*,*,#3520,.F.);
#3520 = EDGE_CURVE('',#3521,#3498,#3523,.T.);
#3521 = VERTEX_POINT('',#3522);
#3522 = CARTESIAN_POINT('',(6.5,-3.2,-6.7));
#3523 = SURFACE_CURVE('',#3524,(#3528,#3535),.PCURVE_S1.);
#3524 = LINE('',#3525,#3526);
#3525 = CARTESIAN_POINT('',(6.5,-3.2,-6.7));
#3526 = VECTOR('',#3527,1.);
#3527 = DIRECTION('',(1.,0.,0.));
#3528 = PCURVE('',#918,#3529);
#3529 = DEFINITIONAL_REPRESENTATION('',(#3530),#3534);
#3530 = LINE('',#3531,#3532);
#3531 = CARTESIAN_POINT('',(0.,0.));
#3532 = VECTOR('',#3533,1.);
#3533 = DIRECTION('',(0.,1.));
#3534 = ( GEOMETRIC_REPRESENTATION_CONTEXT(2) 
PARAMETRIC_REPRESENTATION_CONTEXT() REPRESENTATION_CONTEXT('2D SPACE',''
  ) );
#3535 = PCURVE('',#3536,#3541);
#3536 = PLANE('',#3537);
#3537 = AXIS2_PLACEMENT_3D('',#3538,#3539,#3540);
#3538 = CARTESIAN_POINT('',(6.5,6.,-6.7));
#3539 = DIRECTION('',(0.,0.,1.));
#3540 = DIRECTION('',(1.,0.,-0.));
#3541 = DEFINITIONAL_REPRESENTATION('',(#3542),#3546);
#3542 = LINE('',#3543,#3544);
#3543 = CARTESIAN_POINT('',(8.881784197001E-16,-9.2));
#3544 = VECTOR('',#3545,1.);
#3545 = DIRECTION('',(1.,0.));
#3546 = ( GEOMETRIC_REPRESENTATION_CONTEXT(2) 
PARAMETRIC_REPRESENTATION_CONTEXT() REPRESENTATION_CONTEXT('2D SPACE',''
  ) );
#3547 = ORIENTED_EDGE('',*,*,#3548,.T.);
#3548 = EDGE_CURVE('',#3521,#2946,#3549,.T.);
#3549 = SURFACE_CURVE('',#3550,(#3554,#3561),.PCURVE_S1.);
#3550 = LINE('',#3551,#3552);
#3551 = CARTESIAN_POINT('',(6.5,-3.2,-6.7));
#3552 = VECTOR('',#3553,1.);
#3553 = DIRECTION('',(0.,0.,1.));
#3554 = PCURVE('',#918,#3555);
#3555 = DEFINITIONAL_REPRESENTATION('',(#3556),#3560);
#3556 = LINE('',#3557,#3558);
#3557 = CARTESIAN_POINT('',(0.,0.));
#3558 = VECTOR('',#3559,1.);
#3559 = DIRECTION('',(1.,0.));
#3560 = ( GEOMETRIC_REPRESENTATION_CONTEXT(2) 
PARAMETRIC_REPRESENTATION_CONTEXT() REPRESENTATION_CONTEXT('2D SPACE',''
  ) );
#3561 = PCURVE('',#2979,#3562);
#3562 = DEFINITIONAL_REPRESENTATION('',(#3563),#3567);
#3563 = LINE('',#3564,#3565);
#3564 = CARTESIAN_POINT('',(-4.712388980385,0.));
#3565 = VECTOR('',#3566,1.);
#3566 = DIRECTION('',(-0.,-1.));
#3567 = ( GEOMETRIC_REPRESENTATION_CONTEXT(2) 
PARAMETRIC_REPRESENTATION_CONTEXT() REPRESENTATION_CONTEXT('2D SPACE',''
  ) );
#3568 = ORIENTED_EDGE('',*,*,#3000,.F.);
#3569 = ORIENTED_EDGE('',*,*,#3570,.T.);
#3570 = EDGE_CURVE('',#3001,#3571,#3573,.T.);
#3571 = VERTEX_POINT('',#3572);
#3572 = CARTESIAN_POINT('',(14.79,-3.2,0.2));
#3573 = SURFACE_CURVE('',#3574,(#3578,#3584),.PCURVE_S1.);
#3574 = LINE('',#3575,#3576);
#3575 = CARTESIAN_POINT('',(6.5,-3.2,0.2));
#3576 = VECTOR('',#3577,1.);
#3577 = DIRECTION('',(1.,0.,0.));
#3578 = PCURVE('',#918,#3579);
#3579 = DEFINITIONAL_REPRESENTATION('',(#3580),#3583);
#3580 = B_SPLINE_CURVE_WITH_KNOTS('',1,(#3581,#3582),.UNSPECIFIED.,.F.,
  .F.,(2,2),(-1.7763568394E-15,47.),.PIECEWISE_BEZIER_KNOTS.);
#3581 = CARTESIAN_POINT('',(6.9,0.));
#3582 = CARTESIAN_POINT('',(6.9,47.));
#3583 = ( GEOMETRIC_REPRESENTATION_CONTEXT(2) 
PARAMETRIC_REPRESENTATION_CONTEXT() REPRESENTATION_CONTEXT('2D SPACE',''
  ) );
#3584 = PCURVE('',#3039,#3585);
#3585 = DEFINITIONAL_REPRESENTATION('',(#3586),#3589);
#3586 = B_SPLINE_CURVE_WITH_KNOTS('',1,(#3587,#3588),.UNSPECIFIED.,.F.,
  .F.,(2,2),(-1.7763568394E-15,47.),.PIECEWISE_BEZIER_KNOTS.);
#3587 = CARTESIAN_POINT('',(-2.6645352591E-15,-9.2));
#3588 = CARTESIAN_POINT('',(47.,-9.2));
#3589 = ( GEOMETRIC_REPRESENTATION_CONTEXT(2) 
PARAMETRIC_REPRESENTATION_CONTEXT() REPRESENTATION_CONTEXT('2D SPACE',''
  ) );
#3590 = ORIENTED_EDGE('',*,*,#3591,.T.);
#3591 = EDGE_CURVE('',#3571,#2688,#3592,.T.);
#3592 = SURFACE_CURVE('',#3593,(#3597,#3603),.PCURVE_S1.);
#3593 = LINE('',#3594,#3595);
#3594 = CARTESIAN_POINT('',(14.79,-3.2,-4.));
#3595 = VECTOR('',#3596,1.);
#3596 = DIRECTION('',(0.,0.,-1.));
#3597 = PCURVE('',#918,#3598);
#3598 = DEFINITIONAL_REPRESENTATION('',(#3599),#3602);
#3599 = B_SPLINE_CURVE_WITH_KNOTS('',1,(#3600,#3601),.UNSPECIFIED.,.F.,
  .F.,(2,2),(-4.2,-2.7),.PIECEWISE_BEZIER_KNOTS.);
#3600 = CARTESIAN_POINT('',(6.9,8.29));
#3601 = CARTESIAN_POINT('',(5.4,8.29));
#3602 = ( GEOMETRIC_REPRESENTATION_CONTEXT(2) 
PARAMETRIC_REPRESENTATION_CONTEXT() REPRESENTATION_CONTEXT('2D SPACE',''
  ) );
#3603 = PCURVE('',#2724,#3604);
#3604 = DEFINITIONAL_REPRESENTATION('',(#3605),#3608);
#3605 = B_SPLINE_CURVE_WITH_KNOTS('',1,(#3606,#3607),.UNSPECIFIED.,.F.,
  .F.,(2,2),(-4.2,-2.7),.PIECEWISE_BEZIER_KNOTS.);
#3606 = CARTESIAN_POINT('',(1.5,-1.65));
#3607 = CARTESIAN_POINT('',(0.,-1.65));
#3608 = ( GEOMETRIC_REPRESENTATION_CONTEXT(2) 
PARAMETRIC_REPRESENTATION_CONTEXT() REPRESENTATION_CONTEXT('2D SPACE',''
  ) );
#3609 = ORIENTED_EDGE('',*,*,#2687,.T.);
#3610 = ORIENTED_EDGE('',*,*,#903,.F.);
#3611 = ORIENTED_EDGE('',*,*,#3420,.T.);
#3612 = ADVANCED_FACE('',(#3613),#1145,.T.);
#3613 = FACE_BOUND('',#3614,.T.);
#3614 = EDGE_LOOP('',(#3615,#3641,#3642));
#3615 = ORIENTED_EDGE('',*,*,#3616,.T.);
#3616 = EDGE_CURVE('',#1277,#1128,#3617,.T.);
#3617 = SURFACE_CURVE('',#3618,(#3623,#3634),.PCURVE_S1.);
#3618 = CIRCLE('',#3619,9.2);
#3619 = AXIS2_PLACEMENT_3D('',#3620,#3621,#3622);
#3620 = CARTESIAN_POINT('',(53.5,6.,5.E-02));
#3621 = DIRECTION('',(0.,0.,-1.));
#3622 = DIRECTION('',(1.,0.,0.));
#3623 = PCURVE('',#1145,#3624);
#3624 = DEFINITIONAL_REPRESENTATION('',(#3625),#3633);
#3625 = ( BOUNDED_CURVE() B_SPLINE_CURVE(2,(#3626,#3627,#3628,#3629,
#3630,#3631,#3632),.UNSPECIFIED.,.T.,.F.) B_SPLINE_CURVE_WITH_KNOTS((1,2
    ,2,2,2,1),(-2.094395102393,0.,2.094395102393,4.188790204786,
6.28318530718,8.377580409573),.UNSPECIFIED.) CURVE() 
GEOMETRIC_REPRESENTATION_ITEM() RATIONAL_B_SPLINE_CURVE((1.,0.5,1.,0.5,
1.,0.5,1.)) REPRESENTATION_ITEM('') );
#3626 = CARTESIAN_POINT('',(63.,6.3));
#3627 = CARTESIAN_POINT('',(63.,-9.634867429634));
#3628 = CARTESIAN_POINT('',(49.2,-1.667433714817));
#3629 = CARTESIAN_POINT('',(35.4,6.3));
#3630 = CARTESIAN_POINT('',(49.2,14.267433714817));
#3631 = CARTESIAN_POINT('',(63.,22.234867429634));
#3632 = CARTESIAN_POINT('',(63.,6.3));
#3633 = ( GEOMETRIC_REPRESENTATION_CONTEXT(2) 
PARAMETRIC_REPRESENTATION_CONTEXT() REPRESENTATION_CONTEXT('2D SPACE',''
  ) );
#3634 = PCURVE('',#1172,#3635);
#3635 = DEFINITIONAL_REPRESENTATION('',(#3636),#3640);
#3636 = LINE('',#3637,#3638);
#3637 = CARTESIAN_POINT('',(-6.28318530718,-6.75));
#3638 = VECTOR('',#3639,1.);
#3639 = DIRECTION('',(1.,-0.));
#3640 = ( GEOMETRIC_REPRESENTATION_CONTEXT(2) 
PARAMETRIC_REPRESENTATION_CONTEXT() REPRESENTATION_CONTEXT('2D SPACE',''
  ) );
#3641 = ORIENTED_EDGE('',*,*,#1127,.T.);
#3642 = ORIENTED_EDGE('',*,*,#1276,.T.);
#3643 = ADVANCED_FACE('',(#3644),#1219,.F.);
#3644 = FACE_BOUND('',#3645,.T.);
#3645 = EDGE_LOOP('',(#3646,#3647,#3648,#3649));
#3646 = ORIENTED_EDGE('',*,*,#3318,.F.);
#3647 = ORIENTED_EDGE('',*,*,#1204,.T.);
#3648 = ORIENTED_EDGE('',*,*,#3468,.T.);
#3649 = ORIENTED_EDGE('',*,*,#3371,.F.);
#3650 = ADVANCED_FACE('',(#3651),#1172,.F.);
#3651 = FACE_BOUND('',#3652,.T.);
#3652 = EDGE_LOOP('',(#3653,#3682,#3704,#3705,#3706,#3707,#3708,#3709));
#3653 = ORIENTED_EDGE('',*,*,#3654,.F.);
#3654 = EDGE_CURVE('',#3655,#3657,#3659,.T.);
#3655 = VERTEX_POINT('',#3656);
#3656 = CARTESIAN_POINT('',(62.7,6.,-6.7));
#3657 = VERTEX_POINT('',#3658);
#3658 = CARTESIAN_POINT('',(62.7,6.,0.2));
#3659 = SURFACE_CURVE('',#3660,(#3664,#3670),.PCURVE_S1.);
#3660 = LINE('',#3661,#3662);
#3661 = CARTESIAN_POINT('',(62.7,6.,-6.7));
#3662 = VECTOR('',#3663,1.);
#3663 = DIRECTION('',(0.,0.,1.));
#3664 = PCURVE('',#1172,#3665);
#3665 = DEFINITIONAL_REPRESENTATION('',(#3666),#3669);
#3666 = B_SPLINE_CURVE_WITH_KNOTS('',1,(#3667,#3668),.UNSPECIFIED.,.F.,
  .F.,(2,2),(0.,7.6),.PIECEWISE_BEZIER_KNOTS.);
#3667 = CARTESIAN_POINT('',(-6.28318530718,0.));
#3668 = CARTESIAN_POINT('',(-6.28318530718,-7.6));
#3669 = ( GEOMETRIC_REPRESENTATION_CONTEXT(2) 
PARAMETRIC_REPRESENTATION_CONTEXT() REPRESENTATION_CONTEXT('2D SPACE',''
  ) );
#3670 = PCURVE('',#3671,#3676);
#3671 = PLANE('',#3672);
#3672 = AXIS2_PLACEMENT_3D('',#3673,#3674,#3675);
#3673 = CARTESIAN_POINT('',(62.7,6.,-6.7));
#3674 = DIRECTION('',(1.,0.,0.));
#3675 = DIRECTION('',(0.,0.,1.));
#3676 = DEFINITIONAL_REPRESENTATION('',(#3677),#3681);
#3677 = LINE('',#3678,#3679);
#3678 = CARTESIAN_POINT('',(0.,0.));
#3679 = VECTOR('',#3680,1.);
#3680 = DIRECTION('',(1.,0.));
#3681 = ( GEOMETRIC_REPRESENTATION_CONTEXT(2) 
PARAMETRIC_REPRESENTATION_CONTEXT() REPRESENTATION_CONTEXT('2D SPACE',''
  ) );
#3682 = ORIENTED_EDGE('',*,*,#3683,.F.);
#3683 = EDGE_CURVE('',#3498,#3655,#3684,.T.);
#3684 = SURFACE_CURVE('',#3685,(#3690,#3697),.PCURVE_S1.);
#3685 = CIRCLE('',#3686,9.2);
#3686 = AXIS2_PLACEMENT_3D('',#3687,#3688,#3689);
#3687 = CARTESIAN_POINT('',(53.5,6.,-6.7));
#3688 = DIRECTION('',(0.,0.,1.));
#3689 = DIRECTION('',(1.,0.,0.));
#3690 = PCURVE('',#1172,#3691);
#3691 = DEFINITIONAL_REPRESENTATION('',(#3692),#3696);
#3692 = LINE('',#3693,#3694);
#3693 = CARTESIAN_POINT('',(-0.,0.));
#3694 = VECTOR('',#3695,1.);
#3695 = DIRECTION('',(-1.,0.));
#3696 = ( GEOMETRIC_REPRESENTATION_CONTEXT(2) 
PARAMETRIC_REPRESENTATION_CONTEXT() REPRESENTATION_CONTEXT('2D SPACE',''
  ) );
#3697 = PCURVE('',#3536,#3698);
#3698 = DEFINITIONAL_REPRESENTATION('',(#3699),#3703);
#3699 = CIRCLE('',#3700,9.2);
#3700 = AXIS2_PLACEMENT_2D('',#3701,#3702);
#3701 = CARTESIAN_POINT('',(47.,-8.881784197001E-16));
#3702 = DIRECTION('',(1.,0.));
#3703 = ( GEOMETRIC_REPRESENTATION_CONTEXT(2) 
PARAMETRIC_REPRESENTATION_CONTEXT() REPRESENTATION_CONTEXT('2D SPACE',''
  ) );
#3704 = ORIENTED_EDGE('',*,*,#3497,.T.);
#3705 = ORIENTED_EDGE('',*,*,#3441,.F.);
#3706 = ORIENTED_EDGE('',*,*,#1157,.T.);
#3707 = ORIENTED_EDGE('',*,*,#3616,.F.);
#3708 = ORIENTED_EDGE('',*,*,#1299,.F.);
#3709 = ORIENTED_EDGE('',*,*,#3710,.F.);
#3710 = EDGE_CURVE('',#3657,#1300,#3711,.T.);
#3711 = SURFACE_CURVE('',#3712,(#3717,#3724),.PCURVE_S1.);
#3712 = CIRCLE('',#3713,9.2);
#3713 = AXIS2_PLACEMENT_3D('',#3714,#3715,#3716);
#3714 = CARTESIAN_POINT('',(53.5,6.,0.2));
#3715 = DIRECTION('',(0.,0.,-1.));
#3716 = DIRECTION('',(1.,0.,0.));
#3717 = PCURVE('',#1172,#3718);
#3718 = DEFINITIONAL_REPRESENTATION('',(#3719),#3723);
#3719 = LINE('',#3720,#3721);
#3720 = CARTESIAN_POINT('',(-6.28318530718,-6.9));
#3721 = VECTOR('',#3722,1.);
#3722 = DIRECTION('',(1.,-0.));
#3723 = ( GEOMETRIC_REPRESENTATION_CONTEXT(2) 
PARAMETRIC_REPRESENTATION_CONTEXT() REPRESENTATION_CONTEXT('2D SPACE',''
  ) );
#3724 = PCURVE('',#1335,#3725);
#3725 = DEFINITIONAL_REPRESENTATION('',(#3726),#3734);
#3726 = ( BOUNDED_CURVE() B_SPLINE_CURVE(2,(#3727,#3728,#3729,#3730,
#3731,#3732,#3733),.UNSPECIFIED.,.T.,.F.) B_SPLINE_CURVE_WITH_KNOTS((1,2
    ,2,2,2,1),(-2.094395102393,0.,2.094395102393,4.188790204786,
6.28318530718,8.377580409573),.UNSPECIFIED.) CURVE() 
GEOMETRIC_REPRESENTATION_ITEM() RATIONAL_B_SPLINE_CURVE((1.,0.5,1.,0.5,
1.,0.5,1.)) REPRESENTATION_ITEM('') );
#3727 = CARTESIAN_POINT('',(56.2,0.));
#3728 = CARTESIAN_POINT('',(56.2,-15.93486742963));
#3729 = CARTESIAN_POINT('',(42.4,-7.967433714817));
#3730 = CARTESIAN_POINT('',(28.6,-2.253350110431E-15));
#3731 = CARTESIAN_POINT('',(42.4,7.967433714817));
#3732 = CARTESIAN_POINT('',(56.2,15.934867429634));
#3733 = CARTESIAN_POINT('',(56.2,0.));
#3734 = ( GEOMETRIC_REPRESENTATION_CONTEXT(2) 
PARAMETRIC_REPRESENTATION_CONTEXT() REPRESENTATION_CONTEXT('2D SPACE',''
  ) );
#3735 = ADVANCED_FACE('',(#3736),#1387,.T.);
#3736 = FACE_BOUND('',#3737,.T.);
#3737 = EDGE_LOOP('',(#3738,#3739,#3740,#3768,#3795,#3821,#3822,#3823));
#3738 = ORIENTED_EDGE('',*,*,#1541,.T.);
#3739 = ORIENTED_EDGE('',*,*,#1645,.F.);
#3740 = ORIENTED_EDGE('',*,*,#3741,.T.);
#3741 = EDGE_CURVE('',#1646,#3742,#3744,.T.);
#3742 = VERTEX_POINT('',#3743);
#3743 = CARTESIAN_POINT('',(61.525,99.005,1.5));
#3744 = SURFACE_CURVE('',#3745,(#3750,#3761),.PCURVE_S1.);
#3745 = CIRCLE('',#3746,8.02);
#3746 = AXIS2_PLACEMENT_3D('',#3747,#3748,#3749);
#3747 = CARTESIAN_POINT('',(53.505,99.005,1.5));
#3748 = DIRECTION('',(0.,0.,-1.));
#3749 = DIRECTION('',(1.,0.,0.));
#3750 = PCURVE('',#1387,#3751);
#3751 = DEFINITIONAL_REPRESENTATION('',(#3752),#3760);
#3752 = ( BOUNDED_CURVE() B_SPLINE_CURVE(2,(#3753,#3754,#3755,#3756,
#3757,#3758,#3759),.UNSPECIFIED.,.T.,.F.) B_SPLINE_CURVE_WITH_KNOTS((1,2
    ,2,2,2,1),(-2.094395102393,0.,2.094395102393,4.188790204786,
6.28318530718,8.377580409573),.UNSPECIFIED.) CURVE() 
GEOMETRIC_REPRESENTATION_ITEM() RATIONAL_B_SPLINE_CURVE((1.,0.5,1.,0.5,
1.,0.5,1.)) REPRESENTATION_ITEM('') );
#3753 = CARTESIAN_POINT('',(55.03,102.03));
#3754 = CARTESIAN_POINT('',(55.03,88.138952523298));
#3755 = CARTESIAN_POINT('',(43.,95.084476261649));
#3756 = CARTESIAN_POINT('',(30.97,102.03));
#3757 = CARTESIAN_POINT('',(43.,108.97552373835));
#3758 = CARTESIAN_POINT('',(55.03,115.9210474767));
#3759 = CARTESIAN_POINT('',(55.03,102.03));
#3760 = ( GEOMETRIC_REPRESENTATION_CONTEXT(2) 
PARAMETRIC_REPRESENTATION_CONTEXT() REPRESENTATION_CONTEXT('2D SPACE',''
  ) );
#3761 = PCURVE('',#1681,#3762);
#3762 = DEFINITIONAL_REPRESENTATION('',(#3763),#3767);
#3763 = LINE('',#3764,#3765);
#3764 = CARTESIAN_POINT('',(-6.28318530718,-1.25));
#3765 = VECTOR('',#3766,1.);
#3766 = DIRECTION('',(1.,-0.));
#3767 = ( GEOMETRIC_REPRESENTATION_CONTEXT(2) 
PARAMETRIC_REPRESENTATION_CONTEXT() REPRESENTATION_CONTEXT('2D SPACE',''
  ) );
#3768 = ORIENTED_EDGE('',*,*,#3769,.F.);
#3769 = EDGE_CURVE('',#3770,#3742,#3772,.T.);
#3770 = VERTEX_POINT('',#3771);
#3771 = CARTESIAN_POINT('',(61.525,5.995,1.5));
#3772 = SURFACE_CURVE('',#3773,(#3777,#3783),.PCURVE_S1.);
#3773 = LINE('',#3774,#3775);
#3774 = CARTESIAN_POINT('',(61.525,1.485,1.5));
#3775 = VECTOR('',#3776,1.);
#3776 = DIRECTION('',(0.,1.,0.));
#3777 = PCURVE('',#1387,#3778);
#3778 = DEFINITIONAL_REPRESENTATION('',(#3779),#3782);
#3779 = B_SPLINE_CURVE_WITH_KNOTS('',1,(#3780,#3781),.UNSPECIFIED.,.F.,
  .F.,(2,2),(4.51,97.52),.PIECEWISE_BEZIER_KNOTS.);
#3780 = CARTESIAN_POINT('',(55.03,9.02));
#3781 = CARTESIAN_POINT('',(55.03,102.03));
#3782 = ( GEOMETRIC_REPRESENTATION_CONTEXT(2) 
PARAMETRIC_REPRESENTATION_CONTEXT() REPRESENTATION_CONTEXT('2D SPACE',''
  ) );
#3783 = PCURVE('',#3784,#3789);
#3784 = PLANE('',#3785);
#3785 = AXIS2_PLACEMENT_3D('',#3786,#3787,#3788);
#3786 = CARTESIAN_POINT('',(61.525,5.995,0.25));
#3787 = DIRECTION('',(1.,0.,0.));
#3788 = DIRECTION('',(0.,0.,1.));
#3789 = DEFINITIONAL_REPRESENTATION('',(#3790),#3794);
#3790 = LINE('',#3791,#3792);
#3791 = CARTESIAN_POINT('',(1.25,4.51));
#3792 = VECTOR('',#3793,1.);
#3793 = DIRECTION('',(0.,-1.));
#3794 = ( GEOMETRIC_REPRESENTATION_CONTEXT(2) 
PARAMETRIC_REPRESENTATION_CONTEXT() REPRESENTATION_CONTEXT('2D SPACE',''
  ) );
#3795 = ORIENTED_EDGE('',*,*,#3796,.T.);
#3796 = EDGE_CURVE('',#3770,#1347,#3797,.T.);
#3797 = SURFACE_CURVE('',#3798,(#3803,#3814),.PCURVE_S1.);
#3798 = CIRCLE('',#3799,8.02);
#3799 = AXIS2_PLACEMENT_3D('',#3800,#3801,#3802);
#3800 = CARTESIAN_POINT('',(53.505,5.995,1.5));
#3801 = DIRECTION('',(0.,0.,-1.));
#3802 = DIRECTION('',(1.,0.,0.));
#3803 = PCURVE('',#1387,#3804);
#3804 = DEFINITIONAL_REPRESENTATION('',(#3805),#3813);
#3805 = ( BOUNDED_CURVE() B_SPLINE_CURVE(2,(#3806,#3807,#3808,#3809,
#3810,#3811,#3812),.UNSPECIFIED.,.T.,.F.) B_SPLINE_CURVE_WITH_KNOTS((1,2
    ,2,2,2,1),(-2.094395102393,0.,2.094395102393,4.188790204786,
6.28318530718,8.377580409573),.UNSPECIFIED.) CURVE() 
GEOMETRIC_REPRESENTATION_ITEM() RATIONAL_B_SPLINE_CURVE((1.,0.5,1.,0.5,
1.,0.5,1.)) REPRESENTATION_ITEM('') );
#3806 = CARTESIAN_POINT('',(55.03,9.02));
#3807 = CARTESIAN_POINT('',(55.03,-4.871047476702));
#3808 = CARTESIAN_POINT('',(43.,2.074476261649));
#3809 = CARTESIAN_POINT('',(30.97,9.02));
#3810 = CARTESIAN_POINT('',(43.,15.965523738351));
#3811 = CARTESIAN_POINT('',(55.03,22.911047476702));
#3812 = CARTESIAN_POINT('',(55.03,9.02));
#3813 = ( GEOMETRIC_REPRESENTATION_CONTEXT(2) 
PARAMETRIC_REPRESENTATION_CONTEXT() REPRESENTATION_CONTEXT('2D SPACE',''
  ) );
#3814 = PCURVE('',#1361,#3815);
#3815 = DEFINITIONAL_REPRESENTATION('',(#3816),#3820);
#3816 = LINE('',#3817,#3818);
#3817 = CARTESIAN_POINT('',(-6.28318530718,-1.25));
#3818 = VECTOR('',#3819,1.);
#3819 = DIRECTION('',(1.,-0.));
#3820 = ( GEOMETRIC_REPRESENTATION_CONTEXT(2) 
PARAMETRIC_REPRESENTATION_CONTEXT() REPRESENTATION_CONTEXT('2D SPACE',''
  ) );
#3821 = ORIENTED_EDGE('',*,*,#1372,.F.);
#3822 = ORIENTED_EDGE('',*,*,#1422,.T.);
#3823 = ORIENTED_EDGE('',*,*,#1494,.T.);
#3824 = ADVANCED_FACE('',(#3825),#1361,.F.);
#3825 = FACE_BOUND('',#3826,.T.);
#3826 = EDGE_LOOP('',(#3827,#3828,#3851,#3877));
#3827 = ORIENTED_EDGE('',*,*,#3796,.F.);
#3828 = ORIENTED_EDGE('',*,*,#3829,.T.);
#3829 = EDGE_CURVE('',#3770,#3830,#3832,.T.);
#3830 = VERTEX_POINT('',#3831);
#3831 = CARTESIAN_POINT('',(61.525,5.995,0.2));
#3832 = SURFACE_CURVE('',#3833,(#3837,#3844),.PCURVE_S1.);
#3833 = LINE('',#3834,#3835);
#3834 = CARTESIAN_POINT('',(61.525,5.995,1.5));
#3835 = VECTOR('',#3836,1.);
#3836 = DIRECTION('',(0.,0.,-1.));
#3837 = PCURVE('',#1361,#3838);
#3838 = DEFINITIONAL_REPRESENTATION('',(#3839),#3843);
#3839 = LINE('',#3840,#3841);
#3840 = CARTESIAN_POINT('',(-6.28318530718,-1.25));
#3841 = VECTOR('',#3842,1.);
#3842 = DIRECTION('',(0.,1.));
#3843 = ( GEOMETRIC_REPRESENTATION_CONTEXT(2) 
PARAMETRIC_REPRESENTATION_CONTEXT() REPRESENTATION_CONTEXT('2D SPACE',''
  ) );
#3844 = PCURVE('',#3784,#3845);
#3845 = DEFINITIONAL_REPRESENTATION('',(#3846),#3850);
#3846 = LINE('',#3847,#3848);
#3847 = CARTESIAN_POINT('',(1.25,0.));
#3848 = VECTOR('',#3849,1.);
#3849 = DIRECTION('',(-1.,0.));
#3850 = ( GEOMETRIC_REPRESENTATION_CONTEXT(2) 
PARAMETRIC_REPRESENTATION_CONTEXT() REPRESENTATION_CONTEXT('2D SPACE',''
  ) );
#3851 = ORIENTED_EDGE('',*,*,#3852,.T.);
#3852 = EDGE_CURVE('',#3830,#1321,#3853,.T.);
#3853 = SURFACE_CURVE('',#3854,(#3859,#3866),.PCURVE_S1.);
#3854 = CIRCLE('',#3855,8.02);
#3855 = AXIS2_PLACEMENT_3D('',#3856,#3857,#3858);
#3856 = CARTESIAN_POINT('',(53.505,5.995,0.2));
#3857 = DIRECTION('',(0.,0.,-1.));
#3858 = DIRECTION('',(1.,0.,0.));
#3859 = PCURVE('',#1361,#3860);
#3860 = DEFINITIONAL_REPRESENTATION('',(#3861),#3865);
#3861 = LINE('',#3862,#3863);
#3862 = CARTESIAN_POINT('',(-6.28318530718,5.E-02));
#3863 = VECTOR('',#3864,1.);
#3864 = DIRECTION('',(1.,-0.));
#3865 = ( GEOMETRIC_REPRESENTATION_CONTEXT(2) 
PARAMETRIC_REPRESENTATION_CONTEXT() REPRESENTATION_CONTEXT('2D SPACE',''
  ) );
#3866 = PCURVE('',#1335,#3867);
#3867 = DEFINITIONAL_REPRESENTATION('',(#3868),#3876);
#3868 = ( BOUNDED_CURVE() B_SPLINE_CURVE(2,(#3869,#3870,#3871,#3872,
#3873,#3874,#3875),.UNSPECIFIED.,.T.,.F.) B_SPLINE_CURVE_WITH_KNOTS((1,2
    ,2,2,2,1),(-2.094395102393,0.,2.094395102393,4.188790204786,
6.28318530718,8.377580409573),.UNSPECIFIED.) CURVE() 
GEOMETRIC_REPRESENTATION_ITEM() RATIONAL_B_SPLINE_CURVE((1.,0.5,1.,0.5,
1.,0.5,1.)) REPRESENTATION_ITEM('') );
#3869 = CARTESIAN_POINT('',(55.025,-5.00000000001E-03));
#3870 = CARTESIAN_POINT('',(55.025,-13.8960474767));
#3871 = CARTESIAN_POINT('',(42.995,-6.950523738351));
#3872 = CARTESIAN_POINT('',(30.965,-5.000000000012E-03));
#3873 = CARTESIAN_POINT('',(42.995,6.940523738351));
#3874 = CARTESIAN_POINT('',(55.025,13.886047476702));
#3875 = CARTESIAN_POINT('',(55.025,-5.00000000001E-03));
#3876 = ( GEOMETRIC_REPRESENTATION_CONTEXT(2) 
PARAMETRIC_REPRESENTATION_CONTEXT() REPRESENTATION_CONTEXT('2D SPACE',''
  ) );
#3877 = ORIENTED_EDGE('',*,*,#1346,.F.);
#3878 = ADVANCED_FACE('',(#3879),#1335,.F.);
#3879 = FACE_BOUND('',#3880,.F.);
#3880 = EDGE_LOOP('',(#3881,#3909,#3910,#3938,#3958,#3959,#3960,#3961));
#3881 = ORIENTED_EDGE('',*,*,#3882,.F.);
#3882 = EDGE_CURVE('',#1567,#3883,#3885,.T.);
#3883 = VERTEX_POINT('',#3884);
#3884 = CARTESIAN_POINT('',(62.7,99.,0.2));
#3885 = SURFACE_CURVE('',#3886,(#3891,#3902),.PCURVE_S1.);
#3886 = CIRCLE('',#3887,9.2);
#3887 = AXIS2_PLACEMENT_3D('',#3888,#3889,#3890);
#3888 = CARTESIAN_POINT('',(53.5,99.,0.2));
#3889 = DIRECTION('',(0.,0.,-1.));
#3890 = DIRECTION('',(1.,0.,0.));
#3891 = PCURVE('',#1335,#3892);
#3892 = DEFINITIONAL_REPRESENTATION('',(#3893),#3901);
#3893 = ( BOUNDED_CURVE() B_SPLINE_CURVE(2,(#3894,#3895,#3896,#3897,
#3898,#3899,#3900),.UNSPECIFIED.,.T.,.F.) B_SPLINE_CURVE_WITH_KNOTS((1,2
    ,2,2,2,1),(-2.094395102393,0.,2.094395102393,4.188790204786,
6.28318530718,8.377580409573),.UNSPECIFIED.) CURVE() 
GEOMETRIC_REPRESENTATION_ITEM() RATIONAL_B_SPLINE_CURVE((1.,0.5,1.,0.5,
1.,0.5,1.)) REPRESENTATION_ITEM('') );
#3894 = CARTESIAN_POINT('',(56.2,93.));
#3895 = CARTESIAN_POINT('',(56.2,77.065132570366));
#3896 = CARTESIAN_POINT('',(42.4,85.032566285183));
#3897 = CARTESIAN_POINT('',(28.6,93.));
#3898 = CARTESIAN_POINT('',(42.4,100.96743371481));
#3899 = CARTESIAN_POINT('',(56.2,108.93486742963));
#3900 = CARTESIAN_POINT('',(56.2,93.));
#3901 = ( GEOMETRIC_REPRESENTATION_CONTEXT(2) 
PARAMETRIC_REPRESENTATION_CONTEXT() REPRESENTATION_CONTEXT('2D SPACE',''
  ) );
#3902 = PCURVE('',#1583,#3903);
#3903 = DEFINITIONAL_REPRESENTATION('',(#3904),#3908);
#3904 = LINE('',#3905,#3906);
#3905 = CARTESIAN_POINT('',(-6.28318530718,-6.9));
#3906 = VECTOR('',#3907,1.);
#3907 = DIRECTION('',(1.,-0.));
#3908 = ( GEOMETRIC_REPRESENTATION_CONTEXT(2) 
PARAMETRIC_REPRESENTATION_CONTEXT() REPRESENTATION_CONTEXT('2D SPACE',''
  ) );
#3909 = ORIENTED_EDGE('',*,*,#1692,.F.);
#3910 = ORIENTED_EDGE('',*,*,#3911,.T.);
#3911 = EDGE_CURVE('',#1667,#3912,#3914,.T.);
#3912 = VERTEX_POINT('',#3913);
#3913 = CARTESIAN_POINT('',(61.525,99.005,0.2));
#3914 = SURFACE_CURVE('',#3915,(#3920,#3931),.PCURVE_S1.);
#3915 = CIRCLE('',#3916,8.02);
#3916 = AXIS2_PLACEMENT_3D('',#3917,#3918,#3919);
#3917 = CARTESIAN_POINT('',(53.505,99.005,0.2));
#3918 = DIRECTION('',(0.,0.,-1.));
#3919 = DIRECTION('',(1.,0.,0.));
#3920 = PCURVE('',#1335,#3921);
#3921 = DEFINITIONAL_REPRESENTATION('',(#3922),#3930);
#3922 = ( BOUNDED_CURVE() B_SPLINE_CURVE(2,(#3923,#3924,#3925,#3926,
#3927,#3928,#3929),.UNSPECIFIED.,.T.,.F.) B_SPLINE_CURVE_WITH_KNOTS((1,2
    ,2,2,2,1),(-2.094395102393,0.,2.094395102393,4.188790204786,
6.28318530718,8.377580409573),.UNSPECIFIED.) CURVE() 
GEOMETRIC_REPRESENTATION_ITEM() RATIONAL_B_SPLINE_CURVE((1.,0.5,1.,0.5,
1.,0.5,1.)) REPRESENTATION_ITEM('') );
#3923 = CARTESIAN_POINT('',(55.025,93.005));
#3924 = CARTESIAN_POINT('',(55.025,79.113952523298));
#3925 = CARTESIAN_POINT('',(42.995,86.059476261649));
#3926 = CARTESIAN_POINT('',(30.965,93.005));
#3927 = CARTESIAN_POINT('',(42.995,99.950523738351));
#3928 = CARTESIAN_POINT('',(55.025,106.8960474767));
#3929 = CARTESIAN_POINT('',(55.025,93.005));
#3930 = ( GEOMETRIC_REPRESENTATION_CONTEXT(2) 
PARAMETRIC_REPRESENTATION_CONTEXT() REPRESENTATION_CONTEXT('2D SPACE',''
  ) );
#3931 = PCURVE('',#1681,#3932);
#3932 = DEFINITIONAL_REPRESENTATION('',(#3933),#3937);
#3933 = LINE('',#3934,#3935);
#3934 = CARTESIAN_POINT('',(-6.28318530718,5.E-02));
#3935 = VECTOR('',#3936,1.);
#3936 = DIRECTION('',(1.,-0.));
#3937 = ( GEOMETRIC_REPRESENTATION_CONTEXT(2) 
PARAMETRIC_REPRESENTATION_CONTEXT() REPRESENTATION_CONTEXT('2D SPACE',''
  ) );
#3938 = ORIENTED_EDGE('',*,*,#3939,.F.);
#3939 = EDGE_CURVE('',#3830,#3912,#3940,.T.);
#3940 = SURFACE_CURVE('',#3941,(#3945,#3951),.PCURVE_S1.);
#3941 = LINE('',#3942,#3943);
#3942 = CARTESIAN_POINT('',(61.525,5.9975,0.2));
#3943 = VECTOR('',#3944,1.);
#3944 = DIRECTION('',(0.,1.,0.));
#3945 = PCURVE('',#1335,#3946);
#3946 = DEFINITIONAL_REPRESENTATION('',(#3947),#3950);
#3947 = B_SPLINE_CURVE_WITH_KNOTS('',1,(#3948,#3949),.UNSPECIFIED.,.F.,
  .F.,(2,2),(-2.500000000005E-03,93.0075),.PIECEWISE_BEZIER_KNOTS.);
#3948 = CARTESIAN_POINT('',(55.025,-5.00000000001E-03));
#3949 = CARTESIAN_POINT('',(55.025,93.005));
#3950 = ( GEOMETRIC_REPRESENTATION_CONTEXT(2) 
PARAMETRIC_REPRESENTATION_CONTEXT() REPRESENTATION_CONTEXT('2D SPACE',''
  ) );
#3951 = PCURVE('',#3784,#3952);
#3952 = DEFINITIONAL_REPRESENTATION('',(#3953),#3957);
#3953 = LINE('',#3954,#3955);
#3954 = CARTESIAN_POINT('',(-5.E-02,-2.500000000005E-03));
#3955 = VECTOR('',#3956,1.);
#3956 = DIRECTION('',(0.,-1.));
#3957 = ( GEOMETRIC_REPRESENTATION_CONTEXT(2) 
PARAMETRIC_REPRESENTATION_CONTEXT() REPRESENTATION_CONTEXT('2D SPACE',''
  ) );
#3958 = ORIENTED_EDGE('',*,*,#3852,.T.);
#3959 = ORIENTED_EDGE('',*,*,#1320,.F.);
#3960 = ORIENTED_EDGE('',*,*,#3710,.F.);
#3961 = ORIENTED_EDGE('',*,*,#3962,.F.);
#3962 = EDGE_CURVE('',#3883,#3657,#3963,.T.);
#3963 = SURFACE_CURVE('',#3964,(#3968,#3974),.PCURVE_S1.);
#3964 = LINE('',#3965,#3966);
#3965 = CARTESIAN_POINT('',(62.7,6.,0.2));
#3966 = VECTOR('',#3967,1.);
#3967 = DIRECTION('',(0.,-1.,0.));
#3968 = PCURVE('',#1335,#3969);
#3969 = DEFINITIONAL_REPRESENTATION('',(#3970),#3973);
#3970 = B_SPLINE_CURVE_WITH_KNOTS('',1,(#3971,#3972),.UNSPECIFIED.,.F.,
  .F.,(2,2),(-93.,0.),.PIECEWISE_BEZIER_KNOTS.);
#3971 = CARTESIAN_POINT('',(56.2,93.));
#3972 = CARTESIAN_POINT('',(56.2,0.));
#3973 = ( GEOMETRIC_REPRESENTATION_CONTEXT(2) 
PARAMETRIC_REPRESENTATION_CONTEXT() REPRESENTATION_CONTEXT('2D SPACE',''
  ) );
#3974 = PCURVE('',#3671,#3975);
#3975 = DEFINITIONAL_REPRESENTATION('',(#3976),#3979);
#3976 = B_SPLINE_CURVE_WITH_KNOTS('',1,(#3977,#3978),.UNSPECIFIED.,.F.,
  .F.,(2,2),(-93.,0.),.PIECEWISE_BEZIER_KNOTS.);
#3977 = CARTESIAN_POINT('',(6.9,-93.));
#3978 = CARTESIAN_POINT('',(6.9,0.));
#3979 = ( GEOMETRIC_REPRESENTATION_CONTEXT(2) 
PARAMETRIC_REPRESENTATION_CONTEXT() REPRESENTATION_CONTEXT('2D SPACE',''
  ) );
#3980 = ADVANCED_FACE('',(#3981),#1583,.F.);
#3981 = FACE_BOUND('',#3982,.T.);
#3982 = EDGE_LOOP('',(#3983,#4009,#4029,#4030,#4031,#4057,#4058,#4086));
#3983 = ORIENTED_EDGE('',*,*,#3984,.F.);
#3984 = EDGE_CURVE('',#3985,#3987,#3989,.T.);
#3985 = VERTEX_POINT('',#3986);
#3986 = CARTESIAN_POINT('',(62.7,99.,-6.7));
#3987 = VERTEX_POINT('',#3988);
#3988 = CARTESIAN_POINT('',(53.5,108.2,-6.7));
#3989 = SURFACE_CURVE('',#3990,(#3995,#4002),.PCURVE_S1.);
#3990 = CIRCLE('',#3991,9.2);
#3991 = AXIS2_PLACEMENT_3D('',#3992,#3993,#3994);
#3992 = CARTESIAN_POINT('',(53.5,99.,-6.7));
#3993 = DIRECTION('',(0.,0.,1.));
#3994 = DIRECTION('',(1.,0.,0.));
#3995 = PCURVE('',#1583,#3996);
#3996 = DEFINITIONAL_REPRESENTATION('',(#3997),#4001);
#3997 = LINE('',#3998,#3999);
#3998 = CARTESIAN_POINT('',(-0.,0.));
#3999 = VECTOR('',#4000,1.);
#4000 = DIRECTION('',(-1.,0.));
#4001 = ( GEOMETRIC_REPRESENTATION_CONTEXT(2) 
PARAMETRIC_REPRESENTATION_CONTEXT() REPRESENTATION_CONTEXT('2D SPACE',''
  ) );
#4002 = PCURVE('',#3536,#4003);
#4003 = DEFINITIONAL_REPRESENTATION('',(#4004),#4008);
#4004 = CIRCLE('',#4005,9.2);
#4005 = AXIS2_PLACEMENT_2D('',#4006,#4007);
#4006 = CARTESIAN_POINT('',(47.,93.));
#4007 = DIRECTION('',(1.,0.));
#4008 = ( GEOMETRIC_REPRESENTATION_CONTEXT(2) 
PARAMETRIC_REPRESENTATION_CONTEXT() REPRESENTATION_CONTEXT('2D SPACE',''
  ) );
#4009 = ORIENTED_EDGE('',*,*,#4010,.T.);
#4010 = EDGE_CURVE('',#3985,#3883,#4011,.T.);
#4011 = SURFACE_CURVE('',#4012,(#4016,#4022),.PCURVE_S1.);
#4012 = LINE('',#4013,#4014);
#4013 = CARTESIAN_POINT('',(62.7,99.,-6.7));
#4014 = VECTOR('',#4015,1.);
#4015 = DIRECTION('',(0.,0.,1.));
#4016 = PCURVE('',#1583,#4017);
#4017 = DEFINITIONAL_REPRESENTATION('',(#4018),#4021);
#4018 = B_SPLINE_CURVE_WITH_KNOTS('',1,(#4019,#4020),.UNSPECIFIED.,.F.,
  .F.,(2,2),(0.,7.6),.PIECEWISE_BEZIER_KNOTS.);
#4019 = CARTESIAN_POINT('',(0.,0.));
#4020 = CARTESIAN_POINT('',(0.,-7.6));
#4021 = ( GEOMETRIC_REPRESENTATION_CONTEXT(2) 
PARAMETRIC_REPRESENTATION_CONTEXT() REPRESENTATION_CONTEXT('2D SPACE',''
  ) );
#4022 = PCURVE('',#3671,#4023);
#4023 = DEFINITIONAL_REPRESENTATION('',(#4024),#4028);
#4024 = LINE('',#4025,#4026);
#4025 = CARTESIAN_POINT('',(0.,-93.));
#4026 = VECTOR('',#4027,1.);
#4027 = DIRECTION('',(1.,0.));
#4028 = ( GEOMETRIC_REPRESENTATION_CONTEXT(2) 
PARAMETRIC_REPRESENTATION_CONTEXT() REPRESENTATION_CONTEXT('2D SPACE',''
  ) );
#4029 = ORIENTED_EDGE('',*,*,#3882,.F.);
#4030 = ORIENTED_EDGE('',*,*,#1566,.T.);
#4031 = ORIENTED_EDGE('',*,*,#4032,.F.);
#4032 = EDGE_CURVE('',#1715,#1569,#4033,.T.);
#4033 = SURFACE_CURVE('',#4034,(#4039,#4046),.PCURVE_S1.);
#4034 = CIRCLE('',#4035,9.2);
#4035 = AXIS2_PLACEMENT_3D('',#4036,#4037,#4038);
#4036 = CARTESIAN_POINT('',(53.5,99.,5.E-02));
#4037 = DIRECTION('',(0.,0.,-1.));
#4038 = DIRECTION('',(1.,0.,0.));
#4039 = PCURVE('',#1583,#4040);
#4040 = DEFINITIONAL_REPRESENTATION('',(#4041),#4045);
#4041 = LINE('',#4042,#4043);
#4042 = CARTESIAN_POINT('',(-6.28318530718,-6.75));
#4043 = VECTOR('',#4044,1.);
#4044 = DIRECTION('',(1.,-0.));
#4045 = ( GEOMETRIC_REPRESENTATION_CONTEXT(2) 
PARAMETRIC_REPRESENTATION_CONTEXT() REPRESENTATION_CONTEXT('2D SPACE',''
  ) );
#4046 = PCURVE('',#1610,#4047);
#4047 = DEFINITIONAL_REPRESENTATION('',(#4048),#4056);
#4048 = ( BOUNDED_CURVE() B_SPLINE_CURVE(2,(#4049,#4050,#4051,#4052,
#4053,#4054,#4055),.UNSPECIFIED.,.T.,.F.) B_SPLINE_CURVE_WITH_KNOTS((1,2
    ,2,2,2,1),(-2.094395102393,0.,2.094395102393,4.188790204786,
6.28318530718,8.377580409573),.UNSPECIFIED.) CURVE() 
GEOMETRIC_REPRESENTATION_ITEM() RATIONAL_B_SPLINE_CURVE((1.,0.5,1.,0.5,
1.,0.5,1.)) REPRESENTATION_ITEM('') );
#4049 = CARTESIAN_POINT('',(63.,99.3));
#4050 = CARTESIAN_POINT('',(63.,83.365132570366));
#4051 = CARTESIAN_POINT('',(49.2,91.332566285183));
#4052 = CARTESIAN_POINT('',(35.4,99.3));
#4053 = CARTESIAN_POINT('',(49.2,107.26743371481));
#4054 = CARTESIAN_POINT('',(63.,115.23486742963));
#4055 = CARTESIAN_POINT('',(63.,99.3));
#4056 = ( GEOMETRIC_REPRESENTATION_CONTEXT(2) 
PARAMETRIC_REPRESENTATION_CONTEXT() REPRESENTATION_CONTEXT('2D SPACE',''
  ) );
#4057 = ORIENTED_EDGE('',*,*,#1737,.F.);
#4058 = ORIENTED_EDGE('',*,*,#4059,.F.);
#4059 = EDGE_CURVE('',#4060,#1738,#4062,.T.);
#4060 = VERTEX_POINT('',#4061);
#4061 = CARTESIAN_POINT('',(53.5,108.2,0.2));
#4062 = SURFACE_CURVE('',#4063,(#4068,#4075),.PCURVE_S1.);
#4063 = CIRCLE('',#4064,9.2);
#4064 = AXIS2_PLACEMENT_3D('',#4065,#4066,#4067);
#4065 = CARTESIAN_POINT('',(53.5,99.,0.2));
#4066 = DIRECTION('',(0.,0.,-1.));
#4067 = DIRECTION('',(1.,0.,0.));
#4068 = PCURVE('',#1583,#4069);
#4069 = DEFINITIONAL_REPRESENTATION('',(#4070),#4074);
#4070 = LINE('',#4071,#4072);
#4071 = CARTESIAN_POINT('',(-6.28318530718,-6.9));
#4072 = VECTOR('',#4073,1.);
#4073 = DIRECTION('',(1.,-0.));
#4074 = ( GEOMETRIC_REPRESENTATION_CONTEXT(2) 
PARAMETRIC_REPRESENTATION_CONTEXT() REPRESENTATION_CONTEXT('2D SPACE',''
  ) );
#4075 = PCURVE('',#1773,#4076);
#4076 = DEFINITIONAL_REPRESENTATION('',(#4077),#4085);
#4077 = ( BOUNDED_CURVE() B_SPLINE_CURVE(2,(#4078,#4079,#4080,#4081,
#4082,#4083,#4084),.UNSPECIFIED.,.T.,.F.) B_SPLINE_CURVE_WITH_KNOTS((1,2
    ,2,2,2,1),(-2.094395102393,0.,2.094395102393,4.188790204786,
6.28318530718,8.377580409573),.UNSPECIFIED.) CURVE() 
GEOMETRIC_REPRESENTATION_ITEM() RATIONAL_B_SPLINE_CURVE((1.,0.5,1.,0.5,
1.,0.5,1.)) REPRESENTATION_ITEM('') );
#4078 = CARTESIAN_POINT('',(56.2,93.));
#4079 = CARTESIAN_POINT('',(56.2,77.065132570366));
#4080 = CARTESIAN_POINT('',(42.4,85.032566285183));
#4081 = CARTESIAN_POINT('',(28.6,93.));
#4082 = CARTESIAN_POINT('',(42.4,100.96743371481));
#4083 = CARTESIAN_POINT('',(56.2,108.93486742963));
#4084 = CARTESIAN_POINT('',(56.2,93.));
#4085 = ( GEOMETRIC_REPRESENTATION_CONTEXT(2) 
PARAMETRIC_REPRESENTATION_CONTEXT() REPRESENTATION_CONTEXT('2D SPACE',''
  ) );
#4086 = ORIENTED_EDGE('',*,*,#4087,.F.);
#4087 = EDGE_CURVE('',#3987,#4060,#4088,.T.);
#4088 = SURFACE_CURVE('',#4089,(#4093,#4100),.PCURVE_S1.);
#4089 = LINE('',#4090,#4091);
#4090 = CARTESIAN_POINT('',(53.5,108.2,-6.7));
#4091 = VECTOR('',#4092,1.);
#4092 = DIRECTION('',(0.,0.,1.));
#4093 = PCURVE('',#1583,#4094);
#4094 = DEFINITIONAL_REPRESENTATION('',(#4095),#4099);
#4095 = LINE('',#4096,#4097);
#4096 = CARTESIAN_POINT('',(-1.570796326795,0.));
#4097 = VECTOR('',#4098,1.);
#4098 = DIRECTION('',(-0.,-1.));
#4099 = ( GEOMETRIC_REPRESENTATION_CONTEXT(2) 
PARAMETRIC_REPRESENTATION_CONTEXT() REPRESENTATION_CONTEXT('2D SPACE',''
  ) );
#4100 = PCURVE('',#1974,#4101);
#4101 = DEFINITIONAL_REPRESENTATION('',(#4102),#4106);
#4102 = LINE('',#4103,#4104);
#4103 = CARTESIAN_POINT('',(0.,47.));
#4104 = VECTOR('',#4105,1.);
#4105 = DIRECTION('',(1.,0.));
#4106 = ( GEOMETRIC_REPRESENTATION_CONTEXT(2) 
PARAMETRIC_REPRESENTATION_CONTEXT() REPRESENTATION_CONTEXT('2D SPACE',''
  ) );
#4107 = ADVANCED_FACE('',(#4108),#1681,.F.);
#4108 = FACE_BOUND('',#4109,.T.);
#4109 = EDGE_LOOP('',(#4110,#4111,#4112,#4133));
#4110 = ORIENTED_EDGE('',*,*,#1666,.T.);
#4111 = ORIENTED_EDGE('',*,*,#3911,.T.);
#4112 = ORIENTED_EDGE('',*,*,#4113,.F.);
#4113 = EDGE_CURVE('',#3742,#3912,#4114,.T.);
#4114 = SURFACE_CURVE('',#4115,(#4119,#4126),.PCURVE_S1.);
#4115 = LINE('',#4116,#4117);
#4116 = CARTESIAN_POINT('',(61.525,99.005,1.5));
#4117 = VECTOR('',#4118,1.);
#4118 = DIRECTION('',(0.,0.,-1.));
#4119 = PCURVE('',#1681,#4120);
#4120 = DEFINITIONAL_REPRESENTATION('',(#4121),#4125);
#4121 = LINE('',#4122,#4123);
#4122 = CARTESIAN_POINT('',(-0.,-1.25));
#4123 = VECTOR('',#4124,1.);
#4124 = DIRECTION('',(0.,1.));
#4125 = ( GEOMETRIC_REPRESENTATION_CONTEXT(2) 
PARAMETRIC_REPRESENTATION_CONTEXT() REPRESENTATION_CONTEXT('2D SPACE',''
  ) );
#4126 = PCURVE('',#3784,#4127);
#4127 = DEFINITIONAL_REPRESENTATION('',(#4128),#4132);
#4128 = LINE('',#4129,#4130);
#4129 = CARTESIAN_POINT('',(1.25,-93.01));
#4130 = VECTOR('',#4131,1.);
#4131 = DIRECTION('',(-1.,0.));
#4132 = ( GEOMETRIC_REPRESENTATION_CONTEXT(2) 
PARAMETRIC_REPRESENTATION_CONTEXT() REPRESENTATION_CONTEXT('2D SPACE',''
  ) );
#4133 = ORIENTED_EDGE('',*,*,#3741,.F.);
#4134 = ADVANCED_FACE('',(#4135),#1610,.T.);
#4135 = FACE_BOUND('',#4136,.T.);
#4136 = EDGE_LOOP('',(#4137,#4138,#4139));
#4137 = ORIENTED_EDGE('',*,*,#1714,.F.);
#4138 = ORIENTED_EDGE('',*,*,#4032,.T.);
#4139 = ORIENTED_EDGE('',*,*,#1594,.T.);
#4140 = ADVANCED_FACE('',(#4141),#1825,.T.);
#4141 = FACE_BOUND('',#4142,.T.);
#4142 = EDGE_LOOP('',(#4143,#4144,#4145,#4146,#4147,#4169));
#4143 = ORIENTED_EDGE('',*,*,#1810,.F.);
#4144 = ORIENTED_EDGE('',*,*,#1885,.T.);
#4145 = ORIENTED_EDGE('',*,*,#1933,.F.);
#4146 = ORIENTED_EDGE('',*,*,#2034,.F.);
#4147 = ORIENTED_EDGE('',*,*,#4148,.F.);
#4148 = EDGE_CURVE('',#4149,#2035,#4151,.T.);
#4149 = VERTEX_POINT('',#4150);
#4150 = CARTESIAN_POINT('',(53.505,107.025,1.5));
#4151 = SURFACE_CURVE('',#4152,(#4156,#4162),.PCURVE_S1.);
#4152 = LINE('',#4153,#4154);
#4153 = CARTESIAN_POINT('',(6.495,107.025,1.5));
#4154 = VECTOR('',#4155,1.);
#4155 = DIRECTION('',(-1.,0.,0.));
#4156 = PCURVE('',#1825,#4157);
#4157 = DEFINITIONAL_REPRESENTATION('',(#4158),#4161);
#4158 = B_SPLINE_CURVE_WITH_KNOTS('',1,(#4159,#4160),.UNSPECIFIED.,.F.,
  .F.,(2,2),(-47.01,0.),.PIECEWISE_BEZIER_KNOTS.);
#4159 = CARTESIAN_POINT('',(47.01,110.05));
#4160 = CARTESIAN_POINT('',(0.,110.05));
#4161 = ( GEOMETRIC_REPRESENTATION_CONTEXT(2) 
PARAMETRIC_REPRESENTATION_CONTEXT() REPRESENTATION_CONTEXT('2D SPACE',''
  ) );
#4162 = PCURVE('',#2070,#4163);
#4163 = DEFINITIONAL_REPRESENTATION('',(#4164),#4168);
#4164 = LINE('',#4165,#4166);
#4165 = CARTESIAN_POINT('',(1.25,0.));
#4166 = VECTOR('',#4167,1.);
#4167 = DIRECTION('',(0.,-1.));
#4168 = ( GEOMETRIC_REPRESENTATION_CONTEXT(2) 
PARAMETRIC_REPRESENTATION_CONTEXT() REPRESENTATION_CONTEXT('2D SPACE',''
  ) );
#4169 = ORIENTED_EDGE('',*,*,#4170,.T.);
#4170 = EDGE_CURVE('',#4149,#1785,#4171,.T.);
#4171 = SURFACE_CURVE('',#4172,(#4177,#4188),.PCURVE_S1.);
#4172 = CIRCLE('',#4173,8.02);
#4173 = AXIS2_PLACEMENT_3D('',#4174,#4175,#4176);
#4174 = CARTESIAN_POINT('',(53.505,99.005,1.5));
#4175 = DIRECTION('',(0.,0.,-1.));
#4176 = DIRECTION('',(1.,0.,0.));
#4177 = PCURVE('',#1825,#4178);
#4178 = DEFINITIONAL_REPRESENTATION('',(#4179),#4187);
#4179 = ( BOUNDED_CURVE() B_SPLINE_CURVE(2,(#4180,#4181,#4182,#4183,
#4184,#4185,#4186),.UNSPECIFIED.,.T.,.F.) B_SPLINE_CURVE_WITH_KNOTS((1,2
    ,2,2,2,1),(-2.094395102393,0.,2.094395102393,4.188790204786,
6.28318530718,8.377580409573),.UNSPECIFIED.) CURVE() 
GEOMETRIC_REPRESENTATION_ITEM() RATIONAL_B_SPLINE_CURVE((1.,0.5,1.,0.5,
1.,0.5,1.)) REPRESENTATION_ITEM('') );
#4180 = CARTESIAN_POINT('',(55.03,102.03));
#4181 = CARTESIAN_POINT('',(55.03,88.138952523298));
#4182 = CARTESIAN_POINT('',(43.,95.084476261649));
#4183 = CARTESIAN_POINT('',(30.97,102.03));
#4184 = CARTESIAN_POINT('',(43.,108.97552373835));
#4185 = CARTESIAN_POINT('',(55.03,115.9210474767));
#4186 = CARTESIAN_POINT('',(55.03,102.03));
#4187 = ( GEOMETRIC_REPRESENTATION_CONTEXT(2) 
PARAMETRIC_REPRESENTATION_CONTEXT() REPRESENTATION_CONTEXT('2D SPACE',''
  ) );
#4188 = PCURVE('',#1799,#4189);
#4189 = DEFINITIONAL_REPRESENTATION('',(#4190),#4194);
#4190 = LINE('',#4191,#4192);
#4191 = CARTESIAN_POINT('',(-6.28318530718,-1.25));
#4192 = VECTOR('',#4193,1.);
#4193 = DIRECTION('',(1.,-0.));
#4194 = ( GEOMETRIC_REPRESENTATION_CONTEXT(2) 
PARAMETRIC_REPRESENTATION_CONTEXT() REPRESENTATION_CONTEXT('2D SPACE',''
  ) );
#4195 = ADVANCED_FACE('',(#4196),#1799,.F.);
#4196 = FACE_BOUND('',#4197,.T.);
#4197 = EDGE_LOOP('',(#4198,#4221,#4247,#4248));
#4198 = ORIENTED_EDGE('',*,*,#4199,.F.);
#4199 = EDGE_CURVE('',#4200,#4149,#4202,.T.);
#4200 = VERTEX_POINT('',#4201);
#4201 = CARTESIAN_POINT('',(53.505,107.025,0.2));
#4202 = SURFACE_CURVE('',#4203,(#4207,#4214),.PCURVE_S1.);
#4203 = LINE('',#4204,#4205);
#4204 = CARTESIAN_POINT('',(53.505,107.025,0.2));
#4205 = VECTOR('',#4206,1.);
#4206 = DIRECTION('',(0.,0.,1.));
#4207 = PCURVE('',#1799,#4208);
#4208 = DEFINITIONAL_REPRESENTATION('',(#4209),#4213);
#4209 = LINE('',#4210,#4211);
#4210 = CARTESIAN_POINT('',(-1.570796326795,5.E-02));
#4211 = VECTOR('',#4212,1.);
#4212 = DIRECTION('',(-0.,-1.));
#4213 = ( GEOMETRIC_REPRESENTATION_CONTEXT(2) 
PARAMETRIC_REPRESENTATION_CONTEXT() REPRESENTATION_CONTEXT('2D SPACE',''
  ) );
#4214 = PCURVE('',#2070,#4215);
#4215 = DEFINITIONAL_REPRESENTATION('',(#4216),#4220);
#4216 = LINE('',#4217,#4218);
#4217 = CARTESIAN_POINT('',(-5.E-02,47.01));
#4218 = VECTOR('',#4219,1.);
#4219 = DIRECTION('',(1.,0.));
#4220 = ( GEOMETRIC_REPRESENTATION_CONTEXT(2) 
PARAMETRIC_REPRESENTATION_CONTEXT() REPRESENTATION_CONTEXT('2D SPACE',''
  ) );
#4221 = ORIENTED_EDGE('',*,*,#4222,.T.);
#4222 = EDGE_CURVE('',#4200,#1759,#4223,.T.);
#4223 = SURFACE_CURVE('',#4224,(#4229,#4236),.PCURVE_S1.);
#4224 = CIRCLE('',#4225,8.02);
#4225 = AXIS2_PLACEMENT_3D('',#4226,#4227,#4228);
#4226 = CARTESIAN_POINT('',(53.505,99.005,0.2));
#4227 = DIRECTION('',(0.,0.,-1.));
#4228 = DIRECTION('',(1.,0.,0.));
#4229 = PCURVE('',#1799,#4230);
#4230 = DEFINITIONAL_REPRESENTATION('',(#4231),#4235);
#4231 = LINE('',#4232,#4233);
#4232 = CARTESIAN_POINT('',(-6.28318530718,5.E-02));
#4233 = VECTOR('',#4234,1.);
#4234 = DIRECTION('',(1.,-0.));
#4235 = ( GEOMETRIC_REPRESENTATION_CONTEXT(2) 
PARAMETRIC_REPRESENTATION_CONTEXT() REPRESENTATION_CONTEXT('2D SPACE',''
  ) );
#4236 = PCURVE('',#1773,#4237);
#4237 = DEFINITIONAL_REPRESENTATION('',(#4238),#4246);
#4238 = ( BOUNDED_CURVE() B_SPLINE_CURVE(2,(#4239,#4240,#4241,#4242,
#4243,#4244,#4245),.UNSPECIFIED.,.T.,.F.) B_SPLINE_CURVE_WITH_KNOTS((1,2
    ,2,2,2,1),(-2.094395102393,0.,2.094395102393,4.188790204786,
6.28318530718,8.377580409573),.UNSPECIFIED.) CURVE() 
GEOMETRIC_REPRESENTATION_ITEM() RATIONAL_B_SPLINE_CURVE((1.,0.5,1.,0.5,
1.,0.5,1.)) REPRESENTATION_ITEM('') );
#4239 = CARTESIAN_POINT('',(55.025,93.005));
#4240 = CARTESIAN_POINT('',(55.025,79.113952523298));
#4241 = CARTESIAN_POINT('',(42.995,86.059476261649));
#4242 = CARTESIAN_POINT('',(30.965,93.005));
#4243 = CARTESIAN_POINT('',(42.995,99.950523738351));
#4244 = CARTESIAN_POINT('',(55.025,106.8960474767));
#4245 = CARTESIAN_POINT('',(55.025,93.005));
#4246 = ( GEOMETRIC_REPRESENTATION_CONTEXT(2) 
PARAMETRIC_REPRESENTATION_CONTEXT() REPRESENTATION_CONTEXT('2D SPACE',''
  ) );
#4247 = ORIENTED_EDGE('',*,*,#1784,.F.);
#4248 = ORIENTED_EDGE('',*,*,#4170,.F.);
#4249 = ADVANCED_FACE('',(#4250),#1773,.F.);
#4250 = FACE_BOUND('',#4251,.F.);
#4251 = EDGE_LOOP('',(#4252,#4271,#4272,#4292,#4293,#4294));
#4252 = ORIENTED_EDGE('',*,*,#4253,.F.);
#4253 = EDGE_CURVE('',#1958,#4060,#4254,.T.);
#4254 = SURFACE_CURVE('',#4255,(#4259,#4265),.PCURVE_S1.);
#4255 = LINE('',#4256,#4257);
#4256 = CARTESIAN_POINT('',(6.5,108.2,0.2));
#4257 = VECTOR('',#4258,1.);
#4258 = DIRECTION('',(1.,0.,0.));
#4259 = PCURVE('',#1773,#4260);
#4260 = DEFINITIONAL_REPRESENTATION('',(#4261),#4264);
#4261 = B_SPLINE_CURVE_WITH_KNOTS('',1,(#4262,#4263),.UNSPECIFIED.,.F.,
  .F.,(2,2),(-1.7763568394E-15,47.),.PIECEWISE_BEZIER_KNOTS.);
#4262 = CARTESIAN_POINT('',(-2.6645352591E-15,102.2));
#4263 = CARTESIAN_POINT('',(47.,102.2));
#4264 = ( GEOMETRIC_REPRESENTATION_CONTEXT(2) 
PARAMETRIC_REPRESENTATION_CONTEXT() REPRESENTATION_CONTEXT('2D SPACE',''
  ) );
#4265 = PCURVE('',#1974,#4266);
#4266 = DEFINITIONAL_REPRESENTATION('',(#4267),#4270);
#4267 = B_SPLINE_CURVE_WITH_KNOTS('',1,(#4268,#4269),.UNSPECIFIED.,.F.,
  .F.,(2,2),(-1.7763568394E-15,47.),.PIECEWISE_BEZIER_KNOTS.);
#4268 = CARTESIAN_POINT('',(6.9,0.));
#4269 = CARTESIAN_POINT('',(6.9,47.));
#4270 = ( GEOMETRIC_REPRESENTATION_CONTEXT(2) 
PARAMETRIC_REPRESENTATION_CONTEXT() REPRESENTATION_CONTEXT('2D SPACE',''
  ) );
#4271 = ORIENTED_EDGE('',*,*,#2081,.F.);
#4272 = ORIENTED_EDGE('',*,*,#4273,.F.);
#4273 = EDGE_CURVE('',#4200,#2056,#4274,.T.);
#4274 = SURFACE_CURVE('',#4275,(#4279,#4285),.PCURVE_S1.);
#4275 = LINE('',#4276,#4277);
#4276 = CARTESIAN_POINT('',(6.4975,107.025,0.2));
#4277 = VECTOR('',#4278,1.);
#4278 = DIRECTION('',(-1.,0.,0.));
#4279 = PCURVE('',#1773,#4280);
#4280 = DEFINITIONAL_REPRESENTATION('',(#4281),#4284);
#4281 = B_SPLINE_CURVE_WITH_KNOTS('',1,(#4282,#4283),.UNSPECIFIED.,.F.,
  .F.,(2,2),(-47.0075,2.500000000003E-03),.PIECEWISE_BEZIER_KNOTS.);
#4282 = CARTESIAN_POINT('',(47.005,101.025));
#4283 = CARTESIAN_POINT('',(-5.000000000005E-03,101.025));
#4284 = ( GEOMETRIC_REPRESENTATION_CONTEXT(2) 
PARAMETRIC_REPRESENTATION_CONTEXT() REPRESENTATION_CONTEXT('2D SPACE',''
  ) );
#4285 = PCURVE('',#2070,#4286);
#4286 = DEFINITIONAL_REPRESENTATION('',(#4287),#4291);
#4287 = LINE('',#4288,#4289);
#4288 = CARTESIAN_POINT('',(-5.E-02,2.500000000003E-03));
#4289 = VECTOR('',#4290,1.);
#4290 = DIRECTION('',(0.,-1.));
#4291 = ( GEOMETRIC_REPRESENTATION_CONTEXT(2) 
PARAMETRIC_REPRESENTATION_CONTEXT() REPRESENTATION_CONTEXT('2D SPACE',''
  ) );
#4292 = ORIENTED_EDGE('',*,*,#4222,.T.);
#4293 = ORIENTED_EDGE('',*,*,#1758,.F.);
#4294 = ORIENTED_EDGE('',*,*,#4059,.F.);
#4295 = ADVANCED_FACE('',(#4296),#1974,.F.);
#4296 = FACE_BOUND('',#4297,.F.);
#4297 = EDGE_LOOP('',(#4298,#4299,#4322,#4350,#4376,#4397,#4416,#4417));
#4298 = ORIENTED_EDGE('',*,*,#4087,.F.);
#4299 = ORIENTED_EDGE('',*,*,#4300,.F.);
#4300 = EDGE_CURVE('',#4301,#3987,#4303,.T.);
#4301 = VERTEX_POINT('',#4302);
#4302 = CARTESIAN_POINT('',(6.5,108.2,-6.7));
#4303 = SURFACE_CURVE('',#4304,(#4308,#4315),.PCURVE_S1.);
#4304 = LINE('',#4305,#4306);
#4305 = CARTESIAN_POINT('',(6.5,108.2,-6.7));
#4306 = VECTOR('',#4307,1.);
#4307 = DIRECTION('',(1.,0.,0.));
#4308 = PCURVE('',#1974,#4309);
#4309 = DEFINITIONAL_REPRESENTATION('',(#4310),#4314);
#4310 = LINE('',#4311,#4312);
#4311 = CARTESIAN_POINT('',(0.,0.));
#4312 = VECTOR('',#4313,1.);
#4313 = DIRECTION('',(0.,1.));
#4314 = ( GEOMETRIC_REPRESENTATION_CONTEXT(2) 
PARAMETRIC_REPRESENTATION_CONTEXT() REPRESENTATION_CONTEXT('2D SPACE',''
  ) );
#4315 = PCURVE('',#3536,#4316);
#4316 = DEFINITIONAL_REPRESENTATION('',(#4317),#4321);
#4317 = LINE('',#4318,#4319);
#4318 = CARTESIAN_POINT('',(8.881784197001E-16,102.2));
#4319 = VECTOR('',#4320,1.);
#4320 = DIRECTION('',(1.,0.));
#4321 = ( GEOMETRIC_REPRESENTATION_CONTEXT(2) 
PARAMETRIC_REPRESENTATION_CONTEXT() REPRESENTATION_CONTEXT('2D SPACE',''
  ) );
#4322 = ORIENTED_EDGE('',*,*,#4323,.T.);
#4323 = EDGE_CURVE('',#4301,#4324,#4326,.T.);
#4324 = VERTEX_POINT('',#4325);
#4325 = CARTESIAN_POINT('',(6.5,108.2,0.2));
#4326 = SURFACE_CURVE('',#4327,(#4331,#4338),.PCURVE_S1.);
#4327 = LINE('',#4328,#4329);
#4328 = CARTESIAN_POINT('',(6.5,108.2,-6.7));
#4329 = VECTOR('',#4330,1.);
#4330 = DIRECTION('',(0.,0.,1.));
#4331 = PCURVE('',#1974,#4332);
#4332 = DEFINITIONAL_REPRESENTATION('',(#4333),#4337);
#4333 = LINE('',#4334,#4335);
#4334 = CARTESIAN_POINT('',(0.,0.));
#4335 = VECTOR('',#4336,1.);
#4336 = DIRECTION('',(1.,0.));
#4337 = ( GEOMETRIC_REPRESENTATION_CONTEXT(2) 
PARAMETRIC_REPRESENTATION_CONTEXT() REPRESENTATION_CONTEXT('2D SPACE',''
  ) );
#4338 = PCURVE('',#4339,#4344);
#4339 = CYLINDRICAL_SURFACE('',#4340,9.2);
#4340 = AXIS2_PLACEMENT_3D('',#4341,#4342,#4343);
#4341 = CARTESIAN_POINT('',(6.5,99.,-6.7));
#4342 = DIRECTION('',(-0.,-0.,-1.));
#4343 = DIRECTION('',(1.,0.,0.));
#4344 = DEFINITIONAL_REPRESENTATION('',(#4345),#4349);
#4345 = LINE('',#4346,#4347);
#4346 = CARTESIAN_POINT('',(-1.570796326795,0.));
#4347 = VECTOR('',#4348,1.);
#4348 = DIRECTION('',(-0.,-1.));
#4349 = ( GEOMETRIC_REPRESENTATION_CONTEXT(2) 
PARAMETRIC_REPRESENTATION_CONTEXT() REPRESENTATION_CONTEXT('2D SPACE',''
  ) );
#4350 = ORIENTED_EDGE('',*,*,#4351,.T.);
#4351 = EDGE_CURVE('',#4324,#4352,#4354,.T.);
#4352 = VERTEX_POINT('',#4353);
#4353 = CARTESIAN_POINT('',(27.865,108.2,0.2));
#4354 = SURFACE_CURVE('',#4355,(#4359,#4365),.PCURVE_S1.);
#4355 = LINE('',#4356,#4357);
#4356 = CARTESIAN_POINT('',(6.5,108.2,0.2));
#4357 = VECTOR('',#4358,1.);
#4358 = DIRECTION('',(1.,0.,0.));
#4359 = PCURVE('',#1974,#4360);
#4360 = DEFINITIONAL_REPRESENTATION('',(#4361),#4364);
#4361 = B_SPLINE_CURVE_WITH_KNOTS('',1,(#4362,#4363),.UNSPECIFIED.,.F.,
  .F.,(2,2),(-1.7763568394E-15,47.),.PIECEWISE_BEZIER_KNOTS.);
#4362 = CARTESIAN_POINT('',(6.9,0.));
#4363 = CARTESIAN_POINT('',(6.9,47.));
#4364 = ( GEOMETRIC_REPRESENTATION_CONTEXT(2) 
PARAMETRIC_REPRESENTATION_CONTEXT() REPRESENTATION_CONTEXT('2D SPACE',''
  ) );
#4365 = PCURVE('',#4366,#4371);
#4366 = PLANE('',#4367);
#4367 = AXIS2_PLACEMENT_3D('',#4368,#4369,#4370);
#4368 = CARTESIAN_POINT('',(6.5,6.,0.2));
#4369 = DIRECTION('',(0.,0.,1.));
#4370 = DIRECTION('',(1.,0.,-0.));
#4371 = DEFINITIONAL_REPRESENTATION('',(#4372),#4375);
#4372 = B_SPLINE_CURVE_WITH_KNOTS('',1,(#4373,#4374),.UNSPECIFIED.,.F.,
  .F.,(2,2),(-1.7763568394E-15,47.),.PIECEWISE_BEZIER_KNOTS.);
#4373 = CARTESIAN_POINT('',(-2.6645352591E-15,102.2));
#4374 = CARTESIAN_POINT('',(47.,102.2));
#4375 = ( GEOMETRIC_REPRESENTATION_CONTEXT(2) 
PARAMETRIC_REPRESENTATION_CONTEXT() REPRESENTATION_CONTEXT('2D SPACE',''
  ) );
#4376 = ORIENTED_EDGE('',*,*,#4377,.T.);
#4377 = EDGE_CURVE('',#4352,#4378,#4380,.T.);
#4378 = VERTEX_POINT('',#4379);
#4379 = CARTESIAN_POINT('',(27.865,108.2,-1.1));
#4380 = SURFACE_CURVE('',#4381,(#4385,#4391),.PCURVE_S1.);
#4381 = LINE('',#4382,#4383);
#4382 = CARTESIAN_POINT('',(27.865,108.2,-3.9));
#4383 = VECTOR('',#4384,1.);
#4384 = DIRECTION('',(0.,0.,-1.));
#4385 = PCURVE('',#1974,#4386);
#4386 = DEFINITIONAL_REPRESENTATION('',(#4387),#4390);
#4387 = B_SPLINE_CURVE_WITH_KNOTS('',1,(#4388,#4389),.UNSPECIFIED.,.F.,
  .F.,(2,2),(-4.1,-2.8),.PIECEWISE_BEZIER_KNOTS.);
#4388 = CARTESIAN_POINT('',(6.9,21.365));
#4389 = CARTESIAN_POINT('',(5.6,21.365));
#4390 = ( GEOMETRIC_REPRESENTATION_CONTEXT(2) 
PARAMETRIC_REPRESENTATION_CONTEXT() REPRESENTATION_CONTEXT('2D SPACE',''
  ) );
#4391 = PCURVE('',#2220,#4392);
#4392 = DEFINITIONAL_REPRESENTATION('',(#4393),#4396);
#4393 = B_SPLINE_CURVE_WITH_KNOTS('',1,(#4394,#4395),.UNSPECIFIED.,.F.,
  .F.,(2,2),(-4.1,-2.8),.PIECEWISE_BEZIER_KNOTS.);
#4394 = CARTESIAN_POINT('',(1.3,-3.2));
#4395 = CARTESIAN_POINT('',(0.,-3.2));
#4396 = ( GEOMETRIC_REPRESENTATION_CONTEXT(2) 
PARAMETRIC_REPRESENTATION_CONTEXT() REPRESENTATION_CONTEXT('2D SPACE',''
  ) );
#4397 = ORIENTED_EDGE('',*,*,#4398,.T.);
#4398 = EDGE_CURVE('',#4378,#1960,#4399,.T.);
#4399 = SURFACE_CURVE('',#4400,(#4404,#4410),.PCURVE_S1.);
#4400 = LINE('',#4401,#4402);
#4401 = CARTESIAN_POINT('',(18.1825,108.2,-1.1));
#4402 = VECTOR('',#4403,1.);
#4403 = DIRECTION('',(1.,0.,0.));
#4404 = PCURVE('',#1974,#4405);
#4405 = DEFINITIONAL_REPRESENTATION('',(#4406),#4409);
#4406 = B_SPLINE_CURVE_WITH_KNOTS('',1,(#4407,#4408),.UNSPECIFIED.,.F.,
  .F.,(2,2),(9.6825,27.8825),.PIECEWISE_BEZIER_KNOTS.);
#4407 = CARTESIAN_POINT('',(5.6,21.365));
#4408 = CARTESIAN_POINT('',(5.6,39.565));
#4409 = ( GEOMETRIC_REPRESENTATION_CONTEXT(2) 
PARAMETRIC_REPRESENTATION_CONTEXT() REPRESENTATION_CONTEXT('2D SPACE',''
  ) );
#4410 = PCURVE('',#2001,#4411);
#4411 = DEFINITIONAL_REPRESENTATION('',(#4412),#4415);
#4412 = B_SPLINE_CURVE_WITH_KNOTS('',1,(#4413,#4414),.UNSPECIFIED.,.F.,
  .F.,(2,2),(9.6825,27.8825),.PIECEWISE_BEZIER_KNOTS.);
#4413 = CARTESIAN_POINT('',(-2.,3.2));
#4414 = CARTESIAN_POINT('',(16.2,3.2));
#4415 = ( GEOMETRIC_REPRESENTATION_CONTEXT(2) 
PARAMETRIC_REPRESENTATION_CONTEXT() REPRESENTATION_CONTEXT('2D SPACE',''
  ) );
#4416 = ORIENTED_EDGE('',*,*,#1957,.F.);
#4417 = ORIENTED_EDGE('',*,*,#4253,.T.);
#4418 = ADVANCED_FACE('',(#4419),#2070,.F.);
#4419 = FACE_BOUND('',#4420,.F.);
#4420 = EDGE_LOOP('',(#4421,#4422,#4423,#4424));
#4421 = ORIENTED_EDGE('',*,*,#4199,.F.);
#4422 = ORIENTED_EDGE('',*,*,#4273,.T.);
#4423 = ORIENTED_EDGE('',*,*,#2055,.F.);
#4424 = ORIENTED_EDGE('',*,*,#4148,.F.);
#4425 = ADVANCED_FACE('',(#4426),#2001,.T.);
#4426 = FACE_BOUND('',#4427,.T.);
#4427 = EDGE_LOOP('',(#4428,#4429,#4430,#4451));
#4428 = ORIENTED_EDGE('',*,*,#1985,.T.);
#4429 = ORIENTED_EDGE('',*,*,#2231,.F.);
#4430 = ORIENTED_EDGE('',*,*,#4431,.F.);
#4431 = EDGE_CURVE('',#4378,#2206,#4432,.T.);
#4432 = SURFACE_CURVE('',#4433,(#4437,#4444),.PCURVE_S1.);
#4433 = LINE('',#4434,#4435);
#4434 = CARTESIAN_POINT('',(27.865,105.,-1.1));
#4435 = VECTOR('',#4436,1.);
#4436 = DIRECTION('',(0.,1.,0.));
#4437 = PCURVE('',#2001,#4438);
#4438 = DEFINITIONAL_REPRESENTATION('',(#4439),#4443);
#4439 = LINE('',#4440,#4441);
#4440 = CARTESIAN_POINT('',(-2.,0.));
#4441 = VECTOR('',#4442,1.);
#4442 = DIRECTION('',(0.,1.));
#4443 = ( GEOMETRIC_REPRESENTATION_CONTEXT(2) 
PARAMETRIC_REPRESENTATION_CONTEXT() REPRESENTATION_CONTEXT('2D SPACE',''
  ) );
#4444 = PCURVE('',#2220,#4445);
#4445 = DEFINITIONAL_REPRESENTATION('',(#4446),#4450);
#4446 = LINE('',#4447,#4448);
#4447 = CARTESIAN_POINT('',(0.,0.));
#4448 = VECTOR('',#4449,1.);
#4449 = DIRECTION('',(0.,-1.));
#4450 = ( GEOMETRIC_REPRESENTATION_CONTEXT(2) 
PARAMETRIC_REPRESENTATION_CONTEXT() REPRESENTATION_CONTEXT('2D SPACE',''
  ) );
#4451 = ORIENTED_EDGE('',*,*,#4398,.T.);
#4452 = ADVANCED_FACE('',(#4453),#2220,.T.);
#4453 = FACE_BOUND('',#4454,.T.);
#4454 = EDGE_LOOP('',(#4455,#4456,#4457,#4458,#4479,#4505,#4531,#4557));
#4455 = ORIENTED_EDGE('',*,*,#4377,.T.);
#4456 = ORIENTED_EDGE('',*,*,#4431,.T.);
#4457 = ORIENTED_EDGE('',*,*,#2205,.F.);
#4458 = ORIENTED_EDGE('',*,*,#4459,.F.);
#4459 = EDGE_CURVE('',#4460,#2178,#4462,.T.);
#4460 = VERTEX_POINT('',#4461);
#4461 = CARTESIAN_POINT('',(27.865,108.025,0.44));
#4462 = SURFACE_CURVE('',#4463,(#4467,#4473),.PCURVE_S1.);
#4463 = LINE('',#4464,#4465);
#4464 = CARTESIAN_POINT('',(27.865,50.,0.44));
#4465 = VECTOR('',#4466,1.);
#4466 = DIRECTION('',(0.,1.,0.));
#4467 = PCURVE('',#2220,#4468);
#4468 = DEFINITIONAL_REPRESENTATION('',(#4469),#4472);
#4469 = B_SPLINE_CURVE_WITH_KNOTS('',1,(#4470,#4471),.UNSPECIFIED.,.F.,
  .F.,(2,2),(55.,60.),.PIECEWISE_BEZIER_KNOTS.);
#4470 = CARTESIAN_POINT('',(1.54,0.));
#4471 = CARTESIAN_POINT('',(1.54,-5.));
#4472 = ( GEOMETRIC_REPRESENTATION_CONTEXT(2) 
PARAMETRIC_REPRESENTATION_CONTEXT() REPRESENTATION_CONTEXT('2D SPACE',''
  ) );
#4473 = PCURVE('',#2193,#4474);
#4474 = DEFINITIONAL_REPRESENTATION('',(#4475),#4478);
#4475 = B_SPLINE_CURVE_WITH_KNOTS('',1,(#4476,#4477),.UNSPECIFIED.,.F.,
  .F.,(2,2),(55.,60.),.PIECEWISE_BEZIER_KNOTS.);
#4476 = CARTESIAN_POINT('',(21.365,110.));
#4477 = CARTESIAN_POINT('',(21.365,115.));
#4478 = ( GEOMETRIC_REPRESENTATION_CONTEXT(2) 
PARAMETRIC_REPRESENTATION_CONTEXT() REPRESENTATION_CONTEXT('2D SPACE',''
  ) );
#4479 = ORIENTED_EDGE('',*,*,#4480,.F.);
#4480 = EDGE_CURVE('',#4481,#4460,#4483,.T.);
#4481 = VERTEX_POINT('',#4482);
#4482 = CARTESIAN_POINT('',(27.865,108.025,1.5));
#4483 = SURFACE_CURVE('',#4484,(#4488,#4494),.PCURVE_S1.);
#4484 = LINE('',#4485,#4486);
#4485 = CARTESIAN_POINT('',(27.865,108.025,-0.375));
#4486 = VECTOR('',#4487,1.);
#4487 = DIRECTION('',(0.,0.,-1.));
#4488 = PCURVE('',#2220,#4489);
#4489 = DEFINITIONAL_REPRESENTATION('',(#4490),#4493);
#4490 = B_SPLINE_CURVE_WITH_KNOTS('',1,(#4491,#4492),.UNSPECIFIED.,.F.,
  .F.,(2,2),(-1.875,-0.815),.PIECEWISE_BEZIER_KNOTS.);
#4491 = CARTESIAN_POINT('',(2.6,-3.025));
#4492 = CARTESIAN_POINT('',(1.54,-3.025));
#4493 = ( GEOMETRIC_REPRESENTATION_CONTEXT(2) 
PARAMETRIC_REPRESENTATION_CONTEXT() REPRESENTATION_CONTEXT('2D SPACE',''
  ) );
#4494 = PCURVE('',#4495,#4500);
#4495 = PLANE('',#4496);
#4496 = AXIS2_PLACEMENT_3D('',#4497,#4498,#4499);
#4497 = CARTESIAN_POINT('',(6.495,108.025,0.35));
#4498 = DIRECTION('',(0.,1.,0.));
#4499 = DIRECTION('',(0.,0.,1.));
#4500 = DEFINITIONAL_REPRESENTATION('',(#4501),#4504);
#4501 = B_SPLINE_CURVE_WITH_KNOTS('',1,(#4502,#4503),.UNSPECIFIED.,.F.,
  .F.,(2,2),(-1.875,-0.815),.PIECEWISE_BEZIER_KNOTS.);
#4502 = CARTESIAN_POINT('',(1.15,21.37));
#4503 = CARTESIAN_POINT('',(9.E-02,21.37));
#4504 = ( GEOMETRIC_REPRESENTATION_CONTEXT(2) 
PARAMETRIC_REPRESENTATION_CONTEXT() REPRESENTATION_CONTEXT('2D SPACE',''
  ) );
#4505 = ORIENTED_EDGE('',*,*,#4506,.F.);
#4506 = EDGE_CURVE('',#4507,#4481,#4509,.T.);
#4507 = VERTEX_POINT('',#4508);
#4508 = CARTESIAN_POINT('',(27.865,107.025,1.5));
#4509 = SURFACE_CURVE('',#4510,(#4514,#4520),.PCURVE_S1.);
#4510 = LINE('',#4511,#4512);
#4511 = CARTESIAN_POINT('',(27.865,50.9875,1.5));
#4512 = VECTOR('',#4513,1.);
#4513 = DIRECTION('',(0.,1.,0.));
#4514 = PCURVE('',#2220,#4515);
#4515 = DEFINITIONAL_REPRESENTATION('',(#4516),#4519);
#4516 = B_SPLINE_CURVE_WITH_KNOTS('',1,(#4517,#4518),.UNSPECIFIED.,.F.,
  .F.,(2,2),(54.3125,57.0375),.PIECEWISE_BEZIER_KNOTS.);
#4517 = CARTESIAN_POINT('',(2.6,-0.3));
#4518 = CARTESIAN_POINT('',(2.6,-3.025));
#4519 = ( GEOMETRIC_REPRESENTATION_CONTEXT(2) 
PARAMETRIC_REPRESENTATION_CONTEXT() REPRESENTATION_CONTEXT('2D SPACE',''
  ) );
#4520 = PCURVE('',#4521,#4526);
#4521 = PLANE('',#4522);
#4522 = AXIS2_PLACEMENT_3D('',#4523,#4524,#4525);
#4523 = CARTESIAN_POINT('',(6.495,-3.025,1.5));
#4524 = DIRECTION('',(0.,0.,1.));
#4525 = DIRECTION('',(1.,0.,0.));
#4526 = DEFINITIONAL_REPRESENTATION('',(#4527),#4530);
#4527 = B_SPLINE_CURVE_WITH_KNOTS('',1,(#4528,#4529),.UNSPECIFIED.,.F.,
  .F.,(2,2),(54.3125,57.0375),.PIECEWISE_BEZIER_KNOTS.);
#4528 = CARTESIAN_POINT('',(21.37,108.325));
#4529 = CARTESIAN_POINT('',(21.37,111.05));
#4530 = ( GEOMETRIC_REPRESENTATION_CONTEXT(2) 
PARAMETRIC_REPRESENTATION_CONTEXT() REPRESENTATION_CONTEXT('2D SPACE',''
  ) );
#4531 = ORIENTED_EDGE('',*,*,#4532,.T.);
#4532 = EDGE_CURVE('',#4507,#4533,#4535,.T.);
#4533 = VERTEX_POINT('',#4534);
#4534 = CARTESIAN_POINT('',(27.865,107.025,0.2));
#4535 = SURFACE_CURVE('',#4536,(#4540,#4546),.PCURVE_S1.);
#4536 = LINE('',#4537,#4538);
#4537 = CARTESIAN_POINT('',(27.865,107.025,-0.425));
#4538 = VECTOR('',#4539,1.);
#4539 = DIRECTION('',(0.,0.,-1.));
#4540 = PCURVE('',#2220,#4541);
#4541 = DEFINITIONAL_REPRESENTATION('',(#4542),#4545);
#4542 = B_SPLINE_CURVE_WITH_KNOTS('',1,(#4543,#4544),.UNSPECIFIED.,.F.,
  .F.,(2,2),(-1.925,-0.625),.PIECEWISE_BEZIER_KNOTS.);
#4543 = CARTESIAN_POINT('',(2.6,-2.025));
#4544 = CARTESIAN_POINT('',(1.3,-2.025));
#4545 = ( GEOMETRIC_REPRESENTATION_CONTEXT(2) 
PARAMETRIC_REPRESENTATION_CONTEXT() REPRESENTATION_CONTEXT('2D SPACE',''
  ) );
#4546 = PCURVE('',#4547,#4552);
#4547 = PLANE('',#4548);
#4548 = AXIS2_PLACEMENT_3D('',#4549,#4550,#4551);
#4549 = CARTESIAN_POINT('',(6.495,107.025,0.25));
#4550 = DIRECTION('',(0.,1.,0.));
#4551 = DIRECTION('',(0.,0.,1.));
#4552 = DEFINITIONAL_REPRESENTATION('',(#4553),#4556);
#4553 = B_SPLINE_CURVE_WITH_KNOTS('',1,(#4554,#4555),.UNSPECIFIED.,.F.,
  .F.,(2,2),(-1.925,-0.625),.PIECEWISE_BEZIER_KNOTS.);
#4554 = CARTESIAN_POINT('',(1.25,21.37));
#4555 = CARTESIAN_POINT('',(-5.E-02,21.37));
#4556 = ( GEOMETRIC_REPRESENTATION_CONTEXT(2) 
PARAMETRIC_REPRESENTATION_CONTEXT() REPRESENTATION_CONTEXT('2D SPACE',''
  ) );
#4557 = ORIENTED_EDGE('',*,*,#4558,.T.);
#4558 = EDGE_CURVE('',#4533,#4352,#4559,.T.);
#4559 = SURFACE_CURVE('',#4560,(#4564,#4570),.PCURVE_S1.);
#4560 = LINE('',#4561,#4562);
#4561 = CARTESIAN_POINT('',(27.865,55.5,0.2));
#4562 = VECTOR('',#4563,1.);
#4563 = DIRECTION('',(0.,1.,0.));
#4564 = PCURVE('',#2220,#4565);
#4565 = DEFINITIONAL_REPRESENTATION('',(#4566),#4569);
#4566 = B_SPLINE_CURVE_WITH_KNOTS('',1,(#4567,#4568),.UNSPECIFIED.,.F.,
  .F.,(2,2),(49.8,52.7),.PIECEWISE_BEZIER_KNOTS.);
#4567 = CARTESIAN_POINT('',(1.3,-0.3));
#4568 = CARTESIAN_POINT('',(1.3,-3.2));
#4569 = ( GEOMETRIC_REPRESENTATION_CONTEXT(2) 
PARAMETRIC_REPRESENTATION_CONTEXT() REPRESENTATION_CONTEXT('2D SPACE',''
  ) );
#4570 = PCURVE('',#4366,#4571);
#4571 = DEFINITIONAL_REPRESENTATION('',(#4572),#4575);
#4572 = B_SPLINE_CURVE_WITH_KNOTS('',1,(#4573,#4574),.UNSPECIFIED.,.F.,
  .F.,(2,2),(49.8,52.7),.PIECEWISE_BEZIER_KNOTS.);
#4573 = CARTESIAN_POINT('',(21.365,99.3));
#4574 = CARTESIAN_POINT('',(21.365,102.2));
#4575 = ( GEOMETRIC_REPRESENTATION_CONTEXT(2) 
PARAMETRIC_REPRESENTATION_CONTEXT() REPRESENTATION_CONTEXT('2D SPACE',''
  ) );
#4576 = ADVANCED_FACE('',(#4577),#2193,.T.);
#4577 = FACE_BOUND('',#4578,.T.);
#4578 = EDGE_LOOP('',(#4579,#4580,#4581,#4605,#4626,#4627,#4628,#4656,
    #4682,#4708,#4741,#4767,#4800,#4826,#4852,#4885));
#4579 = ORIENTED_EDGE('',*,*,#4459,.T.);
#4580 = ORIENTED_EDGE('',*,*,#2177,.F.);
#4581 = ORIENTED_EDGE('',*,*,#4582,.T.);
#4582 = EDGE_CURVE('',#2150,#4583,#4585,.T.);
#4583 = VERTEX_POINT('',#4584);
#4584 = CARTESIAN_POINT('',(-4.5,99.,0.44));
#4585 = SURFACE_CURVE('',#4586,(#4591,#4598),.PCURVE_S1.);
#4586 = CIRCLE('',#4587,11.);
#4587 = AXIS2_PLACEMENT_3D('',#4588,#4589,#4590);
#4588 = CARTESIAN_POINT('',(6.5,99.,0.44));
#4589 = DIRECTION('',(0.,0.,1.));
#4590 = DIRECTION('',(1.,0.,0.));
#4591 = PCURVE('',#2193,#4592);
#4592 = DEFINITIONAL_REPRESENTATION('',(#4593),#4597);
#4593 = CIRCLE('',#4594,11.);
#4594 = AXIS2_PLACEMENT_2D('',#4595,#4596);
#4595 = CARTESIAN_POINT('',(0.,104.));
#4596 = DIRECTION('',(1.,0.));
#4597 = ( GEOMETRIC_REPRESENTATION_CONTEXT(2) 
PARAMETRIC_REPRESENTATION_CONTEXT() REPRESENTATION_CONTEXT('2D SPACE',''
  ) );
#4598 = PCURVE('',#2165,#4599);
#4599 = DEFINITIONAL_REPRESENTATION('',(#4600),#4604);
#4600 = LINE('',#4601,#4602);
#4601 = CARTESIAN_POINT('',(-0.,-8.94));
#4602 = VECTOR('',#4603,1.);
#4603 = DIRECTION('',(-1.,0.));
#4604 = ( GEOMETRIC_REPRESENTATION_CONTEXT(2) 
PARAMETRIC_REPRESENTATION_CONTEXT() REPRESENTATION_CONTEXT('2D SPACE',''
  ) );
#4605 = ORIENTED_EDGE('',*,*,#4606,.F.);
#4606 = EDGE_CURVE('',#3266,#4583,#4607,.T.);
#4607 = SURFACE_CURVE('',#4608,(#4612,#4619),.PCURVE_S1.);
#4608 = LINE('',#4609,#4610);
#4609 = CARTESIAN_POINT('',(-4.5,6.,0.44));
#4610 = VECTOR('',#4611,1.);
#4611 = DIRECTION('',(0.,1.,0.));
#4612 = PCURVE('',#2193,#4613);
#4613 = DEFINITIONAL_REPRESENTATION('',(#4614),#4618);
#4614 = LINE('',#4615,#4616);
#4615 = CARTESIAN_POINT('',(-11.,11.));
#4616 = VECTOR('',#4617,1.);
#4617 = DIRECTION('',(0.,1.));
#4618 = ( GEOMETRIC_REPRESENTATION_CONTEXT(2) 
PARAMETRIC_REPRESENTATION_CONTEXT() REPRESENTATION_CONTEXT('2D SPACE',''
  ) );
#4619 = PCURVE('',#2372,#4620);
#4620 = DEFINITIONAL_REPRESENTATION('',(#4621),#4625);
#4621 = LINE('',#4622,#4623);
#4622 = CARTESIAN_POINT('',(8.94,0.));
#4623 = VECTOR('',#4624,1.);
#4624 = DIRECTION('',(0.,-1.));
#4625 = ( GEOMETRIC_REPRESENTATION_CONTEXT(2) 
PARAMETRIC_REPRESENTATION_CONTEXT() REPRESENTATION_CONTEXT('2D SPACE',''
  ) );
#4626 = ORIENTED_EDGE('',*,*,#3288,.T.);
#4627 = ORIENTED_EDGE('',*,*,#3179,.T.);
#4628 = ORIENTED_EDGE('',*,*,#4629,.T.);
#4629 = EDGE_CURVE('',#3180,#4630,#4632,.T.);
#4630 = VERTEX_POINT('',#4631);
#4631 = CARTESIAN_POINT('',(3.486261755989E-02,-0.3,0.44));
#4632 = SURFACE_CURVE('',#4633,(#4638,#4649),.PCURVE_S1.);
#4633 = CIRCLE('',#4634,9.02);
#4634 = AXIS2_PLACEMENT_3D('',#4635,#4636,#4637);
#4635 = CARTESIAN_POINT('',(6.495,5.995,0.44));
#4636 = DIRECTION('',(0.,0.,-1.));
#4637 = DIRECTION('',(1.,0.,0.));
#4638 = PCURVE('',#2193,#4639);
#4639 = DEFINITIONAL_REPRESENTATION('',(#4640),#4648);
#4640 = ( BOUNDED_CURVE() B_SPLINE_CURVE(2,(#4641,#4642,#4643,#4644,
#4645,#4646,#4647),.UNSPECIFIED.,.T.,.F.) B_SPLINE_CURVE_WITH_KNOTS((1,2
    ,2,2,2,1),(-2.094395102393,0.,2.094395102393,4.188790204786,
6.28318530718,8.377580409573),.UNSPECIFIED.) CURVE() 
GEOMETRIC_REPRESENTATION_ITEM() RATIONAL_B_SPLINE_CURVE((1.,0.5,1.,0.5,
1.,0.5,1.)) REPRESENTATION_ITEM('') );
#4641 = CARTESIAN_POINT('',(9.015,10.995));
#4642 = CARTESIAN_POINT('',(9.015,-4.628098284271));
#4643 = CARTESIAN_POINT('',(-4.515,3.183450857864));
#4644 = CARTESIAN_POINT('',(-18.045,10.995));
#4645 = CARTESIAN_POINT('',(-4.515,18.806549142136));
#4646 = CARTESIAN_POINT('',(9.015,26.618098284271));
#4647 = CARTESIAN_POINT('',(9.015,10.995));
#4648 = ( GEOMETRIC_REPRESENTATION_CONTEXT(2) 
PARAMETRIC_REPRESENTATION_CONTEXT() REPRESENTATION_CONTEXT('2D SPACE',''
  ) );
#4649 = PCURVE('',#3222,#4650);
#4650 = DEFINITIONAL_REPRESENTATION('',(#4651),#4655);
#4651 = LINE('',#4652,#4653);
#4652 = CARTESIAN_POINT('',(-6.28318530718,-9.E-02));
#4653 = VECTOR('',#4654,1.);
#4654 = DIRECTION('',(1.,-0.));
#4655 = ( GEOMETRIC_REPRESENTATION_CONTEXT(2) 
PARAMETRIC_REPRESENTATION_CONTEXT() REPRESENTATION_CONTEXT('2D SPACE',''
  ) );
#4656 = ORIENTED_EDGE('',*,*,#4657,.T.);
#4657 = EDGE_CURVE('',#4630,#4658,#4660,.T.);
#4658 = VERTEX_POINT('',#4659);
#4659 = CARTESIAN_POINT('',(-0.3,-0.3,0.44));
#4660 = SURFACE_CURVE('',#4661,(#4665,#4671),.PCURVE_S1.);
#4661 = LINE('',#4662,#4663);
#4662 = CARTESIAN_POINT('',(3.1,-0.3,0.44));
#4663 = VECTOR('',#4664,1.);
#4664 = DIRECTION('',(-1.,0.,0.));
#4665 = PCURVE('',#2193,#4666);
#4666 = DEFINITIONAL_REPRESENTATION('',(#4667),#4670);
#4667 = B_SPLINE_CURVE_WITH_KNOTS('',1,(#4668,#4669),.UNSPECIFIED.,.F.,
  .F.,(2,2),(-57.2,3.4),.PIECEWISE_BEZIER_KNOTS.);
#4668 = CARTESIAN_POINT('',(53.8,4.7));
#4669 = CARTESIAN_POINT('',(-6.8,4.7));
#4670 = ( GEOMETRIC_REPRESENTATION_CONTEXT(2) 
PARAMETRIC_REPRESENTATION_CONTEXT() REPRESENTATION_CONTEXT('2D SPACE',''
  ) );
#4671 = PCURVE('',#4672,#4677);
#4672 = PLANE('',#4673);
#4673 = AXIS2_PLACEMENT_3D('',#4674,#4675,#4676);
#4674 = CARTESIAN_POINT('',(-0.3,-0.3,5.E-02));
#4675 = DIRECTION('',(0.,1.,0.));
#4676 = DIRECTION('',(0.,0.,1.));
#4677 = DEFINITIONAL_REPRESENTATION('',(#4678),#4681);
#4678 = B_SPLINE_CURVE_WITH_KNOTS('',1,(#4679,#4680),.UNSPECIFIED.,.F.,
  .F.,(2,2),(-57.2,3.4),.PIECEWISE_BEZIER_KNOTS.);
#4679 = CARTESIAN_POINT('',(0.39,60.6));
#4680 = CARTESIAN_POINT('',(0.39,0.));
#4681 = ( GEOMETRIC_REPRESENTATION_CONTEXT(2) 
PARAMETRIC_REPRESENTATION_CONTEXT() REPRESENTATION_CONTEXT('2D SPACE',''
  ) );
#4682 = ORIENTED_EDGE('',*,*,#4683,.T.);
#4683 = EDGE_CURVE('',#4658,#4684,#4686,.T.);
#4684 = VERTEX_POINT('',#4685);
#4685 = CARTESIAN_POINT('',(-0.3,6.302098789955E-02,0.44));
#4686 = SURFACE_CURVE('',#4687,(#4691,#4697),.PCURVE_S1.);
#4687 = LINE('',#4688,#4689);
#4688 = CARTESIAN_POINT('',(-0.3,-2.65,0.44));
#4689 = VECTOR('',#4690,1.);
#4690 = DIRECTION('',(0.,1.,0.));
#4691 = PCURVE('',#2193,#4692);
#4692 = DEFINITIONAL_REPRESENTATION('',(#4693),#4696);
#4693 = B_SPLINE_CURVE_WITH_KNOTS('',1,(#4694,#4695),.UNSPECIFIED.,.F.,
  .F.,(2,2),(2.35,107.95),.PIECEWISE_BEZIER_KNOTS.);
#4694 = CARTESIAN_POINT('',(-6.8,4.7));
#4695 = CARTESIAN_POINT('',(-6.8,110.3));
#4696 = ( GEOMETRIC_REPRESENTATION_CONTEXT(2) 
PARAMETRIC_REPRESENTATION_CONTEXT() REPRESENTATION_CONTEXT('2D SPACE',''
  ) );
#4697 = PCURVE('',#4698,#4703);
#4698 = PLANE('',#4699);
#4699 = AXIS2_PLACEMENT_3D('',#4700,#4701,#4702);
#4700 = CARTESIAN_POINT('',(-0.3,-0.3,5.E-02));
#4701 = DIRECTION('',(1.,0.,0.));
#4702 = DIRECTION('',(0.,0.,1.));
#4703 = DEFINITIONAL_REPRESENTATION('',(#4704),#4707);
#4704 = B_SPLINE_CURVE_WITH_KNOTS('',1,(#4705,#4706),.UNSPECIFIED.,.F.,
  .F.,(2,2),(2.35,107.95),.PIECEWISE_BEZIER_KNOTS.);
#4705 = CARTESIAN_POINT('',(0.39,0.));
#4706 = CARTESIAN_POINT('',(0.39,-105.6));
#4707 = ( GEOMETRIC_REPRESENTATION_CONTEXT(2) 
PARAMETRIC_REPRESENTATION_CONTEXT() REPRESENTATION_CONTEXT('2D SPACE',''
  ) );
#4708 = ORIENTED_EDGE('',*,*,#4709,.T.);
#4709 = EDGE_CURVE('',#4684,#4710,#4712,.T.);
#4710 = VERTEX_POINT('',#4711);
#4711 = CARTESIAN_POINT('',(-2.525,5.995,0.44));
#4712 = SURFACE_CURVE('',#4713,(#4718,#4729),.PCURVE_S1.);
#4713 = CIRCLE('',#4714,9.02);
#4714 = AXIS2_PLACEMENT_3D('',#4715,#4716,#4717);
#4715 = CARTESIAN_POINT('',(6.495,5.995,0.44));
#4716 = DIRECTION('',(0.,0.,-1.));
#4717 = DIRECTION('',(1.,0.,0.));
#4718 = PCURVE('',#2193,#4719);
#4719 = DEFINITIONAL_REPRESENTATION('',(#4720),#4728);
#4720 = ( BOUNDED_CURVE() B_SPLINE_CURVE(2,(#4721,#4722,#4723,#4724,
#4725,#4726,#4727),.UNSPECIFIED.,.T.,.F.) B_SPLINE_CURVE_WITH_KNOTS((1,2
    ,2,2,2,1),(-2.094395102393,0.,2.094395102393,4.188790204786,
6.28318530718,8.377580409573),.UNSPECIFIED.) CURVE() 
GEOMETRIC_REPRESENTATION_ITEM() RATIONAL_B_SPLINE_CURVE((1.,0.5,1.,0.5,
1.,0.5,1.)) REPRESENTATION_ITEM('') );
#4721 = CARTESIAN_POINT('',(9.015,10.995));
#4722 = CARTESIAN_POINT('',(9.015,-4.628098284271));
#4723 = CARTESIAN_POINT('',(-4.515,3.183450857864));
#4724 = CARTESIAN_POINT('',(-18.045,10.995));
#4725 = CARTESIAN_POINT('',(-4.515,18.806549142136));
#4726 = CARTESIAN_POINT('',(9.015,26.618098284271));
#4727 = CARTESIAN_POINT('',(9.015,10.995));
#4728 = ( GEOMETRIC_REPRESENTATION_CONTEXT(2) 
PARAMETRIC_REPRESENTATION_CONTEXT() REPRESENTATION_CONTEXT('2D SPACE',''
  ) );
#4729 = PCURVE('',#4730,#4735);
#4730 = CYLINDRICAL_SURFACE('',#4731,9.02);
#4731 = AXIS2_PLACEMENT_3D('',#4732,#4733,#4734);
#4732 = CARTESIAN_POINT('',(6.495,5.995,0.35));
#4733 = DIRECTION('',(-0.,-0.,-1.));
#4734 = DIRECTION('',(1.,0.,0.));
#4735 = DEFINITIONAL_REPRESENTATION('',(#4736),#4740);
#4736 = LINE('',#4737,#4738);
#4737 = CARTESIAN_POINT('',(-6.28318530718,-9.E-02));
#4738 = VECTOR('',#4739,1.);
#4739 = DIRECTION('',(1.,-0.));
#4740 = ( GEOMETRIC_REPRESENTATION_CONTEXT(2) 
PARAMETRIC_REPRESENTATION_CONTEXT() REPRESENTATION_CONTEXT('2D SPACE',''
  ) );
#4741 = ORIENTED_EDGE('',*,*,#4742,.T.);
#4742 = EDGE_CURVE('',#4710,#4743,#4745,.T.);
#4743 = VERTEX_POINT('',#4744);
#4744 = CARTESIAN_POINT('',(-2.525,99.005,0.44));
#4745 = SURFACE_CURVE('',#4746,(#4750,#4756),.PCURVE_S1.);
#4746 = LINE('',#4747,#4748);
#4747 = CARTESIAN_POINT('',(-2.525,0.4975,0.44));
#4748 = VECTOR('',#4749,1.);
#4749 = DIRECTION('',(0.,1.,0.));
#4750 = PCURVE('',#2193,#4751);
#4751 = DEFINITIONAL_REPRESENTATION('',(#4752),#4755);
#4752 = B_SPLINE_CURVE_WITH_KNOTS('',1,(#4753,#4754),.UNSPECIFIED.,.F.,
  .F.,(2,2),(5.4975,98.5075),.PIECEWISE_BEZIER_KNOTS.);
#4753 = CARTESIAN_POINT('',(-9.025,10.995));
#4754 = CARTESIAN_POINT('',(-9.025,104.005));
#4755 = ( GEOMETRIC_REPRESENTATION_CONTEXT(2) 
PARAMETRIC_REPRESENTATION_CONTEXT() REPRESENTATION_CONTEXT('2D SPACE',''
  ) );
#4756 = PCURVE('',#4757,#4762);
#4757 = PLANE('',#4758);
#4758 = AXIS2_PLACEMENT_3D('',#4759,#4760,#4761);
#4759 = CARTESIAN_POINT('',(-2.525,5.995,0.35));
#4760 = DIRECTION('',(1.,0.,0.));
#4761 = DIRECTION('',(0.,0.,1.));
#4762 = DEFINITIONAL_REPRESENTATION('',(#4763),#4766);
#4763 = B_SPLINE_CURVE_WITH_KNOTS('',1,(#4764,#4765),.UNSPECIFIED.,.F.,
  .F.,(2,2),(5.4975,98.5075),.PIECEWISE_BEZIER_KNOTS.);
#4764 = CARTESIAN_POINT('',(9.E-02,0.));
#4765 = CARTESIAN_POINT('',(9.E-02,-93.01));
#4766 = ( GEOMETRIC_REPRESENTATION_CONTEXT(2) 
PARAMETRIC_REPRESENTATION_CONTEXT() REPRESENTATION_CONTEXT('2D SPACE',''
  ) );
#4767 = ORIENTED_EDGE('',*,*,#4768,.T.);
#4768 = EDGE_CURVE('',#4743,#4769,#4771,.T.);
#4769 = VERTEX_POINT('',#4770);
#4770 = CARTESIAN_POINT('',(-0.3,104.9369790121,0.44));
#4771 = SURFACE_CURVE('',#4772,(#4777,#4788),.PCURVE_S1.);
#4772 = CIRCLE('',#4773,9.02);
#4773 = AXIS2_PLACEMENT_3D('',#4774,#4775,#4776);
#4774 = CARTESIAN_POINT('',(6.495,99.005,0.44));
#4775 = DIRECTION('',(0.,0.,-1.));
#4776 = DIRECTION('',(1.,0.,0.));
#4777 = PCURVE('',#2193,#4778);
#4778 = DEFINITIONAL_REPRESENTATION('',(#4779),#4787);
#4779 = ( BOUNDED_CURVE() B_SPLINE_CURVE(2,(#4780,#4781,#4782,#4783,
#4784,#4785,#4786),.UNSPECIFIED.,.T.,.F.) B_SPLINE_CURVE_WITH_KNOTS((1,2
    ,2,2,2,1),(-2.094395102393,0.,2.094395102393,4.188790204786,
6.28318530718,8.377580409573),.UNSPECIFIED.) CURVE() 
GEOMETRIC_REPRESENTATION_ITEM() RATIONAL_B_SPLINE_CURVE((1.,0.5,1.,0.5,
1.,0.5,1.)) REPRESENTATION_ITEM('') );
#4780 = CARTESIAN_POINT('',(9.015,104.005));
#4781 = CARTESIAN_POINT('',(9.015,88.381901715729));
#4782 = CARTESIAN_POINT('',(-4.515,96.193450857864));
#4783 = CARTESIAN_POINT('',(-18.045,104.005));
#4784 = CARTESIAN_POINT('',(-4.515,111.81654914213));
#4785 = CARTESIAN_POINT('',(9.015,119.62809828427));
#4786 = CARTESIAN_POINT('',(9.015,104.005));
#4787 = ( GEOMETRIC_REPRESENTATION_CONTEXT(2) 
PARAMETRIC_REPRESENTATION_CONTEXT() REPRESENTATION_CONTEXT('2D SPACE',''
  ) );
#4788 = PCURVE('',#4789,#4794);
#4789 = CYLINDRICAL_SURFACE('',#4790,9.02);
#4790 = AXIS2_PLACEMENT_3D('',#4791,#4792,#4793);
#4791 = CARTESIAN_POINT('',(6.495,99.005,0.35));
#4792 = DIRECTION('',(-0.,-0.,-1.));
#4793 = DIRECTION('',(1.,0.,0.));
#4794 = DEFINITIONAL_REPRESENTATION('',(#4795),#4799);
#4795 = LINE('',#4796,#4797);
#4796 = CARTESIAN_POINT('',(-6.28318530718,-9.E-02));
#4797 = VECTOR('',#4798,1.);
#4798 = DIRECTION('',(1.,-0.));
#4799 = ( GEOMETRIC_REPRESENTATION_CONTEXT(2) 
PARAMETRIC_REPRESENTATION_CONTEXT() REPRESENTATION_CONTEXT('2D SPACE',''
  ) );
#4800 = ORIENTED_EDGE('',*,*,#4801,.T.);
#4801 = EDGE_CURVE('',#4769,#4802,#4804,.T.);
#4802 = VERTEX_POINT('',#4803);
#4803 = CARTESIAN_POINT('',(-0.3,105.3,0.44));
#4804 = SURFACE_CURVE('',#4805,(#4809,#4815),.PCURVE_S1.);
#4805 = LINE('',#4806,#4807);
#4806 = CARTESIAN_POINT('',(-0.3,-2.65,0.44));
#4807 = VECTOR('',#4808,1.);
#4808 = DIRECTION('',(0.,1.,0.));
#4809 = PCURVE('',#2193,#4810);
#4810 = DEFINITIONAL_REPRESENTATION('',(#4811),#4814);
#4811 = B_SPLINE_CURVE_WITH_KNOTS('',1,(#4812,#4813),.UNSPECIFIED.,.F.,
  .F.,(2,2),(2.35,107.95),.PIECEWISE_BEZIER_KNOTS.);
#4812 = CARTESIAN_POINT('',(-6.8,4.7));
#4813 = CARTESIAN_POINT('',(-6.8,110.3));
#4814 = ( GEOMETRIC_REPRESENTATION_CONTEXT(2) 
PARAMETRIC_REPRESENTATION_CONTEXT() REPRESENTATION_CONTEXT('2D SPACE',''
  ) );
#4815 = PCURVE('',#4816,#4821);
#4816 = PLANE('',#4817);
#4817 = AXIS2_PLACEMENT_3D('',#4818,#4819,#4820);
#4818 = CARTESIAN_POINT('',(-0.3,-0.3,5.E-02));
#4819 = DIRECTION('',(1.,0.,0.));
#4820 = DIRECTION('',(0.,0.,1.));
#4821 = DEFINITIONAL_REPRESENTATION('',(#4822),#4825);
#4822 = B_SPLINE_CURVE_WITH_KNOTS('',1,(#4823,#4824),.UNSPECIFIED.,.F.,
  .F.,(2,2),(2.35,107.95),.PIECEWISE_BEZIER_KNOTS.);
#4823 = CARTESIAN_POINT('',(0.39,0.));
#4824 = CARTESIAN_POINT('',(0.39,-105.6));
#4825 = ( GEOMETRIC_REPRESENTATION_CONTEXT(2) 
PARAMETRIC_REPRESENTATION_CONTEXT() REPRESENTATION_CONTEXT('2D SPACE',''
  ) );
#4826 = ORIENTED_EDGE('',*,*,#4827,.F.);
#4827 = EDGE_CURVE('',#4828,#4802,#4830,.T.);
#4828 = VERTEX_POINT('',#4829);
#4829 = CARTESIAN_POINT('',(3.486261755988E-02,105.3,0.44));
#4830 = SURFACE_CURVE('',#4831,(#4835,#4841),.PCURVE_S1.);
#4831 = LINE('',#4832,#4833);
#4832 = CARTESIAN_POINT('',(3.1,105.3,0.44));
#4833 = VECTOR('',#4834,1.);
#4834 = DIRECTION('',(-1.,0.,0.));
#4835 = PCURVE('',#2193,#4836);
#4836 = DEFINITIONAL_REPRESENTATION('',(#4837),#4840);
#4837 = B_SPLINE_CURVE_WITH_KNOTS('',1,(#4838,#4839),.UNSPECIFIED.,.F.,
  .F.,(2,2),(-57.2,3.4),.PIECEWISE_BEZIER_KNOTS.);
#4838 = CARTESIAN_POINT('',(53.8,110.3));
#4839 = CARTESIAN_POINT('',(-6.8,110.3));
#4840 = ( GEOMETRIC_REPRESENTATION_CONTEXT(2) 
PARAMETRIC_REPRESENTATION_CONTEXT() REPRESENTATION_CONTEXT('2D SPACE',''
  ) );
#4841 = PCURVE('',#4842,#4847);
#4842 = PLANE('',#4843);
#4843 = AXIS2_PLACEMENT_3D('',#4844,#4845,#4846);
#4844 = CARTESIAN_POINT('',(-0.3,105.3,5.E-02));
#4845 = DIRECTION('',(0.,1.,0.));
#4846 = DIRECTION('',(0.,0.,1.));
#4847 = DEFINITIONAL_REPRESENTATION('',(#4848),#4851);
#4848 = B_SPLINE_CURVE_WITH_KNOTS('',1,(#4849,#4850),.UNSPECIFIED.,.F.,
  .F.,(2,2),(-57.2,3.4),.PIECEWISE_BEZIER_KNOTS.);
#4849 = CARTESIAN_POINT('',(0.39,60.6));
#4850 = CARTESIAN_POINT('',(0.39,0.));
#4851 = ( GEOMETRIC_REPRESENTATION_CONTEXT(2) 
PARAMETRIC_REPRESENTATION_CONTEXT() REPRESENTATION_CONTEXT('2D SPACE',''
  ) );
#4852 = ORIENTED_EDGE('',*,*,#4853,.T.);
#4853 = EDGE_CURVE('',#4828,#4854,#4856,.T.);
#4854 = VERTEX_POINT('',#4855);
#4855 = CARTESIAN_POINT('',(6.495,108.025,0.44));
#4856 = SURFACE_CURVE('',#4857,(#4862,#4873),.PCURVE_S1.);
#4857 = CIRCLE('',#4858,9.02);
#4858 = AXIS2_PLACEMENT_3D('',#4859,#4860,#4861);
#4859 = CARTESIAN_POINT('',(6.495,99.005,0.44));
#4860 = DIRECTION('',(0.,0.,-1.));
#4861 = DIRECTION('',(1.,0.,0.));
#4862 = PCURVE('',#2193,#4863);
#4863 = DEFINITIONAL_REPRESENTATION('',(#4864),#4872);
#4864 = ( BOUNDED_CURVE() B_SPLINE_CURVE(2,(#4865,#4866,#4867,#4868,
#4869,#4870,#4871),.UNSPECIFIED.,.T.,.F.) B_SPLINE_CURVE_WITH_KNOTS((1,2
    ,2,2,2,1),(-2.094395102393,0.,2.094395102393,4.188790204786,
6.28318530718,8.377580409573),.UNSPECIFIED.) CURVE() 
GEOMETRIC_REPRESENTATION_ITEM() RATIONAL_B_SPLINE_CURVE((1.,0.5,1.,0.5,
1.,0.5,1.)) REPRESENTATION_ITEM('') );
#4865 = CARTESIAN_POINT('',(9.015,104.005));
#4866 = CARTESIAN_POINT('',(9.015,88.381901715729));
#4867 = CARTESIAN_POINT('',(-4.515,96.193450857864));
#4868 = CARTESIAN_POINT('',(-18.045,104.005));
#4869 = CARTESIAN_POINT('',(-4.515,111.81654914213));
#4870 = CARTESIAN_POINT('',(9.015,119.62809828427));
#4871 = CARTESIAN_POINT('',(9.015,104.005));
#4872 = ( GEOMETRIC_REPRESENTATION_CONTEXT(2) 
PARAMETRIC_REPRESENTATION_CONTEXT() REPRESENTATION_CONTEXT('2D SPACE',''
  ) );
#4873 = PCURVE('',#4874,#4879);
#4874 = CYLINDRICAL_SURFACE('',#4875,9.02);
#4875 = AXIS2_PLACEMENT_3D('',#4876,#4877,#4878);
#4876 = CARTESIAN_POINT('',(6.495,99.005,0.35));
#4877 = DIRECTION('',(-0.,-0.,-1.));
#4878 = DIRECTION('',(1.,0.,0.));
#4879 = DEFINITIONAL_REPRESENTATION('',(#4880),#4884);
#4880 = LINE('',#4881,#4882);
#4881 = CARTESIAN_POINT('',(-6.28318530718,-9.E-02));
#4882 = VECTOR('',#4883,1.);
#4883 = DIRECTION('',(1.,-0.));
#4884 = ( GEOMETRIC_REPRESENTATION_CONTEXT(2) 
PARAMETRIC_REPRESENTATION_CONTEXT() REPRESENTATION_CONTEXT('2D SPACE',''
  ) );
#4885 = ORIENTED_EDGE('',*,*,#4886,.F.);
#4886 = EDGE_CURVE('',#4460,#4854,#4887,.T.);
#4887 = SURFACE_CURVE('',#4888,(#4892,#4898),.PCURVE_S1.);
#4888 = LINE('',#4889,#4890);
#4889 = CARTESIAN_POINT('',(6.4975,108.025,0.44));
#4890 = VECTOR('',#4891,1.);
#4891 = DIRECTION('',(-1.,0.,0.));
#4892 = PCURVE('',#2193,#4893);
#4893 = DEFINITIONAL_REPRESENTATION('',(#4894),#4897);
#4894 = B_SPLINE_CURVE_WITH_KNOTS('',1,(#4895,#4896),.UNSPECIFIED.,.F.,
  .F.,(2,2),(-47.0075,2.500000000003E-03),.PIECEWISE_BEZIER_KNOTS.);
#4895 = CARTESIAN_POINT('',(47.005,113.025));
#4896 = CARTESIAN_POINT('',(-5.000000000006E-03,113.025));
#4897 = ( GEOMETRIC_REPRESENTATION_CONTEXT(2) 
PARAMETRIC_REPRESENTATION_CONTEXT() REPRESENTATION_CONTEXT('2D SPACE',''
  ) );
#4898 = PCURVE('',#4495,#4899);
#4899 = DEFINITIONAL_REPRESENTATION('',(#4900),#4903);
#4900 = B_SPLINE_CURVE_WITH_KNOTS('',1,(#4901,#4902),.UNSPECIFIED.,.F.,
  .F.,(2,2),(-47.0075,2.500000000003E-03),.PIECEWISE_BEZIER_KNOTS.);
#4901 = CARTESIAN_POINT('',(9.E-02,47.01));
#4902 = CARTESIAN_POINT('',(9.E-02,0.));
#4903 = ( GEOMETRIC_REPRESENTATION_CONTEXT(2) 
PARAMETRIC_REPRESENTATION_CONTEXT() REPRESENTATION_CONTEXT('2D SPACE',''
  ) );
#4904 = ADVANCED_FACE('',(#4905),#2165,.T.);
#4905 = FACE_BOUND('',#4906,.F.);
#4906 = EDGE_LOOP('',(#4907,#4908,#4909,#4910));
#4907 = ORIENTED_EDGE('',*,*,#2332,.F.);
#4908 = ORIENTED_EDGE('',*,*,#2149,.T.);
#4909 = ORIENTED_EDGE('',*,*,#4582,.T.);
#4910 = ORIENTED_EDGE('',*,*,#4911,.F.);
#4911 = EDGE_CURVE('',#2333,#4583,#4912,.T.);
#4912 = SURFACE_CURVE('',#4913,(#4917,#4924),.PCURVE_S1.);
#4913 = LINE('',#4914,#4915);
#4914 = CARTESIAN_POINT('',(-4.5,99.,-8.5));
#4915 = VECTOR('',#4916,1.);
#4916 = DIRECTION('',(0.,0.,1.));
#4917 = PCURVE('',#2165,#4918);
#4918 = DEFINITIONAL_REPRESENTATION('',(#4919),#4923);
#4919 = LINE('',#4920,#4921);
#4920 = CARTESIAN_POINT('',(-3.14159265359,0.));
#4921 = VECTOR('',#4922,1.);
#4922 = DIRECTION('',(-0.,-1.));
#4923 = ( GEOMETRIC_REPRESENTATION_CONTEXT(2) 
PARAMETRIC_REPRESENTATION_CONTEXT() REPRESENTATION_CONTEXT('2D SPACE',''
  ) );
#4924 = PCURVE('',#2372,#4925);
#4925 = DEFINITIONAL_REPRESENTATION('',(#4926),#4930);
#4926 = LINE('',#4927,#4928);
#4927 = CARTESIAN_POINT('',(0.,-93.));
#4928 = VECTOR('',#4929,1.);
#4929 = DIRECTION('',(1.,0.));
#4930 = ( GEOMETRIC_REPRESENTATION_CONTEXT(2) 
PARAMETRIC_REPRESENTATION_CONTEXT() REPRESENTATION_CONTEXT('2D SPACE',''
  ) );
#4931 = ADVANCED_FACE('',(#4932),#2372,.F.);
#4932 = FACE_BOUND('',#4933,.F.);
#4933 = EDGE_LOOP('',(#4934,#4935,#4936,#4937));
#4934 = ORIENTED_EDGE('',*,*,#3265,.F.);
#4935 = ORIENTED_EDGE('',*,*,#2356,.T.);
#4936 = ORIENTED_EDGE('',*,*,#4911,.T.);
#4937 = ORIENTED_EDGE('',*,*,#4606,.F.);
#4938 = ADVANCED_FACE('',(#4939),#2433,.T.);
#4939 = FACE_BOUND('',#4940,.F.);
#4940 = EDGE_LOOP('',(#4941,#4970,#4991,#4992));
#4941 = ORIENTED_EDGE('',*,*,#4942,.F.);
#4942 = EDGE_CURVE('',#4943,#4943,#4945,.T.);
#4943 = VERTEX_POINT('',#4944);
#4944 = CARTESIAN_POINT('',(39.,20.,-11.95));
#4945 = SURFACE_CURVE('',#4946,(#4951,#4958),.PCURVE_S1.);
#4946 = CIRCLE('',#4947,17.5);
#4947 = AXIS2_PLACEMENT_3D('',#4948,#4949,#4950);
#4948 = CARTESIAN_POINT('',(21.5,20.,-11.95));
#4949 = DIRECTION('',(0.,0.,1.));
#4950 = DIRECTION('',(1.,0.,0.));
#4951 = PCURVE('',#2433,#4952);
#4952 = DEFINITIONAL_REPRESENTATION('',(#4953),#4957);
#4953 = LINE('',#4954,#4955);
#4954 = CARTESIAN_POINT('',(-0.,0.));
#4955 = VECTOR('',#4956,1.);
#4956 = DIRECTION('',(-1.,0.));
#4957 = ( GEOMETRIC_REPRESENTATION_CONTEXT(2) 
PARAMETRIC_REPRESENTATION_CONTEXT() REPRESENTATION_CONTEXT('2D SPACE',''
  ) );
#4958 = PCURVE('',#4959,#4964);
#4959 = PLANE('',#4960);
#4960 = AXIS2_PLACEMENT_3D('',#4961,#4962,#4963);
#4961 = CARTESIAN_POINT('',(21.5,20.,-11.95));
#4962 = DIRECTION('',(0.,0.,1.));
#4963 = DIRECTION('',(1.,0.,-0.));
#4964 = DEFINITIONAL_REPRESENTATION('',(#4965),#4969);
#4965 = CIRCLE('',#4966,17.5);
#4966 = AXIS2_PLACEMENT_2D('',#4967,#4968);
#4967 = CARTESIAN_POINT('',(0.,0.));
#4968 = DIRECTION('',(1.,0.));
#4969 = ( GEOMETRIC_REPRESENTATION_CONTEXT(2) 
PARAMETRIC_REPRESENTATION_CONTEXT() REPRESENTATION_CONTEXT('2D SPACE',''
  ) );
#4970 = ORIENTED_EDGE('',*,*,#4971,.T.);
#4971 = EDGE_CURVE('',#4943,#2413,#4972,.T.);
#4972 = SEAM_CURVE('',#4973,(#4977,#4984),.PCURVE_S1.);
#4973 = LINE('',#4974,#4975);
#4974 = CARTESIAN_POINT('',(39.,20.,-11.95));
#4975 = VECTOR('',#4976,1.);
#4976 = DIRECTION('',(0.,0.,1.));
#4977 = PCURVE('',#2433,#4978);
#4978 = DEFINITIONAL_REPRESENTATION('',(#4979),#4983);
#4979 = LINE('',#4980,#4981);
#4980 = CARTESIAN_POINT('',(-6.28318530718,0.));
#4981 = VECTOR('',#4982,1.);
#4982 = DIRECTION('',(-0.,-1.));
#4983 = ( GEOMETRIC_REPRESENTATION_CONTEXT(2) 
PARAMETRIC_REPRESENTATION_CONTEXT() REPRESENTATION_CONTEXT('2D SPACE',''
  ) );
#4984 = PCURVE('',#2433,#4985);
#4985 = DEFINITIONAL_REPRESENTATION('',(#4986),#4990);
#4986 = LINE('',#4987,#4988);
#4987 = CARTESIAN_POINT('',(-0.,0.));
#4988 = VECTOR('',#4989,1.);
#4989 = DIRECTION('',(-0.,-1.));
#4990 = ( GEOMETRIC_REPRESENTATION_CONTEXT(2) 
PARAMETRIC_REPRESENTATION_CONTEXT() REPRESENTATION_CONTEXT('2D SPACE',''
  ) );
#4991 = ORIENTED_EDGE('',*,*,#2412,.F.);
#4992 = ORIENTED_EDGE('',*,*,#4971,.F.);
#4993 = ADVANCED_FACE('',(#4994),#2464,.T.);
#4994 = FACE_BOUND('',#4995,.T.);
#4995 = EDGE_LOOP('',(#4996,#5019,#5047,#5068));
#4996 = ORIENTED_EDGE('',*,*,#4997,.F.);
#4997 = EDGE_CURVE('',#4998,#2448,#5000,.T.);
#4998 = VERTEX_POINT('',#4999);
#4999 = CARTESIAN_POINT('',(41.,97.,-12.));
#5000 = SURFACE_CURVE('',#5001,(#5005,#5012),.PCURVE_S1.);
#5001 = LINE('',#5002,#5003);
#5002 = CARTESIAN_POINT('',(41.,97.,-12.));
#5003 = VECTOR('',#5004,1.);
#5004 = DIRECTION('',(0.,0.,1.));
#5005 = PCURVE('',#2464,#5006);
#5006 = DEFINITIONAL_REPRESENTATION('',(#5007),#5011);
#5007 = LINE('',#5008,#5009);
#5008 = CARTESIAN_POINT('',(0.,22.));
#5009 = VECTOR('',#5010,1.);
#5010 = DIRECTION('',(1.,0.));
#5011 = ( GEOMETRIC_REPRESENTATION_CONTEXT(2) 
PARAMETRIC_REPRESENTATION_CONTEXT() REPRESENTATION_CONTEXT('2D SPACE',''
  ) );
#5012 = PCURVE('',#2496,#5013);
#5013 = DEFINITIONAL_REPRESENTATION('',(#5014),#5018);
#5014 = LINE('',#5015,#5016);
#5015 = CARTESIAN_POINT('',(-1.570796326795,0.));
#5016 = VECTOR('',#5017,1.);
#5017 = DIRECTION('',(-0.,-1.));
#5018 = ( GEOMETRIC_REPRESENTATION_CONTEXT(2) 
PARAMETRIC_REPRESENTATION_CONTEXT() REPRESENTATION_CONTEXT('2D SPACE',''
  ) );
#5019 = ORIENTED_EDGE('',*,*,#5020,.F.);
#5020 = EDGE_CURVE('',#5021,#4998,#5023,.T.);
#5021 = VERTEX_POINT('',#5022);
#5022 = CARTESIAN_POINT('',(19.,97.,-12.));
#5023 = SURFACE_CURVE('',#5024,(#5028,#5035),.PCURVE_S1.);
#5024 = LINE('',#5025,#5026);
#5025 = CARTESIAN_POINT('',(19.,97.,-12.));
#5026 = VECTOR('',#5027,1.);
#5027 = DIRECTION('',(1.,0.,0.));
#5028 = PCURVE('',#2464,#5029);
#5029 = DEFINITIONAL_REPRESENTATION('',(#5030),#5034);
#5030 = LINE('',#5031,#5032);
#5031 = CARTESIAN_POINT('',(0.,0.));
#5032 = VECTOR('',#5033,1.);
#5033 = DIRECTION('',(0.,1.));
#5034 = ( GEOMETRIC_REPRESENTATION_CONTEXT(2) 
PARAMETRIC_REPRESENTATION_CONTEXT() REPRESENTATION_CONTEXT('2D SPACE',''
  ) );
#5035 = PCURVE('',#5036,#5041);
#5036 = PLANE('',#5037);
#5037 = AXIS2_PLACEMENT_3D('',#5038,#5039,#5040);
#5038 = CARTESIAN_POINT('',(19.,51.,-12.));
#5039 = DIRECTION('',(0.,0.,1.));
#5040 = DIRECTION('',(1.,0.,-0.));
#5041 = DEFINITIONAL_REPRESENTATION('',(#5042),#5046);
#5042 = LINE('',#5043,#5044);
#5043 = CARTESIAN_POINT('',(0.,46.));
#5044 = VECTOR('',#5045,1.);
#5045 = DIRECTION('',(1.,0.));
#5046 = ( GEOMETRIC_REPRESENTATION_CONTEXT(2) 
PARAMETRIC_REPRESENTATION_CONTEXT() REPRESENTATION_CONTEXT('2D SPACE',''
  ) );
#5047 = ORIENTED_EDGE('',*,*,#5048,.T.);
#5048 = EDGE_CURVE('',#5021,#2450,#5049,.T.);
#5049 = SURFACE_CURVE('',#5050,(#5054,#5061),.PCURVE_S1.);
#5050 = LINE('',#5051,#5052);
#5051 = CARTESIAN_POINT('',(19.,97.,-12.));
#5052 = VECTOR('',#5053,1.);
#5053 = DIRECTION('',(0.,0.,1.));
#5054 = PCURVE('',#2464,#5055);
#5055 = DEFINITIONAL_REPRESENTATION('',(#5056),#5060);
#5056 = LINE('',#5057,#5058);
#5057 = CARTESIAN_POINT('',(0.,0.));
#5058 = VECTOR('',#5059,1.);
#5059 = DIRECTION('',(1.,0.));
#5060 = ( GEOMETRIC_REPRESENTATION_CONTEXT(2) 
PARAMETRIC_REPRESENTATION_CONTEXT() REPRESENTATION_CONTEXT('2D SPACE',''
  ) );
#5061 = PCURVE('',#2671,#5062);
#5062 = DEFINITIONAL_REPRESENTATION('',(#5063),#5067);
#5063 = LINE('',#5064,#5065);
#5064 = CARTESIAN_POINT('',(-1.570796326795,0.));
#5065 = VECTOR('',#5066,1.);
#5066 = DIRECTION('',(-0.,-1.));
#5067 = ( GEOMETRIC_REPRESENTATION_CONTEXT(2) 
PARAMETRIC_REPRESENTATION_CONTEXT() REPRESENTATION_CONTEXT('2D SPACE',''
  ) );
#5068 = ORIENTED_EDGE('',*,*,#2447,.F.);
#5069 = ADVANCED_FACE('',(#5070),#2496,.T.);
#5070 = FACE_BOUND('',#5071,.F.);
#5071 = EDGE_LOOP('',(#5072,#5096,#5116,#5117));
#5072 = ORIENTED_EDGE('',*,*,#5073,.F.);
#5073 = EDGE_CURVE('',#5074,#4998,#5076,.T.);
#5074 = VERTEX_POINT('',#5075);
#5075 = CARTESIAN_POINT('',(49.,89.,-12.));
#5076 = SURFACE_CURVE('',#5077,(#5082,#5089),.PCURVE_S1.);
#5077 = CIRCLE('',#5078,8.);
#5078 = AXIS2_PLACEMENT_3D('',#5079,#5080,#5081);
#5079 = CARTESIAN_POINT('',(41.,89.,-12.));
#5080 = DIRECTION('',(0.,0.,1.));
#5081 = DIRECTION('',(1.,0.,0.));
#5082 = PCURVE('',#2496,#5083);
#5083 = DEFINITIONAL_REPRESENTATION('',(#5084),#5088);
#5084 = LINE('',#5085,#5086);
#5085 = CARTESIAN_POINT('',(-0.,0.));
#5086 = VECTOR('',#5087,1.);
#5087 = DIRECTION('',(-1.,0.));
#5088 = ( GEOMETRIC_REPRESENTATION_CONTEXT(2) 
PARAMETRIC_REPRESENTATION_CONTEXT() REPRESENTATION_CONTEXT('2D SPACE',''
  ) );
#5089 = PCURVE('',#5036,#5090);
#5090 = DEFINITIONAL_REPRESENTATION('',(#5091),#5095);
#5091 = CIRCLE('',#5092,8.);
#5092 = AXIS2_PLACEMENT_2D('',#5093,#5094);
#5093 = CARTESIAN_POINT('',(22.,38.));
#5094 = DIRECTION('',(1.,0.));
#5095 = ( GEOMETRIC_REPRESENTATION_CONTEXT(2) 
PARAMETRIC_REPRESENTATION_CONTEXT() REPRESENTATION_CONTEXT('2D SPACE',''
  ) );
#5096 = ORIENTED_EDGE('',*,*,#5097,.T.);
#5097 = EDGE_CURVE('',#5074,#2476,#5098,.T.);
#5098 = SURFACE_CURVE('',#5099,(#5103,#5109),.PCURVE_S1.);
#5099 = LINE('',#5100,#5101);
#5100 = CARTESIAN_POINT('',(49.,89.,-12.));
#5101 = VECTOR('',#5102,1.);
#5102 = DIRECTION('',(0.,0.,1.));
#5103 = PCURVE('',#2496,#5104);
#5104 = DEFINITIONAL_REPRESENTATION('',(#5105),#5108);
#5105 = B_SPLINE_CURVE_WITH_KNOTS('',1,(#5106,#5107),.UNSPECIFIED.,.F.,
  .F.,(2,2),(0.,11.85),.PIECEWISE_BEZIER_KNOTS.);
#5106 = CARTESIAN_POINT('',(0.,0.));
#5107 = CARTESIAN_POINT('',(0.,-11.85));
#5108 = ( GEOMETRIC_REPRESENTATION_CONTEXT(2) 
PARAMETRIC_REPRESENTATION_CONTEXT() REPRESENTATION_CONTEXT('2D SPACE',''
  ) );
#5109 = PCURVE('',#2523,#5110);
#5110 = DEFINITIONAL_REPRESENTATION('',(#5111),#5115);
#5111 = LINE('',#5112,#5113);
#5112 = CARTESIAN_POINT('',(0.,-38.));
#5113 = VECTOR('',#5114,1.);
#5114 = DIRECTION('',(1.,0.));
#5115 = ( GEOMETRIC_REPRESENTATION_CONTEXT(2) 
PARAMETRIC_REPRESENTATION_CONTEXT() REPRESENTATION_CONTEXT('2D SPACE',''
  ) );
#5116 = ORIENTED_EDGE('',*,*,#2475,.F.);
#5117 = ORIENTED_EDGE('',*,*,#4997,.F.);
#5118 = ADVANCED_FACE('',(#5119),#2671,.T.);
#5119 = FACE_BOUND('',#5120,.F.);
#5120 = EDGE_LOOP('',(#5121,#5145,#5146,#5147));
#5121 = ORIENTED_EDGE('',*,*,#5122,.F.);
#5122 = EDGE_CURVE('',#5021,#5123,#5125,.T.);
#5123 = VERTEX_POINT('',#5124);
#5124 = CARTESIAN_POINT('',(11.,89.,-12.));
#5125 = SURFACE_CURVE('',#5126,(#5131,#5138),.PCURVE_S1.);
#5126 = CIRCLE('',#5127,8.);
#5127 = AXIS2_PLACEMENT_3D('',#5128,#5129,#5130);
#5128 = CARTESIAN_POINT('',(19.,89.,-12.));
#5129 = DIRECTION('',(0.,0.,1.));
#5130 = DIRECTION('',(1.,0.,0.));
#5131 = PCURVE('',#2671,#5132);
#5132 = DEFINITIONAL_REPRESENTATION('',(#5133),#5137);
#5133 = LINE('',#5134,#5135);
#5134 = CARTESIAN_POINT('',(-0.,0.));
#5135 = VECTOR('',#5136,1.);
#5136 = DIRECTION('',(-1.,0.));
#5137 = ( GEOMETRIC_REPRESENTATION_CONTEXT(2) 
PARAMETRIC_REPRESENTATION_CONTEXT() REPRESENTATION_CONTEXT('2D SPACE',''
  ) );
#5138 = PCURVE('',#5036,#5139);
#5139 = DEFINITIONAL_REPRESENTATION('',(#5140),#5144);
#5140 = CIRCLE('',#5141,8.);
#5141 = AXIS2_PLACEMENT_2D('',#5142,#5143);
#5142 = CARTESIAN_POINT('',(0.,38.));
#5143 = DIRECTION('',(1.,0.));
#5144 = ( GEOMETRIC_REPRESENTATION_CONTEXT(2) 
PARAMETRIC_REPRESENTATION_CONTEXT() REPRESENTATION_CONTEXT('2D SPACE',''
  ) );
#5145 = ORIENTED_EDGE('',*,*,#5048,.T.);
#5146 = ORIENTED_EDGE('',*,*,#2652,.F.);
#5147 = ORIENTED_EDGE('',*,*,#5148,.F.);
#5148 = EDGE_CURVE('',#5123,#2627,#5149,.T.);
#5149 = SURFACE_CURVE('',#5150,(#5154,#5161),.PCURVE_S1.);
#5150 = LINE('',#5151,#5152);
#5151 = CARTESIAN_POINT('',(11.,89.,-12.));
#5152 = VECTOR('',#5153,1.);
#5153 = DIRECTION('',(0.,0.,1.));
#5154 = PCURVE('',#2671,#5155);
#5155 = DEFINITIONAL_REPRESENTATION('',(#5156),#5160);
#5156 = LINE('',#5157,#5158);
#5157 = CARTESIAN_POINT('',(-3.14159265359,0.));
#5158 = VECTOR('',#5159,1.);
#5159 = DIRECTION('',(-0.,-1.));
#5160 = ( GEOMETRIC_REPRESENTATION_CONTEXT(2) 
PARAMETRIC_REPRESENTATION_CONTEXT() REPRESENTATION_CONTEXT('2D SPACE',''
  ) );
#5161 = PCURVE('',#2641,#5162);
#5162 = DEFINITIONAL_REPRESENTATION('',(#5163),#5167);
#5163 = LINE('',#5164,#5165);
#5164 = CARTESIAN_POINT('',(0.,-38.));
#5165 = VECTOR('',#5166,1.);
#5166 = DIRECTION('',(1.,0.));
#5167 = ( GEOMETRIC_REPRESENTATION_CONTEXT(2) 
PARAMETRIC_REPRESENTATION_CONTEXT() REPRESENTATION_CONTEXT('2D SPACE',''
  ) );
#5168 = ADVANCED_FACE('',(#5169),#2523,.T.);
#5169 = FACE_BOUND('',#5170,.T.);
#5170 = EDGE_LOOP('',(#5171,#5193,#5214,#5215));
#5171 = ORIENTED_EDGE('',*,*,#5172,.F.);
#5172 = EDGE_CURVE('',#5173,#2509,#5175,.T.);
#5173 = VERTEX_POINT('',#5174);
#5174 = CARTESIAN_POINT('',(49.,51.,-12.));
#5175 = SURFACE_CURVE('',#5176,(#5180,#5187),.PCURVE_S1.);
#5176 = LINE('',#5177,#5178);
#5177 = CARTESIAN_POINT('',(49.,51.,-12.));
#5178 = VECTOR('',#5179,1.);
#5179 = DIRECTION('',(0.,0.,1.));
#5180 = PCURVE('',#2523,#5181);
#5181 = DEFINITIONAL_REPRESENTATION('',(#5182),#5186);
#5182 = LINE('',#5183,#5184);
#5183 = CARTESIAN_POINT('',(0.,0.));
#5184 = VECTOR('',#5185,1.);
#5185 = DIRECTION('',(1.,0.));
#5186 = ( GEOMETRIC_REPRESENTATION_CONTEXT(2) 
PARAMETRIC_REPRESENTATION_CONTEXT() REPRESENTATION_CONTEXT('2D SPACE',''
  ) );
#5187 = PCURVE('',#2555,#5188);
#5188 = DEFINITIONAL_REPRESENTATION('',(#5189),#5192);
#5189 = B_SPLINE_CURVE_WITH_KNOTS('',1,(#5190,#5191),.UNSPECIFIED.,.F.,
  .F.,(2,2),(0.,11.85),.PIECEWISE_BEZIER_KNOTS.);
#5190 = CARTESIAN_POINT('',(-6.28318530718,0.));
#5191 = CARTESIAN_POINT('',(-6.28318530718,-11.85));
#5192 = ( GEOMETRIC_REPRESENTATION_CONTEXT(2) 
PARAMETRIC_REPRESENTATION_CONTEXT() REPRESENTATION_CONTEXT('2D SPACE',''
  ) );
#5193 = ORIENTED_EDGE('',*,*,#5194,.T.);
#5194 = EDGE_CURVE('',#5173,#5074,#5195,.T.);
#5195 = SURFACE_CURVE('',#5196,(#5200,#5207),.PCURVE_S1.);
#5196 = LINE('',#5197,#5198);
#5197 = CARTESIAN_POINT('',(49.,51.,-12.));
#5198 = VECTOR('',#5199,1.);
#5199 = DIRECTION('',(0.,1.,0.));
#5200 = PCURVE('',#2523,#5201);
#5201 = DEFINITIONAL_REPRESENTATION('',(#5202),#5206);
#5202 = LINE('',#5203,#5204);
#5203 = CARTESIAN_POINT('',(0.,0.));
#5204 = VECTOR('',#5205,1.);
#5205 = DIRECTION('',(0.,-1.));
#5206 = ( GEOMETRIC_REPRESENTATION_CONTEXT(2) 
PARAMETRIC_REPRESENTATION_CONTEXT() REPRESENTATION_CONTEXT('2D SPACE',''
  ) );
#5207 = PCURVE('',#5036,#5208);
#5208 = DEFINITIONAL_REPRESENTATION('',(#5209),#5213);
#5209 = LINE('',#5210,#5211);
#5210 = CARTESIAN_POINT('',(30.,0.));
#5211 = VECTOR('',#5212,1.);
#5212 = DIRECTION('',(0.,1.));
#5213 = ( GEOMETRIC_REPRESENTATION_CONTEXT(2) 
PARAMETRIC_REPRESENTATION_CONTEXT() REPRESENTATION_CONTEXT('2D SPACE',''
  ) );
#5214 = ORIENTED_EDGE('',*,*,#5097,.T.);
#5215 = ORIENTED_EDGE('',*,*,#2508,.F.);
#5216 = ADVANCED_FACE('',(#5217),#2641,.F.);
#5217 = FACE_BOUND('',#5218,.F.);
#5218 = EDGE_LOOP('',(#5219,#5242,#5263,#5264));
#5219 = ORIENTED_EDGE('',*,*,#5220,.F.);
#5220 = EDGE_CURVE('',#5221,#2594,#5223,.T.);
#5221 = VERTEX_POINT('',#5222);
#5222 = CARTESIAN_POINT('',(11.,51.,-12.));
#5223 = SURFACE_CURVE('',#5224,(#5228,#5235),.PCURVE_S1.);
#5224 = LINE('',#5225,#5226);
#5225 = CARTESIAN_POINT('',(11.,51.,-12.));
#5226 = VECTOR('',#5227,1.);
#5227 = DIRECTION('',(0.,0.,1.));
#5228 = PCURVE('',#2641,#5229);
#5229 = DEFINITIONAL_REPRESENTATION('',(#5230),#5234);
#5230 = LINE('',#5231,#5232);
#5231 = CARTESIAN_POINT('',(0.,0.));
#5232 = VECTOR('',#5233,1.);
#5233 = DIRECTION('',(1.,0.));
#5234 = ( GEOMETRIC_REPRESENTATION_CONTEXT(2) 
PARAMETRIC_REPRESENTATION_CONTEXT() REPRESENTATION_CONTEXT('2D SPACE',''
  ) );
#5235 = PCURVE('',#2614,#5236);
#5236 = DEFINITIONAL_REPRESENTATION('',(#5237),#5241);
#5237 = LINE('',#5238,#5239);
#5238 = CARTESIAN_POINT('',(-3.14159265359,0.));
#5239 = VECTOR('',#5240,1.);
#5240 = DIRECTION('',(-0.,-1.));
#5241 = ( GEOMETRIC_REPRESENTATION_CONTEXT(2) 
PARAMETRIC_REPRESENTATION_CONTEXT() REPRESENTATION_CONTEXT('2D SPACE',''
  ) );
#5242 = ORIENTED_EDGE('',*,*,#5243,.T.);
#5243 = EDGE_CURVE('',#5221,#5123,#5244,.T.);
#5244 = SURFACE_CURVE('',#5245,(#5249,#5256),.PCURVE_S1.);
#5245 = LINE('',#5246,#5247);
#5246 = CARTESIAN_POINT('',(11.,51.,-12.));
#5247 = VECTOR('',#5248,1.);
#5248 = DIRECTION('',(0.,1.,0.));
#5249 = PCURVE('',#2641,#5250);
#5250 = DEFINITIONAL_REPRESENTATION('',(#5251),#5255);
#5251 = LINE('',#5252,#5253);
#5252 = CARTESIAN_POINT('',(0.,0.));
#5253 = VECTOR('',#5254,1.);
#5254 = DIRECTION('',(0.,-1.));
#5255 = ( GEOMETRIC_REPRESENTATION_CONTEXT(2) 
PARAMETRIC_REPRESENTATION_CONTEXT() REPRESENTATION_CONTEXT('2D SPACE',''
  ) );
#5256 = PCURVE('',#5036,#5257);
#5257 = DEFINITIONAL_REPRESENTATION('',(#5258),#5262);
#5258 = LINE('',#5259,#5260);
#5259 = CARTESIAN_POINT('',(-8.,0.));
#5260 = VECTOR('',#5261,1.);
#5261 = DIRECTION('',(0.,1.));
#5262 = ( GEOMETRIC_REPRESENTATION_CONTEXT(2) 
PARAMETRIC_REPRESENTATION_CONTEXT() REPRESENTATION_CONTEXT('2D SPACE',''
  ) );
#5263 = ORIENTED_EDGE('',*,*,#5148,.T.);
#5264 = ORIENTED_EDGE('',*,*,#2626,.F.);
#5265 = ADVANCED_FACE('',(#5266),#2555,.T.);
#5266 = FACE_BOUND('',#5267,.F.);
#5267 = EDGE_LOOP('',(#5268,#5269,#5293,#5314));
#5268 = ORIENTED_EDGE('',*,*,#5172,.F.);
#5269 = ORIENTED_EDGE('',*,*,#5270,.F.);
#5270 = EDGE_CURVE('',#5271,#5173,#5273,.T.);
#5271 = VERTEX_POINT('',#5272);
#5272 = CARTESIAN_POINT('',(41.,43.,-12.));
#5273 = SURFACE_CURVE('',#5274,(#5279,#5286),.PCURVE_S1.);
#5274 = CIRCLE('',#5275,8.);
#5275 = AXIS2_PLACEMENT_3D('',#5276,#5277,#5278);
#5276 = CARTESIAN_POINT('',(41.,51.,-12.));
#5277 = DIRECTION('',(0.,0.,1.));
#5278 = DIRECTION('',(1.,0.,0.));
#5279 = PCURVE('',#2555,#5280);
#5280 = DEFINITIONAL_REPRESENTATION('',(#5281),#5285);
#5281 = LINE('',#5282,#5283);
#5282 = CARTESIAN_POINT('',(-0.,0.));
#5283 = VECTOR('',#5284,1.);
#5284 = DIRECTION('',(-1.,0.));
#5285 = ( GEOMETRIC_REPRESENTATION_CONTEXT(2) 
PARAMETRIC_REPRESENTATION_CONTEXT() REPRESENTATION_CONTEXT('2D SPACE',''
  ) );
#5286 = PCURVE('',#5036,#5287);
#5287 = DEFINITIONAL_REPRESENTATION('',(#5288),#5292);
#5288 = CIRCLE('',#5289,8.);
#5289 = AXIS2_PLACEMENT_2D('',#5290,#5291);
#5290 = CARTESIAN_POINT('',(22.,0.));
#5291 = DIRECTION('',(1.,0.));
#5292 = ( GEOMETRIC_REPRESENTATION_CONTEXT(2) 
PARAMETRIC_REPRESENTATION_CONTEXT() REPRESENTATION_CONTEXT('2D SPACE',''
  ) );
#5293 = ORIENTED_EDGE('',*,*,#5294,.T.);
#5294 = EDGE_CURVE('',#5271,#2535,#5295,.T.);
#5295 = SURFACE_CURVE('',#5296,(#5300,#5307),.PCURVE_S1.);
#5296 = LINE('',#5297,#5298);
#5297 = CARTESIAN_POINT('',(41.,43.,-12.));
#5298 = VECTOR('',#5299,1.);
#5299 = DIRECTION('',(0.,0.,1.));
#5300 = PCURVE('',#2555,#5301);
#5301 = DEFINITIONAL_REPRESENTATION('',(#5302),#5306);
#5302 = LINE('',#5303,#5304);
#5303 = CARTESIAN_POINT('',(-4.712388980385,0.));
#5304 = VECTOR('',#5305,1.);
#5305 = DIRECTION('',(-0.,-1.));
#5306 = ( GEOMETRIC_REPRESENTATION_CONTEXT(2) 
PARAMETRIC_REPRESENTATION_CONTEXT() REPRESENTATION_CONTEXT('2D SPACE',''
  ) );
#5307 = PCURVE('',#2582,#5308);
#5308 = DEFINITIONAL_REPRESENTATION('',(#5309),#5313);
#5309 = LINE('',#5310,#5311);
#5310 = CARTESIAN_POINT('',(0.,22.));
#5311 = VECTOR('',#5312,1.);
#5312 = DIRECTION('',(1.,0.));
#5313 = ( GEOMETRIC_REPRESENTATION_CONTEXT(2) 
PARAMETRIC_REPRESENTATION_CONTEXT() REPRESENTATION_CONTEXT('2D SPACE',''
  ) );
#5314 = ORIENTED_EDGE('',*,*,#2534,.F.);
#5315 = ADVANCED_FACE('',(#5316),#2614,.T.);
#5316 = FACE_BOUND('',#5317,.F.);
#5317 = EDGE_LOOP('',(#5318,#5342,#5343,#5344));
#5318 = ORIENTED_EDGE('',*,*,#5319,.F.);
#5319 = EDGE_CURVE('',#5221,#5320,#5322,.T.);
#5320 = VERTEX_POINT('',#5321);
#5321 = CARTESIAN_POINT('',(19.,43.,-12.));
#5322 = SURFACE_CURVE('',#5323,(#5328,#5335),.PCURVE_S1.);
#5323 = CIRCLE('',#5324,8.);
#5324 = AXIS2_PLACEMENT_3D('',#5325,#5326,#5327);
#5325 = CARTESIAN_POINT('',(19.,51.,-12.));
#5326 = DIRECTION('',(0.,0.,1.));
#5327 = DIRECTION('',(1.,0.,0.));
#5328 = PCURVE('',#2614,#5329);
#5329 = DEFINITIONAL_REPRESENTATION('',(#5330),#5334);
#5330 = LINE('',#5331,#5332);
#5331 = CARTESIAN_POINT('',(-0.,0.));
#5332 = VECTOR('',#5333,1.);
#5333 = DIRECTION('',(-1.,0.));
#5334 = ( GEOMETRIC_REPRESENTATION_CONTEXT(2) 
PARAMETRIC_REPRESENTATION_CONTEXT() REPRESENTATION_CONTEXT('2D SPACE',''
  ) );
#5335 = PCURVE('',#5036,#5336);
#5336 = DEFINITIONAL_REPRESENTATION('',(#5337),#5341);
#5337 = CIRCLE('',#5338,8.);
#5338 = AXIS2_PLACEMENT_2D('',#5339,#5340);
#5339 = CARTESIAN_POINT('',(0.,0.));
#5340 = DIRECTION('',(1.,0.));
#5341 = ( GEOMETRIC_REPRESENTATION_CONTEXT(2) 
PARAMETRIC_REPRESENTATION_CONTEXT() REPRESENTATION_CONTEXT('2D SPACE',''
  ) );
#5342 = ORIENTED_EDGE('',*,*,#5220,.T.);
#5343 = ORIENTED_EDGE('',*,*,#2593,.F.);
#5344 = ORIENTED_EDGE('',*,*,#5345,.F.);
#5345 = EDGE_CURVE('',#5320,#2568,#5346,.T.);
#5346 = SURFACE_CURVE('',#5347,(#5351,#5358),.PCURVE_S1.);
#5347 = LINE('',#5348,#5349);
#5348 = CARTESIAN_POINT('',(19.,43.,-12.));
#5349 = VECTOR('',#5350,1.);
#5350 = DIRECTION('',(0.,0.,1.));
#5351 = PCURVE('',#2614,#5352);
#5352 = DEFINITIONAL_REPRESENTATION('',(#5353),#5357);
#5353 = LINE('',#5354,#5355);
#5354 = CARTESIAN_POINT('',(-4.712388980385,0.));
#5355 = VECTOR('',#5356,1.);
#5356 = DIRECTION('',(-0.,-1.));
#5357 = ( GEOMETRIC_REPRESENTATION_CONTEXT(2) 
PARAMETRIC_REPRESENTATION_CONTEXT() REPRESENTATION_CONTEXT('2D SPACE',''
  ) );
#5358 = PCURVE('',#2582,#5359);
#5359 = DEFINITIONAL_REPRESENTATION('',(#5360),#5364);
#5360 = LINE('',#5361,#5362);
#5361 = CARTESIAN_POINT('',(0.,0.));
#5362 = VECTOR('',#5363,1.);
#5363 = DIRECTION('',(1.,0.));
#5364 = ( GEOMETRIC_REPRESENTATION_CONTEXT(2) 
PARAMETRIC_REPRESENTATION_CONTEXT() REPRESENTATION_CONTEXT('2D SPACE',''
  ) );
#5365 = ADVANCED_FACE('',(#5366),#2582,.F.);
#5366 = FACE_BOUND('',#5367,.F.);
#5367 = EDGE_LOOP('',(#5368,#5369,#5390,#5391));
#5368 = ORIENTED_EDGE('',*,*,#5294,.F.);
#5369 = ORIENTED_EDGE('',*,*,#5370,.F.);
#5370 = EDGE_CURVE('',#5320,#5271,#5371,.T.);
#5371 = SURFACE_CURVE('',#5372,(#5376,#5383),.PCURVE_S1.);
#5372 = LINE('',#5373,#5374);
#5373 = CARTESIAN_POINT('',(19.,43.,-12.));
#5374 = VECTOR('',#5375,1.);
#5375 = DIRECTION('',(1.,0.,0.));
#5376 = PCURVE('',#2582,#5377);
#5377 = DEFINITIONAL_REPRESENTATION('',(#5378),#5382);
#5378 = LINE('',#5379,#5380);
#5379 = CARTESIAN_POINT('',(0.,0.));
#5380 = VECTOR('',#5381,1.);
#5381 = DIRECTION('',(0.,1.));
#5382 = ( GEOMETRIC_REPRESENTATION_CONTEXT(2) 
PARAMETRIC_REPRESENTATION_CONTEXT() REPRESENTATION_CONTEXT('2D SPACE',''
  ) );
#5383 = PCURVE('',#5036,#5384);
#5384 = DEFINITIONAL_REPRESENTATION('',(#5385),#5389);
#5385 = LINE('',#5386,#5387);
#5386 = CARTESIAN_POINT('',(0.,-8.));
#5387 = VECTOR('',#5388,1.);
#5388 = DIRECTION('',(1.,0.));
#5389 = ( GEOMETRIC_REPRESENTATION_CONTEXT(2) 
PARAMETRIC_REPRESENTATION_CONTEXT() REPRESENTATION_CONTEXT('2D SPACE',''
  ) );
#5390 = ORIENTED_EDGE('',*,*,#5345,.T.);
#5391 = ORIENTED_EDGE('',*,*,#2567,.F.);
#5392 = ADVANCED_FACE('',(#5393),#2724,.T.);
#5393 = FACE_BOUND('',#5394,.T.);
#5394 = EDGE_LOOP('',(#5395,#5396,#5397,#5398,#5419,#5440,#5461,#5480));
#5395 = ORIENTED_EDGE('',*,*,#2764,.F.);
#5396 = ORIENTED_EDGE('',*,*,#2708,.T.);
#5397 = ORIENTED_EDGE('',*,*,#3591,.F.);
#5398 = ORIENTED_EDGE('',*,*,#5399,.T.);
#5399 = EDGE_CURVE('',#3571,#5400,#5402,.T.);
#5400 = VERTEX_POINT('',#5401);
#5401 = CARTESIAN_POINT('',(14.79,-2.025,0.2));
#5402 = SURFACE_CURVE('',#5403,(#5407,#5413),.PCURVE_S1.);
#5403 = LINE('',#5404,#5405);
#5404 = CARTESIAN_POINT('',(14.79,0.575,0.2));
#5405 = VECTOR('',#5406,1.);
#5406 = DIRECTION('',(0.,1.,0.));
#5407 = PCURVE('',#2724,#5408);
#5408 = DEFINITIONAL_REPRESENTATION('',(#5409),#5412);
#5409 = B_SPLINE_CURVE_WITH_KNOTS('',1,(#5410,#5411),.UNSPECIFIED.,.F.,
  .F.,(2,2),(-3.775,-0.875),.PIECEWISE_BEZIER_KNOTS.);
#5410 = CARTESIAN_POINT('',(1.5,-1.65));
#5411 = CARTESIAN_POINT('',(1.5,-4.55));
#5412 = ( GEOMETRIC_REPRESENTATION_CONTEXT(2) 
PARAMETRIC_REPRESENTATION_CONTEXT() REPRESENTATION_CONTEXT('2D SPACE',''
  ) );
#5413 = PCURVE('',#3039,#5414);
#5414 = DEFINITIONAL_REPRESENTATION('',(#5415),#5418);
#5415 = B_SPLINE_CURVE_WITH_KNOTS('',1,(#5416,#5417),.UNSPECIFIED.,.F.,
  .F.,(2,2),(-3.775,-0.875),.PIECEWISE_BEZIER_KNOTS.);
#5416 = CARTESIAN_POINT('',(8.29,-9.2));
#5417 = CARTESIAN_POINT('',(8.29,-6.3));
#5418 = ( GEOMETRIC_REPRESENTATION_CONTEXT(2) 
PARAMETRIC_REPRESENTATION_CONTEXT() REPRESENTATION_CONTEXT('2D SPACE',''
  ) );
#5419 = ORIENTED_EDGE('',*,*,#5420,.F.);
#5420 = EDGE_CURVE('',#5421,#5400,#5423,.T.);
#5421 = VERTEX_POINT('',#5422);
#5422 = CARTESIAN_POINT('',(14.79,-2.025,1.5));
#5423 = SURFACE_CURVE('',#5424,(#5428,#5434),.PCURVE_S1.);
#5424 = LINE('',#5425,#5426);
#5425 = CARTESIAN_POINT('',(14.79,-2.025,-0.525));
#5426 = VECTOR('',#5427,1.);
#5427 = DIRECTION('',(0.,0.,-1.));
#5428 = PCURVE('',#2724,#5429);
#5429 = DEFINITIONAL_REPRESENTATION('',(#5430),#5433);
#5430 = B_SPLINE_CURVE_WITH_KNOTS('',1,(#5431,#5432),.UNSPECIFIED.,.F.,
  .F.,(2,2),(-2.025,-0.725),.PIECEWISE_BEZIER_KNOTS.);
#5431 = CARTESIAN_POINT('',(2.8,-2.825));
#5432 = CARTESIAN_POINT('',(1.5,-2.825));
#5433 = ( GEOMETRIC_REPRESENTATION_CONTEXT(2) 
PARAMETRIC_REPRESENTATION_CONTEXT() REPRESENTATION_CONTEXT('2D SPACE',''
  ) );
#5434 = PCURVE('',#3067,#5435);
#5435 = DEFINITIONAL_REPRESENTATION('',(#5436),#5439);
#5436 = B_SPLINE_CURVE_WITH_KNOTS('',1,(#5437,#5438),.UNSPECIFIED.,.F.,
  .F.,(2,2),(-2.025,-0.725),.PIECEWISE_BEZIER_KNOTS.);
#5437 = CARTESIAN_POINT('',(1.25,8.295));
#5438 = CARTESIAN_POINT('',(-5.E-02,8.295));
#5439 = ( GEOMETRIC_REPRESENTATION_CONTEXT(2) 
PARAMETRIC_REPRESENTATION_CONTEXT() REPRESENTATION_CONTEXT('2D SPACE',''
  ) );
#5440 = ORIENTED_EDGE('',*,*,#5441,.F.);
#5441 = EDGE_CURVE('',#5442,#5421,#5444,.T.);
#5442 = VERTEX_POINT('',#5443);
#5443 = CARTESIAN_POINT('',(14.79,-3.025,1.5));
#5444 = SURFACE_CURVE('',#5445,(#5449,#5455),.PCURVE_S1.);
#5445 = LINE('',#5446,#5447);
#5446 = CARTESIAN_POINT('',(14.79,-3.9375,1.5));
#5447 = VECTOR('',#5448,1.);
#5448 = DIRECTION('',(0.,1.,0.));
#5449 = PCURVE('',#2724,#5450);
#5450 = DEFINITIONAL_REPRESENTATION('',(#5451),#5454);
#5451 = B_SPLINE_CURVE_WITH_KNOTS('',1,(#5452,#5453),.UNSPECIFIED.,.F.,
  .F.,(2,2),(0.9125,3.6375),.PIECEWISE_BEZIER_KNOTS.);
#5452 = CARTESIAN_POINT('',(2.8,-1.825));
#5453 = CARTESIAN_POINT('',(2.8,-4.55));
#5454 = ( GEOMETRIC_REPRESENTATION_CONTEXT(2) 
PARAMETRIC_REPRESENTATION_CONTEXT() REPRESENTATION_CONTEXT('2D SPACE',''
  ) );
#5455 = PCURVE('',#3094,#5456);
#5456 = DEFINITIONAL_REPRESENTATION('',(#5457),#5460);
#5457 = B_SPLINE_CURVE_WITH_KNOTS('',1,(#5458,#5459),.UNSPECIFIED.,.F.,
  .F.,(2,2),(0.9125,3.6375),.PIECEWISE_BEZIER_KNOTS.);
#5458 = CARTESIAN_POINT('',(8.295,-3.552713678801E-15));
#5459 = CARTESIAN_POINT('',(8.295,2.725));
#5460 = ( GEOMETRIC_REPRESENTATION_CONTEXT(2) 
PARAMETRIC_REPRESENTATION_CONTEXT() REPRESENTATION_CONTEXT('2D SPACE',''
  ) );
#5461 = ORIENTED_EDGE('',*,*,#5462,.T.);
#5462 = EDGE_CURVE('',#5442,#2841,#5463,.T.);
#5463 = SURFACE_CURVE('',#5464,(#5468,#5474),.PCURVE_S1.);
#5464 = LINE('',#5465,#5466);
#5465 = CARTESIAN_POINT('',(14.79,-3.025,-0.475));
#5466 = VECTOR('',#5467,1.);
#5467 = DIRECTION('',(0.,0.,-1.));
#5468 = PCURVE('',#2724,#5469);
#5469 = DEFINITIONAL_REPRESENTATION('',(#5470),#5473);
#5470 = B_SPLINE_CURVE_WITH_KNOTS('',1,(#5471,#5472),.UNSPECIFIED.,.F.,
  .F.,(2,2),(-1.975,-0.915),.PIECEWISE_BEZIER_KNOTS.);
#5471 = CARTESIAN_POINT('',(2.8,-1.825));
#5472 = CARTESIAN_POINT('',(1.74,-1.825));
#5473 = ( GEOMETRIC_REPRESENTATION_CONTEXT(2) 
PARAMETRIC_REPRESENTATION_CONTEXT() REPRESENTATION_CONTEXT('2D SPACE',''
  ) );
#5474 = PCURVE('',#2874,#5475);
#5475 = DEFINITIONAL_REPRESENTATION('',(#5476),#5479);
#5476 = B_SPLINE_CURVE_WITH_KNOTS('',1,(#5477,#5478),.UNSPECIFIED.,.F.,
  .F.,(2,2),(-1.975,-0.915),.PIECEWISE_BEZIER_KNOTS.);
#5477 = CARTESIAN_POINT('',(1.15,8.295));
#5478 = CARTESIAN_POINT('',(9.E-02,8.295));
#5479 = ( GEOMETRIC_REPRESENTATION_CONTEXT(2) 
PARAMETRIC_REPRESENTATION_CONTEXT() REPRESENTATION_CONTEXT('2D SPACE',''
  ) );
#5480 = ORIENTED_EDGE('',*,*,#2840,.F.);
#5481 = ADVANCED_FACE('',(#5482),#2874,.F.);
#5482 = FACE_BOUND('',#5483,.F.);
#5483 = EDGE_LOOP('',(#5484,#5505,#5506,#5507));
#5484 = ORIENTED_EDGE('',*,*,#5485,.T.);
#5485 = EDGE_CURVE('',#3080,#5442,#5486,.T.);
#5486 = SURFACE_CURVE('',#5487,(#5491,#5498),.PCURVE_S1.);
#5487 = LINE('',#5488,#5489);
#5488 = CARTESIAN_POINT('',(6.495,-3.025,1.5));
#5489 = VECTOR('',#5490,1.);
#5490 = DIRECTION('',(1.,0.,0.));
#5491 = PCURVE('',#2874,#5492);
#5492 = DEFINITIONAL_REPRESENTATION('',(#5493),#5497);
#5493 = LINE('',#5494,#5495);
#5494 = CARTESIAN_POINT('',(1.15,0.));
#5495 = VECTOR('',#5496,1.);
#5496 = DIRECTION('',(0.,1.));
#5497 = ( GEOMETRIC_REPRESENTATION_CONTEXT(2) 
PARAMETRIC_REPRESENTATION_CONTEXT() REPRESENTATION_CONTEXT('2D SPACE',''
  ) );
#5498 = PCURVE('',#3094,#5499);
#5499 = DEFINITIONAL_REPRESENTATION('',(#5500),#5504);
#5500 = LINE('',#5501,#5502);
#5501 = CARTESIAN_POINT('',(0.,0.));
#5502 = VECTOR('',#5503,1.);
#5503 = DIRECTION('',(1.,0.));
#5504 = ( GEOMETRIC_REPRESENTATION_CONTEXT(2) 
PARAMETRIC_REPRESENTATION_CONTEXT() REPRESENTATION_CONTEXT('2D SPACE',''
  ) );
#5505 = ORIENTED_EDGE('',*,*,#5462,.T.);
#5506 = ORIENTED_EDGE('',*,*,#2861,.T.);
#5507 = ORIENTED_EDGE('',*,*,#3105,.F.);
#5508 = ADVANCED_FACE('',(#5509),#2907,.F.);
#5509 = FACE_BOUND('',#5510,.F.);
#5510 = EDGE_LOOP('',(#5511,#5532,#5533,#5554));
#5511 = ORIENTED_EDGE('',*,*,#5512,.T.);
#5512 = EDGE_CURVE('',#5513,#2889,#5515,.T.);
#5513 = VERTEX_POINT('',#5514);
#5514 = CARTESIAN_POINT('',(5.084547944806,-1.9,0.2));
#5515 = SURFACE_CURVE('',#5516,(#5520,#5526),.PCURVE_S1.);
#5516 = LINE('',#5517,#5518);
#5517 = CARTESIAN_POINT('',(7.035,-1.9,0.2));
#5518 = VECTOR('',#5519,1.);
#5519 = DIRECTION('',(-1.,0.,0.));
#5520 = PCURVE('',#2907,#5521);
#5521 = DEFINITIONAL_REPRESENTATION('',(#5522),#5525);
#5522 = B_SPLINE_CURVE_WITH_KNOTS('',1,(#5523,#5524),.UNSPECIFIED.,.F.,
  .F.,(2,2),(-6.035,4.965),.PIECEWISE_BEZIER_KNOTS.);
#5523 = CARTESIAN_POINT('',(-3.9,5.5));
#5524 = CARTESIAN_POINT('',(-3.9,-5.5));
#5525 = ( GEOMETRIC_REPRESENTATION_CONTEXT(2) 
PARAMETRIC_REPRESENTATION_CONTEXT() REPRESENTATION_CONTEXT('2D SPACE',''
  ) );
#5526 = PCURVE('',#2934,#5527);
#5527 = DEFINITIONAL_REPRESENTATION('',(#5528),#5531);
#5528 = B_SPLINE_CURVE_WITH_KNOTS('',1,(#5529,#5530),.UNSPECIFIED.,.F.,
  .F.,(2,2),(-6.035,4.965),.PIECEWISE_BEZIER_KNOTS.);
#5529 = CARTESIAN_POINT('',(6.57,-7.9));
#5530 = CARTESIAN_POINT('',(-4.43,-7.9));
#5531 = ( GEOMETRIC_REPRESENTATION_CONTEXT(2) 
PARAMETRIC_REPRESENTATION_CONTEXT() REPRESENTATION_CONTEXT('2D SPACE',''
  ) );
#5532 = ORIENTED_EDGE('',*,*,#2888,.T.);
#5533 = ORIENTED_EDGE('',*,*,#5534,.F.);
#5534 = EDGE_CURVE('',#5535,#2891,#5537,.T.);
#5535 = VERTEX_POINT('',#5536);
#5536 = CARTESIAN_POINT('',(5.084547944806,-1.9,1.5));
#5537 = SURFACE_CURVE('',#5538,(#5542,#5548),.PCURVE_S1.);
#5538 = LINE('',#5539,#5540);
#5539 = CARTESIAN_POINT('',(7.0325,-1.9,1.5));
#5540 = VECTOR('',#5541,1.);
#5541 = DIRECTION('',(-1.,0.,0.));
#5542 = PCURVE('',#2907,#5543);
#5543 = DEFINITIONAL_REPRESENTATION('',(#5544),#5547);
#5544 = B_SPLINE_CURVE_WITH_KNOTS('',1,(#5545,#5546),.UNSPECIFIED.,.F.,
  .F.,(2,2),(-6.0375,4.9625),.PIECEWISE_BEZIER_KNOTS.);
#5545 = CARTESIAN_POINT('',(-2.6,5.5));
#5546 = CARTESIAN_POINT('',(-2.6,-5.5));
#5547 = ( GEOMETRIC_REPRESENTATION_CONTEXT(2) 
PARAMETRIC_REPRESENTATION_CONTEXT() REPRESENTATION_CONTEXT('2D SPACE',''
  ) );
#5548 = PCURVE('',#3250,#5549);
#5549 = DEFINITIONAL_REPRESENTATION('',(#5550),#5553);
#5550 = B_SPLINE_CURVE_WITH_KNOTS('',1,(#5551,#5552),.UNSPECIFIED.,.F.,
  .F.,(2,2),(-6.0375,4.9625),.PIECEWISE_BEZIER_KNOTS.);
#5551 = CARTESIAN_POINT('',(6.575,1.125));
#5552 = CARTESIAN_POINT('',(-4.425,1.125));
#5553 = ( GEOMETRIC_REPRESENTATION_CONTEXT(2) 
PARAMETRIC_REPRESENTATION_CONTEXT() REPRESENTATION_CONTEXT('2D SPACE',''
  ) );
#5554 = ORIENTED_EDGE('',*,*,#5555,.T.);
#5555 = EDGE_CURVE('',#5535,#5513,#5556,.T.);
#5556 = SURFACE_CURVE('',#5557,(#5561,#5567),.PCURVE_S1.);
#5557 = LINE('',#5558,#5559);
#5558 = CARTESIAN_POINT('',(5.084547944806,-1.9,0.25));
#5559 = VECTOR('',#5560,1.);
#5560 = DIRECTION('',(-0.,-0.,-1.));
#5561 = PCURVE('',#2907,#5562);
#5562 = DEFINITIONAL_REPRESENTATION('',(#5563),#5566);
#5563 = B_SPLINE_CURVE_WITH_KNOTS('',1,(#5564,#5565),.UNSPECIFIED.,.F.,
  .F.,(2,2),(-1.2500006,5.00006E-02),.PIECEWISE_BEZIER_KNOTS.);
#5564 = CARTESIAN_POINT('',(-2.5999994,-2.485452055194));
#5565 = CARTESIAN_POINT('',(-3.9000006,-2.485452055194));
#5566 = ( GEOMETRIC_REPRESENTATION_CONTEXT(2) 
PARAMETRIC_REPRESENTATION_CONTEXT() REPRESENTATION_CONTEXT('2D SPACE',''
  ) );
#5567 = PCURVE('',#5568,#5573);
#5568 = CYLINDRICAL_SURFACE('',#5569,8.02);
#5569 = AXIS2_PLACEMENT_3D('',#5570,#5571,#5572);
#5570 = CARTESIAN_POINT('',(6.495,5.995,0.25));
#5571 = DIRECTION('',(-0.,-0.,-1.));
#5572 = DIRECTION('',(1.,0.,0.));
#5573 = DEFINITIONAL_REPRESENTATION('',(#5574),#5577);
#5574 = B_SPLINE_CURVE_WITH_KNOTS('',1,(#5575,#5576),.UNSPECIFIED.,.F.,
  .F.,(2,2),(-1.2500006,5.00006E-02),.PIECEWISE_BEZIER_KNOTS.);
#5575 = CARTESIAN_POINT('',(-4.535602717053,-1.2500006));
#5576 = CARTESIAN_POINT('',(-4.535602717053,5.00006E-02));
#5577 = ( GEOMETRIC_REPRESENTATION_CONTEXT(2) 
PARAMETRIC_REPRESENTATION_CONTEXT() REPRESENTATION_CONTEXT('2D SPACE',''
  ) );
#5578 = ADVANCED_FACE('',(#5579),#3250,.T.);
#5579 = FACE_BOUND('',#5580,.T.);
#5580 = EDGE_LOOP('',(#5581,#5605,#5606,#5607,#5635));
#5581 = ORIENTED_EDGE('',*,*,#5582,.T.);
#5582 = EDGE_CURVE('',#5583,#3201,#5585,.T.);
#5583 = VERTEX_POINT('',#5584);
#5584 = CARTESIAN_POINT('',(3.486261755988E-02,-0.3,1.5));
#5585 = SURFACE_CURVE('',#5586,(#5591,#5598),.PCURVE_S1.);
#5586 = CIRCLE('',#5587,9.02);
#5587 = AXIS2_PLACEMENT_3D('',#5588,#5589,#5590);
#5588 = CARTESIAN_POINT('',(6.495,5.995,1.5));
#5589 = DIRECTION('',(0.,0.,1.));
#5590 = DIRECTION('',(1.,0.,0.));
#5591 = PCURVE('',#3250,#5592);
#5592 = DEFINITIONAL_REPRESENTATION('',(#5593),#5597);
#5593 = CIRCLE('',#5594,9.02);
#5594 = AXIS2_PLACEMENT_2D('',#5595,#5596);
#5595 = CARTESIAN_POINT('',(0.,9.02));
#5596 = DIRECTION('',(1.,0.));
#5597 = ( GEOMETRIC_REPRESENTATION_CONTEXT(2) 
PARAMETRIC_REPRESENTATION_CONTEXT() REPRESENTATION_CONTEXT('2D SPACE',''
  ) );
#5598 = PCURVE('',#3222,#5599);
#5599 = DEFINITIONAL_REPRESENTATION('',(#5600),#5604);
#5600 = LINE('',#5601,#5602);
#5601 = CARTESIAN_POINT('',(-0.,-1.15));
#5602 = VECTOR('',#5603,1.);
#5603 = DIRECTION('',(-1.,0.));
#5604 = ( GEOMETRIC_REPRESENTATION_CONTEXT(2) 
PARAMETRIC_REPRESENTATION_CONTEXT() REPRESENTATION_CONTEXT('2D SPACE',''
  ) );
#5605 = ORIENTED_EDGE('',*,*,#3237,.T.);
#5606 = ORIENTED_EDGE('',*,*,#5534,.F.);
#5607 = ORIENTED_EDGE('',*,*,#5608,.T.);
#5608 = EDGE_CURVE('',#5535,#5609,#5611,.T.);
#5609 = VERTEX_POINT('',#5610);
#5610 = CARTESIAN_POINT('',(1.52575709992,-0.3,1.5));
#5611 = SURFACE_CURVE('',#5612,(#5617,#5628),.PCURVE_S1.);
#5612 = CIRCLE('',#5613,8.02);
#5613 = AXIS2_PLACEMENT_3D('',#5614,#5615,#5616);
#5614 = CARTESIAN_POINT('',(6.495,5.995,1.5));
#5615 = DIRECTION('',(0.,0.,-1.));
#5616 = DIRECTION('',(1.,0.,0.));
#5617 = PCURVE('',#3250,#5618);
#5618 = DEFINITIONAL_REPRESENTATION('',(#5619),#5627);
#5619 = ( BOUNDED_CURVE() B_SPLINE_CURVE(2,(#5620,#5621,#5622,#5623,
#5624,#5625,#5626),.UNSPECIFIED.,.T.,.F.) B_SPLINE_CURVE_WITH_KNOTS((1,2
    ,2,2,2,1),(-2.094395102393,0.,2.094395102393,4.188790204786,
6.28318530718,8.377580409573),.UNSPECIFIED.) CURVE() 
GEOMETRIC_REPRESENTATION_ITEM() RATIONAL_B_SPLINE_CURVE((1.,0.5,1.,0.5,
1.,0.5,1.)) REPRESENTATION_ITEM('') );
#5620 = CARTESIAN_POINT('',(8.02,9.02));
#5621 = CARTESIAN_POINT('',(8.02,-4.871047476702));
#5622 = CARTESIAN_POINT('',(-4.01,2.074476261649));
#5623 = CARTESIAN_POINT('',(-16.04,9.02));
#5624 = CARTESIAN_POINT('',(-4.01,15.965523738351));
#5625 = CARTESIAN_POINT('',(8.02,22.911047476702));
#5626 = CARTESIAN_POINT('',(8.02,9.02));
#5627 = ( GEOMETRIC_REPRESENTATION_CONTEXT(2) 
PARAMETRIC_REPRESENTATION_CONTEXT() REPRESENTATION_CONTEXT('2D SPACE',''
  ) );
#5628 = PCURVE('',#5568,#5629);
#5629 = DEFINITIONAL_REPRESENTATION('',(#5630),#5634);
#5630 = LINE('',#5631,#5632);
#5631 = CARTESIAN_POINT('',(-6.28318530718,-1.25));
#5632 = VECTOR('',#5633,1.);
#5633 = DIRECTION('',(1.,-0.));
#5634 = ( GEOMETRIC_REPRESENTATION_CONTEXT(2) 
PARAMETRIC_REPRESENTATION_CONTEXT() REPRESENTATION_CONTEXT('2D SPACE',''
  ) );
#5635 = ORIENTED_EDGE('',*,*,#5636,.T.);
#5636 = EDGE_CURVE('',#5609,#5583,#5637,.T.);
#5637 = SURFACE_CURVE('',#5638,(#5642,#5648),.PCURVE_S1.);
#5638 = LINE('',#5639,#5640);
#5639 = CARTESIAN_POINT('',(3.0975,-0.3,1.5));
#5640 = VECTOR('',#5641,1.);
#5641 = DIRECTION('',(-1.,0.,0.));
#5642 = PCURVE('',#3250,#5643);
#5643 = DEFINITIONAL_REPRESENTATION('',(#5644),#5647);
#5644 = B_SPLINE_CURVE_WITH_KNOTS('',1,(#5645,#5646),.UNSPECIFIED.,.F.,
  .F.,(2,2),(-57.2025,3.3975),.PIECEWISE_BEZIER_KNOTS.);
#5645 = CARTESIAN_POINT('',(53.805,2.725));
#5646 = CARTESIAN_POINT('',(-6.795,2.725));
#5647 = ( GEOMETRIC_REPRESENTATION_CONTEXT(2) 
PARAMETRIC_REPRESENTATION_CONTEXT() REPRESENTATION_CONTEXT('2D SPACE',''
  ) );
#5648 = PCURVE('',#4672,#5649);
#5649 = DEFINITIONAL_REPRESENTATION('',(#5650),#5653);
#5650 = B_SPLINE_CURVE_WITH_KNOTS('',1,(#5651,#5652),.UNSPECIFIED.,.F.,
  .F.,(2,2),(-57.2025,3.3975),.PIECEWISE_BEZIER_KNOTS.);
#5651 = CARTESIAN_POINT('',(1.45,60.6));
#5652 = CARTESIAN_POINT('',(1.45,0.));
#5653 = ( GEOMETRIC_REPRESENTATION_CONTEXT(2) 
PARAMETRIC_REPRESENTATION_CONTEXT() REPRESENTATION_CONTEXT('2D SPACE',''
  ) );
#5654 = ADVANCED_FACE('',(#5655),#3222,.T.);
#5655 = FACE_BOUND('',#5656,.F.);
#5656 = EDGE_LOOP('',(#5657,#5658,#5659,#5678));
#5657 = ORIENTED_EDGE('',*,*,#3200,.F.);
#5658 = ORIENTED_EDGE('',*,*,#4629,.T.);
#5659 = ORIENTED_EDGE('',*,*,#5660,.F.);
#5660 = EDGE_CURVE('',#5583,#4630,#5661,.T.);
#5661 = SURFACE_CURVE('',#5662,(#5666,#5672),.PCURVE_S1.);
#5662 = LINE('',#5663,#5664);
#5663 = CARTESIAN_POINT('',(3.486261755988E-02,-0.3,0.35));
#5664 = VECTOR('',#5665,1.);
#5665 = DIRECTION('',(-0.,-0.,-1.));
#5666 = PCURVE('',#3222,#5667);
#5667 = DEFINITIONAL_REPRESENTATION('',(#5668),#5671);
#5668 = B_SPLINE_CURVE_WITH_KNOTS('',1,(#5669,#5670),.UNSPECIFIED.,.F.,
  .F.,(2,2),(-1.1500006,-8.99994E-02),.PIECEWISE_BEZIER_KNOTS.);
#5669 = CARTESIAN_POINT('',(-3.914044805372,-1.1500006));
#5670 = CARTESIAN_POINT('',(-3.914044805372,-8.99994E-02));
#5671 = ( GEOMETRIC_REPRESENTATION_CONTEXT(2) 
PARAMETRIC_REPRESENTATION_CONTEXT() REPRESENTATION_CONTEXT('2D SPACE',''
  ) );
#5672 = PCURVE('',#4672,#5673);
#5673 = DEFINITIONAL_REPRESENTATION('',(#5674),#5677);
#5674 = B_SPLINE_CURVE_WITH_KNOTS('',1,(#5675,#5676),.UNSPECIFIED.,.F.,
  .F.,(2,2),(-1.1500006,-8.99994E-02),.PIECEWISE_BEZIER_KNOTS.);
#5675 = CARTESIAN_POINT('',(1.4500006,0.33486261756));
#5676 = CARTESIAN_POINT('',(0.3899994,0.33486261756));
#5677 = ( GEOMETRIC_REPRESENTATION_CONTEXT(2) 
PARAMETRIC_REPRESENTATION_CONTEXT() REPRESENTATION_CONTEXT('2D SPACE',''
  ) );
#5678 = ORIENTED_EDGE('',*,*,#5582,.T.);
#5679 = ADVANCED_FACE('',(#5680),#3094,.T.);
#5680 = FACE_BOUND('',#5681,.T.);
#5681 = EDGE_LOOP('',(#5682,#5683,#5684,#5685));
#5682 = ORIENTED_EDGE('',*,*,#3079,.F.);
#5683 = ORIENTED_EDGE('',*,*,#5485,.T.);
#5684 = ORIENTED_EDGE('',*,*,#5441,.T.);
#5685 = ORIENTED_EDGE('',*,*,#5686,.T.);
#5686 = EDGE_CURVE('',#5421,#3051,#5687,.T.);
#5687 = SURFACE_CURVE('',#5688,(#5692,#5698),.PCURVE_S1.);
#5688 = LINE('',#5689,#5690);
#5689 = CARTESIAN_POINT('',(6.495,-2.025,1.5));
#5690 = VECTOR('',#5691,1.);
#5691 = DIRECTION('',(-1.,0.,0.));
#5692 = PCURVE('',#3094,#5693);
#5693 = DEFINITIONAL_REPRESENTATION('',(#5694),#5697);
#5694 = B_SPLINE_CURVE_WITH_KNOTS('',1,(#5695,#5696),.UNSPECIFIED.,.F.,
  .F.,(2,2),(-47.01,0.),.PIECEWISE_BEZIER_KNOTS.);
#5695 = CARTESIAN_POINT('',(47.01,1.));
#5696 = CARTESIAN_POINT('',(0.,1.));
#5697 = ( GEOMETRIC_REPRESENTATION_CONTEXT(2) 
PARAMETRIC_REPRESENTATION_CONTEXT() REPRESENTATION_CONTEXT('2D SPACE',''
  ) );
#5698 = PCURVE('',#3067,#5699);
#5699 = DEFINITIONAL_REPRESENTATION('',(#5700),#5704);
#5700 = LINE('',#5701,#5702);
#5701 = CARTESIAN_POINT('',(1.25,0.));
#5702 = VECTOR('',#5703,1.);
#5703 = DIRECTION('',(0.,-1.));
#5704 = ( GEOMETRIC_REPRESENTATION_CONTEXT(2) 
PARAMETRIC_REPRESENTATION_CONTEXT() REPRESENTATION_CONTEXT('2D SPACE',''
  ) );
#5705 = ADVANCED_FACE('',(#5706),#3067,.T.);
#5706 = FACE_BOUND('',#5707,.T.);
#5707 = EDGE_LOOP('',(#5708,#5709,#5710,#5730));
#5708 = ORIENTED_EDGE('',*,*,#5686,.F.);
#5709 = ORIENTED_EDGE('',*,*,#5420,.T.);
#5710 = ORIENTED_EDGE('',*,*,#5711,.T.);
#5711 = EDGE_CURVE('',#5400,#3025,#5712,.T.);
#5712 = SURFACE_CURVE('',#5713,(#5717,#5724),.PCURVE_S1.);
#5713 = LINE('',#5714,#5715);
#5714 = CARTESIAN_POINT('',(6.4975,-2.025,0.2));
#5715 = VECTOR('',#5716,1.);
#5716 = DIRECTION('',(-1.,0.,0.));
#5717 = PCURVE('',#3067,#5718);
#5718 = DEFINITIONAL_REPRESENTATION('',(#5719),#5723);
#5719 = LINE('',#5720,#5721);
#5720 = CARTESIAN_POINT('',(-5.E-02,2.500000000003E-03));
#5721 = VECTOR('',#5722,1.);
#5722 = DIRECTION('',(0.,-1.));
#5723 = ( GEOMETRIC_REPRESENTATION_CONTEXT(2) 
PARAMETRIC_REPRESENTATION_CONTEXT() REPRESENTATION_CONTEXT('2D SPACE',''
  ) );
#5724 = PCURVE('',#3039,#5725);
#5725 = DEFINITIONAL_REPRESENTATION('',(#5726),#5729);
#5726 = B_SPLINE_CURVE_WITH_KNOTS('',1,(#5727,#5728),.UNSPECIFIED.,.F.,
  .F.,(2,2),(-47.0075,2.500000000003E-03),.PIECEWISE_BEZIER_KNOTS.);
#5727 = CARTESIAN_POINT('',(47.005,-8.025));
#5728 = CARTESIAN_POINT('',(-5.000000000005E-03,-8.025));
#5729 = ( GEOMETRIC_REPRESENTATION_CONTEXT(2) 
PARAMETRIC_REPRESENTATION_CONTEXT() REPRESENTATION_CONTEXT('2D SPACE',''
  ) );
#5730 = ORIENTED_EDGE('',*,*,#3050,.F.);
#5731 = ADVANCED_FACE('',(#5732),#3039,.F.);
#5732 = FACE_BOUND('',#5733,.F.);
#5733 = EDGE_LOOP('',(#5734,#5735,#5736,#5737));
#5734 = ORIENTED_EDGE('',*,*,#5711,.T.);
#5735 = ORIENTED_EDGE('',*,*,#3024,.F.);
#5736 = ORIENTED_EDGE('',*,*,#3570,.T.);
#5737 = ORIENTED_EDGE('',*,*,#5399,.T.);
#5738 = ADVANCED_FACE('',(#5739),#2979,.F.);
#5739 = FACE_BOUND('',#5740,.T.);
#5740 = EDGE_LOOP('',(#5741,#5765,#5793,#5826,#5847,#5880,#5901,#5927,
    #5928));
#5741 = ORIENTED_EDGE('',*,*,#5742,.F.);
#5742 = EDGE_CURVE('',#5743,#3521,#5745,.T.);
#5743 = VERTEX_POINT('',#5744);
#5744 = CARTESIAN_POINT('',(-2.7,6.,-6.7));
#5745 = SURFACE_CURVE('',#5746,(#5751,#5758),.PCURVE_S1.);
#5746 = CIRCLE('',#5747,9.2);
#5747 = AXIS2_PLACEMENT_3D('',#5748,#5749,#5750);
#5748 = CARTESIAN_POINT('',(6.5,6.,-6.7));
#5749 = DIRECTION('',(0.,0.,1.));
#5750 = DIRECTION('',(1.,0.,0.));
#5751 = PCURVE('',#2979,#5752);
#5752 = DEFINITIONAL_REPRESENTATION('',(#5753),#5757);
#5753 = LINE('',#5754,#5755);
#5754 = CARTESIAN_POINT('',(-0.,0.));
#5755 = VECTOR('',#5756,1.);
#5756 = DIRECTION('',(-1.,0.));
#5757 = ( GEOMETRIC_REPRESENTATION_CONTEXT(2) 
PARAMETRIC_REPRESENTATION_CONTEXT() REPRESENTATION_CONTEXT('2D SPACE',''
  ) );
#5758 = PCURVE('',#3536,#5759);
#5759 = DEFINITIONAL_REPRESENTATION('',(#5760),#5764);
#5760 = CIRCLE('',#5761,9.2);
#5761 = AXIS2_PLACEMENT_2D('',#5762,#5763);
#5762 = CARTESIAN_POINT('',(8.881784197001E-16,-8.881784197001E-16));
#5763 = DIRECTION('',(1.,0.));
#5764 = ( GEOMETRIC_REPRESENTATION_CONTEXT(2) 
PARAMETRIC_REPRESENTATION_CONTEXT() REPRESENTATION_CONTEXT('2D SPACE',''
  ) );
#5765 = ORIENTED_EDGE('',*,*,#5766,.T.);
#5766 = EDGE_CURVE('',#5743,#5767,#5769,.T.);
#5767 = VERTEX_POINT('',#5768);
#5768 = CARTESIAN_POINT('',(-2.7,6.,0.2));
#5769 = SURFACE_CURVE('',#5770,(#5774,#5781),.PCURVE_S1.);
#5770 = LINE('',#5771,#5772);
#5771 = CARTESIAN_POINT('',(-2.7,6.,-6.7));
#5772 = VECTOR('',#5773,1.);
#5773 = DIRECTION('',(0.,0.,1.));
#5774 = PCURVE('',#2979,#5775);
#5775 = DEFINITIONAL_REPRESENTATION('',(#5776),#5780);
#5776 = LINE('',#5777,#5778);
#5777 = CARTESIAN_POINT('',(-3.14159265359,0.));
#5778 = VECTOR('',#5779,1.);
#5779 = DIRECTION('',(-0.,-1.));
#5780 = ( GEOMETRIC_REPRESENTATION_CONTEXT(2) 
PARAMETRIC_REPRESENTATION_CONTEXT() REPRESENTATION_CONTEXT('2D SPACE',''
  ) );
#5781 = PCURVE('',#5782,#5787);
#5782 = PLANE('',#5783);
#5783 = AXIS2_PLACEMENT_3D('',#5784,#5785,#5786);
#5784 = CARTESIAN_POINT('',(-2.7,6.,-6.7));
#5785 = DIRECTION('',(1.,0.,0.));
#5786 = DIRECTION('',(0.,0.,1.));
#5787 = DEFINITIONAL_REPRESENTATION('',(#5788),#5792);
#5788 = LINE('',#5789,#5790);
#5789 = CARTESIAN_POINT('',(0.,0.));
#5790 = VECTOR('',#5791,1.);
#5791 = DIRECTION('',(1.,0.));
#5792 = ( GEOMETRIC_REPRESENTATION_CONTEXT(2) 
PARAMETRIC_REPRESENTATION_CONTEXT() REPRESENTATION_CONTEXT('2D SPACE',''
  ) );
#5793 = ORIENTED_EDGE('',*,*,#5794,.F.);
#5794 = EDGE_CURVE('',#5795,#5767,#5797,.T.);
#5795 = VERTEX_POINT('',#5796);
#5796 = CARTESIAN_POINT('',(-0.3,-0.196773353932,0.2));
#5797 = SURFACE_CURVE('',#5798,(#5803,#5810),.PCURVE_S1.);
#5798 = CIRCLE('',#5799,9.2);
#5799 = AXIS2_PLACEMENT_3D('',#5800,#5801,#5802);
#5800 = CARTESIAN_POINT('',(6.5,6.,0.2));
#5801 = DIRECTION('',(0.,0.,-1.));
#5802 = DIRECTION('',(1.,0.,0.));
#5803 = PCURVE('',#2979,#5804);
#5804 = DEFINITIONAL_REPRESENTATION('',(#5805),#5809);
#5805 = LINE('',#5806,#5807);
#5806 = CARTESIAN_POINT('',(-6.28318530718,-6.9));
#5807 = VECTOR('',#5808,1.);
#5808 = DIRECTION('',(1.,-0.));
#5809 = ( GEOMETRIC_REPRESENTATION_CONTEXT(2) 
PARAMETRIC_REPRESENTATION_CONTEXT() REPRESENTATION_CONTEXT('2D SPACE',''
  ) );
#5810 = PCURVE('',#5811,#5816);
#5811 = PLANE('',#5812);
#5812 = AXIS2_PLACEMENT_3D('',#5813,#5814,#5815);
#5813 = CARTESIAN_POINT('',(6.5,6.,0.2));
#5814 = DIRECTION('',(0.,0.,1.));
#5815 = DIRECTION('',(1.,0.,-0.));
#5816 = DEFINITIONAL_REPRESENTATION('',(#5817),#5825);
#5817 = ( BOUNDED_CURVE() B_SPLINE_CURVE(2,(#5818,#5819,#5820,#5821,
#5822,#5823,#5824),.UNSPECIFIED.,.T.,.F.) B_SPLINE_CURVE_WITH_KNOTS((1,2
    ,2,2,2,1),(-2.094395102393,0.,2.094395102393,4.188790204786,
6.28318530718,8.377580409573),.UNSPECIFIED.) CURVE() 
GEOMETRIC_REPRESENTATION_ITEM() RATIONAL_B_SPLINE_CURVE((1.,0.5,1.,0.5,
1.,0.5,1.)) REPRESENTATION_ITEM('') );
#5818 = CARTESIAN_POINT('',(9.2,0.));
#5819 = CARTESIAN_POINT('',(9.2,-15.93486742963));
#5820 = CARTESIAN_POINT('',(-4.6,-7.967433714817));
#5821 = CARTESIAN_POINT('',(-18.4,-2.253350110431E-15));
#5822 = CARTESIAN_POINT('',(-4.6,7.967433714817));
#5823 = CARTESIAN_POINT('',(9.2,15.934867429634));
#5824 = CARTESIAN_POINT('',(9.2,0.));
#5825 = ( GEOMETRIC_REPRESENTATION_CONTEXT(2) 
PARAMETRIC_REPRESENTATION_CONTEXT() REPRESENTATION_CONTEXT('2D SPACE',''
  ) );
#5826 = ORIENTED_EDGE('',*,*,#5827,.T.);
#5827 = EDGE_CURVE('',#5795,#5828,#5830,.T.);
#5828 = VERTEX_POINT('',#5829);
#5829 = CARTESIAN_POINT('',(-0.3,-0.196773353932,5.E-02));
#5830 = SURFACE_CURVE('',#5831,(#5835,#5841),.PCURVE_S1.);
#5831 = LINE('',#5832,#5833);
#5832 = CARTESIAN_POINT('',(-0.3,-0.196773353932,-6.7));
#5833 = VECTOR('',#5834,1.);
#5834 = DIRECTION('',(-0.,-0.,-1.));
#5835 = PCURVE('',#2979,#5836);
#5836 = DEFINITIONAL_REPRESENTATION('',(#5837),#5840);
#5837 = B_SPLINE_CURVE_WITH_KNOTS('',1,(#5838,#5839),.UNSPECIFIED.,.F.,
  .F.,(2,2),(-6.9000006,-6.565),.PIECEWISE_BEZIER_KNOTS.);
#5838 = CARTESIAN_POINT('',(-3.880610532604,-6.9000006));
#5839 = CARTESIAN_POINT('',(-3.880610532604,-6.565));
#5840 = ( GEOMETRIC_REPRESENTATION_CONTEXT(2) 
PARAMETRIC_REPRESENTATION_CONTEXT() REPRESENTATION_CONTEXT('2D SPACE',''
  ) );
#5841 = PCURVE('',#4698,#5842);
#5842 = DEFINITIONAL_REPRESENTATION('',(#5843),#5846);
#5843 = B_SPLINE_CURVE_WITH_KNOTS('',1,(#5844,#5845),.UNSPECIFIED.,.F.,
  .F.,(2,2),(-6.9000006,-6.565),.PIECEWISE_BEZIER_KNOTS.);
#5844 = CARTESIAN_POINT('',(0.1500006,-0.103226646068));
#5845 = CARTESIAN_POINT('',(-0.185,-0.103226646068));
#5846 = ( GEOMETRIC_REPRESENTATION_CONTEXT(2) 
PARAMETRIC_REPRESENTATION_CONTEXT() REPRESENTATION_CONTEXT('2D SPACE',''
  ) );
#5847 = ORIENTED_EDGE('',*,*,#5848,.F.);
#5848 = EDGE_CURVE('',#5849,#5828,#5851,.T.);
#5849 = VERTEX_POINT('',#5850);
#5850 = CARTESIAN_POINT('',(-0.204476116745,-0.3,5.E-02));
#5851 = SURFACE_CURVE('',#5852,(#5857,#5864),.PCURVE_S1.);
#5852 = CIRCLE('',#5853,9.2);
#5853 = AXIS2_PLACEMENT_3D('',#5854,#5855,#5856);
#5854 = CARTESIAN_POINT('',(6.5,6.,5.E-02));
#5855 = DIRECTION('',(0.,0.,-1.));
#5856 = DIRECTION('',(1.,0.,0.));
#5857 = PCURVE('',#2979,#5858);
#5858 = DEFINITIONAL_REPRESENTATION('',(#5859),#5863);
#5859 = LINE('',#5860,#5861);
#5860 = CARTESIAN_POINT('',(-6.28318530718,-6.75));
#5861 = VECTOR('',#5862,1.);
#5862 = DIRECTION('',(1.,-0.));
#5863 = ( GEOMETRIC_REPRESENTATION_CONTEXT(2) 
PARAMETRIC_REPRESENTATION_CONTEXT() REPRESENTATION_CONTEXT('2D SPACE',''
  ) );
#5864 = PCURVE('',#5865,#5870);
#5865 = PLANE('',#5866);
#5866 = AXIS2_PLACEMENT_3D('',#5867,#5868,#5869);
#5867 = CARTESIAN_POINT('',(-0.3,-0.3,5.E-02));
#5868 = DIRECTION('',(0.,0.,1.));
#5869 = DIRECTION('',(1.,0.,0.));
#5870 = DEFINITIONAL_REPRESENTATION('',(#5871),#5879);
#5871 = ( BOUNDED_CURVE() B_SPLINE_CURVE(2,(#5872,#5873,#5874,#5875,
#5876,#5877,#5878),.UNSPECIFIED.,.T.,.F.) B_SPLINE_CURVE_WITH_KNOTS((1,2
    ,2,2,2,1),(-2.094395102393,0.,2.094395102393,4.188790204786,
6.28318530718,8.377580409573),.UNSPECIFIED.) CURVE() 
GEOMETRIC_REPRESENTATION_ITEM() RATIONAL_B_SPLINE_CURVE((1.,0.5,1.,0.5,
1.,0.5,1.)) REPRESENTATION_ITEM('') );
#5872 = CARTESIAN_POINT('',(16.,6.3));
#5873 = CARTESIAN_POINT('',(16.,-9.634867429634));
#5874 = CARTESIAN_POINT('',(2.2,-1.667433714817));
#5875 = CARTESIAN_POINT('',(-11.6,6.3));
#5876 = CARTESIAN_POINT('',(2.2,14.267433714817));
#5877 = CARTESIAN_POINT('',(16.,22.234867429634));
#5878 = CARTESIAN_POINT('',(16.,6.3));
#5879 = ( GEOMETRIC_REPRESENTATION_CONTEXT(2) 
PARAMETRIC_REPRESENTATION_CONTEXT() REPRESENTATION_CONTEXT('2D SPACE',''
  ) );
#5880 = ORIENTED_EDGE('',*,*,#5881,.F.);
#5881 = EDGE_CURVE('',#5882,#5849,#5884,.T.);
#5882 = VERTEX_POINT('',#5883);
#5883 = CARTESIAN_POINT('',(-0.204476116745,-0.3,0.2));
#5884 = SURFACE_CURVE('',#5885,(#5889,#5895),.PCURVE_S1.);
#5885 = LINE('',#5886,#5887);
#5886 = CARTESIAN_POINT('',(-0.204476116745,-0.3,-6.7));
#5887 = VECTOR('',#5888,1.);
#5888 = DIRECTION('',(-0.,-0.,-1.));
#5889 = PCURVE('',#2979,#5890);
#5890 = DEFINITIONAL_REPRESENTATION('',(#5891),#5894);
#5891 = B_SPLINE_CURVE_WITH_KNOTS('',1,(#5892,#5893),.UNSPECIFIED.,.F.,
  .F.,(2,2),(-6.9000006,-6.565),.PIECEWISE_BEZIER_KNOTS.);
#5892 = CARTESIAN_POINT('',(-3.895898002443,-6.9000006));
#5893 = CARTESIAN_POINT('',(-3.895898002443,-6.565));
#5894 = ( GEOMETRIC_REPRESENTATION_CONTEXT(2) 
PARAMETRIC_REPRESENTATION_CONTEXT() REPRESENTATION_CONTEXT('2D SPACE',''
  ) );
#5895 = PCURVE('',#4672,#5896);
#5896 = DEFINITIONAL_REPRESENTATION('',(#5897),#5900);
#5897 = B_SPLINE_CURVE_WITH_KNOTS('',1,(#5898,#5899),.UNSPECIFIED.,.F.,
  .F.,(2,2),(-6.9000006,-6.565),.PIECEWISE_BEZIER_KNOTS.);
#5898 = CARTESIAN_POINT('',(0.1500006,9.55238832553E-02));
#5899 = CARTESIAN_POINT('',(-0.185,9.55238832553E-02));
#5900 = ( GEOMETRIC_REPRESENTATION_CONTEXT(2) 
PARAMETRIC_REPRESENTATION_CONTEXT() REPRESENTATION_CONTEXT('2D SPACE',''
  ) );
#5901 = ORIENTED_EDGE('',*,*,#5902,.F.);
#5902 = EDGE_CURVE('',#2920,#5882,#5903,.T.);
#5903 = SURFACE_CURVE('',#5904,(#5909,#5916),.PCURVE_S1.);
#5904 = CIRCLE('',#5905,9.2);
#5905 = AXIS2_PLACEMENT_3D('',#5906,#5907,#5908);
#5906 = CARTESIAN_POINT('',(6.5,6.,0.2));
#5907 = DIRECTION('',(0.,0.,-1.));
#5908 = DIRECTION('',(1.,0.,0.));
#5909 = PCURVE('',#2979,#5910);
#5910 = DEFINITIONAL_REPRESENTATION('',(#5911),#5915);
#5911 = LINE('',#5912,#5913);
#5912 = CARTESIAN_POINT('',(-6.28318530718,-6.9));
#5913 = VECTOR('',#5914,1.);
#5914 = DIRECTION('',(1.,-0.));
#5915 = ( GEOMETRIC_REPRESENTATION_CONTEXT(2) 
PARAMETRIC_REPRESENTATION_CONTEXT() REPRESENTATION_CONTEXT('2D SPACE',''
  ) );
#5916 = PCURVE('',#2934,#5917);
#5917 = DEFINITIONAL_REPRESENTATION('',(#5918),#5926);
#5918 = ( BOUNDED_CURVE() B_SPLINE_CURVE(2,(#5919,#5920,#5921,#5922,
#5923,#5924,#5925),.UNSPECIFIED.,.T.,.F.) B_SPLINE_CURVE_WITH_KNOTS((1,2
    ,2,2,2,1),(-2.094395102393,0.,2.094395102393,4.188790204786,
6.28318530718,8.377580409573),.UNSPECIFIED.) CURVE() 
GEOMETRIC_REPRESENTATION_ITEM() RATIONAL_B_SPLINE_CURVE((1.,0.5,1.,0.5,
1.,0.5,1.)) REPRESENTATION_ITEM('') );
#5919 = CARTESIAN_POINT('',(9.2,0.));
#5920 = CARTESIAN_POINT('',(9.2,-15.93486742963));
#5921 = CARTESIAN_POINT('',(-4.6,-7.967433714817));
#5922 = CARTESIAN_POINT('',(-18.4,-2.253350110431E-15));
#5923 = CARTESIAN_POINT('',(-4.6,7.967433714817));
#5924 = CARTESIAN_POINT('',(9.2,15.934867429634));
#5925 = CARTESIAN_POINT('',(9.2,0.));
#5926 = ( GEOMETRIC_REPRESENTATION_CONTEXT(2) 
PARAMETRIC_REPRESENTATION_CONTEXT() REPRESENTATION_CONTEXT('2D SPACE',''
  ) );
#5927 = ORIENTED_EDGE('',*,*,#2945,.F.);
#5928 = ORIENTED_EDGE('',*,*,#3548,.F.);
#5929 = ADVANCED_FACE('',(#5930),#2934,.F.);
#5930 = FACE_BOUND('',#5931,.F.);
#5931 = EDGE_LOOP('',(#5932,#5933,#5961,#5980,#5981));
#5932 = ORIENTED_EDGE('',*,*,#5512,.F.);
#5933 = ORIENTED_EDGE('',*,*,#5934,.T.);
#5934 = EDGE_CURVE('',#5513,#5935,#5937,.T.);
#5935 = VERTEX_POINT('',#5936);
#5936 = CARTESIAN_POINT('',(1.52575709992,-0.3,0.2));
#5937 = SURFACE_CURVE('',#5938,(#5943,#5954),.PCURVE_S1.);
#5938 = CIRCLE('',#5939,8.02);
#5939 = AXIS2_PLACEMENT_3D('',#5940,#5941,#5942);
#5940 = CARTESIAN_POINT('',(6.495,5.995,0.2));
#5941 = DIRECTION('',(0.,0.,-1.));
#5942 = DIRECTION('',(1.,0.,0.));
#5943 = PCURVE('',#2934,#5944);
#5944 = DEFINITIONAL_REPRESENTATION('',(#5945),#5953);
#5945 = ( BOUNDED_CURVE() B_SPLINE_CURVE(2,(#5946,#5947,#5948,#5949,
#5950,#5951,#5952),.UNSPECIFIED.,.T.,.F.) B_SPLINE_CURVE_WITH_KNOTS((1,2
    ,2,2,2,1),(-2.094395102393,0.,2.094395102393,4.188790204786,
6.28318530718,8.377580409573),.UNSPECIFIED.) CURVE() 
GEOMETRIC_REPRESENTATION_ITEM() RATIONAL_B_SPLINE_CURVE((1.,0.5,1.,0.5,
1.,0.5,1.)) REPRESENTATION_ITEM('') );
#5946 = CARTESIAN_POINT('',(8.015,-5.00000000001E-03));
#5947 = CARTESIAN_POINT('',(8.015,-13.8960474767));
#5948 = CARTESIAN_POINT('',(-4.015,-6.950523738351));
#5949 = CARTESIAN_POINT('',(-16.045,-5.000000000012E-03));
#5950 = CARTESIAN_POINT('',(-4.015,6.940523738351));
#5951 = CARTESIAN_POINT('',(8.015,13.886047476702));
#5952 = CARTESIAN_POINT('',(8.015,-5.00000000001E-03));
#5953 = ( GEOMETRIC_REPRESENTATION_CONTEXT(2) 
PARAMETRIC_REPRESENTATION_CONTEXT() REPRESENTATION_CONTEXT('2D SPACE',''
  ) );
#5954 = PCURVE('',#5568,#5955);
#5955 = DEFINITIONAL_REPRESENTATION('',(#5956),#5960);
#5956 = LINE('',#5957,#5958);
#5957 = CARTESIAN_POINT('',(-6.28318530718,5.E-02));
#5958 = VECTOR('',#5959,1.);
#5959 = DIRECTION('',(1.,-0.));
#5960 = ( GEOMETRIC_REPRESENTATION_CONTEXT(2) 
PARAMETRIC_REPRESENTATION_CONTEXT() REPRESENTATION_CONTEXT('2D SPACE',''
  ) );
#5961 = ORIENTED_EDGE('',*,*,#5962,.T.);
#5962 = EDGE_CURVE('',#5935,#5882,#5963,.T.);
#5963 = SURFACE_CURVE('',#5964,(#5968,#5974),.PCURVE_S1.);
#5964 = LINE('',#5965,#5966);
#5965 = CARTESIAN_POINT('',(3.1,-0.3,0.2));
#5966 = VECTOR('',#5967,1.);
#5967 = DIRECTION('',(-1.,0.,0.));
#5968 = PCURVE('',#2934,#5969);
#5969 = DEFINITIONAL_REPRESENTATION('',(#5970),#5973);
#5970 = B_SPLINE_CURVE_WITH_KNOTS('',1,(#5971,#5972),.UNSPECIFIED.,.F.,
  .F.,(2,2),(-57.2,3.4),.PIECEWISE_BEZIER_KNOTS.);
#5971 = CARTESIAN_POINT('',(53.8,-6.3));
#5972 = CARTESIAN_POINT('',(-6.8,-6.3));
#5973 = ( GEOMETRIC_REPRESENTATION_CONTEXT(2) 
PARAMETRIC_REPRESENTATION_CONTEXT() REPRESENTATION_CONTEXT('2D SPACE',''
  ) );
#5974 = PCURVE('',#4672,#5975);
#5975 = DEFINITIONAL_REPRESENTATION('',(#5976),#5979);
#5976 = B_SPLINE_CURVE_WITH_KNOTS('',1,(#5977,#5978),.UNSPECIFIED.,.F.,
  .F.,(2,2),(-57.2,3.4),.PIECEWISE_BEZIER_KNOTS.);
#5977 = CARTESIAN_POINT('',(0.15,60.6));
#5978 = CARTESIAN_POINT('',(0.15,0.));
#5979 = ( GEOMETRIC_REPRESENTATION_CONTEXT(2) 
PARAMETRIC_REPRESENTATION_CONTEXT() REPRESENTATION_CONTEXT('2D SPACE',''
  ) );
#5980 = ORIENTED_EDGE('',*,*,#5902,.F.);
#5981 = ORIENTED_EDGE('',*,*,#2919,.T.);
#5982 = ADVANCED_FACE('',(#5983,#6056,#6091,#6126,#6161,#6399,#6434,
    #6672),#3536,.T.);
#5983 = FACE_BOUND('',#5984,.T.);
#5984 = EDGE_LOOP('',(#5985,#5986,#6010,#6031,#6032,#6033,#6034,#6055));
#5985 = ORIENTED_EDGE('',*,*,#4300,.F.);
#5986 = ORIENTED_EDGE('',*,*,#5987,.T.);
#5987 = EDGE_CURVE('',#4301,#5988,#5990,.T.);
#5988 = VERTEX_POINT('',#5989);
#5989 = CARTESIAN_POINT('',(-2.7,99.,-6.7));
#5990 = SURFACE_CURVE('',#5991,(#5996,#6003),.PCURVE_S1.);
#5991 = CIRCLE('',#5992,9.2);
#5992 = AXIS2_PLACEMENT_3D('',#5993,#5994,#5995);
#5993 = CARTESIAN_POINT('',(6.5,99.,-6.7));
#5994 = DIRECTION('',(0.,0.,1.));
#5995 = DIRECTION('',(1.,0.,0.));
#5996 = PCURVE('',#3536,#5997);
#5997 = DEFINITIONAL_REPRESENTATION('',(#5998),#6002);
#5998 = CIRCLE('',#5999,9.2);
#5999 = AXIS2_PLACEMENT_2D('',#6000,#6001);
#6000 = CARTESIAN_POINT('',(8.881784197001E-16,93.));
#6001 = DIRECTION('',(1.,0.));
#6002 = ( GEOMETRIC_REPRESENTATION_CONTEXT(2) 
PARAMETRIC_REPRESENTATION_CONTEXT() REPRESENTATION_CONTEXT('2D SPACE',''
  ) );
#6003 = PCURVE('',#4339,#6004);
#6004 = DEFINITIONAL_REPRESENTATION('',(#6005),#6009);
#6005 = LINE('',#6006,#6007);
#6006 = CARTESIAN_POINT('',(-0.,0.));
#6007 = VECTOR('',#6008,1.);
#6008 = DIRECTION('',(-1.,0.));
#6009 = ( GEOMETRIC_REPRESENTATION_CONTEXT(2) 
PARAMETRIC_REPRESENTATION_CONTEXT() REPRESENTATION_CONTEXT('2D SPACE',''
  ) );
#6010 = ORIENTED_EDGE('',*,*,#6011,.F.);
#6011 = EDGE_CURVE('',#5743,#5988,#6012,.T.);
#6012 = SURFACE_CURVE('',#6013,(#6017,#6024),.PCURVE_S1.);
#6013 = LINE('',#6014,#6015);
#6014 = CARTESIAN_POINT('',(-2.7,6.,-6.7));
#6015 = VECTOR('',#6016,1.);
#6016 = DIRECTION('',(0.,1.,0.));
#6017 = PCURVE('',#3536,#6018);
#6018 = DEFINITIONAL_REPRESENTATION('',(#6019),#6023);
#6019 = LINE('',#6020,#6021);
#6020 = CARTESIAN_POINT('',(-9.2,-8.881784197001E-16));
#6021 = VECTOR('',#6022,1.);
#6022 = DIRECTION('',(0.,1.));
#6023 = ( GEOMETRIC_REPRESENTATION_CONTEXT(2) 
PARAMETRIC_REPRESENTATION_CONTEXT() REPRESENTATION_CONTEXT('2D SPACE',''
  ) );
#6024 = PCURVE('',#5782,#6025);
#6025 = DEFINITIONAL_REPRESENTATION('',(#6026),#6030);
#6026 = LINE('',#6027,#6028);
#6027 = CARTESIAN_POINT('',(0.,0.));
#6028 = VECTOR('',#6029,1.);
#6029 = DIRECTION('',(0.,-1.));
#6030 = ( GEOMETRIC_REPRESENTATION_CONTEXT(2) 
PARAMETRIC_REPRESENTATION_CONTEXT() REPRESENTATION_CONTEXT('2D SPACE',''
  ) );
#6031 = ORIENTED_EDGE('',*,*,#5742,.T.);
#6032 = ORIENTED_EDGE('',*,*,#3520,.T.);
#6033 = ORIENTED_EDGE('',*,*,#3683,.T.);
#6034 = ORIENTED_EDGE('',*,*,#6035,.T.);
#6035 = EDGE_CURVE('',#3655,#3985,#6036,.T.);
#6036 = SURFACE_CURVE('',#6037,(#6041,#6048),.PCURVE_S1.);
#6037 = LINE('',#6038,#6039);
#6038 = CARTESIAN_POINT('',(62.7,6.,-6.7));
#6039 = VECTOR('',#6040,1.);
#6040 = DIRECTION('',(0.,1.,0.));
#6041 = PCURVE('',#3536,#6042);
#6042 = DEFINITIONAL_REPRESENTATION('',(#6043),#6047);
#6043 = LINE('',#6044,#6045);
#6044 = CARTESIAN_POINT('',(56.2,-8.881784197001E-16));
#6045 = VECTOR('',#6046,1.);
#6046 = DIRECTION('',(0.,1.));
#6047 = ( GEOMETRIC_REPRESENTATION_CONTEXT(2) 
PARAMETRIC_REPRESENTATION_CONTEXT() REPRESENTATION_CONTEXT('2D SPACE',''
  ) );
#6048 = PCURVE('',#3671,#6049);
#6049 = DEFINITIONAL_REPRESENTATION('',(#6050),#6054);
#6050 = LINE('',#6051,#6052);
#6051 = CARTESIAN_POINT('',(0.,0.));
#6052 = VECTOR('',#6053,1.);
#6053 = DIRECTION('',(0.,-1.));
#6054 = ( GEOMETRIC_REPRESENTATION_CONTEXT(2) 
PARAMETRIC_REPRESENTATION_CONTEXT() REPRESENTATION_CONTEXT('2D SPACE',''
  ) );
#6055 = ORIENTED_EDGE('',*,*,#3984,.T.);
#6056 = FACE_BOUND('',#6057,.T.);
#6057 = EDGE_LOOP('',(#6058));
#6058 = ORIENTED_EDGE('',*,*,#6059,.T.);
#6059 = EDGE_CURVE('',#6060,#6060,#6062,.T.);
#6060 = VERTEX_POINT('',#6061);
#6061 = CARTESIAN_POINT('',(39.,20.,-6.7));
#6062 = SURFACE_CURVE('',#6063,(#6068,#6079),.PCURVE_S1.);
#6063 = CIRCLE('',#6064,17.5);
#6064 = AXIS2_PLACEMENT_3D('',#6065,#6066,#6067);
#6065 = CARTESIAN_POINT('',(21.5,20.,-6.7));
#6066 = DIRECTION('',(0.,0.,-1.));
#6067 = DIRECTION('',(1.,0.,0.));
#6068 = PCURVE('',#3536,#6069);
#6069 = DEFINITIONAL_REPRESENTATION('',(#6070),#6078);
#6070 = ( BOUNDED_CURVE() B_SPLINE_CURVE(2,(#6071,#6072,#6073,#6074,
#6075,#6076,#6077),.UNSPECIFIED.,.T.,.F.) B_SPLINE_CURVE_WITH_KNOTS((1,2
    ,2,2,2,1),(-2.094395102393,0.,2.094395102393,4.188790204786,
6.28318530718,8.377580409573),.UNSPECIFIED.) CURVE() 
GEOMETRIC_REPRESENTATION_ITEM() RATIONAL_B_SPLINE_CURVE((1.,0.5,1.,0.5,
1.,0.5,1.)) REPRESENTATION_ITEM('') );
#6071 = CARTESIAN_POINT('',(32.5,14.));
#6072 = CARTESIAN_POINT('',(32.5,-16.31088913245));
#6073 = CARTESIAN_POINT('',(6.25,-1.155444566228));
#6074 = CARTESIAN_POINT('',(-20.,14.));
#6075 = CARTESIAN_POINT('',(6.25,29.155444566228));
#6076 = CARTESIAN_POINT('',(32.5,44.310889132455));
#6077 = CARTESIAN_POINT('',(32.5,14.));
#6078 = ( GEOMETRIC_REPRESENTATION_CONTEXT(2) 
PARAMETRIC_REPRESENTATION_CONTEXT() REPRESENTATION_CONTEXT('2D SPACE',''
  ) );
#6079 = PCURVE('',#6080,#6085);
#6080 = CYLINDRICAL_SURFACE('',#6081,17.5);
#6081 = AXIS2_PLACEMENT_3D('',#6082,#6083,#6084);
#6082 = CARTESIAN_POINT('',(21.5,20.,-11.95));
#6083 = DIRECTION('',(-0.,-0.,-1.));
#6084 = DIRECTION('',(1.,0.,0.));
#6085 = DEFINITIONAL_REPRESENTATION('',(#6086),#6090);
#6086 = LINE('',#6087,#6088);
#6087 = CARTESIAN_POINT('',(-6.28318530718,-5.25));
#6088 = VECTOR('',#6089,1.);
#6089 = DIRECTION('',(1.,-0.));
#6090 = ( GEOMETRIC_REPRESENTATION_CONTEXT(2) 
PARAMETRIC_REPRESENTATION_CONTEXT() REPRESENTATION_CONTEXT('2D SPACE',''
  ) );
#6091 = FACE_BOUND('',#6092,.T.);
#6092 = EDGE_LOOP('',(#6093));
#6093 = ORIENTED_EDGE('',*,*,#6094,.T.);
#6094 = EDGE_CURVE('',#6095,#6095,#6097,.T.);
#6095 = VERTEX_POINT('',#6096);
#6096 = CARTESIAN_POINT('',(9.,37.,-6.7));
#6097 = SURFACE_CURVE('',#6098,(#6103,#6114),.PCURVE_S1.);
#6098 = CIRCLE('',#6099,3.);
#6099 = AXIS2_PLACEMENT_3D('',#6100,#6101,#6102);
#6100 = CARTESIAN_POINT('',(6.,37.,-6.7));
#6101 = DIRECTION('',(0.,0.,-1.));
#6102 = DIRECTION('',(1.,0.,0.));
#6103 = PCURVE('',#3536,#6104);
#6104 = DEFINITIONAL_REPRESENTATION('',(#6105),#6113);
#6105 = ( BOUNDED_CURVE() B_SPLINE_CURVE(2,(#6106,#6107,#6108,#6109,
#6110,#6111,#6112),.UNSPECIFIED.,.T.,.F.) B_SPLINE_CURVE_WITH_KNOTS((1,2
    ,2,2,2,1),(-2.094395102393,0.,2.094395102393,4.188790204786,
6.28318530718,8.377580409573),.UNSPECIFIED.) CURVE() 
GEOMETRIC_REPRESENTATION_ITEM() RATIONAL_B_SPLINE_CURVE((1.,0.5,1.,0.5,
1.,0.5,1.)) REPRESENTATION_ITEM('') );
#6106 = CARTESIAN_POINT('',(2.5,31.));
#6107 = CARTESIAN_POINT('',(2.5,25.803847577293));
#6108 = CARTESIAN_POINT('',(-2.,28.401923788647));
#6109 = CARTESIAN_POINT('',(-6.5,31.));
#6110 = CARTESIAN_POINT('',(-2.,33.598076211353));
#6111 = CARTESIAN_POINT('',(2.5,36.196152422707));
#6112 = CARTESIAN_POINT('',(2.5,31.));
#6113 = ( GEOMETRIC_REPRESENTATION_CONTEXT(2) 
PARAMETRIC_REPRESENTATION_CONTEXT() REPRESENTATION_CONTEXT('2D SPACE',''
  ) );
#6114 = PCURVE('',#6115,#6120);
#6115 = CYLINDRICAL_SURFACE('',#6116,3.);
#6116 = AXIS2_PLACEMENT_3D('',#6117,#6118,#6119);
#6117 = CARTESIAN_POINT('',(6.,37.,-7.));
#6118 = DIRECTION('',(-0.,-0.,-1.));
#6119 = DIRECTION('',(1.,0.,0.));
#6120 = DEFINITIONAL_REPRESENTATION('',(#6121),#6125);
#6121 = LINE('',#6122,#6123);
#6122 = CARTESIAN_POINT('',(-6.28318530718,-0.3));
#6123 = VECTOR('',#6124,1.);
#6124 = DIRECTION('',(1.,-0.));
#6125 = ( GEOMETRIC_REPRESENTATION_CONTEXT(2) 
PARAMETRIC_REPRESENTATION_CONTEXT() REPRESENTATION_CONTEXT('2D SPACE',''
  ) );
#6126 = FACE_BOUND('',#6127,.T.);
#6127 = EDGE_LOOP('',(#6128));
#6128 = ORIENTED_EDGE('',*,*,#6129,.T.);
#6129 = EDGE_CURVE('',#6130,#6130,#6132,.T.);
#6130 = VERTEX_POINT('',#6131);
#6131 = CARTESIAN_POINT('',(57.,37.,-6.7));
#6132 = SURFACE_CURVE('',#6133,(#6138,#6149),.PCURVE_S1.);
#6133 = CIRCLE('',#6134,3.);
#6134 = AXIS2_PLACEMENT_3D('',#6135,#6136,#6137);
#6135 = CARTESIAN_POINT('',(54.,37.,-6.7));
#6136 = DIRECTION('',(0.,0.,-1.));
#6137 = DIRECTION('',(1.,0.,0.));
#6138 = PCURVE('',#3536,#6139);
#6139 = DEFINITIONAL_REPRESENTATION('',(#6140),#6148);
#6140 = ( BOUNDED_CURVE() B_SPLINE_CURVE(2,(#6141,#6142,#6143,#6144,
#6145,#6146,#6147),.UNSPECIFIED.,.T.,.F.) B_SPLINE_CURVE_WITH_KNOTS((1,2
    ,2,2,2,1),(-2.094395102393,0.,2.094395102393,4.188790204786,
6.28318530718,8.377580409573),.UNSPECIFIED.) CURVE() 
GEOMETRIC_REPRESENTATION_ITEM() RATIONAL_B_SPLINE_CURVE((1.,0.5,1.,0.5,
1.,0.5,1.)) REPRESENTATION_ITEM('') );
#6141 = CARTESIAN_POINT('',(50.5,31.));
#6142 = CARTESIAN_POINT('',(50.5,25.803847577293));
#6143 = CARTESIAN_POINT('',(46.,28.401923788647));
#6144 = CARTESIAN_POINT('',(41.5,31.));
#6145 = CARTESIAN_POINT('',(46.,33.598076211353));
#6146 = CARTESIAN_POINT('',(50.5,36.196152422707));
#6147 = CARTESIAN_POINT('',(50.5,31.));
#6148 = ( GEOMETRIC_REPRESENTATION_CONTEXT(2) 
PARAMETRIC_REPRESENTATION_CONTEXT() REPRESENTATION_CONTEXT('2D SPACE',''
  ) );
#6149 = PCURVE('',#6150,#6155);
#6150 = CYLINDRICAL_SURFACE('',#6151,3.);
#6151 = AXIS2_PLACEMENT_3D('',#6152,#6153,#6154);
#6152 = CARTESIAN_POINT('',(54.,37.,-7.));
#6153 = DIRECTION('',(-0.,-0.,-1.));
#6154 = DIRECTION('',(1.,0.,0.));
#6155 = DEFINITIONAL_REPRESENTATION('',(#6156),#6160);
#6156 = LINE('',#6157,#6158);
#6157 = CARTESIAN_POINT('',(-6.28318530718,-0.3));
#6158 = VECTOR('',#6159,1.);
#6159 = DIRECTION('',(1.,-0.));
#6160 = ( GEOMETRIC_REPRESENTATION_CONTEXT(2) 
PARAMETRIC_REPRESENTATION_CONTEXT() REPRESENTATION_CONTEXT('2D SPACE',''
  ) );
#6161 = FACE_BOUND('',#6162,.T.);
#6162 = EDGE_LOOP('',(#6163,#6191,#6224,#6250,#6283,#6309,#6342,#6368));
#6163 = ORIENTED_EDGE('',*,*,#6164,.F.);
#6164 = EDGE_CURVE('',#6165,#6167,#6169,.T.);
#6165 = VERTEX_POINT('',#6166);
#6166 = CARTESIAN_POINT('',(41.,97.,-6.7));
#6167 = VERTEX_POINT('',#6168);
#6168 = CARTESIAN_POINT('',(19.,97.,-6.7));
#6169 = SURFACE_CURVE('',#6170,(#6174,#6180),.PCURVE_S1.);
#6170 = LINE('',#6171,#6172);
#6171 = CARTESIAN_POINT('',(12.75,97.,-6.7));
#6172 = VECTOR('',#6173,1.);
#6173 = DIRECTION('',(-1.,0.,0.));
#6174 = PCURVE('',#3536,#6175);
#6175 = DEFINITIONAL_REPRESENTATION('',(#6176),#6179);
#6176 = B_SPLINE_CURVE_WITH_KNOTS('',1,(#6177,#6178),.UNSPECIFIED.,.F.,
  .F.,(2,2),(-28.25,-6.25),.PIECEWISE_BEZIER_KNOTS.);
#6177 = CARTESIAN_POINT('',(34.5,91.));
#6178 = CARTESIAN_POINT('',(12.5,91.));
#6179 = ( GEOMETRIC_REPRESENTATION_CONTEXT(2) 
PARAMETRIC_REPRESENTATION_CONTEXT() REPRESENTATION_CONTEXT('2D SPACE',''
  ) );
#6180 = PCURVE('',#6181,#6186);
#6181 = PLANE('',#6182);
#6182 = AXIS2_PLACEMENT_3D('',#6183,#6184,#6185);
#6183 = CARTESIAN_POINT('',(19.,97.,-12.));
#6184 = DIRECTION('',(0.,1.,0.));
#6185 = DIRECTION('',(0.,0.,1.));
#6186 = DEFINITIONAL_REPRESENTATION('',(#6187),#6190);
#6187 = B_SPLINE_CURVE_WITH_KNOTS('',1,(#6188,#6189),.UNSPECIFIED.,.F.,
  .F.,(2,2),(-28.25,-6.25),.PIECEWISE_BEZIER_KNOTS.);
#6188 = CARTESIAN_POINT('',(5.3,22.));
#6189 = CARTESIAN_POINT('',(5.3,0.));
#6190 = ( GEOMETRIC_REPRESENTATION_CONTEXT(2) 
PARAMETRIC_REPRESENTATION_CONTEXT() REPRESENTATION_CONTEXT('2D SPACE',''
  ) );
#6191 = ORIENTED_EDGE('',*,*,#6192,.T.);
#6192 = EDGE_CURVE('',#6165,#6193,#6195,.T.);
#6193 = VERTEX_POINT('',#6194);
#6194 = CARTESIAN_POINT('',(49.,89.,-6.7));
#6195 = SURFACE_CURVE('',#6196,(#6201,#6212),.PCURVE_S1.);
#6196 = CIRCLE('',#6197,8.);
#6197 = AXIS2_PLACEMENT_3D('',#6198,#6199,#6200);
#6198 = CARTESIAN_POINT('',(41.,89.,-6.7));
#6199 = DIRECTION('',(0.,0.,-1.));
#6200 = DIRECTION('',(1.,0.,0.));
#6201 = PCURVE('',#3536,#6202);
#6202 = DEFINITIONAL_REPRESENTATION('',(#6203),#6211);
#6203 = ( BOUNDED_CURVE() B_SPLINE_CURVE(2,(#6204,#6205,#6206,#6207,
#6208,#6209,#6210),.UNSPECIFIED.,.T.,.F.) B_SPLINE_CURVE_WITH_KNOTS((1,2
    ,2,2,2,1),(-2.094395102393,0.,2.094395102393,4.188790204786,
6.28318530718,8.377580409573),.UNSPECIFIED.) CURVE() 
GEOMETRIC_REPRESENTATION_ITEM() RATIONAL_B_SPLINE_CURVE((1.,0.5,1.,0.5,
1.,0.5,1.)) REPRESENTATION_ITEM('') );
#6204 = CARTESIAN_POINT('',(42.5,83.));
#6205 = CARTESIAN_POINT('',(42.5,69.143593539449));
#6206 = CARTESIAN_POINT('',(30.5,76.071796769724));
#6207 = CARTESIAN_POINT('',(18.5,83.));
#6208 = CARTESIAN_POINT('',(30.5,89.928203230276));
#6209 = CARTESIAN_POINT('',(42.5,96.856406460551));
#6210 = CARTESIAN_POINT('',(42.5,83.));
#6211 = ( GEOMETRIC_REPRESENTATION_CONTEXT(2) 
PARAMETRIC_REPRESENTATION_CONTEXT() REPRESENTATION_CONTEXT('2D SPACE',''
  ) );
#6212 = PCURVE('',#6213,#6218);
#6213 = CYLINDRICAL_SURFACE('',#6214,8.);
#6214 = AXIS2_PLACEMENT_3D('',#6215,#6216,#6217);
#6215 = CARTESIAN_POINT('',(41.,89.,-12.));
#6216 = DIRECTION('',(-0.,-0.,-1.));
#6217 = DIRECTION('',(1.,0.,0.));
#6218 = DEFINITIONAL_REPRESENTATION('',(#6219),#6223);
#6219 = LINE('',#6220,#6221);
#6220 = CARTESIAN_POINT('',(-6.28318530718,-5.3));
#6221 = VECTOR('',#6222,1.);
#6222 = DIRECTION('',(1.,-0.));
#6223 = ( GEOMETRIC_REPRESENTATION_CONTEXT(2) 
PARAMETRIC_REPRESENTATION_CONTEXT() REPRESENTATION_CONTEXT('2D SPACE',''
  ) );
#6224 = ORIENTED_EDGE('',*,*,#6225,.F.);
#6225 = EDGE_CURVE('',#6226,#6193,#6228,.T.);
#6226 = VERTEX_POINT('',#6227);
#6227 = CARTESIAN_POINT('',(49.,51.,-6.7));
#6228 = SURFACE_CURVE('',#6229,(#6233,#6239),.PCURVE_S1.);
#6229 = LINE('',#6230,#6231);
#6230 = CARTESIAN_POINT('',(49.,28.5,-6.7));
#6231 = VECTOR('',#6232,1.);
#6232 = DIRECTION('',(0.,1.,0.));
#6233 = PCURVE('',#3536,#6234);
#6234 = DEFINITIONAL_REPRESENTATION('',(#6235),#6238);
#6235 = B_SPLINE_CURVE_WITH_KNOTS('',1,(#6236,#6237),.UNSPECIFIED.,.F.,
  .F.,(2,2),(22.5,60.5),.PIECEWISE_BEZIER_KNOTS.);
#6236 = CARTESIAN_POINT('',(42.5,45.));
#6237 = CARTESIAN_POINT('',(42.5,83.));
#6238 = ( GEOMETRIC_REPRESENTATION_CONTEXT(2) 
PARAMETRIC_REPRESENTATION_CONTEXT() REPRESENTATION_CONTEXT('2D SPACE',''
  ) );
#6239 = PCURVE('',#6240,#6245);
#6240 = PLANE('',#6241);
#6241 = AXIS2_PLACEMENT_3D('',#6242,#6243,#6244);
#6242 = CARTESIAN_POINT('',(49.,51.,-12.));
#6243 = DIRECTION('',(1.,0.,0.));
#6244 = DIRECTION('',(0.,0.,1.));
#6245 = DEFINITIONAL_REPRESENTATION('',(#6246),#6249);
#6246 = B_SPLINE_CURVE_WITH_KNOTS('',1,(#6247,#6248),.UNSPECIFIED.,.F.,
  .F.,(2,2),(22.5,60.5),.PIECEWISE_BEZIER_KNOTS.);
#6247 = CARTESIAN_POINT('',(5.3,0.));
#6248 = CARTESIAN_POINT('',(5.3,-38.));
#6249 = ( GEOMETRIC_REPRESENTATION_CONTEXT(2) 
PARAMETRIC_REPRESENTATION_CONTEXT() REPRESENTATION_CONTEXT('2D SPACE',''
  ) );
#6250 = ORIENTED_EDGE('',*,*,#6251,.T.);
#6251 = EDGE_CURVE('',#6226,#6252,#6254,.T.);
#6252 = VERTEX_POINT('',#6253);
#6253 = CARTESIAN_POINT('',(41.,43.,-6.7));
#6254 = SURFACE_CURVE('',#6255,(#6260,#6271),.PCURVE_S1.);
#6255 = CIRCLE('',#6256,8.);
#6256 = AXIS2_PLACEMENT_3D('',#6257,#6258,#6259);
#6257 = CARTESIAN_POINT('',(41.,51.,-6.7));
#6258 = DIRECTION('',(0.,0.,-1.));
#6259 = DIRECTION('',(1.,0.,0.));
#6260 = PCURVE('',#3536,#6261);
#6261 = DEFINITIONAL_REPRESENTATION('',(#6262),#6270);
#6262 = ( BOUNDED_CURVE() B_SPLINE_CURVE(2,(#6263,#6264,#6265,#6266,
#6267,#6268,#6269),.UNSPECIFIED.,.T.,.F.) B_SPLINE_CURVE_WITH_KNOTS((1,2
    ,2,2,2,1),(-2.094395102393,0.,2.094395102393,4.188790204786,
6.28318530718,8.377580409573),.UNSPECIFIED.) CURVE() 
GEOMETRIC_REPRESENTATION_ITEM() RATIONAL_B_SPLINE_CURVE((1.,0.5,1.,0.5,
1.,0.5,1.)) REPRESENTATION_ITEM('') );
#6263 = CARTESIAN_POINT('',(42.5,45.));
#6264 = CARTESIAN_POINT('',(42.5,31.143593539449));
#6265 = CARTESIAN_POINT('',(30.5,38.071796769724));
#6266 = CARTESIAN_POINT('',(18.5,45.));
#6267 = CARTESIAN_POINT('',(30.5,51.928203230276));
#6268 = CARTESIAN_POINT('',(42.5,58.856406460551));
#6269 = CARTESIAN_POINT('',(42.5,45.));
#6270 = ( GEOMETRIC_REPRESENTATION_CONTEXT(2) 
PARAMETRIC_REPRESENTATION_CONTEXT() REPRESENTATION_CONTEXT('2D SPACE',''
  ) );
#6271 = PCURVE('',#6272,#6277);
#6272 = CYLINDRICAL_SURFACE('',#6273,8.);
#6273 = AXIS2_PLACEMENT_3D('',#6274,#6275,#6276);
#6274 = CARTESIAN_POINT('',(41.,51.,-12.));
#6275 = DIRECTION('',(-0.,-0.,-1.));
#6276 = DIRECTION('',(1.,0.,0.));
#6277 = DEFINITIONAL_REPRESENTATION('',(#6278),#6282);
#6278 = LINE('',#6279,#6280);
#6279 = CARTESIAN_POINT('',(-6.28318530718,-5.3));
#6280 = VECTOR('',#6281,1.);
#6281 = DIRECTION('',(1.,-0.));
#6282 = ( GEOMETRIC_REPRESENTATION_CONTEXT(2) 
PARAMETRIC_REPRESENTATION_CONTEXT() REPRESENTATION_CONTEXT('2D SPACE',''
  ) );
#6283 = ORIENTED_EDGE('',*,*,#6284,.T.);
#6284 = EDGE_CURVE('',#6252,#6285,#6287,.T.);
#6285 = VERTEX_POINT('',#6286);
#6286 = CARTESIAN_POINT('',(19.,43.,-6.7));
#6287 = SURFACE_CURVE('',#6288,(#6292,#6298),.PCURVE_S1.);
#6288 = LINE('',#6289,#6290);
#6289 = CARTESIAN_POINT('',(12.75,43.,-6.7));
#6290 = VECTOR('',#6291,1.);
#6291 = DIRECTION('',(-1.,0.,0.));
#6292 = PCURVE('',#3536,#6293);
#6293 = DEFINITIONAL_REPRESENTATION('',(#6294),#6297);
#6294 = B_SPLINE_CURVE_WITH_KNOTS('',1,(#6295,#6296),.UNSPECIFIED.,.F.,
  .F.,(2,2),(-28.25,-6.25),.PIECEWISE_BEZIER_KNOTS.);
#6295 = CARTESIAN_POINT('',(34.5,37.));
#6296 = CARTESIAN_POINT('',(12.5,37.));
#6297 = ( GEOMETRIC_REPRESENTATION_CONTEXT(2) 
PARAMETRIC_REPRESENTATION_CONTEXT() REPRESENTATION_CONTEXT('2D SPACE',''
  ) );
#6298 = PCURVE('',#6299,#6304);
#6299 = PLANE('',#6300);
#6300 = AXIS2_PLACEMENT_3D('',#6301,#6302,#6303);
#6301 = CARTESIAN_POINT('',(19.,43.,-12.));
#6302 = DIRECTION('',(0.,1.,0.));
#6303 = DIRECTION('',(0.,0.,1.));
#6304 = DEFINITIONAL_REPRESENTATION('',(#6305),#6308);
#6305 = B_SPLINE_CURVE_WITH_KNOTS('',1,(#6306,#6307),.UNSPECIFIED.,.F.,
  .F.,(2,2),(-28.25,-6.25),.PIECEWISE_BEZIER_KNOTS.);
#6306 = CARTESIAN_POINT('',(5.3,22.));
#6307 = CARTESIAN_POINT('',(5.3,0.));
#6308 = ( GEOMETRIC_REPRESENTATION_CONTEXT(2) 
PARAMETRIC_REPRESENTATION_CONTEXT() REPRESENTATION_CONTEXT('2D SPACE',''
  ) );
#6309 = ORIENTED_EDGE('',*,*,#6310,.T.);
#6310 = EDGE_CURVE('',#6285,#6311,#6313,.T.);
#6311 = VERTEX_POINT('',#6312);
#6312 = CARTESIAN_POINT('',(11.,51.,-6.7));
#6313 = SURFACE_CURVE('',#6314,(#6319,#6330),.PCURVE_S1.);
#6314 = CIRCLE('',#6315,8.);
#6315 = AXIS2_PLACEMENT_3D('',#6316,#6317,#6318);
#6316 = CARTESIAN_POINT('',(19.,51.,-6.7));
#6317 = DIRECTION('',(0.,0.,-1.));
#6318 = DIRECTION('',(1.,0.,0.));
#6319 = PCURVE('',#3536,#6320);
#6320 = DEFINITIONAL_REPRESENTATION('',(#6321),#6329);
#6321 = ( BOUNDED_CURVE() B_SPLINE_CURVE(2,(#6322,#6323,#6324,#6325,
#6326,#6327,#6328),.UNSPECIFIED.,.T.,.F.) B_SPLINE_CURVE_WITH_KNOTS((1,2
    ,2,2,2,1),(-2.094395102393,0.,2.094395102393,4.188790204786,
6.28318530718,8.377580409573),.UNSPECIFIED.) CURVE() 
GEOMETRIC_REPRESENTATION_ITEM() RATIONAL_B_SPLINE_CURVE((1.,0.5,1.,0.5,
1.,0.5,1.)) REPRESENTATION_ITEM('') );
#6322 = CARTESIAN_POINT('',(20.5,45.));
#6323 = CARTESIAN_POINT('',(20.5,31.143593539449));
#6324 = CARTESIAN_POINT('',(8.5,38.071796769724));
#6325 = CARTESIAN_POINT('',(-3.5,45.));
#6326 = CARTESIAN_POINT('',(8.5,51.928203230276));
#6327 = CARTESIAN_POINT('',(20.5,58.856406460551));
#6328 = CARTESIAN_POINT('',(20.5,45.));
#6329 = ( GEOMETRIC_REPRESENTATION_CONTEXT(2) 
PARAMETRIC_REPRESENTATION_CONTEXT() REPRESENTATION_CONTEXT('2D SPACE',''
  ) );
#6330 = PCURVE('',#6331,#6336);
#6331 = CYLINDRICAL_SURFACE('',#6332,8.);
#6332 = AXIS2_PLACEMENT_3D('',#6333,#6334,#6335);
#6333 = CARTESIAN_POINT('',(19.,51.,-12.));
#6334 = DIRECTION('',(-0.,-0.,-1.));
#6335 = DIRECTION('',(1.,0.,0.));
#6336 = DEFINITIONAL_REPRESENTATION('',(#6337),#6341);
#6337 = LINE('',#6338,#6339);
#6338 = CARTESIAN_POINT('',(-6.28318530718,-5.3));
#6339 = VECTOR('',#6340,1.);
#6340 = DIRECTION('',(1.,-0.));
#6341 = ( GEOMETRIC_REPRESENTATION_CONTEXT(2) 
PARAMETRIC_REPRESENTATION_CONTEXT() REPRESENTATION_CONTEXT('2D SPACE',''
  ) );
#6342 = ORIENTED_EDGE('',*,*,#6343,.T.);
#6343 = EDGE_CURVE('',#6311,#6344,#6346,.T.);
#6344 = VERTEX_POINT('',#6345);
#6345 = CARTESIAN_POINT('',(11.,89.,-6.7));
#6346 = SURFACE_CURVE('',#6347,(#6351,#6357),.PCURVE_S1.);
#6347 = LINE('',#6348,#6349);
#6348 = CARTESIAN_POINT('',(11.,28.5,-6.7));
#6349 = VECTOR('',#6350,1.);
#6350 = DIRECTION('',(0.,1.,0.));
#6351 = PCURVE('',#3536,#6352);
#6352 = DEFINITIONAL_REPRESENTATION('',(#6353),#6356);
#6353 = B_SPLINE_CURVE_WITH_KNOTS('',1,(#6354,#6355),.UNSPECIFIED.,.F.,
  .F.,(2,2),(22.5,60.5),.PIECEWISE_BEZIER_KNOTS.);
#6354 = CARTESIAN_POINT('',(4.5,45.));
#6355 = CARTESIAN_POINT('',(4.5,83.));
#6356 = ( GEOMETRIC_REPRESENTATION_CONTEXT(2) 
PARAMETRIC_REPRESENTATION_CONTEXT() REPRESENTATION_CONTEXT('2D SPACE',''
  ) );
#6357 = PCURVE('',#6358,#6363);
#6358 = PLANE('',#6359);
#6359 = AXIS2_PLACEMENT_3D('',#6360,#6361,#6362);
#6360 = CARTESIAN_POINT('',(11.,51.,-12.));
#6361 = DIRECTION('',(1.,0.,0.));
#6362 = DIRECTION('',(0.,0.,1.));
#6363 = DEFINITIONAL_REPRESENTATION('',(#6364),#6367);
#6364 = B_SPLINE_CURVE_WITH_KNOTS('',1,(#6365,#6366),.UNSPECIFIED.,.F.,
  .F.,(2,2),(22.5,60.5),.PIECEWISE_BEZIER_KNOTS.);
#6365 = CARTESIAN_POINT('',(5.3,0.));
#6366 = CARTESIAN_POINT('',(5.3,-38.));
#6367 = ( GEOMETRIC_REPRESENTATION_CONTEXT(2) 
PARAMETRIC_REPRESENTATION_CONTEXT() REPRESENTATION_CONTEXT('2D SPACE',''
  ) );
#6368 = ORIENTED_EDGE('',*,*,#6369,.T.);
#6369 = EDGE_CURVE('',#6344,#6167,#6370,.T.);
#6370 = SURFACE_CURVE('',#6371,(#6376,#6387),.PCURVE_S1.);
#6371 = CIRCLE('',#6372,8.);
#6372 = AXIS2_PLACEMENT_3D('',#6373,#6374,#6375);
#6373 = CARTESIAN_POINT('',(19.,89.,-6.7));
#6374 = DIRECTION('',(0.,0.,-1.));
#6375 = DIRECTION('',(1.,0.,0.));
#6376 = PCURVE('',#3536,#6377);
#6377 = DEFINITIONAL_REPRESENTATION('',(#6378),#6386);
#6378 = ( BOUNDED_CURVE() B_SPLINE_CURVE(2,(#6379,#6380,#6381,#6382,
#6383,#6384,#6385),.UNSPECIFIED.,.T.,.F.) B_SPLINE_CURVE_WITH_KNOTS((1,2
    ,2,2,2,1),(-2.094395102393,0.,2.094395102393,4.188790204786,
6.28318530718,8.377580409573),.UNSPECIFIED.) CURVE() 
GEOMETRIC_REPRESENTATION_ITEM() RATIONAL_B_SPLINE_CURVE((1.,0.5,1.,0.5,
1.,0.5,1.)) REPRESENTATION_ITEM('') );
#6379 = CARTESIAN_POINT('',(20.5,83.));
#6380 = CARTESIAN_POINT('',(20.5,69.143593539449));
#6381 = CARTESIAN_POINT('',(8.5,76.071796769724));
#6382 = CARTESIAN_POINT('',(-3.5,83.));
#6383 = CARTESIAN_POINT('',(8.5,89.928203230276));
#6384 = CARTESIAN_POINT('',(20.5,96.856406460551));
#6385 = CARTESIAN_POINT('',(20.5,83.));
#6386 = ( GEOMETRIC_REPRESENTATION_CONTEXT(2) 
PARAMETRIC_REPRESENTATION_CONTEXT() REPRESENTATION_CONTEXT('2D SPACE',''
  ) );
#6387 = PCURVE('',#6388,#6393);
#6388 = CYLINDRICAL_SURFACE('',#6389,8.);
#6389 = AXIS2_PLACEMENT_3D('',#6390,#6391,#6392);
#6390 = CARTESIAN_POINT('',(19.,89.,-12.));
#6391 = DIRECTION('',(-0.,-0.,-1.));
#6392 = DIRECTION('',(1.,0.,0.));
#6393 = DEFINITIONAL_REPRESENTATION('',(#6394),#6398);
#6394 = LINE('',#6395,#6396);
#6395 = CARTESIAN_POINT('',(-6.28318530718,-5.3));
#6396 = VECTOR('',#6397,1.);
#6397 = DIRECTION('',(1.,-0.));
#6398 = ( GEOMETRIC_REPRESENTATION_CONTEXT(2) 
PARAMETRIC_REPRESENTATION_CONTEXT() REPRESENTATION_CONTEXT('2D SPACE',''
  ) );
#6399 = FACE_BOUND('',#6400,.T.);
#6400 = EDGE_LOOP('',(#6401));
#6401 = ORIENTED_EDGE('',*,*,#6402,.T.);
#6402 = EDGE_CURVE('',#6403,#6403,#6405,.T.);
#6403 = VERTEX_POINT('',#6404);
#6404 = CARTESIAN_POINT('',(9.,99.,-6.7));
#6405 = SURFACE_CURVE('',#6406,(#6411,#6422),.PCURVE_S1.);
#6406 = CIRCLE('',#6407,3.);
#6407 = AXIS2_PLACEMENT_3D('',#6408,#6409,#6410);
#6408 = CARTESIAN_POINT('',(6.,99.,-6.7));
#6409 = DIRECTION('',(0.,0.,-1.));
#6410 = DIRECTION('',(1.,0.,0.));
#6411 = PCURVE('',#3536,#6412);
#6412 = DEFINITIONAL_REPRESENTATION('',(#6413),#6421);
#6413 = ( BOUNDED_CURVE() B_SPLINE_CURVE(2,(#6414,#6415,#6416,#6417,
#6418,#6419,#6420),.UNSPECIFIED.,.T.,.F.) B_SPLINE_CURVE_WITH_KNOTS((1,2
    ,2,2,2,1),(-2.094395102393,0.,2.094395102393,4.188790204786,
6.28318530718,8.377580409573),.UNSPECIFIED.) CURVE() 
GEOMETRIC_REPRESENTATION_ITEM() RATIONAL_B_SPLINE_CURVE((1.,0.5,1.,0.5,
1.,0.5,1.)) REPRESENTATION_ITEM('') );
#6414 = CARTESIAN_POINT('',(2.5,93.));
#6415 = CARTESIAN_POINT('',(2.5,87.803847577293));
#6416 = CARTESIAN_POINT('',(-2.,90.401923788647));
#6417 = CARTESIAN_POINT('',(-6.5,93.));
#6418 = CARTESIAN_POINT('',(-2.,95.598076211353));
#6419 = CARTESIAN_POINT('',(2.5,98.196152422707));
#6420 = CARTESIAN_POINT('',(2.5,93.));
#6421 = ( GEOMETRIC_REPRESENTATION_CONTEXT(2) 
PARAMETRIC_REPRESENTATION_CONTEXT() REPRESENTATION_CONTEXT('2D SPACE',''
  ) );
#6422 = PCURVE('',#6423,#6428);
#6423 = CYLINDRICAL_SURFACE('',#6424,3.);
#6424 = AXIS2_PLACEMENT_3D('',#6425,#6426,#6427);
#6425 = CARTESIAN_POINT('',(6.,99.,-7.));
#6426 = DIRECTION('',(-0.,-0.,-1.));
#6427 = DIRECTION('',(1.,0.,0.));
#6428 = DEFINITIONAL_REPRESENTATION('',(#6429),#6433);
#6429 = LINE('',#6430,#6431);
#6430 = CARTESIAN_POINT('',(-6.28318530718,-0.3));
#6431 = VECTOR('',#6432,1.);
#6432 = DIRECTION('',(1.,-0.));
#6433 = ( GEOMETRIC_REPRESENTATION_CONTEXT(2) 
PARAMETRIC_REPRESENTATION_CONTEXT() REPRESENTATION_CONTEXT('2D SPACE',''
  ) );
#6434 = FACE_BOUND('',#6435,.T.);
#6435 = EDGE_LOOP('',(#6436,#6464,#6497,#6523,#6556,#6582,#6615,#6641));
#6436 = ORIENTED_EDGE('',*,*,#6437,.F.);
#6437 = EDGE_CURVE('',#6438,#6440,#6442,.T.);
#6438 = VERTEX_POINT('',#6439);
#6439 = CARTESIAN_POINT('',(60.9,94.,-6.7));
#6440 = VERTEX_POINT('',#6441);
#6441 = CARTESIAN_POINT('',(60.5,94.,-6.7));
#6442 = SURFACE_CURVE('',#6443,(#6447,#6453),.PCURVE_S1.);
#6443 = LINE('',#6444,#6445);
#6444 = CARTESIAN_POINT('',(33.5,94.,-6.7));
#6445 = VECTOR('',#6446,1.);
#6446 = DIRECTION('',(-1.,0.,0.));
#6447 = PCURVE('',#3536,#6448);
#6448 = DEFINITIONAL_REPRESENTATION('',(#6449),#6452);
#6449 = B_SPLINE_CURVE_WITH_KNOTS('',1,(#6450,#6451),.UNSPECIFIED.,.F.,
  .F.,(2,2),(-27.4,-27.),.PIECEWISE_BEZIER_KNOTS.);
#6450 = CARTESIAN_POINT('',(54.4,88.));
#6451 = CARTESIAN_POINT('',(54.,88.));
#6452 = ( GEOMETRIC_REPRESENTATION_CONTEXT(2) 
PARAMETRIC_REPRESENTATION_CONTEXT() REPRESENTATION_CONTEXT('2D SPACE',''
  ) );
#6453 = PCURVE('',#6454,#6459);
#6454 = PLANE('',#6455);
#6455 = AXIS2_PLACEMENT_3D('',#6456,#6457,#6458);
#6456 = CARTESIAN_POINT('',(60.5,94.,-7.6));
#6457 = DIRECTION('',(0.,1.,0.));
#6458 = DIRECTION('',(0.,0.,1.));
#6459 = DEFINITIONAL_REPRESENTATION('',(#6460),#6463);
#6460 = B_SPLINE_CURVE_WITH_KNOTS('',1,(#6461,#6462),.UNSPECIFIED.,.F.,
  .F.,(2,2),(-27.4,-27.),.PIECEWISE_BEZIER_KNOTS.);
#6461 = CARTESIAN_POINT('',(0.9,0.4));
#6462 = CARTESIAN_POINT('',(0.9,0.));
#6463 = ( GEOMETRIC_REPRESENTATION_CONTEXT(2) 
PARAMETRIC_REPRESENTATION_CONTEXT() REPRESENTATION_CONTEXT('2D SPACE',''
  ) );
#6464 = ORIENTED_EDGE('',*,*,#6465,.T.);
#6465 = EDGE_CURVE('',#6438,#6466,#6468,.T.);
#6466 = VERTEX_POINT('',#6467);
#6467 = CARTESIAN_POINT('',(62.1,92.8,-6.7));
#6468 = SURFACE_CURVE('',#6469,(#6474,#6485),.PCURVE_S1.);
#6469 = CIRCLE('',#6470,1.2);
#6470 = AXIS2_PLACEMENT_3D('',#6471,#6472,#6473);
#6471 = CARTESIAN_POINT('',(60.9,92.8,-6.7));
#6472 = DIRECTION('',(0.,0.,-1.));
#6473 = DIRECTION('',(1.,0.,0.));
#6474 = PCURVE('',#3536,#6475);
#6475 = DEFINITIONAL_REPRESENTATION('',(#6476),#6484);
#6476 = ( BOUNDED_CURVE() B_SPLINE_CURVE(2,(#6477,#6478,#6479,#6480,
#6481,#6482,#6483),.UNSPECIFIED.,.T.,.F.) B_SPLINE_CURVE_WITH_KNOTS((1,2
    ,2,2,2,1),(-2.094395102393,0.,2.094395102393,4.188790204786,
6.28318530718,8.377580409573),.UNSPECIFIED.) CURVE() 
GEOMETRIC_REPRESENTATION_ITEM() RATIONAL_B_SPLINE_CURVE((1.,0.5,1.,0.5,
1.,0.5,1.)) REPRESENTATION_ITEM('') );
#6477 = CARTESIAN_POINT('',(55.6,86.8));
#6478 = CARTESIAN_POINT('',(55.6,84.721539030917));
#6479 = CARTESIAN_POINT('',(53.8,85.760769515459));
#6480 = CARTESIAN_POINT('',(52.,86.8));
#6481 = CARTESIAN_POINT('',(53.8,87.839230484541));
#6482 = CARTESIAN_POINT('',(55.6,88.878460969083));
#6483 = CARTESIAN_POINT('',(55.6,86.8));
#6484 = ( GEOMETRIC_REPRESENTATION_CONTEXT(2) 
PARAMETRIC_REPRESENTATION_CONTEXT() REPRESENTATION_CONTEXT('2D SPACE',''
  ) );
#6485 = PCURVE('',#6486,#6491);
#6486 = CYLINDRICAL_SURFACE('',#6487,1.2);
#6487 = AXIS2_PLACEMENT_3D('',#6488,#6489,#6490);
#6488 = CARTESIAN_POINT('',(60.9,92.8,-7.6));
#6489 = DIRECTION('',(-0.,-0.,-1.));
#6490 = DIRECTION('',(1.,0.,0.));
#6491 = DEFINITIONAL_REPRESENTATION('',(#6492),#6496);
#6492 = LINE('',#6493,#6494);
#6493 = CARTESIAN_POINT('',(-6.28318530718,-0.9));
#6494 = VECTOR('',#6495,1.);
#6495 = DIRECTION('',(1.,-0.));
#6496 = ( GEOMETRIC_REPRESENTATION_CONTEXT(2) 
PARAMETRIC_REPRESENTATION_CONTEXT() REPRESENTATION_CONTEXT('2D SPACE',''
  ) );
#6497 = ORIENTED_EDGE('',*,*,#6498,.F.);
#6498 = EDGE_CURVE('',#6499,#6466,#6501,.T.);
#6499 = VERTEX_POINT('',#6500);
#6500 = CARTESIAN_POINT('',(62.1,65.2,-6.7));
#6501 = SURFACE_CURVE('',#6502,(#6506,#6512),.PCURVE_S1.);
#6502 = LINE('',#6503,#6504);
#6503 = CARTESIAN_POINT('',(62.1,35.6,-6.7));
#6504 = VECTOR('',#6505,1.);
#6505 = DIRECTION('',(0.,1.,0.));
#6506 = PCURVE('',#3536,#6507);
#6507 = DEFINITIONAL_REPRESENTATION('',(#6508),#6511);
#6508 = B_SPLINE_CURVE_WITH_KNOTS('',1,(#6509,#6510),.UNSPECIFIED.,.F.,
  .F.,(2,2),(29.6,57.2),.PIECEWISE_BEZIER_KNOTS.);
#6509 = CARTESIAN_POINT('',(55.6,59.2));
#6510 = CARTESIAN_POINT('',(55.6,86.8));
#6511 = ( GEOMETRIC_REPRESENTATION_CONTEXT(2) 
PARAMETRIC_REPRESENTATION_CONTEXT() REPRESENTATION_CONTEXT('2D SPACE',''
  ) );
#6512 = PCURVE('',#6513,#6518);
#6513 = PLANE('',#6514);
#6514 = AXIS2_PLACEMENT_3D('',#6515,#6516,#6517);
#6515 = CARTESIAN_POINT('',(62.1,65.2,-7.6));
#6516 = DIRECTION('',(1.,0.,0.));
#6517 = DIRECTION('',(0.,0.,1.));
#6518 = DEFINITIONAL_REPRESENTATION('',(#6519),#6522);
#6519 = B_SPLINE_CURVE_WITH_KNOTS('',1,(#6520,#6521),.UNSPECIFIED.,.F.,
  .F.,(2,2),(29.6,57.2),.PIECEWISE_BEZIER_KNOTS.);
#6520 = CARTESIAN_POINT('',(0.9,0.));
#6521 = CARTESIAN_POINT('',(0.9,-27.6));
#6522 = ( GEOMETRIC_REPRESENTATION_CONTEXT(2) 
PARAMETRIC_REPRESENTATION_CONTEXT() REPRESENTATION_CONTEXT('2D SPACE',''
  ) );
#6523 = ORIENTED_EDGE('',*,*,#6524,.T.);
#6524 = EDGE_CURVE('',#6499,#6525,#6527,.T.);
#6525 = VERTEX_POINT('',#6526);
#6526 = CARTESIAN_POINT('',(60.9,64.,-6.7));
#6527 = SURFACE_CURVE('',#6528,(#6533,#6544),.PCURVE_S1.);
#6528 = CIRCLE('',#6529,1.2);
#6529 = AXIS2_PLACEMENT_3D('',#6530,#6531,#6532);
#6530 = CARTESIAN_POINT('',(60.9,65.2,-6.7));
#6531 = DIRECTION('',(0.,0.,-1.));
#6532 = DIRECTION('',(1.,0.,0.));
#6533 = PCURVE('',#3536,#6534);
#6534 = DEFINITIONAL_REPRESENTATION('',(#6535),#6543);
#6535 = ( BOUNDED_CURVE() B_SPLINE_CURVE(2,(#6536,#6537,#6538,#6539,
#6540,#6541,#6542),.UNSPECIFIED.,.T.,.F.) B_SPLINE_CURVE_WITH_KNOTS((1,2
    ,2,2,2,1),(-2.094395102393,0.,2.094395102393,4.188790204786,
6.28318530718,8.377580409573),.UNSPECIFIED.) CURVE() 
GEOMETRIC_REPRESENTATION_ITEM() RATIONAL_B_SPLINE_CURVE((1.,0.5,1.,0.5,
1.,0.5,1.)) REPRESENTATION_ITEM('') );
#6536 = CARTESIAN_POINT('',(55.6,59.2));
#6537 = CARTESIAN_POINT('',(55.6,57.121539030917));
#6538 = CARTESIAN_POINT('',(53.8,58.160769515459));
#6539 = CARTESIAN_POINT('',(52.,59.2));
#6540 = CARTESIAN_POINT('',(53.8,60.239230484541));
#6541 = CARTESIAN_POINT('',(55.6,61.278460969083));
#6542 = CARTESIAN_POINT('',(55.6,59.2));
#6543 = ( GEOMETRIC_REPRESENTATION_CONTEXT(2) 
PARAMETRIC_REPRESENTATION_CONTEXT() REPRESENTATION_CONTEXT('2D SPACE',''
  ) );
#6544 = PCURVE('',#6545,#6550);
#6545 = CYLINDRICAL_SURFACE('',#6546,1.2);
#6546 = AXIS2_PLACEMENT_3D('',#6547,#6548,#6549);
#6547 = CARTESIAN_POINT('',(60.9,65.2,-7.6));
#6548 = DIRECTION('',(-0.,-0.,-1.));
#6549 = DIRECTION('',(1.,0.,0.));
#6550 = DEFINITIONAL_REPRESENTATION('',(#6551),#6555);
#6551 = LINE('',#6552,#6553);
#6552 = CARTESIAN_POINT('',(-6.28318530718,-0.9));
#6553 = VECTOR('',#6554,1.);
#6554 = DIRECTION('',(1.,-0.));
#6555 = ( GEOMETRIC_REPRESENTATION_CONTEXT(2) 
PARAMETRIC_REPRESENTATION_CONTEXT() REPRESENTATION_CONTEXT('2D SPACE',''
  ) );
#6556 = ORIENTED_EDGE('',*,*,#6557,.T.);
#6557 = EDGE_CURVE('',#6525,#6558,#6560,.T.);
#6558 = VERTEX_POINT('',#6559);
#6559 = CARTESIAN_POINT('',(60.5,64.,-6.7));
#6560 = SURFACE_CURVE('',#6561,(#6565,#6571),.PCURVE_S1.);
#6561 = LINE('',#6562,#6563);
#6562 = CARTESIAN_POINT('',(33.5,64.,-6.7));
#6563 = VECTOR('',#6564,1.);
#6564 = DIRECTION('',(-1.,0.,0.));
#6565 = PCURVE('',#3536,#6566);
#6566 = DEFINITIONAL_REPRESENTATION('',(#6567),#6570);
#6567 = B_SPLINE_CURVE_WITH_KNOTS('',1,(#6568,#6569),.UNSPECIFIED.,.F.,
  .F.,(2,2),(-27.4,-27.),.PIECEWISE_BEZIER_KNOTS.);
#6568 = CARTESIAN_POINT('',(54.4,58.));
#6569 = CARTESIAN_POINT('',(54.,58.));
#6570 = ( GEOMETRIC_REPRESENTATION_CONTEXT(2) 
PARAMETRIC_REPRESENTATION_CONTEXT() REPRESENTATION_CONTEXT('2D SPACE',''
  ) );
#6571 = PCURVE('',#6572,#6577);
#6572 = PLANE('',#6573);
#6573 = AXIS2_PLACEMENT_3D('',#6574,#6575,#6576);
#6574 = CARTESIAN_POINT('',(60.5,64.,-7.6));
#6575 = DIRECTION('',(0.,1.,0.));
#6576 = DIRECTION('',(0.,0.,1.));
#6577 = DEFINITIONAL_REPRESENTATION('',(#6578),#6581);
#6578 = B_SPLINE_CURVE_WITH_KNOTS('',1,(#6579,#6580),.UNSPECIFIED.,.F.,
  .F.,(2,2),(-27.4,-27.),.PIECEWISE_BEZIER_KNOTS.);
#6579 = CARTESIAN_POINT('',(0.9,0.4));
#6580 = CARTESIAN_POINT('',(0.9,0.));
#6581 = ( GEOMETRIC_REPRESENTATION_CONTEXT(2) 
PARAMETRIC_REPRESENTATION_CONTEXT() REPRESENTATION_CONTEXT('2D SPACE',''
  ) );
#6582 = ORIENTED_EDGE('',*,*,#6583,.T.);
#6583 = EDGE_CURVE('',#6558,#6584,#6586,.T.);
#6584 = VERTEX_POINT('',#6585);
#6585 = CARTESIAN_POINT('',(59.3,65.2,-6.7));
#6586 = SURFACE_CURVE('',#6587,(#6592,#6603),.PCURVE_S1.);
#6587 = CIRCLE('',#6588,1.2);
#6588 = AXIS2_PLACEMENT_3D('',#6589,#6590,#6591);
#6589 = CARTESIAN_POINT('',(60.5,65.2,-6.7));
#6590 = DIRECTION('',(0.,0.,-1.));
#6591 = DIRECTION('',(1.,0.,0.));
#6592 = PCURVE('',#3536,#6593);
#6593 = DEFINITIONAL_REPRESENTATION('',(#6594),#6602);
#6594 = ( BOUNDED_CURVE() B_SPLINE_CURVE(2,(#6595,#6596,#6597,#6598,
#6599,#6600,#6601),.UNSPECIFIED.,.T.,.F.) B_SPLINE_CURVE_WITH_KNOTS((1,2
    ,2,2,2,1),(-2.094395102393,0.,2.094395102393,4.188790204786,
6.28318530718,8.377580409573),.UNSPECIFIED.) CURVE() 
GEOMETRIC_REPRESENTATION_ITEM() RATIONAL_B_SPLINE_CURVE((1.,0.5,1.,0.5,
1.,0.5,1.)) REPRESENTATION_ITEM('') );
#6595 = CARTESIAN_POINT('',(55.2,59.2));
#6596 = CARTESIAN_POINT('',(55.2,57.121539030917));
#6597 = CARTESIAN_POINT('',(53.4,58.160769515459));
#6598 = CARTESIAN_POINT('',(51.6,59.2));
#6599 = CARTESIAN_POINT('',(53.4,60.239230484541));
#6600 = CARTESIAN_POINT('',(55.2,61.278460969083));
#6601 = CARTESIAN_POINT('',(55.2,59.2));
#6602 = ( GEOMETRIC_REPRESENTATION_CONTEXT(2) 
PARAMETRIC_REPRESENTATION_CONTEXT() REPRESENTATION_CONTEXT('2D SPACE',''
  ) );
#6603 = PCURVE('',#6604,#6609);
#6604 = CYLINDRICAL_SURFACE('',#6605,1.2);
#6605 = AXIS2_PLACEMENT_3D('',#6606,#6607,#6608);
#6606 = CARTESIAN_POINT('',(60.5,65.2,-7.6));
#6607 = DIRECTION('',(-0.,-0.,-1.));
#6608 = DIRECTION('',(1.,0.,0.));
#6609 = DEFINITIONAL_REPRESENTATION('',(#6610),#6614);
#6610 = LINE('',#6611,#6612);
#6611 = CARTESIAN_POINT('',(-6.28318530718,-0.9));
#6612 = VECTOR('',#6613,1.);
#6613 = DIRECTION('',(1.,-0.));
#6614 = ( GEOMETRIC_REPRESENTATION_CONTEXT(2) 
PARAMETRIC_REPRESENTATION_CONTEXT() REPRESENTATION_CONTEXT('2D SPACE',''
  ) );
#6615 = ORIENTED_EDGE('',*,*,#6616,.T.);
#6616 = EDGE_CURVE('',#6584,#6617,#6619,.T.);
#6617 = VERTEX_POINT('',#6618);
#6618 = CARTESIAN_POINT('',(59.3,92.8,-6.7));
#6619 = SURFACE_CURVE('',#6620,(#6624,#6630),.PCURVE_S1.);
#6620 = LINE('',#6621,#6622);
#6621 = CARTESIAN_POINT('',(59.3,35.6,-6.7));
#6622 = VECTOR('',#6623,1.);
#6623 = DIRECTION('',(0.,1.,0.));
#6624 = PCURVE('',#3536,#6625);
#6625 = DEFINITIONAL_REPRESENTATION('',(#6626),#6629);
#6626 = B_SPLINE_CURVE_WITH_KNOTS('',1,(#6627,#6628),.UNSPECIFIED.,.F.,
  .F.,(2,2),(29.6,57.2),.PIECEWISE_BEZIER_KNOTS.);
#6627 = CARTESIAN_POINT('',(52.8,59.2));
#6628 = CARTESIAN_POINT('',(52.8,86.8));
#6629 = ( GEOMETRIC_REPRESENTATION_CONTEXT(2) 
PARAMETRIC_REPRESENTATION_CONTEXT() REPRESENTATION_CONTEXT('2D SPACE',''
  ) );
#6630 = PCURVE('',#6631,#6636);
#6631 = PLANE('',#6632);
#6632 = AXIS2_PLACEMENT_3D('',#6633,#6634,#6635);
#6633 = CARTESIAN_POINT('',(59.3,65.2,-7.6));
#6634 = DIRECTION('',(1.,0.,0.));
#6635 = DIRECTION('',(0.,0.,1.));
#6636 = DEFINITIONAL_REPRESENTATION('',(#6637),#6640);
#6637 = B_SPLINE_CURVE_WITH_KNOTS('',1,(#6638,#6639),.UNSPECIFIED.,.F.,
  .F.,(2,2),(29.6,57.2),.PIECEWISE_BEZIER_KNOTS.);
#6638 = CARTESIAN_POINT('',(0.9,0.));
#6639 = CARTESIAN_POINT('',(0.9,-27.6));
#6640 = ( GEOMETRIC_REPRESENTATION_CONTEXT(2) 
PARAMETRIC_REPRESENTATION_CONTEXT() REPRESENTATION_CONTEXT('2D SPACE',''
  ) );
#6641 = ORIENTED_EDGE('',*,*,#6642,.T.);
#6642 = EDGE_CURVE('',#6617,#6440,#6643,.T.);
#6643 = SURFACE_CURVE('',#6644,(#6649,#6660),.PCURVE_S1.);
#6644 = CIRCLE('',#6645,1.2);
#6645 = AXIS2_PLACEMENT_3D('',#6646,#6647,#6648);
#6646 = CARTESIAN_POINT('',(60.5,92.8,-6.7));
#6647 = DIRECTION('',(0.,0.,-1.));
#6648 = DIRECTION('',(1.,0.,0.));
#6649 = PCURVE('',#3536,#6650);
#6650 = DEFINITIONAL_REPRESENTATION('',(#6651),#6659);
#6651 = ( BOUNDED_CURVE() B_SPLINE_CURVE(2,(#6652,#6653,#6654,#6655,
#6656,#6657,#6658),.UNSPECIFIED.,.T.,.F.) B_SPLINE_CURVE_WITH_KNOTS((1,2
    ,2,2,2,1),(-2.094395102393,0.,2.094395102393,4.188790204786,
6.28318530718,8.377580409573),.UNSPECIFIED.) CURVE() 
GEOMETRIC_REPRESENTATION_ITEM() RATIONAL_B_SPLINE_CURVE((1.,0.5,1.,0.5,
1.,0.5,1.)) REPRESENTATION_ITEM('') );
#6652 = CARTESIAN_POINT('',(55.2,86.8));
#6653 = CARTESIAN_POINT('',(55.2,84.721539030917));
#6654 = CARTESIAN_POINT('',(53.4,85.760769515459));
#6655 = CARTESIAN_POINT('',(51.6,86.8));
#6656 = CARTESIAN_POINT('',(53.4,87.839230484541));
#6657 = CARTESIAN_POINT('',(55.2,88.878460969083));
#6658 = CARTESIAN_POINT('',(55.2,86.8));
#6659 = ( GEOMETRIC_REPRESENTATION_CONTEXT(2) 
PARAMETRIC_REPRESENTATION_CONTEXT() REPRESENTATION_CONTEXT('2D SPACE',''
  ) );
#6660 = PCURVE('',#6661,#6666);
#6661 = CYLINDRICAL_SURFACE('',#6662,1.2);
#6662 = AXIS2_PLACEMENT_3D('',#6663,#6664,#6665);
#6663 = CARTESIAN_POINT('',(60.5,92.8,-7.6));
#6664 = DIRECTION('',(-0.,-0.,-1.));
#6665 = DIRECTION('',(1.,0.,0.));
#6666 = DEFINITIONAL_REPRESENTATION('',(#6667),#6671);
#6667 = LINE('',#6668,#6669);
#6668 = CARTESIAN_POINT('',(-6.28318530718,-0.9));
#6669 = VECTOR('',#6670,1.);
#6670 = DIRECTION('',(1.,-0.));
#6671 = ( GEOMETRIC_REPRESENTATION_CONTEXT(2) 
PARAMETRIC_REPRESENTATION_CONTEXT() REPRESENTATION_CONTEXT('2D SPACE',''
  ) );
#6672 = FACE_BOUND('',#6673,.T.);
#6673 = EDGE_LOOP('',(#6674,#6709,#6737,#6763,#6796,#6822,#6855,#6881,
    #6914,#6940,#6973));
#6674 = ORIENTED_EDGE('',*,*,#6675,.T.);
#6675 = EDGE_CURVE('',#6676,#6678,#6680,.T.);
#6676 = VERTEX_POINT('',#6677);
#6677 = CARTESIAN_POINT('',(55.49666295471,101.6,-6.7));
#6678 = VERTEX_POINT('',#6679);
#6679 = CARTESIAN_POINT('',(57.,99.,-6.7));
#6680 = SURFACE_CURVE('',#6681,(#6686,#6697),.PCURVE_S1.);
#6681 = CIRCLE('',#6682,3.);
#6682 = AXIS2_PLACEMENT_3D('',#6683,#6684,#6685);
#6683 = CARTESIAN_POINT('',(54.,99.,-6.7));
#6684 = DIRECTION('',(0.,0.,-1.));
#6685 = DIRECTION('',(1.,0.,0.));
#6686 = PCURVE('',#3536,#6687);
#6687 = DEFINITIONAL_REPRESENTATION('',(#6688),#6696);
#6688 = ( BOUNDED_CURVE() B_SPLINE_CURVE(2,(#6689,#6690,#6691,#6692,
#6693,#6694,#6695),.UNSPECIFIED.,.T.,.F.) B_SPLINE_CURVE_WITH_KNOTS((1,2
    ,2,2,2,1),(-2.094395102393,0.,2.094395102393,4.188790204786,
6.28318530718,8.377580409573),.UNSPECIFIED.) CURVE() 
GEOMETRIC_REPRESENTATION_ITEM() RATIONAL_B_SPLINE_CURVE((1.,0.5,1.,0.5,
1.,0.5,1.)) REPRESENTATION_ITEM('') );
#6689 = CARTESIAN_POINT('',(50.5,93.));
#6690 = CARTESIAN_POINT('',(50.5,87.803847577293));
#6691 = CARTESIAN_POINT('',(46.,90.401923788647));
#6692 = CARTESIAN_POINT('',(41.5,93.));
#6693 = CARTESIAN_POINT('',(46.,95.598076211353));
#6694 = CARTESIAN_POINT('',(50.5,98.196152422707));
#6695 = CARTESIAN_POINT('',(50.5,93.));
#6696 = ( GEOMETRIC_REPRESENTATION_CONTEXT(2) 
PARAMETRIC_REPRESENTATION_CONTEXT() REPRESENTATION_CONTEXT('2D SPACE',''
  ) );
#6697 = PCURVE('',#6698,#6703);
#6698 = CYLINDRICAL_SURFACE('',#6699,3.);
#6699 = AXIS2_PLACEMENT_3D('',#6700,#6701,#6702);
#6700 = CARTESIAN_POINT('',(54.,99.,-7.));
#6701 = DIRECTION('',(-0.,-0.,-1.));
#6702 = DIRECTION('',(1.,0.,0.));
#6703 = DEFINITIONAL_REPRESENTATION('',(#6704),#6708);
#6704 = LINE('',#6705,#6706);
#6705 = CARTESIAN_POINT('',(-6.28318530718,-0.3));
#6706 = VECTOR('',#6707,1.);
#6707 = DIRECTION('',(1.,-0.));
#6708 = ( GEOMETRIC_REPRESENTATION_CONTEXT(2) 
PARAMETRIC_REPRESENTATION_CONTEXT() REPRESENTATION_CONTEXT('2D SPACE',''
  ) );
#6709 = ORIENTED_EDGE('',*,*,#6710,.T.);
#6710 = EDGE_CURVE('',#6678,#6711,#6713,.T.);
#6711 = VERTEX_POINT('',#6712);
#6712 = CARTESIAN_POINT('',(52.50333704529,101.6,-6.7));
#6713 = SURFACE_CURVE('',#6714,(#6719,#6730),.PCURVE_S1.);
#6714 = CIRCLE('',#6715,3.);
#6715 = AXIS2_PLACEMENT_3D('',#6716,#6717,#6718);
#6716 = CARTESIAN_POINT('',(54.,99.,-6.7));
#6717 = DIRECTION('',(0.,0.,-1.));
#6718 = DIRECTION('',(1.,0.,0.));
#6719 = PCURVE('',#3536,#6720);
#6720 = DEFINITIONAL_REPRESENTATION('',(#6721),#6729);
#6721 = ( BOUNDED_CURVE() B_SPLINE_CURVE(2,(#6722,#6723,#6724,#6725,
#6726,#6727,#6728),.UNSPECIFIED.,.T.,.F.) B_SPLINE_CURVE_WITH_KNOTS((1,2
    ,2,2,2,1),(-2.094395102393,0.,2.094395102393,4.188790204786,
6.28318530718,8.377580409573),.UNSPECIFIED.) CURVE() 
GEOMETRIC_REPRESENTATION_ITEM() RATIONAL_B_SPLINE_CURVE((1.,0.5,1.,0.5,
1.,0.5,1.)) REPRESENTATION_ITEM('') );
#6722 = CARTESIAN_POINT('',(50.5,93.));
#6723 = CARTESIAN_POINT('',(50.5,87.803847577293));
#6724 = CARTESIAN_POINT('',(46.,90.401923788647));
#6725 = CARTESIAN_POINT('',(41.5,93.));
#6726 = CARTESIAN_POINT('',(46.,95.598076211353));
#6727 = CARTESIAN_POINT('',(50.5,98.196152422707));
#6728 = CARTESIAN_POINT('',(50.5,93.));
#6729 = ( GEOMETRIC_REPRESENTATION_CONTEXT(2) 
PARAMETRIC_REPRESENTATION_CONTEXT() REPRESENTATION_CONTEXT('2D SPACE',''
  ) );
#6730 = PCURVE('',#6698,#6731);
#6731 = DEFINITIONAL_REPRESENTATION('',(#6732),#6736);
#6732 = LINE('',#6733,#6734);
#6733 = CARTESIAN_POINT('',(-6.28318530718,-0.3));
#6734 = VECTOR('',#6735,1.);
#6735 = DIRECTION('',(1.,-0.));
#6736 = ( GEOMETRIC_REPRESENTATION_CONTEXT(2) 
PARAMETRIC_REPRESENTATION_CONTEXT() REPRESENTATION_CONTEXT('2D SPACE',''
  ) );
#6737 = ORIENTED_EDGE('',*,*,#6738,.T.);
#6738 = EDGE_CURVE('',#6711,#6739,#6741,.T.);
#6739 = VERTEX_POINT('',#6740);
#6740 = CARTESIAN_POINT('',(37.7,101.6,-6.7));
#6741 = SURFACE_CURVE('',#6742,(#6746,#6752),.PCURVE_S1.);
#6742 = LINE('',#6743,#6744);
#6743 = CARTESIAN_POINT('',(22.1,101.6,-6.7));
#6744 = VECTOR('',#6745,1.);
#6745 = DIRECTION('',(-1.,0.,0.));
#6746 = PCURVE('',#3536,#6747);
#6747 = DEFINITIONAL_REPRESENTATION('',(#6748),#6751);
#6748 = B_SPLINE_CURVE_WITH_KNOTS('',1,(#6749,#6750),.UNSPECIFIED.,.F.,
  .F.,(2,2),(-38.2,-15.6),.PIECEWISE_BEZIER_KNOTS.);
#6749 = CARTESIAN_POINT('',(53.8,95.6));
#6750 = CARTESIAN_POINT('',(31.2,95.6));
#6751 = ( GEOMETRIC_REPRESENTATION_CONTEXT(2) 
PARAMETRIC_REPRESENTATION_CONTEXT() REPRESENTATION_CONTEXT('2D SPACE',''
  ) );
#6752 = PCURVE('',#6753,#6758);
#6753 = PLANE('',#6754);
#6754 = AXIS2_PLACEMENT_3D('',#6755,#6756,#6757);
#6755 = CARTESIAN_POINT('',(37.7,101.6,-7.6));
#6756 = DIRECTION('',(0.,1.,0.));
#6757 = DIRECTION('',(0.,0.,1.));
#6758 = DEFINITIONAL_REPRESENTATION('',(#6759),#6762);
#6759 = B_SPLINE_CURVE_WITH_KNOTS('',1,(#6760,#6761),.UNSPECIFIED.,.F.,
  .F.,(2,2),(-38.2,-15.6),.PIECEWISE_BEZIER_KNOTS.);
#6760 = CARTESIAN_POINT('',(0.9,22.6));
#6761 = CARTESIAN_POINT('',(0.9,0.));
#6762 = ( GEOMETRIC_REPRESENTATION_CONTEXT(2) 
PARAMETRIC_REPRESENTATION_CONTEXT() REPRESENTATION_CONTEXT('2D SPACE',''
  ) );
#6763 = ORIENTED_EDGE('',*,*,#6764,.T.);
#6764 = EDGE_CURVE('',#6739,#6765,#6767,.T.);
#6765 = VERTEX_POINT('',#6766);
#6766 = CARTESIAN_POINT('',(36.5,102.8,-6.7));
#6767 = SURFACE_CURVE('',#6768,(#6773,#6784),.PCURVE_S1.);
#6768 = CIRCLE('',#6769,1.2);
#6769 = AXIS2_PLACEMENT_3D('',#6770,#6771,#6772);
#6770 = CARTESIAN_POINT('',(37.7,102.8,-6.7));
#6771 = DIRECTION('',(0.,0.,-1.));
#6772 = DIRECTION('',(1.,0.,0.));
#6773 = PCURVE('',#3536,#6774);
#6774 = DEFINITIONAL_REPRESENTATION('',(#6775),#6783);
#6775 = ( BOUNDED_CURVE() B_SPLINE_CURVE(2,(#6776,#6777,#6778,#6779,
#6780,#6781,#6782),.UNSPECIFIED.,.T.,.F.) B_SPLINE_CURVE_WITH_KNOTS((1,2
    ,2,2,2,1),(-2.094395102393,0.,2.094395102393,4.188790204786,
6.28318530718,8.377580409573),.UNSPECIFIED.) CURVE() 
GEOMETRIC_REPRESENTATION_ITEM() RATIONAL_B_SPLINE_CURVE((1.,0.5,1.,0.5,
1.,0.5,1.)) REPRESENTATION_ITEM('') );
#6776 = CARTESIAN_POINT('',(32.4,96.8));
#6777 = CARTESIAN_POINT('',(32.4,94.721539030917));
#6778 = CARTESIAN_POINT('',(30.6,95.760769515459));
#6779 = CARTESIAN_POINT('',(28.8,96.8));
#6780 = CARTESIAN_POINT('',(30.6,97.839230484541));
#6781 = CARTESIAN_POINT('',(32.4,98.878460969083));
#6782 = CARTESIAN_POINT('',(32.4,96.8));
#6783 = ( GEOMETRIC_REPRESENTATION_CONTEXT(2) 
PARAMETRIC_REPRESENTATION_CONTEXT() REPRESENTATION_CONTEXT('2D SPACE',''
  ) );
#6784 = PCURVE('',#6785,#6790);
#6785 = CYLINDRICAL_SURFACE('',#6786,1.2);
#6786 = AXIS2_PLACEMENT_3D('',#6787,#6788,#6789);
#6787 = CARTESIAN_POINT('',(37.7,102.8,-7.6));
#6788 = DIRECTION('',(-0.,-0.,-1.));
#6789 = DIRECTION('',(1.,0.,0.));
#6790 = DEFINITIONAL_REPRESENTATION('',(#6791),#6795);
#6791 = LINE('',#6792,#6793);
#6792 = CARTESIAN_POINT('',(-6.28318530718,-0.9));
#6793 = VECTOR('',#6794,1.);
#6794 = DIRECTION('',(1.,-0.));
#6795 = ( GEOMETRIC_REPRESENTATION_CONTEXT(2) 
PARAMETRIC_REPRESENTATION_CONTEXT() REPRESENTATION_CONTEXT('2D SPACE',''
  ) );
#6796 = ORIENTED_EDGE('',*,*,#6797,.T.);
#6797 = EDGE_CURVE('',#6765,#6798,#6800,.T.);
#6798 = VERTEX_POINT('',#6799);
#6799 = CARTESIAN_POINT('',(36.5,103.2,-6.7));
#6800 = SURFACE_CURVE('',#6801,(#6805,#6811),.PCURVE_S1.);
#6801 = LINE('',#6802,#6803);
#6802 = CARTESIAN_POINT('',(36.5,54.4,-6.7));
#6803 = VECTOR('',#6804,1.);
#6804 = DIRECTION('',(0.,1.,0.));
#6805 = PCURVE('',#3536,#6806);
#6806 = DEFINITIONAL_REPRESENTATION('',(#6807),#6810);
#6807 = B_SPLINE_CURVE_WITH_KNOTS('',1,(#6808,#6809),.UNSPECIFIED.,.F.,
  .F.,(2,2),(48.4,48.8),.PIECEWISE_BEZIER_KNOTS.);
#6808 = CARTESIAN_POINT('',(30.,96.8));
#6809 = CARTESIAN_POINT('',(30.,97.2));
#6810 = ( GEOMETRIC_REPRESENTATION_CONTEXT(2) 
PARAMETRIC_REPRESENTATION_CONTEXT() REPRESENTATION_CONTEXT('2D SPACE',''
  ) );
#6811 = PCURVE('',#6812,#6817);
#6812 = PLANE('',#6813);
#6813 = AXIS2_PLACEMENT_3D('',#6814,#6815,#6816);
#6814 = CARTESIAN_POINT('',(36.5,102.8,-7.6));
#6815 = DIRECTION('',(1.,0.,0.));
#6816 = DIRECTION('',(0.,0.,1.));
#6817 = DEFINITIONAL_REPRESENTATION('',(#6818),#6821);
#6818 = B_SPLINE_CURVE_WITH_KNOTS('',1,(#6819,#6820),.UNSPECIFIED.,.F.,
  .F.,(2,2),(48.4,48.8),.PIECEWISE_BEZIER_KNOTS.);
#6819 = CARTESIAN_POINT('',(0.9,0.));
#6820 = CARTESIAN_POINT('',(0.9,-0.4));
#6821 = ( GEOMETRIC_REPRESENTATION_CONTEXT(2) 
PARAMETRIC_REPRESENTATION_CONTEXT() REPRESENTATION_CONTEXT('2D SPACE',''
  ) );
#6822 = ORIENTED_EDGE('',*,*,#6823,.T.);
#6823 = EDGE_CURVE('',#6798,#6824,#6826,.T.);
#6824 = VERTEX_POINT('',#6825);
#6825 = CARTESIAN_POINT('',(37.7,104.4,-6.7));
#6826 = SURFACE_CURVE('',#6827,(#6832,#6843),.PCURVE_S1.);
#6827 = CIRCLE('',#6828,1.2);
#6828 = AXIS2_PLACEMENT_3D('',#6829,#6830,#6831);
#6829 = CARTESIAN_POINT('',(37.7,103.2,-6.7));
#6830 = DIRECTION('',(0.,0.,-1.));
#6831 = DIRECTION('',(1.,0.,0.));
#6832 = PCURVE('',#3536,#6833);
#6833 = DEFINITIONAL_REPRESENTATION('',(#6834),#6842);
#6834 = ( BOUNDED_CURVE() B_SPLINE_CURVE(2,(#6835,#6836,#6837,#6838,
#6839,#6840,#6841),.UNSPECIFIED.,.T.,.F.) B_SPLINE_CURVE_WITH_KNOTS((1,2
    ,2,2,2,1),(-2.094395102393,0.,2.094395102393,4.188790204786,
6.28318530718,8.377580409573),.UNSPECIFIED.) CURVE() 
GEOMETRIC_REPRESENTATION_ITEM() RATIONAL_B_SPLINE_CURVE((1.,0.5,1.,0.5,
1.,0.5,1.)) REPRESENTATION_ITEM('') );
#6835 = CARTESIAN_POINT('',(32.4,97.2));
#6836 = CARTESIAN_POINT('',(32.4,95.121539030917));
#6837 = CARTESIAN_POINT('',(30.6,96.160769515459));
#6838 = CARTESIAN_POINT('',(28.8,97.2));
#6839 = CARTESIAN_POINT('',(30.6,98.239230484541));
#6840 = CARTESIAN_POINT('',(32.4,99.278460969083));
#6841 = CARTESIAN_POINT('',(32.4,97.2));
#6842 = ( GEOMETRIC_REPRESENTATION_CONTEXT(2) 
PARAMETRIC_REPRESENTATION_CONTEXT() REPRESENTATION_CONTEXT('2D SPACE',''
  ) );
#6843 = PCURVE('',#6844,#6849);
#6844 = CYLINDRICAL_SURFACE('',#6845,1.2);
#6845 = AXIS2_PLACEMENT_3D('',#6846,#6847,#6848);
#6846 = CARTESIAN_POINT('',(37.7,103.2,-7.6));
#6847 = DIRECTION('',(-0.,-0.,-1.));
#6848 = DIRECTION('',(1.,0.,0.));
#6849 = DEFINITIONAL_REPRESENTATION('',(#6850),#6854);
#6850 = LINE('',#6851,#6852);
#6851 = CARTESIAN_POINT('',(-6.28318530718,-0.9));
#6852 = VECTOR('',#6853,1.);
#6853 = DIRECTION('',(1.,-0.));
#6854 = ( GEOMETRIC_REPRESENTATION_CONTEXT(2) 
PARAMETRIC_REPRESENTATION_CONTEXT() REPRESENTATION_CONTEXT('2D SPACE',''
  ) );
#6855 = ORIENTED_EDGE('',*,*,#6856,.F.);
#6856 = EDGE_CURVE('',#6857,#6824,#6859,.T.);
#6857 = VERTEX_POINT('',#6858);
#6858 = CARTESIAN_POINT('',(60.3,104.4,-6.7));
#6859 = SURFACE_CURVE('',#6860,(#6864,#6870),.PCURVE_S1.);
#6860 = LINE('',#6861,#6862);
#6861 = CARTESIAN_POINT('',(22.1,104.4,-6.7));
#6862 = VECTOR('',#6863,1.);
#6863 = DIRECTION('',(-1.,0.,0.));
#6864 = PCURVE('',#3536,#6865);
#6865 = DEFINITIONAL_REPRESENTATION('',(#6866),#6869);
#6866 = B_SPLINE_CURVE_WITH_KNOTS('',1,(#6867,#6868),.UNSPECIFIED.,.F.,
  .F.,(2,2),(-38.2,-15.6),.PIECEWISE_BEZIER_KNOTS.);
#6867 = CARTESIAN_POINT('',(53.8,98.4));
#6868 = CARTESIAN_POINT('',(31.2,98.4));
#6869 = ( GEOMETRIC_REPRESENTATION_CONTEXT(2) 
PARAMETRIC_REPRESENTATION_CONTEXT() REPRESENTATION_CONTEXT('2D SPACE',''
  ) );
#6870 = PCURVE('',#6871,#6876);
#6871 = PLANE('',#6872);
#6872 = AXIS2_PLACEMENT_3D('',#6873,#6874,#6875);
#6873 = CARTESIAN_POINT('',(37.7,104.4,-7.6));
#6874 = DIRECTION('',(0.,1.,0.));
#6875 = DIRECTION('',(0.,0.,1.));
#6876 = DEFINITIONAL_REPRESENTATION('',(#6877),#6880);
#6877 = B_SPLINE_CURVE_WITH_KNOTS('',1,(#6878,#6879),.UNSPECIFIED.,.F.,
  .F.,(2,2),(-38.2,-15.6),.PIECEWISE_BEZIER_KNOTS.);
#6878 = CARTESIAN_POINT('',(0.9,22.6));
#6879 = CARTESIAN_POINT('',(0.9,0.));
#6880 = ( GEOMETRIC_REPRESENTATION_CONTEXT(2) 
PARAMETRIC_REPRESENTATION_CONTEXT() REPRESENTATION_CONTEXT('2D SPACE',''
  ) );
#6881 = ORIENTED_EDGE('',*,*,#6882,.T.);
#6882 = EDGE_CURVE('',#6857,#6883,#6885,.T.);
#6883 = VERTEX_POINT('',#6884);
#6884 = CARTESIAN_POINT('',(61.5,103.2,-6.7));
#6885 = SURFACE_CURVE('',#6886,(#6891,#6902),.PCURVE_S1.);
#6886 = CIRCLE('',#6887,1.2);
#6887 = AXIS2_PLACEMENT_3D('',#6888,#6889,#6890);
#6888 = CARTESIAN_POINT('',(60.3,103.2,-6.7));
#6889 = DIRECTION('',(0.,0.,-1.));
#6890 = DIRECTION('',(1.,0.,0.));
#6891 = PCURVE('',#3536,#6892);
#6892 = DEFINITIONAL_REPRESENTATION('',(#6893),#6901);
#6893 = ( BOUNDED_CURVE() B_SPLINE_CURVE(2,(#6894,#6895,#6896,#6897,
#6898,#6899,#6900),.UNSPECIFIED.,.T.,.F.) B_SPLINE_CURVE_WITH_KNOTS((1,2
    ,2,2,2,1),(-2.094395102393,0.,2.094395102393,4.188790204786,
6.28318530718,8.377580409573),.UNSPECIFIED.) CURVE() 
GEOMETRIC_REPRESENTATION_ITEM() RATIONAL_B_SPLINE_CURVE((1.,0.5,1.,0.5,
1.,0.5,1.)) REPRESENTATION_ITEM('') );
#6894 = CARTESIAN_POINT('',(55.,97.2));
#6895 = CARTESIAN_POINT('',(55.,95.121539030917));
#6896 = CARTESIAN_POINT('',(53.2,96.160769515459));
#6897 = CARTESIAN_POINT('',(51.4,97.2));
#6898 = CARTESIAN_POINT('',(53.2,98.239230484541));
#6899 = CARTESIAN_POINT('',(55.,99.278460969083));
#6900 = CARTESIAN_POINT('',(55.,97.2));
#6901 = ( GEOMETRIC_REPRESENTATION_CONTEXT(2) 
PARAMETRIC_REPRESENTATION_CONTEXT() REPRESENTATION_CONTEXT('2D SPACE',''
  ) );
#6902 = PCURVE('',#6903,#6908);
#6903 = CYLINDRICAL_SURFACE('',#6904,1.2);
#6904 = AXIS2_PLACEMENT_3D('',#6905,#6906,#6907);
#6905 = CARTESIAN_POINT('',(60.3,103.2,-7.6));
#6906 = DIRECTION('',(-0.,-0.,-1.));
#6907 = DIRECTION('',(1.,0.,0.));
#6908 = DEFINITIONAL_REPRESENTATION('',(#6909),#6913);
#6909 = LINE('',#6910,#6911);
#6910 = CARTESIAN_POINT('',(-6.28318530718,-0.9));
#6911 = VECTOR('',#6912,1.);
#6912 = DIRECTION('',(1.,-0.));
#6913 = ( GEOMETRIC_REPRESENTATION_CONTEXT(2) 
PARAMETRIC_REPRESENTATION_CONTEXT() REPRESENTATION_CONTEXT('2D SPACE',''
  ) );
#6914 = ORIENTED_EDGE('',*,*,#6915,.F.);
#6915 = EDGE_CURVE('',#6916,#6883,#6918,.T.);
#6916 = VERTEX_POINT('',#6917);
#6917 = CARTESIAN_POINT('',(61.5,102.8,-6.7));
#6918 = SURFACE_CURVE('',#6919,(#6923,#6929),.PCURVE_S1.);
#6919 = LINE('',#6920,#6921);
#6920 = CARTESIAN_POINT('',(61.5,54.4,-6.7));
#6921 = VECTOR('',#6922,1.);
#6922 = DIRECTION('',(0.,1.,0.));
#6923 = PCURVE('',#3536,#6924);
#6924 = DEFINITIONAL_REPRESENTATION('',(#6925),#6928);
#6925 = B_SPLINE_CURVE_WITH_KNOTS('',1,(#6926,#6927),.UNSPECIFIED.,.F.,
  .F.,(2,2),(48.4,48.8),.PIECEWISE_BEZIER_KNOTS.);
#6926 = CARTESIAN_POINT('',(55.,96.8));
#6927 = CARTESIAN_POINT('',(55.,97.2));
#6928 = ( GEOMETRIC_REPRESENTATION_CONTEXT(2) 
PARAMETRIC_REPRESENTATION_CONTEXT() REPRESENTATION_CONTEXT('2D SPACE',''
  ) );
#6929 = PCURVE('',#6930,#6935);
#6930 = PLANE('',#6931);
#6931 = AXIS2_PLACEMENT_3D('',#6932,#6933,#6934);
#6932 = CARTESIAN_POINT('',(61.5,102.8,-7.6));
#6933 = DIRECTION('',(1.,0.,0.));
#6934 = DIRECTION('',(0.,0.,1.));
#6935 = DEFINITIONAL_REPRESENTATION('',(#6936),#6939);
#6936 = B_SPLINE_CURVE_WITH_KNOTS('',1,(#6937,#6938),.UNSPECIFIED.,.F.,
  .F.,(2,2),(48.4,48.8),.PIECEWISE_BEZIER_KNOTS.);
#6937 = CARTESIAN_POINT('',(0.9,0.));
#6938 = CARTESIAN_POINT('',(0.9,-0.4));
#6939 = ( GEOMETRIC_REPRESENTATION_CONTEXT(2) 
PARAMETRIC_REPRESENTATION_CONTEXT() REPRESENTATION_CONTEXT('2D SPACE',''
  ) );
#6940 = ORIENTED_EDGE('',*,*,#6941,.T.);
#6941 = EDGE_CURVE('',#6916,#6942,#6944,.T.);
#6942 = VERTEX_POINT('',#6943);
#6943 = CARTESIAN_POINT('',(60.3,101.6,-6.7));
#6944 = SURFACE_CURVE('',#6945,(#6950,#6961),.PCURVE_S1.);
#6945 = CIRCLE('',#6946,1.2);
#6946 = AXIS2_PLACEMENT_3D('',#6947,#6948,#6949);
#6947 = CARTESIAN_POINT('',(60.3,102.8,-6.7));
#6948 = DIRECTION('',(0.,0.,-1.));
#6949 = DIRECTION('',(1.,0.,0.));
#6950 = PCURVE('',#3536,#6951);
#6951 = DEFINITIONAL_REPRESENTATION('',(#6952),#6960);
#6952 = ( BOUNDED_CURVE() B_SPLINE_CURVE(2,(#6953,#6954,#6955,#6956,
#6957,#6958,#6959),.UNSPECIFIED.,.T.,.F.) B_SPLINE_CURVE_WITH_KNOTS((1,2
    ,2,2,2,1),(-2.094395102393,0.,2.094395102393,4.188790204786,
6.28318530718,8.377580409573),.UNSPECIFIED.) CURVE() 
GEOMETRIC_REPRESENTATION_ITEM() RATIONAL_B_SPLINE_CURVE((1.,0.5,1.,0.5,
1.,0.5,1.)) REPRESENTATION_ITEM('') );
#6953 = CARTESIAN_POINT('',(55.,96.8));
#6954 = CARTESIAN_POINT('',(55.,94.721539030917));
#6955 = CARTESIAN_POINT('',(53.2,95.760769515459));
#6956 = CARTESIAN_POINT('',(51.4,96.8));
#6957 = CARTESIAN_POINT('',(53.2,97.839230484541));
#6958 = CARTESIAN_POINT('',(55.,98.878460969083));
#6959 = CARTESIAN_POINT('',(55.,96.8));
#6960 = ( GEOMETRIC_REPRESENTATION_CONTEXT(2) 
PARAMETRIC_REPRESENTATION_CONTEXT() REPRESENTATION_CONTEXT('2D SPACE',''
  ) );
#6961 = PCURVE('',#6962,#6967);
#6962 = CYLINDRICAL_SURFACE('',#6963,1.2);
#6963 = AXIS2_PLACEMENT_3D('',#6964,#6965,#6966);
#6964 = CARTESIAN_POINT('',(60.3,102.8,-7.6));
#6965 = DIRECTION('',(-0.,-0.,-1.));
#6966 = DIRECTION('',(1.,0.,0.));
#6967 = DEFINITIONAL_REPRESENTATION('',(#6968),#6972);
#6968 = LINE('',#6969,#6970);
#6969 = CARTESIAN_POINT('',(-6.28318530718,-0.9));
#6970 = VECTOR('',#6971,1.);
#6971 = DIRECTION('',(1.,-0.));
#6972 = ( GEOMETRIC_REPRESENTATION_CONTEXT(2) 
PARAMETRIC_REPRESENTATION_CONTEXT() REPRESENTATION_CONTEXT('2D SPACE',''
  ) );
#6973 = ORIENTED_EDGE('',*,*,#6974,.T.);
#6974 = EDGE_CURVE('',#6942,#6676,#6975,.T.);
#6975 = SURFACE_CURVE('',#6976,(#6980,#6986),.PCURVE_S1.);
#6976 = LINE('',#6977,#6978);
#6977 = CARTESIAN_POINT('',(22.1,101.6,-6.7));
#6978 = VECTOR('',#6979,1.);
#6979 = DIRECTION('',(-1.,0.,0.));
#6980 = PCURVE('',#3536,#6981);
#6981 = DEFINITIONAL_REPRESENTATION('',(#6982),#6985);
#6982 = B_SPLINE_CURVE_WITH_KNOTS('',1,(#6983,#6984),.UNSPECIFIED.,.F.,
  .F.,(2,2),(-38.2,-15.6),.PIECEWISE_BEZIER_KNOTS.);
#6983 = CARTESIAN_POINT('',(53.8,95.6));
#6984 = CARTESIAN_POINT('',(31.2,95.6));
#6985 = ( GEOMETRIC_REPRESENTATION_CONTEXT(2) 
PARAMETRIC_REPRESENTATION_CONTEXT() REPRESENTATION_CONTEXT('2D SPACE',''
  ) );
#6986 = PCURVE('',#6753,#6987);
#6987 = DEFINITIONAL_REPRESENTATION('',(#6988),#6991);
#6988 = B_SPLINE_CURVE_WITH_KNOTS('',1,(#6989,#6990),.UNSPECIFIED.,.F.,
  .F.,(2,2),(-38.2,-15.6),.PIECEWISE_BEZIER_KNOTS.);
#6989 = CARTESIAN_POINT('',(0.9,22.6));
#6990 = CARTESIAN_POINT('',(0.9,0.));
#6991 = ( GEOMETRIC_REPRESENTATION_CONTEXT(2) 
PARAMETRIC_REPRESENTATION_CONTEXT() REPRESENTATION_CONTEXT('2D SPACE',''
  ) );
#6992 = ADVANCED_FACE('',(#6993,#6999),#3671,.F.);
#6993 = FACE_BOUND('',#6994,.F.);
#6994 = EDGE_LOOP('',(#6995,#6996,#6997,#6998));
#6995 = ORIENTED_EDGE('',*,*,#3654,.F.);
#6996 = ORIENTED_EDGE('',*,*,#6035,.T.);
#6997 = ORIENTED_EDGE('',*,*,#4010,.T.);
#6998 = ORIENTED_EDGE('',*,*,#3962,.T.);
#6999 = FACE_BOUND('',#7000,.F.);
#7000 = EDGE_LOOP('',(#7001,#7029,#7055,#7081));
#7001 = ORIENTED_EDGE('',*,*,#7002,.F.);
#7002 = EDGE_CURVE('',#7003,#7005,#7007,.T.);
#7003 = VERTEX_POINT('',#7004);
#7004 = CARTESIAN_POINT('',(62.7,28.374456264654,-8.E-02));
#7005 = VERTEX_POINT('',#7006);
#7006 = CARTESIAN_POINT('',(62.7,11.625543735346,-8.E-02));
#7007 = SURFACE_CURVE('',#7008,(#7012,#7018),.PCURVE_S1.);
#7008 = LINE('',#7009,#7010);
#7009 = CARTESIAN_POINT('',(62.7,8.75,-8.E-02));
#7010 = VECTOR('',#7011,1.);
#7011 = DIRECTION('',(0.,-1.,0.));
#7012 = PCURVE('',#3671,#7013);
#7013 = DEFINITIONAL_REPRESENTATION('',(#7014),#7017);
#7014 = B_SPLINE_CURVE_WITH_KNOTS('',1,(#7015,#7016),.UNSPECIFIED.,.F.,
  .F.,(2,2),(-19.75,-2.75),.PIECEWISE_BEZIER_KNOTS.);
#7015 = CARTESIAN_POINT('',(6.62,-22.5));
#7016 = CARTESIAN_POINT('',(6.62,-5.5));
#7017 = ( GEOMETRIC_REPRESENTATION_CONTEXT(2) 
PARAMETRIC_REPRESENTATION_CONTEXT() REPRESENTATION_CONTEXT('2D SPACE',''
  ) );
#7018 = PCURVE('',#7019,#7024);
#7019 = PLANE('',#7020);
#7020 = AXIS2_PLACEMENT_3D('',#7021,#7022,#7023);
#7021 = CARTESIAN_POINT('',(57.3,11.5,-8.E-02));
#7022 = DIRECTION('',(0.,0.,1.));
#7023 = DIRECTION('',(1.,0.,0.));
#7024 = DEFINITIONAL_REPRESENTATION('',(#7025),#7028);
#7025 = B_SPLINE_CURVE_WITH_KNOTS('',1,(#7026,#7027),.UNSPECIFIED.,.F.,
  .F.,(2,2),(-19.75,-2.75),.PIECEWISE_BEZIER_KNOTS.);
#7026 = CARTESIAN_POINT('',(5.4,17.));
#7027 = CARTESIAN_POINT('',(5.4,-3.552713678801E-15));
#7028 = ( GEOMETRIC_REPRESENTATION_CONTEXT(2) 
PARAMETRIC_REPRESENTATION_CONTEXT() REPRESENTATION_CONTEXT('2D SPACE',''
  ) );
#7029 = ORIENTED_EDGE('',*,*,#7030,.T.);
#7030 = EDGE_CURVE('',#7003,#7031,#7033,.T.);
#7031 = VERTEX_POINT('',#7032);
#7032 = CARTESIAN_POINT('',(62.7,28.374456264654,-1.));
#7033 = SURFACE_CURVE('',#7034,(#7038,#7044),.PCURVE_S1.);
#7034 = LINE('',#7035,#7036);
#7035 = CARTESIAN_POINT('',(62.7,28.374456264654,-1.));
#7036 = VECTOR('',#7037,1.);
#7037 = DIRECTION('',(-0.,-0.,-1.));
#7038 = PCURVE('',#3671,#7039);
#7039 = DEFINITIONAL_REPRESENTATION('',(#7040),#7043);
#7040 = B_SPLINE_CURVE_WITH_KNOTS('',1,(#7041,#7042),.UNSPECIFIED.,.F.,
  .F.,(2,2),(-0.9200006,5.999999999062E-07),.PIECEWISE_BEZIER_KNOTS.);
#7041 = CARTESIAN_POINT('',(6.6200006,-22.37445626465));
#7042 = CARTESIAN_POINT('',(5.6999994,-22.37445626465));
#7043 = ( GEOMETRIC_REPRESENTATION_CONTEXT(2) 
PARAMETRIC_REPRESENTATION_CONTEXT() REPRESENTATION_CONTEXT('2D SPACE',''
  ) );
#7044 = PCURVE('',#7045,#7050);
#7045 = CYLINDRICAL_SURFACE('',#7046,0.7);
#7046 = AXIS2_PLACEMENT_3D('',#7047,#7048,#7049);
#7047 = CARTESIAN_POINT('',(62.3,27.8,-1.));
#7048 = DIRECTION('',(-0.,-0.,-1.));
#7049 = DIRECTION('',(1.,0.,0.));
#7050 = DEFINITIONAL_REPRESENTATION('',(#7051),#7054);
#7051 = B_SPLINE_CURVE_WITH_KNOTS('',1,(#7052,#7053),.UNSPECIFIED.,.F.,
  .F.,(2,2),(-0.9200006,5.999999999062E-07),.PIECEWISE_BEZIER_KNOTS.);
#7052 = CARTESIAN_POINT('',(-0.962550747885,-0.9200006));
#7053 = CARTESIAN_POINT('',(-0.962550747885,5.999999999062E-07));
#7054 = ( GEOMETRIC_REPRESENTATION_CONTEXT(2) 
PARAMETRIC_REPRESENTATION_CONTEXT() REPRESENTATION_CONTEXT('2D SPACE',''
  ) );
#7055 = ORIENTED_EDGE('',*,*,#7056,.T.);
#7056 = EDGE_CURVE('',#7031,#7057,#7059,.T.);
#7057 = VERTEX_POINT('',#7058);
#7058 = CARTESIAN_POINT('',(62.7,11.625543735346,-1.));
#7059 = SURFACE_CURVE('',#7060,(#7064,#7070),.PCURVE_S1.);
#7060 = LINE('',#7061,#7062);
#7061 = CARTESIAN_POINT('',(62.7,9.1,-1.));
#7062 = VECTOR('',#7063,1.);
#7063 = DIRECTION('',(0.,-1.,0.));
#7064 = PCURVE('',#3671,#7065);
#7065 = DEFINITIONAL_REPRESENTATION('',(#7066),#7069);
#7066 = B_SPLINE_CURVE_WITH_KNOTS('',1,(#7067,#7068),.UNSPECIFIED.,.F.,
  .F.,(2,2),(-19.4,-2.4),.PIECEWISE_BEZIER_KNOTS.);
#7067 = CARTESIAN_POINT('',(5.7,-22.5));
#7068 = CARTESIAN_POINT('',(5.7,-5.5));
#7069 = ( GEOMETRIC_REPRESENTATION_CONTEXT(2) 
PARAMETRIC_REPRESENTATION_CONTEXT() REPRESENTATION_CONTEXT('2D SPACE',''
  ) );
#7070 = PCURVE('',#7071,#7076);
#7071 = PLANE('',#7072);
#7072 = AXIS2_PLACEMENT_3D('',#7073,#7074,#7075);
#7073 = CARTESIAN_POINT('',(57.3,12.2,-1.));
#7074 = DIRECTION('',(0.,0.,1.));
#7075 = DIRECTION('',(1.,0.,-0.));
#7076 = DEFINITIONAL_REPRESENTATION('',(#7077),#7080);
#7077 = B_SPLINE_CURVE_WITH_KNOTS('',1,(#7078,#7079),.UNSPECIFIED.,.F.,
  .F.,(2,2),(-19.4,-2.4),.PIECEWISE_BEZIER_KNOTS.);
#7078 = CARTESIAN_POINT('',(5.4,16.3));
#7079 = CARTESIAN_POINT('',(5.4,-0.7));
#7080 = ( GEOMETRIC_REPRESENTATION_CONTEXT(2) 
PARAMETRIC_REPRESENTATION_CONTEXT() REPRESENTATION_CONTEXT('2D SPACE',''
  ) );
#7081 = ORIENTED_EDGE('',*,*,#7082,.F.);
#7082 = EDGE_CURVE('',#7005,#7057,#7083,.T.);
#7083 = SURFACE_CURVE('',#7084,(#7088,#7094),.PCURVE_S1.);
#7084 = LINE('',#7085,#7086);
#7085 = CARTESIAN_POINT('',(62.7,11.625543735346,-1.));
#7086 = VECTOR('',#7087,1.);
#7087 = DIRECTION('',(-0.,-0.,-1.));
#7088 = PCURVE('',#3671,#7089);
#7089 = DEFINITIONAL_REPRESENTATION('',(#7090),#7093);
#7090 = B_SPLINE_CURVE_WITH_KNOTS('',1,(#7091,#7092),.UNSPECIFIED.,.F.,
  .F.,(2,2),(-0.9200006,5.999999999062E-07),.PIECEWISE_BEZIER_KNOTS.);
#7091 = CARTESIAN_POINT('',(6.6200006,-5.625543735346));
#7092 = CARTESIAN_POINT('',(5.6999994,-5.625543735346));
#7093 = ( GEOMETRIC_REPRESENTATION_CONTEXT(2) 
PARAMETRIC_REPRESENTATION_CONTEXT() REPRESENTATION_CONTEXT('2D SPACE',''
  ) );
#7094 = PCURVE('',#7095,#7100);
#7095 = CYLINDRICAL_SURFACE('',#7096,0.7);
#7096 = AXIS2_PLACEMENT_3D('',#7097,#7098,#7099);
#7097 = CARTESIAN_POINT('',(62.3,12.2,-1.));
#7098 = DIRECTION('',(-0.,-0.,-1.));
#7099 = DIRECTION('',(1.,0.,0.));
#7100 = DEFINITIONAL_REPRESENTATION('',(#7101),#7104);
#7101 = B_SPLINE_CURVE_WITH_KNOTS('',1,(#7102,#7103),.UNSPECIFIED.,.F.,
  .F.,(2,2),(-0.9200006,5.999999999062E-07),.PIECEWISE_BEZIER_KNOTS.);
#7102 = CARTESIAN_POINT('',(-5.320634559295,-0.9200006));
#7103 = CARTESIAN_POINT('',(-5.320634559295,5.999999999062E-07));
#7104 = ( GEOMETRIC_REPRESENTATION_CONTEXT(2) 
PARAMETRIC_REPRESENTATION_CONTEXT() REPRESENTATION_CONTEXT('2D SPACE',''
  ) );
#7105 = ADVANCED_FACE('',(#7106),#3784,.F.);
#7106 = FACE_BOUND('',#7107,.F.);
#7107 = EDGE_LOOP('',(#7108,#7109,#7110,#7111));
#7108 = ORIENTED_EDGE('',*,*,#3829,.T.);
#7109 = ORIENTED_EDGE('',*,*,#3939,.T.);
#7110 = ORIENTED_EDGE('',*,*,#4113,.F.);
#7111 = ORIENTED_EDGE('',*,*,#3769,.F.);
#7112 = ADVANCED_FACE('',(#7113),#4366,.F.);
#7113 = FACE_BOUND('',#7114,.F.);
#7114 = EDGE_LOOP('',(#7115,#7116,#7144,#7165,#7198,#7218));
#7115 = ORIENTED_EDGE('',*,*,#4351,.F.);
#7116 = ORIENTED_EDGE('',*,*,#7117,.F.);
#7117 = EDGE_CURVE('',#7118,#4324,#7120,.T.);
#7118 = VERTEX_POINT('',#7119);
#7119 = CARTESIAN_POINT('',(-0.204476116745,105.3,0.2));
#7120 = SURFACE_CURVE('',#7121,(#7126,#7137),.PCURVE_S1.);
#7121 = CIRCLE('',#7122,9.2);
#7122 = AXIS2_PLACEMENT_3D('',#7123,#7124,#7125);
#7123 = CARTESIAN_POINT('',(6.5,99.,0.2));
#7124 = DIRECTION('',(0.,0.,-1.));
#7125 = DIRECTION('',(1.,0.,0.));
#7126 = PCURVE('',#4366,#7127);
#7127 = DEFINITIONAL_REPRESENTATION('',(#7128),#7136);
#7128 = ( BOUNDED_CURVE() B_SPLINE_CURVE(2,(#7129,#7130,#7131,#7132,
#7133,#7134,#7135),.UNSPECIFIED.,.T.,.F.) B_SPLINE_CURVE_WITH_KNOTS((1,2
    ,2,2,2,1),(-2.094395102393,0.,2.094395102393,4.188790204786,
6.28318530718,8.377580409573),.UNSPECIFIED.) CURVE() 
GEOMETRIC_REPRESENTATION_ITEM() RATIONAL_B_SPLINE_CURVE((1.,0.5,1.,0.5,
1.,0.5,1.)) REPRESENTATION_ITEM('') );
#7129 = CARTESIAN_POINT('',(9.2,93.));
#7130 = CARTESIAN_POINT('',(9.2,77.065132570366));
#7131 = CARTESIAN_POINT('',(-4.6,85.032566285183));
#7132 = CARTESIAN_POINT('',(-18.4,93.));
#7133 = CARTESIAN_POINT('',(-4.6,100.96743371481));
#7134 = CARTESIAN_POINT('',(9.2,108.93486742963));
#7135 = CARTESIAN_POINT('',(9.2,93.));
#7136 = ( GEOMETRIC_REPRESENTATION_CONTEXT(2) 
PARAMETRIC_REPRESENTATION_CONTEXT() REPRESENTATION_CONTEXT('2D SPACE',''
  ) );
#7137 = PCURVE('',#4339,#7138);
#7138 = DEFINITIONAL_REPRESENTATION('',(#7139),#7143);
#7139 = LINE('',#7140,#7141);
#7140 = CARTESIAN_POINT('',(-6.28318530718,-6.9));
#7141 = VECTOR('',#7142,1.);
#7142 = DIRECTION('',(1.,-0.));
#7143 = ( GEOMETRIC_REPRESENTATION_CONTEXT(2) 
PARAMETRIC_REPRESENTATION_CONTEXT() REPRESENTATION_CONTEXT('2D SPACE',''
  ) );
#7144 = ORIENTED_EDGE('',*,*,#7145,.F.);
#7145 = EDGE_CURVE('',#7146,#7118,#7148,.T.);
#7146 = VERTEX_POINT('',#7147);
#7147 = CARTESIAN_POINT('',(1.52575709992,105.3,0.2));
#7148 = SURFACE_CURVE('',#7149,(#7153,#7159),.PCURVE_S1.);
#7149 = LINE('',#7150,#7151);
#7150 = CARTESIAN_POINT('',(3.1,105.3,0.2));
#7151 = VECTOR('',#7152,1.);
#7152 = DIRECTION('',(-1.,0.,0.));
#7153 = PCURVE('',#4366,#7154);
#7154 = DEFINITIONAL_REPRESENTATION('',(#7155),#7158);
#7155 = B_SPLINE_CURVE_WITH_KNOTS('',1,(#7156,#7157),.UNSPECIFIED.,.F.,
  .F.,(2,2),(-57.2,3.4),.PIECEWISE_BEZIER_KNOTS.);
#7156 = CARTESIAN_POINT('',(53.8,99.3));
#7157 = CARTESIAN_POINT('',(-6.8,99.3));
#7158 = ( GEOMETRIC_REPRESENTATION_CONTEXT(2) 
PARAMETRIC_REPRESENTATION_CONTEXT() REPRESENTATION_CONTEXT('2D SPACE',''
  ) );
#7159 = PCURVE('',#4842,#7160);
#7160 = DEFINITIONAL_REPRESENTATION('',(#7161),#7164);
#7161 = B_SPLINE_CURVE_WITH_KNOTS('',1,(#7162,#7163),.UNSPECIFIED.,.F.,
  .F.,(2,2),(-57.2,3.4),.PIECEWISE_BEZIER_KNOTS.);
#7162 = CARTESIAN_POINT('',(0.15,60.6));
#7163 = CARTESIAN_POINT('',(0.15,0.));
#7164 = ( GEOMETRIC_REPRESENTATION_CONTEXT(2) 
PARAMETRIC_REPRESENTATION_CONTEXT() REPRESENTATION_CONTEXT('2D SPACE',''
  ) );
#7165 = ORIENTED_EDGE('',*,*,#7166,.T.);
#7166 = EDGE_CURVE('',#7146,#7167,#7169,.T.);
#7167 = VERTEX_POINT('',#7168);
#7168 = CARTESIAN_POINT('',(6.495,107.025,0.2));
#7169 = SURFACE_CURVE('',#7170,(#7175,#7186),.PCURVE_S1.);
#7170 = CIRCLE('',#7171,8.02);
#7171 = AXIS2_PLACEMENT_3D('',#7172,#7173,#7174);
#7172 = CARTESIAN_POINT('',(6.495,99.005,0.2));
#7173 = DIRECTION('',(0.,0.,-1.));
#7174 = DIRECTION('',(1.,0.,0.));
#7175 = PCURVE('',#4366,#7176);
#7176 = DEFINITIONAL_REPRESENTATION('',(#7177),#7185);
#7177 = ( BOUNDED_CURVE() B_SPLINE_CURVE(2,(#7178,#7179,#7180,#7181,
#7182,#7183,#7184),.UNSPECIFIED.,.T.,.F.) B_SPLINE_CURVE_WITH_KNOTS((1,2
    ,2,2,2,1),(-2.094395102393,0.,2.094395102393,4.188790204786,
6.28318530718,8.377580409573),.UNSPECIFIED.) CURVE() 
GEOMETRIC_REPRESENTATION_ITEM() RATIONAL_B_SPLINE_CURVE((1.,0.5,1.,0.5,
1.,0.5,1.)) REPRESENTATION_ITEM('') );
#7178 = CARTESIAN_POINT('',(8.015,93.005));
#7179 = CARTESIAN_POINT('',(8.015,79.113952523298));
#7180 = CARTESIAN_POINT('',(-4.015,86.059476261649));
#7181 = CARTESIAN_POINT('',(-16.045,93.005));
#7182 = CARTESIAN_POINT('',(-4.015,99.950523738351));
#7183 = CARTESIAN_POINT('',(8.015,106.8960474767));
#7184 = CARTESIAN_POINT('',(8.015,93.005));
#7185 = ( GEOMETRIC_REPRESENTATION_CONTEXT(2) 
PARAMETRIC_REPRESENTATION_CONTEXT() REPRESENTATION_CONTEXT('2D SPACE',''
  ) );
#7186 = PCURVE('',#7187,#7192);
#7187 = CYLINDRICAL_SURFACE('',#7188,8.02);
#7188 = AXIS2_PLACEMENT_3D('',#7189,#7190,#7191);
#7189 = CARTESIAN_POINT('',(6.495,99.005,0.25));
#7190 = DIRECTION('',(-0.,-0.,-1.));
#7191 = DIRECTION('',(1.,0.,0.));
#7192 = DEFINITIONAL_REPRESENTATION('',(#7193),#7197);
#7193 = LINE('',#7194,#7195);
#7194 = CARTESIAN_POINT('',(-6.28318530718,5.E-02));
#7195 = VECTOR('',#7196,1.);
#7196 = DIRECTION('',(1.,-0.));
#7197 = ( GEOMETRIC_REPRESENTATION_CONTEXT(2) 
PARAMETRIC_REPRESENTATION_CONTEXT() REPRESENTATION_CONTEXT('2D SPACE',''
  ) );
#7198 = ORIENTED_EDGE('',*,*,#7199,.F.);
#7199 = EDGE_CURVE('',#4533,#7167,#7200,.T.);
#7200 = SURFACE_CURVE('',#7201,(#7205,#7211),.PCURVE_S1.);
#7201 = LINE('',#7202,#7203);
#7202 = CARTESIAN_POINT('',(6.4975,107.025,0.2));
#7203 = VECTOR('',#7204,1.);
#7204 = DIRECTION('',(-1.,0.,0.));
#7205 = PCURVE('',#4366,#7206);
#7206 = DEFINITIONAL_REPRESENTATION('',(#7207),#7210);
#7207 = B_SPLINE_CURVE_WITH_KNOTS('',1,(#7208,#7209),.UNSPECIFIED.,.F.,
  .F.,(2,2),(-47.0075,2.500000000003E-03),.PIECEWISE_BEZIER_KNOTS.);
#7208 = CARTESIAN_POINT('',(47.005,101.025));
#7209 = CARTESIAN_POINT('',(-5.000000000005E-03,101.025));
#7210 = ( GEOMETRIC_REPRESENTATION_CONTEXT(2) 
PARAMETRIC_REPRESENTATION_CONTEXT() REPRESENTATION_CONTEXT('2D SPACE',''
  ) );
#7211 = PCURVE('',#4547,#7212);
#7212 = DEFINITIONAL_REPRESENTATION('',(#7213),#7217);
#7213 = LINE('',#7214,#7215);
#7214 = CARTESIAN_POINT('',(-5.E-02,2.500000000003E-03));
#7215 = VECTOR('',#7216,1.);
#7216 = DIRECTION('',(0.,-1.));
#7217 = ( GEOMETRIC_REPRESENTATION_CONTEXT(2) 
PARAMETRIC_REPRESENTATION_CONTEXT() REPRESENTATION_CONTEXT('2D SPACE',''
  ) );
#7218 = ORIENTED_EDGE('',*,*,#4558,.T.);
#7219 = ADVANCED_FACE('',(#7220),#4339,.F.);
#7220 = FACE_BOUND('',#7221,.T.);
#7221 = EDGE_LOOP('',(#7222,#7223,#7224,#7225,#7246,#7279,#7300,#7328));
#7222 = ORIENTED_EDGE('',*,*,#5987,.F.);
#7223 = ORIENTED_EDGE('',*,*,#4323,.T.);
#7224 = ORIENTED_EDGE('',*,*,#7117,.F.);
#7225 = ORIENTED_EDGE('',*,*,#7226,.T.);
#7226 = EDGE_CURVE('',#7118,#7227,#7229,.T.);
#7227 = VERTEX_POINT('',#7228);
#7228 = CARTESIAN_POINT('',(-0.204476116744,105.3,5.E-02));
#7229 = SURFACE_CURVE('',#7230,(#7234,#7240),.PCURVE_S1.);
#7230 = LINE('',#7231,#7232);
#7231 = CARTESIAN_POINT('',(-0.204476116745,105.3,-6.7));
#7232 = VECTOR('',#7233,1.);
#7233 = DIRECTION('',(-0.,-0.,-1.));
#7234 = PCURVE('',#4339,#7235);
#7235 = DEFINITIONAL_REPRESENTATION('',(#7236),#7239);
#7236 = B_SPLINE_CURVE_WITH_KNOTS('',1,(#7237,#7238),.UNSPECIFIED.,.F.,
  .F.,(2,2),(-6.9000006,-6.565),.PIECEWISE_BEZIER_KNOTS.);
#7237 = CARTESIAN_POINT('',(-2.387287304737,-6.9000006));
#7238 = CARTESIAN_POINT('',(-2.387287304737,-6.565));
#7239 = ( GEOMETRIC_REPRESENTATION_CONTEXT(2) 
PARAMETRIC_REPRESENTATION_CONTEXT() REPRESENTATION_CONTEXT('2D SPACE',''
  ) );
#7240 = PCURVE('',#4842,#7241);
#7241 = DEFINITIONAL_REPRESENTATION('',(#7242),#7245);
#7242 = B_SPLINE_CURVE_WITH_KNOTS('',1,(#7243,#7244),.UNSPECIFIED.,.F.,
  .F.,(2,2),(-6.9000006,-6.565),.PIECEWISE_BEZIER_KNOTS.);
#7243 = CARTESIAN_POINT('',(0.1500006,9.55238832553E-02));
#7244 = CARTESIAN_POINT('',(-0.185,9.55238832553E-02));
#7245 = ( GEOMETRIC_REPRESENTATION_CONTEXT(2) 
PARAMETRIC_REPRESENTATION_CONTEXT() REPRESENTATION_CONTEXT('2D SPACE',''
  ) );
#7246 = ORIENTED_EDGE('',*,*,#7247,.F.);
#7247 = EDGE_CURVE('',#7248,#7227,#7250,.T.);
#7248 = VERTEX_POINT('',#7249);
#7249 = CARTESIAN_POINT('',(-0.3,105.19677335393,5.E-02));
#7250 = SURFACE_CURVE('',#7251,(#7256,#7263),.PCURVE_S1.);
#7251 = CIRCLE('',#7252,9.2);
#7252 = AXIS2_PLACEMENT_3D('',#7253,#7254,#7255);
#7253 = CARTESIAN_POINT('',(6.5,99.,5.E-02));
#7254 = DIRECTION('',(0.,0.,-1.));
#7255 = DIRECTION('',(1.,0.,0.));
#7256 = PCURVE('',#4339,#7257);
#7257 = DEFINITIONAL_REPRESENTATION('',(#7258),#7262);
#7258 = LINE('',#7259,#7260);
#7259 = CARTESIAN_POINT('',(-6.28318530718,-6.75));
#7260 = VECTOR('',#7261,1.);
#7261 = DIRECTION('',(1.,-0.));
#7262 = ( GEOMETRIC_REPRESENTATION_CONTEXT(2) 
PARAMETRIC_REPRESENTATION_CONTEXT() REPRESENTATION_CONTEXT('2D SPACE',''
  ) );
#7263 = PCURVE('',#7264,#7269);
#7264 = PLANE('',#7265);
#7265 = AXIS2_PLACEMENT_3D('',#7266,#7267,#7268);
#7266 = CARTESIAN_POINT('',(-0.3,-0.3,5.E-02));
#7267 = DIRECTION('',(0.,0.,1.));
#7268 = DIRECTION('',(1.,0.,0.));
#7269 = DEFINITIONAL_REPRESENTATION('',(#7270),#7278);
#7270 = ( BOUNDED_CURVE() B_SPLINE_CURVE(2,(#7271,#7272,#7273,#7274,
#7275,#7276,#7277),.UNSPECIFIED.,.T.,.F.) B_SPLINE_CURVE_WITH_KNOTS((1,2
    ,2,2,2,1),(-2.094395102393,0.,2.094395102393,4.188790204786,
6.28318530718,8.377580409573),.UNSPECIFIED.) CURVE() 
GEOMETRIC_REPRESENTATION_ITEM() RATIONAL_B_SPLINE_CURVE((1.,0.5,1.,0.5,
1.,0.5,1.)) REPRESENTATION_ITEM('') );
#7271 = CARTESIAN_POINT('',(16.,99.3));
#7272 = CARTESIAN_POINT('',(16.,83.365132570366));
#7273 = CARTESIAN_POINT('',(2.2,91.332566285183));
#7274 = CARTESIAN_POINT('',(-11.6,99.3));
#7275 = CARTESIAN_POINT('',(2.2,107.26743371481));
#7276 = CARTESIAN_POINT('',(16.,115.23486742963));
#7277 = CARTESIAN_POINT('',(16.,99.3));
#7278 = ( GEOMETRIC_REPRESENTATION_CONTEXT(2) 
PARAMETRIC_REPRESENTATION_CONTEXT() REPRESENTATION_CONTEXT('2D SPACE',''
  ) );
#7279 = ORIENTED_EDGE('',*,*,#7280,.F.);
#7280 = EDGE_CURVE('',#7281,#7248,#7283,.T.);
#7281 = VERTEX_POINT('',#7282);
#7282 = CARTESIAN_POINT('',(-0.3,105.19677335393,0.2));
#7283 = SURFACE_CURVE('',#7284,(#7288,#7294),.PCURVE_S1.);
#7284 = LINE('',#7285,#7286);
#7285 = CARTESIAN_POINT('',(-0.3,105.19677335393,-6.7));
#7286 = VECTOR('',#7287,1.);
#7287 = DIRECTION('',(-0.,-0.,-1.));
#7288 = PCURVE('',#4339,#7289);
#7289 = DEFINITIONAL_REPRESENTATION('',(#7290),#7293);
#7290 = B_SPLINE_CURVE_WITH_KNOTS('',1,(#7291,#7292),.UNSPECIFIED.,.F.,
  .F.,(2,2),(-6.9000006,-6.565),.PIECEWISE_BEZIER_KNOTS.);
#7291 = CARTESIAN_POINT('',(-2.402574774576,-6.9000006));
#7292 = CARTESIAN_POINT('',(-2.402574774576,-6.565));
#7293 = ( GEOMETRIC_REPRESENTATION_CONTEXT(2) 
PARAMETRIC_REPRESENTATION_CONTEXT() REPRESENTATION_CONTEXT('2D SPACE',''
  ) );
#7294 = PCURVE('',#4816,#7295);
#7295 = DEFINITIONAL_REPRESENTATION('',(#7296),#7299);
#7296 = B_SPLINE_CURVE_WITH_KNOTS('',1,(#7297,#7298),.UNSPECIFIED.,.F.,
  .F.,(2,2),(-6.9000006,-6.565),.PIECEWISE_BEZIER_KNOTS.);
#7297 = CARTESIAN_POINT('',(0.1500006,-105.4967733539));
#7298 = CARTESIAN_POINT('',(-0.185,-105.4967733539));
#7299 = ( GEOMETRIC_REPRESENTATION_CONTEXT(2) 
PARAMETRIC_REPRESENTATION_CONTEXT() REPRESENTATION_CONTEXT('2D SPACE',''
  ) );
#7300 = ORIENTED_EDGE('',*,*,#7301,.F.);
#7301 = EDGE_CURVE('',#7302,#7281,#7304,.T.);
#7302 = VERTEX_POINT('',#7303);
#7303 = CARTESIAN_POINT('',(-2.7,99.,0.2));
#7304 = SURFACE_CURVE('',#7305,(#7310,#7317),.PCURVE_S1.);
#7305 = CIRCLE('',#7306,9.2);
#7306 = AXIS2_PLACEMENT_3D('',#7307,#7308,#7309);
#7307 = CARTESIAN_POINT('',(6.5,99.,0.2));
#7308 = DIRECTION('',(0.,0.,-1.));
#7309 = DIRECTION('',(1.,0.,0.));
#7310 = PCURVE('',#4339,#7311);
#7311 = DEFINITIONAL_REPRESENTATION('',(#7312),#7316);
#7312 = LINE('',#7313,#7314);
#7313 = CARTESIAN_POINT('',(-6.28318530718,-6.9));
#7314 = VECTOR('',#7315,1.);
#7315 = DIRECTION('',(1.,-0.));
#7316 = ( GEOMETRIC_REPRESENTATION_CONTEXT(2) 
PARAMETRIC_REPRESENTATION_CONTEXT() REPRESENTATION_CONTEXT('2D SPACE',''
  ) );
#7317 = PCURVE('',#5811,#7318);
#7318 = DEFINITIONAL_REPRESENTATION('',(#7319),#7327);
#7319 = ( BOUNDED_CURVE() B_SPLINE_CURVE(2,(#7320,#7321,#7322,#7323,
#7324,#7325,#7326),.UNSPECIFIED.,.T.,.F.) B_SPLINE_CURVE_WITH_KNOTS((1,2
    ,2,2,2,1),(-2.094395102393,0.,2.094395102393,4.188790204786,
6.28318530718,8.377580409573),.UNSPECIFIED.) CURVE() 
GEOMETRIC_REPRESENTATION_ITEM() RATIONAL_B_SPLINE_CURVE((1.,0.5,1.,0.5,
1.,0.5,1.)) REPRESENTATION_ITEM('') );
#7320 = CARTESIAN_POINT('',(9.2,93.));
#7321 = CARTESIAN_POINT('',(9.2,77.065132570366));
#7322 = CARTESIAN_POINT('',(-4.6,85.032566285183));
#7323 = CARTESIAN_POINT('',(-18.4,93.));
#7324 = CARTESIAN_POINT('',(-4.6,100.96743371481));
#7325 = CARTESIAN_POINT('',(9.2,108.93486742963));
#7326 = CARTESIAN_POINT('',(9.2,93.));
#7327 = ( GEOMETRIC_REPRESENTATION_CONTEXT(2) 
PARAMETRIC_REPRESENTATION_CONTEXT() REPRESENTATION_CONTEXT('2D SPACE',''
  ) );
#7328 = ORIENTED_EDGE('',*,*,#7329,.F.);
#7329 = EDGE_CURVE('',#5988,#7302,#7330,.T.);
#7330 = SURFACE_CURVE('',#7331,(#7335,#7342),.PCURVE_S1.);
#7331 = LINE('',#7332,#7333);
#7332 = CARTESIAN_POINT('',(-2.7,99.,-6.7));
#7333 = VECTOR('',#7334,1.);
#7334 = DIRECTION('',(0.,0.,1.));
#7335 = PCURVE('',#4339,#7336);
#7336 = DEFINITIONAL_REPRESENTATION('',(#7337),#7341);
#7337 = LINE('',#7338,#7339);
#7338 = CARTESIAN_POINT('',(-3.14159265359,0.));
#7339 = VECTOR('',#7340,1.);
#7340 = DIRECTION('',(-0.,-1.));
#7341 = ( GEOMETRIC_REPRESENTATION_CONTEXT(2) 
PARAMETRIC_REPRESENTATION_CONTEXT() REPRESENTATION_CONTEXT('2D SPACE',''
  ) );
#7342 = PCURVE('',#5782,#7343);
#7343 = DEFINITIONAL_REPRESENTATION('',(#7344),#7348);
#7344 = LINE('',#7345,#7346);
#7345 = CARTESIAN_POINT('',(0.,-93.));
#7346 = VECTOR('',#7347,1.);
#7347 = DIRECTION('',(1.,0.));
#7348 = ( GEOMETRIC_REPRESENTATION_CONTEXT(2) 
PARAMETRIC_REPRESENTATION_CONTEXT() REPRESENTATION_CONTEXT('2D SPACE',''
  ) );
#7349 = ADVANCED_FACE('',(#7350),#4547,.F.);
#7350 = FACE_BOUND('',#7351,.F.);
#7351 = EDGE_LOOP('',(#7352,#7353,#7354,#7377));
#7352 = ORIENTED_EDGE('',*,*,#4532,.T.);
#7353 = ORIENTED_EDGE('',*,*,#7199,.T.);
#7354 = ORIENTED_EDGE('',*,*,#7355,.F.);
#7355 = EDGE_CURVE('',#7356,#7167,#7358,.T.);
#7356 = VERTEX_POINT('',#7357);
#7357 = CARTESIAN_POINT('',(6.495,107.025,1.5));
#7358 = SURFACE_CURVE('',#7359,(#7363,#7370),.PCURVE_S1.);
#7359 = LINE('',#7360,#7361);
#7360 = CARTESIAN_POINT('',(6.495,107.025,1.5));
#7361 = VECTOR('',#7362,1.);
#7362 = DIRECTION('',(0.,0.,-1.));
#7363 = PCURVE('',#4547,#7364);
#7364 = DEFINITIONAL_REPRESENTATION('',(#7365),#7369);
#7365 = LINE('',#7366,#7367);
#7366 = CARTESIAN_POINT('',(1.25,0.));
#7367 = VECTOR('',#7368,1.);
#7368 = DIRECTION('',(-1.,0.));
#7369 = ( GEOMETRIC_REPRESENTATION_CONTEXT(2) 
PARAMETRIC_REPRESENTATION_CONTEXT() REPRESENTATION_CONTEXT('2D SPACE',''
  ) );
#7370 = PCURVE('',#7187,#7371);
#7371 = DEFINITIONAL_REPRESENTATION('',(#7372),#7376);
#7372 = LINE('',#7373,#7374);
#7373 = CARTESIAN_POINT('',(-1.570796326795,-1.25));
#7374 = VECTOR('',#7375,1.);
#7375 = DIRECTION('',(0.,1.));
#7376 = ( GEOMETRIC_REPRESENTATION_CONTEXT(2) 
PARAMETRIC_REPRESENTATION_CONTEXT() REPRESENTATION_CONTEXT('2D SPACE',''
  ) );
#7377 = ORIENTED_EDGE('',*,*,#7378,.F.);
#7378 = EDGE_CURVE('',#4507,#7356,#7379,.T.);
#7379 = SURFACE_CURVE('',#7380,(#7384,#7391),.PCURVE_S1.);
#7380 = LINE('',#7381,#7382);
#7381 = CARTESIAN_POINT('',(6.495,107.025,1.5));
#7382 = VECTOR('',#7383,1.);
#7383 = DIRECTION('',(-1.,0.,0.));
#7384 = PCURVE('',#4547,#7385);
#7385 = DEFINITIONAL_REPRESENTATION('',(#7386),#7390);
#7386 = LINE('',#7387,#7388);
#7387 = CARTESIAN_POINT('',(1.25,0.));
#7388 = VECTOR('',#7389,1.);
#7389 = DIRECTION('',(0.,-1.));
#7390 = ( GEOMETRIC_REPRESENTATION_CONTEXT(2) 
PARAMETRIC_REPRESENTATION_CONTEXT() REPRESENTATION_CONTEXT('2D SPACE',''
  ) );
#7391 = PCURVE('',#4521,#7392);
#7392 = DEFINITIONAL_REPRESENTATION('',(#7393),#7396);
#7393 = B_SPLINE_CURVE_WITH_KNOTS('',1,(#7394,#7395),.UNSPECIFIED.,.F.,
  .F.,(2,2),(-47.01,0.),.PIECEWISE_BEZIER_KNOTS.);
#7394 = CARTESIAN_POINT('',(47.01,110.05));
#7395 = CARTESIAN_POINT('',(0.,110.05));
#7396 = ( GEOMETRIC_REPRESENTATION_CONTEXT(2) 
PARAMETRIC_REPRESENTATION_CONTEXT() REPRESENTATION_CONTEXT('2D SPACE',''
  ) );
#7397 = ADVANCED_FACE('',(#7398),#4521,.T.);
#7398 = FACE_BOUND('',#7399,.T.);
#7399 = EDGE_LOOP('',(#7400,#7401,#7424,#7448,#7469,#7495));
#7400 = ORIENTED_EDGE('',*,*,#4506,.T.);
#7401 = ORIENTED_EDGE('',*,*,#7402,.F.);
#7402 = EDGE_CURVE('',#7403,#4481,#7405,.T.);
#7403 = VERTEX_POINT('',#7404);
#7404 = CARTESIAN_POINT('',(6.495,108.025,1.5));
#7405 = SURFACE_CURVE('',#7406,(#7410,#7417),.PCURVE_S1.);
#7406 = LINE('',#7407,#7408);
#7407 = CARTESIAN_POINT('',(6.495,108.025,1.5));
#7408 = VECTOR('',#7409,1.);
#7409 = DIRECTION('',(1.,0.,0.));
#7410 = PCURVE('',#4521,#7411);
#7411 = DEFINITIONAL_REPRESENTATION('',(#7412),#7416);
#7412 = LINE('',#7413,#7414);
#7413 = CARTESIAN_POINT('',(0.,111.05));
#7414 = VECTOR('',#7415,1.);
#7415 = DIRECTION('',(1.,0.));
#7416 = ( GEOMETRIC_REPRESENTATION_CONTEXT(2) 
PARAMETRIC_REPRESENTATION_CONTEXT() REPRESENTATION_CONTEXT('2D SPACE',''
  ) );
#7417 = PCURVE('',#4495,#7418);
#7418 = DEFINITIONAL_REPRESENTATION('',(#7419),#7423);
#7419 = LINE('',#7420,#7421);
#7420 = CARTESIAN_POINT('',(1.15,0.));
#7421 = VECTOR('',#7422,1.);
#7422 = DIRECTION('',(0.,1.));
#7423 = ( GEOMETRIC_REPRESENTATION_CONTEXT(2) 
PARAMETRIC_REPRESENTATION_CONTEXT() REPRESENTATION_CONTEXT('2D SPACE',''
  ) );
#7424 = ORIENTED_EDGE('',*,*,#7425,.T.);
#7425 = EDGE_CURVE('',#7403,#7426,#7428,.T.);
#7426 = VERTEX_POINT('',#7427);
#7427 = CARTESIAN_POINT('',(3.486261755989E-02,105.3,1.5));
#7428 = SURFACE_CURVE('',#7429,(#7434,#7441),.PCURVE_S1.);
#7429 = CIRCLE('',#7430,9.02);
#7430 = AXIS2_PLACEMENT_3D('',#7431,#7432,#7433);
#7431 = CARTESIAN_POINT('',(6.495,99.005,1.5));
#7432 = DIRECTION('',(0.,0.,1.));
#7433 = DIRECTION('',(1.,0.,0.));
#7434 = PCURVE('',#4521,#7435);
#7435 = DEFINITIONAL_REPRESENTATION('',(#7436),#7440);
#7436 = CIRCLE('',#7437,9.02);
#7437 = AXIS2_PLACEMENT_2D('',#7438,#7439);
#7438 = CARTESIAN_POINT('',(0.,102.03));
#7439 = DIRECTION('',(1.,0.));
#7440 = ( GEOMETRIC_REPRESENTATION_CONTEXT(2) 
PARAMETRIC_REPRESENTATION_CONTEXT() REPRESENTATION_CONTEXT('2D SPACE',''
  ) );
#7441 = PCURVE('',#4874,#7442);
#7442 = DEFINITIONAL_REPRESENTATION('',(#7443),#7447);
#7443 = LINE('',#7444,#7445);
#7444 = CARTESIAN_POINT('',(-0.,-1.15));
#7445 = VECTOR('',#7446,1.);
#7446 = DIRECTION('',(-1.,0.));
#7447 = ( GEOMETRIC_REPRESENTATION_CONTEXT(2) 
PARAMETRIC_REPRESENTATION_CONTEXT() REPRESENTATION_CONTEXT('2D SPACE',''
  ) );
#7448 = ORIENTED_EDGE('',*,*,#7449,.F.);
#7449 = EDGE_CURVE('',#7450,#7426,#7452,.T.);
#7450 = VERTEX_POINT('',#7451);
#7451 = CARTESIAN_POINT('',(1.52575709992,105.3,1.5));
#7452 = SURFACE_CURVE('',#7453,(#7457,#7463),.PCURVE_S1.);
#7453 = LINE('',#7454,#7455);
#7454 = CARTESIAN_POINT('',(3.0975,105.3,1.5));
#7455 = VECTOR('',#7456,1.);
#7456 = DIRECTION('',(-1.,0.,0.));
#7457 = PCURVE('',#4521,#7458);
#7458 = DEFINITIONAL_REPRESENTATION('',(#7459),#7462);
#7459 = B_SPLINE_CURVE_WITH_KNOTS('',1,(#7460,#7461),.UNSPECIFIED.,.F.,
  .F.,(2,2),(-57.2025,3.3975),.PIECEWISE_BEZIER_KNOTS.);
#7460 = CARTESIAN_POINT('',(53.805,108.325));
#7461 = CARTESIAN_POINT('',(-6.795,108.325));
#7462 = ( GEOMETRIC_REPRESENTATION_CONTEXT(2) 
PARAMETRIC_REPRESENTATION_CONTEXT() REPRESENTATION_CONTEXT('2D SPACE',''
  ) );
#7463 = PCURVE('',#4842,#7464);
#7464 = DEFINITIONAL_REPRESENTATION('',(#7465),#7468);
#7465 = B_SPLINE_CURVE_WITH_KNOTS('',1,(#7466,#7467),.UNSPECIFIED.,.F.,
  .F.,(2,2),(-57.2025,3.3975),.PIECEWISE_BEZIER_KNOTS.);
#7466 = CARTESIAN_POINT('',(1.45,60.6));
#7467 = CARTESIAN_POINT('',(1.45,0.));
#7468 = ( GEOMETRIC_REPRESENTATION_CONTEXT(2) 
PARAMETRIC_REPRESENTATION_CONTEXT() REPRESENTATION_CONTEXT('2D SPACE',''
  ) );
#7469 = ORIENTED_EDGE('',*,*,#7470,.T.);
#7470 = EDGE_CURVE('',#7450,#7356,#7471,.T.);
#7471 = SURFACE_CURVE('',#7472,(#7477,#7488),.PCURVE_S1.);
#7472 = CIRCLE('',#7473,8.02);
#7473 = AXIS2_PLACEMENT_3D('',#7474,#7475,#7476);
#7474 = CARTESIAN_POINT('',(6.495,99.005,1.5));
#7475 = DIRECTION('',(0.,0.,-1.));
#7476 = DIRECTION('',(1.,0.,0.));
#7477 = PCURVE('',#4521,#7478);
#7478 = DEFINITIONAL_REPRESENTATION('',(#7479),#7487);
#7479 = ( BOUNDED_CURVE() B_SPLINE_CURVE(2,(#7480,#7481,#7482,#7483,
#7484,#7485,#7486),.UNSPECIFIED.,.T.,.F.) B_SPLINE_CURVE_WITH_KNOTS((1,2
    ,2,2,2,1),(-2.094395102393,0.,2.094395102393,4.188790204786,
6.28318530718,8.377580409573),.UNSPECIFIED.) CURVE() 
GEOMETRIC_REPRESENTATION_ITEM() RATIONAL_B_SPLINE_CURVE((1.,0.5,1.,0.5,
1.,0.5,1.)) REPRESENTATION_ITEM('') );
#7480 = CARTESIAN_POINT('',(8.02,102.03));
#7481 = CARTESIAN_POINT('',(8.02,88.138952523298));
#7482 = CARTESIAN_POINT('',(-4.01,95.084476261649));
#7483 = CARTESIAN_POINT('',(-16.04,102.03));
#7484 = CARTESIAN_POINT('',(-4.01,108.97552373835));
#7485 = CARTESIAN_POINT('',(8.02,115.9210474767));
#7486 = CARTESIAN_POINT('',(8.02,102.03));
#7487 = ( GEOMETRIC_REPRESENTATION_CONTEXT(2) 
PARAMETRIC_REPRESENTATION_CONTEXT() REPRESENTATION_CONTEXT('2D SPACE',''
  ) );
#7488 = PCURVE('',#7187,#7489);
#7489 = DEFINITIONAL_REPRESENTATION('',(#7490),#7494);
#7490 = LINE('',#7491,#7492);
#7491 = CARTESIAN_POINT('',(-6.28318530718,-1.25));
#7492 = VECTOR('',#7493,1.);
#7493 = DIRECTION('',(1.,-0.));
#7494 = ( GEOMETRIC_REPRESENTATION_CONTEXT(2) 
PARAMETRIC_REPRESENTATION_CONTEXT() REPRESENTATION_CONTEXT('2D SPACE',''
  ) );
#7495 = ORIENTED_EDGE('',*,*,#7378,.F.);
#7496 = ADVANCED_FACE('',(#7497),#4495,.T.);
#7497 = FACE_BOUND('',#7498,.T.);
#7498 = EDGE_LOOP('',(#7499,#7500,#7501,#7522));
#7499 = ORIENTED_EDGE('',*,*,#4480,.T.);
#7500 = ORIENTED_EDGE('',*,*,#4886,.T.);
#7501 = ORIENTED_EDGE('',*,*,#7502,.T.);
#7502 = EDGE_CURVE('',#4854,#7403,#7503,.T.);
#7503 = SURFACE_CURVE('',#7504,(#7508,#7515),.PCURVE_S1.);
#7504 = LINE('',#7505,#7506);
#7505 = CARTESIAN_POINT('',(6.495,108.025,0.35));
#7506 = VECTOR('',#7507,1.);
#7507 = DIRECTION('',(0.,0.,1.));
#7508 = PCURVE('',#4495,#7509);
#7509 = DEFINITIONAL_REPRESENTATION('',(#7510),#7514);
#7510 = LINE('',#7511,#7512);
#7511 = CARTESIAN_POINT('',(0.,0.));
#7512 = VECTOR('',#7513,1.);
#7513 = DIRECTION('',(1.,0.));
#7514 = ( GEOMETRIC_REPRESENTATION_CONTEXT(2) 
PARAMETRIC_REPRESENTATION_CONTEXT() REPRESENTATION_CONTEXT('2D SPACE',''
  ) );
#7515 = PCURVE('',#4874,#7516);
#7516 = DEFINITIONAL_REPRESENTATION('',(#7517),#7521);
#7517 = LINE('',#7518,#7519);
#7518 = CARTESIAN_POINT('',(-1.570796326795,-1.110223024625E-16));
#7519 = VECTOR('',#7520,1.);
#7520 = DIRECTION('',(-0.,-1.));
#7521 = ( GEOMETRIC_REPRESENTATION_CONTEXT(2) 
PARAMETRIC_REPRESENTATION_CONTEXT() REPRESENTATION_CONTEXT('2D SPACE',''
  ) );
#7522 = ORIENTED_EDGE('',*,*,#7402,.T.);
#7523 = ADVANCED_FACE('',(#7524),#4874,.T.);
#7524 = FACE_BOUND('',#7525,.F.);
#7525 = EDGE_LOOP('',(#7526,#7545,#7546,#7547));
#7526 = ORIENTED_EDGE('',*,*,#7527,.T.);
#7527 = EDGE_CURVE('',#7426,#4828,#7528,.T.);
#7528 = SURFACE_CURVE('',#7529,(#7533,#7539),.PCURVE_S1.);
#7529 = LINE('',#7530,#7531);
#7530 = CARTESIAN_POINT('',(3.486261755988E-02,105.3,0.35));
#7531 = VECTOR('',#7532,1.);
#7532 = DIRECTION('',(-0.,-0.,-1.));
#7533 = PCURVE('',#4874,#7534);
#7534 = DEFINITIONAL_REPRESENTATION('',(#7535),#7538);
#7535 = B_SPLINE_CURVE_WITH_KNOTS('',1,(#7536,#7537),.UNSPECIFIED.,.F.,
  .F.,(2,2),(-1.1500006,-8.99994E-02),.PIECEWISE_BEZIER_KNOTS.);
#7536 = CARTESIAN_POINT('',(-2.369140501807,-1.1500006));
#7537 = CARTESIAN_POINT('',(-2.369140501807,-8.99994E-02));
#7538 = ( GEOMETRIC_REPRESENTATION_CONTEXT(2) 
PARAMETRIC_REPRESENTATION_CONTEXT() REPRESENTATION_CONTEXT('2D SPACE',''
  ) );
#7539 = PCURVE('',#4842,#7540);
#7540 = DEFINITIONAL_REPRESENTATION('',(#7541),#7544);
#7541 = B_SPLINE_CURVE_WITH_KNOTS('',1,(#7542,#7543),.UNSPECIFIED.,.F.,
  .F.,(2,2),(-1.1500006,-8.99994E-02),.PIECEWISE_BEZIER_KNOTS.);
#7542 = CARTESIAN_POINT('',(1.4500006,0.33486261756));
#7543 = CARTESIAN_POINT('',(0.3899994,0.33486261756));
#7544 = ( GEOMETRIC_REPRESENTATION_CONTEXT(2) 
PARAMETRIC_REPRESENTATION_CONTEXT() REPRESENTATION_CONTEXT('2D SPACE',''
  ) );
#7545 = ORIENTED_EDGE('',*,*,#4853,.T.);
#7546 = ORIENTED_EDGE('',*,*,#7502,.T.);
#7547 = ORIENTED_EDGE('',*,*,#7425,.T.);
#7548 = ADVANCED_FACE('',(#7549),#4842,.F.);
#7549 = FACE_BOUND('',#7550,.F.);
#7550 = EDGE_LOOP('',(#7551,#7574,#7595,#7596,#7597,#7598,#7617,#7618));
#7551 = ORIENTED_EDGE('',*,*,#7552,.F.);
#7552 = EDGE_CURVE('',#7553,#7227,#7555,.T.);
#7553 = VERTEX_POINT('',#7554);
#7554 = CARTESIAN_POINT('',(-0.3,105.3,5.E-02));
#7555 = SURFACE_CURVE('',#7556,(#7560,#7567),.PCURVE_S1.);
#7556 = LINE('',#7557,#7558);
#7557 = CARTESIAN_POINT('',(-0.3,105.3,5.E-02));
#7558 = VECTOR('',#7559,1.);
#7559 = DIRECTION('',(1.,0.,0.));
#7560 = PCURVE('',#4842,#7561);
#7561 = DEFINITIONAL_REPRESENTATION('',(#7562),#7566);
#7562 = LINE('',#7563,#7564);
#7563 = CARTESIAN_POINT('',(0.,0.));
#7564 = VECTOR('',#7565,1.);
#7565 = DIRECTION('',(0.,1.));
#7566 = ( GEOMETRIC_REPRESENTATION_CONTEXT(2) 
PARAMETRIC_REPRESENTATION_CONTEXT() REPRESENTATION_CONTEXT('2D SPACE',''
  ) );
#7567 = PCURVE('',#7264,#7568);
#7568 = DEFINITIONAL_REPRESENTATION('',(#7569),#7573);
#7569 = LINE('',#7570,#7571);
#7570 = CARTESIAN_POINT('',(0.,105.6));
#7571 = VECTOR('',#7572,1.);
#7572 = DIRECTION('',(1.,0.));
#7573 = ( GEOMETRIC_REPRESENTATION_CONTEXT(2) 
PARAMETRIC_REPRESENTATION_CONTEXT() REPRESENTATION_CONTEXT('2D SPACE',''
  ) );
#7574 = ORIENTED_EDGE('',*,*,#7575,.T.);
#7575 = EDGE_CURVE('',#7553,#4802,#7576,.T.);
#7576 = SURFACE_CURVE('',#7577,(#7581,#7588),.PCURVE_S1.);
#7577 = LINE('',#7578,#7579);
#7578 = CARTESIAN_POINT('',(-0.3,105.3,5.E-02));
#7579 = VECTOR('',#7580,1.);
#7580 = DIRECTION('',(0.,0.,1.));
#7581 = PCURVE('',#4842,#7582);
#7582 = DEFINITIONAL_REPRESENTATION('',(#7583),#7587);
#7583 = LINE('',#7584,#7585);
#7584 = CARTESIAN_POINT('',(0.,0.));
#7585 = VECTOR('',#7586,1.);
#7586 = DIRECTION('',(1.,0.));
#7587 = ( GEOMETRIC_REPRESENTATION_CONTEXT(2) 
PARAMETRIC_REPRESENTATION_CONTEXT() REPRESENTATION_CONTEXT('2D SPACE',''
  ) );
#7588 = PCURVE('',#4816,#7589);
#7589 = DEFINITIONAL_REPRESENTATION('',(#7590),#7594);
#7590 = LINE('',#7591,#7592);
#7591 = CARTESIAN_POINT('',(0.,-105.6));
#7592 = VECTOR('',#7593,1.);
#7593 = DIRECTION('',(1.,0.));
#7594 = ( GEOMETRIC_REPRESENTATION_CONTEXT(2) 
PARAMETRIC_REPRESENTATION_CONTEXT() REPRESENTATION_CONTEXT('2D SPACE',''
  ) );
#7595 = ORIENTED_EDGE('',*,*,#4827,.F.);
#7596 = ORIENTED_EDGE('',*,*,#7527,.F.);
#7597 = ORIENTED_EDGE('',*,*,#7449,.F.);
#7598 = ORIENTED_EDGE('',*,*,#7599,.T.);
#7599 = EDGE_CURVE('',#7450,#7146,#7600,.T.);
#7600 = SURFACE_CURVE('',#7601,(#7605,#7611),.PCURVE_S1.);
#7601 = LINE('',#7602,#7603);
#7602 = CARTESIAN_POINT('',(1.52575709992,105.3,0.25));
#7603 = VECTOR('',#7604,1.);
#7604 = DIRECTION('',(-0.,-0.,-1.));
#7605 = PCURVE('',#4842,#7606);
#7606 = DEFINITIONAL_REPRESENTATION('',(#7607),#7610);
#7607 = B_SPLINE_CURVE_WITH_KNOTS('',1,(#7608,#7609),.UNSPECIFIED.,.F.,
  .F.,(2,2),(-1.2500006,5.00006E-02),.PIECEWISE_BEZIER_KNOTS.);
#7608 = CARTESIAN_POINT('',(1.4500006,1.82575709992));
#7609 = CARTESIAN_POINT('',(0.1499994,1.82575709992));
#7610 = ( GEOMETRIC_REPRESENTATION_CONTEXT(2) 
PARAMETRIC_REPRESENTATION_CONTEXT() REPRESENTATION_CONTEXT('2D SPACE',''
  ) );
#7611 = PCURVE('',#7187,#7612);
#7612 = DEFINITIONAL_REPRESENTATION('',(#7613),#7616);
#7613 = B_SPLINE_CURVE_WITH_KNOTS('',1,(#7614,#7615),.UNSPECIFIED.,.F.,
  .F.,(2,2),(-1.2500006,5.00006E-02),.PIECEWISE_BEZIER_KNOTS.);
#7614 = CARTESIAN_POINT('',(-2.239037405653,-1.2500006));
#7615 = CARTESIAN_POINT('',(-2.239037405653,5.00006E-02));
#7616 = ( GEOMETRIC_REPRESENTATION_CONTEXT(2) 
PARAMETRIC_REPRESENTATION_CONTEXT() REPRESENTATION_CONTEXT('2D SPACE',''
  ) );
#7617 = ORIENTED_EDGE('',*,*,#7145,.T.);
#7618 = ORIENTED_EDGE('',*,*,#7226,.T.);
#7619 = ADVANCED_FACE('',(#7620),#4816,.T.);
#7620 = FACE_BOUND('',#7621,.T.);
#7621 = EDGE_LOOP('',(#7622,#7623,#7644,#7645,#7646,#7667,#7693,#7719));
#7622 = ORIENTED_EDGE('',*,*,#7280,.T.);
#7623 = ORIENTED_EDGE('',*,*,#7624,.T.);
#7624 = EDGE_CURVE('',#7248,#7553,#7625,.T.);
#7625 = SURFACE_CURVE('',#7626,(#7630,#7637),.PCURVE_S1.);
#7626 = LINE('',#7627,#7628);
#7627 = CARTESIAN_POINT('',(-0.3,-0.3,5.E-02));
#7628 = VECTOR('',#7629,1.);
#7629 = DIRECTION('',(0.,1.,0.));
#7630 = PCURVE('',#4816,#7631);
#7631 = DEFINITIONAL_REPRESENTATION('',(#7632),#7636);
#7632 = LINE('',#7633,#7634);
#7633 = CARTESIAN_POINT('',(0.,0.));
#7634 = VECTOR('',#7635,1.);
#7635 = DIRECTION('',(0.,-1.));
#7636 = ( GEOMETRIC_REPRESENTATION_CONTEXT(2) 
PARAMETRIC_REPRESENTATION_CONTEXT() REPRESENTATION_CONTEXT('2D SPACE',''
  ) );
#7637 = PCURVE('',#7264,#7638);
#7638 = DEFINITIONAL_REPRESENTATION('',(#7639),#7643);
#7639 = LINE('',#7640,#7641);
#7640 = CARTESIAN_POINT('',(0.,0.));
#7641 = VECTOR('',#7642,1.);
#7642 = DIRECTION('',(0.,1.));
#7643 = ( GEOMETRIC_REPRESENTATION_CONTEXT(2) 
PARAMETRIC_REPRESENTATION_CONTEXT() REPRESENTATION_CONTEXT('2D SPACE',''
  ) );
#7644 = ORIENTED_EDGE('',*,*,#7575,.T.);
#7645 = ORIENTED_EDGE('',*,*,#4801,.F.);
#7646 = ORIENTED_EDGE('',*,*,#7647,.F.);
#7647 = EDGE_CURVE('',#7648,#4769,#7650,.T.);
#7648 = VERTEX_POINT('',#7649);
#7649 = CARTESIAN_POINT('',(-0.3,104.9369790121,1.5));
#7650 = SURFACE_CURVE('',#7651,(#7655,#7661),.PCURVE_S1.);
#7651 = LINE('',#7652,#7653);
#7652 = CARTESIAN_POINT('',(-0.3,104.9369790121,0.35));
#7653 = VECTOR('',#7654,1.);
#7654 = DIRECTION('',(-0.,-0.,-1.));
#7655 = PCURVE('',#4816,#7656);
#7656 = DEFINITIONAL_REPRESENTATION('',(#7657),#7660);
#7657 = B_SPLINE_CURVE_WITH_KNOTS('',1,(#7658,#7659),.UNSPECIFIED.,.F.,
  .F.,(2,2),(-1.1500006,-8.99994E-02),.PIECEWISE_BEZIER_KNOTS.);
#7658 = CARTESIAN_POINT('',(1.4500006,-105.2369790121));
#7659 = CARTESIAN_POINT('',(0.3899994,-105.2369790121));
#7660 = ( GEOMETRIC_REPRESENTATION_CONTEXT(2) 
PARAMETRIC_REPRESENTATION_CONTEXT() REPRESENTATION_CONTEXT('2D SPACE',''
  ) );
#7661 = PCURVE('',#4789,#7662);
#7662 = DEFINITIONAL_REPRESENTATION('',(#7663),#7666);
#7663 = B_SPLINE_CURVE_WITH_KNOTS('',1,(#7664,#7665),.UNSPECIFIED.,.F.,
  .F.,(2,2),(-1.1500006,-8.99994E-02),.PIECEWISE_BEZIER_KNOTS.);
#7664 = CARTESIAN_POINT('',(-2.423901196617,-1.1500006));
#7665 = CARTESIAN_POINT('',(-2.423901196617,-8.99994E-02));
#7666 = ( GEOMETRIC_REPRESENTATION_CONTEXT(2) 
PARAMETRIC_REPRESENTATION_CONTEXT() REPRESENTATION_CONTEXT('2D SPACE',''
  ) );
#7667 = ORIENTED_EDGE('',*,*,#7668,.F.);
#7668 = EDGE_CURVE('',#7669,#7648,#7671,.T.);
#7669 = VERTEX_POINT('',#7670);
#7670 = CARTESIAN_POINT('',(-0.3,103.26509096147,1.5));
#7671 = SURFACE_CURVE('',#7672,(#7676,#7682),.PCURVE_S1.);
#7672 = LINE('',#7673,#7674);
#7673 = CARTESIAN_POINT('',(-0.3,-1.6625,1.5));
#7674 = VECTOR('',#7675,1.);
#7675 = DIRECTION('',(0.,1.,0.));
#7676 = PCURVE('',#4816,#7677);
#7677 = DEFINITIONAL_REPRESENTATION('',(#7678),#7681);
#7678 = B_SPLINE_CURVE_WITH_KNOTS('',1,(#7679,#7680),.UNSPECIFIED.,.F.,
  .F.,(2,2),(1.3625,106.9625),.PIECEWISE_BEZIER_KNOTS.);
#7679 = CARTESIAN_POINT('',(1.45,0.));
#7680 = CARTESIAN_POINT('',(1.45,-105.6));
#7681 = ( GEOMETRIC_REPRESENTATION_CONTEXT(2) 
PARAMETRIC_REPRESENTATION_CONTEXT() REPRESENTATION_CONTEXT('2D SPACE',''
  ) );
#7682 = PCURVE('',#7683,#7688);
#7683 = PLANE('',#7684);
#7684 = AXIS2_PLACEMENT_3D('',#7685,#7686,#7687);
#7685 = CARTESIAN_POINT('',(6.495,-3.025,1.5));
#7686 = DIRECTION('',(0.,0.,1.));
#7687 = DIRECTION('',(1.,0.,0.));
#7688 = DEFINITIONAL_REPRESENTATION('',(#7689),#7692);
#7689 = B_SPLINE_CURVE_WITH_KNOTS('',1,(#7690,#7691),.UNSPECIFIED.,.F.,
  .F.,(2,2),(1.3625,106.9625),.PIECEWISE_BEZIER_KNOTS.);
#7690 = CARTESIAN_POINT('',(-6.795,2.725));
#7691 = CARTESIAN_POINT('',(-6.795,108.325));
#7692 = ( GEOMETRIC_REPRESENTATION_CONTEXT(2) 
PARAMETRIC_REPRESENTATION_CONTEXT() REPRESENTATION_CONTEXT('2D SPACE',''
  ) );
#7693 = ORIENTED_EDGE('',*,*,#7694,.T.);
#7694 = EDGE_CURVE('',#7669,#7695,#7697,.T.);
#7695 = VERTEX_POINT('',#7696);
#7696 = CARTESIAN_POINT('',(-0.3,103.26509096147,0.2));
#7697 = SURFACE_CURVE('',#7698,(#7702,#7708),.PCURVE_S1.);
#7698 = LINE('',#7699,#7700);
#7699 = CARTESIAN_POINT('',(-0.3,103.26509096147,0.25));
#7700 = VECTOR('',#7701,1.);
#7701 = DIRECTION('',(-0.,-0.,-1.));
#7702 = PCURVE('',#4816,#7703);
#7703 = DEFINITIONAL_REPRESENTATION('',(#7704),#7707);
#7704 = B_SPLINE_CURVE_WITH_KNOTS('',1,(#7705,#7706),.UNSPECIFIED.,.F.,
  .F.,(2,2),(-1.2500006,5.00006E-02),.PIECEWISE_BEZIER_KNOTS.);
#7705 = CARTESIAN_POINT('',(1.4500006,-103.5650909614));
#7706 = CARTESIAN_POINT('',(0.1499994,-103.5650909614));
#7707 = ( GEOMETRIC_REPRESENTATION_CONTEXT(2) 
PARAMETRIC_REPRESENTATION_CONTEXT() REPRESENTATION_CONTEXT('2D SPACE',''
  ) );
#7708 = PCURVE('',#7709,#7714);
#7709 = CYLINDRICAL_SURFACE('',#7710,8.02);
#7710 = AXIS2_PLACEMENT_3D('',#7711,#7712,#7713);
#7711 = CARTESIAN_POINT('',(6.495,99.005,0.25));
#7712 = DIRECTION('',(-0.,-0.,-1.));
#7713 = DIRECTION('',(1.,0.,0.));
#7714 = DEFINITIONAL_REPRESENTATION('',(#7715),#7718);
#7715 = B_SPLINE_CURVE_WITH_KNOTS('',1,(#7716,#7717),.UNSPECIFIED.,.F.,
  .F.,(2,2),(-1.2500006,5.00006E-02),.PIECEWISE_BEZIER_KNOTS.);
#7716 = CARTESIAN_POINT('',(-2.581595942166,-1.2500006));
#7717 = CARTESIAN_POINT('',(-2.581595942166,5.00006E-02));
#7718 = ( GEOMETRIC_REPRESENTATION_CONTEXT(2) 
PARAMETRIC_REPRESENTATION_CONTEXT() REPRESENTATION_CONTEXT('2D SPACE',''
  ) );
#7719 = ORIENTED_EDGE('',*,*,#7720,.T.);
#7720 = EDGE_CURVE('',#7695,#7281,#7721,.T.);
#7721 = SURFACE_CURVE('',#7722,(#7726,#7732),.PCURVE_S1.);
#7722 = LINE('',#7723,#7724);
#7723 = CARTESIAN_POINT('',(-0.3,2.85,0.2));
#7724 = VECTOR('',#7725,1.);
#7725 = DIRECTION('',(0.,1.,0.));
#7726 = PCURVE('',#4816,#7727);
#7727 = DEFINITIONAL_REPRESENTATION('',(#7728),#7731);
#7728 = B_SPLINE_CURVE_WITH_KNOTS('',1,(#7729,#7730),.UNSPECIFIED.,.F.,
  .F.,(2,2),(-3.15,102.45),.PIECEWISE_BEZIER_KNOTS.);
#7729 = CARTESIAN_POINT('',(0.15,0.));
#7730 = CARTESIAN_POINT('',(0.15,-105.6));
#7731 = ( GEOMETRIC_REPRESENTATION_CONTEXT(2) 
PARAMETRIC_REPRESENTATION_CONTEXT() REPRESENTATION_CONTEXT('2D SPACE',''
  ) );
#7732 = PCURVE('',#5811,#7733);
#7733 = DEFINITIONAL_REPRESENTATION('',(#7734),#7737);
#7734 = B_SPLINE_CURVE_WITH_KNOTS('',1,(#7735,#7736),.UNSPECIFIED.,.F.,
  .F.,(2,2),(-3.15,102.45),.PIECEWISE_BEZIER_KNOTS.);
#7735 = CARTESIAN_POINT('',(-6.8,-6.3));
#7736 = CARTESIAN_POINT('',(-6.8,99.3));
#7737 = ( GEOMETRIC_REPRESENTATION_CONTEXT(2) 
PARAMETRIC_REPRESENTATION_CONTEXT() REPRESENTATION_CONTEXT('2D SPACE',''
  ) );
#7738 = ADVANCED_FACE('',(#7739),#4789,.T.);
#7739 = FACE_BOUND('',#7740,.F.);
#7740 = EDGE_LOOP('',(#7741,#7764,#7765,#7766));
#7741 = ORIENTED_EDGE('',*,*,#7742,.F.);
#7742 = EDGE_CURVE('',#4743,#7743,#7745,.T.);
#7743 = VERTEX_POINT('',#7744);
#7744 = CARTESIAN_POINT('',(-2.525,99.005,1.5));
#7745 = SURFACE_CURVE('',#7746,(#7750,#7757),.PCURVE_S1.);
#7746 = LINE('',#7747,#7748);
#7747 = CARTESIAN_POINT('',(-2.525,99.005,0.35));
#7748 = VECTOR('',#7749,1.);
#7749 = DIRECTION('',(0.,0.,1.));
#7750 = PCURVE('',#4789,#7751);
#7751 = DEFINITIONAL_REPRESENTATION('',(#7752),#7756);
#7752 = LINE('',#7753,#7754);
#7753 = CARTESIAN_POINT('',(-3.14159265359,-1.110223024625E-16));
#7754 = VECTOR('',#7755,1.);
#7755 = DIRECTION('',(-0.,-1.));
#7756 = ( GEOMETRIC_REPRESENTATION_CONTEXT(2) 
PARAMETRIC_REPRESENTATION_CONTEXT() REPRESENTATION_CONTEXT('2D SPACE',''
  ) );
#7757 = PCURVE('',#4757,#7758);
#7758 = DEFINITIONAL_REPRESENTATION('',(#7759),#7763);
#7759 = LINE('',#7760,#7761);
#7760 = CARTESIAN_POINT('',(0.,-93.01));
#7761 = VECTOR('',#7762,1.);
#7762 = DIRECTION('',(1.,0.));
#7763 = ( GEOMETRIC_REPRESENTATION_CONTEXT(2) 
PARAMETRIC_REPRESENTATION_CONTEXT() REPRESENTATION_CONTEXT('2D SPACE',''
  ) );
#7764 = ORIENTED_EDGE('',*,*,#4768,.T.);
#7765 = ORIENTED_EDGE('',*,*,#7647,.F.);
#7766 = ORIENTED_EDGE('',*,*,#7767,.T.);
#7767 = EDGE_CURVE('',#7648,#7743,#7768,.T.);
#7768 = SURFACE_CURVE('',#7769,(#7774,#7781),.PCURVE_S1.);
#7769 = CIRCLE('',#7770,9.02);
#7770 = AXIS2_PLACEMENT_3D('',#7771,#7772,#7773);
#7771 = CARTESIAN_POINT('',(6.495,99.005,1.5));
#7772 = DIRECTION('',(0.,0.,1.));
#7773 = DIRECTION('',(1.,0.,0.));
#7774 = PCURVE('',#4789,#7775);
#7775 = DEFINITIONAL_REPRESENTATION('',(#7776),#7780);
#7776 = LINE('',#7777,#7778);
#7777 = CARTESIAN_POINT('',(-0.,-1.15));
#7778 = VECTOR('',#7779,1.);
#7779 = DIRECTION('',(-1.,0.));
#7780 = ( GEOMETRIC_REPRESENTATION_CONTEXT(2) 
PARAMETRIC_REPRESENTATION_CONTEXT() REPRESENTATION_CONTEXT('2D SPACE',''
  ) );
#7781 = PCURVE('',#7683,#7782);
#7782 = DEFINITIONAL_REPRESENTATION('',(#7783),#7787);
#7783 = CIRCLE('',#7784,9.02);
#7784 = AXIS2_PLACEMENT_2D('',#7785,#7786);
#7785 = CARTESIAN_POINT('',(0.,102.03));
#7786 = DIRECTION('',(1.,0.));
#7787 = ( GEOMETRIC_REPRESENTATION_CONTEXT(2) 
PARAMETRIC_REPRESENTATION_CONTEXT() REPRESENTATION_CONTEXT('2D SPACE',''
  ) );
#7788 = ADVANCED_FACE('',(#7789),#4757,.F.);
#7789 = FACE_BOUND('',#7790,.F.);
#7790 = EDGE_LOOP('',(#7791,#7814,#7815,#7816));
#7791 = ORIENTED_EDGE('',*,*,#7792,.F.);
#7792 = EDGE_CURVE('',#4710,#7793,#7795,.T.);
#7793 = VERTEX_POINT('',#7794);
#7794 = CARTESIAN_POINT('',(-2.525,5.995,1.5));
#7795 = SURFACE_CURVE('',#7796,(#7800,#7807),.PCURVE_S1.);
#7796 = LINE('',#7797,#7798);
#7797 = CARTESIAN_POINT('',(-2.525,5.995,0.35));
#7798 = VECTOR('',#7799,1.);
#7799 = DIRECTION('',(0.,0.,1.));
#7800 = PCURVE('',#4757,#7801);
#7801 = DEFINITIONAL_REPRESENTATION('',(#7802),#7806);
#7802 = LINE('',#7803,#7804);
#7803 = CARTESIAN_POINT('',(0.,0.));
#7804 = VECTOR('',#7805,1.);
#7805 = DIRECTION('',(1.,0.));
#7806 = ( GEOMETRIC_REPRESENTATION_CONTEXT(2) 
PARAMETRIC_REPRESENTATION_CONTEXT() REPRESENTATION_CONTEXT('2D SPACE',''
  ) );
#7807 = PCURVE('',#4730,#7808);
#7808 = DEFINITIONAL_REPRESENTATION('',(#7809),#7813);
#7809 = LINE('',#7810,#7811);
#7810 = CARTESIAN_POINT('',(-3.14159265359,-1.110223024625E-16));
#7811 = VECTOR('',#7812,1.);
#7812 = DIRECTION('',(-0.,-1.));
#7813 = ( GEOMETRIC_REPRESENTATION_CONTEXT(2) 
PARAMETRIC_REPRESENTATION_CONTEXT() REPRESENTATION_CONTEXT('2D SPACE',''
  ) );
#7814 = ORIENTED_EDGE('',*,*,#4742,.T.);
#7815 = ORIENTED_EDGE('',*,*,#7742,.T.);
#7816 = ORIENTED_EDGE('',*,*,#7817,.F.);
#7817 = EDGE_CURVE('',#7793,#7743,#7818,.T.);
#7818 = SURFACE_CURVE('',#7819,(#7823,#7830),.PCURVE_S1.);
#7819 = LINE('',#7820,#7821);
#7820 = CARTESIAN_POINT('',(-2.525,5.995,1.5));
#7821 = VECTOR('',#7822,1.);
#7822 = DIRECTION('',(0.,1.,0.));
#7823 = PCURVE('',#4757,#7824);
#7824 = DEFINITIONAL_REPRESENTATION('',(#7825),#7829);
#7825 = LINE('',#7826,#7827);
#7826 = CARTESIAN_POINT('',(1.15,0.));
#7827 = VECTOR('',#7828,1.);
#7828 = DIRECTION('',(0.,-1.));
#7829 = ( GEOMETRIC_REPRESENTATION_CONTEXT(2) 
PARAMETRIC_REPRESENTATION_CONTEXT() REPRESENTATION_CONTEXT('2D SPACE',''
  ) );
#7830 = PCURVE('',#7683,#7831);
#7831 = DEFINITIONAL_REPRESENTATION('',(#7832),#7836);
#7832 = LINE('',#7833,#7834);
#7833 = CARTESIAN_POINT('',(-9.02,9.02));
#7834 = VECTOR('',#7835,1.);
#7835 = DIRECTION('',(0.,1.));
#7836 = ( GEOMETRIC_REPRESENTATION_CONTEXT(2) 
PARAMETRIC_REPRESENTATION_CONTEXT() REPRESENTATION_CONTEXT('2D SPACE',''
  ) );
#7837 = ADVANCED_FACE('',(#7838),#4730,.T.);
#7838 = FACE_BOUND('',#7839,.F.);
#7839 = EDGE_LOOP('',(#7840,#7861,#7862,#7863));
#7840 = ORIENTED_EDGE('',*,*,#7841,.T.);
#7841 = EDGE_CURVE('',#7842,#4684,#7844,.T.);
#7842 = VERTEX_POINT('',#7843);
#7843 = CARTESIAN_POINT('',(-0.3,6.302098789955E-02,1.5));
#7844 = SURFACE_CURVE('',#7845,(#7849,#7855),.PCURVE_S1.);
#7845 = LINE('',#7846,#7847);
#7846 = CARTESIAN_POINT('',(-0.3,6.302098789955E-02,0.35));
#7847 = VECTOR('',#7848,1.);
#7848 = DIRECTION('',(-0.,-0.,-1.));
#7849 = PCURVE('',#4730,#7850);
#7850 = DEFINITIONAL_REPRESENTATION('',(#7851),#7854);
#7851 = B_SPLINE_CURVE_WITH_KNOTS('',1,(#7852,#7853),.UNSPECIFIED.,.F.,
  .F.,(2,2),(-1.1500006,-8.99994E-02),.PIECEWISE_BEZIER_KNOTS.);
#7852 = CARTESIAN_POINT('',(-3.859284110563,-1.1500006));
#7853 = CARTESIAN_POINT('',(-3.859284110563,-8.99994E-02));
#7854 = ( GEOMETRIC_REPRESENTATION_CONTEXT(2) 
PARAMETRIC_REPRESENTATION_CONTEXT() REPRESENTATION_CONTEXT('2D SPACE',''
  ) );
#7855 = PCURVE('',#4698,#7856);
#7856 = DEFINITIONAL_REPRESENTATION('',(#7857),#7860);
#7857 = B_SPLINE_CURVE_WITH_KNOTS('',1,(#7858,#7859),.UNSPECIFIED.,.F.,
  .F.,(2,2),(-1.1500006,-8.99994E-02),.PIECEWISE_BEZIER_KNOTS.);
#7858 = CARTESIAN_POINT('',(1.4500006,-0.3630209879));
#7859 = CARTESIAN_POINT('',(0.3899994,-0.3630209879));
#7860 = ( GEOMETRIC_REPRESENTATION_CONTEXT(2) 
PARAMETRIC_REPRESENTATION_CONTEXT() REPRESENTATION_CONTEXT('2D SPACE',''
  ) );
#7861 = ORIENTED_EDGE('',*,*,#4709,.T.);
#7862 = ORIENTED_EDGE('',*,*,#7792,.T.);
#7863 = ORIENTED_EDGE('',*,*,#7864,.T.);
#7864 = EDGE_CURVE('',#7793,#7842,#7865,.T.);
#7865 = SURFACE_CURVE('',#7866,(#7871,#7878),.PCURVE_S1.);
#7866 = CIRCLE('',#7867,9.02);
#7867 = AXIS2_PLACEMENT_3D('',#7868,#7869,#7870);
#7868 = CARTESIAN_POINT('',(6.495,5.995,1.5));
#7869 = DIRECTION('',(0.,0.,1.));
#7870 = DIRECTION('',(1.,0.,0.));
#7871 = PCURVE('',#4730,#7872);
#7872 = DEFINITIONAL_REPRESENTATION('',(#7873),#7877);
#7873 = LINE('',#7874,#7875);
#7874 = CARTESIAN_POINT('',(-0.,-1.15));
#7875 = VECTOR('',#7876,1.);
#7876 = DIRECTION('',(-1.,0.));
#7877 = ( GEOMETRIC_REPRESENTATION_CONTEXT(2) 
PARAMETRIC_REPRESENTATION_CONTEXT() REPRESENTATION_CONTEXT('2D SPACE',''
  ) );
#7878 = PCURVE('',#7683,#7879);
#7879 = DEFINITIONAL_REPRESENTATION('',(#7880),#7884);
#7880 = CIRCLE('',#7881,9.02);
#7881 = AXIS2_PLACEMENT_2D('',#7882,#7883);
#7882 = CARTESIAN_POINT('',(0.,9.02));
#7883 = DIRECTION('',(1.,0.));
#7884 = ( GEOMETRIC_REPRESENTATION_CONTEXT(2) 
PARAMETRIC_REPRESENTATION_CONTEXT() REPRESENTATION_CONTEXT('2D SPACE',''
  ) );
#7885 = ADVANCED_FACE('',(#7886),#4698,.T.);
#7886 = FACE_BOUND('',#7887,.T.);
#7887 = EDGE_LOOP('',(#7888,#7911,#7932,#7933,#7954,#7980,#7999,#8000));
#7888 = ORIENTED_EDGE('',*,*,#7889,.F.);
#7889 = EDGE_CURVE('',#7890,#4658,#7892,.T.);
#7890 = VERTEX_POINT('',#7891);
#7891 = CARTESIAN_POINT('',(-0.3,-0.3,5.E-02));
#7892 = SURFACE_CURVE('',#7893,(#7897,#7904),.PCURVE_S1.);
#7893 = LINE('',#7894,#7895);
#7894 = CARTESIAN_POINT('',(-0.3,-0.3,5.E-02));
#7895 = VECTOR('',#7896,1.);
#7896 = DIRECTION('',(0.,0.,1.));
#7897 = PCURVE('',#4698,#7898);
#7898 = DEFINITIONAL_REPRESENTATION('',(#7899),#7903);
#7899 = LINE('',#7900,#7901);
#7900 = CARTESIAN_POINT('',(0.,0.));
#7901 = VECTOR('',#7902,1.);
#7902 = DIRECTION('',(1.,0.));
#7903 = ( GEOMETRIC_REPRESENTATION_CONTEXT(2) 
PARAMETRIC_REPRESENTATION_CONTEXT() REPRESENTATION_CONTEXT('2D SPACE',''
  ) );
#7904 = PCURVE('',#4672,#7905);
#7905 = DEFINITIONAL_REPRESENTATION('',(#7906),#7910);
#7906 = LINE('',#7907,#7908);
#7907 = CARTESIAN_POINT('',(0.,0.));
#7908 = VECTOR('',#7909,1.);
#7909 = DIRECTION('',(1.,0.));
#7910 = ( GEOMETRIC_REPRESENTATION_CONTEXT(2) 
PARAMETRIC_REPRESENTATION_CONTEXT() REPRESENTATION_CONTEXT('2D SPACE',''
  ) );
#7911 = ORIENTED_EDGE('',*,*,#7912,.T.);
#7912 = EDGE_CURVE('',#7890,#5828,#7913,.T.);
#7913 = SURFACE_CURVE('',#7914,(#7918,#7925),.PCURVE_S1.);
#7914 = LINE('',#7915,#7916);
#7915 = CARTESIAN_POINT('',(-0.3,-0.3,5.E-02));
#7916 = VECTOR('',#7917,1.);
#7917 = DIRECTION('',(0.,1.,0.));
#7918 = PCURVE('',#4698,#7919);
#7919 = DEFINITIONAL_REPRESENTATION('',(#7920),#7924);
#7920 = LINE('',#7921,#7922);
#7921 = CARTESIAN_POINT('',(0.,0.));
#7922 = VECTOR('',#7923,1.);
#7923 = DIRECTION('',(0.,-1.));
#7924 = ( GEOMETRIC_REPRESENTATION_CONTEXT(2) 
PARAMETRIC_REPRESENTATION_CONTEXT() REPRESENTATION_CONTEXT('2D SPACE',''
  ) );
#7925 = PCURVE('',#5865,#7926);
#7926 = DEFINITIONAL_REPRESENTATION('',(#7927),#7931);
#7927 = LINE('',#7928,#7929);
#7928 = CARTESIAN_POINT('',(0.,0.));
#7929 = VECTOR('',#7930,1.);
#7930 = DIRECTION('',(0.,1.));
#7931 = ( GEOMETRIC_REPRESENTATION_CONTEXT(2) 
PARAMETRIC_REPRESENTATION_CONTEXT() REPRESENTATION_CONTEXT('2D SPACE',''
  ) );
#7932 = ORIENTED_EDGE('',*,*,#5827,.F.);
#7933 = ORIENTED_EDGE('',*,*,#7934,.T.);
#7934 = EDGE_CURVE('',#5795,#7935,#7937,.T.);
#7935 = VERTEX_POINT('',#7936);
#7936 = CARTESIAN_POINT('',(-0.3,1.73490903853,0.2));
#7937 = SURFACE_CURVE('',#7938,(#7942,#7948),.PCURVE_S1.);
#7938 = LINE('',#7939,#7940);
#7939 = CARTESIAN_POINT('',(-0.3,2.85,0.2));
#7940 = VECTOR('',#7941,1.);
#7941 = DIRECTION('',(0.,1.,0.));
#7942 = PCURVE('',#4698,#7943);
#7943 = DEFINITIONAL_REPRESENTATION('',(#7944),#7947);
#7944 = B_SPLINE_CURVE_WITH_KNOTS('',1,(#7945,#7946),.UNSPECIFIED.,.F.,
  .F.,(2,2),(-3.15,102.45),.PIECEWISE_BEZIER_KNOTS.);
#7945 = CARTESIAN_POINT('',(0.15,0.));
#7946 = CARTESIAN_POINT('',(0.15,-105.6));
#7947 = ( GEOMETRIC_REPRESENTATION_CONTEXT(2) 
PARAMETRIC_REPRESENTATION_CONTEXT() REPRESENTATION_CONTEXT('2D SPACE',''
  ) );
#7948 = PCURVE('',#5811,#7949);
#7949 = DEFINITIONAL_REPRESENTATION('',(#7950),#7953);
#7950 = B_SPLINE_CURVE_WITH_KNOTS('',1,(#7951,#7952),.UNSPECIFIED.,.F.,
  .F.,(2,2),(-3.15,102.45),.PIECEWISE_BEZIER_KNOTS.);
#7951 = CARTESIAN_POINT('',(-6.8,-6.3));
#7952 = CARTESIAN_POINT('',(-6.8,99.3));
#7953 = ( GEOMETRIC_REPRESENTATION_CONTEXT(2) 
PARAMETRIC_REPRESENTATION_CONTEXT() REPRESENTATION_CONTEXT('2D SPACE',''
  ) );
#7954 = ORIENTED_EDGE('',*,*,#7955,.F.);
#7955 = EDGE_CURVE('',#7956,#7935,#7958,.T.);
#7956 = VERTEX_POINT('',#7957);
#7957 = CARTESIAN_POINT('',(-0.3,1.73490903853,1.5));
#7958 = SURFACE_CURVE('',#7959,(#7963,#7969),.PCURVE_S1.);
#7959 = LINE('',#7960,#7961);
#7960 = CARTESIAN_POINT('',(-0.3,1.73490903853,0.25));
#7961 = VECTOR('',#7962,1.);
#7962 = DIRECTION('',(-0.,-0.,-1.));
#7963 = PCURVE('',#4698,#7964);
#7964 = DEFINITIONAL_REPRESENTATION('',(#7965),#7968);
#7965 = B_SPLINE_CURVE_WITH_KNOTS('',1,(#7966,#7967),.UNSPECIFIED.,.F.,
  .F.,(2,2),(-1.2500006,5.00006E-02),.PIECEWISE_BEZIER_KNOTS.);
#7966 = CARTESIAN_POINT('',(1.4500006,-2.03490903853));
#7967 = CARTESIAN_POINT('',(0.1499994,-2.03490903853));
#7968 = ( GEOMETRIC_REPRESENTATION_CONTEXT(2) 
PARAMETRIC_REPRESENTATION_CONTEXT() REPRESENTATION_CONTEXT('2D SPACE',''
  ) );
#7969 = PCURVE('',#7970,#7975);
#7970 = CYLINDRICAL_SURFACE('',#7971,8.02);
#7971 = AXIS2_PLACEMENT_3D('',#7972,#7973,#7974);
#7972 = CARTESIAN_POINT('',(6.495,5.995,0.25));
#7973 = DIRECTION('',(-0.,-0.,-1.));
#7974 = DIRECTION('',(1.,0.,0.));
#7975 = DEFINITIONAL_REPRESENTATION('',(#7976),#7979);
#7976 = B_SPLINE_CURVE_WITH_KNOTS('',1,(#7977,#7978),.UNSPECIFIED.,.F.,
  .F.,(2,2),(-1.2500006,5.00006E-02),.PIECEWISE_BEZIER_KNOTS.);
#7977 = CARTESIAN_POINT('',(-3.701589365013,-1.2500006));
#7978 = CARTESIAN_POINT('',(-3.701589365013,5.00006E-02));
#7979 = ( GEOMETRIC_REPRESENTATION_CONTEXT(2) 
PARAMETRIC_REPRESENTATION_CONTEXT() REPRESENTATION_CONTEXT('2D SPACE',''
  ) );
#7980 = ORIENTED_EDGE('',*,*,#7981,.F.);
#7981 = EDGE_CURVE('',#7842,#7956,#7982,.T.);
#7982 = SURFACE_CURVE('',#7983,(#7987,#7993),.PCURVE_S1.);
#7983 = LINE('',#7984,#7985);
#7984 = CARTESIAN_POINT('',(-0.3,-1.6625,1.5));
#7985 = VECTOR('',#7986,1.);
#7986 = DIRECTION('',(0.,1.,0.));
#7987 = PCURVE('',#4698,#7988);
#7988 = DEFINITIONAL_REPRESENTATION('',(#7989),#7992);
#7989 = B_SPLINE_CURVE_WITH_KNOTS('',1,(#7990,#7991),.UNSPECIFIED.,.F.,
  .F.,(2,2),(1.3625,106.9625),.PIECEWISE_BEZIER_KNOTS.);
#7990 = CARTESIAN_POINT('',(1.45,0.));
#7991 = CARTESIAN_POINT('',(1.45,-105.6));
#7992 = ( GEOMETRIC_REPRESENTATION_CONTEXT(2) 
PARAMETRIC_REPRESENTATION_CONTEXT() REPRESENTATION_CONTEXT('2D SPACE',''
  ) );
#7993 = PCURVE('',#7683,#7994);
#7994 = DEFINITIONAL_REPRESENTATION('',(#7995),#7998);
#7995 = B_SPLINE_CURVE_WITH_KNOTS('',1,(#7996,#7997),.UNSPECIFIED.,.F.,
  .F.,(2,2),(1.3625,106.9625),.PIECEWISE_BEZIER_KNOTS.);
#7996 = CARTESIAN_POINT('',(-6.795,2.725));
#7997 = CARTESIAN_POINT('',(-6.795,108.325));
#7998 = ( GEOMETRIC_REPRESENTATION_CONTEXT(2) 
PARAMETRIC_REPRESENTATION_CONTEXT() REPRESENTATION_CONTEXT('2D SPACE',''
  ) );
#7999 = ORIENTED_EDGE('',*,*,#7841,.T.);
#8000 = ORIENTED_EDGE('',*,*,#4683,.F.);
#8001 = ADVANCED_FACE('',(#8002),#4672,.T.);
#8002 = FACE_BOUND('',#8003,.T.);
#8003 = EDGE_LOOP('',(#8004,#8025,#8026,#8027,#8028,#8029,#8048,#8049));
#8004 = ORIENTED_EDGE('',*,*,#8005,.F.);
#8005 = EDGE_CURVE('',#7890,#5849,#8006,.T.);
#8006 = SURFACE_CURVE('',#8007,(#8011,#8018),.PCURVE_S1.);
#8007 = LINE('',#8008,#8009);
#8008 = CARTESIAN_POINT('',(-0.3,-0.3,5.E-02));
#8009 = VECTOR('',#8010,1.);
#8010 = DIRECTION('',(1.,0.,0.));
#8011 = PCURVE('',#4672,#8012);
#8012 = DEFINITIONAL_REPRESENTATION('',(#8013),#8017);
#8013 = LINE('',#8014,#8015);
#8014 = CARTESIAN_POINT('',(0.,0.));
#8015 = VECTOR('',#8016,1.);
#8016 = DIRECTION('',(0.,1.));
#8017 = ( GEOMETRIC_REPRESENTATION_CONTEXT(2) 
PARAMETRIC_REPRESENTATION_CONTEXT() REPRESENTATION_CONTEXT('2D SPACE',''
  ) );
#8018 = PCURVE('',#5865,#8019);
#8019 = DEFINITIONAL_REPRESENTATION('',(#8020),#8024);
#8020 = LINE('',#8021,#8022);
#8021 = CARTESIAN_POINT('',(0.,0.));
#8022 = VECTOR('',#8023,1.);
#8023 = DIRECTION('',(1.,0.));
#8024 = ( GEOMETRIC_REPRESENTATION_CONTEXT(2) 
PARAMETRIC_REPRESENTATION_CONTEXT() REPRESENTATION_CONTEXT('2D SPACE',''
  ) );
#8025 = ORIENTED_EDGE('',*,*,#7889,.T.);
#8026 = ORIENTED_EDGE('',*,*,#4657,.F.);
#8027 = ORIENTED_EDGE('',*,*,#5660,.F.);
#8028 = ORIENTED_EDGE('',*,*,#5636,.F.);
#8029 = ORIENTED_EDGE('',*,*,#8030,.T.);
#8030 = EDGE_CURVE('',#5609,#5935,#8031,.T.);
#8031 = SURFACE_CURVE('',#8032,(#8036,#8042),.PCURVE_S1.);
#8032 = LINE('',#8033,#8034);
#8033 = CARTESIAN_POINT('',(1.52575709992,-0.3,0.25));
#8034 = VECTOR('',#8035,1.);
#8035 = DIRECTION('',(-0.,-0.,-1.));
#8036 = PCURVE('',#4672,#8037);
#8037 = DEFINITIONAL_REPRESENTATION('',(#8038),#8041);
#8038 = B_SPLINE_CURVE_WITH_KNOTS('',1,(#8039,#8040),.UNSPECIFIED.,.F.,
  .F.,(2,2),(-1.2500006,5.00006E-02),.PIECEWISE_BEZIER_KNOTS.);
#8039 = CARTESIAN_POINT('',(1.4500006,1.82575709992));
#8040 = CARTESIAN_POINT('',(0.1499994,1.82575709992));
#8041 = ( GEOMETRIC_REPRESENTATION_CONTEXT(2) 
PARAMETRIC_REPRESENTATION_CONTEXT() REPRESENTATION_CONTEXT('2D SPACE',''
  ) );
#8042 = PCURVE('',#5568,#8043);
#8043 = DEFINITIONAL_REPRESENTATION('',(#8044),#8047);
#8044 = B_SPLINE_CURVE_WITH_KNOTS('',1,(#8045,#8046),.UNSPECIFIED.,.F.,
  .F.,(2,2),(-1.2500006,5.00006E-02),.PIECEWISE_BEZIER_KNOTS.);
#8045 = CARTESIAN_POINT('',(-4.044147901527,-1.2500006));
#8046 = CARTESIAN_POINT('',(-4.044147901527,5.00006E-02));
#8047 = ( GEOMETRIC_REPRESENTATION_CONTEXT(2) 
PARAMETRIC_REPRESENTATION_CONTEXT() REPRESENTATION_CONTEXT('2D SPACE',''
  ) );
#8048 = ORIENTED_EDGE('',*,*,#5962,.T.);
#8049 = ORIENTED_EDGE('',*,*,#5881,.T.);
#8050 = ADVANCED_FACE('',(#8051,#8054,#8089,#8124,#8159,#8194,#8229,
    #8264,#8299,#8334,#8369,#8404,#8439,#8474,#8509,#8544,#8579,#8614,
    #8649,#8684,#8719,#8754,#8789,#8824,#8859,#8894,#8929,#8964,#8999,
    #9034,#9069),#4959,.F.);
#8051 = FACE_BOUND('',#8052,.F.);
#8052 = EDGE_LOOP('',(#8053));
#8053 = ORIENTED_EDGE('',*,*,#4942,.T.);
#8054 = FACE_BOUND('',#8055,.F.);
#8055 = EDGE_LOOP('',(#8056));
#8056 = ORIENTED_EDGE('',*,*,#8057,.T.);
#8057 = EDGE_CURVE('',#8058,#8058,#8060,.T.);
#8058 = VERTEX_POINT('',#8059);
#8059 = CARTESIAN_POINT('',(16.25,10.,-11.95));
#8060 = SURFACE_CURVE('',#8061,(#8066,#8077),.PCURVE_S1.);
#8061 = CIRCLE('',#8062,0.75);
#8062 = AXIS2_PLACEMENT_3D('',#8063,#8064,#8065);
#8063 = CARTESIAN_POINT('',(15.5,10.,-11.95));
#8064 = DIRECTION('',(0.,0.,-1.));
#8065 = DIRECTION('',(1.,0.,0.));
#8066 = PCURVE('',#4959,#8067);
#8067 = DEFINITIONAL_REPRESENTATION('',(#8068),#8076);
#8068 = ( BOUNDED_CURVE() B_SPLINE_CURVE(2,(#8069,#8070,#8071,#8072,
#8073,#8074,#8075),.UNSPECIFIED.,.T.,.F.) B_SPLINE_CURVE_WITH_KNOTS((1,2
    ,2,2,2,1),(-2.094395102393,0.,2.094395102393,4.188790204786,
6.28318530718,8.377580409573),.UNSPECIFIED.) CURVE() 
GEOMETRIC_REPRESENTATION_ITEM() RATIONAL_B_SPLINE_CURVE((1.,0.5,1.,0.5,
1.,0.5,1.)) REPRESENTATION_ITEM('') );
#8069 = CARTESIAN_POINT('',(-5.25,-10.));
#8070 = CARTESIAN_POINT('',(-5.25,-11.29903810567));
#8071 = CARTESIAN_POINT('',(-6.375,-10.64951905283));
#8072 = CARTESIAN_POINT('',(-7.5,-10.));
#8073 = CARTESIAN_POINT('',(-6.375,-9.350480947162));
#8074 = CARTESIAN_POINT('',(-5.25,-8.700961894323));
#8075 = CARTESIAN_POINT('',(-5.25,-10.));
#8076 = ( GEOMETRIC_REPRESENTATION_CONTEXT(2) 
PARAMETRIC_REPRESENTATION_CONTEXT() REPRESENTATION_CONTEXT('2D SPACE',''
  ) );
#8077 = PCURVE('',#8078,#8083);
#8078 = CYLINDRICAL_SURFACE('',#8079,0.75);
#8079 = AXIS2_PLACEMENT_3D('',#8080,#8081,#8082);
#8080 = CARTESIAN_POINT('',(15.5,10.,-12.45));
#8081 = DIRECTION('',(-0.,-0.,-1.));
#8082 = DIRECTION('',(1.,0.,0.));
#8083 = DEFINITIONAL_REPRESENTATION('',(#8084),#8088);
#8084 = LINE('',#8085,#8086);
#8085 = CARTESIAN_POINT('',(-6.28318530718,-0.5));
#8086 = VECTOR('',#8087,1.);
#8087 = DIRECTION('',(1.,-0.));
#8088 = ( GEOMETRIC_REPRESENTATION_CONTEXT(2) 
PARAMETRIC_REPRESENTATION_CONTEXT() REPRESENTATION_CONTEXT('2D SPACE',''
  ) );
#8089 = FACE_BOUND('',#8090,.F.);
#8090 = EDGE_LOOP('',(#8091));
#8091 = ORIENTED_EDGE('',*,*,#8092,.T.);
#8092 = EDGE_CURVE('',#8093,#8093,#8095,.T.);
#8093 = VERTEX_POINT('',#8094);
#8094 = CARTESIAN_POINT('',(14.25,14.,-11.95));
#8095 = SURFACE_CURVE('',#8096,(#8101,#8112),.PCURVE_S1.);
#8096 = CIRCLE('',#8097,0.75);
#8097 = AXIS2_PLACEMENT_3D('',#8098,#8099,#8100);
#8098 = CARTESIAN_POINT('',(13.5,14.,-11.95));
#8099 = DIRECTION('',(0.,0.,-1.));
#8100 = DIRECTION('',(1.,0.,0.));
#8101 = PCURVE('',#4959,#8102);
#8102 = DEFINITIONAL_REPRESENTATION('',(#8103),#8111);
#8103 = ( BOUNDED_CURVE() B_SPLINE_CURVE(2,(#8104,#8105,#8106,#8107,
#8108,#8109,#8110),.UNSPECIFIED.,.T.,.F.) B_SPLINE_CURVE_WITH_KNOTS((1,2
    ,2,2,2,1),(-2.094395102393,0.,2.094395102393,4.188790204786,
6.28318530718,8.377580409573),.UNSPECIFIED.) CURVE() 
GEOMETRIC_REPRESENTATION_ITEM() RATIONAL_B_SPLINE_CURVE((1.,0.5,1.,0.5,
1.,0.5,1.)) REPRESENTATION_ITEM('') );
#8104 = CARTESIAN_POINT('',(-7.25,-6.));
#8105 = CARTESIAN_POINT('',(-7.25,-7.299038105677));
#8106 = CARTESIAN_POINT('',(-8.375,-6.649519052838));
#8107 = CARTESIAN_POINT('',(-9.5,-6.));
#8108 = CARTESIAN_POINT('',(-8.375,-5.350480947162));
#8109 = CARTESIAN_POINT('',(-7.25,-4.700961894323));
#8110 = CARTESIAN_POINT('',(-7.25,-6.));
#8111 = ( GEOMETRIC_REPRESENTATION_CONTEXT(2) 
PARAMETRIC_REPRESENTATION_CONTEXT() REPRESENTATION_CONTEXT('2D SPACE',''
  ) );
#8112 = PCURVE('',#8113,#8118);
#8113 = CYLINDRICAL_SURFACE('',#8114,0.75);
#8114 = AXIS2_PLACEMENT_3D('',#8115,#8116,#8117);
#8115 = CARTESIAN_POINT('',(13.5,14.,-12.45));
#8116 = DIRECTION('',(-0.,-0.,-1.));
#8117 = DIRECTION('',(1.,0.,0.));
#8118 = DEFINITIONAL_REPRESENTATION('',(#8119),#8123);
#8119 = LINE('',#8120,#8121);
#8120 = CARTESIAN_POINT('',(-6.28318530718,-0.5));
#8121 = VECTOR('',#8122,1.);
#8122 = DIRECTION('',(1.,-0.));
#8123 = ( GEOMETRIC_REPRESENTATION_CONTEXT(2) 
PARAMETRIC_REPRESENTATION_CONTEXT() REPRESENTATION_CONTEXT('2D SPACE',''
  ) );
#8124 = FACE_BOUND('',#8125,.F.);
#8125 = EDGE_LOOP('',(#8126));
#8126 = ORIENTED_EDGE('',*,*,#8127,.T.);
#8127 = EDGE_CURVE('',#8128,#8128,#8130,.T.);
#8128 = VERTEX_POINT('',#8129);
#8129 = CARTESIAN_POINT('',(20.25,10.,-11.95));
#8130 = SURFACE_CURVE('',#8131,(#8136,#8147),.PCURVE_S1.);
#8131 = CIRCLE('',#8132,0.75);
#8132 = AXIS2_PLACEMENT_3D('',#8133,#8134,#8135);
#8133 = CARTESIAN_POINT('',(19.5,10.,-11.95));
#8134 = DIRECTION('',(0.,0.,-1.));
#8135 = DIRECTION('',(1.,0.,0.));
#8136 = PCURVE('',#4959,#8137);
#8137 = DEFINITIONAL_REPRESENTATION('',(#8138),#8146);
#8138 = ( BOUNDED_CURVE() B_SPLINE_CURVE(2,(#8139,#8140,#8141,#8142,
#8143,#8144,#8145),.UNSPECIFIED.,.T.,.F.) B_SPLINE_CURVE_WITH_KNOTS((1,2
    ,2,2,2,1),(-2.094395102393,0.,2.094395102393,4.188790204786,
6.28318530718,8.377580409573),.UNSPECIFIED.) CURVE() 
GEOMETRIC_REPRESENTATION_ITEM() RATIONAL_B_SPLINE_CURVE((1.,0.5,1.,0.5,
1.,0.5,1.)) REPRESENTATION_ITEM('') );
#8139 = CARTESIAN_POINT('',(-1.25,-10.));
#8140 = CARTESIAN_POINT('',(-1.25,-11.29903810567));
#8141 = CARTESIAN_POINT('',(-2.375,-10.64951905283));
#8142 = CARTESIAN_POINT('',(-3.5,-10.));
#8143 = CARTESIAN_POINT('',(-2.375,-9.350480947162));
#8144 = CARTESIAN_POINT('',(-1.25,-8.700961894323));
#8145 = CARTESIAN_POINT('',(-1.25,-10.));
#8146 = ( GEOMETRIC_REPRESENTATION_CONTEXT(2) 
PARAMETRIC_REPRESENTATION_CONTEXT() REPRESENTATION_CONTEXT('2D SPACE',''
  ) );
#8147 = PCURVE('',#8148,#8153);
#8148 = CYLINDRICAL_SURFACE('',#8149,0.75);
#8149 = AXIS2_PLACEMENT_3D('',#8150,#8151,#8152);
#8150 = CARTESIAN_POINT('',(19.5,10.,-12.45));
#8151 = DIRECTION('',(-0.,-0.,-1.));
#8152 = DIRECTION('',(1.,0.,0.));
#8153 = DEFINITIONAL_REPRESENTATION('',(#8154),#8158);
#8154 = LINE('',#8155,#8156);
#8155 = CARTESIAN_POINT('',(-6.28318530718,-0.5));
#8156 = VECTOR('',#8157,1.);
#8157 = DIRECTION('',(1.,-0.));
#8158 = ( GEOMETRIC_REPRESENTATION_CONTEXT(2) 
PARAMETRIC_REPRESENTATION_CONTEXT() REPRESENTATION_CONTEXT('2D SPACE',''
  ) );
#8159 = FACE_BOUND('',#8160,.F.);
#8160 = EDGE_LOOP('',(#8161));
#8161 = ORIENTED_EDGE('',*,*,#8162,.T.);
#8162 = EDGE_CURVE('',#8163,#8163,#8165,.T.);
#8163 = VERTEX_POINT('',#8164);
#8164 = CARTESIAN_POINT('',(18.25,14.,-11.95));
#8165 = SURFACE_CURVE('',#8166,(#8171,#8182),.PCURVE_S1.);
#8166 = CIRCLE('',#8167,0.75);
#8167 = AXIS2_PLACEMENT_3D('',#8168,#8169,#8170);
#8168 = CARTESIAN_POINT('',(17.5,14.,-11.95));
#8169 = DIRECTION('',(0.,0.,-1.));
#8170 = DIRECTION('',(1.,0.,0.));
#8171 = PCURVE('',#4959,#8172);
#8172 = DEFINITIONAL_REPRESENTATION('',(#8173),#8181);
#8173 = ( BOUNDED_CURVE() B_SPLINE_CURVE(2,(#8174,#8175,#8176,#8177,
#8178,#8179,#8180),.UNSPECIFIED.,.T.,.F.) B_SPLINE_CURVE_WITH_KNOTS((1,2
    ,2,2,2,1),(-2.094395102393,0.,2.094395102393,4.188790204786,
6.28318530718,8.377580409573),.UNSPECIFIED.) CURVE() 
GEOMETRIC_REPRESENTATION_ITEM() RATIONAL_B_SPLINE_CURVE((1.,0.5,1.,0.5,
1.,0.5,1.)) REPRESENTATION_ITEM('') );
#8174 = CARTESIAN_POINT('',(-3.25,-6.));
#8175 = CARTESIAN_POINT('',(-3.25,-7.299038105677));
#8176 = CARTESIAN_POINT('',(-4.375,-6.649519052838));
#8177 = CARTESIAN_POINT('',(-5.5,-6.));
#8178 = CARTESIAN_POINT('',(-4.375,-5.350480947162));
#8179 = CARTESIAN_POINT('',(-3.25,-4.700961894323));
#8180 = CARTESIAN_POINT('',(-3.25,-6.));
#8181 = ( GEOMETRIC_REPRESENTATION_CONTEXT(2) 
PARAMETRIC_REPRESENTATION_CONTEXT() REPRESENTATION_CONTEXT('2D SPACE',''
  ) );
#8182 = PCURVE('',#8183,#8188);
#8183 = CYLINDRICAL_SURFACE('',#8184,0.75);
#8184 = AXIS2_PLACEMENT_3D('',#8185,#8186,#8187);
#8185 = CARTESIAN_POINT('',(17.5,14.,-12.45));
#8186 = DIRECTION('',(-0.,-0.,-1.));
#8187 = DIRECTION('',(1.,0.,0.));
#8188 = DEFINITIONAL_REPRESENTATION('',(#8189),#8193);
#8189 = LINE('',#8190,#8191);
#8190 = CARTESIAN_POINT('',(-6.28318530718,-0.5));
#8191 = VECTOR('',#8192,1.);
#8192 = DIRECTION('',(1.,-0.));
#8193 = ( GEOMETRIC_REPRESENTATION_CONTEXT(2) 
PARAMETRIC_REPRESENTATION_CONTEXT() REPRESENTATION_CONTEXT('2D SPACE',''
  ) );
#8194 = FACE_BOUND('',#8195,.F.);
#8195 = EDGE_LOOP('',(#8196));
#8196 = ORIENTED_EDGE('',*,*,#8197,.T.);
#8197 = EDGE_CURVE('',#8198,#8198,#8200,.T.);
#8198 = VERTEX_POINT('',#8199);
#8199 = CARTESIAN_POINT('',(22.25,14.,-11.95));
#8200 = SURFACE_CURVE('',#8201,(#8206,#8217),.PCURVE_S1.);
#8201 = CIRCLE('',#8202,0.75);
#8202 = AXIS2_PLACEMENT_3D('',#8203,#8204,#8205);
#8203 = CARTESIAN_POINT('',(21.5,14.,-11.95));
#8204 = DIRECTION('',(0.,0.,-1.));
#8205 = DIRECTION('',(1.,0.,0.));
#8206 = PCURVE('',#4959,#8207);
#8207 = DEFINITIONAL_REPRESENTATION('',(#8208),#8216);
#8208 = ( BOUNDED_CURVE() B_SPLINE_CURVE(2,(#8209,#8210,#8211,#8212,
#8213,#8214,#8215),.UNSPECIFIED.,.T.,.F.) B_SPLINE_CURVE_WITH_KNOTS((1,2
    ,2,2,2,1),(-2.094395102393,0.,2.094395102393,4.188790204786,
6.28318530718,8.377580409573),.UNSPECIFIED.) CURVE() 
GEOMETRIC_REPRESENTATION_ITEM() RATIONAL_B_SPLINE_CURVE((1.,0.5,1.,0.5,
1.,0.5,1.)) REPRESENTATION_ITEM('') );
#8209 = CARTESIAN_POINT('',(0.75,-6.));
#8210 = CARTESIAN_POINT('',(0.75,-7.299038105677));
#8211 = CARTESIAN_POINT('',(-0.375,-6.649519052838));
#8212 = CARTESIAN_POINT('',(-1.5,-6.));
#8213 = CARTESIAN_POINT('',(-0.375,-5.350480947162));
#8214 = CARTESIAN_POINT('',(0.75,-4.700961894323));
#8215 = CARTESIAN_POINT('',(0.75,-6.));
#8216 = ( GEOMETRIC_REPRESENTATION_CONTEXT(2) 
PARAMETRIC_REPRESENTATION_CONTEXT() REPRESENTATION_CONTEXT('2D SPACE',''
  ) );
#8217 = PCURVE('',#8218,#8223);
#8218 = CYLINDRICAL_SURFACE('',#8219,0.75);
#8219 = AXIS2_PLACEMENT_3D('',#8220,#8221,#8222);
#8220 = CARTESIAN_POINT('',(21.5,14.,-12.45));
#8221 = DIRECTION('',(-0.,-0.,-1.));
#8222 = DIRECTION('',(1.,0.,0.));
#8223 = DEFINITIONAL_REPRESENTATION('',(#8224),#8228);
#8224 = LINE('',#8225,#8226);
#8225 = CARTESIAN_POINT('',(-6.28318530718,-0.5));
#8226 = VECTOR('',#8227,1.);
#8227 = DIRECTION('',(1.,-0.));
#8228 = ( GEOMETRIC_REPRESENTATION_CONTEXT(2) 
PARAMETRIC_REPRESENTATION_CONTEXT() REPRESENTATION_CONTEXT('2D SPACE',''
  ) );
#8229 = FACE_BOUND('',#8230,.F.);
#8230 = EDGE_LOOP('',(#8231));
#8231 = ORIENTED_EDGE('',*,*,#8232,.T.);
#8232 = EDGE_CURVE('',#8233,#8233,#8235,.T.);
#8233 = VERTEX_POINT('',#8234);
#8234 = CARTESIAN_POINT('',(12.25,18.,-11.95));
#8235 = SURFACE_CURVE('',#8236,(#8241,#8252),.PCURVE_S1.);
#8236 = CIRCLE('',#8237,0.75);
#8237 = AXIS2_PLACEMENT_3D('',#8238,#8239,#8240);
#8238 = CARTESIAN_POINT('',(11.5,18.,-11.95));
#8239 = DIRECTION('',(0.,0.,-1.));
#8240 = DIRECTION('',(1.,0.,0.));
#8241 = PCURVE('',#4959,#8242);
#8242 = DEFINITIONAL_REPRESENTATION('',(#8243),#8251);
#8243 = ( BOUNDED_CURVE() B_SPLINE_CURVE(2,(#8244,#8245,#8246,#8247,
#8248,#8249,#8250),.UNSPECIFIED.,.T.,.F.) B_SPLINE_CURVE_WITH_KNOTS((1,2
    ,2,2,2,1),(-2.094395102393,0.,2.094395102393,4.188790204786,
6.28318530718,8.377580409573),.UNSPECIFIED.) CURVE() 
GEOMETRIC_REPRESENTATION_ITEM() RATIONAL_B_SPLINE_CURVE((1.,0.5,1.,0.5,
1.,0.5,1.)) REPRESENTATION_ITEM('') );
#8244 = CARTESIAN_POINT('',(-9.25,-2.));
#8245 = CARTESIAN_POINT('',(-9.25,-3.299038105677));
#8246 = CARTESIAN_POINT('',(-10.375,-2.649519052838));
#8247 = CARTESIAN_POINT('',(-11.5,-2.));
#8248 = CARTESIAN_POINT('',(-10.375,-1.350480947162));
#8249 = CARTESIAN_POINT('',(-9.25,-0.700961894323));
#8250 = CARTESIAN_POINT('',(-9.25,-2.));
#8251 = ( GEOMETRIC_REPRESENTATION_CONTEXT(2) 
PARAMETRIC_REPRESENTATION_CONTEXT() REPRESENTATION_CONTEXT('2D SPACE',''
  ) );
#8252 = PCURVE('',#8253,#8258);
#8253 = CYLINDRICAL_SURFACE('',#8254,0.75);
#8254 = AXIS2_PLACEMENT_3D('',#8255,#8256,#8257);
#8255 = CARTESIAN_POINT('',(11.5,18.,-12.45));
#8256 = DIRECTION('',(-0.,-0.,-1.));
#8257 = DIRECTION('',(1.,0.,0.));
#8258 = DEFINITIONAL_REPRESENTATION('',(#8259),#8263);
#8259 = LINE('',#8260,#8261);
#8260 = CARTESIAN_POINT('',(-6.28318530718,-0.5));
#8261 = VECTOR('',#8262,1.);
#8262 = DIRECTION('',(1.,-0.));
#8263 = ( GEOMETRIC_REPRESENTATION_CONTEXT(2) 
PARAMETRIC_REPRESENTATION_CONTEXT() REPRESENTATION_CONTEXT('2D SPACE',''
  ) );
#8264 = FACE_BOUND('',#8265,.F.);
#8265 = EDGE_LOOP('',(#8266));
#8266 = ORIENTED_EDGE('',*,*,#8267,.T.);
#8267 = EDGE_CURVE('',#8268,#8268,#8270,.T.);
#8268 = VERTEX_POINT('',#8269);
#8269 = CARTESIAN_POINT('',(16.25,18.,-11.95));
#8270 = SURFACE_CURVE('',#8271,(#8276,#8287),.PCURVE_S1.);
#8271 = CIRCLE('',#8272,0.75);
#8272 = AXIS2_PLACEMENT_3D('',#8273,#8274,#8275);
#8273 = CARTESIAN_POINT('',(15.5,18.,-11.95));
#8274 = DIRECTION('',(0.,0.,-1.));
#8275 = DIRECTION('',(1.,0.,0.));
#8276 = PCURVE('',#4959,#8277);
#8277 = DEFINITIONAL_REPRESENTATION('',(#8278),#8286);
#8278 = ( BOUNDED_CURVE() B_SPLINE_CURVE(2,(#8279,#8280,#8281,#8282,
#8283,#8284,#8285),.UNSPECIFIED.,.T.,.F.) B_SPLINE_CURVE_WITH_KNOTS((1,2
    ,2,2,2,1),(-2.094395102393,0.,2.094395102393,4.188790204786,
6.28318530718,8.377580409573),.UNSPECIFIED.) CURVE() 
GEOMETRIC_REPRESENTATION_ITEM() RATIONAL_B_SPLINE_CURVE((1.,0.5,1.,0.5,
1.,0.5,1.)) REPRESENTATION_ITEM('') );
#8279 = CARTESIAN_POINT('',(-5.25,-2.));
#8280 = CARTESIAN_POINT('',(-5.25,-3.299038105677));
#8281 = CARTESIAN_POINT('',(-6.375,-2.649519052838));
#8282 = CARTESIAN_POINT('',(-7.5,-2.));
#8283 = CARTESIAN_POINT('',(-6.375,-1.350480947162));
#8284 = CARTESIAN_POINT('',(-5.25,-0.700961894323));
#8285 = CARTESIAN_POINT('',(-5.25,-2.));
#8286 = ( GEOMETRIC_REPRESENTATION_CONTEXT(2) 
PARAMETRIC_REPRESENTATION_CONTEXT() REPRESENTATION_CONTEXT('2D SPACE',''
  ) );
#8287 = PCURVE('',#8288,#8293);
#8288 = CYLINDRICAL_SURFACE('',#8289,0.75);
#8289 = AXIS2_PLACEMENT_3D('',#8290,#8291,#8292);
#8290 = CARTESIAN_POINT('',(15.5,18.,-12.45));
#8291 = DIRECTION('',(-0.,-0.,-1.));
#8292 = DIRECTION('',(1.,0.,0.));
#8293 = DEFINITIONAL_REPRESENTATION('',(#8294),#8298);
#8294 = LINE('',#8295,#8296);
#8295 = CARTESIAN_POINT('',(-6.28318530718,-0.5));
#8296 = VECTOR('',#8297,1.);
#8297 = DIRECTION('',(1.,-0.));
#8298 = ( GEOMETRIC_REPRESENTATION_CONTEXT(2) 
PARAMETRIC_REPRESENTATION_CONTEXT() REPRESENTATION_CONTEXT('2D SPACE',''
  ) );
#8299 = FACE_BOUND('',#8300,.F.);
#8300 = EDGE_LOOP('',(#8301));
#8301 = ORIENTED_EDGE('',*,*,#8302,.T.);
#8302 = EDGE_CURVE('',#8303,#8303,#8305,.T.);
#8303 = VERTEX_POINT('',#8304);
#8304 = CARTESIAN_POINT('',(20.25,18.,-11.95));
#8305 = SURFACE_CURVE('',#8306,(#8311,#8322),.PCURVE_S1.);
#8306 = CIRCLE('',#8307,0.75);
#8307 = AXIS2_PLACEMENT_3D('',#8308,#8309,#8310);
#8308 = CARTESIAN_POINT('',(19.5,18.,-11.95));
#8309 = DIRECTION('',(0.,0.,-1.));
#8310 = DIRECTION('',(1.,0.,0.));
#8311 = PCURVE('',#4959,#8312);
#8312 = DEFINITIONAL_REPRESENTATION('',(#8313),#8321);
#8313 = ( BOUNDED_CURVE() B_SPLINE_CURVE(2,(#8314,#8315,#8316,#8317,
#8318,#8319,#8320),.UNSPECIFIED.,.T.,.F.) B_SPLINE_CURVE_WITH_KNOTS((1,2
    ,2,2,2,1),(-2.094395102393,0.,2.094395102393,4.188790204786,
6.28318530718,8.377580409573),.UNSPECIFIED.) CURVE() 
GEOMETRIC_REPRESENTATION_ITEM() RATIONAL_B_SPLINE_CURVE((1.,0.5,1.,0.5,
1.,0.5,1.)) REPRESENTATION_ITEM('') );
#8314 = CARTESIAN_POINT('',(-1.25,-2.));
#8315 = CARTESIAN_POINT('',(-1.25,-3.299038105677));
#8316 = CARTESIAN_POINT('',(-2.375,-2.649519052838));
#8317 = CARTESIAN_POINT('',(-3.5,-2.));
#8318 = CARTESIAN_POINT('',(-2.375,-1.350480947162));
#8319 = CARTESIAN_POINT('',(-1.25,-0.700961894323));
#8320 = CARTESIAN_POINT('',(-1.25,-2.));
#8321 = ( GEOMETRIC_REPRESENTATION_CONTEXT(2) 
PARAMETRIC_REPRESENTATION_CONTEXT() REPRESENTATION_CONTEXT('2D SPACE',''
  ) );
#8322 = PCURVE('',#8323,#8328);
#8323 = CYLINDRICAL_SURFACE('',#8324,0.75);
#8324 = AXIS2_PLACEMENT_3D('',#8325,#8326,#8327);
#8325 = CARTESIAN_POINT('',(19.5,18.,-12.45));
#8326 = DIRECTION('',(-0.,-0.,-1.));
#8327 = DIRECTION('',(1.,0.,0.));
#8328 = DEFINITIONAL_REPRESENTATION('',(#8329),#8333);
#8329 = LINE('',#8330,#8331);
#8330 = CARTESIAN_POINT('',(-6.28318530718,-0.5));
#8331 = VECTOR('',#8332,1.);
#8332 = DIRECTION('',(1.,-0.));
#8333 = ( GEOMETRIC_REPRESENTATION_CONTEXT(2) 
PARAMETRIC_REPRESENTATION_CONTEXT() REPRESENTATION_CONTEXT('2D SPACE',''
  ) );
#8334 = FACE_BOUND('',#8335,.F.);
#8335 = EDGE_LOOP('',(#8336));
#8336 = ORIENTED_EDGE('',*,*,#8337,.T.);
#8337 = EDGE_CURVE('',#8338,#8338,#8340,.T.);
#8338 = VERTEX_POINT('',#8339);
#8339 = CARTESIAN_POINT('',(24.25,10.,-11.95));
#8340 = SURFACE_CURVE('',#8341,(#8346,#8357),.PCURVE_S1.);
#8341 = CIRCLE('',#8342,0.75);
#8342 = AXIS2_PLACEMENT_3D('',#8343,#8344,#8345);
#8343 = CARTESIAN_POINT('',(23.5,10.,-11.95));
#8344 = DIRECTION('',(0.,0.,-1.));
#8345 = DIRECTION('',(1.,0.,0.));
#8346 = PCURVE('',#4959,#8347);
#8347 = DEFINITIONAL_REPRESENTATION('',(#8348),#8356);
#8348 = ( BOUNDED_CURVE() B_SPLINE_CURVE(2,(#8349,#8350,#8351,#8352,
#8353,#8354,#8355),.UNSPECIFIED.,.T.,.F.) B_SPLINE_CURVE_WITH_KNOTS((1,2
    ,2,2,2,1),(-2.094395102393,0.,2.094395102393,4.188790204786,
6.28318530718,8.377580409573),.UNSPECIFIED.) CURVE() 
GEOMETRIC_REPRESENTATION_ITEM() RATIONAL_B_SPLINE_CURVE((1.,0.5,1.,0.5,
1.,0.5,1.)) REPRESENTATION_ITEM('') );
#8349 = CARTESIAN_POINT('',(2.75,-10.));
#8350 = CARTESIAN_POINT('',(2.75,-11.29903810567));
#8351 = CARTESIAN_POINT('',(1.625,-10.64951905283));
#8352 = CARTESIAN_POINT('',(0.5,-10.));
#8353 = CARTESIAN_POINT('',(1.625,-9.350480947162));
#8354 = CARTESIAN_POINT('',(2.75,-8.700961894323));
#8355 = CARTESIAN_POINT('',(2.75,-10.));
#8356 = ( GEOMETRIC_REPRESENTATION_CONTEXT(2) 
PARAMETRIC_REPRESENTATION_CONTEXT() REPRESENTATION_CONTEXT('2D SPACE',''
  ) );
#8357 = PCURVE('',#8358,#8363);
#8358 = CYLINDRICAL_SURFACE('',#8359,0.75);
#8359 = AXIS2_PLACEMENT_3D('',#8360,#8361,#8362);
#8360 = CARTESIAN_POINT('',(23.5,10.,-12.45));
#8361 = DIRECTION('',(-0.,-0.,-1.));
#8362 = DIRECTION('',(1.,0.,0.));
#8363 = DEFINITIONAL_REPRESENTATION('',(#8364),#8368);
#8364 = LINE('',#8365,#8366);
#8365 = CARTESIAN_POINT('',(-6.28318530718,-0.5));
#8366 = VECTOR('',#8367,1.);
#8367 = DIRECTION('',(1.,-0.));
#8368 = ( GEOMETRIC_REPRESENTATION_CONTEXT(2) 
PARAMETRIC_REPRESENTATION_CONTEXT() REPRESENTATION_CONTEXT('2D SPACE',''
  ) );
#8369 = FACE_BOUND('',#8370,.F.);
#8370 = EDGE_LOOP('',(#8371));
#8371 = ORIENTED_EDGE('',*,*,#8372,.T.);
#8372 = EDGE_CURVE('',#8373,#8373,#8375,.T.);
#8373 = VERTEX_POINT('',#8374);
#8374 = CARTESIAN_POINT('',(28.25,10.,-11.95));
#8375 = SURFACE_CURVE('',#8376,(#8381,#8392),.PCURVE_S1.);
#8376 = CIRCLE('',#8377,0.75);
#8377 = AXIS2_PLACEMENT_3D('',#8378,#8379,#8380);
#8378 = CARTESIAN_POINT('',(27.5,10.,-11.95));
#8379 = DIRECTION('',(0.,0.,-1.));
#8380 = DIRECTION('',(1.,0.,0.));
#8381 = PCURVE('',#4959,#8382);
#8382 = DEFINITIONAL_REPRESENTATION('',(#8383),#8391);
#8383 = ( BOUNDED_CURVE() B_SPLINE_CURVE(2,(#8384,#8385,#8386,#8387,
#8388,#8389,#8390),.UNSPECIFIED.,.T.,.F.) B_SPLINE_CURVE_WITH_KNOTS((1,2
    ,2,2,2,1),(-2.094395102393,0.,2.094395102393,4.188790204786,
6.28318530718,8.377580409573),.UNSPECIFIED.) CURVE() 
GEOMETRIC_REPRESENTATION_ITEM() RATIONAL_B_SPLINE_CURVE((1.,0.5,1.,0.5,
1.,0.5,1.)) REPRESENTATION_ITEM('') );
#8384 = CARTESIAN_POINT('',(6.75,-10.));
#8385 = CARTESIAN_POINT('',(6.75,-11.29903810567));
#8386 = CARTESIAN_POINT('',(5.625,-10.64951905283));
#8387 = CARTESIAN_POINT('',(4.5,-10.));
#8388 = CARTESIAN_POINT('',(5.625,-9.350480947162));
#8389 = CARTESIAN_POINT('',(6.75,-8.700961894323));
#8390 = CARTESIAN_POINT('',(6.75,-10.));
#8391 = ( GEOMETRIC_REPRESENTATION_CONTEXT(2) 
PARAMETRIC_REPRESENTATION_CONTEXT() REPRESENTATION_CONTEXT('2D SPACE',''
  ) );
#8392 = PCURVE('',#8393,#8398);
#8393 = CYLINDRICAL_SURFACE('',#8394,0.75);
#8394 = AXIS2_PLACEMENT_3D('',#8395,#8396,#8397);
#8395 = CARTESIAN_POINT('',(27.5,10.,-12.45));
#8396 = DIRECTION('',(-0.,-0.,-1.));
#8397 = DIRECTION('',(1.,0.,0.));
#8398 = DEFINITIONAL_REPRESENTATION('',(#8399),#8403);
#8399 = LINE('',#8400,#8401);
#8400 = CARTESIAN_POINT('',(-6.28318530718,-0.5));
#8401 = VECTOR('',#8402,1.);
#8402 = DIRECTION('',(1.,-0.));
#8403 = ( GEOMETRIC_REPRESENTATION_CONTEXT(2) 
PARAMETRIC_REPRESENTATION_CONTEXT() REPRESENTATION_CONTEXT('2D SPACE',''
  ) );
#8404 = FACE_BOUND('',#8405,.F.);
#8405 = EDGE_LOOP('',(#8406));
#8406 = ORIENTED_EDGE('',*,*,#8407,.T.);
#8407 = EDGE_CURVE('',#8408,#8408,#8410,.T.);
#8408 = VERTEX_POINT('',#8409);
#8409 = CARTESIAN_POINT('',(26.25,14.,-11.95));
#8410 = SURFACE_CURVE('',#8411,(#8416,#8427),.PCURVE_S1.);
#8411 = CIRCLE('',#8412,0.75);
#8412 = AXIS2_PLACEMENT_3D('',#8413,#8414,#8415);
#8413 = CARTESIAN_POINT('',(25.5,14.,-11.95));
#8414 = DIRECTION('',(0.,0.,-1.));
#8415 = DIRECTION('',(1.,0.,0.));
#8416 = PCURVE('',#4959,#8417);
#8417 = DEFINITIONAL_REPRESENTATION('',(#8418),#8426);
#8418 = ( BOUNDED_CURVE() B_SPLINE_CURVE(2,(#8419,#8420,#8421,#8422,
#8423,#8424,#8425),.UNSPECIFIED.,.T.,.F.) B_SPLINE_CURVE_WITH_KNOTS((1,2
    ,2,2,2,1),(-2.094395102393,0.,2.094395102393,4.188790204786,
6.28318530718,8.377580409573),.UNSPECIFIED.) CURVE() 
GEOMETRIC_REPRESENTATION_ITEM() RATIONAL_B_SPLINE_CURVE((1.,0.5,1.,0.5,
1.,0.5,1.)) REPRESENTATION_ITEM('') );
#8419 = CARTESIAN_POINT('',(4.75,-6.));
#8420 = CARTESIAN_POINT('',(4.75,-7.299038105677));
#8421 = CARTESIAN_POINT('',(3.625,-6.649519052838));
#8422 = CARTESIAN_POINT('',(2.5,-6.));
#8423 = CARTESIAN_POINT('',(3.625,-5.350480947162));
#8424 = CARTESIAN_POINT('',(4.75,-4.700961894323));
#8425 = CARTESIAN_POINT('',(4.75,-6.));
#8426 = ( GEOMETRIC_REPRESENTATION_CONTEXT(2) 
PARAMETRIC_REPRESENTATION_CONTEXT() REPRESENTATION_CONTEXT('2D SPACE',''
  ) );
#8427 = PCURVE('',#8428,#8433);
#8428 = CYLINDRICAL_SURFACE('',#8429,0.75);
#8429 = AXIS2_PLACEMENT_3D('',#8430,#8431,#8432);
#8430 = CARTESIAN_POINT('',(25.5,14.,-12.45));
#8431 = DIRECTION('',(-0.,-0.,-1.));
#8432 = DIRECTION('',(1.,0.,0.));
#8433 = DEFINITIONAL_REPRESENTATION('',(#8434),#8438);
#8434 = LINE('',#8435,#8436);
#8435 = CARTESIAN_POINT('',(-6.28318530718,-0.5));
#8436 = VECTOR('',#8437,1.);
#8437 = DIRECTION('',(1.,-0.));
#8438 = ( GEOMETRIC_REPRESENTATION_CONTEXT(2) 
PARAMETRIC_REPRESENTATION_CONTEXT() REPRESENTATION_CONTEXT('2D SPACE',''
  ) );
#8439 = FACE_BOUND('',#8440,.F.);
#8440 = EDGE_LOOP('',(#8441));
#8441 = ORIENTED_EDGE('',*,*,#8442,.T.);
#8442 = EDGE_CURVE('',#8443,#8443,#8445,.T.);
#8443 = VERTEX_POINT('',#8444);
#8444 = CARTESIAN_POINT('',(30.25,14.,-11.95));
#8445 = SURFACE_CURVE('',#8446,(#8451,#8462),.PCURVE_S1.);
#8446 = CIRCLE('',#8447,0.75);
#8447 = AXIS2_PLACEMENT_3D('',#8448,#8449,#8450);
#8448 = CARTESIAN_POINT('',(29.5,14.,-11.95));
#8449 = DIRECTION('',(0.,0.,-1.));
#8450 = DIRECTION('',(1.,0.,0.));
#8451 = PCURVE('',#4959,#8452);
#8452 = DEFINITIONAL_REPRESENTATION('',(#8453),#8461);
#8453 = ( BOUNDED_CURVE() B_SPLINE_CURVE(2,(#8454,#8455,#8456,#8457,
#8458,#8459,#8460),.UNSPECIFIED.,.T.,.F.) B_SPLINE_CURVE_WITH_KNOTS((1,2
    ,2,2,2,1),(-2.094395102393,0.,2.094395102393,4.188790204786,
6.28318530718,8.377580409573),.UNSPECIFIED.) CURVE() 
GEOMETRIC_REPRESENTATION_ITEM() RATIONAL_B_SPLINE_CURVE((1.,0.5,1.,0.5,
1.,0.5,1.)) REPRESENTATION_ITEM('') );
#8454 = CARTESIAN_POINT('',(8.75,-6.));
#8455 = CARTESIAN_POINT('',(8.75,-7.299038105677));
#8456 = CARTESIAN_POINT('',(7.625,-6.649519052838));
#8457 = CARTESIAN_POINT('',(6.5,-6.));
#8458 = CARTESIAN_POINT('',(7.625,-5.350480947162));
#8459 = CARTESIAN_POINT('',(8.75,-4.700961894323));
#8460 = CARTESIAN_POINT('',(8.75,-6.));
#8461 = ( GEOMETRIC_REPRESENTATION_CONTEXT(2) 
PARAMETRIC_REPRESENTATION_CONTEXT() REPRESENTATION_CONTEXT('2D SPACE',''
  ) );
#8462 = PCURVE('',#8463,#8468);
#8463 = CYLINDRICAL_SURFACE('',#8464,0.75);
#8464 = AXIS2_PLACEMENT_3D('',#8465,#8466,#8467);
#8465 = CARTESIAN_POINT('',(29.5,14.,-12.45));
#8466 = DIRECTION('',(-0.,-0.,-1.));
#8467 = DIRECTION('',(1.,0.,0.));
#8468 = DEFINITIONAL_REPRESENTATION('',(#8469),#8473);
#8469 = LINE('',#8470,#8471);
#8470 = CARTESIAN_POINT('',(-6.28318530718,-0.5));
#8471 = VECTOR('',#8472,1.);
#8472 = DIRECTION('',(1.,-0.));
#8473 = ( GEOMETRIC_REPRESENTATION_CONTEXT(2) 
PARAMETRIC_REPRESENTATION_CONTEXT() REPRESENTATION_CONTEXT('2D SPACE',''
  ) );
#8474 = FACE_BOUND('',#8475,.F.);
#8475 = EDGE_LOOP('',(#8476));
#8476 = ORIENTED_EDGE('',*,*,#8477,.T.);
#8477 = EDGE_CURVE('',#8478,#8478,#8480,.T.);
#8478 = VERTEX_POINT('',#8479);
#8479 = CARTESIAN_POINT('',(24.25,18.,-11.95));
#8480 = SURFACE_CURVE('',#8481,(#8486,#8497),.PCURVE_S1.);
#8481 = CIRCLE('',#8482,0.75);
#8482 = AXIS2_PLACEMENT_3D('',#8483,#8484,#8485);
#8483 = CARTESIAN_POINT('',(23.5,18.,-11.95));
#8484 = DIRECTION('',(0.,0.,-1.));
#8485 = DIRECTION('',(1.,0.,0.));
#8486 = PCURVE('',#4959,#8487);
#8487 = DEFINITIONAL_REPRESENTATION('',(#8488),#8496);
#8488 = ( BOUNDED_CURVE() B_SPLINE_CURVE(2,(#8489,#8490,#8491,#8492,
#8493,#8494,#8495),.UNSPECIFIED.,.T.,.F.) B_SPLINE_CURVE_WITH_KNOTS((1,2
    ,2,2,2,1),(-2.094395102393,0.,2.094395102393,4.188790204786,
6.28318530718,8.377580409573),.UNSPECIFIED.) CURVE() 
GEOMETRIC_REPRESENTATION_ITEM() RATIONAL_B_SPLINE_CURVE((1.,0.5,1.,0.5,
1.,0.5,1.)) REPRESENTATION_ITEM('') );
#8489 = CARTESIAN_POINT('',(2.75,-2.));
#8490 = CARTESIAN_POINT('',(2.75,-3.299038105677));
#8491 = CARTESIAN_POINT('',(1.625,-2.649519052838));
#8492 = CARTESIAN_POINT('',(0.5,-2.));
#8493 = CARTESIAN_POINT('',(1.625,-1.350480947162));
#8494 = CARTESIAN_POINT('',(2.75,-0.700961894323));
#8495 = CARTESIAN_POINT('',(2.75,-2.));
#8496 = ( GEOMETRIC_REPRESENTATION_CONTEXT(2) 
PARAMETRIC_REPRESENTATION_CONTEXT() REPRESENTATION_CONTEXT('2D SPACE',''
  ) );
#8497 = PCURVE('',#8498,#8503);
#8498 = CYLINDRICAL_SURFACE('',#8499,0.75);
#8499 = AXIS2_PLACEMENT_3D('',#8500,#8501,#8502);
#8500 = CARTESIAN_POINT('',(23.5,18.,-12.45));
#8501 = DIRECTION('',(-0.,-0.,-1.));
#8502 = DIRECTION('',(1.,0.,0.));
#8503 = DEFINITIONAL_REPRESENTATION('',(#8504),#8508);
#8504 = LINE('',#8505,#8506);
#8505 = CARTESIAN_POINT('',(-6.28318530718,-0.5));
#8506 = VECTOR('',#8507,1.);
#8507 = DIRECTION('',(1.,-0.));
#8508 = ( GEOMETRIC_REPRESENTATION_CONTEXT(2) 
PARAMETRIC_REPRESENTATION_CONTEXT() REPRESENTATION_CONTEXT('2D SPACE',''
  ) );
#8509 = FACE_BOUND('',#8510,.F.);
#8510 = EDGE_LOOP('',(#8511));
#8511 = ORIENTED_EDGE('',*,*,#8512,.T.);
#8512 = EDGE_CURVE('',#8513,#8513,#8515,.T.);
#8513 = VERTEX_POINT('',#8514);
#8514 = CARTESIAN_POINT('',(28.25,18.,-11.95));
#8515 = SURFACE_CURVE('',#8516,(#8521,#8532),.PCURVE_S1.);
#8516 = CIRCLE('',#8517,0.75);
#8517 = AXIS2_PLACEMENT_3D('',#8518,#8519,#8520);
#8518 = CARTESIAN_POINT('',(27.5,18.,-11.95));
#8519 = DIRECTION('',(0.,0.,-1.));
#8520 = DIRECTION('',(1.,0.,0.));
#8521 = PCURVE('',#4959,#8522);
#8522 = DEFINITIONAL_REPRESENTATION('',(#8523),#8531);
#8523 = ( BOUNDED_CURVE() B_SPLINE_CURVE(2,(#8524,#8525,#8526,#8527,
#8528,#8529,#8530),.UNSPECIFIED.,.T.,.F.) B_SPLINE_CURVE_WITH_KNOTS((1,2
    ,2,2,2,1),(-2.094395102393,0.,2.094395102393,4.188790204786,
6.28318530718,8.377580409573),.UNSPECIFIED.) CURVE() 
GEOMETRIC_REPRESENTATION_ITEM() RATIONAL_B_SPLINE_CURVE((1.,0.5,1.,0.5,
1.,0.5,1.)) REPRESENTATION_ITEM('') );
#8524 = CARTESIAN_POINT('',(6.75,-2.));
#8525 = CARTESIAN_POINT('',(6.75,-3.299038105677));
#8526 = CARTESIAN_POINT('',(5.625,-2.649519052838));
#8527 = CARTESIAN_POINT('',(4.5,-2.));
#8528 = CARTESIAN_POINT('',(5.625,-1.350480947162));
#8529 = CARTESIAN_POINT('',(6.75,-0.700961894323));
#8530 = CARTESIAN_POINT('',(6.75,-2.));
#8531 = ( GEOMETRIC_REPRESENTATION_CONTEXT(2) 
PARAMETRIC_REPRESENTATION_CONTEXT() REPRESENTATION_CONTEXT('2D SPACE',''
  ) );
#8532 = PCURVE('',#8533,#8538);
#8533 = CYLINDRICAL_SURFACE('',#8534,0.75);
#8534 = AXIS2_PLACEMENT_3D('',#8535,#8536,#8537);
#8535 = CARTESIAN_POINT('',(27.5,18.,-12.45));
#8536 = DIRECTION('',(-0.,-0.,-1.));
#8537 = DIRECTION('',(1.,0.,0.));
#8538 = DEFINITIONAL_REPRESENTATION('',(#8539),#8543);
#8539 = LINE('',#8540,#8541);
#8540 = CARTESIAN_POINT('',(-6.28318530718,-0.5));
#8541 = VECTOR('',#8542,1.);
#8542 = DIRECTION('',(1.,-0.));
#8543 = ( GEOMETRIC_REPRESENTATION_CONTEXT(2) 
PARAMETRIC_REPRESENTATION_CONTEXT() REPRESENTATION_CONTEXT('2D SPACE',''
  ) );
#8544 = FACE_BOUND('',#8545,.F.);
#8545 = EDGE_LOOP('',(#8546));
#8546 = ORIENTED_EDGE('',*,*,#8547,.T.);
#8547 = EDGE_CURVE('',#8548,#8548,#8550,.T.);
#8548 = VERTEX_POINT('',#8549);
#8549 = CARTESIAN_POINT('',(32.25,18.,-11.95));
#8550 = SURFACE_CURVE('',#8551,(#8556,#8567),.PCURVE_S1.);
#8551 = CIRCLE('',#8552,0.75);
#8552 = AXIS2_PLACEMENT_3D('',#8553,#8554,#8555);
#8553 = CARTESIAN_POINT('',(31.5,18.,-11.95));
#8554 = DIRECTION('',(0.,0.,-1.));
#8555 = DIRECTION('',(1.,0.,0.));
#8556 = PCURVE('',#4959,#8557);
#8557 = DEFINITIONAL_REPRESENTATION('',(#8558),#8566);
#8558 = ( BOUNDED_CURVE() B_SPLINE_CURVE(2,(#8559,#8560,#8561,#8562,
#8563,#8564,#8565),.UNSPECIFIED.,.T.,.F.) B_SPLINE_CURVE_WITH_KNOTS((1,2
    ,2,2,2,1),(-2.094395102393,0.,2.094395102393,4.188790204786,
6.28318530718,8.377580409573),.UNSPECIFIED.) CURVE() 
GEOMETRIC_REPRESENTATION_ITEM() RATIONAL_B_SPLINE_CURVE((1.,0.5,1.,0.5,
1.,0.5,1.)) REPRESENTATION_ITEM('') );
#8559 = CARTESIAN_POINT('',(10.75,-2.));
#8560 = CARTESIAN_POINT('',(10.75,-3.299038105677));
#8561 = CARTESIAN_POINT('',(9.625,-2.649519052838));
#8562 = CARTESIAN_POINT('',(8.5,-2.));
#8563 = CARTESIAN_POINT('',(9.625,-1.350480947162));
#8564 = CARTESIAN_POINT('',(10.75,-0.700961894323));
#8565 = CARTESIAN_POINT('',(10.75,-2.));
#8566 = ( GEOMETRIC_REPRESENTATION_CONTEXT(2) 
PARAMETRIC_REPRESENTATION_CONTEXT() REPRESENTATION_CONTEXT('2D SPACE',''
  ) );
#8567 = PCURVE('',#8568,#8573);
#8568 = CYLINDRICAL_SURFACE('',#8569,0.75);
#8569 = AXIS2_PLACEMENT_3D('',#8570,#8571,#8572);
#8570 = CARTESIAN_POINT('',(31.5,18.,-12.45));
#8571 = DIRECTION('',(-0.,-0.,-1.));
#8572 = DIRECTION('',(1.,0.,0.));
#8573 = DEFINITIONAL_REPRESENTATION('',(#8574),#8578);
#8574 = LINE('',#8575,#8576);
#8575 = CARTESIAN_POINT('',(-6.28318530718,-0.5));
#8576 = VECTOR('',#8577,1.);
#8577 = DIRECTION('',(1.,-0.));
#8578 = ( GEOMETRIC_REPRESENTATION_CONTEXT(2) 
PARAMETRIC_REPRESENTATION_CONTEXT() REPRESENTATION_CONTEXT('2D SPACE',''
  ) );
#8579 = FACE_BOUND('',#8580,.F.);
#8580 = EDGE_LOOP('',(#8581));
#8581 = ORIENTED_EDGE('',*,*,#8582,.T.);
#8582 = EDGE_CURVE('',#8583,#8583,#8585,.T.);
#8583 = VERTEX_POINT('',#8584);
#8584 = CARTESIAN_POINT('',(14.25,22.,-11.95));
#8585 = SURFACE_CURVE('',#8586,(#8591,#8602),.PCURVE_S1.);
#8586 = CIRCLE('',#8587,0.75);
#8587 = AXIS2_PLACEMENT_3D('',#8588,#8589,#8590);
#8588 = CARTESIAN_POINT('',(13.5,22.,-11.95));
#8589 = DIRECTION('',(0.,0.,-1.));
#8590 = DIRECTION('',(1.,0.,0.));
#8591 = PCURVE('',#4959,#8592);
#8592 = DEFINITIONAL_REPRESENTATION('',(#8593),#8601);
#8593 = ( BOUNDED_CURVE() B_SPLINE_CURVE(2,(#8594,#8595,#8596,#8597,
#8598,#8599,#8600),.UNSPECIFIED.,.T.,.F.) B_SPLINE_CURVE_WITH_KNOTS((1,2
    ,2,2,2,1),(-2.094395102393,0.,2.094395102393,4.188790204786,
6.28318530718,8.377580409573),.UNSPECIFIED.) CURVE() 
GEOMETRIC_REPRESENTATION_ITEM() RATIONAL_B_SPLINE_CURVE((1.,0.5,1.,0.5,
1.,0.5,1.)) REPRESENTATION_ITEM('') );
#8594 = CARTESIAN_POINT('',(-7.25,2.));
#8595 = CARTESIAN_POINT('',(-7.25,0.700961894323));
#8596 = CARTESIAN_POINT('',(-8.375,1.350480947162));
#8597 = CARTESIAN_POINT('',(-9.5,2.));
#8598 = CARTESIAN_POINT('',(-8.375,2.649519052838));
#8599 = CARTESIAN_POINT('',(-7.25,3.299038105677));
#8600 = CARTESIAN_POINT('',(-7.25,2.));
#8601 = ( GEOMETRIC_REPRESENTATION_CONTEXT(2) 
PARAMETRIC_REPRESENTATION_CONTEXT() REPRESENTATION_CONTEXT('2D SPACE',''
  ) );
#8602 = PCURVE('',#8603,#8608);
#8603 = CYLINDRICAL_SURFACE('',#8604,0.75);
#8604 = AXIS2_PLACEMENT_3D('',#8605,#8606,#8607);
#8605 = CARTESIAN_POINT('',(13.5,22.,-12.45));
#8606 = DIRECTION('',(-0.,-0.,-1.));
#8607 = DIRECTION('',(1.,0.,0.));
#8608 = DEFINITIONAL_REPRESENTATION('',(#8609),#8613);
#8609 = LINE('',#8610,#8611);
#8610 = CARTESIAN_POINT('',(-6.28318530718,-0.5));
#8611 = VECTOR('',#8612,1.);
#8612 = DIRECTION('',(1.,-0.));
#8613 = ( GEOMETRIC_REPRESENTATION_CONTEXT(2) 
PARAMETRIC_REPRESENTATION_CONTEXT() REPRESENTATION_CONTEXT('2D SPACE',''
  ) );
#8614 = FACE_BOUND('',#8615,.F.);
#8615 = EDGE_LOOP('',(#8616));
#8616 = ORIENTED_EDGE('',*,*,#8617,.T.);
#8617 = EDGE_CURVE('',#8618,#8618,#8620,.T.);
#8618 = VERTEX_POINT('',#8619);
#8619 = CARTESIAN_POINT('',(18.25,22.,-11.95));
#8620 = SURFACE_CURVE('',#8621,(#8626,#8637),.PCURVE_S1.);
#8621 = CIRCLE('',#8622,0.75);
#8622 = AXIS2_PLACEMENT_3D('',#8623,#8624,#8625);
#8623 = CARTESIAN_POINT('',(17.5,22.,-11.95));
#8624 = DIRECTION('',(0.,0.,-1.));
#8625 = DIRECTION('',(1.,0.,0.));
#8626 = PCURVE('',#4959,#8627);
#8627 = DEFINITIONAL_REPRESENTATION('',(#8628),#8636);
#8628 = ( BOUNDED_CURVE() B_SPLINE_CURVE(2,(#8629,#8630,#8631,#8632,
#8633,#8634,#8635),.UNSPECIFIED.,.T.,.F.) B_SPLINE_CURVE_WITH_KNOTS((1,2
    ,2,2,2,1),(-2.094395102393,0.,2.094395102393,4.188790204786,
6.28318530718,8.377580409573),.UNSPECIFIED.) CURVE() 
GEOMETRIC_REPRESENTATION_ITEM() RATIONAL_B_SPLINE_CURVE((1.,0.5,1.,0.5,
1.,0.5,1.)) REPRESENTATION_ITEM('') );
#8629 = CARTESIAN_POINT('',(-3.25,2.));
#8630 = CARTESIAN_POINT('',(-3.25,0.700961894323));
#8631 = CARTESIAN_POINT('',(-4.375,1.350480947162));
#8632 = CARTESIAN_POINT('',(-5.5,2.));
#8633 = CARTESIAN_POINT('',(-4.375,2.649519052838));
#8634 = CARTESIAN_POINT('',(-3.25,3.299038105677));
#8635 = CARTESIAN_POINT('',(-3.25,2.));
#8636 = ( GEOMETRIC_REPRESENTATION_CONTEXT(2) 
PARAMETRIC_REPRESENTATION_CONTEXT() REPRESENTATION_CONTEXT('2D SPACE',''
  ) );
#8637 = PCURVE('',#8638,#8643);
#8638 = CYLINDRICAL_SURFACE('',#8639,0.75);
#8639 = AXIS2_PLACEMENT_3D('',#8640,#8641,#8642);
#8640 = CARTESIAN_POINT('',(17.5,22.,-12.45));
#8641 = DIRECTION('',(-0.,-0.,-1.));
#8642 = DIRECTION('',(1.,0.,0.));
#8643 = DEFINITIONAL_REPRESENTATION('',(#8644),#8648);
#8644 = LINE('',#8645,#8646);
#8645 = CARTESIAN_POINT('',(-6.28318530718,-0.5));
#8646 = VECTOR('',#8647,1.);
#8647 = DIRECTION('',(1.,-0.));
#8648 = ( GEOMETRIC_REPRESENTATION_CONTEXT(2) 
PARAMETRIC_REPRESENTATION_CONTEXT() REPRESENTATION_CONTEXT('2D SPACE',''
  ) );
#8649 = FACE_BOUND('',#8650,.F.);
#8650 = EDGE_LOOP('',(#8651));
#8651 = ORIENTED_EDGE('',*,*,#8652,.T.);
#8652 = EDGE_CURVE('',#8653,#8653,#8655,.T.);
#8653 = VERTEX_POINT('',#8654);
#8654 = CARTESIAN_POINT('',(22.25,22.,-11.95));
#8655 = SURFACE_CURVE('',#8656,(#8661,#8672),.PCURVE_S1.);
#8656 = CIRCLE('',#8657,0.75);
#8657 = AXIS2_PLACEMENT_3D('',#8658,#8659,#8660);
#8658 = CARTESIAN_POINT('',(21.5,22.,-11.95));
#8659 = DIRECTION('',(0.,0.,-1.));
#8660 = DIRECTION('',(1.,0.,0.));
#8661 = PCURVE('',#4959,#8662);
#8662 = DEFINITIONAL_REPRESENTATION('',(#8663),#8671);
#8663 = ( BOUNDED_CURVE() B_SPLINE_CURVE(2,(#8664,#8665,#8666,#8667,
#8668,#8669,#8670),.UNSPECIFIED.,.T.,.F.) B_SPLINE_CURVE_WITH_KNOTS((1,2
    ,2,2,2,1),(-2.094395102393,0.,2.094395102393,4.188790204786,
6.28318530718,8.377580409573),.UNSPECIFIED.) CURVE() 
GEOMETRIC_REPRESENTATION_ITEM() RATIONAL_B_SPLINE_CURVE((1.,0.5,1.,0.5,
1.,0.5,1.)) REPRESENTATION_ITEM('') );
#8664 = CARTESIAN_POINT('',(0.75,2.));
#8665 = CARTESIAN_POINT('',(0.75,0.700961894323));
#8666 = CARTESIAN_POINT('',(-0.375,1.350480947162));
#8667 = CARTESIAN_POINT('',(-1.5,2.));
#8668 = CARTESIAN_POINT('',(-0.375,2.649519052838));
#8669 = CARTESIAN_POINT('',(0.75,3.299038105677));
#8670 = CARTESIAN_POINT('',(0.75,2.));
#8671 = ( GEOMETRIC_REPRESENTATION_CONTEXT(2) 
PARAMETRIC_REPRESENTATION_CONTEXT() REPRESENTATION_CONTEXT('2D SPACE',''
  ) );
#8672 = PCURVE('',#8673,#8678);
#8673 = CYLINDRICAL_SURFACE('',#8674,0.75);
#8674 = AXIS2_PLACEMENT_3D('',#8675,#8676,#8677);
#8675 = CARTESIAN_POINT('',(21.5,22.,-12.45));
#8676 = DIRECTION('',(-0.,-0.,-1.));
#8677 = DIRECTION('',(1.,0.,0.));
#8678 = DEFINITIONAL_REPRESENTATION('',(#8679),#8683);
#8679 = LINE('',#8680,#8681);
#8680 = CARTESIAN_POINT('',(-6.28318530718,-0.5));
#8681 = VECTOR('',#8682,1.);
#8682 = DIRECTION('',(1.,-0.));
#8683 = ( GEOMETRIC_REPRESENTATION_CONTEXT(2) 
PARAMETRIC_REPRESENTATION_CONTEXT() REPRESENTATION_CONTEXT('2D SPACE',''
  ) );
#8684 = FACE_BOUND('',#8685,.F.);
#8685 = EDGE_LOOP('',(#8686));
#8686 = ORIENTED_EDGE('',*,*,#8687,.T.);
#8687 = EDGE_CURVE('',#8688,#8688,#8690,.T.);
#8688 = VERTEX_POINT('',#8689);
#8689 = CARTESIAN_POINT('',(12.25,26.,-11.95));
#8690 = SURFACE_CURVE('',#8691,(#8696,#8707),.PCURVE_S1.);
#8691 = CIRCLE('',#8692,0.75);
#8692 = AXIS2_PLACEMENT_3D('',#8693,#8694,#8695);
#8693 = CARTESIAN_POINT('',(11.5,26.,-11.95));
#8694 = DIRECTION('',(0.,0.,-1.));
#8695 = DIRECTION('',(1.,0.,0.));
#8696 = PCURVE('',#4959,#8697);
#8697 = DEFINITIONAL_REPRESENTATION('',(#8698),#8706);
#8698 = ( BOUNDED_CURVE() B_SPLINE_CURVE(2,(#8699,#8700,#8701,#8702,
#8703,#8704,#8705),.UNSPECIFIED.,.T.,.F.) B_SPLINE_CURVE_WITH_KNOTS((1,2
    ,2,2,2,1),(-2.094395102393,0.,2.094395102393,4.188790204786,
6.28318530718,8.377580409573),.UNSPECIFIED.) CURVE() 
GEOMETRIC_REPRESENTATION_ITEM() RATIONAL_B_SPLINE_CURVE((1.,0.5,1.,0.5,
1.,0.5,1.)) REPRESENTATION_ITEM('') );
#8699 = CARTESIAN_POINT('',(-9.25,6.));
#8700 = CARTESIAN_POINT('',(-9.25,4.700961894323));
#8701 = CARTESIAN_POINT('',(-10.375,5.350480947162));
#8702 = CARTESIAN_POINT('',(-11.5,6.));
#8703 = CARTESIAN_POINT('',(-10.375,6.649519052838));
#8704 = CARTESIAN_POINT('',(-9.25,7.299038105677));
#8705 = CARTESIAN_POINT('',(-9.25,6.));
#8706 = ( GEOMETRIC_REPRESENTATION_CONTEXT(2) 
PARAMETRIC_REPRESENTATION_CONTEXT() REPRESENTATION_CONTEXT('2D SPACE',''
  ) );
#8707 = PCURVE('',#8708,#8713);
#8708 = CYLINDRICAL_SURFACE('',#8709,0.75);
#8709 = AXIS2_PLACEMENT_3D('',#8710,#8711,#8712);
#8710 = CARTESIAN_POINT('',(11.5,26.,-12.45));
#8711 = DIRECTION('',(-0.,-0.,-1.));
#8712 = DIRECTION('',(1.,0.,0.));
#8713 = DEFINITIONAL_REPRESENTATION('',(#8714),#8718);
#8714 = LINE('',#8715,#8716);
#8715 = CARTESIAN_POINT('',(-6.28318530718,-0.5));
#8716 = VECTOR('',#8717,1.);
#8717 = DIRECTION('',(1.,-0.));
#8718 = ( GEOMETRIC_REPRESENTATION_CONTEXT(2) 
PARAMETRIC_REPRESENTATION_CONTEXT() REPRESENTATION_CONTEXT('2D SPACE',''
  ) );
#8719 = FACE_BOUND('',#8720,.F.);
#8720 = EDGE_LOOP('',(#8721));
#8721 = ORIENTED_EDGE('',*,*,#8722,.T.);
#8722 = EDGE_CURVE('',#8723,#8723,#8725,.T.);
#8723 = VERTEX_POINT('',#8724);
#8724 = CARTESIAN_POINT('',(16.25,26.,-11.95));
#8725 = SURFACE_CURVE('',#8726,(#8731,#8742),.PCURVE_S1.);
#8726 = CIRCLE('',#8727,0.75);
#8727 = AXIS2_PLACEMENT_3D('',#8728,#8729,#8730);
#8728 = CARTESIAN_POINT('',(15.5,26.,-11.95));
#8729 = DIRECTION('',(0.,0.,-1.));
#8730 = DIRECTION('',(1.,0.,0.));
#8731 = PCURVE('',#4959,#8732);
#8732 = DEFINITIONAL_REPRESENTATION('',(#8733),#8741);
#8733 = ( BOUNDED_CURVE() B_SPLINE_CURVE(2,(#8734,#8735,#8736,#8737,
#8738,#8739,#8740),.UNSPECIFIED.,.T.,.F.) B_SPLINE_CURVE_WITH_KNOTS((1,2
    ,2,2,2,1),(-2.094395102393,0.,2.094395102393,4.188790204786,
6.28318530718,8.377580409573),.UNSPECIFIED.) CURVE() 
GEOMETRIC_REPRESENTATION_ITEM() RATIONAL_B_SPLINE_CURVE((1.,0.5,1.,0.5,
1.,0.5,1.)) REPRESENTATION_ITEM('') );
#8734 = CARTESIAN_POINT('',(-5.25,6.));
#8735 = CARTESIAN_POINT('',(-5.25,4.700961894323));
#8736 = CARTESIAN_POINT('',(-6.375,5.350480947162));
#8737 = CARTESIAN_POINT('',(-7.5,6.));
#8738 = CARTESIAN_POINT('',(-6.375,6.649519052838));
#8739 = CARTESIAN_POINT('',(-5.25,7.299038105677));
#8740 = CARTESIAN_POINT('',(-5.25,6.));
#8741 = ( GEOMETRIC_REPRESENTATION_CONTEXT(2) 
PARAMETRIC_REPRESENTATION_CONTEXT() REPRESENTATION_CONTEXT('2D SPACE',''
  ) );
#8742 = PCURVE('',#8743,#8748);
#8743 = CYLINDRICAL_SURFACE('',#8744,0.75);
#8744 = AXIS2_PLACEMENT_3D('',#8745,#8746,#8747);
#8745 = CARTESIAN_POINT('',(15.5,26.,-12.45));
#8746 = DIRECTION('',(-0.,-0.,-1.));
#8747 = DIRECTION('',(1.,0.,0.));
#8748 = DEFINITIONAL_REPRESENTATION('',(#8749),#8753);
#8749 = LINE('',#8750,#8751);
#8750 = CARTESIAN_POINT('',(-6.28318530718,-0.5));
#8751 = VECTOR('',#8752,1.);
#8752 = DIRECTION('',(1.,-0.));
#8753 = ( GEOMETRIC_REPRESENTATION_CONTEXT(2) 
PARAMETRIC_REPRESENTATION_CONTEXT() REPRESENTATION_CONTEXT('2D SPACE',''
  ) );
#8754 = FACE_BOUND('',#8755,.F.);
#8755 = EDGE_LOOP('',(#8756));
#8756 = ORIENTED_EDGE('',*,*,#8757,.T.);
#8757 = EDGE_CURVE('',#8758,#8758,#8760,.T.);
#8758 = VERTEX_POINT('',#8759);
#8759 = CARTESIAN_POINT('',(20.25,26.,-11.95));
#8760 = SURFACE_CURVE('',#8761,(#8766,#8777),.PCURVE_S1.);
#8761 = CIRCLE('',#8762,0.75);
#8762 = AXIS2_PLACEMENT_3D('',#8763,#8764,#8765);
#8763 = CARTESIAN_POINT('',(19.5,26.,-11.95));
#8764 = DIRECTION('',(0.,0.,-1.));
#8765 = DIRECTION('',(1.,0.,0.));
#8766 = PCURVE('',#4959,#8767);
#8767 = DEFINITIONAL_REPRESENTATION('',(#8768),#8776);
#8768 = ( BOUNDED_CURVE() B_SPLINE_CURVE(2,(#8769,#8770,#8771,#8772,
#8773,#8774,#8775),.UNSPECIFIED.,.T.,.F.) B_SPLINE_CURVE_WITH_KNOTS((1,2
    ,2,2,2,1),(-2.094395102393,0.,2.094395102393,4.188790204786,
6.28318530718,8.377580409573),.UNSPECIFIED.) CURVE() 
GEOMETRIC_REPRESENTATION_ITEM() RATIONAL_B_SPLINE_CURVE((1.,0.5,1.,0.5,
1.,0.5,1.)) REPRESENTATION_ITEM('') );
#8769 = CARTESIAN_POINT('',(-1.25,6.));
#8770 = CARTESIAN_POINT('',(-1.25,4.700961894323));
#8771 = CARTESIAN_POINT('',(-2.375,5.350480947162));
#8772 = CARTESIAN_POINT('',(-3.5,6.));
#8773 = CARTESIAN_POINT('',(-2.375,6.649519052838));
#8774 = CARTESIAN_POINT('',(-1.25,7.299038105677));
#8775 = CARTESIAN_POINT('',(-1.25,6.));
#8776 = ( GEOMETRIC_REPRESENTATION_CONTEXT(2) 
PARAMETRIC_REPRESENTATION_CONTEXT() REPRESENTATION_CONTEXT('2D SPACE',''
  ) );
#8777 = PCURVE('',#8778,#8783);
#8778 = CYLINDRICAL_SURFACE('',#8779,0.75);
#8779 = AXIS2_PLACEMENT_3D('',#8780,#8781,#8782);
#8780 = CARTESIAN_POINT('',(19.5,26.,-12.45));
#8781 = DIRECTION('',(-0.,-0.,-1.));
#8782 = DIRECTION('',(1.,0.,0.));
#8783 = DEFINITIONAL_REPRESENTATION('',(#8784),#8788);
#8784 = LINE('',#8785,#8786);
#8785 = CARTESIAN_POINT('',(-6.28318530718,-0.5));
#8786 = VECTOR('',#8787,1.);
#8787 = DIRECTION('',(1.,-0.));
#8788 = ( GEOMETRIC_REPRESENTATION_CONTEXT(2) 
PARAMETRIC_REPRESENTATION_CONTEXT() REPRESENTATION_CONTEXT('2D SPACE',''
  ) );
#8789 = FACE_BOUND('',#8790,.F.);
#8790 = EDGE_LOOP('',(#8791));
#8791 = ORIENTED_EDGE('',*,*,#8792,.T.);
#8792 = EDGE_CURVE('',#8793,#8793,#8795,.T.);
#8793 = VERTEX_POINT('',#8794);
#8794 = CARTESIAN_POINT('',(18.25,30.,-11.95));
#8795 = SURFACE_CURVE('',#8796,(#8801,#8812),.PCURVE_S1.);
#8796 = CIRCLE('',#8797,0.75);
#8797 = AXIS2_PLACEMENT_3D('',#8798,#8799,#8800);
#8798 = CARTESIAN_POINT('',(17.5,30.,-11.95));
#8799 = DIRECTION('',(0.,0.,-1.));
#8800 = DIRECTION('',(1.,0.,0.));
#8801 = PCURVE('',#4959,#8802);
#8802 = DEFINITIONAL_REPRESENTATION('',(#8803),#8811);
#8803 = ( BOUNDED_CURVE() B_SPLINE_CURVE(2,(#8804,#8805,#8806,#8807,
#8808,#8809,#8810),.UNSPECIFIED.,.T.,.F.) B_SPLINE_CURVE_WITH_KNOTS((1,2
    ,2,2,2,1),(-2.094395102393,0.,2.094395102393,4.188790204786,
6.28318530718,8.377580409573),.UNSPECIFIED.) CURVE() 
GEOMETRIC_REPRESENTATION_ITEM() RATIONAL_B_SPLINE_CURVE((1.,0.5,1.,0.5,
1.,0.5,1.)) REPRESENTATION_ITEM('') );
#8804 = CARTESIAN_POINT('',(-3.25,10.));
#8805 = CARTESIAN_POINT('',(-3.25,8.700961894323));
#8806 = CARTESIAN_POINT('',(-4.375,9.350480947162));
#8807 = CARTESIAN_POINT('',(-5.5,10.));
#8808 = CARTESIAN_POINT('',(-4.375,10.649519052838));
#8809 = CARTESIAN_POINT('',(-3.25,11.299038105677));
#8810 = CARTESIAN_POINT('',(-3.25,10.));
#8811 = ( GEOMETRIC_REPRESENTATION_CONTEXT(2) 
PARAMETRIC_REPRESENTATION_CONTEXT() REPRESENTATION_CONTEXT('2D SPACE',''
  ) );
#8812 = PCURVE('',#8813,#8818);
#8813 = CYLINDRICAL_SURFACE('',#8814,0.75);
#8814 = AXIS2_PLACEMENT_3D('',#8815,#8816,#8817);
#8815 = CARTESIAN_POINT('',(17.5,30.,-12.45));
#8816 = DIRECTION('',(-0.,-0.,-1.));
#8817 = DIRECTION('',(1.,0.,0.));
#8818 = DEFINITIONAL_REPRESENTATION('',(#8819),#8823);
#8819 = LINE('',#8820,#8821);
#8820 = CARTESIAN_POINT('',(-6.28318530718,-0.5));
#8821 = VECTOR('',#8822,1.);
#8822 = DIRECTION('',(1.,-0.));
#8823 = ( GEOMETRIC_REPRESENTATION_CONTEXT(2) 
PARAMETRIC_REPRESENTATION_CONTEXT() REPRESENTATION_CONTEXT('2D SPACE',''
  ) );
#8824 = FACE_BOUND('',#8825,.F.);
#8825 = EDGE_LOOP('',(#8826));
#8826 = ORIENTED_EDGE('',*,*,#8827,.T.);
#8827 = EDGE_CURVE('',#8828,#8828,#8830,.T.);
#8828 = VERTEX_POINT('',#8829);
#8829 = CARTESIAN_POINT('',(22.25,30.,-11.95));
#8830 = SURFACE_CURVE('',#8831,(#8836,#8847),.PCURVE_S1.);
#8831 = CIRCLE('',#8832,0.75);
#8832 = AXIS2_PLACEMENT_3D('',#8833,#8834,#8835);
#8833 = CARTESIAN_POINT('',(21.5,30.,-11.95));
#8834 = DIRECTION('',(0.,0.,-1.));
#8835 = DIRECTION('',(1.,0.,0.));
#8836 = PCURVE('',#4959,#8837);
#8837 = DEFINITIONAL_REPRESENTATION('',(#8838),#8846);
#8838 = ( BOUNDED_CURVE() B_SPLINE_CURVE(2,(#8839,#8840,#8841,#8842,
#8843,#8844,#8845),.UNSPECIFIED.,.T.,.F.) B_SPLINE_CURVE_WITH_KNOTS((1,2
    ,2,2,2,1),(-2.094395102393,0.,2.094395102393,4.188790204786,
6.28318530718,8.377580409573),.UNSPECIFIED.) CURVE() 
GEOMETRIC_REPRESENTATION_ITEM() RATIONAL_B_SPLINE_CURVE((1.,0.5,1.,0.5,
1.,0.5,1.)) REPRESENTATION_ITEM('') );
#8839 = CARTESIAN_POINT('',(0.75,10.));
#8840 = CARTESIAN_POINT('',(0.75,8.700961894323));
#8841 = CARTESIAN_POINT('',(-0.375,9.350480947162));
#8842 = CARTESIAN_POINT('',(-1.5,10.));
#8843 = CARTESIAN_POINT('',(-0.375,10.649519052838));
#8844 = CARTESIAN_POINT('',(0.75,11.299038105677));
#8845 = CARTESIAN_POINT('',(0.75,10.));
#8846 = ( GEOMETRIC_REPRESENTATION_CONTEXT(2) 
PARAMETRIC_REPRESENTATION_CONTEXT() REPRESENTATION_CONTEXT('2D SPACE',''
  ) );
#8847 = PCURVE('',#8848,#8853);
#8848 = CYLINDRICAL_SURFACE('',#8849,0.75);
#8849 = AXIS2_PLACEMENT_3D('',#8850,#8851,#8852);
#8850 = CARTESIAN_POINT('',(21.5,30.,-12.45));
#8851 = DIRECTION('',(-0.,-0.,-1.));
#8852 = DIRECTION('',(1.,0.,0.));
#8853 = DEFINITIONAL_REPRESENTATION('',(#8854),#8858);
#8854 = LINE('',#8855,#8856);
#8855 = CARTESIAN_POINT('',(-6.28318530718,-0.5));
#8856 = VECTOR('',#8857,1.);
#8857 = DIRECTION('',(1.,-0.));
#8858 = ( GEOMETRIC_REPRESENTATION_CONTEXT(2) 
PARAMETRIC_REPRESENTATION_CONTEXT() REPRESENTATION_CONTEXT('2D SPACE',''
  ) );
#8859 = FACE_BOUND('',#8860,.F.);
#8860 = EDGE_LOOP('',(#8861));
#8861 = ORIENTED_EDGE('',*,*,#8862,.T.);
#8862 = EDGE_CURVE('',#8863,#8863,#8865,.T.);
#8863 = VERTEX_POINT('',#8864);
#8864 = CARTESIAN_POINT('',(26.25,22.,-11.95));
#8865 = SURFACE_CURVE('',#8866,(#8871,#8882),.PCURVE_S1.);
#8866 = CIRCLE('',#8867,0.75);
#8867 = AXIS2_PLACEMENT_3D('',#8868,#8869,#8870);
#8868 = CARTESIAN_POINT('',(25.5,22.,-11.95));
#8869 = DIRECTION('',(0.,0.,-1.));
#8870 = DIRECTION('',(1.,0.,0.));
#8871 = PCURVE('',#4959,#8872);
#8872 = DEFINITIONAL_REPRESENTATION('',(#8873),#8881);
#8873 = ( BOUNDED_CURVE() B_SPLINE_CURVE(2,(#8874,#8875,#8876,#8877,
#8878,#8879,#8880),.UNSPECIFIED.,.T.,.F.) B_SPLINE_CURVE_WITH_KNOTS((1,2
    ,2,2,2,1),(-2.094395102393,0.,2.094395102393,4.188790204786,
6.28318530718,8.377580409573),.UNSPECIFIED.) CURVE() 
GEOMETRIC_REPRESENTATION_ITEM() RATIONAL_B_SPLINE_CURVE((1.,0.5,1.,0.5,
1.,0.5,1.)) REPRESENTATION_ITEM('') );
#8874 = CARTESIAN_POINT('',(4.75,2.));
#8875 = CARTESIAN_POINT('',(4.75,0.700961894323));
#8876 = CARTESIAN_POINT('',(3.625,1.350480947162));
#8877 = CARTESIAN_POINT('',(2.5,2.));
#8878 = CARTESIAN_POINT('',(3.625,2.649519052838));
#8879 = CARTESIAN_POINT('',(4.75,3.299038105677));
#8880 = CARTESIAN_POINT('',(4.75,2.));
#8881 = ( GEOMETRIC_REPRESENTATION_CONTEXT(2) 
PARAMETRIC_REPRESENTATION_CONTEXT() REPRESENTATION_CONTEXT('2D SPACE',''
  ) );
#8882 = PCURVE('',#8883,#8888);
#8883 = CYLINDRICAL_SURFACE('',#8884,0.75);
#8884 = AXIS2_PLACEMENT_3D('',#8885,#8886,#8887);
#8885 = CARTESIAN_POINT('',(25.5,22.,-12.45));
#8886 = DIRECTION('',(-0.,-0.,-1.));
#8887 = DIRECTION('',(1.,0.,0.));
#8888 = DEFINITIONAL_REPRESENTATION('',(#8889),#8893);
#8889 = LINE('',#8890,#8891);
#8890 = CARTESIAN_POINT('',(-6.28318530718,-0.5));
#8891 = VECTOR('',#8892,1.);
#8892 = DIRECTION('',(1.,-0.));
#8893 = ( GEOMETRIC_REPRESENTATION_CONTEXT(2) 
PARAMETRIC_REPRESENTATION_CONTEXT() REPRESENTATION_CONTEXT('2D SPACE',''
  ) );
#8894 = FACE_BOUND('',#8895,.F.);
#8895 = EDGE_LOOP('',(#8896));
#8896 = ORIENTED_EDGE('',*,*,#8897,.T.);
#8897 = EDGE_CURVE('',#8898,#8898,#8900,.T.);
#8898 = VERTEX_POINT('',#8899);
#8899 = CARTESIAN_POINT('',(30.25,22.,-11.95));
#8900 = SURFACE_CURVE('',#8901,(#8906,#8917),.PCURVE_S1.);
#8901 = CIRCLE('',#8902,0.75);
#8902 = AXIS2_PLACEMENT_3D('',#8903,#8904,#8905);
#8903 = CARTESIAN_POINT('',(29.5,22.,-11.95));
#8904 = DIRECTION('',(0.,0.,-1.));
#8905 = DIRECTION('',(1.,0.,0.));
#8906 = PCURVE('',#4959,#8907);
#8907 = DEFINITIONAL_REPRESENTATION('',(#8908),#8916);
#8908 = ( BOUNDED_CURVE() B_SPLINE_CURVE(2,(#8909,#8910,#8911,#8912,
#8913,#8914,#8915),.UNSPECIFIED.,.T.,.F.) B_SPLINE_CURVE_WITH_KNOTS((1,2
    ,2,2,2,1),(-2.094395102393,0.,2.094395102393,4.188790204786,
6.28318530718,8.377580409573),.UNSPECIFIED.) CURVE() 
GEOMETRIC_REPRESENTATION_ITEM() RATIONAL_B_SPLINE_CURVE((1.,0.5,1.,0.5,
1.,0.5,1.)) REPRESENTATION_ITEM('') );
#8909 = CARTESIAN_POINT('',(8.75,2.));
#8910 = CARTESIAN_POINT('',(8.75,0.700961894323));
#8911 = CARTESIAN_POINT('',(7.625,1.350480947162));
#8912 = CARTESIAN_POINT('',(6.5,2.));
#8913 = CARTESIAN_POINT('',(7.625,2.649519052838));
#8914 = CARTESIAN_POINT('',(8.75,3.299038105677));
#8915 = CARTESIAN_POINT('',(8.75,2.));
#8916 = ( GEOMETRIC_REPRESENTATION_CONTEXT(2) 
PARAMETRIC_REPRESENTATION_CONTEXT() REPRESENTATION_CONTEXT('2D SPACE',''
  ) );
#8917 = PCURVE('',#8918,#8923);
#8918 = CYLINDRICAL_SURFACE('',#8919,0.75);
#8919 = AXIS2_PLACEMENT_3D('',#8920,#8921,#8922);
#8920 = CARTESIAN_POINT('',(29.5,22.,-12.45));
#8921 = DIRECTION('',(-0.,-0.,-1.));
#8922 = DIRECTION('',(1.,0.,0.));
#8923 = DEFINITIONAL_REPRESENTATION('',(#8924),#8928);
#8924 = LINE('',#8925,#8926);
#8925 = CARTESIAN_POINT('',(-6.28318530718,-0.5));
#8926 = VECTOR('',#8927,1.);
#8927 = DIRECTION('',(1.,-0.));
#8928 = ( GEOMETRIC_REPRESENTATION_CONTEXT(2) 
PARAMETRIC_REPRESENTATION_CONTEXT() REPRESENTATION_CONTEXT('2D SPACE',''
  ) );
#8929 = FACE_BOUND('',#8930,.F.);
#8930 = EDGE_LOOP('',(#8931));
#8931 = ORIENTED_EDGE('',*,*,#8932,.T.);
#8932 = EDGE_CURVE('',#8933,#8933,#8935,.T.);
#8933 = VERTEX_POINT('',#8934);
#8934 = CARTESIAN_POINT('',(34.25,22.,-11.95));
#8935 = SURFACE_CURVE('',#8936,(#8941,#8952),.PCURVE_S1.);
#8936 = CIRCLE('',#8937,0.75);
#8937 = AXIS2_PLACEMENT_3D('',#8938,#8939,#8940);
#8938 = CARTESIAN_POINT('',(33.5,22.,-11.95));
#8939 = DIRECTION('',(0.,0.,-1.));
#8940 = DIRECTION('',(1.,0.,0.));
#8941 = PCURVE('',#4959,#8942);
#8942 = DEFINITIONAL_REPRESENTATION('',(#8943),#8951);
#8943 = ( BOUNDED_CURVE() B_SPLINE_CURVE(2,(#8944,#8945,#8946,#8947,
#8948,#8949,#8950),.UNSPECIFIED.,.T.,.F.) B_SPLINE_CURVE_WITH_KNOTS((1,2
    ,2,2,2,1),(-2.094395102393,0.,2.094395102393,4.188790204786,
6.28318530718,8.377580409573),.UNSPECIFIED.) CURVE() 
GEOMETRIC_REPRESENTATION_ITEM() RATIONAL_B_SPLINE_CURVE((1.,0.5,1.,0.5,
1.,0.5,1.)) REPRESENTATION_ITEM('') );
#8944 = CARTESIAN_POINT('',(12.75,2.));
#8945 = CARTESIAN_POINT('',(12.75,0.700961894323));
#8946 = CARTESIAN_POINT('',(11.625,1.350480947162));
#8947 = CARTESIAN_POINT('',(10.5,2.));
#8948 = CARTESIAN_POINT('',(11.625,2.649519052838));
#8949 = CARTESIAN_POINT('',(12.75,3.299038105677));
#8950 = CARTESIAN_POINT('',(12.75,2.));
#8951 = ( GEOMETRIC_REPRESENTATION_CONTEXT(2) 
PARAMETRIC_REPRESENTATION_CONTEXT() REPRESENTATION_CONTEXT('2D SPACE',''
  ) );
#8952 = PCURVE('',#8953,#8958);
#8953 = CYLINDRICAL_SURFACE('',#8954,0.75);
#8954 = AXIS2_PLACEMENT_3D('',#8955,#8956,#8957);
#8955 = CARTESIAN_POINT('',(33.5,22.,-12.45));
#8956 = DIRECTION('',(-0.,-0.,-1.));
#8957 = DIRECTION('',(1.,0.,0.));
#8958 = DEFINITIONAL_REPRESENTATION('',(#8959),#8963);
#8959 = LINE('',#8960,#8961);
#8960 = CARTESIAN_POINT('',(-6.28318530718,-0.5));
#8961 = VECTOR('',#8962,1.);
#8962 = DIRECTION('',(1.,-0.));
#8963 = ( GEOMETRIC_REPRESENTATION_CONTEXT(2) 
PARAMETRIC_REPRESENTATION_CONTEXT() REPRESENTATION_CONTEXT('2D SPACE',''
  ) );
#8964 = FACE_BOUND('',#8965,.F.);
#8965 = EDGE_LOOP('',(#8966));
#8966 = ORIENTED_EDGE('',*,*,#8967,.T.);
#8967 = EDGE_CURVE('',#8968,#8968,#8970,.T.);
#8968 = VERTEX_POINT('',#8969);
#8969 = CARTESIAN_POINT('',(24.25,26.,-11.95));
#8970 = SURFACE_CURVE('',#8971,(#8976,#8987),.PCURVE_S1.);
#8971 = CIRCLE('',#8972,0.75);
#8972 = AXIS2_PLACEMENT_3D('',#8973,#8974,#8975);
#8973 = CARTESIAN_POINT('',(23.5,26.,-11.95));
#8974 = DIRECTION('',(0.,0.,-1.));
#8975 = DIRECTION('',(1.,0.,0.));
#8976 = PCURVE('',#4959,#8977);
#8977 = DEFINITIONAL_REPRESENTATION('',(#8978),#8986);
#8978 = ( BOUNDED_CURVE() B_SPLINE_CURVE(2,(#8979,#8980,#8981,#8982,
#8983,#8984,#8985),.UNSPECIFIED.,.T.,.F.) B_SPLINE_CURVE_WITH_KNOTS((1,2
    ,2,2,2,1),(-2.094395102393,0.,2.094395102393,4.188790204786,
6.28318530718,8.377580409573),.UNSPECIFIED.) CURVE() 
GEOMETRIC_REPRESENTATION_ITEM() RATIONAL_B_SPLINE_CURVE((1.,0.5,1.,0.5,
1.,0.5,1.)) REPRESENTATION_ITEM('') );
#8979 = CARTESIAN_POINT('',(2.75,6.));
#8980 = CARTESIAN_POINT('',(2.75,4.700961894323));
#8981 = CARTESIAN_POINT('',(1.625,5.350480947162));
#8982 = CARTESIAN_POINT('',(0.5,6.));
#8983 = CARTESIAN_POINT('',(1.625,6.649519052838));
#8984 = CARTESIAN_POINT('',(2.75,7.299038105677));
#8985 = CARTESIAN_POINT('',(2.75,6.));
#8986 = ( GEOMETRIC_REPRESENTATION_CONTEXT(2) 
PARAMETRIC_REPRESENTATION_CONTEXT() REPRESENTATION_CONTEXT('2D SPACE',''
  ) );
#8987 = PCURVE('',#8988,#8993);
#8988 = CYLINDRICAL_SURFACE('',#8989,0.75);
#8989 = AXIS2_PLACEMENT_3D('',#8990,#8991,#8992);
#8990 = CARTESIAN_POINT('',(23.5,26.,-12.45));
#8991 = DIRECTION('',(-0.,-0.,-1.));
#8992 = DIRECTION('',(1.,0.,0.));
#8993 = DEFINITIONAL_REPRESENTATION('',(#8994),#8998);
#8994 = LINE('',#8995,#8996);
#8995 = CARTESIAN_POINT('',(-6.28318530718,-0.5));
#8996 = VECTOR('',#8997,1.);
#8997 = DIRECTION('',(1.,-0.));
#8998 = ( GEOMETRIC_REPRESENTATION_CONTEXT(2) 
PARAMETRIC_REPRESENTATION_CONTEXT() REPRESENTATION_CONTEXT('2D SPACE',''
  ) );
#8999 = FACE_BOUND('',#9000,.F.);
#9000 = EDGE_LOOP('',(#9001));
#9001 = ORIENTED_EDGE('',*,*,#9002,.T.);
#9002 = EDGE_CURVE('',#9003,#9003,#9005,.T.);
#9003 = VERTEX_POINT('',#9004);
#9004 = CARTESIAN_POINT('',(28.25,26.,-11.95));
#9005 = SURFACE_CURVE('',#9006,(#9011,#9022),.PCURVE_S1.);
#9006 = CIRCLE('',#9007,0.75);
#9007 = AXIS2_PLACEMENT_3D('',#9008,#9009,#9010);
#9008 = CARTESIAN_POINT('',(27.5,26.,-11.95));
#9009 = DIRECTION('',(0.,0.,-1.));
#9010 = DIRECTION('',(1.,0.,0.));
#9011 = PCURVE('',#4959,#9012);
#9012 = DEFINITIONAL_REPRESENTATION('',(#9013),#9021);
#9013 = ( BOUNDED_CURVE() B_SPLINE_CURVE(2,(#9014,#9015,#9016,#9017,
#9018,#9019,#9020),.UNSPECIFIED.,.T.,.F.) B_SPLINE_CURVE_WITH_KNOTS((1,2
    ,2,2,2,1),(-2.094395102393,0.,2.094395102393,4.188790204786,
6.28318530718,8.377580409573),.UNSPECIFIED.) CURVE() 
GEOMETRIC_REPRESENTATION_ITEM() RATIONAL_B_SPLINE_CURVE((1.,0.5,1.,0.5,
1.,0.5,1.)) REPRESENTATION_ITEM('') );
#9014 = CARTESIAN_POINT('',(6.75,6.));
#9015 = CARTESIAN_POINT('',(6.75,4.700961894323));
#9016 = CARTESIAN_POINT('',(5.625,5.350480947162));
#9017 = CARTESIAN_POINT('',(4.5,6.));
#9018 = CARTESIAN_POINT('',(5.625,6.649519052838));
#9019 = CARTESIAN_POINT('',(6.75,7.299038105677));
#9020 = CARTESIAN_POINT('',(6.75,6.));
#9021 = ( GEOMETRIC_REPRESENTATION_CONTEXT(2) 
PARAMETRIC_REPRESENTATION_CONTEXT() REPRESENTATION_CONTEXT('2D SPACE',''
  ) );
#9022 = PCURVE('',#9023,#9028);
#9023 = CYLINDRICAL_SURFACE('',#9024,0.75);
#9024 = AXIS2_PLACEMENT_3D('',#9025,#9026,#9027);
#9025 = CARTESIAN_POINT('',(27.5,26.,-12.45));
#9026 = DIRECTION('',(-0.,-0.,-1.));
#9027 = DIRECTION('',(1.,0.,0.));
#9028 = DEFINITIONAL_REPRESENTATION('',(#9029),#9033);
#9029 = LINE('',#9030,#9031);
#9030 = CARTESIAN_POINT('',(-6.28318530718,-0.5));
#9031 = VECTOR('',#9032,1.);
#9032 = DIRECTION('',(1.,-0.));
#9033 = ( GEOMETRIC_REPRESENTATION_CONTEXT(2) 
PARAMETRIC_REPRESENTATION_CONTEXT() REPRESENTATION_CONTEXT('2D SPACE',''
  ) );
#9034 = FACE_BOUND('',#9035,.F.);
#9035 = EDGE_LOOP('',(#9036));
#9036 = ORIENTED_EDGE('',*,*,#9037,.T.);
#9037 = EDGE_CURVE('',#9038,#9038,#9040,.T.);
#9038 = VERTEX_POINT('',#9039);
#9039 = CARTESIAN_POINT('',(26.25,30.,-11.95));
#9040 = SURFACE_CURVE('',#9041,(#9046,#9057),.PCURVE_S1.);
#9041 = CIRCLE('',#9042,0.75);
#9042 = AXIS2_PLACEMENT_3D('',#9043,#9044,#9045);
#9043 = CARTESIAN_POINT('',(25.5,30.,-11.95));
#9044 = DIRECTION('',(0.,0.,-1.));
#9045 = DIRECTION('',(1.,0.,0.));
#9046 = PCURVE('',#4959,#9047);
#9047 = DEFINITIONAL_REPRESENTATION('',(#9048),#9056);
#9048 = ( BOUNDED_CURVE() B_SPLINE_CURVE(2,(#9049,#9050,#9051,#9052,
#9053,#9054,#9055),.UNSPECIFIED.,.T.,.F.) B_SPLINE_CURVE_WITH_KNOTS((1,2
    ,2,2,2,1),(-2.094395102393,0.,2.094395102393,4.188790204786,
6.28318530718,8.377580409573),.UNSPECIFIED.) CURVE() 
GEOMETRIC_REPRESENTATION_ITEM() RATIONAL_B_SPLINE_CURVE((1.,0.5,1.,0.5,
1.,0.5,1.)) REPRESENTATION_ITEM('') );
#9049 = CARTESIAN_POINT('',(4.75,10.));
#9050 = CARTESIAN_POINT('',(4.75,8.700961894323));
#9051 = CARTESIAN_POINT('',(3.625,9.350480947162));
#9052 = CARTESIAN_POINT('',(2.5,10.));
#9053 = CARTESIAN_POINT('',(3.625,10.649519052838));
#9054 = CARTESIAN_POINT('',(4.75,11.299038105677));
#9055 = CARTESIAN_POINT('',(4.75,10.));
#9056 = ( GEOMETRIC_REPRESENTATION_CONTEXT(2) 
PARAMETRIC_REPRESENTATION_CONTEXT() REPRESENTATION_CONTEXT('2D SPACE',''
  ) );
#9057 = PCURVE('',#9058,#9063);
#9058 = CYLINDRICAL_SURFACE('',#9059,0.75);
#9059 = AXIS2_PLACEMENT_3D('',#9060,#9061,#9062);
#9060 = CARTESIAN_POINT('',(25.5,30.,-12.45));
#9061 = DIRECTION('',(-0.,-0.,-1.));
#9062 = DIRECTION('',(1.,0.,0.));
#9063 = DEFINITIONAL_REPRESENTATION('',(#9064),#9068);
#9064 = LINE('',#9065,#9066);
#9065 = CARTESIAN_POINT('',(-6.28318530718,-0.5));
#9066 = VECTOR('',#9067,1.);
#9067 = DIRECTION('',(1.,-0.));
#9068 = ( GEOMETRIC_REPRESENTATION_CONTEXT(2) 
PARAMETRIC_REPRESENTATION_CONTEXT() REPRESENTATION_CONTEXT('2D SPACE',''
  ) );
#9069 = FACE_BOUND('',#9070,.F.);
#9070 = EDGE_LOOP('',(#9071));
#9071 = ORIENTED_EDGE('',*,*,#9072,.T.);
#9072 = EDGE_CURVE('',#9073,#9073,#9075,.T.);
#9073 = VERTEX_POINT('',#9074);
#9074 = CARTESIAN_POINT('',(32.25,26.,-11.95));
#9075 = SURFACE_CURVE('',#9076,(#9081,#9092),.PCURVE_S1.);
#9076 = CIRCLE('',#9077,0.75);
#9077 = AXIS2_PLACEMENT_3D('',#9078,#9079,#9080);
#9078 = CARTESIAN_POINT('',(31.5,26.,-11.95));
#9079 = DIRECTION('',(0.,0.,-1.));
#9080 = DIRECTION('',(1.,0.,0.));
#9081 = PCURVE('',#4959,#9082);
#9082 = DEFINITIONAL_REPRESENTATION('',(#9083),#9091);
#9083 = ( BOUNDED_CURVE() B_SPLINE_CURVE(2,(#9084,#9085,#9086,#9087,
#9088,#9089,#9090),.UNSPECIFIED.,.T.,.F.) B_SPLINE_CURVE_WITH_KNOTS((1,2
    ,2,2,2,1),(-2.094395102393,0.,2.094395102393,4.188790204786,
6.28318530718,8.377580409573),.UNSPECIFIED.) CURVE() 
GEOMETRIC_REPRESENTATION_ITEM() RATIONAL_B_SPLINE_CURVE((1.,0.5,1.,0.5,
1.,0.5,1.)) REPRESENTATION_ITEM('') );
#9084 = CARTESIAN_POINT('',(10.75,6.));
#9085 = CARTESIAN_POINT('',(10.75,4.700961894323));
#9086 = CARTESIAN_POINT('',(9.625,5.350480947162));
#9087 = CARTESIAN_POINT('',(8.5,6.));
#9088 = CARTESIAN_POINT('',(9.625,6.649519052838));
#9089 = CARTESIAN_POINT('',(10.75,7.299038105677));
#9090 = CARTESIAN_POINT('',(10.75,6.));
#9091 = ( GEOMETRIC_REPRESENTATION_CONTEXT(2) 
PARAMETRIC_REPRESENTATION_CONTEXT() REPRESENTATION_CONTEXT('2D SPACE',''
  ) );
#9092 = PCURVE('',#9093,#9098);
#9093 = CYLINDRICAL_SURFACE('',#9094,0.75);
#9094 = AXIS2_PLACEMENT_3D('',#9095,#9096,#9097);
#9095 = CARTESIAN_POINT('',(31.5,26.,-12.45));
#9096 = DIRECTION('',(-0.,-0.,-1.));
#9097 = DIRECTION('',(1.,0.,0.));
#9098 = DEFINITIONAL_REPRESENTATION('',(#9099),#9103);
#9099 = LINE('',#9100,#9101);
#9100 = CARTESIAN_POINT('',(-6.28318530718,-0.5));
#9101 = VECTOR('',#9102,1.);
#9102 = DIRECTION('',(1.,-0.));
#9103 = ( GEOMETRIC_REPRESENTATION_CONTEXT(2) 
PARAMETRIC_REPRESENTATION_CONTEXT() REPRESENTATION_CONTEXT('2D SPACE',''
  ) );
#9104 = ADVANCED_FACE('',(#9105),#5036,.F.);
#9105 = FACE_BOUND('',#9106,.F.);
#9106 = EDGE_LOOP('',(#9107,#9108,#9109,#9110,#9111,#9112,#9113,#9114));
#9107 = ORIENTED_EDGE('',*,*,#5020,.F.);
#9108 = ORIENTED_EDGE('',*,*,#5122,.T.);
#9109 = ORIENTED_EDGE('',*,*,#5243,.F.);
#9110 = ORIENTED_EDGE('',*,*,#5319,.T.);
#9111 = ORIENTED_EDGE('',*,*,#5370,.T.);
#9112 = ORIENTED_EDGE('',*,*,#5270,.T.);
#9113 = ORIENTED_EDGE('',*,*,#5194,.T.);
#9114 = ORIENTED_EDGE('',*,*,#5073,.T.);
#9115 = ADVANCED_FACE('',(#9116),#5568,.F.);
#9116 = FACE_BOUND('',#9117,.T.);
#9117 = EDGE_LOOP('',(#9118,#9119,#9120,#9121));
#9118 = ORIENTED_EDGE('',*,*,#5608,.F.);
#9119 = ORIENTED_EDGE('',*,*,#5555,.T.);
#9120 = ORIENTED_EDGE('',*,*,#5934,.T.);
#9121 = ORIENTED_EDGE('',*,*,#8030,.F.);
#9122 = ADVANCED_FACE('',(#9123),#5865,.T.);
#9123 = FACE_BOUND('',#9124,.T.);
#9124 = EDGE_LOOP('',(#9125,#9126,#9127));
#9125 = ORIENTED_EDGE('',*,*,#7912,.F.);
#9126 = ORIENTED_EDGE('',*,*,#8005,.T.);
#9127 = ORIENTED_EDGE('',*,*,#5848,.T.);
#9128 = ADVANCED_FACE('',(#9129),#5811,.F.);
#9129 = FACE_BOUND('',#9130,.F.);
#9130 = EDGE_LOOP('',(#9131,#9132,#9133,#9152,#9153,#9154,#9182,#9209));
#9131 = ORIENTED_EDGE('',*,*,#7720,.T.);
#9132 = ORIENTED_EDGE('',*,*,#7301,.F.);
#9133 = ORIENTED_EDGE('',*,*,#9134,.T.);
#9134 = EDGE_CURVE('',#7302,#5767,#9135,.T.);
#9135 = SURFACE_CURVE('',#9136,(#9140,#9146),.PCURVE_S1.);
#9136 = LINE('',#9137,#9138);
#9137 = CARTESIAN_POINT('',(-2.7,6.,0.2));
#9138 = VECTOR('',#9139,1.);
#9139 = DIRECTION('',(0.,-1.,0.));
#9140 = PCURVE('',#5811,#9141);
#9141 = DEFINITIONAL_REPRESENTATION('',(#9142),#9145);
#9142 = B_SPLINE_CURVE_WITH_KNOTS('',1,(#9143,#9144),.UNSPECIFIED.,.F.,
  .F.,(2,2),(-93.,0.),.PIECEWISE_BEZIER_KNOTS.);
#9143 = CARTESIAN_POINT('',(-9.2,93.));
#9144 = CARTESIAN_POINT('',(-9.2,0.));
#9145 = ( GEOMETRIC_REPRESENTATION_CONTEXT(2) 
PARAMETRIC_REPRESENTATION_CONTEXT() REPRESENTATION_CONTEXT('2D SPACE',''
  ) );
#9146 = PCURVE('',#5782,#9147);
#9147 = DEFINITIONAL_REPRESENTATION('',(#9148),#9151);
#9148 = B_SPLINE_CURVE_WITH_KNOTS('',1,(#9149,#9150),.UNSPECIFIED.,.F.,
  .F.,(2,2),(-93.,0.),.PIECEWISE_BEZIER_KNOTS.);
#9149 = CARTESIAN_POINT('',(6.9,-93.));
#9150 = CARTESIAN_POINT('',(6.9,0.));
#9151 = ( GEOMETRIC_REPRESENTATION_CONTEXT(2) 
PARAMETRIC_REPRESENTATION_CONTEXT() REPRESENTATION_CONTEXT('2D SPACE',''
  ) );
#9152 = ORIENTED_EDGE('',*,*,#5794,.F.);
#9153 = ORIENTED_EDGE('',*,*,#7934,.T.);
#9154 = ORIENTED_EDGE('',*,*,#9155,.T.);
#9155 = EDGE_CURVE('',#7935,#9156,#9158,.T.);
#9156 = VERTEX_POINT('',#9157);
#9157 = CARTESIAN_POINT('',(-1.525,5.995,0.2));
#9158 = SURFACE_CURVE('',#9159,(#9164,#9175),.PCURVE_S1.);
#9159 = CIRCLE('',#9160,8.02);
#9160 = AXIS2_PLACEMENT_3D('',#9161,#9162,#9163);
#9161 = CARTESIAN_POINT('',(6.495,5.995,0.2));
#9162 = DIRECTION('',(0.,0.,-1.));
#9163 = DIRECTION('',(1.,0.,0.));
#9164 = PCURVE('',#5811,#9165);
#9165 = DEFINITIONAL_REPRESENTATION('',(#9166),#9174);
#9166 = ( BOUNDED_CURVE() B_SPLINE_CURVE(2,(#9167,#9168,#9169,#9170,
#9171,#9172,#9173),.UNSPECIFIED.,.T.,.F.) B_SPLINE_CURVE_WITH_KNOTS((1,2
    ,2,2,2,1),(-2.094395102393,0.,2.094395102393,4.188790204786,
6.28318530718,8.377580409573),.UNSPECIFIED.) CURVE() 
GEOMETRIC_REPRESENTATION_ITEM() RATIONAL_B_SPLINE_CURVE((1.,0.5,1.,0.5,
1.,0.5,1.)) REPRESENTATION_ITEM('') );
#9167 = CARTESIAN_POINT('',(8.015,-5.00000000001E-03));
#9168 = CARTESIAN_POINT('',(8.015,-13.8960474767));
#9169 = CARTESIAN_POINT('',(-4.015,-6.950523738351));
#9170 = CARTESIAN_POINT('',(-16.045,-5.000000000012E-03));
#9171 = CARTESIAN_POINT('',(-4.015,6.940523738351));
#9172 = CARTESIAN_POINT('',(8.015,13.886047476702));
#9173 = CARTESIAN_POINT('',(8.015,-5.00000000001E-03));
#9174 = ( GEOMETRIC_REPRESENTATION_CONTEXT(2) 
PARAMETRIC_REPRESENTATION_CONTEXT() REPRESENTATION_CONTEXT('2D SPACE',''
  ) );
#9175 = PCURVE('',#7970,#9176);
#9176 = DEFINITIONAL_REPRESENTATION('',(#9177),#9181);
#9177 = LINE('',#9178,#9179);
#9178 = CARTESIAN_POINT('',(-6.28318530718,5.E-02));
#9179 = VECTOR('',#9180,1.);
#9180 = DIRECTION('',(1.,-0.));
#9181 = ( GEOMETRIC_REPRESENTATION_CONTEXT(2) 
PARAMETRIC_REPRESENTATION_CONTEXT() REPRESENTATION_CONTEXT('2D SPACE',''
  ) );
#9182 = ORIENTED_EDGE('',*,*,#9183,.T.);
#9183 = EDGE_CURVE('',#9156,#9184,#9186,.T.);
#9184 = VERTEX_POINT('',#9185);
#9185 = CARTESIAN_POINT('',(-1.525,99.005,0.2));
#9186 = SURFACE_CURVE('',#9187,(#9191,#9197),.PCURVE_S1.);
#9187 = LINE('',#9188,#9189);
#9188 = CARTESIAN_POINT('',(-1.525,5.9975,0.2));
#9189 = VECTOR('',#9190,1.);
#9190 = DIRECTION('',(0.,1.,0.));
#9191 = PCURVE('',#5811,#9192);
#9192 = DEFINITIONAL_REPRESENTATION('',(#9193),#9196);
#9193 = B_SPLINE_CURVE_WITH_KNOTS('',1,(#9194,#9195),.UNSPECIFIED.,.F.,
  .F.,(2,2),(-2.500000000005E-03,93.0075),.PIECEWISE_BEZIER_KNOTS.);
#9194 = CARTESIAN_POINT('',(-8.025,-5.00000000001E-03));
#9195 = CARTESIAN_POINT('',(-8.025,93.005));
#9196 = ( GEOMETRIC_REPRESENTATION_CONTEXT(2) 
PARAMETRIC_REPRESENTATION_CONTEXT() REPRESENTATION_CONTEXT('2D SPACE',''
  ) );
#9197 = PCURVE('',#9198,#9203);
#9198 = PLANE('',#9199);
#9199 = AXIS2_PLACEMENT_3D('',#9200,#9201,#9202);
#9200 = CARTESIAN_POINT('',(-1.525,5.995,0.25));
#9201 = DIRECTION('',(1.,0.,0.));
#9202 = DIRECTION('',(0.,0.,1.));
#9203 = DEFINITIONAL_REPRESENTATION('',(#9204),#9208);
#9204 = LINE('',#9205,#9206);
#9205 = CARTESIAN_POINT('',(-5.E-02,-2.500000000005E-03));
#9206 = VECTOR('',#9207,1.);
#9207 = DIRECTION('',(0.,-1.));
#9208 = ( GEOMETRIC_REPRESENTATION_CONTEXT(2) 
PARAMETRIC_REPRESENTATION_CONTEXT() REPRESENTATION_CONTEXT('2D SPACE',''
  ) );
#9209 = ORIENTED_EDGE('',*,*,#9210,.T.);
#9210 = EDGE_CURVE('',#9184,#7695,#9211,.T.);
#9211 = SURFACE_CURVE('',#9212,(#9217,#9228),.PCURVE_S1.);
#9212 = CIRCLE('',#9213,8.02);
#9213 = AXIS2_PLACEMENT_3D('',#9214,#9215,#9216);
#9214 = CARTESIAN_POINT('',(6.495,99.005,0.2));
#9215 = DIRECTION('',(0.,0.,-1.));
#9216 = DIRECTION('',(1.,0.,0.));
#9217 = PCURVE('',#5811,#9218);
#9218 = DEFINITIONAL_REPRESENTATION('',(#9219),#9227);
#9219 = ( BOUNDED_CURVE() B_SPLINE_CURVE(2,(#9220,#9221,#9222,#9223,
#9224,#9225,#9226),.UNSPECIFIED.,.T.,.F.) B_SPLINE_CURVE_WITH_KNOTS((1,2
    ,2,2,2,1),(-2.094395102393,0.,2.094395102393,4.188790204786,
6.28318530718,8.377580409573),.UNSPECIFIED.) CURVE() 
GEOMETRIC_REPRESENTATION_ITEM() RATIONAL_B_SPLINE_CURVE((1.,0.5,1.,0.5,
1.,0.5,1.)) REPRESENTATION_ITEM('') );
#9220 = CARTESIAN_POINT('',(8.015,93.005));
#9221 = CARTESIAN_POINT('',(8.015,79.113952523298));
#9222 = CARTESIAN_POINT('',(-4.015,86.059476261649));
#9223 = CARTESIAN_POINT('',(-16.045,93.005));
#9224 = CARTESIAN_POINT('',(-4.015,99.950523738351));
#9225 = CARTESIAN_POINT('',(8.015,106.8960474767));
#9226 = CARTESIAN_POINT('',(8.015,93.005));
#9227 = ( GEOMETRIC_REPRESENTATION_CONTEXT(2) 
PARAMETRIC_REPRESENTATION_CONTEXT() REPRESENTATION_CONTEXT('2D SPACE',''
  ) );
#9228 = PCURVE('',#7709,#9229);
#9229 = DEFINITIONAL_REPRESENTATION('',(#9230),#9234);
#9230 = LINE('',#9231,#9232);
#9231 = CARTESIAN_POINT('',(-6.28318530718,5.E-02));
#9232 = VECTOR('',#9233,1.);
#9233 = DIRECTION('',(1.,-0.));
#9234 = ( GEOMETRIC_REPRESENTATION_CONTEXT(2) 
PARAMETRIC_REPRESENTATION_CONTEXT() REPRESENTATION_CONTEXT('2D SPACE',''
  ) );
#9235 = ADVANCED_FACE('',(#9236,#9242),#5782,.T.);
#9236 = FACE_BOUND('',#9237,.T.);
#9237 = EDGE_LOOP('',(#9238,#9239,#9240,#9241));
#9238 = ORIENTED_EDGE('',*,*,#5766,.F.);
#9239 = ORIENTED_EDGE('',*,*,#6011,.T.);
#9240 = ORIENTED_EDGE('',*,*,#7329,.T.);
#9241 = ORIENTED_EDGE('',*,*,#9134,.T.);
#9242 = FACE_BOUND('',#9243,.T.);
#9243 = EDGE_LOOP('',(#9244,#9272,#9298,#9324));
#9244 = ORIENTED_EDGE('',*,*,#9245,.F.);
#9245 = EDGE_CURVE('',#9246,#9248,#9250,.T.);
#9246 = VERTEX_POINT('',#9247);
#9247 = CARTESIAN_POINT('',(-2.7,28.374456264654,-8.E-02));
#9248 = VERTEX_POINT('',#9249);
#9249 = CARTESIAN_POINT('',(-2.7,11.625543735346,-8.E-02));
#9250 = SURFACE_CURVE('',#9251,(#9255,#9261),.PCURVE_S1.);
#9251 = LINE('',#9252,#9253);
#9252 = CARTESIAN_POINT('',(-2.7,8.75,-8.E-02));
#9253 = VECTOR('',#9254,1.);
#9254 = DIRECTION('',(0.,-1.,0.));
#9255 = PCURVE('',#5782,#9256);
#9256 = DEFINITIONAL_REPRESENTATION('',(#9257),#9260);
#9257 = B_SPLINE_CURVE_WITH_KNOTS('',1,(#9258,#9259),.UNSPECIFIED.,.F.,
  .F.,(2,2),(-19.75,-2.75),.PIECEWISE_BEZIER_KNOTS.);
#9258 = CARTESIAN_POINT('',(6.62,-22.5));
#9259 = CARTESIAN_POINT('',(6.62,-5.5));
#9260 = ( GEOMETRIC_REPRESENTATION_CONTEXT(2) 
PARAMETRIC_REPRESENTATION_CONTEXT() REPRESENTATION_CONTEXT('2D SPACE',''
  ) );
#9261 = PCURVE('',#9262,#9267);
#9262 = PLANE('',#9263);
#9263 = AXIS2_PLACEMENT_3D('',#9264,#9265,#9266);
#9264 = CARTESIAN_POINT('',(-2.3,11.5,-8.E-02));
#9265 = DIRECTION('',(0.,0.,1.));
#9266 = DIRECTION('',(1.,0.,0.));
#9267 = DEFINITIONAL_REPRESENTATION('',(#9268),#9271);
#9268 = B_SPLINE_CURVE_WITH_KNOTS('',1,(#9269,#9270),.UNSPECIFIED.,.F.,
  .F.,(2,2),(-19.75,-2.75),.PIECEWISE_BEZIER_KNOTS.);
#9269 = CARTESIAN_POINT('',(-0.4,17.));
#9270 = CARTESIAN_POINT('',(-0.4,-8.881784197001E-16));
#9271 = ( GEOMETRIC_REPRESENTATION_CONTEXT(2) 
PARAMETRIC_REPRESENTATION_CONTEXT() REPRESENTATION_CONTEXT('2D SPACE',''
  ) );
#9272 = ORIENTED_EDGE('',*,*,#9273,.T.);
#9273 = EDGE_CURVE('',#9246,#9274,#9276,.T.);
#9274 = VERTEX_POINT('',#9275);
#9275 = CARTESIAN_POINT('',(-2.7,28.374456264654,-1.));
#9276 = SURFACE_CURVE('',#9277,(#9281,#9287),.PCURVE_S1.);
#9277 = LINE('',#9278,#9279);
#9278 = CARTESIAN_POINT('',(-2.7,28.374456264654,-1.));
#9279 = VECTOR('',#9280,1.);
#9280 = DIRECTION('',(-0.,-0.,-1.));
#9281 = PCURVE('',#5782,#9282);
#9282 = DEFINITIONAL_REPRESENTATION('',(#9283),#9286);
#9283 = B_SPLINE_CURVE_WITH_KNOTS('',1,(#9284,#9285),.UNSPECIFIED.,.F.,
  .F.,(2,2),(-0.9200006,5.999999999062E-07),.PIECEWISE_BEZIER_KNOTS.);
#9284 = CARTESIAN_POINT('',(6.6200006,-22.37445626465));
#9285 = CARTESIAN_POINT('',(5.6999994,-22.37445626465));
#9286 = ( GEOMETRIC_REPRESENTATION_CONTEXT(2) 
PARAMETRIC_REPRESENTATION_CONTEXT() REPRESENTATION_CONTEXT('2D SPACE',''
  ) );
#9287 = PCURVE('',#9288,#9293);
#9288 = CYLINDRICAL_SURFACE('',#9289,0.7);
#9289 = AXIS2_PLACEMENT_3D('',#9290,#9291,#9292);
#9290 = CARTESIAN_POINT('',(-2.3,27.8,-1.));
#9291 = DIRECTION('',(-0.,-0.,-1.));
#9292 = DIRECTION('',(1.,0.,0.));
#9293 = DEFINITIONAL_REPRESENTATION('',(#9294),#9297);
#9294 = B_SPLINE_CURVE_WITH_KNOTS('',1,(#9295,#9296),.UNSPECIFIED.,.F.,
  .F.,(2,2),(-0.9200006,5.999999999062E-07),.PIECEWISE_BEZIER_KNOTS.);
#9295 = CARTESIAN_POINT('',(-2.179041905705,-0.9200006));
#9296 = CARTESIAN_POINT('',(-2.179041905705,5.999999999062E-07));
#9297 = ( GEOMETRIC_REPRESENTATION_CONTEXT(2) 
PARAMETRIC_REPRESENTATION_CONTEXT() REPRESENTATION_CONTEXT('2D SPACE',''
  ) );
#9298 = ORIENTED_EDGE('',*,*,#9299,.T.);
#9299 = EDGE_CURVE('',#9274,#9300,#9302,.T.);
#9300 = VERTEX_POINT('',#9301);
#9301 = CARTESIAN_POINT('',(-2.7,11.625543735346,-1.));
#9302 = SURFACE_CURVE('',#9303,(#9307,#9313),.PCURVE_S1.);
#9303 = LINE('',#9304,#9305);
#9304 = CARTESIAN_POINT('',(-2.7,9.1,-1.));
#9305 = VECTOR('',#9306,1.);
#9306 = DIRECTION('',(0.,-1.,0.));
#9307 = PCURVE('',#5782,#9308);
#9308 = DEFINITIONAL_REPRESENTATION('',(#9309),#9312);
#9309 = B_SPLINE_CURVE_WITH_KNOTS('',1,(#9310,#9311),.UNSPECIFIED.,.F.,
  .F.,(2,2),(-19.4,-2.4),.PIECEWISE_BEZIER_KNOTS.);
#9310 = CARTESIAN_POINT('',(5.7,-22.5));
#9311 = CARTESIAN_POINT('',(5.7,-5.5));
#9312 = ( GEOMETRIC_REPRESENTATION_CONTEXT(2) 
PARAMETRIC_REPRESENTATION_CONTEXT() REPRESENTATION_CONTEXT('2D SPACE',''
  ) );
#9313 = PCURVE('',#9314,#9319);
#9314 = PLANE('',#9315);
#9315 = AXIS2_PLACEMENT_3D('',#9316,#9317,#9318);
#9316 = CARTESIAN_POINT('',(-2.3,12.2,-1.));
#9317 = DIRECTION('',(0.,0.,1.));
#9318 = DIRECTION('',(1.,0.,-0.));
#9319 = DEFINITIONAL_REPRESENTATION('',(#9320),#9323);
#9320 = B_SPLINE_CURVE_WITH_KNOTS('',1,(#9321,#9322),.UNSPECIFIED.,.F.,
  .F.,(2,2),(-19.4,-2.4),.PIECEWISE_BEZIER_KNOTS.);
#9321 = CARTESIAN_POINT('',(-0.4,16.3));
#9322 = CARTESIAN_POINT('',(-0.4,-0.7));
#9323 = ( GEOMETRIC_REPRESENTATION_CONTEXT(2) 
PARAMETRIC_REPRESENTATION_CONTEXT() REPRESENTATION_CONTEXT('2D SPACE',''
  ) );
#9324 = ORIENTED_EDGE('',*,*,#9325,.F.);
#9325 = EDGE_CURVE('',#9248,#9300,#9326,.T.);
#9326 = SURFACE_CURVE('',#9327,(#9331,#9337),.PCURVE_S1.);
#9327 = LINE('',#9328,#9329);
#9328 = CARTESIAN_POINT('',(-2.7,11.625543735346,-1.));
#9329 = VECTOR('',#9330,1.);
#9330 = DIRECTION('',(-0.,-0.,-1.));
#9331 = PCURVE('',#5782,#9332);
#9332 = DEFINITIONAL_REPRESENTATION('',(#9333),#9336);
#9333 = B_SPLINE_CURVE_WITH_KNOTS('',1,(#9334,#9335),.UNSPECIFIED.,.F.,
  .F.,(2,2),(-0.9200006,5.999999999062E-07),.PIECEWISE_BEZIER_KNOTS.);
#9334 = CARTESIAN_POINT('',(6.6200006,-5.625543735346));
#9335 = CARTESIAN_POINT('',(5.6999994,-5.625543735346));
#9336 = ( GEOMETRIC_REPRESENTATION_CONTEXT(2) 
PARAMETRIC_REPRESENTATION_CONTEXT() REPRESENTATION_CONTEXT('2D SPACE',''
  ) );
#9337 = PCURVE('',#9338,#9343);
#9338 = CYLINDRICAL_SURFACE('',#9339,0.7);
#9339 = AXIS2_PLACEMENT_3D('',#9340,#9341,#9342);
#9340 = CARTESIAN_POINT('',(-2.3,12.2,-1.));
#9341 = DIRECTION('',(-0.,-0.,-1.));
#9342 = DIRECTION('',(1.,0.,0.));
#9343 = DEFINITIONAL_REPRESENTATION('',(#9344),#9347);
#9344 = B_SPLINE_CURVE_WITH_KNOTS('',1,(#9345,#9346),.UNSPECIFIED.,.F.,
  .F.,(2,2),(-0.9200006,5.999999999062E-07),.PIECEWISE_BEZIER_KNOTS.);
#9345 = CARTESIAN_POINT('',(-4.104143401474,-0.9200006));
#9346 = CARTESIAN_POINT('',(-4.104143401474,5.999999999062E-07));
#9347 = ( GEOMETRIC_REPRESENTATION_CONTEXT(2) 
PARAMETRIC_REPRESENTATION_CONTEXT() REPRESENTATION_CONTEXT('2D SPACE',''
  ) );
#9348 = ADVANCED_FACE('',(#9349),#6080,.T.);
#9349 = FACE_BOUND('',#9350,.F.);
#9350 = EDGE_LOOP('',(#9351,#9352,#9375,#9402));
#9351 = ORIENTED_EDGE('',*,*,#6059,.T.);
#9352 = ORIENTED_EDGE('',*,*,#9353,.T.);
#9353 = EDGE_CURVE('',#6060,#9354,#9356,.T.);
#9354 = VERTEX_POINT('',#9355);
#9355 = CARTESIAN_POINT('',(39.,20.,-2.05));
#9356 = SEAM_CURVE('',#9357,(#9361,#9368),.PCURVE_S1.);
#9357 = LINE('',#9358,#9359);
#9358 = CARTESIAN_POINT('',(39.,20.,-11.95));
#9359 = VECTOR('',#9360,1.);
#9360 = DIRECTION('',(0.,0.,1.));
#9361 = PCURVE('',#6080,#9362);
#9362 = DEFINITIONAL_REPRESENTATION('',(#9363),#9367);
#9363 = LINE('',#9364,#9365);
#9364 = CARTESIAN_POINT('',(-6.28318530718,0.));
#9365 = VECTOR('',#9366,1.);
#9366 = DIRECTION('',(-0.,-1.));
#9367 = ( GEOMETRIC_REPRESENTATION_CONTEXT(2) 
PARAMETRIC_REPRESENTATION_CONTEXT() REPRESENTATION_CONTEXT('2D SPACE',''
  ) );
#9368 = PCURVE('',#6080,#9369);
#9369 = DEFINITIONAL_REPRESENTATION('',(#9370),#9374);
#9370 = LINE('',#9371,#9372);
#9371 = CARTESIAN_POINT('',(-0.,0.));
#9372 = VECTOR('',#9373,1.);
#9373 = DIRECTION('',(-0.,-1.));
#9374 = ( GEOMETRIC_REPRESENTATION_CONTEXT(2) 
PARAMETRIC_REPRESENTATION_CONTEXT() REPRESENTATION_CONTEXT('2D SPACE',''
  ) );
#9375 = ORIENTED_EDGE('',*,*,#9376,.T.);
#9376 = EDGE_CURVE('',#9354,#9354,#9377,.T.);
#9377 = SURFACE_CURVE('',#9378,(#9383,#9390),.PCURVE_S1.);
#9378 = CIRCLE('',#9379,17.5);
#9379 = AXIS2_PLACEMENT_3D('',#9380,#9381,#9382);
#9380 = CARTESIAN_POINT('',(21.5,20.,-2.05));
#9381 = DIRECTION('',(0.,0.,1.));
#9382 = DIRECTION('',(1.,0.,0.));
#9383 = PCURVE('',#6080,#9384);
#9384 = DEFINITIONAL_REPRESENTATION('',(#9385),#9389);
#9385 = LINE('',#9386,#9387);
#9386 = CARTESIAN_POINT('',(-0.,-9.9));
#9387 = VECTOR('',#9388,1.);
#9388 = DIRECTION('',(-1.,0.));
#9389 = ( GEOMETRIC_REPRESENTATION_CONTEXT(2) 
PARAMETRIC_REPRESENTATION_CONTEXT() REPRESENTATION_CONTEXT('2D SPACE',''
  ) );
#9390 = PCURVE('',#9391,#9396);
#9391 = PLANE('',#9392);
#9392 = AXIS2_PLACEMENT_3D('',#9393,#9394,#9395);
#9393 = CARTESIAN_POINT('',(21.5,20.,-2.05));
#9394 = DIRECTION('',(0.,0.,1.));
#9395 = DIRECTION('',(1.,0.,-0.));
#9396 = DEFINITIONAL_REPRESENTATION('',(#9397),#9401);
#9397 = CIRCLE('',#9398,17.5);
#9398 = AXIS2_PLACEMENT_2D('',#9399,#9400);
#9399 = CARTESIAN_POINT('',(0.,0.));
#9400 = DIRECTION('',(1.,0.));
#9401 = ( GEOMETRIC_REPRESENTATION_CONTEXT(2) 
PARAMETRIC_REPRESENTATION_CONTEXT() REPRESENTATION_CONTEXT('2D SPACE',''
  ) );
#9402 = ORIENTED_EDGE('',*,*,#9353,.F.);
#9403 = ADVANCED_FACE('',(#9404),#6115,.T.);
#9404 = FACE_BOUND('',#9405,.F.);
#9405 = EDGE_LOOP('',(#9406,#9407,#9430,#9457));
#9406 = ORIENTED_EDGE('',*,*,#6094,.T.);
#9407 = ORIENTED_EDGE('',*,*,#9408,.T.);
#9408 = EDGE_CURVE('',#6095,#9409,#9411,.T.);
#9409 = VERTEX_POINT('',#9410);
#9410 = CARTESIAN_POINT('',(9.,37.,-0.2));
#9411 = SEAM_CURVE('',#9412,(#9416,#9423),.PCURVE_S1.);
#9412 = LINE('',#9413,#9414);
#9413 = CARTESIAN_POINT('',(9.,37.,-7.));
#9414 = VECTOR('',#9415,1.);
#9415 = DIRECTION('',(0.,0.,1.));
#9416 = PCURVE('',#6115,#9417);
#9417 = DEFINITIONAL_REPRESENTATION('',(#9418),#9422);
#9418 = LINE('',#9419,#9420);
#9419 = CARTESIAN_POINT('',(-6.28318530718,0.));
#9420 = VECTOR('',#9421,1.);
#9421 = DIRECTION('',(-0.,-1.));
#9422 = ( GEOMETRIC_REPRESENTATION_CONTEXT(2) 
PARAMETRIC_REPRESENTATION_CONTEXT() REPRESENTATION_CONTEXT('2D SPACE',''
  ) );
#9423 = PCURVE('',#6115,#9424);
#9424 = DEFINITIONAL_REPRESENTATION('',(#9425),#9429);
#9425 = LINE('',#9426,#9427);
#9426 = CARTESIAN_POINT('',(-0.,0.));
#9427 = VECTOR('',#9428,1.);
#9428 = DIRECTION('',(-0.,-1.));
#9429 = ( GEOMETRIC_REPRESENTATION_CONTEXT(2) 
PARAMETRIC_REPRESENTATION_CONTEXT() REPRESENTATION_CONTEXT('2D SPACE',''
  ) );
#9430 = ORIENTED_EDGE('',*,*,#9431,.T.);
#9431 = EDGE_CURVE('',#9409,#9409,#9432,.T.);
#9432 = SURFACE_CURVE('',#9433,(#9438,#9445),.PCURVE_S1.);
#9433 = CIRCLE('',#9434,3.);
#9434 = AXIS2_PLACEMENT_3D('',#9435,#9436,#9437);
#9435 = CARTESIAN_POINT('',(6.,37.,-0.2));
#9436 = DIRECTION('',(0.,0.,1.));
#9437 = DIRECTION('',(1.,0.,0.));
#9438 = PCURVE('',#6115,#9439);
#9439 = DEFINITIONAL_REPRESENTATION('',(#9440),#9444);
#9440 = LINE('',#9441,#9442);
#9441 = CARTESIAN_POINT('',(-0.,-6.8));
#9442 = VECTOR('',#9443,1.);
#9443 = DIRECTION('',(-1.,0.));
#9444 = ( GEOMETRIC_REPRESENTATION_CONTEXT(2) 
PARAMETRIC_REPRESENTATION_CONTEXT() REPRESENTATION_CONTEXT('2D SPACE',''
  ) );
#9445 = PCURVE('',#9446,#9451);
#9446 = PLANE('',#9447);
#9447 = AXIS2_PLACEMENT_3D('',#9448,#9449,#9450);
#9448 = CARTESIAN_POINT('',(6.,37.,-0.2));
#9449 = DIRECTION('',(0.,0.,1.));
#9450 = DIRECTION('',(1.,0.,-0.));
#9451 = DEFINITIONAL_REPRESENTATION('',(#9452),#9456);
#9452 = CIRCLE('',#9453,3.);
#9453 = AXIS2_PLACEMENT_2D('',#9454,#9455);
#9454 = CARTESIAN_POINT('',(0.,0.));
#9455 = DIRECTION('',(1.,0.));
#9456 = ( GEOMETRIC_REPRESENTATION_CONTEXT(2) 
PARAMETRIC_REPRESENTATION_CONTEXT() REPRESENTATION_CONTEXT('2D SPACE',''
  ) );
#9457 = ORIENTED_EDGE('',*,*,#9408,.F.);
#9458 = ADVANCED_FACE('',(#9459),#6150,.T.);
#9459 = FACE_BOUND('',#9460,.F.);
#9460 = EDGE_LOOP('',(#9461,#9462,#9485,#9512));
#9461 = ORIENTED_EDGE('',*,*,#6129,.T.);
#9462 = ORIENTED_EDGE('',*,*,#9463,.T.);
#9463 = EDGE_CURVE('',#6130,#9464,#9466,.T.);
#9464 = VERTEX_POINT('',#9465);
#9465 = CARTESIAN_POINT('',(57.,37.,-0.2));
#9466 = SEAM_CURVE('',#9467,(#9471,#9478),.PCURVE_S1.);
#9467 = LINE('',#9468,#9469);
#9468 = CARTESIAN_POINT('',(57.,37.,-7.));
#9469 = VECTOR('',#9470,1.);
#9470 = DIRECTION('',(0.,0.,1.));
#9471 = PCURVE('',#6150,#9472);
#9472 = DEFINITIONAL_REPRESENTATION('',(#9473),#9477);
#9473 = LINE('',#9474,#9475);
#9474 = CARTESIAN_POINT('',(-6.28318530718,0.));
#9475 = VECTOR('',#9476,1.);
#9476 = DIRECTION('',(-0.,-1.));
#9477 = ( GEOMETRIC_REPRESENTATION_CONTEXT(2) 
PARAMETRIC_REPRESENTATION_CONTEXT() REPRESENTATION_CONTEXT('2D SPACE',''
  ) );
#9478 = PCURVE('',#6150,#9479);
#9479 = DEFINITIONAL_REPRESENTATION('',(#9480),#9484);
#9480 = LINE('',#9481,#9482);
#9481 = CARTESIAN_POINT('',(-0.,0.));
#9482 = VECTOR('',#9483,1.);
#9483 = DIRECTION('',(-0.,-1.));
#9484 = ( GEOMETRIC_REPRESENTATION_CONTEXT(2) 
PARAMETRIC_REPRESENTATION_CONTEXT() REPRESENTATION_CONTEXT('2D SPACE',''
  ) );
#9485 = ORIENTED_EDGE('',*,*,#9486,.T.);
#9486 = EDGE_CURVE('',#9464,#9464,#9487,.T.);
#9487 = SURFACE_CURVE('',#9488,(#9493,#9500),.PCURVE_S1.);
#9488 = CIRCLE('',#9489,3.);
#9489 = AXIS2_PLACEMENT_3D('',#9490,#9491,#9492);
#9490 = CARTESIAN_POINT('',(54.,37.,-0.2));
#9491 = DIRECTION('',(0.,0.,1.));
#9492 = DIRECTION('',(1.,0.,0.));
#9493 = PCURVE('',#6150,#9494);
#9494 = DEFINITIONAL_REPRESENTATION('',(#9495),#9499);
#9495 = LINE('',#9496,#9497);
#9496 = CARTESIAN_POINT('',(-0.,-6.8));
#9497 = VECTOR('',#9498,1.);
#9498 = DIRECTION('',(-1.,0.));
#9499 = ( GEOMETRIC_REPRESENTATION_CONTEXT(2) 
PARAMETRIC_REPRESENTATION_CONTEXT() REPRESENTATION_CONTEXT('2D SPACE',''
  ) );
#9500 = PCURVE('',#9501,#9506);
#9501 = PLANE('',#9502);
#9502 = AXIS2_PLACEMENT_3D('',#9503,#9504,#9505);
#9503 = CARTESIAN_POINT('',(54.,37.,-0.2));
#9504 = DIRECTION('',(0.,0.,1.));
#9505 = DIRECTION('',(1.,0.,-0.));
#9506 = DEFINITIONAL_REPRESENTATION('',(#9507),#9511);
#9507 = CIRCLE('',#9508,3.);
#9508 = AXIS2_PLACEMENT_2D('',#9509,#9510);
#9509 = CARTESIAN_POINT('',(0.,0.));
#9510 = DIRECTION('',(1.,0.));
#9511 = ( GEOMETRIC_REPRESENTATION_CONTEXT(2) 
PARAMETRIC_REPRESENTATION_CONTEXT() REPRESENTATION_CONTEXT('2D SPACE',''
  ) );
#9512 = ORIENTED_EDGE('',*,*,#9463,.F.);
#9513 = ADVANCED_FACE('',(#9514),#6181,.T.);
#9514 = FACE_BOUND('',#9515,.T.);
#9515 = EDGE_LOOP('',(#9516,#9539,#9540,#9563));
#9516 = ORIENTED_EDGE('',*,*,#9517,.F.);
#9517 = EDGE_CURVE('',#6165,#9518,#9520,.T.);
#9518 = VERTEX_POINT('',#9519);
#9519 = CARTESIAN_POINT('',(41.,97.,-0.15));
#9520 = SURFACE_CURVE('',#9521,(#9525,#9532),.PCURVE_S1.);
#9521 = LINE('',#9522,#9523);
#9522 = CARTESIAN_POINT('',(41.,97.,-12.));
#9523 = VECTOR('',#9524,1.);
#9524 = DIRECTION('',(0.,0.,1.));
#9525 = PCURVE('',#6181,#9526);
#9526 = DEFINITIONAL_REPRESENTATION('',(#9527),#9531);
#9527 = LINE('',#9528,#9529);
#9528 = CARTESIAN_POINT('',(0.,22.));
#9529 = VECTOR('',#9530,1.);
#9530 = DIRECTION('',(1.,0.));
#9531 = ( GEOMETRIC_REPRESENTATION_CONTEXT(2) 
PARAMETRIC_REPRESENTATION_CONTEXT() REPRESENTATION_CONTEXT('2D SPACE',''
  ) );
#9532 = PCURVE('',#6213,#9533);
#9533 = DEFINITIONAL_REPRESENTATION('',(#9534),#9538);
#9534 = LINE('',#9535,#9536);
#9535 = CARTESIAN_POINT('',(-1.570796326795,0.));
#9536 = VECTOR('',#9537,1.);
#9537 = DIRECTION('',(-0.,-1.));
#9538 = ( GEOMETRIC_REPRESENTATION_CONTEXT(2) 
PARAMETRIC_REPRESENTATION_CONTEXT() REPRESENTATION_CONTEXT('2D SPACE',''
  ) );
#9539 = ORIENTED_EDGE('',*,*,#6164,.T.);
#9540 = ORIENTED_EDGE('',*,*,#9541,.T.);
#9541 = EDGE_CURVE('',#6167,#9542,#9544,.T.);
#9542 = VERTEX_POINT('',#9543);
#9543 = CARTESIAN_POINT('',(19.,97.,-0.15));
#9544 = SURFACE_CURVE('',#9545,(#9549,#9556),.PCURVE_S1.);
#9545 = LINE('',#9546,#9547);
#9546 = CARTESIAN_POINT('',(19.,97.,-12.));
#9547 = VECTOR('',#9548,1.);
#9548 = DIRECTION('',(0.,0.,1.));
#9549 = PCURVE('',#6181,#9550);
#9550 = DEFINITIONAL_REPRESENTATION('',(#9551),#9555);
#9551 = LINE('',#9552,#9553);
#9552 = CARTESIAN_POINT('',(0.,0.));
#9553 = VECTOR('',#9554,1.);
#9554 = DIRECTION('',(1.,0.));
#9555 = ( GEOMETRIC_REPRESENTATION_CONTEXT(2) 
PARAMETRIC_REPRESENTATION_CONTEXT() REPRESENTATION_CONTEXT('2D SPACE',''
  ) );
#9556 = PCURVE('',#6388,#9557);
#9557 = DEFINITIONAL_REPRESENTATION('',(#9558),#9562);
#9558 = LINE('',#9559,#9560);
#9559 = CARTESIAN_POINT('',(-1.570796326795,0.));
#9560 = VECTOR('',#9561,1.);
#9561 = DIRECTION('',(-0.,-1.));
#9562 = ( GEOMETRIC_REPRESENTATION_CONTEXT(2) 
PARAMETRIC_REPRESENTATION_CONTEXT() REPRESENTATION_CONTEXT('2D SPACE',''
  ) );
#9563 = ORIENTED_EDGE('',*,*,#9564,.T.);
#9564 = EDGE_CURVE('',#9542,#9518,#9565,.T.);
#9565 = SURFACE_CURVE('',#9566,(#9570,#9577),.PCURVE_S1.);
#9566 = LINE('',#9567,#9568);
#9567 = CARTESIAN_POINT('',(19.,97.,-0.15));
#9568 = VECTOR('',#9569,1.);
#9569 = DIRECTION('',(1.,0.,0.));
#9570 = PCURVE('',#6181,#9571);
#9571 = DEFINITIONAL_REPRESENTATION('',(#9572),#9576);
#9572 = LINE('',#9573,#9574);
#9573 = CARTESIAN_POINT('',(11.85,0.));
#9574 = VECTOR('',#9575,1.);
#9575 = DIRECTION('',(0.,1.));
#9576 = ( GEOMETRIC_REPRESENTATION_CONTEXT(2) 
PARAMETRIC_REPRESENTATION_CONTEXT() REPRESENTATION_CONTEXT('2D SPACE',''
  ) );
#9577 = PCURVE('',#9578,#9583);
#9578 = PLANE('',#9579);
#9579 = AXIS2_PLACEMENT_3D('',#9580,#9581,#9582);
#9580 = CARTESIAN_POINT('',(19.,43.,-0.15));
#9581 = DIRECTION('',(0.,0.,1.));
#9582 = DIRECTION('',(1.,0.,0.));
#9583 = DEFINITIONAL_REPRESENTATION('',(#9584),#9588);
#9584 = LINE('',#9585,#9586);
#9585 = CARTESIAN_POINT('',(0.,54.));
#9586 = VECTOR('',#9587,1.);
#9587 = DIRECTION('',(1.,0.));
#9588 = ( GEOMETRIC_REPRESENTATION_CONTEXT(2) 
PARAMETRIC_REPRESENTATION_CONTEXT() REPRESENTATION_CONTEXT('2D SPACE',''
  ) );
#9589 = ADVANCED_FACE('',(#9590),#6213,.T.);
#9590 = FACE_BOUND('',#9591,.F.);
#9591 = EDGE_LOOP('',(#9592,#9593,#9615,#9637));
#9592 = ORIENTED_EDGE('',*,*,#6192,.T.);
#9593 = ORIENTED_EDGE('',*,*,#9594,.T.);
#9594 = EDGE_CURVE('',#6193,#9595,#9597,.T.);
#9595 = VERTEX_POINT('',#9596);
#9596 = CARTESIAN_POINT('',(49.,89.,-0.15));
#9597 = SURFACE_CURVE('',#9598,(#9602,#9608),.PCURVE_S1.);
#9598 = LINE('',#9599,#9600);
#9599 = CARTESIAN_POINT('',(49.,89.,-12.));
#9600 = VECTOR('',#9601,1.);
#9601 = DIRECTION('',(0.,0.,1.));
#9602 = PCURVE('',#6213,#9603);
#9603 = DEFINITIONAL_REPRESENTATION('',(#9604),#9607);
#9604 = B_SPLINE_CURVE_WITH_KNOTS('',1,(#9605,#9606),.UNSPECIFIED.,.F.,
  .F.,(2,2),(0.,11.85),.PIECEWISE_BEZIER_KNOTS.);
#9605 = CARTESIAN_POINT('',(0.,0.));
#9606 = CARTESIAN_POINT('',(0.,-11.85));
#9607 = ( GEOMETRIC_REPRESENTATION_CONTEXT(2) 
PARAMETRIC_REPRESENTATION_CONTEXT() REPRESENTATION_CONTEXT('2D SPACE',''
  ) );
#9608 = PCURVE('',#6240,#9609);
#9609 = DEFINITIONAL_REPRESENTATION('',(#9610),#9614);
#9610 = LINE('',#9611,#9612);
#9611 = CARTESIAN_POINT('',(0.,-38.));
#9612 = VECTOR('',#9613,1.);
#9613 = DIRECTION('',(1.,0.));
#9614 = ( GEOMETRIC_REPRESENTATION_CONTEXT(2) 
PARAMETRIC_REPRESENTATION_CONTEXT() REPRESENTATION_CONTEXT('2D SPACE',''
  ) );
#9615 = ORIENTED_EDGE('',*,*,#9616,.T.);
#9616 = EDGE_CURVE('',#9595,#9518,#9617,.T.);
#9617 = SURFACE_CURVE('',#9618,(#9623,#9630),.PCURVE_S1.);
#9618 = CIRCLE('',#9619,8.);
#9619 = AXIS2_PLACEMENT_3D('',#9620,#9621,#9622);
#9620 = CARTESIAN_POINT('',(41.,89.,-0.15));
#9621 = DIRECTION('',(0.,0.,1.));
#9622 = DIRECTION('',(1.,0.,0.));
#9623 = PCURVE('',#6213,#9624);
#9624 = DEFINITIONAL_REPRESENTATION('',(#9625),#9629);
#9625 = LINE('',#9626,#9627);
#9626 = CARTESIAN_POINT('',(-0.,-11.85));
#9627 = VECTOR('',#9628,1.);
#9628 = DIRECTION('',(-1.,0.));
#9629 = ( GEOMETRIC_REPRESENTATION_CONTEXT(2) 
PARAMETRIC_REPRESENTATION_CONTEXT() REPRESENTATION_CONTEXT('2D SPACE',''
  ) );
#9630 = PCURVE('',#9578,#9631);
#9631 = DEFINITIONAL_REPRESENTATION('',(#9632),#9636);
#9632 = CIRCLE('',#9633,8.);
#9633 = AXIS2_PLACEMENT_2D('',#9634,#9635);
#9634 = CARTESIAN_POINT('',(22.,46.));
#9635 = DIRECTION('',(1.,0.));
#9636 = ( GEOMETRIC_REPRESENTATION_CONTEXT(2) 
PARAMETRIC_REPRESENTATION_CONTEXT() REPRESENTATION_CONTEXT('2D SPACE',''
  ) );
#9637 = ORIENTED_EDGE('',*,*,#9517,.F.);
#9638 = ADVANCED_FACE('',(#9639),#6388,.T.);
#9639 = FACE_BOUND('',#9640,.F.);
#9640 = EDGE_LOOP('',(#9641,#9642,#9643,#9667));
#9641 = ORIENTED_EDGE('',*,*,#6369,.T.);
#9642 = ORIENTED_EDGE('',*,*,#9541,.T.);
#9643 = ORIENTED_EDGE('',*,*,#9644,.T.);
#9644 = EDGE_CURVE('',#9542,#9645,#9647,.T.);
#9645 = VERTEX_POINT('',#9646);
#9646 = CARTESIAN_POINT('',(11.,89.,-0.15));
#9647 = SURFACE_CURVE('',#9648,(#9653,#9660),.PCURVE_S1.);
#9648 = CIRCLE('',#9649,8.);
#9649 = AXIS2_PLACEMENT_3D('',#9650,#9651,#9652);
#9650 = CARTESIAN_POINT('',(19.,89.,-0.15));
#9651 = DIRECTION('',(0.,0.,1.));
#9652 = DIRECTION('',(1.,0.,0.));
#9653 = PCURVE('',#6388,#9654);
#9654 = DEFINITIONAL_REPRESENTATION('',(#9655),#9659);
#9655 = LINE('',#9656,#9657);
#9656 = CARTESIAN_POINT('',(-0.,-11.85));
#9657 = VECTOR('',#9658,1.);
#9658 = DIRECTION('',(-1.,0.));
#9659 = ( GEOMETRIC_REPRESENTATION_CONTEXT(2) 
PARAMETRIC_REPRESENTATION_CONTEXT() REPRESENTATION_CONTEXT('2D SPACE',''
  ) );
#9660 = PCURVE('',#9578,#9661);
#9661 = DEFINITIONAL_REPRESENTATION('',(#9662),#9666);
#9662 = CIRCLE('',#9663,8.);
#9663 = AXIS2_PLACEMENT_2D('',#9664,#9665);
#9664 = CARTESIAN_POINT('',(0.,46.));
#9665 = DIRECTION('',(1.,0.));
#9666 = ( GEOMETRIC_REPRESENTATION_CONTEXT(2) 
PARAMETRIC_REPRESENTATION_CONTEXT() REPRESENTATION_CONTEXT('2D SPACE',''
  ) );
#9667 = ORIENTED_EDGE('',*,*,#9668,.F.);
#9668 = EDGE_CURVE('',#6344,#9645,#9669,.T.);
#9669 = SURFACE_CURVE('',#9670,(#9674,#9681),.PCURVE_S1.);
#9670 = LINE('',#9671,#9672);
#9671 = CARTESIAN_POINT('',(11.,89.,-12.));
#9672 = VECTOR('',#9673,1.);
#9673 = DIRECTION('',(0.,0.,1.));
#9674 = PCURVE('',#6388,#9675);
#9675 = DEFINITIONAL_REPRESENTATION('',(#9676),#9680);
#9676 = LINE('',#9677,#9678);
#9677 = CARTESIAN_POINT('',(-3.14159265359,0.));
#9678 = VECTOR('',#9679,1.);
#9679 = DIRECTION('',(-0.,-1.));
#9680 = ( GEOMETRIC_REPRESENTATION_CONTEXT(2) 
PARAMETRIC_REPRESENTATION_CONTEXT() REPRESENTATION_CONTEXT('2D SPACE',''
  ) );
#9681 = PCURVE('',#6358,#9682);
#9682 = DEFINITIONAL_REPRESENTATION('',(#9683),#9687);
#9683 = LINE('',#9684,#9685);
#9684 = CARTESIAN_POINT('',(0.,-38.));
#9685 = VECTOR('',#9686,1.);
#9686 = DIRECTION('',(1.,0.));
#9687 = ( GEOMETRIC_REPRESENTATION_CONTEXT(2) 
PARAMETRIC_REPRESENTATION_CONTEXT() REPRESENTATION_CONTEXT('2D SPACE',''
  ) );
#9688 = ADVANCED_FACE('',(#9689),#6240,.T.);
#9689 = FACE_BOUND('',#9690,.T.);
#9690 = EDGE_LOOP('',(#9691,#9713,#9714,#9715));
#9691 = ORIENTED_EDGE('',*,*,#9692,.F.);
#9692 = EDGE_CURVE('',#6226,#9693,#9695,.T.);
#9693 = VERTEX_POINT('',#9694);
#9694 = CARTESIAN_POINT('',(49.,51.,-0.15));
#9695 = SURFACE_CURVE('',#9696,(#9700,#9707),.PCURVE_S1.);
#9696 = LINE('',#9697,#9698);
#9697 = CARTESIAN_POINT('',(49.,51.,-12.));
#9698 = VECTOR('',#9699,1.);
#9699 = DIRECTION('',(0.,0.,1.));
#9700 = PCURVE('',#6240,#9701);
#9701 = DEFINITIONAL_REPRESENTATION('',(#9702),#9706);
#9702 = LINE('',#9703,#9704);
#9703 = CARTESIAN_POINT('',(0.,0.));
#9704 = VECTOR('',#9705,1.);
#9705 = DIRECTION('',(1.,0.));
#9706 = ( GEOMETRIC_REPRESENTATION_CONTEXT(2) 
PARAMETRIC_REPRESENTATION_CONTEXT() REPRESENTATION_CONTEXT('2D SPACE',''
  ) );
#9707 = PCURVE('',#6272,#9708);
#9708 = DEFINITIONAL_REPRESENTATION('',(#9709),#9712);
#9709 = B_SPLINE_CURVE_WITH_KNOTS('',1,(#9710,#9711),.UNSPECIFIED.,.F.,
  .F.,(2,2),(0.,11.85),.PIECEWISE_BEZIER_KNOTS.);
#9710 = CARTESIAN_POINT('',(-6.28318530718,0.));
#9711 = CARTESIAN_POINT('',(-6.28318530718,-11.85));
#9712 = ( GEOMETRIC_REPRESENTATION_CONTEXT(2) 
PARAMETRIC_REPRESENTATION_CONTEXT() REPRESENTATION_CONTEXT('2D SPACE',''
  ) );
#9713 = ORIENTED_EDGE('',*,*,#6225,.T.);
#9714 = ORIENTED_EDGE('',*,*,#9594,.T.);
#9715 = ORIENTED_EDGE('',*,*,#9716,.F.);
#9716 = EDGE_CURVE('',#9693,#9595,#9717,.T.);
#9717 = SURFACE_CURVE('',#9718,(#9722,#9729),.PCURVE_S1.);
#9718 = LINE('',#9719,#9720);
#9719 = CARTESIAN_POINT('',(49.,51.,-0.15));
#9720 = VECTOR('',#9721,1.);
#9721 = DIRECTION('',(0.,1.,0.));
#9722 = PCURVE('',#6240,#9723);
#9723 = DEFINITIONAL_REPRESENTATION('',(#9724),#9728);
#9724 = LINE('',#9725,#9726);
#9725 = CARTESIAN_POINT('',(11.85,0.));
#9726 = VECTOR('',#9727,1.);
#9727 = DIRECTION('',(0.,-1.));
#9728 = ( GEOMETRIC_REPRESENTATION_CONTEXT(2) 
PARAMETRIC_REPRESENTATION_CONTEXT() REPRESENTATION_CONTEXT('2D SPACE',''
  ) );
#9729 = PCURVE('',#9578,#9730);
#9730 = DEFINITIONAL_REPRESENTATION('',(#9731),#9735);
#9731 = LINE('',#9732,#9733);
#9732 = CARTESIAN_POINT('',(30.,8.));
#9733 = VECTOR('',#9734,1.);
#9734 = DIRECTION('',(0.,1.));
#9735 = ( GEOMETRIC_REPRESENTATION_CONTEXT(2) 
PARAMETRIC_REPRESENTATION_CONTEXT() REPRESENTATION_CONTEXT('2D SPACE',''
  ) );
#9736 = ADVANCED_FACE('',(#9737),#6358,.F.);
#9737 = FACE_BOUND('',#9738,.F.);
#9738 = EDGE_LOOP('',(#9739,#9762,#9763,#9764));
#9739 = ORIENTED_EDGE('',*,*,#9740,.F.);
#9740 = EDGE_CURVE('',#6311,#9741,#9743,.T.);
#9741 = VERTEX_POINT('',#9742);
#9742 = CARTESIAN_POINT('',(11.,51.,-0.15));
#9743 = SURFACE_CURVE('',#9744,(#9748,#9755),.PCURVE_S1.);
#9744 = LINE('',#9745,#9746);
#9745 = CARTESIAN_POINT('',(11.,51.,-12.));
#9746 = VECTOR('',#9747,1.);
#9747 = DIRECTION('',(0.,0.,1.));
#9748 = PCURVE('',#6358,#9749);
#9749 = DEFINITIONAL_REPRESENTATION('',(#9750),#9754);
#9750 = LINE('',#9751,#9752);
#9751 = CARTESIAN_POINT('',(0.,0.));
#9752 = VECTOR('',#9753,1.);
#9753 = DIRECTION('',(1.,0.));
#9754 = ( GEOMETRIC_REPRESENTATION_CONTEXT(2) 
PARAMETRIC_REPRESENTATION_CONTEXT() REPRESENTATION_CONTEXT('2D SPACE',''
  ) );
#9755 = PCURVE('',#6331,#9756);
#9756 = DEFINITIONAL_REPRESENTATION('',(#9757),#9761);
#9757 = LINE('',#9758,#9759);
#9758 = CARTESIAN_POINT('',(-3.14159265359,0.));
#9759 = VECTOR('',#9760,1.);
#9760 = DIRECTION('',(-0.,-1.));
#9761 = ( GEOMETRIC_REPRESENTATION_CONTEXT(2) 
PARAMETRIC_REPRESENTATION_CONTEXT() REPRESENTATION_CONTEXT('2D SPACE',''
  ) );
#9762 = ORIENTED_EDGE('',*,*,#6343,.T.);
#9763 = ORIENTED_EDGE('',*,*,#9668,.T.);
#9764 = ORIENTED_EDGE('',*,*,#9765,.F.);
#9765 = EDGE_CURVE('',#9741,#9645,#9766,.T.);
#9766 = SURFACE_CURVE('',#9767,(#9771,#9778),.PCURVE_S1.);
#9767 = LINE('',#9768,#9769);
#9768 = CARTESIAN_POINT('',(11.,51.,-0.15));
#9769 = VECTOR('',#9770,1.);
#9770 = DIRECTION('',(0.,1.,0.));
#9771 = PCURVE('',#6358,#9772);
#9772 = DEFINITIONAL_REPRESENTATION('',(#9773),#9777);
#9773 = LINE('',#9774,#9775);
#9774 = CARTESIAN_POINT('',(11.85,0.));
#9775 = VECTOR('',#9776,1.);
#9776 = DIRECTION('',(0.,-1.));
#9777 = ( GEOMETRIC_REPRESENTATION_CONTEXT(2) 
PARAMETRIC_REPRESENTATION_CONTEXT() REPRESENTATION_CONTEXT('2D SPACE',''
  ) );
#9778 = PCURVE('',#9578,#9779);
#9779 = DEFINITIONAL_REPRESENTATION('',(#9780),#9784);
#9780 = LINE('',#9781,#9782);
#9781 = CARTESIAN_POINT('',(-8.,8.));
#9782 = VECTOR('',#9783,1.);
#9783 = DIRECTION('',(0.,1.));
#9784 = ( GEOMETRIC_REPRESENTATION_CONTEXT(2) 
PARAMETRIC_REPRESENTATION_CONTEXT() REPRESENTATION_CONTEXT('2D SPACE',''
  ) );
#9785 = ADVANCED_FACE('',(#9786),#6272,.T.);
#9786 = FACE_BOUND('',#9787,.F.);
#9787 = EDGE_LOOP('',(#9788,#9812,#9813,#9814));
#9788 = ORIENTED_EDGE('',*,*,#9789,.T.);
#9789 = EDGE_CURVE('',#9790,#9693,#9792,.T.);
#9790 = VERTEX_POINT('',#9791);
#9791 = CARTESIAN_POINT('',(41.,43.,-0.15));
#9792 = SURFACE_CURVE('',#9793,(#9798,#9805),.PCURVE_S1.);
#9793 = CIRCLE('',#9794,8.);
#9794 = AXIS2_PLACEMENT_3D('',#9795,#9796,#9797);
#9795 = CARTESIAN_POINT('',(41.,51.,-0.15));
#9796 = DIRECTION('',(0.,0.,1.));
#9797 = DIRECTION('',(1.,0.,0.));
#9798 = PCURVE('',#6272,#9799);
#9799 = DEFINITIONAL_REPRESENTATION('',(#9800),#9804);
#9800 = LINE('',#9801,#9802);
#9801 = CARTESIAN_POINT('',(-0.,-11.85));
#9802 = VECTOR('',#9803,1.);
#9803 = DIRECTION('',(-1.,0.));
#9804 = ( GEOMETRIC_REPRESENTATION_CONTEXT(2) 
PARAMETRIC_REPRESENTATION_CONTEXT() REPRESENTATION_CONTEXT('2D SPACE',''
  ) );
#9805 = PCURVE('',#9578,#9806);
#9806 = DEFINITIONAL_REPRESENTATION('',(#9807),#9811);
#9807 = CIRCLE('',#9808,8.);
#9808 = AXIS2_PLACEMENT_2D('',#9809,#9810);
#9809 = CARTESIAN_POINT('',(22.,8.));
#9810 = DIRECTION('',(1.,0.));
#9811 = ( GEOMETRIC_REPRESENTATION_CONTEXT(2) 
PARAMETRIC_REPRESENTATION_CONTEXT() REPRESENTATION_CONTEXT('2D SPACE',''
  ) );
#9812 = ORIENTED_EDGE('',*,*,#9692,.F.);
#9813 = ORIENTED_EDGE('',*,*,#6251,.T.);
#9814 = ORIENTED_EDGE('',*,*,#9815,.T.);
#9815 = EDGE_CURVE('',#6252,#9790,#9816,.T.);
#9816 = SURFACE_CURVE('',#9817,(#9821,#9828),.PCURVE_S1.);
#9817 = LINE('',#9818,#9819);
#9818 = CARTESIAN_POINT('',(41.,43.,-12.));
#9819 = VECTOR('',#9820,1.);
#9820 = DIRECTION('',(0.,0.,1.));
#9821 = PCURVE('',#6272,#9822);
#9822 = DEFINITIONAL_REPRESENTATION('',(#9823),#9827);
#9823 = LINE('',#9824,#9825);
#9824 = CARTESIAN_POINT('',(-4.712388980385,0.));
#9825 = VECTOR('',#9826,1.);
#9826 = DIRECTION('',(-0.,-1.));
#9827 = ( GEOMETRIC_REPRESENTATION_CONTEXT(2) 
PARAMETRIC_REPRESENTATION_CONTEXT() REPRESENTATION_CONTEXT('2D SPACE',''
  ) );
#9828 = PCURVE('',#6299,#9829);
#9829 = DEFINITIONAL_REPRESENTATION('',(#9830),#9834);
#9830 = LINE('',#9831,#9832);
#9831 = CARTESIAN_POINT('',(0.,22.));
#9832 = VECTOR('',#9833,1.);
#9833 = DIRECTION('',(1.,0.));
#9834 = ( GEOMETRIC_REPRESENTATION_CONTEXT(2) 
PARAMETRIC_REPRESENTATION_CONTEXT() REPRESENTATION_CONTEXT('2D SPACE',''
  ) );
#9835 = ADVANCED_FACE('',(#9836),#6331,.T.);
#9836 = FACE_BOUND('',#9837,.F.);
#9837 = EDGE_LOOP('',(#9838,#9839,#9840,#9864));
#9838 = ORIENTED_EDGE('',*,*,#6310,.T.);
#9839 = ORIENTED_EDGE('',*,*,#9740,.T.);
#9840 = ORIENTED_EDGE('',*,*,#9841,.T.);
#9841 = EDGE_CURVE('',#9741,#9842,#9844,.T.);
#9842 = VERTEX_POINT('',#9843);
#9843 = CARTESIAN_POINT('',(19.,43.,-0.15));
#9844 = SURFACE_CURVE('',#9845,(#9850,#9857),.PCURVE_S1.);
#9845 = CIRCLE('',#9846,8.);
#9846 = AXIS2_PLACEMENT_3D('',#9847,#9848,#9849);
#9847 = CARTESIAN_POINT('',(19.,51.,-0.15));
#9848 = DIRECTION('',(0.,0.,1.));
#9849 = DIRECTION('',(1.,0.,0.));
#9850 = PCURVE('',#6331,#9851);
#9851 = DEFINITIONAL_REPRESENTATION('',(#9852),#9856);
#9852 = LINE('',#9853,#9854);
#9853 = CARTESIAN_POINT('',(-0.,-11.85));
#9854 = VECTOR('',#9855,1.);
#9855 = DIRECTION('',(-1.,0.));
#9856 = ( GEOMETRIC_REPRESENTATION_CONTEXT(2) 
PARAMETRIC_REPRESENTATION_CONTEXT() REPRESENTATION_CONTEXT('2D SPACE',''
  ) );
#9857 = PCURVE('',#9578,#9858);
#9858 = DEFINITIONAL_REPRESENTATION('',(#9859),#9863);
#9859 = CIRCLE('',#9860,8.);
#9860 = AXIS2_PLACEMENT_2D('',#9861,#9862);
#9861 = CARTESIAN_POINT('',(0.,8.));
#9862 = DIRECTION('',(1.,0.));
#9863 = ( GEOMETRIC_REPRESENTATION_CONTEXT(2) 
PARAMETRIC_REPRESENTATION_CONTEXT() REPRESENTATION_CONTEXT('2D SPACE',''
  ) );
#9864 = ORIENTED_EDGE('',*,*,#9865,.F.);
#9865 = EDGE_CURVE('',#6285,#9842,#9866,.T.);
#9866 = SURFACE_CURVE('',#9867,(#9871,#9878),.PCURVE_S1.);
#9867 = LINE('',#9868,#9869);
#9868 = CARTESIAN_POINT('',(19.,43.,-12.));
#9869 = VECTOR('',#9870,1.);
#9870 = DIRECTION('',(0.,0.,1.));
#9871 = PCURVE('',#6331,#9872);
#9872 = DEFINITIONAL_REPRESENTATION('',(#9873),#9877);
#9873 = LINE('',#9874,#9875);
#9874 = CARTESIAN_POINT('',(-4.712388980385,0.));
#9875 = VECTOR('',#9876,1.);
#9876 = DIRECTION('',(-0.,-1.));
#9877 = ( GEOMETRIC_REPRESENTATION_CONTEXT(2) 
PARAMETRIC_REPRESENTATION_CONTEXT() REPRESENTATION_CONTEXT('2D SPACE',''
  ) );
#9878 = PCURVE('',#6299,#9879);
#9879 = DEFINITIONAL_REPRESENTATION('',(#9880),#9884);
#9880 = LINE('',#9881,#9882);
#9881 = CARTESIAN_POINT('',(0.,0.));
#9882 = VECTOR('',#9883,1.);
#9883 = DIRECTION('',(1.,0.));
#9884 = ( GEOMETRIC_REPRESENTATION_CONTEXT(2) 
PARAMETRIC_REPRESENTATION_CONTEXT() REPRESENTATION_CONTEXT('2D SPACE',''
  ) );
#9885 = ADVANCED_FACE('',(#9886),#6299,.F.);
#9886 = FACE_BOUND('',#9887,.F.);
#9887 = EDGE_LOOP('',(#9888,#9889,#9890,#9891));
#9888 = ORIENTED_EDGE('',*,*,#9815,.F.);
#9889 = ORIENTED_EDGE('',*,*,#6284,.T.);
#9890 = ORIENTED_EDGE('',*,*,#9865,.T.);
#9891 = ORIENTED_EDGE('',*,*,#9892,.T.);
#9892 = EDGE_CURVE('',#9842,#9790,#9893,.T.);
#9893 = SURFACE_CURVE('',#9894,(#9898,#9905),.PCURVE_S1.);
#9894 = LINE('',#9895,#9896);
#9895 = CARTESIAN_POINT('',(19.,43.,-0.15));
#9896 = VECTOR('',#9897,1.);
#9897 = DIRECTION('',(1.,0.,0.));
#9898 = PCURVE('',#6299,#9899);
#9899 = DEFINITIONAL_REPRESENTATION('',(#9900),#9904);
#9900 = LINE('',#9901,#9902);
#9901 = CARTESIAN_POINT('',(11.85,0.));
#9902 = VECTOR('',#9903,1.);
#9903 = DIRECTION('',(0.,1.));
#9904 = ( GEOMETRIC_REPRESENTATION_CONTEXT(2) 
PARAMETRIC_REPRESENTATION_CONTEXT() REPRESENTATION_CONTEXT('2D SPACE',''
  ) );
#9905 = PCURVE('',#9578,#9906);
#9906 = DEFINITIONAL_REPRESENTATION('',(#9907),#9911);
#9907 = LINE('',#9908,#9909);
#9908 = CARTESIAN_POINT('',(0.,0.));
#9909 = VECTOR('',#9910,1.);
#9910 = DIRECTION('',(1.,0.));
#9911 = ( GEOMETRIC_REPRESENTATION_CONTEXT(2) 
PARAMETRIC_REPRESENTATION_CONTEXT() REPRESENTATION_CONTEXT('2D SPACE',''
  ) );
#9912 = ADVANCED_FACE('',(#9913),#6423,.T.);
#9913 = FACE_BOUND('',#9914,.F.);
#9914 = EDGE_LOOP('',(#9915,#9916,#9939,#9966));
#9915 = ORIENTED_EDGE('',*,*,#6402,.T.);
#9916 = ORIENTED_EDGE('',*,*,#9917,.T.);
#9917 = EDGE_CURVE('',#6403,#9918,#9920,.T.);
#9918 = VERTEX_POINT('',#9919);
#9919 = CARTESIAN_POINT('',(9.,99.,-0.2));
#9920 = SEAM_CURVE('',#9921,(#9925,#9932),.PCURVE_S1.);
#9921 = LINE('',#9922,#9923);
#9922 = CARTESIAN_POINT('',(9.,99.,-7.));
#9923 = VECTOR('',#9924,1.);
#9924 = DIRECTION('',(0.,0.,1.));
#9925 = PCURVE('',#6423,#9926);
#9926 = DEFINITIONAL_REPRESENTATION('',(#9927),#9931);
#9927 = LINE('',#9928,#9929);
#9928 = CARTESIAN_POINT('',(-6.28318530718,0.));
#9929 = VECTOR('',#9930,1.);
#9930 = DIRECTION('',(-0.,-1.));
#9931 = ( GEOMETRIC_REPRESENTATION_CONTEXT(2) 
PARAMETRIC_REPRESENTATION_CONTEXT() REPRESENTATION_CONTEXT('2D SPACE',''
  ) );
#9932 = PCURVE('',#6423,#9933);
#9933 = DEFINITIONAL_REPRESENTATION('',(#9934),#9938);
#9934 = LINE('',#9935,#9936);
#9935 = CARTESIAN_POINT('',(-0.,0.));
#9936 = VECTOR('',#9937,1.);
#9937 = DIRECTION('',(-0.,-1.));
#9938 = ( GEOMETRIC_REPRESENTATION_CONTEXT(2) 
PARAMETRIC_REPRESENTATION_CONTEXT() REPRESENTATION_CONTEXT('2D SPACE',''
  ) );
#9939 = ORIENTED_EDGE('',*,*,#9940,.T.);
#9940 = EDGE_CURVE('',#9918,#9918,#9941,.T.);
#9941 = SURFACE_CURVE('',#9942,(#9947,#9954),.PCURVE_S1.);
#9942 = CIRCLE('',#9943,3.);
#9943 = AXIS2_PLACEMENT_3D('',#9944,#9945,#9946);
#9944 = CARTESIAN_POINT('',(6.,99.,-0.2));
#9945 = DIRECTION('',(0.,0.,1.));
#9946 = DIRECTION('',(1.,0.,0.));
#9947 = PCURVE('',#6423,#9948);
#9948 = DEFINITIONAL_REPRESENTATION('',(#9949),#9953);
#9949 = LINE('',#9950,#9951);
#9950 = CARTESIAN_POINT('',(-0.,-6.8));
#9951 = VECTOR('',#9952,1.);
#9952 = DIRECTION('',(-1.,0.));
#9953 = ( GEOMETRIC_REPRESENTATION_CONTEXT(2) 
PARAMETRIC_REPRESENTATION_CONTEXT() REPRESENTATION_CONTEXT('2D SPACE',''
  ) );
#9954 = PCURVE('',#9955,#9960);
#9955 = PLANE('',#9956);
#9956 = AXIS2_PLACEMENT_3D('',#9957,#9958,#9959);
#9957 = CARTESIAN_POINT('',(6.,99.,-0.2));
#9958 = DIRECTION('',(0.,0.,1.));
#9959 = DIRECTION('',(1.,0.,-0.));
#9960 = DEFINITIONAL_REPRESENTATION('',(#9961),#9965);
#9961 = CIRCLE('',#9962,3.);
#9962 = AXIS2_PLACEMENT_2D('',#9963,#9964);
#9963 = CARTESIAN_POINT('',(0.,0.));
#9964 = DIRECTION('',(1.,0.));
#9965 = ( GEOMETRIC_REPRESENTATION_CONTEXT(2) 
PARAMETRIC_REPRESENTATION_CONTEXT() REPRESENTATION_CONTEXT('2D SPACE',''
  ) );
#9966 = ORIENTED_EDGE('',*,*,#9917,.F.);
#9967 = ADVANCED_FACE('',(#9968),#6454,.F.);
#9968 = FACE_BOUND('',#9969,.F.);
#9969 = EDGE_LOOP('',(#9970,#9993,#10021,#10042));
#9970 = ORIENTED_EDGE('',*,*,#9971,.F.);
#9971 = EDGE_CURVE('',#9972,#6438,#9974,.T.);
#9972 = VERTEX_POINT('',#9973);
#9973 = CARTESIAN_POINT('',(60.9,94.,-7.6));
#9974 = SURFACE_CURVE('',#9975,(#9979,#9986),.PCURVE_S1.);
#9975 = LINE('',#9976,#9977);
#9976 = CARTESIAN_POINT('',(60.9,94.,-7.6));
#9977 = VECTOR('',#9978,1.);
#9978 = DIRECTION('',(0.,0.,1.));
#9979 = PCURVE('',#6454,#9980);
#9980 = DEFINITIONAL_REPRESENTATION('',(#9981),#9985);
#9981 = LINE('',#9982,#9983);
#9982 = CARTESIAN_POINT('',(0.,0.4));
#9983 = VECTOR('',#9984,1.);
#9984 = DIRECTION('',(1.,0.));
#9985 = ( GEOMETRIC_REPRESENTATION_CONTEXT(2) 
PARAMETRIC_REPRESENTATION_CONTEXT() REPRESENTATION_CONTEXT('2D SPACE',''
  ) );
#9986 = PCURVE('',#6486,#9987);
#9987 = DEFINITIONAL_REPRESENTATION('',(#9988),#9992);
#9988 = LINE('',#9989,#9990);
#9989 = CARTESIAN_POINT('',(-1.570796326795,0.));
#9990 = VECTOR('',#9991,1.);
#9991 = DIRECTION('',(-0.,-1.));
#9992 = ( GEOMETRIC_REPRESENTATION_CONTEXT(2) 
PARAMETRIC_REPRESENTATION_CONTEXT() REPRESENTATION_CONTEXT('2D SPACE',''
  ) );
#9993 = ORIENTED_EDGE('',*,*,#9994,.F.);
#9994 = EDGE_CURVE('',#9995,#9972,#9997,.T.);
#9995 = VERTEX_POINT('',#9996);
#9996 = CARTESIAN_POINT('',(60.5,94.,-7.6));
#9997 = SURFACE_CURVE('',#9998,(#10002,#10009),.PCURVE_S1.);
#9998 = LINE('',#9999,#10000);
#9999 = CARTESIAN_POINT('',(60.5,94.,-7.6));
#10000 = VECTOR('',#10001,1.);
#10001 = DIRECTION('',(1.,0.,0.));
#10002 = PCURVE('',#6454,#10003);
#10003 = DEFINITIONAL_REPRESENTATION('',(#10004),#10008);
#10004 = LINE('',#10005,#10006);
#10005 = CARTESIAN_POINT('',(0.,0.));
#10006 = VECTOR('',#10007,1.);
#10007 = DIRECTION('',(0.,1.));
#10008 = ( GEOMETRIC_REPRESENTATION_CONTEXT(2) 
PARAMETRIC_REPRESENTATION_CONTEXT() REPRESENTATION_CONTEXT('2D SPACE',''
  ) );
#10009 = PCURVE('',#10010,#10015);
#10010 = PLANE('',#10011);
#10011 = AXIS2_PLACEMENT_3D('',#10012,#10013,#10014);
#10012 = CARTESIAN_POINT('',(60.5,65.2,-7.6));
#10013 = DIRECTION('',(0.,0.,1.));
#10014 = DIRECTION('',(1.,0.,-0.));
#10015 = DEFINITIONAL_REPRESENTATION('',(#10016),#10020);
#10016 = LINE('',#10017,#10018);
#10017 = CARTESIAN_POINT('',(0.,28.8));
#10018 = VECTOR('',#10019,1.);
#10019 = DIRECTION('',(1.,0.));
#10020 = ( GEOMETRIC_REPRESENTATION_CONTEXT(2) 
PARAMETRIC_REPRESENTATION_CONTEXT() REPRESENTATION_CONTEXT('2D SPACE',''
  ) );
#10021 = ORIENTED_EDGE('',*,*,#10022,.T.);
#10022 = EDGE_CURVE('',#9995,#6440,#10023,.T.);
#10023 = SURFACE_CURVE('',#10024,(#10028,#10035),.PCURVE_S1.);
#10024 = LINE('',#10025,#10026);
#10025 = CARTESIAN_POINT('',(60.5,94.,-7.6));
#10026 = VECTOR('',#10027,1.);
#10027 = DIRECTION('',(0.,0.,1.));
#10028 = PCURVE('',#6454,#10029);
#10029 = DEFINITIONAL_REPRESENTATION('',(#10030),#10034);
#10030 = LINE('',#10031,#10032);
#10031 = CARTESIAN_POINT('',(0.,0.));
#10032 = VECTOR('',#10033,1.);
#10033 = DIRECTION('',(1.,0.));
#10034 = ( GEOMETRIC_REPRESENTATION_CONTEXT(2) 
PARAMETRIC_REPRESENTATION_CONTEXT() REPRESENTATION_CONTEXT('2D SPACE',''
  ) );
#10035 = PCURVE('',#6661,#10036);
#10036 = DEFINITIONAL_REPRESENTATION('',(#10037),#10041);
#10037 = LINE('',#10038,#10039);
#10038 = CARTESIAN_POINT('',(-1.570796326795,0.));
#10039 = VECTOR('',#10040,1.);
#10040 = DIRECTION('',(-0.,-1.));
#10041 = ( GEOMETRIC_REPRESENTATION_CONTEXT(2) 
PARAMETRIC_REPRESENTATION_CONTEXT() REPRESENTATION_CONTEXT('2D SPACE',''
  ) );
#10042 = ORIENTED_EDGE('',*,*,#6437,.F.);
#10043 = ADVANCED_FACE('',(#10044),#6486,.F.);
#10044 = FACE_BOUND('',#10045,.T.);
#10045 = EDGE_LOOP('',(#10046,#10070,#10090,#10091));
#10046 = ORIENTED_EDGE('',*,*,#10047,.F.);
#10047 = EDGE_CURVE('',#10048,#9972,#10050,.T.);
#10048 = VERTEX_POINT('',#10049);
#10049 = CARTESIAN_POINT('',(62.1,92.8,-7.6));
#10050 = SURFACE_CURVE('',#10051,(#10056,#10063),.PCURVE_S1.);
#10051 = CIRCLE('',#10052,1.2);
#10052 = AXIS2_PLACEMENT_3D('',#10053,#10054,#10055);
#10053 = CARTESIAN_POINT('',(60.9,92.8,-7.6));
#10054 = DIRECTION('',(0.,0.,1.));
#10055 = DIRECTION('',(1.,0.,0.));
#10056 = PCURVE('',#6486,#10057);
#10057 = DEFINITIONAL_REPRESENTATION('',(#10058),#10062);
#10058 = LINE('',#10059,#10060);
#10059 = CARTESIAN_POINT('',(-0.,0.));
#10060 = VECTOR('',#10061,1.);
#10061 = DIRECTION('',(-1.,0.));
#10062 = ( GEOMETRIC_REPRESENTATION_CONTEXT(2) 
PARAMETRIC_REPRESENTATION_CONTEXT() REPRESENTATION_CONTEXT('2D SPACE',''
  ) );
#10063 = PCURVE('',#10010,#10064);
#10064 = DEFINITIONAL_REPRESENTATION('',(#10065),#10069);
#10065 = CIRCLE('',#10066,1.2);
#10066 = AXIS2_PLACEMENT_2D('',#10067,#10068);
#10067 = CARTESIAN_POINT('',(0.4,27.6));
#10068 = DIRECTION('',(1.,0.));
#10069 = ( GEOMETRIC_REPRESENTATION_CONTEXT(2) 
PARAMETRIC_REPRESENTATION_CONTEXT() REPRESENTATION_CONTEXT('2D SPACE',''
  ) );
#10070 = ORIENTED_EDGE('',*,*,#10071,.T.);
#10071 = EDGE_CURVE('',#10048,#6466,#10072,.T.);
#10072 = SURFACE_CURVE('',#10073,(#10077,#10083),.PCURVE_S1.);
#10073 = LINE('',#10074,#10075);
#10074 = CARTESIAN_POINT('',(62.1,92.8,-7.6));
#10075 = VECTOR('',#10076,1.);
#10076 = DIRECTION('',(0.,0.,1.));
#10077 = PCURVE('',#6486,#10078);
#10078 = DEFINITIONAL_REPRESENTATION('',(#10079),#10082);
#10079 = B_SPLINE_CURVE_WITH_KNOTS('',1,(#10080,#10081),.UNSPECIFIED.,
  .F.,.F.,(2,2),(0.,1.4),.PIECEWISE_BEZIER_KNOTS.);
#10080 = CARTESIAN_POINT('',(0.,0.));
#10081 = CARTESIAN_POINT('',(0.,-1.4));
#10082 = ( GEOMETRIC_REPRESENTATION_CONTEXT(2) 
PARAMETRIC_REPRESENTATION_CONTEXT() REPRESENTATION_CONTEXT('2D SPACE',''
  ) );
#10083 = PCURVE('',#6513,#10084);
#10084 = DEFINITIONAL_REPRESENTATION('',(#10085),#10089);
#10085 = LINE('',#10086,#10087);
#10086 = CARTESIAN_POINT('',(0.,-27.6));
#10087 = VECTOR('',#10088,1.);
#10088 = DIRECTION('',(1.,0.));
#10089 = ( GEOMETRIC_REPRESENTATION_CONTEXT(2) 
PARAMETRIC_REPRESENTATION_CONTEXT() REPRESENTATION_CONTEXT('2D SPACE',''
  ) );
#10090 = ORIENTED_EDGE('',*,*,#6465,.F.);
#10091 = ORIENTED_EDGE('',*,*,#9971,.F.);
#10092 = ADVANCED_FACE('',(#10093),#6661,.F.);
#10093 = FACE_BOUND('',#10094,.T.);
#10094 = EDGE_LOOP('',(#10095,#10118,#10140,#10141));
#10095 = ORIENTED_EDGE('',*,*,#10096,.F.);
#10096 = EDGE_CURVE('',#10097,#6617,#10099,.T.);
#10097 = VERTEX_POINT('',#10098);
#10098 = CARTESIAN_POINT('',(59.3,92.8,-7.6));
#10099 = SURFACE_CURVE('',#10100,(#10104,#10111),.PCURVE_S1.);
#10100 = LINE('',#10101,#10102);
#10101 = CARTESIAN_POINT('',(59.3,92.8,-7.6));
#10102 = VECTOR('',#10103,1.);
#10103 = DIRECTION('',(0.,0.,1.));
#10104 = PCURVE('',#6661,#10105);
#10105 = DEFINITIONAL_REPRESENTATION('',(#10106),#10110);
#10106 = LINE('',#10107,#10108);
#10107 = CARTESIAN_POINT('',(-3.14159265359,0.));
#10108 = VECTOR('',#10109,1.);
#10109 = DIRECTION('',(-0.,-1.));
#10110 = ( GEOMETRIC_REPRESENTATION_CONTEXT(2) 
PARAMETRIC_REPRESENTATION_CONTEXT() REPRESENTATION_CONTEXT('2D SPACE',''
  ) );
#10111 = PCURVE('',#6631,#10112);
#10112 = DEFINITIONAL_REPRESENTATION('',(#10113),#10117);
#10113 = LINE('',#10114,#10115);
#10114 = CARTESIAN_POINT('',(0.,-27.6));
#10115 = VECTOR('',#10116,1.);
#10116 = DIRECTION('',(1.,0.));
#10117 = ( GEOMETRIC_REPRESENTATION_CONTEXT(2) 
PARAMETRIC_REPRESENTATION_CONTEXT() REPRESENTATION_CONTEXT('2D SPACE',''
  ) );
#10118 = ORIENTED_EDGE('',*,*,#10119,.F.);
#10119 = EDGE_CURVE('',#9995,#10097,#10120,.T.);
#10120 = SURFACE_CURVE('',#10121,(#10126,#10133),.PCURVE_S1.);
#10121 = CIRCLE('',#10122,1.2);
#10122 = AXIS2_PLACEMENT_3D('',#10123,#10124,#10125);
#10123 = CARTESIAN_POINT('',(60.5,92.8,-7.6));
#10124 = DIRECTION('',(0.,0.,1.));
#10125 = DIRECTION('',(1.,0.,0.));
#10126 = PCURVE('',#6661,#10127);
#10127 = DEFINITIONAL_REPRESENTATION('',(#10128),#10132);
#10128 = LINE('',#10129,#10130);
#10129 = CARTESIAN_POINT('',(-0.,0.));
#10130 = VECTOR('',#10131,1.);
#10131 = DIRECTION('',(-1.,0.));
#10132 = ( GEOMETRIC_REPRESENTATION_CONTEXT(2) 
PARAMETRIC_REPRESENTATION_CONTEXT() REPRESENTATION_CONTEXT('2D SPACE',''
  ) );
#10133 = PCURVE('',#10010,#10134);
#10134 = DEFINITIONAL_REPRESENTATION('',(#10135),#10139);
#10135 = CIRCLE('',#10136,1.2);
#10136 = AXIS2_PLACEMENT_2D('',#10137,#10138);
#10137 = CARTESIAN_POINT('',(0.,27.6));
#10138 = DIRECTION('',(1.,0.));
#10139 = ( GEOMETRIC_REPRESENTATION_CONTEXT(2) 
PARAMETRIC_REPRESENTATION_CONTEXT() REPRESENTATION_CONTEXT('2D SPACE',''
  ) );
#10140 = ORIENTED_EDGE('',*,*,#10022,.T.);
#10141 = ORIENTED_EDGE('',*,*,#6642,.F.);
#10142 = ADVANCED_FACE('',(#10143),#6513,.F.);
#10143 = FACE_BOUND('',#10144,.F.);
#10144 = EDGE_LOOP('',(#10145,#10167,#10188,#10189));
#10145 = ORIENTED_EDGE('',*,*,#10146,.F.);
#10146 = EDGE_CURVE('',#10147,#6499,#10149,.T.);
#10147 = VERTEX_POINT('',#10148);
#10148 = CARTESIAN_POINT('',(62.1,65.2,-7.6));
#10149 = SURFACE_CURVE('',#10150,(#10154,#10161),.PCURVE_S1.);
#10150 = LINE('',#10151,#10152);
#10151 = CARTESIAN_POINT('',(62.1,65.2,-7.6));
#10152 = VECTOR('',#10153,1.);
#10153 = DIRECTION('',(0.,0.,1.));
#10154 = PCURVE('',#6513,#10155);
#10155 = DEFINITIONAL_REPRESENTATION('',(#10156),#10160);
#10156 = LINE('',#10157,#10158);
#10157 = CARTESIAN_POINT('',(0.,0.));
#10158 = VECTOR('',#10159,1.);
#10159 = DIRECTION('',(1.,0.));
#10160 = ( GEOMETRIC_REPRESENTATION_CONTEXT(2) 
PARAMETRIC_REPRESENTATION_CONTEXT() REPRESENTATION_CONTEXT('2D SPACE',''
  ) );
#10161 = PCURVE('',#6545,#10162);
#10162 = DEFINITIONAL_REPRESENTATION('',(#10163),#10166);
#10163 = B_SPLINE_CURVE_WITH_KNOTS('',1,(#10164,#10165),.UNSPECIFIED.,
  .F.,.F.,(2,2),(0.,1.4),.PIECEWISE_BEZIER_KNOTS.);
#10164 = CARTESIAN_POINT('',(-6.28318530718,0.));
#10165 = CARTESIAN_POINT('',(-6.28318530718,-1.4));
#10166 = ( GEOMETRIC_REPRESENTATION_CONTEXT(2) 
PARAMETRIC_REPRESENTATION_CONTEXT() REPRESENTATION_CONTEXT('2D SPACE',''
  ) );
#10167 = ORIENTED_EDGE('',*,*,#10168,.T.);
#10168 = EDGE_CURVE('',#10147,#10048,#10169,.T.);
#10169 = SURFACE_CURVE('',#10170,(#10174,#10181),.PCURVE_S1.);
#10170 = LINE('',#10171,#10172);
#10171 = CARTESIAN_POINT('',(62.1,65.2,-7.6));
#10172 = VECTOR('',#10173,1.);
#10173 = DIRECTION('',(0.,1.,0.));
#10174 = PCURVE('',#6513,#10175);
#10175 = DEFINITIONAL_REPRESENTATION('',(#10176),#10180);
#10176 = LINE('',#10177,#10178);
#10177 = CARTESIAN_POINT('',(0.,0.));
#10178 = VECTOR('',#10179,1.);
#10179 = DIRECTION('',(0.,-1.));
#10180 = ( GEOMETRIC_REPRESENTATION_CONTEXT(2) 
PARAMETRIC_REPRESENTATION_CONTEXT() REPRESENTATION_CONTEXT('2D SPACE',''
  ) );
#10181 = PCURVE('',#10010,#10182);
#10182 = DEFINITIONAL_REPRESENTATION('',(#10183),#10187);
#10183 = LINE('',#10184,#10185);
#10184 = CARTESIAN_POINT('',(1.6,0.));
#10185 = VECTOR('',#10186,1.);
#10186 = DIRECTION('',(0.,1.));
#10187 = ( GEOMETRIC_REPRESENTATION_CONTEXT(2) 
PARAMETRIC_REPRESENTATION_CONTEXT() REPRESENTATION_CONTEXT('2D SPACE',''
  ) );
#10188 = ORIENTED_EDGE('',*,*,#10071,.T.);
#10189 = ORIENTED_EDGE('',*,*,#6498,.F.);
#10190 = ADVANCED_FACE('',(#10191),#6631,.T.);
#10191 = FACE_BOUND('',#10192,.T.);
#10192 = EDGE_LOOP('',(#10193,#10216,#10237,#10238));
#10193 = ORIENTED_EDGE('',*,*,#10194,.F.);
#10194 = EDGE_CURVE('',#10195,#6584,#10197,.T.);
#10195 = VERTEX_POINT('',#10196);
#10196 = CARTESIAN_POINT('',(59.3,65.2,-7.6));
#10197 = SURFACE_CURVE('',#10198,(#10202,#10209),.PCURVE_S1.);
#10198 = LINE('',#10199,#10200);
#10199 = CARTESIAN_POINT('',(59.3,65.2,-7.6));
#10200 = VECTOR('',#10201,1.);
#10201 = DIRECTION('',(0.,0.,1.));
#10202 = PCURVE('',#6631,#10203);
#10203 = DEFINITIONAL_REPRESENTATION('',(#10204),#10208);
#10204 = LINE('',#10205,#10206);
#10205 = CARTESIAN_POINT('',(0.,0.));
#10206 = VECTOR('',#10207,1.);
#10207 = DIRECTION('',(1.,0.));
#10208 = ( GEOMETRIC_REPRESENTATION_CONTEXT(2) 
PARAMETRIC_REPRESENTATION_CONTEXT() REPRESENTATION_CONTEXT('2D SPACE',''
  ) );
#10209 = PCURVE('',#6604,#10210);
#10210 = DEFINITIONAL_REPRESENTATION('',(#10211),#10215);
#10211 = LINE('',#10212,#10213);
#10212 = CARTESIAN_POINT('',(-3.14159265359,0.));
#10213 = VECTOR('',#10214,1.);
#10214 = DIRECTION('',(-0.,-1.));
#10215 = ( GEOMETRIC_REPRESENTATION_CONTEXT(2) 
PARAMETRIC_REPRESENTATION_CONTEXT() REPRESENTATION_CONTEXT('2D SPACE',''
  ) );
#10216 = ORIENTED_EDGE('',*,*,#10217,.T.);
#10217 = EDGE_CURVE('',#10195,#10097,#10218,.T.);
#10218 = SURFACE_CURVE('',#10219,(#10223,#10230),.PCURVE_S1.);
#10219 = LINE('',#10220,#10221);
#10220 = CARTESIAN_POINT('',(59.3,65.2,-7.6));
#10221 = VECTOR('',#10222,1.);
#10222 = DIRECTION('',(0.,1.,0.));
#10223 = PCURVE('',#6631,#10224);
#10224 = DEFINITIONAL_REPRESENTATION('',(#10225),#10229);
#10225 = LINE('',#10226,#10227);
#10226 = CARTESIAN_POINT('',(0.,0.));
#10227 = VECTOR('',#10228,1.);
#10228 = DIRECTION('',(0.,-1.));
#10229 = ( GEOMETRIC_REPRESENTATION_CONTEXT(2) 
PARAMETRIC_REPRESENTATION_CONTEXT() REPRESENTATION_CONTEXT('2D SPACE',''
  ) );
#10230 = PCURVE('',#10010,#10231);
#10231 = DEFINITIONAL_REPRESENTATION('',(#10232),#10236);
#10232 = LINE('',#10233,#10234);
#10233 = CARTESIAN_POINT('',(-1.2,0.));
#10234 = VECTOR('',#10235,1.);
#10235 = DIRECTION('',(0.,1.));
#10236 = ( GEOMETRIC_REPRESENTATION_CONTEXT(2) 
PARAMETRIC_REPRESENTATION_CONTEXT() REPRESENTATION_CONTEXT('2D SPACE',''
  ) );
#10237 = ORIENTED_EDGE('',*,*,#10096,.T.);
#10238 = ORIENTED_EDGE('',*,*,#6616,.F.);
#10239 = ADVANCED_FACE('',(#10240),#6545,.F.);
#10240 = FACE_BOUND('',#10241,.T.);
#10241 = EDGE_LOOP('',(#10242,#10243,#10267,#10288));
#10242 = ORIENTED_EDGE('',*,*,#10146,.F.);
#10243 = ORIENTED_EDGE('',*,*,#10244,.F.);
#10244 = EDGE_CURVE('',#10245,#10147,#10247,.T.);
#10245 = VERTEX_POINT('',#10246);
#10246 = CARTESIAN_POINT('',(60.9,64.,-7.6));
#10247 = SURFACE_CURVE('',#10248,(#10253,#10260),.PCURVE_S1.);
#10248 = CIRCLE('',#10249,1.2);
#10249 = AXIS2_PLACEMENT_3D('',#10250,#10251,#10252);
#10250 = CARTESIAN_POINT('',(60.9,65.2,-7.6));
#10251 = DIRECTION('',(0.,0.,1.));
#10252 = DIRECTION('',(1.,0.,0.));
#10253 = PCURVE('',#6545,#10254);
#10254 = DEFINITIONAL_REPRESENTATION('',(#10255),#10259);
#10255 = LINE('',#10256,#10257);
#10256 = CARTESIAN_POINT('',(-0.,0.));
#10257 = VECTOR('',#10258,1.);
#10258 = DIRECTION('',(-1.,0.));
#10259 = ( GEOMETRIC_REPRESENTATION_CONTEXT(2) 
PARAMETRIC_REPRESENTATION_CONTEXT() REPRESENTATION_CONTEXT('2D SPACE',''
  ) );
#10260 = PCURVE('',#10010,#10261);
#10261 = DEFINITIONAL_REPRESENTATION('',(#10262),#10266);
#10262 = CIRCLE('',#10263,1.2);
#10263 = AXIS2_PLACEMENT_2D('',#10264,#10265);
#10264 = CARTESIAN_POINT('',(0.4,0.));
#10265 = DIRECTION('',(1.,0.));
#10266 = ( GEOMETRIC_REPRESENTATION_CONTEXT(2) 
PARAMETRIC_REPRESENTATION_CONTEXT() REPRESENTATION_CONTEXT('2D SPACE',''
  ) );
#10267 = ORIENTED_EDGE('',*,*,#10268,.T.);
#10268 = EDGE_CURVE('',#10245,#6525,#10269,.T.);
#10269 = SURFACE_CURVE('',#10270,(#10274,#10281),.PCURVE_S1.);
#10270 = LINE('',#10271,#10272);
#10271 = CARTESIAN_POINT('',(60.9,64.,-7.6));
#10272 = VECTOR('',#10273,1.);
#10273 = DIRECTION('',(0.,0.,1.));
#10274 = PCURVE('',#6545,#10275);
#10275 = DEFINITIONAL_REPRESENTATION('',(#10276),#10280);
#10276 = LINE('',#10277,#10278);
#10277 = CARTESIAN_POINT('',(-4.712388980385,0.));
#10278 = VECTOR('',#10279,1.);
#10279 = DIRECTION('',(-0.,-1.));
#10280 = ( GEOMETRIC_REPRESENTATION_CONTEXT(2) 
PARAMETRIC_REPRESENTATION_CONTEXT() REPRESENTATION_CONTEXT('2D SPACE',''
  ) );
#10281 = PCURVE('',#6572,#10282);
#10282 = DEFINITIONAL_REPRESENTATION('',(#10283),#10287);
#10283 = LINE('',#10284,#10285);
#10284 = CARTESIAN_POINT('',(0.,0.4));
#10285 = VECTOR('',#10286,1.);
#10286 = DIRECTION('',(1.,0.));
#10287 = ( GEOMETRIC_REPRESENTATION_CONTEXT(2) 
PARAMETRIC_REPRESENTATION_CONTEXT() REPRESENTATION_CONTEXT('2D SPACE',''
  ) );
#10288 = ORIENTED_EDGE('',*,*,#6524,.F.);
#10289 = ADVANCED_FACE('',(#10290),#6604,.F.);
#10290 = FACE_BOUND('',#10291,.T.);
#10291 = EDGE_LOOP('',(#10292,#10316,#10317,#10318));
#10292 = ORIENTED_EDGE('',*,*,#10293,.F.);
#10293 = EDGE_CURVE('',#10195,#10294,#10296,.T.);
#10294 = VERTEX_POINT('',#10295);
#10295 = CARTESIAN_POINT('',(60.5,64.,-7.6));
#10296 = SURFACE_CURVE('',#10297,(#10302,#10309),.PCURVE_S1.);
#10297 = CIRCLE('',#10298,1.2);
#10298 = AXIS2_PLACEMENT_3D('',#10299,#10300,#10301);
#10299 = CARTESIAN_POINT('',(60.5,65.2,-7.6));
#10300 = DIRECTION('',(0.,0.,1.));
#10301 = DIRECTION('',(1.,0.,0.));
#10302 = PCURVE('',#6604,#10303);
#10303 = DEFINITIONAL_REPRESENTATION('',(#10304),#10308);
#10304 = LINE('',#10305,#10306);
#10305 = CARTESIAN_POINT('',(-0.,0.));
#10306 = VECTOR('',#10307,1.);
#10307 = DIRECTION('',(-1.,0.));
#10308 = ( GEOMETRIC_REPRESENTATION_CONTEXT(2) 
PARAMETRIC_REPRESENTATION_CONTEXT() REPRESENTATION_CONTEXT('2D SPACE',''
  ) );
#10309 = PCURVE('',#10010,#10310);
#10310 = DEFINITIONAL_REPRESENTATION('',(#10311),#10315);
#10311 = CIRCLE('',#10312,1.2);
#10312 = AXIS2_PLACEMENT_2D('',#10313,#10314);
#10313 = CARTESIAN_POINT('',(0.,0.));
#10314 = DIRECTION('',(1.,0.));
#10315 = ( GEOMETRIC_REPRESENTATION_CONTEXT(2) 
PARAMETRIC_REPRESENTATION_CONTEXT() REPRESENTATION_CONTEXT('2D SPACE',''
  ) );
#10316 = ORIENTED_EDGE('',*,*,#10194,.T.);
#10317 = ORIENTED_EDGE('',*,*,#6583,.F.);
#10318 = ORIENTED_EDGE('',*,*,#10319,.F.);
#10319 = EDGE_CURVE('',#10294,#6558,#10320,.T.);
#10320 = SURFACE_CURVE('',#10321,(#10325,#10332),.PCURVE_S1.);
#10321 = LINE('',#10322,#10323);
#10322 = CARTESIAN_POINT('',(60.5,64.,-7.6));
#10323 = VECTOR('',#10324,1.);
#10324 = DIRECTION('',(0.,0.,1.));
#10325 = PCURVE('',#6604,#10326);
#10326 = DEFINITIONAL_REPRESENTATION('',(#10327),#10331);
#10327 = LINE('',#10328,#10329);
#10328 = CARTESIAN_POINT('',(-4.712388980385,0.));
#10329 = VECTOR('',#10330,1.);
#10330 = DIRECTION('',(-0.,-1.));
#10331 = ( GEOMETRIC_REPRESENTATION_CONTEXT(2) 
PARAMETRIC_REPRESENTATION_CONTEXT() REPRESENTATION_CONTEXT('2D SPACE',''
  ) );
#10332 = PCURVE('',#6572,#10333);
#10333 = DEFINITIONAL_REPRESENTATION('',(#10334),#10338);
#10334 = LINE('',#10335,#10336);
#10335 = CARTESIAN_POINT('',(0.,0.));
#10336 = VECTOR('',#10337,1.);
#10337 = DIRECTION('',(1.,0.));
#10338 = ( GEOMETRIC_REPRESENTATION_CONTEXT(2) 
PARAMETRIC_REPRESENTATION_CONTEXT() REPRESENTATION_CONTEXT('2D SPACE',''
  ) );
#10339 = ADVANCED_FACE('',(#10340),#6572,.T.);
#10340 = FACE_BOUND('',#10341,.T.);
#10341 = EDGE_LOOP('',(#10342,#10343,#10364,#10365));
#10342 = ORIENTED_EDGE('',*,*,#10268,.F.);
#10343 = ORIENTED_EDGE('',*,*,#10344,.F.);
#10344 = EDGE_CURVE('',#10294,#10245,#10345,.T.);
#10345 = SURFACE_CURVE('',#10346,(#10350,#10357),.PCURVE_S1.);
#10346 = LINE('',#10347,#10348);
#10347 = CARTESIAN_POINT('',(60.5,64.,-7.6));
#10348 = VECTOR('',#10349,1.);
#10349 = DIRECTION('',(1.,0.,0.));
#10350 = PCURVE('',#6572,#10351);
#10351 = DEFINITIONAL_REPRESENTATION('',(#10352),#10356);
#10352 = LINE('',#10353,#10354);
#10353 = CARTESIAN_POINT('',(0.,0.));
#10354 = VECTOR('',#10355,1.);
#10355 = DIRECTION('',(0.,1.));
#10356 = ( GEOMETRIC_REPRESENTATION_CONTEXT(2) 
PARAMETRIC_REPRESENTATION_CONTEXT() REPRESENTATION_CONTEXT('2D SPACE',''
  ) );
#10357 = PCURVE('',#10010,#10358);
#10358 = DEFINITIONAL_REPRESENTATION('',(#10359),#10363);
#10359 = LINE('',#10360,#10361);
#10360 = CARTESIAN_POINT('',(0.,-1.2));
#10361 = VECTOR('',#10362,1.);
#10362 = DIRECTION('',(1.,0.));
#10363 = ( GEOMETRIC_REPRESENTATION_CONTEXT(2) 
PARAMETRIC_REPRESENTATION_CONTEXT() REPRESENTATION_CONTEXT('2D SPACE',''
  ) );
#10364 = ORIENTED_EDGE('',*,*,#10319,.T.);
#10365 = ORIENTED_EDGE('',*,*,#6557,.F.);
#10366 = ADVANCED_FACE('',(#10367),#6698,.T.);
#10367 = FACE_BOUND('',#10368,.F.);
#10368 = EDGE_LOOP('',(#10369,#10392,#10393,#10414,#10447,#10466,#10467,
    #10468));
#10369 = ORIENTED_EDGE('',*,*,#10370,.F.);
#10370 = EDGE_CURVE('',#6678,#10371,#10373,.T.);
#10371 = VERTEX_POINT('',#10372);
#10372 = CARTESIAN_POINT('',(57.,99.,-0.2));
#10373 = SEAM_CURVE('',#10374,(#10378,#10385),.PCURVE_S1.);
#10374 = LINE('',#10375,#10376);
#10375 = CARTESIAN_POINT('',(57.,99.,-7.));
#10376 = VECTOR('',#10377,1.);
#10377 = DIRECTION('',(0.,0.,1.));
#10378 = PCURVE('',#6698,#10379);
#10379 = DEFINITIONAL_REPRESENTATION('',(#10380),#10384);
#10380 = LINE('',#10381,#10382);
#10381 = CARTESIAN_POINT('',(-6.28318530718,0.));
#10382 = VECTOR('',#10383,1.);
#10383 = DIRECTION('',(-0.,-1.));
#10384 = ( GEOMETRIC_REPRESENTATION_CONTEXT(2) 
PARAMETRIC_REPRESENTATION_CONTEXT() REPRESENTATION_CONTEXT('2D SPACE',''
  ) );
#10385 = PCURVE('',#6698,#10386);
#10386 = DEFINITIONAL_REPRESENTATION('',(#10387),#10391);
#10387 = LINE('',#10388,#10389);
#10388 = CARTESIAN_POINT('',(-0.,0.));
#10389 = VECTOR('',#10390,1.);
#10390 = DIRECTION('',(-0.,-1.));
#10391 = ( GEOMETRIC_REPRESENTATION_CONTEXT(2) 
PARAMETRIC_REPRESENTATION_CONTEXT() REPRESENTATION_CONTEXT('2D SPACE',''
  ) );
#10392 = ORIENTED_EDGE('',*,*,#6710,.T.);
#10393 = ORIENTED_EDGE('',*,*,#10394,.F.);
#10394 = EDGE_CURVE('',#10395,#6711,#10397,.T.);
#10395 = VERTEX_POINT('',#10396);
#10396 = CARTESIAN_POINT('',(52.503337045289,101.6,-6.2));
#10397 = SURFACE_CURVE('',#10398,(#10402,#10408),.PCURVE_S1.);
#10398 = LINE('',#10399,#10400);
#10399 = CARTESIAN_POINT('',(52.50333704529,101.6,-7.));
#10400 = VECTOR('',#10401,1.);
#10401 = DIRECTION('',(-0.,-0.,-1.));
#10402 = PCURVE('',#6698,#10403);
#10403 = DEFINITIONAL_REPRESENTATION('',(#10404),#10407);
#10404 = B_SPLINE_CURVE_WITH_KNOTS('',1,(#10405,#10406),.UNSPECIFIED.,
  .F.,.F.,(2,2),(-0.94,-0.2999994),.PIECEWISE_BEZIER_KNOTS.);
#10405 = CARTESIAN_POINT('',(-2.093111148601,-0.94));
#10406 = CARTESIAN_POINT('',(-2.093111148601,-0.2999994));
#10407 = ( GEOMETRIC_REPRESENTATION_CONTEXT(2) 
PARAMETRIC_REPRESENTATION_CONTEXT() REPRESENTATION_CONTEXT('2D SPACE',''
  ) );
#10408 = PCURVE('',#6753,#10409);
#10409 = DEFINITIONAL_REPRESENTATION('',(#10410),#10413);
#10410 = B_SPLINE_CURVE_WITH_KNOTS('',1,(#10411,#10412),.UNSPECIFIED.,
  .F.,.F.,(2,2),(-0.94,-0.2999994),.PIECEWISE_BEZIER_KNOTS.);
#10411 = CARTESIAN_POINT('',(1.54,14.80333704529));
#10412 = CARTESIAN_POINT('',(0.8999994,14.80333704529));
#10413 = ( GEOMETRIC_REPRESENTATION_CONTEXT(2) 
PARAMETRIC_REPRESENTATION_CONTEXT() REPRESENTATION_CONTEXT('2D SPACE',''
  ) );
#10414 = ORIENTED_EDGE('',*,*,#10415,.T.);
#10415 = EDGE_CURVE('',#10395,#10416,#10418,.T.);
#10416 = VERTEX_POINT('',#10417);
#10417 = CARTESIAN_POINT('',(55.496662954711,101.6,-6.2));
#10418 = SURFACE_CURVE('',#10419,(#10424,#10431),.PCURVE_S1.);
#10419 = CIRCLE('',#10420,3.);
#10420 = AXIS2_PLACEMENT_3D('',#10421,#10422,#10423);
#10421 = CARTESIAN_POINT('',(54.,99.,-6.2));
#10422 = DIRECTION('',(0.,0.,-1.));
#10423 = DIRECTION('',(1.,0.,0.));
#10424 = PCURVE('',#6698,#10425);
#10425 = DEFINITIONAL_REPRESENTATION('',(#10426),#10430);
#10426 = LINE('',#10427,#10428);
#10427 = CARTESIAN_POINT('',(-6.28318530718,-0.8));
#10428 = VECTOR('',#10429,1.);
#10429 = DIRECTION('',(1.,-0.));
#10430 = ( GEOMETRIC_REPRESENTATION_CONTEXT(2) 
PARAMETRIC_REPRESENTATION_CONTEXT() REPRESENTATION_CONTEXT('2D SPACE',''
  ) );
#10431 = PCURVE('',#10432,#10437);
#10432 = PLANE('',#10433);
#10433 = AXIS2_PLACEMENT_3D('',#10434,#10435,#10436);
#10434 = CARTESIAN_POINT('',(37.7,101.6,-6.2));
#10435 = DIRECTION('',(0.,0.,1.));
#10436 = DIRECTION('',(1.,0.,0.));
#10437 = DEFINITIONAL_REPRESENTATION('',(#10438),#10446);
#10438 = ( BOUNDED_CURVE() B_SPLINE_CURVE(2,(#10439,#10440,#10441,#10442
    ,#10443,#10444,#10445),.UNSPECIFIED.,.T.,.F.) 
B_SPLINE_CURVE_WITH_KNOTS((1,2,2,2,2,1),(-2.094395102393,0.,
    2.094395102393,4.188790204786,6.28318530718,8.377580409573),
.UNSPECIFIED.) CURVE() GEOMETRIC_REPRESENTATION_ITEM() 
RATIONAL_B_SPLINE_CURVE((1.,0.5,1.,0.5,1.,0.5,1.)) REPRESENTATION_ITEM(
  '') );
#10439 = CARTESIAN_POINT('',(19.3,-2.6));
#10440 = CARTESIAN_POINT('',(19.3,-7.796152422707));
#10441 = CARTESIAN_POINT('',(14.8,-5.198076211353));
#10442 = CARTESIAN_POINT('',(10.3,-2.6));
#10443 = CARTESIAN_POINT('',(14.8,-1.923788646679E-03));
#10444 = CARTESIAN_POINT('',(19.3,2.596152422707));
#10445 = CARTESIAN_POINT('',(19.3,-2.6));
#10446 = ( GEOMETRIC_REPRESENTATION_CONTEXT(2) 
PARAMETRIC_REPRESENTATION_CONTEXT() REPRESENTATION_CONTEXT('2D SPACE',''
  ) );
#10447 = ORIENTED_EDGE('',*,*,#10448,.T.);
#10448 = EDGE_CURVE('',#10416,#6676,#10449,.T.);
#10449 = SURFACE_CURVE('',#10450,(#10454,#10460),.PCURVE_S1.);
#10450 = LINE('',#10451,#10452);
#10451 = CARTESIAN_POINT('',(55.49666295471,101.6,-7.));
#10452 = VECTOR('',#10453,1.);
#10453 = DIRECTION('',(-0.,-0.,-1.));
#10454 = PCURVE('',#6698,#10455);
#10455 = DEFINITIONAL_REPRESENTATION('',(#10456),#10459);
#10456 = B_SPLINE_CURVE_WITH_KNOTS('',1,(#10457,#10458),.UNSPECIFIED.,
  .F.,.F.,(2,2),(-0.94,-0.2999994),.PIECEWISE_BEZIER_KNOTS.);
#10457 = CARTESIAN_POINT('',(-1.048481504989,-0.94));
#10458 = CARTESIAN_POINT('',(-1.048481504989,-0.2999994));
#10459 = ( GEOMETRIC_REPRESENTATION_CONTEXT(2) 
PARAMETRIC_REPRESENTATION_CONTEXT() REPRESENTATION_CONTEXT('2D SPACE',''
  ) );
#10460 = PCURVE('',#6753,#10461);
#10461 = DEFINITIONAL_REPRESENTATION('',(#10462),#10465);
#10462 = B_SPLINE_CURVE_WITH_KNOTS('',1,(#10463,#10464),.UNSPECIFIED.,
  .F.,.F.,(2,2),(-0.94,-0.2999994),.PIECEWISE_BEZIER_KNOTS.);
#10463 = CARTESIAN_POINT('',(1.54,17.79666295471));
#10464 = CARTESIAN_POINT('',(0.8999994,17.79666295471));
#10465 = ( GEOMETRIC_REPRESENTATION_CONTEXT(2) 
PARAMETRIC_REPRESENTATION_CONTEXT() REPRESENTATION_CONTEXT('2D SPACE',''
  ) );
#10466 = ORIENTED_EDGE('',*,*,#6675,.T.);
#10467 = ORIENTED_EDGE('',*,*,#10370,.T.);
#10468 = ORIENTED_EDGE('',*,*,#10469,.T.);
#10469 = EDGE_CURVE('',#10371,#10371,#10470,.T.);
#10470 = SURFACE_CURVE('',#10471,(#10476,#10483),.PCURVE_S1.);
#10471 = CIRCLE('',#10472,3.);
#10472 = AXIS2_PLACEMENT_3D('',#10473,#10474,#10475);
#10473 = CARTESIAN_POINT('',(54.,99.,-0.2));
#10474 = DIRECTION('',(0.,0.,1.));
#10475 = DIRECTION('',(1.,0.,0.));
#10476 = PCURVE('',#6698,#10477);
#10477 = DEFINITIONAL_REPRESENTATION('',(#10478),#10482);
#10478 = LINE('',#10479,#10480);
#10479 = CARTESIAN_POINT('',(-0.,-6.8));
#10480 = VECTOR('',#10481,1.);
#10481 = DIRECTION('',(-1.,0.));
#10482 = ( GEOMETRIC_REPRESENTATION_CONTEXT(2) 
PARAMETRIC_REPRESENTATION_CONTEXT() REPRESENTATION_CONTEXT('2D SPACE',''
  ) );
#10483 = PCURVE('',#10484,#10489);
#10484 = PLANE('',#10485);
#10485 = AXIS2_PLACEMENT_3D('',#10486,#10487,#10488);
#10486 = CARTESIAN_POINT('',(54.,99.,-0.2));
#10487 = DIRECTION('',(0.,0.,1.));
#10488 = DIRECTION('',(1.,0.,-0.));
#10489 = DEFINITIONAL_REPRESENTATION('',(#10490),#10494);
#10490 = CIRCLE('',#10491,3.);
#10491 = AXIS2_PLACEMENT_2D('',#10492,#10493);
#10492 = CARTESIAN_POINT('',(0.,0.));
#10493 = DIRECTION('',(1.,0.));
#10494 = ( GEOMETRIC_REPRESENTATION_CONTEXT(2) 
PARAMETRIC_REPRESENTATION_CONTEXT() REPRESENTATION_CONTEXT('2D SPACE',''
  ) );
#10495 = ADVANCED_FACE('',(#10496),#6753,.T.);
#10496 = FACE_BOUND('',#10497,.T.);
#10497 = EDGE_LOOP('',(#10498,#10521,#10549,#10570,#10571,#10572,#10593,
    #10594));
#10498 = ORIENTED_EDGE('',*,*,#10499,.F.);
#10499 = EDGE_CURVE('',#10500,#6942,#10502,.T.);
#10500 = VERTEX_POINT('',#10501);
#10501 = CARTESIAN_POINT('',(60.3,101.6,-7.6));
#10502 = SURFACE_CURVE('',#10503,(#10507,#10514),.PCURVE_S1.);
#10503 = LINE('',#10504,#10505);
#10504 = CARTESIAN_POINT('',(60.3,101.6,-7.6));
#10505 = VECTOR('',#10506,1.);
#10506 = DIRECTION('',(0.,0.,1.));
#10507 = PCURVE('',#6753,#10508);
#10508 = DEFINITIONAL_REPRESENTATION('',(#10509),#10513);
#10509 = LINE('',#10510,#10511);
#10510 = CARTESIAN_POINT('',(0.,22.6));
#10511 = VECTOR('',#10512,1.);
#10512 = DIRECTION('',(1.,0.));
#10513 = ( GEOMETRIC_REPRESENTATION_CONTEXT(2) 
PARAMETRIC_REPRESENTATION_CONTEXT() REPRESENTATION_CONTEXT('2D SPACE',''
  ) );
#10514 = PCURVE('',#6962,#10515);
#10515 = DEFINITIONAL_REPRESENTATION('',(#10516),#10520);
#10516 = LINE('',#10517,#10518);
#10517 = CARTESIAN_POINT('',(-4.712388980385,0.));
#10518 = VECTOR('',#10519,1.);
#10519 = DIRECTION('',(-0.,-1.));
#10520 = ( GEOMETRIC_REPRESENTATION_CONTEXT(2) 
PARAMETRIC_REPRESENTATION_CONTEXT() REPRESENTATION_CONTEXT('2D SPACE',''
  ) );
#10521 = ORIENTED_EDGE('',*,*,#10522,.F.);
#10522 = EDGE_CURVE('',#10523,#10500,#10525,.T.);
#10523 = VERTEX_POINT('',#10524);
#10524 = CARTESIAN_POINT('',(37.7,101.6,-7.6));
#10525 = SURFACE_CURVE('',#10526,(#10530,#10537),.PCURVE_S1.);
#10526 = LINE('',#10527,#10528);
#10527 = CARTESIAN_POINT('',(37.7,101.6,-7.6));
#10528 = VECTOR('',#10529,1.);
#10529 = DIRECTION('',(1.,0.,0.));
#10530 = PCURVE('',#6753,#10531);
#10531 = DEFINITIONAL_REPRESENTATION('',(#10532),#10536);
#10532 = LINE('',#10533,#10534);
#10533 = CARTESIAN_POINT('',(0.,0.));
#10534 = VECTOR('',#10535,1.);
#10535 = DIRECTION('',(0.,1.));
#10536 = ( GEOMETRIC_REPRESENTATION_CONTEXT(2) 
PARAMETRIC_REPRESENTATION_CONTEXT() REPRESENTATION_CONTEXT('2D SPACE',''
  ) );
#10537 = PCURVE('',#10538,#10543);
#10538 = PLANE('',#10539);
#10539 = AXIS2_PLACEMENT_3D('',#10540,#10541,#10542);
#10540 = CARTESIAN_POINT('',(37.7,102.8,-7.6));
#10541 = DIRECTION('',(0.,0.,1.));
#10542 = DIRECTION('',(1.,0.,-0.));
#10543 = DEFINITIONAL_REPRESENTATION('',(#10544),#10548);
#10544 = LINE('',#10545,#10546);
#10545 = CARTESIAN_POINT('',(0.,-1.2));
#10546 = VECTOR('',#10547,1.);
#10547 = DIRECTION('',(1.,0.));
#10548 = ( GEOMETRIC_REPRESENTATION_CONTEXT(2) 
PARAMETRIC_REPRESENTATION_CONTEXT() REPRESENTATION_CONTEXT('2D SPACE',''
  ) );
#10549 = ORIENTED_EDGE('',*,*,#10550,.T.);
#10550 = EDGE_CURVE('',#10523,#6739,#10551,.T.);
#10551 = SURFACE_CURVE('',#10552,(#10556,#10563),.PCURVE_S1.);
#10552 = LINE('',#10553,#10554);
#10553 = CARTESIAN_POINT('',(37.7,101.6,-7.6));
#10554 = VECTOR('',#10555,1.);
#10555 = DIRECTION('',(0.,0.,1.));
#10556 = PCURVE('',#6753,#10557);
#10557 = DEFINITIONAL_REPRESENTATION('',(#10558),#10562);
#10558 = LINE('',#10559,#10560);
#10559 = CARTESIAN_POINT('',(0.,0.));
#10560 = VECTOR('',#10561,1.);
#10561 = DIRECTION('',(1.,0.));
#10562 = ( GEOMETRIC_REPRESENTATION_CONTEXT(2) 
PARAMETRIC_REPRESENTATION_CONTEXT() REPRESENTATION_CONTEXT('2D SPACE',''
  ) );
#10563 = PCURVE('',#6785,#10564);
#10564 = DEFINITIONAL_REPRESENTATION('',(#10565),#10569);
#10565 = LINE('',#10566,#10567);
#10566 = CARTESIAN_POINT('',(-4.712388980385,0.));
#10567 = VECTOR('',#10568,1.);
#10568 = DIRECTION('',(-0.,-1.));
#10569 = ( GEOMETRIC_REPRESENTATION_CONTEXT(2) 
PARAMETRIC_REPRESENTATION_CONTEXT() REPRESENTATION_CONTEXT('2D SPACE',''
  ) );
#10570 = ORIENTED_EDGE('',*,*,#6738,.F.);
#10571 = ORIENTED_EDGE('',*,*,#10394,.F.);
#10572 = ORIENTED_EDGE('',*,*,#10573,.T.);
#10573 = EDGE_CURVE('',#10395,#10416,#10574,.T.);
#10574 = SURFACE_CURVE('',#10575,(#10579,#10586),.PCURVE_S1.);
#10575 = LINE('',#10576,#10577);
#10576 = CARTESIAN_POINT('',(37.7,101.6,-6.2));
#10577 = VECTOR('',#10578,1.);
#10578 = DIRECTION('',(1.,0.,0.));
#10579 = PCURVE('',#6753,#10580);
#10580 = DEFINITIONAL_REPRESENTATION('',(#10581),#10585);
#10581 = LINE('',#10582,#10583);
#10582 = CARTESIAN_POINT('',(1.4,0.));
#10583 = VECTOR('',#10584,1.);
#10584 = DIRECTION('',(0.,1.));
#10585 = ( GEOMETRIC_REPRESENTATION_CONTEXT(2) 
PARAMETRIC_REPRESENTATION_CONTEXT() REPRESENTATION_CONTEXT('2D SPACE',''
  ) );
#10586 = PCURVE('',#10432,#10587);
#10587 = DEFINITIONAL_REPRESENTATION('',(#10588),#10592);
#10588 = LINE('',#10589,#10590);
#10589 = CARTESIAN_POINT('',(0.,0.));
#10590 = VECTOR('',#10591,1.);
#10591 = DIRECTION('',(1.,0.));
#10592 = ( GEOMETRIC_REPRESENTATION_CONTEXT(2) 
PARAMETRIC_REPRESENTATION_CONTEXT() REPRESENTATION_CONTEXT('2D SPACE',''
  ) );
#10593 = ORIENTED_EDGE('',*,*,#10448,.T.);
#10594 = ORIENTED_EDGE('',*,*,#6974,.F.);
#10595 = ADVANCED_FACE('',(#10596),#6962,.F.);
#10596 = FACE_BOUND('',#10597,.T.);
#10597 = EDGE_LOOP('',(#10598,#10620,#10642,#10643));
#10598 = ORIENTED_EDGE('',*,*,#10599,.F.);
#10599 = EDGE_CURVE('',#10600,#6916,#10602,.T.);
#10600 = VERTEX_POINT('',#10601);
#10601 = CARTESIAN_POINT('',(61.5,102.8,-7.6));
#10602 = SURFACE_CURVE('',#10603,(#10607,#10613),.PCURVE_S1.);
#10603 = LINE('',#10604,#10605);
#10604 = CARTESIAN_POINT('',(61.5,102.8,-7.6));
#10605 = VECTOR('',#10606,1.);
#10606 = DIRECTION('',(0.,0.,1.));
#10607 = PCURVE('',#6962,#10608);
#10608 = DEFINITIONAL_REPRESENTATION('',(#10609),#10612);
#10609 = B_SPLINE_CURVE_WITH_KNOTS('',1,(#10610,#10611),.UNSPECIFIED.,
  .F.,.F.,(2,2),(0.,1.4),.PIECEWISE_BEZIER_KNOTS.);
#10610 = CARTESIAN_POINT('',(-6.28318530718,0.));
#10611 = CARTESIAN_POINT('',(-6.28318530718,-1.4));
#10612 = ( GEOMETRIC_REPRESENTATION_CONTEXT(2) 
PARAMETRIC_REPRESENTATION_CONTEXT() REPRESENTATION_CONTEXT('2D SPACE',''
  ) );
#10613 = PCURVE('',#6930,#10614);
#10614 = DEFINITIONAL_REPRESENTATION('',(#10615),#10619);
#10615 = LINE('',#10616,#10617);
#10616 = CARTESIAN_POINT('',(0.,0.));
#10617 = VECTOR('',#10618,1.);
#10618 = DIRECTION('',(1.,0.));
#10619 = ( GEOMETRIC_REPRESENTATION_CONTEXT(2) 
PARAMETRIC_REPRESENTATION_CONTEXT() REPRESENTATION_CONTEXT('2D SPACE',''
  ) );
#10620 = ORIENTED_EDGE('',*,*,#10621,.F.);
#10621 = EDGE_CURVE('',#10500,#10600,#10622,.T.);
#10622 = SURFACE_CURVE('',#10623,(#10628,#10635),.PCURVE_S1.);
#10623 = CIRCLE('',#10624,1.2);
#10624 = AXIS2_PLACEMENT_3D('',#10625,#10626,#10627);
#10625 = CARTESIAN_POINT('',(60.3,102.8,-7.6));
#10626 = DIRECTION('',(0.,0.,1.));
#10627 = DIRECTION('',(1.,0.,0.));
#10628 = PCURVE('',#6962,#10629);
#10629 = DEFINITIONAL_REPRESENTATION('',(#10630),#10634);
#10630 = LINE('',#10631,#10632);
#10631 = CARTESIAN_POINT('',(-0.,0.));
#10632 = VECTOR('',#10633,1.);
#10633 = DIRECTION('',(-1.,0.));
#10634 = ( GEOMETRIC_REPRESENTATION_CONTEXT(2) 
PARAMETRIC_REPRESENTATION_CONTEXT() REPRESENTATION_CONTEXT('2D SPACE',''
  ) );
#10635 = PCURVE('',#10538,#10636);
#10636 = DEFINITIONAL_REPRESENTATION('',(#10637),#10641);
#10637 = CIRCLE('',#10638,1.2);
#10638 = AXIS2_PLACEMENT_2D('',#10639,#10640);
#10639 = CARTESIAN_POINT('',(22.6,0.));
#10640 = DIRECTION('',(1.,0.));
#10641 = ( GEOMETRIC_REPRESENTATION_CONTEXT(2) 
PARAMETRIC_REPRESENTATION_CONTEXT() REPRESENTATION_CONTEXT('2D SPACE',''
  ) );
#10642 = ORIENTED_EDGE('',*,*,#10499,.T.);
#10643 = ORIENTED_EDGE('',*,*,#6941,.F.);
#10644 = ADVANCED_FACE('',(#10645),#6930,.F.);
#10645 = FACE_BOUND('',#10646,.F.);
#10646 = EDGE_LOOP('',(#10647,#10648,#10671,#10691));
#10647 = ORIENTED_EDGE('',*,*,#10599,.F.);
#10648 = ORIENTED_EDGE('',*,*,#10649,.T.);
#10649 = EDGE_CURVE('',#10600,#10650,#10652,.T.);
#10650 = VERTEX_POINT('',#10651);
#10651 = CARTESIAN_POINT('',(61.5,103.2,-7.6));
#10652 = SURFACE_CURVE('',#10653,(#10657,#10664),.PCURVE_S1.);
#10653 = LINE('',#10654,#10655);
#10654 = CARTESIAN_POINT('',(61.5,102.8,-7.6));
#10655 = VECTOR('',#10656,1.);
#10656 = DIRECTION('',(0.,1.,0.));
#10657 = PCURVE('',#6930,#10658);
#10658 = DEFINITIONAL_REPRESENTATION('',(#10659),#10663);
#10659 = LINE('',#10660,#10661);
#10660 = CARTESIAN_POINT('',(0.,0.));
#10661 = VECTOR('',#10662,1.);
#10662 = DIRECTION('',(0.,-1.));
#10663 = ( GEOMETRIC_REPRESENTATION_CONTEXT(2) 
PARAMETRIC_REPRESENTATION_CONTEXT() REPRESENTATION_CONTEXT('2D SPACE',''
  ) );
#10664 = PCURVE('',#10538,#10665);
#10665 = DEFINITIONAL_REPRESENTATION('',(#10666),#10670);
#10666 = LINE('',#10667,#10668);
#10667 = CARTESIAN_POINT('',(23.8,0.));
#10668 = VECTOR('',#10669,1.);
#10669 = DIRECTION('',(0.,1.));
#10670 = ( GEOMETRIC_REPRESENTATION_CONTEXT(2) 
PARAMETRIC_REPRESENTATION_CONTEXT() REPRESENTATION_CONTEXT('2D SPACE',''
  ) );
#10671 = ORIENTED_EDGE('',*,*,#10672,.T.);
#10672 = EDGE_CURVE('',#10650,#6883,#10673,.T.);
#10673 = SURFACE_CURVE('',#10674,(#10678,#10685),.PCURVE_S1.);
#10674 = LINE('',#10675,#10676);
#10675 = CARTESIAN_POINT('',(61.5,103.2,-7.6));
#10676 = VECTOR('',#10677,1.);
#10677 = DIRECTION('',(0.,0.,1.));
#10678 = PCURVE('',#6930,#10679);
#10679 = DEFINITIONAL_REPRESENTATION('',(#10680),#10684);
#10680 = LINE('',#10681,#10682);
#10681 = CARTESIAN_POINT('',(0.,-0.4));
#10682 = VECTOR('',#10683,1.);
#10683 = DIRECTION('',(1.,0.));
#10684 = ( GEOMETRIC_REPRESENTATION_CONTEXT(2) 
PARAMETRIC_REPRESENTATION_CONTEXT() REPRESENTATION_CONTEXT('2D SPACE',''
  ) );
#10685 = PCURVE('',#6903,#10686);
#10686 = DEFINITIONAL_REPRESENTATION('',(#10687),#10690);
#10687 = B_SPLINE_CURVE_WITH_KNOTS('',1,(#10688,#10689),.UNSPECIFIED.,
  .F.,.F.,(2,2),(0.,1.4),.PIECEWISE_BEZIER_KNOTS.);
#10688 = CARTESIAN_POINT('',(0.,0.));
#10689 = CARTESIAN_POINT('',(0.,-1.4));
#10690 = ( GEOMETRIC_REPRESENTATION_CONTEXT(2) 
PARAMETRIC_REPRESENTATION_CONTEXT() REPRESENTATION_CONTEXT('2D SPACE',''
  ) );
#10691 = ORIENTED_EDGE('',*,*,#6915,.F.);
#10692 = ADVANCED_FACE('',(#10693),#6903,.F.);
#10693 = FACE_BOUND('',#10694,.T.);
#10694 = EDGE_LOOP('',(#10695,#10719,#10720,#10721));
#10695 = ORIENTED_EDGE('',*,*,#10696,.F.);
#10696 = EDGE_CURVE('',#10650,#10697,#10699,.T.);
#10697 = VERTEX_POINT('',#10698);
#10698 = CARTESIAN_POINT('',(60.3,104.4,-7.6));
#10699 = SURFACE_CURVE('',#10700,(#10705,#10712),.PCURVE_S1.);
#10700 = CIRCLE('',#10701,1.2);
#10701 = AXIS2_PLACEMENT_3D('',#10702,#10703,#10704);
#10702 = CARTESIAN_POINT('',(60.3,103.2,-7.6));
#10703 = DIRECTION('',(0.,0.,1.));
#10704 = DIRECTION('',(1.,0.,0.));
#10705 = PCURVE('',#6903,#10706);
#10706 = DEFINITIONAL_REPRESENTATION('',(#10707),#10711);
#10707 = LINE('',#10708,#10709);
#10708 = CARTESIAN_POINT('',(-0.,0.));
#10709 = VECTOR('',#10710,1.);
#10710 = DIRECTION('',(-1.,0.));
#10711 = ( GEOMETRIC_REPRESENTATION_CONTEXT(2) 
PARAMETRIC_REPRESENTATION_CONTEXT() REPRESENTATION_CONTEXT('2D SPACE',''
  ) );
#10712 = PCURVE('',#10538,#10713);
#10713 = DEFINITIONAL_REPRESENTATION('',(#10714),#10718);
#10714 = CIRCLE('',#10715,1.2);
#10715 = AXIS2_PLACEMENT_2D('',#10716,#10717);
#10716 = CARTESIAN_POINT('',(22.6,0.4));
#10717 = DIRECTION('',(1.,0.));
#10718 = ( GEOMETRIC_REPRESENTATION_CONTEXT(2) 
PARAMETRIC_REPRESENTATION_CONTEXT() REPRESENTATION_CONTEXT('2D SPACE',''
  ) );
#10719 = ORIENTED_EDGE('',*,*,#10672,.T.);
#10720 = ORIENTED_EDGE('',*,*,#6882,.F.);
#10721 = ORIENTED_EDGE('',*,*,#10722,.F.);
#10722 = EDGE_CURVE('',#10697,#6857,#10723,.T.);
#10723 = SURFACE_CURVE('',#10724,(#10728,#10735),.PCURVE_S1.);
#10724 = LINE('',#10725,#10726);
#10725 = CARTESIAN_POINT('',(60.3,104.4,-7.6));
#10726 = VECTOR('',#10727,1.);
#10727 = DIRECTION('',(0.,0.,1.));
#10728 = PCURVE('',#6903,#10729);
#10729 = DEFINITIONAL_REPRESENTATION('',(#10730),#10734);
#10730 = LINE('',#10731,#10732);
#10731 = CARTESIAN_POINT('',(-1.570796326795,0.));
#10732 = VECTOR('',#10733,1.);
#10733 = DIRECTION('',(-0.,-1.));
#10734 = ( GEOMETRIC_REPRESENTATION_CONTEXT(2) 
PARAMETRIC_REPRESENTATION_CONTEXT() REPRESENTATION_CONTEXT('2D SPACE',''
  ) );
#10735 = PCURVE('',#6871,#10736);
#10736 = DEFINITIONAL_REPRESENTATION('',(#10737),#10741);
#10737 = LINE('',#10738,#10739);
#10738 = CARTESIAN_POINT('',(0.,22.6));
#10739 = VECTOR('',#10740,1.);
#10740 = DIRECTION('',(1.,0.));
#10741 = ( GEOMETRIC_REPRESENTATION_CONTEXT(2) 
PARAMETRIC_REPRESENTATION_CONTEXT() REPRESENTATION_CONTEXT('2D SPACE',''
  ) );
#10742 = ADVANCED_FACE('',(#10743),#6871,.F.);
#10743 = FACE_BOUND('',#10744,.F.);
#10744 = EDGE_LOOP('',(#10745,#10746,#10769,#10790));
#10745 = ORIENTED_EDGE('',*,*,#10722,.F.);
#10746 = ORIENTED_EDGE('',*,*,#10747,.F.);
#10747 = EDGE_CURVE('',#10748,#10697,#10750,.T.);
#10748 = VERTEX_POINT('',#10749);
#10749 = CARTESIAN_POINT('',(37.7,104.4,-7.6));
#10750 = SURFACE_CURVE('',#10751,(#10755,#10762),.PCURVE_S1.);
#10751 = LINE('',#10752,#10753);
#10752 = CARTESIAN_POINT('',(37.7,104.4,-7.6));
#10753 = VECTOR('',#10754,1.);
#10754 = DIRECTION('',(1.,0.,0.));
#10755 = PCURVE('',#6871,#10756);
#10756 = DEFINITIONAL_REPRESENTATION('',(#10757),#10761);
#10757 = LINE('',#10758,#10759);
#10758 = CARTESIAN_POINT('',(0.,0.));
#10759 = VECTOR('',#10760,1.);
#10760 = DIRECTION('',(0.,1.));
#10761 = ( GEOMETRIC_REPRESENTATION_CONTEXT(2) 
PARAMETRIC_REPRESENTATION_CONTEXT() REPRESENTATION_CONTEXT('2D SPACE',''
  ) );
#10762 = PCURVE('',#10538,#10763);
#10763 = DEFINITIONAL_REPRESENTATION('',(#10764),#10768);
#10764 = LINE('',#10765,#10766);
#10765 = CARTESIAN_POINT('',(0.,1.6));
#10766 = VECTOR('',#10767,1.);
#10767 = DIRECTION('',(1.,0.));
#10768 = ( GEOMETRIC_REPRESENTATION_CONTEXT(2) 
PARAMETRIC_REPRESENTATION_CONTEXT() REPRESENTATION_CONTEXT('2D SPACE',''
  ) );
#10769 = ORIENTED_EDGE('',*,*,#10770,.T.);
#10770 = EDGE_CURVE('',#10748,#6824,#10771,.T.);
#10771 = SURFACE_CURVE('',#10772,(#10776,#10783),.PCURVE_S1.);
#10772 = LINE('',#10773,#10774);
#10773 = CARTESIAN_POINT('',(37.7,104.4,-7.6));
#10774 = VECTOR('',#10775,1.);
#10775 = DIRECTION('',(0.,0.,1.));
#10776 = PCURVE('',#6871,#10777);
#10777 = DEFINITIONAL_REPRESENTATION('',(#10778),#10782);
#10778 = LINE('',#10779,#10780);
#10779 = CARTESIAN_POINT('',(0.,0.));
#10780 = VECTOR('',#10781,1.);
#10781 = DIRECTION('',(1.,0.));
#10782 = ( GEOMETRIC_REPRESENTATION_CONTEXT(2) 
PARAMETRIC_REPRESENTATION_CONTEXT() REPRESENTATION_CONTEXT('2D SPACE',''
  ) );
#10783 = PCURVE('',#6844,#10784);
#10784 = DEFINITIONAL_REPRESENTATION('',(#10785),#10789);
#10785 = LINE('',#10786,#10787);
#10786 = CARTESIAN_POINT('',(-1.570796326795,0.));
#10787 = VECTOR('',#10788,1.);
#10788 = DIRECTION('',(-0.,-1.));
#10789 = ( GEOMETRIC_REPRESENTATION_CONTEXT(2) 
PARAMETRIC_REPRESENTATION_CONTEXT() REPRESENTATION_CONTEXT('2D SPACE',''
  ) );
#10790 = ORIENTED_EDGE('',*,*,#6856,.F.);
#10791 = ADVANCED_FACE('',(#10792),#6844,.F.);
#10792 = FACE_BOUND('',#10793,.T.);
#10793 = EDGE_LOOP('',(#10794,#10818,#10819,#10820));
#10794 = ORIENTED_EDGE('',*,*,#10795,.F.);
#10795 = EDGE_CURVE('',#10748,#10796,#10798,.T.);
#10796 = VERTEX_POINT('',#10797);
#10797 = CARTESIAN_POINT('',(36.5,103.2,-7.6));
#10798 = SURFACE_CURVE('',#10799,(#10804,#10811),.PCURVE_S1.);
#10799 = CIRCLE('',#10800,1.2);
#10800 = AXIS2_PLACEMENT_3D('',#10801,#10802,#10803);
#10801 = CARTESIAN_POINT('',(37.7,103.2,-7.6));
#10802 = DIRECTION('',(0.,0.,1.));
#10803 = DIRECTION('',(1.,0.,0.));
#10804 = PCURVE('',#6844,#10805);
#10805 = DEFINITIONAL_REPRESENTATION('',(#10806),#10810);
#10806 = LINE('',#10807,#10808);
#10807 = CARTESIAN_POINT('',(-0.,0.));
#10808 = VECTOR('',#10809,1.);
#10809 = DIRECTION('',(-1.,0.));
#10810 = ( GEOMETRIC_REPRESENTATION_CONTEXT(2) 
PARAMETRIC_REPRESENTATION_CONTEXT() REPRESENTATION_CONTEXT('2D SPACE',''
  ) );
#10811 = PCURVE('',#10538,#10812);
#10812 = DEFINITIONAL_REPRESENTATION('',(#10813),#10817);
#10813 = CIRCLE('',#10814,1.2);
#10814 = AXIS2_PLACEMENT_2D('',#10815,#10816);
#10815 = CARTESIAN_POINT('',(0.,0.4));
#10816 = DIRECTION('',(1.,0.));
#10817 = ( GEOMETRIC_REPRESENTATION_CONTEXT(2) 
PARAMETRIC_REPRESENTATION_CONTEXT() REPRESENTATION_CONTEXT('2D SPACE',''
  ) );
#10818 = ORIENTED_EDGE('',*,*,#10770,.T.);
#10819 = ORIENTED_EDGE('',*,*,#6823,.F.);
#10820 = ORIENTED_EDGE('',*,*,#10821,.F.);
#10821 = EDGE_CURVE('',#10796,#6798,#10822,.T.);
#10822 = SURFACE_CURVE('',#10823,(#10827,#10834),.PCURVE_S1.);
#10823 = LINE('',#10824,#10825);
#10824 = CARTESIAN_POINT('',(36.5,103.2,-7.6));
#10825 = VECTOR('',#10826,1.);
#10826 = DIRECTION('',(0.,0.,1.));
#10827 = PCURVE('',#6844,#10828);
#10828 = DEFINITIONAL_REPRESENTATION('',(#10829),#10833);
#10829 = LINE('',#10830,#10831);
#10830 = CARTESIAN_POINT('',(-3.14159265359,0.));
#10831 = VECTOR('',#10832,1.);
#10832 = DIRECTION('',(-0.,-1.));
#10833 = ( GEOMETRIC_REPRESENTATION_CONTEXT(2) 
PARAMETRIC_REPRESENTATION_CONTEXT() REPRESENTATION_CONTEXT('2D SPACE',''
  ) );
#10834 = PCURVE('',#6812,#10835);
#10835 = DEFINITIONAL_REPRESENTATION('',(#10836),#10840);
#10836 = LINE('',#10837,#10838);
#10837 = CARTESIAN_POINT('',(0.,-0.4));
#10838 = VECTOR('',#10839,1.);
#10839 = DIRECTION('',(1.,0.));
#10840 = ( GEOMETRIC_REPRESENTATION_CONTEXT(2) 
PARAMETRIC_REPRESENTATION_CONTEXT() REPRESENTATION_CONTEXT('2D SPACE',''
  ) );
#10841 = ADVANCED_FACE('',(#10842),#6812,.T.);
#10842 = FACE_BOUND('',#10843,.T.);
#10843 = EDGE_LOOP('',(#10844,#10867,#10888,#10889));
#10844 = ORIENTED_EDGE('',*,*,#10845,.F.);
#10845 = EDGE_CURVE('',#10846,#6765,#10848,.T.);
#10846 = VERTEX_POINT('',#10847);
#10847 = CARTESIAN_POINT('',(36.5,102.8,-7.6));
#10848 = SURFACE_CURVE('',#10849,(#10853,#10860),.PCURVE_S1.);
#10849 = LINE('',#10850,#10851);
#10850 = CARTESIAN_POINT('',(36.5,102.8,-7.6));
#10851 = VECTOR('',#10852,1.);
#10852 = DIRECTION('',(0.,0.,1.));
#10853 = PCURVE('',#6812,#10854);
#10854 = DEFINITIONAL_REPRESENTATION('',(#10855),#10859);
#10855 = LINE('',#10856,#10857);
#10856 = CARTESIAN_POINT('',(0.,0.));
#10857 = VECTOR('',#10858,1.);
#10858 = DIRECTION('',(1.,0.));
#10859 = ( GEOMETRIC_REPRESENTATION_CONTEXT(2) 
PARAMETRIC_REPRESENTATION_CONTEXT() REPRESENTATION_CONTEXT('2D SPACE',''
  ) );
#10860 = PCURVE('',#6785,#10861);
#10861 = DEFINITIONAL_REPRESENTATION('',(#10862),#10866);
#10862 = LINE('',#10863,#10864);
#10863 = CARTESIAN_POINT('',(-3.14159265359,0.));
#10864 = VECTOR('',#10865,1.);
#10865 = DIRECTION('',(-0.,-1.));
#10866 = ( GEOMETRIC_REPRESENTATION_CONTEXT(2) 
PARAMETRIC_REPRESENTATION_CONTEXT() REPRESENTATION_CONTEXT('2D SPACE',''
  ) );
#10867 = ORIENTED_EDGE('',*,*,#10868,.T.);
#10868 = EDGE_CURVE('',#10846,#10796,#10869,.T.);
#10869 = SURFACE_CURVE('',#10870,(#10874,#10881),.PCURVE_S1.);
#10870 = LINE('',#10871,#10872);
#10871 = CARTESIAN_POINT('',(36.5,102.8,-7.6));
#10872 = VECTOR('',#10873,1.);
#10873 = DIRECTION('',(0.,1.,0.));
#10874 = PCURVE('',#6812,#10875);
#10875 = DEFINITIONAL_REPRESENTATION('',(#10876),#10880);
#10876 = LINE('',#10877,#10878);
#10877 = CARTESIAN_POINT('',(0.,0.));
#10878 = VECTOR('',#10879,1.);
#10879 = DIRECTION('',(0.,-1.));
#10880 = ( GEOMETRIC_REPRESENTATION_CONTEXT(2) 
PARAMETRIC_REPRESENTATION_CONTEXT() REPRESENTATION_CONTEXT('2D SPACE',''
  ) );
#10881 = PCURVE('',#10538,#10882);
#10882 = DEFINITIONAL_REPRESENTATION('',(#10883),#10887);
#10883 = LINE('',#10884,#10885);
#10884 = CARTESIAN_POINT('',(-1.2,0.));
#10885 = VECTOR('',#10886,1.);
#10886 = DIRECTION('',(0.,1.));
#10887 = ( GEOMETRIC_REPRESENTATION_CONTEXT(2) 
PARAMETRIC_REPRESENTATION_CONTEXT() REPRESENTATION_CONTEXT('2D SPACE',''
  ) );
#10888 = ORIENTED_EDGE('',*,*,#10821,.T.);
#10889 = ORIENTED_EDGE('',*,*,#6797,.F.);
#10890 = ADVANCED_FACE('',(#10891),#6785,.F.);
#10891 = FACE_BOUND('',#10892,.T.);
#10892 = EDGE_LOOP('',(#10893,#10894,#10916,#10917));
#10893 = ORIENTED_EDGE('',*,*,#10550,.F.);
#10894 = ORIENTED_EDGE('',*,*,#10895,.F.);
#10895 = EDGE_CURVE('',#10846,#10523,#10896,.T.);
#10896 = SURFACE_CURVE('',#10897,(#10902,#10909),.PCURVE_S1.);
#10897 = CIRCLE('',#10898,1.2);
#10898 = AXIS2_PLACEMENT_3D('',#10899,#10900,#10901);
#10899 = CARTESIAN_POINT('',(37.7,102.8,-7.6));
#10900 = DIRECTION('',(0.,0.,1.));
#10901 = DIRECTION('',(1.,0.,0.));
#10902 = PCURVE('',#6785,#10903);
#10903 = DEFINITIONAL_REPRESENTATION('',(#10904),#10908);
#10904 = LINE('',#10905,#10906);
#10905 = CARTESIAN_POINT('',(-0.,0.));
#10906 = VECTOR('',#10907,1.);
#10907 = DIRECTION('',(-1.,0.));
#10908 = ( GEOMETRIC_REPRESENTATION_CONTEXT(2) 
PARAMETRIC_REPRESENTATION_CONTEXT() REPRESENTATION_CONTEXT('2D SPACE',''
  ) );
#10909 = PCURVE('',#10538,#10910);
#10910 = DEFINITIONAL_REPRESENTATION('',(#10911),#10915);
#10911 = CIRCLE('',#10912,1.2);
#10912 = AXIS2_PLACEMENT_2D('',#10913,#10914);
#10913 = CARTESIAN_POINT('',(0.,0.));
#10914 = DIRECTION('',(1.,0.));
#10915 = ( GEOMETRIC_REPRESENTATION_CONTEXT(2) 
PARAMETRIC_REPRESENTATION_CONTEXT() REPRESENTATION_CONTEXT('2D SPACE',''
  ) );
#10916 = ORIENTED_EDGE('',*,*,#10845,.T.);
#10917 = ORIENTED_EDGE('',*,*,#6764,.F.);
#10918 = ADVANCED_FACE('',(#10919),#7019,.T.);
#10919 = FACE_BOUND('',#10920,.T.);
#10920 = EDGE_LOOP('',(#10921,#10945,#10973,#11002,#11030,#11059,#11087,
    #11109));
#10921 = ORIENTED_EDGE('',*,*,#10922,.T.);
#10922 = EDGE_CURVE('',#7003,#10923,#10925,.T.);
#10923 = VERTEX_POINT('',#10924);
#10924 = CARTESIAN_POINT('',(62.3,28.5,-8.E-02));
#10925 = SURFACE_CURVE('',#10926,(#10931,#10938),.PCURVE_S1.);
#10926 = CIRCLE('',#10927,0.7);
#10927 = AXIS2_PLACEMENT_3D('',#10928,#10929,#10930);
#10928 = CARTESIAN_POINT('',(62.3,27.8,-8.E-02));
#10929 = DIRECTION('',(0.,0.,1.));
#10930 = DIRECTION('',(1.,0.,0.));
#10931 = PCURVE('',#7019,#10932);
#10932 = DEFINITIONAL_REPRESENTATION('',(#10933),#10937);
#10933 = CIRCLE('',#10934,0.7);
#10934 = AXIS2_PLACEMENT_2D('',#10935,#10936);
#10935 = CARTESIAN_POINT('',(5.,16.3));
#10936 = DIRECTION('',(1.,0.));
#10937 = ( GEOMETRIC_REPRESENTATION_CONTEXT(2) 
PARAMETRIC_REPRESENTATION_CONTEXT() REPRESENTATION_CONTEXT('2D SPACE',''
  ) );
#10938 = PCURVE('',#7045,#10939);
#10939 = DEFINITIONAL_REPRESENTATION('',(#10940),#10944);
#10940 = LINE('',#10941,#10942);
#10941 = CARTESIAN_POINT('',(-0.,-0.92));
#10942 = VECTOR('',#10943,1.);
#10943 = DIRECTION('',(-1.,0.));
#10944 = ( GEOMETRIC_REPRESENTATION_CONTEXT(2) 
PARAMETRIC_REPRESENTATION_CONTEXT() REPRESENTATION_CONTEXT('2D SPACE',''
  ) );
#10945 = ORIENTED_EDGE('',*,*,#10946,.F.);
#10946 = EDGE_CURVE('',#10947,#10923,#10949,.T.);
#10947 = VERTEX_POINT('',#10948);
#10948 = CARTESIAN_POINT('',(57.3,28.5,-8.E-02));
#10949 = SURFACE_CURVE('',#10950,(#10954,#10961),.PCURVE_S1.);
#10950 = LINE('',#10951,#10952);
#10951 = CARTESIAN_POINT('',(57.3,28.5,-8.E-02));
#10952 = VECTOR('',#10953,1.);
#10953 = DIRECTION('',(1.,0.,0.));
#10954 = PCURVE('',#7019,#10955);
#10955 = DEFINITIONAL_REPRESENTATION('',(#10956),#10960);
#10956 = LINE('',#10957,#10958);
#10957 = CARTESIAN_POINT('',(0.,17.));
#10958 = VECTOR('',#10959,1.);
#10959 = DIRECTION('',(1.,0.));
#10960 = ( GEOMETRIC_REPRESENTATION_CONTEXT(2) 
PARAMETRIC_REPRESENTATION_CONTEXT() REPRESENTATION_CONTEXT('2D SPACE',''
  ) );
#10961 = PCURVE('',#10962,#10967);
#10962 = PLANE('',#10963);
#10963 = AXIS2_PLACEMENT_3D('',#10964,#10965,#10966);
#10964 = CARTESIAN_POINT('',(57.3,28.5,-1.));
#10965 = DIRECTION('',(0.,1.,0.));
#10966 = DIRECTION('',(0.,0.,1.));
#10967 = DEFINITIONAL_REPRESENTATION('',(#10968),#10972);
#10968 = LINE('',#10969,#10970);
#10969 = CARTESIAN_POINT('',(0.92,0.));
#10970 = VECTOR('',#10971,1.);
#10971 = DIRECTION('',(0.,1.));
#10972 = ( GEOMETRIC_REPRESENTATION_CONTEXT(2) 
PARAMETRIC_REPRESENTATION_CONTEXT() REPRESENTATION_CONTEXT('2D SPACE',''
  ) );
#10973 = ORIENTED_EDGE('',*,*,#10974,.T.);
#10974 = EDGE_CURVE('',#10947,#10975,#10977,.T.);
#10975 = VERTEX_POINT('',#10976);
#10976 = CARTESIAN_POINT('',(56.6,27.8,-8.E-02));
#10977 = SURFACE_CURVE('',#10978,(#10983,#10990),.PCURVE_S1.);
#10978 = CIRCLE('',#10979,0.7);
#10979 = AXIS2_PLACEMENT_3D('',#10980,#10981,#10982);
#10980 = CARTESIAN_POINT('',(57.3,27.8,-8.E-02));
#10981 = DIRECTION('',(0.,0.,1.));
#10982 = DIRECTION('',(1.,0.,0.));
#10983 = PCURVE('',#7019,#10984);
#10984 = DEFINITIONAL_REPRESENTATION('',(#10985),#10989);
#10985 = CIRCLE('',#10986,0.7);
#10986 = AXIS2_PLACEMENT_2D('',#10987,#10988);
#10987 = CARTESIAN_POINT('',(0.,16.3));
#10988 = DIRECTION('',(1.,0.));
#10989 = ( GEOMETRIC_REPRESENTATION_CONTEXT(2) 
PARAMETRIC_REPRESENTATION_CONTEXT() REPRESENTATION_CONTEXT('2D SPACE',''
  ) );
#10990 = PCURVE('',#10991,#10996);
#10991 = CYLINDRICAL_SURFACE('',#10992,0.7);
#10992 = AXIS2_PLACEMENT_3D('',#10993,#10994,#10995);
#10993 = CARTESIAN_POINT('',(57.3,27.8,-1.));
#10994 = DIRECTION('',(-0.,-0.,-1.));
#10995 = DIRECTION('',(1.,0.,0.));
#10996 = DEFINITIONAL_REPRESENTATION('',(#10997),#11001);
#10997 = LINE('',#10998,#10999);
#10998 = CARTESIAN_POINT('',(-0.,-0.92));
#10999 = VECTOR('',#11000,1.);
#11000 = DIRECTION('',(-1.,0.));
#11001 = ( GEOMETRIC_REPRESENTATION_CONTEXT(2) 
PARAMETRIC_REPRESENTATION_CONTEXT() REPRESENTATION_CONTEXT('2D SPACE',''
  ) );
#11002 = ORIENTED_EDGE('',*,*,#11003,.F.);
#11003 = EDGE_CURVE('',#11004,#10975,#11006,.T.);
#11004 = VERTEX_POINT('',#11005);
#11005 = CARTESIAN_POINT('',(56.6,12.2,-8.E-02));
#11006 = SURFACE_CURVE('',#11007,(#11011,#11018),.PCURVE_S1.);
#11007 = LINE('',#11008,#11009);
#11008 = CARTESIAN_POINT('',(56.6,12.2,-8.E-02));
#11009 = VECTOR('',#11010,1.);
#11010 = DIRECTION('',(0.,1.,0.));
#11011 = PCURVE('',#7019,#11012);
#11012 = DEFINITIONAL_REPRESENTATION('',(#11013),#11017);
#11013 = LINE('',#11014,#11015);
#11014 = CARTESIAN_POINT('',(-0.7,0.7));
#11015 = VECTOR('',#11016,1.);
#11016 = DIRECTION('',(0.,1.));
#11017 = ( GEOMETRIC_REPRESENTATION_CONTEXT(2) 
PARAMETRIC_REPRESENTATION_CONTEXT() REPRESENTATION_CONTEXT('2D SPACE',''
  ) );
#11018 = PCURVE('',#11019,#11024);
#11019 = PLANE('',#11020);
#11020 = AXIS2_PLACEMENT_3D('',#11021,#11022,#11023);
#11021 = CARTESIAN_POINT('',(56.6,12.2,-1.));
#11022 = DIRECTION('',(1.,0.,0.));
#11023 = DIRECTION('',(0.,0.,1.));
#11024 = DEFINITIONAL_REPRESENTATION('',(#11025),#11029);
#11025 = LINE('',#11026,#11027);
#11026 = CARTESIAN_POINT('',(0.92,0.));
#11027 = VECTOR('',#11028,1.);
#11028 = DIRECTION('',(0.,-1.));
#11029 = ( GEOMETRIC_REPRESENTATION_CONTEXT(2) 
PARAMETRIC_REPRESENTATION_CONTEXT() REPRESENTATION_CONTEXT('2D SPACE',''
  ) );
#11030 = ORIENTED_EDGE('',*,*,#11031,.T.);
#11031 = EDGE_CURVE('',#11004,#11032,#11034,.T.);
#11032 = VERTEX_POINT('',#11033);
#11033 = CARTESIAN_POINT('',(57.3,11.5,-8.E-02));
#11034 = SURFACE_CURVE('',#11035,(#11040,#11047),.PCURVE_S1.);
#11035 = CIRCLE('',#11036,0.7);
#11036 = AXIS2_PLACEMENT_3D('',#11037,#11038,#11039);
#11037 = CARTESIAN_POINT('',(57.3,12.2,-8.E-02));
#11038 = DIRECTION('',(0.,0.,1.));
#11039 = DIRECTION('',(1.,0.,0.));
#11040 = PCURVE('',#7019,#11041);
#11041 = DEFINITIONAL_REPRESENTATION('',(#11042),#11046);
#11042 = CIRCLE('',#11043,0.7);
#11043 = AXIS2_PLACEMENT_2D('',#11044,#11045);
#11044 = CARTESIAN_POINT('',(0.,0.7));
#11045 = DIRECTION('',(1.,0.));
#11046 = ( GEOMETRIC_REPRESENTATION_CONTEXT(2) 
PARAMETRIC_REPRESENTATION_CONTEXT() REPRESENTATION_CONTEXT('2D SPACE',''
  ) );
#11047 = PCURVE('',#11048,#11053);
#11048 = CYLINDRICAL_SURFACE('',#11049,0.7);
#11049 = AXIS2_PLACEMENT_3D('',#11050,#11051,#11052);
#11050 = CARTESIAN_POINT('',(57.3,12.2,-1.));
#11051 = DIRECTION('',(-0.,-0.,-1.));
#11052 = DIRECTION('',(1.,0.,0.));
#11053 = DEFINITIONAL_REPRESENTATION('',(#11054),#11058);
#11054 = LINE('',#11055,#11056);
#11055 = CARTESIAN_POINT('',(-0.,-0.92));
#11056 = VECTOR('',#11057,1.);
#11057 = DIRECTION('',(-1.,0.));
#11058 = ( GEOMETRIC_REPRESENTATION_CONTEXT(2) 
PARAMETRIC_REPRESENTATION_CONTEXT() REPRESENTATION_CONTEXT('2D SPACE',''
  ) );
#11059 = ORIENTED_EDGE('',*,*,#11060,.T.);
#11060 = EDGE_CURVE('',#11032,#11061,#11063,.T.);
#11061 = VERTEX_POINT('',#11062);
#11062 = CARTESIAN_POINT('',(62.3,11.5,-8.E-02));
#11063 = SURFACE_CURVE('',#11064,(#11068,#11075),.PCURVE_S1.);
#11064 = LINE('',#11065,#11066);
#11065 = CARTESIAN_POINT('',(57.3,11.5,-8.E-02));
#11066 = VECTOR('',#11067,1.);
#11067 = DIRECTION('',(1.,0.,0.));
#11068 = PCURVE('',#7019,#11069);
#11069 = DEFINITIONAL_REPRESENTATION('',(#11070),#11074);
#11070 = LINE('',#11071,#11072);
#11071 = CARTESIAN_POINT('',(0.,0.));
#11072 = VECTOR('',#11073,1.);
#11073 = DIRECTION('',(1.,0.));
#11074 = ( GEOMETRIC_REPRESENTATION_CONTEXT(2) 
PARAMETRIC_REPRESENTATION_CONTEXT() REPRESENTATION_CONTEXT('2D SPACE',''
  ) );
#11075 = PCURVE('',#11076,#11081);
#11076 = PLANE('',#11077);
#11077 = AXIS2_PLACEMENT_3D('',#11078,#11079,#11080);
#11078 = CARTESIAN_POINT('',(57.3,11.5,-1.));
#11079 = DIRECTION('',(0.,1.,0.));
#11080 = DIRECTION('',(0.,0.,1.));
#11081 = DEFINITIONAL_REPRESENTATION('',(#11082),#11086);
#11082 = LINE('',#11083,#11084);
#11083 = CARTESIAN_POINT('',(0.92,0.));
#11084 = VECTOR('',#11085,1.);
#11085 = DIRECTION('',(0.,1.));
#11086 = ( GEOMETRIC_REPRESENTATION_CONTEXT(2) 
PARAMETRIC_REPRESENTATION_CONTEXT() REPRESENTATION_CONTEXT('2D SPACE',''
  ) );
#11087 = ORIENTED_EDGE('',*,*,#11088,.T.);
#11088 = EDGE_CURVE('',#11061,#7005,#11089,.T.);
#11089 = SURFACE_CURVE('',#11090,(#11095,#11102),.PCURVE_S1.);
#11090 = CIRCLE('',#11091,0.7);
#11091 = AXIS2_PLACEMENT_3D('',#11092,#11093,#11094);
#11092 = CARTESIAN_POINT('',(62.3,12.2,-8.E-02));
#11093 = DIRECTION('',(0.,0.,1.));
#11094 = DIRECTION('',(1.,0.,0.));
#11095 = PCURVE('',#7019,#11096);
#11096 = DEFINITIONAL_REPRESENTATION('',(#11097),#11101);
#11097 = CIRCLE('',#11098,0.7);
#11098 = AXIS2_PLACEMENT_2D('',#11099,#11100);
#11099 = CARTESIAN_POINT('',(5.,0.7));
#11100 = DIRECTION('',(1.,0.));
#11101 = ( GEOMETRIC_REPRESENTATION_CONTEXT(2) 
PARAMETRIC_REPRESENTATION_CONTEXT() REPRESENTATION_CONTEXT('2D SPACE',''
  ) );
#11102 = PCURVE('',#7095,#11103);
#11103 = DEFINITIONAL_REPRESENTATION('',(#11104),#11108);
#11104 = LINE('',#11105,#11106);
#11105 = CARTESIAN_POINT('',(-0.,-0.92));
#11106 = VECTOR('',#11107,1.);
#11107 = DIRECTION('',(-1.,0.));
#11108 = ( GEOMETRIC_REPRESENTATION_CONTEXT(2) 
PARAMETRIC_REPRESENTATION_CONTEXT() REPRESENTATION_CONTEXT('2D SPACE',''
  ) );
#11109 = ORIENTED_EDGE('',*,*,#7002,.F.);
#11110 = ADVANCED_FACE('',(#11111),#7095,.T.);
#11111 = FACE_BOUND('',#11112,.F.);
#11112 = EDGE_LOOP('',(#11113,#11114,#11138,#11159));
#11113 = ORIENTED_EDGE('',*,*,#7082,.T.);
#11114 = ORIENTED_EDGE('',*,*,#11115,.F.);
#11115 = EDGE_CURVE('',#11116,#7057,#11118,.T.);
#11116 = VERTEX_POINT('',#11117);
#11117 = CARTESIAN_POINT('',(62.3,11.5,-1.));
#11118 = SURFACE_CURVE('',#11119,(#11124,#11131),.PCURVE_S1.);
#11119 = CIRCLE('',#11120,0.7);
#11120 = AXIS2_PLACEMENT_3D('',#11121,#11122,#11123);
#11121 = CARTESIAN_POINT('',(62.3,12.2,-1.));
#11122 = DIRECTION('',(0.,0.,1.));
#11123 = DIRECTION('',(1.,0.,0.));
#11124 = PCURVE('',#7095,#11125);
#11125 = DEFINITIONAL_REPRESENTATION('',(#11126),#11130);
#11126 = LINE('',#11127,#11128);
#11127 = CARTESIAN_POINT('',(-0.,0.));
#11128 = VECTOR('',#11129,1.);
#11129 = DIRECTION('',(-1.,0.));
#11130 = ( GEOMETRIC_REPRESENTATION_CONTEXT(2) 
PARAMETRIC_REPRESENTATION_CONTEXT() REPRESENTATION_CONTEXT('2D SPACE',''
  ) );
#11131 = PCURVE('',#7071,#11132);
#11132 = DEFINITIONAL_REPRESENTATION('',(#11133),#11137);
#11133 = CIRCLE('',#11134,0.7);
#11134 = AXIS2_PLACEMENT_2D('',#11135,#11136);
#11135 = CARTESIAN_POINT('',(5.,0.));
#11136 = DIRECTION('',(1.,0.));
#11137 = ( GEOMETRIC_REPRESENTATION_CONTEXT(2) 
PARAMETRIC_REPRESENTATION_CONTEXT() REPRESENTATION_CONTEXT('2D SPACE',''
  ) );
#11138 = ORIENTED_EDGE('',*,*,#11139,.T.);
#11139 = EDGE_CURVE('',#11116,#11061,#11140,.T.);
#11140 = SURFACE_CURVE('',#11141,(#11145,#11152),.PCURVE_S1.);
#11141 = LINE('',#11142,#11143);
#11142 = CARTESIAN_POINT('',(62.3,11.5,-1.));
#11143 = VECTOR('',#11144,1.);
#11144 = DIRECTION('',(0.,0.,1.));
#11145 = PCURVE('',#7095,#11146);
#11146 = DEFINITIONAL_REPRESENTATION('',(#11147),#11151);
#11147 = LINE('',#11148,#11149);
#11148 = CARTESIAN_POINT('',(-4.712388980385,0.));
#11149 = VECTOR('',#11150,1.);
#11150 = DIRECTION('',(-0.,-1.));
#11151 = ( GEOMETRIC_REPRESENTATION_CONTEXT(2) 
PARAMETRIC_REPRESENTATION_CONTEXT() REPRESENTATION_CONTEXT('2D SPACE',''
  ) );
#11152 = PCURVE('',#11076,#11153);
#11153 = DEFINITIONAL_REPRESENTATION('',(#11154),#11158);
#11154 = LINE('',#11155,#11156);
#11155 = CARTESIAN_POINT('',(0.,5.));
#11156 = VECTOR('',#11157,1.);
#11157 = DIRECTION('',(1.,0.));
#11158 = ( GEOMETRIC_REPRESENTATION_CONTEXT(2) 
PARAMETRIC_REPRESENTATION_CONTEXT() REPRESENTATION_CONTEXT('2D SPACE',''
  ) );
#11159 = ORIENTED_EDGE('',*,*,#11088,.T.);
#11160 = ADVANCED_FACE('',(#11161),#7071,.F.);
#11161 = FACE_BOUND('',#11162,.F.);
#11162 = EDGE_LOOP('',(#11163,#11187,#11210,#11234,#11257,#11281,#11302,
    #11303));
#11163 = ORIENTED_EDGE('',*,*,#11164,.T.);
#11164 = EDGE_CURVE('',#7031,#11165,#11167,.T.);
#11165 = VERTEX_POINT('',#11166);
#11166 = CARTESIAN_POINT('',(62.3,28.5,-1.));
#11167 = SURFACE_CURVE('',#11168,(#11173,#11180),.PCURVE_S1.);
#11168 = CIRCLE('',#11169,0.7);
#11169 = AXIS2_PLACEMENT_3D('',#11170,#11171,#11172);
#11170 = CARTESIAN_POINT('',(62.3,27.8,-1.));
#11171 = DIRECTION('',(0.,0.,1.));
#11172 = DIRECTION('',(1.,0.,0.));
#11173 = PCURVE('',#7071,#11174);
#11174 = DEFINITIONAL_REPRESENTATION('',(#11175),#11179);
#11175 = CIRCLE('',#11176,0.7);
#11176 = AXIS2_PLACEMENT_2D('',#11177,#11178);
#11177 = CARTESIAN_POINT('',(5.,15.6));
#11178 = DIRECTION('',(1.,0.));
#11179 = ( GEOMETRIC_REPRESENTATION_CONTEXT(2) 
PARAMETRIC_REPRESENTATION_CONTEXT() REPRESENTATION_CONTEXT('2D SPACE',''
  ) );
#11180 = PCURVE('',#7045,#11181);
#11181 = DEFINITIONAL_REPRESENTATION('',(#11182),#11186);
#11182 = LINE('',#11183,#11184);
#11183 = CARTESIAN_POINT('',(-0.,0.));
#11184 = VECTOR('',#11185,1.);
#11185 = DIRECTION('',(-1.,0.));
#11186 = ( GEOMETRIC_REPRESENTATION_CONTEXT(2) 
PARAMETRIC_REPRESENTATION_CONTEXT() REPRESENTATION_CONTEXT('2D SPACE',''
  ) );
#11187 = ORIENTED_EDGE('',*,*,#11188,.F.);
#11188 = EDGE_CURVE('',#11189,#11165,#11191,.T.);
#11189 = VERTEX_POINT('',#11190);
#11190 = CARTESIAN_POINT('',(57.3,28.5,-1.));
#11191 = SURFACE_CURVE('',#11192,(#11196,#11203),.PCURVE_S1.);
#11192 = LINE('',#11193,#11194);
#11193 = CARTESIAN_POINT('',(57.3,28.5,-1.));
#11194 = VECTOR('',#11195,1.);
#11195 = DIRECTION('',(1.,0.,0.));
#11196 = PCURVE('',#7071,#11197);
#11197 = DEFINITIONAL_REPRESENTATION('',(#11198),#11202);
#11198 = LINE('',#11199,#11200);
#11199 = CARTESIAN_POINT('',(0.,16.3));
#11200 = VECTOR('',#11201,1.);
#11201 = DIRECTION('',(1.,0.));
#11202 = ( GEOMETRIC_REPRESENTATION_CONTEXT(2) 
PARAMETRIC_REPRESENTATION_CONTEXT() REPRESENTATION_CONTEXT('2D SPACE',''
  ) );
#11203 = PCURVE('',#10962,#11204);
#11204 = DEFINITIONAL_REPRESENTATION('',(#11205),#11209);
#11205 = LINE('',#11206,#11207);
#11206 = CARTESIAN_POINT('',(0.,0.));
#11207 = VECTOR('',#11208,1.);
#11208 = DIRECTION('',(0.,1.));
#11209 = ( GEOMETRIC_REPRESENTATION_CONTEXT(2) 
PARAMETRIC_REPRESENTATION_CONTEXT() REPRESENTATION_CONTEXT('2D SPACE',''
  ) );
#11210 = ORIENTED_EDGE('',*,*,#11211,.T.);
#11211 = EDGE_CURVE('',#11189,#11212,#11214,.T.);
#11212 = VERTEX_POINT('',#11213);
#11213 = CARTESIAN_POINT('',(56.6,27.8,-1.));
#11214 = SURFACE_CURVE('',#11215,(#11220,#11227),.PCURVE_S1.);
#11215 = CIRCLE('',#11216,0.7);
#11216 = AXIS2_PLACEMENT_3D('',#11217,#11218,#11219);
#11217 = CARTESIAN_POINT('',(57.3,27.8,-1.));
#11218 = DIRECTION('',(0.,0.,1.));
#11219 = DIRECTION('',(1.,0.,0.));
#11220 = PCURVE('',#7071,#11221);
#11221 = DEFINITIONAL_REPRESENTATION('',(#11222),#11226);
#11222 = CIRCLE('',#11223,0.7);
#11223 = AXIS2_PLACEMENT_2D('',#11224,#11225);
#11224 = CARTESIAN_POINT('',(0.,15.6));
#11225 = DIRECTION('',(1.,0.));
#11226 = ( GEOMETRIC_REPRESENTATION_CONTEXT(2) 
PARAMETRIC_REPRESENTATION_CONTEXT() REPRESENTATION_CONTEXT('2D SPACE',''
  ) );
#11227 = PCURVE('',#10991,#11228);
#11228 = DEFINITIONAL_REPRESENTATION('',(#11229),#11233);
#11229 = LINE('',#11230,#11231);
#11230 = CARTESIAN_POINT('',(-0.,0.));
#11231 = VECTOR('',#11232,1.);
#11232 = DIRECTION('',(-1.,0.));
#11233 = ( GEOMETRIC_REPRESENTATION_CONTEXT(2) 
PARAMETRIC_REPRESENTATION_CONTEXT() REPRESENTATION_CONTEXT('2D SPACE',''
  ) );
#11234 = ORIENTED_EDGE('',*,*,#11235,.F.);
#11235 = EDGE_CURVE('',#11236,#11212,#11238,.T.);
#11236 = VERTEX_POINT('',#11237);
#11237 = CARTESIAN_POINT('',(56.6,12.2,-1.));
#11238 = SURFACE_CURVE('',#11239,(#11243,#11250),.PCURVE_S1.);
#11239 = LINE('',#11240,#11241);
#11240 = CARTESIAN_POINT('',(56.6,12.2,-1.));
#11241 = VECTOR('',#11242,1.);
#11242 = DIRECTION('',(0.,1.,0.));
#11243 = PCURVE('',#7071,#11244);
#11244 = DEFINITIONAL_REPRESENTATION('',(#11245),#11249);
#11245 = LINE('',#11246,#11247);
#11246 = CARTESIAN_POINT('',(-0.7,0.));
#11247 = VECTOR('',#11248,1.);
#11248 = DIRECTION('',(0.,1.));
#11249 = ( GEOMETRIC_REPRESENTATION_CONTEXT(2) 
PARAMETRIC_REPRESENTATION_CONTEXT() REPRESENTATION_CONTEXT('2D SPACE',''
  ) );
#11250 = PCURVE('',#11019,#11251);
#11251 = DEFINITIONAL_REPRESENTATION('',(#11252),#11256);
#11252 = LINE('',#11253,#11254);
#11253 = CARTESIAN_POINT('',(0.,0.));
#11254 = VECTOR('',#11255,1.);
#11255 = DIRECTION('',(0.,-1.));
#11256 = ( GEOMETRIC_REPRESENTATION_CONTEXT(2) 
PARAMETRIC_REPRESENTATION_CONTEXT() REPRESENTATION_CONTEXT('2D SPACE',''
  ) );
#11257 = ORIENTED_EDGE('',*,*,#11258,.T.);
#11258 = EDGE_CURVE('',#11236,#11259,#11261,.T.);
#11259 = VERTEX_POINT('',#11260);
#11260 = CARTESIAN_POINT('',(57.3,11.5,-1.));
#11261 = SURFACE_CURVE('',#11262,(#11267,#11274),.PCURVE_S1.);
#11262 = CIRCLE('',#11263,0.7);
#11263 = AXIS2_PLACEMENT_3D('',#11264,#11265,#11266);
#11264 = CARTESIAN_POINT('',(57.3,12.2,-1.));
#11265 = DIRECTION('',(0.,0.,1.));
#11266 = DIRECTION('',(1.,0.,0.));
#11267 = PCURVE('',#7071,#11268);
#11268 = DEFINITIONAL_REPRESENTATION('',(#11269),#11273);
#11269 = CIRCLE('',#11270,0.7);
#11270 = AXIS2_PLACEMENT_2D('',#11271,#11272);
#11271 = CARTESIAN_POINT('',(0.,0.));
#11272 = DIRECTION('',(1.,0.));
#11273 = ( GEOMETRIC_REPRESENTATION_CONTEXT(2) 
PARAMETRIC_REPRESENTATION_CONTEXT() REPRESENTATION_CONTEXT('2D SPACE',''
  ) );
#11274 = PCURVE('',#11048,#11275);
#11275 = DEFINITIONAL_REPRESENTATION('',(#11276),#11280);
#11276 = LINE('',#11277,#11278);
#11277 = CARTESIAN_POINT('',(-0.,0.));
#11278 = VECTOR('',#11279,1.);
#11279 = DIRECTION('',(-1.,0.));
#11280 = ( GEOMETRIC_REPRESENTATION_CONTEXT(2) 
PARAMETRIC_REPRESENTATION_CONTEXT() REPRESENTATION_CONTEXT('2D SPACE',''
  ) );
#11281 = ORIENTED_EDGE('',*,*,#11282,.T.);
#11282 = EDGE_CURVE('',#11259,#11116,#11283,.T.);
#11283 = SURFACE_CURVE('',#11284,(#11288,#11295),.PCURVE_S1.);
#11284 = LINE('',#11285,#11286);
#11285 = CARTESIAN_POINT('',(57.3,11.5,-1.));
#11286 = VECTOR('',#11287,1.);
#11287 = DIRECTION('',(1.,0.,0.));
#11288 = PCURVE('',#7071,#11289);
#11289 = DEFINITIONAL_REPRESENTATION('',(#11290),#11294);
#11290 = LINE('',#11291,#11292);
#11291 = CARTESIAN_POINT('',(0.,-0.7));
#11292 = VECTOR('',#11293,1.);
#11293 = DIRECTION('',(1.,0.));
#11294 = ( GEOMETRIC_REPRESENTATION_CONTEXT(2) 
PARAMETRIC_REPRESENTATION_CONTEXT() REPRESENTATION_CONTEXT('2D SPACE',''
  ) );
#11295 = PCURVE('',#11076,#11296);
#11296 = DEFINITIONAL_REPRESENTATION('',(#11297),#11301);
#11297 = LINE('',#11298,#11299);
#11298 = CARTESIAN_POINT('',(0.,0.));
#11299 = VECTOR('',#11300,1.);
#11300 = DIRECTION('',(0.,1.));
#11301 = ( GEOMETRIC_REPRESENTATION_CONTEXT(2) 
PARAMETRIC_REPRESENTATION_CONTEXT() REPRESENTATION_CONTEXT('2D SPACE',''
  ) );
#11302 = ORIENTED_EDGE('',*,*,#11115,.T.);
#11303 = ORIENTED_EDGE('',*,*,#7056,.F.);
#11304 = ADVANCED_FACE('',(#11305),#7045,.T.);
#11305 = FACE_BOUND('',#11306,.F.);
#11306 = EDGE_LOOP('',(#11307,#11308,#11309,#11310));
#11307 = ORIENTED_EDGE('',*,*,#11164,.F.);
#11308 = ORIENTED_EDGE('',*,*,#7030,.F.);
#11309 = ORIENTED_EDGE('',*,*,#10922,.T.);
#11310 = ORIENTED_EDGE('',*,*,#11311,.F.);
#11311 = EDGE_CURVE('',#11165,#10923,#11312,.T.);
#11312 = SURFACE_CURVE('',#11313,(#11317,#11324),.PCURVE_S1.);
#11313 = LINE('',#11314,#11315);
#11314 = CARTESIAN_POINT('',(62.3,28.5,-1.));
#11315 = VECTOR('',#11316,1.);
#11316 = DIRECTION('',(0.,0.,1.));
#11317 = PCURVE('',#7045,#11318);
#11318 = DEFINITIONAL_REPRESENTATION('',(#11319),#11323);
#11319 = LINE('',#11320,#11321);
#11320 = CARTESIAN_POINT('',(-1.570796326795,0.));
#11321 = VECTOR('',#11322,1.);
#11322 = DIRECTION('',(-0.,-1.));
#11323 = ( GEOMETRIC_REPRESENTATION_CONTEXT(2) 
PARAMETRIC_REPRESENTATION_CONTEXT() REPRESENTATION_CONTEXT('2D SPACE',''
  ) );
#11324 = PCURVE('',#10962,#11325);
#11325 = DEFINITIONAL_REPRESENTATION('',(#11326),#11330);
#11326 = LINE('',#11327,#11328);
#11327 = CARTESIAN_POINT('',(0.,5.));
#11328 = VECTOR('',#11329,1.);
#11329 = DIRECTION('',(1.,0.));
#11330 = ( GEOMETRIC_REPRESENTATION_CONTEXT(2) 
PARAMETRIC_REPRESENTATION_CONTEXT() REPRESENTATION_CONTEXT('2D SPACE',''
  ) );
#11331 = ADVANCED_FACE('',(#11332),#7187,.F.);
#11332 = FACE_BOUND('',#11333,.T.);
#11333 = EDGE_LOOP('',(#11334,#11335,#11336,#11337));
#11334 = ORIENTED_EDGE('',*,*,#7470,.F.);
#11335 = ORIENTED_EDGE('',*,*,#7599,.T.);
#11336 = ORIENTED_EDGE('',*,*,#7166,.T.);
#11337 = ORIENTED_EDGE('',*,*,#7355,.F.);
#11338 = ADVANCED_FACE('',(#11339),#7264,.T.);
#11339 = FACE_BOUND('',#11340,.T.);
#11340 = EDGE_LOOP('',(#11341,#11342,#11343));
#11341 = ORIENTED_EDGE('',*,*,#7624,.F.);
#11342 = ORIENTED_EDGE('',*,*,#7247,.T.);
#11343 = ORIENTED_EDGE('',*,*,#7552,.F.);
#11344 = ADVANCED_FACE('',(#11345),#7709,.F.);
#11345 = FACE_BOUND('',#11346,.T.);
#11346 = EDGE_LOOP('',(#11347,#11375,#11396,#11397));
#11347 = ORIENTED_EDGE('',*,*,#11348,.F.);
#11348 = EDGE_CURVE('',#11349,#7669,#11351,.T.);
#11349 = VERTEX_POINT('',#11350);
#11350 = CARTESIAN_POINT('',(-1.525,99.005,1.5));
#11351 = SURFACE_CURVE('',#11352,(#11357,#11364),.PCURVE_S1.);
#11352 = CIRCLE('',#11353,8.02);
#11353 = AXIS2_PLACEMENT_3D('',#11354,#11355,#11356);
#11354 = CARTESIAN_POINT('',(6.495,99.005,1.5));
#11355 = DIRECTION('',(0.,0.,-1.));
#11356 = DIRECTION('',(1.,0.,0.));
#11357 = PCURVE('',#7709,#11358);
#11358 = DEFINITIONAL_REPRESENTATION('',(#11359),#11363);
#11359 = LINE('',#11360,#11361);
#11360 = CARTESIAN_POINT('',(-6.28318530718,-1.25));
#11361 = VECTOR('',#11362,1.);
#11362 = DIRECTION('',(1.,-0.));
#11363 = ( GEOMETRIC_REPRESENTATION_CONTEXT(2) 
PARAMETRIC_REPRESENTATION_CONTEXT() REPRESENTATION_CONTEXT('2D SPACE',''
  ) );
#11364 = PCURVE('',#7683,#11365);
#11365 = DEFINITIONAL_REPRESENTATION('',(#11366),#11374);
#11366 = ( BOUNDED_CURVE() B_SPLINE_CURVE(2,(#11367,#11368,#11369,#11370
    ,#11371,#11372,#11373),.UNSPECIFIED.,.T.,.F.) 
B_SPLINE_CURVE_WITH_KNOTS((1,2,2,2,2,1),(-2.094395102393,0.,
    2.094395102393,4.188790204786,6.28318530718,8.377580409573),
.UNSPECIFIED.) CURVE() GEOMETRIC_REPRESENTATION_ITEM() 
RATIONAL_B_SPLINE_CURVE((1.,0.5,1.,0.5,1.,0.5,1.)) REPRESENTATION_ITEM(
  '') );
#11367 = CARTESIAN_POINT('',(8.02,102.03));
#11368 = CARTESIAN_POINT('',(8.02,88.138952523298));
#11369 = CARTESIAN_POINT('',(-4.01,95.084476261649));
#11370 = CARTESIAN_POINT('',(-16.04,102.03));
#11371 = CARTESIAN_POINT('',(-4.01,108.97552373835));
#11372 = CARTESIAN_POINT('',(8.02,115.9210474767));
#11373 = CARTESIAN_POINT('',(8.02,102.03));
#11374 = ( GEOMETRIC_REPRESENTATION_CONTEXT(2) 
PARAMETRIC_REPRESENTATION_CONTEXT() REPRESENTATION_CONTEXT('2D SPACE',''
  ) );
#11375 = ORIENTED_EDGE('',*,*,#11376,.T.);
#11376 = EDGE_CURVE('',#11349,#9184,#11377,.T.);
#11377 = SURFACE_CURVE('',#11378,(#11382,#11389),.PCURVE_S1.);
#11378 = LINE('',#11379,#11380);
#11379 = CARTESIAN_POINT('',(-1.525,99.005,1.5));
#11380 = VECTOR('',#11381,1.);
#11381 = DIRECTION('',(0.,0.,-1.));
#11382 = PCURVE('',#7709,#11383);
#11383 = DEFINITIONAL_REPRESENTATION('',(#11384),#11388);
#11384 = LINE('',#11385,#11386);
#11385 = CARTESIAN_POINT('',(-3.14159265359,-1.25));
#11386 = VECTOR('',#11387,1.);
#11387 = DIRECTION('',(0.,1.));
#11388 = ( GEOMETRIC_REPRESENTATION_CONTEXT(2) 
PARAMETRIC_REPRESENTATION_CONTEXT() REPRESENTATION_CONTEXT('2D SPACE',''
  ) );
#11389 = PCURVE('',#9198,#11390);
#11390 = DEFINITIONAL_REPRESENTATION('',(#11391),#11395);
#11391 = LINE('',#11392,#11393);
#11392 = CARTESIAN_POINT('',(1.25,-93.01));
#11393 = VECTOR('',#11394,1.);
#11394 = DIRECTION('',(-1.,0.));
#11395 = ( GEOMETRIC_REPRESENTATION_CONTEXT(2) 
PARAMETRIC_REPRESENTATION_CONTEXT() REPRESENTATION_CONTEXT('2D SPACE',''
  ) );
#11396 = ORIENTED_EDGE('',*,*,#9210,.T.);
#11397 = ORIENTED_EDGE('',*,*,#7694,.F.);
#11398 = ADVANCED_FACE('',(#11399),#7683,.T.);
#11399 = FACE_BOUND('',#11400,.T.);
#11400 = EDGE_LOOP('',(#11401,#11402,#11403,#11404,#11405,#11406,#11434,
    #11454));
#11401 = ORIENTED_EDGE('',*,*,#7668,.T.);
#11402 = ORIENTED_EDGE('',*,*,#7767,.T.);
#11403 = ORIENTED_EDGE('',*,*,#7817,.F.);
#11404 = ORIENTED_EDGE('',*,*,#7864,.T.);
#11405 = ORIENTED_EDGE('',*,*,#7981,.T.);
#11406 = ORIENTED_EDGE('',*,*,#11407,.T.);
#11407 = EDGE_CURVE('',#7956,#11408,#11410,.T.);
#11408 = VERTEX_POINT('',#11409);
#11409 = CARTESIAN_POINT('',(-1.525,5.995,1.5));
#11410 = SURFACE_CURVE('',#11411,(#11416,#11427),.PCURVE_S1.);
#11411 = CIRCLE('',#11412,8.02);
#11412 = AXIS2_PLACEMENT_3D('',#11413,#11414,#11415);
#11413 = CARTESIAN_POINT('',(6.495,5.995,1.5));
#11414 = DIRECTION('',(0.,0.,-1.));
#11415 = DIRECTION('',(1.,0.,0.));
#11416 = PCURVE('',#7683,#11417);
#11417 = DEFINITIONAL_REPRESENTATION('',(#11418),#11426);
#11418 = ( BOUNDED_CURVE() B_SPLINE_CURVE(2,(#11419,#11420,#11421,#11422
    ,#11423,#11424,#11425),.UNSPECIFIED.,.T.,.F.) 
B_SPLINE_CURVE_WITH_KNOTS((1,2,2,2,2,1),(-2.094395102393,0.,
    2.094395102393,4.188790204786,6.28318530718,8.377580409573),
.UNSPECIFIED.) CURVE() GEOMETRIC_REPRESENTATION_ITEM() 
RATIONAL_B_SPLINE_CURVE((1.,0.5,1.,0.5,1.,0.5,1.)) REPRESENTATION_ITEM(
  '') );
#11419 = CARTESIAN_POINT('',(8.02,9.02));
#11420 = CARTESIAN_POINT('',(8.02,-4.871047476702));
#11421 = CARTESIAN_POINT('',(-4.01,2.074476261649));
#11422 = CARTESIAN_POINT('',(-16.04,9.02));
#11423 = CARTESIAN_POINT('',(-4.01,15.965523738351));
#11424 = CARTESIAN_POINT('',(8.02,22.911047476702));
#11425 = CARTESIAN_POINT('',(8.02,9.02));
#11426 = ( GEOMETRIC_REPRESENTATION_CONTEXT(2) 
PARAMETRIC_REPRESENTATION_CONTEXT() REPRESENTATION_CONTEXT('2D SPACE',''
  ) );
#11427 = PCURVE('',#7970,#11428);
#11428 = DEFINITIONAL_REPRESENTATION('',(#11429),#11433);
#11429 = LINE('',#11430,#11431);
#11430 = CARTESIAN_POINT('',(-6.28318530718,-1.25));
#11431 = VECTOR('',#11432,1.);
#11432 = DIRECTION('',(1.,-0.));
#11433 = ( GEOMETRIC_REPRESENTATION_CONTEXT(2) 
PARAMETRIC_REPRESENTATION_CONTEXT() REPRESENTATION_CONTEXT('2D SPACE',''
  ) );
#11434 = ORIENTED_EDGE('',*,*,#11435,.T.);
#11435 = EDGE_CURVE('',#11408,#11349,#11436,.T.);
#11436 = SURFACE_CURVE('',#11437,(#11441,#11447),.PCURVE_S1.);
#11437 = LINE('',#11438,#11439);
#11438 = CARTESIAN_POINT('',(-1.525,1.485,1.5));
#11439 = VECTOR('',#11440,1.);
#11440 = DIRECTION('',(0.,1.,0.));
#11441 = PCURVE('',#7683,#11442);
#11442 = DEFINITIONAL_REPRESENTATION('',(#11443),#11446);
#11443 = B_SPLINE_CURVE_WITH_KNOTS('',1,(#11444,#11445),.UNSPECIFIED.,
  .F.,.F.,(2,2),(4.51,97.52),.PIECEWISE_BEZIER_KNOTS.);
#11444 = CARTESIAN_POINT('',(-8.02,9.02));
#11445 = CARTESIAN_POINT('',(-8.02,102.03));
#11446 = ( GEOMETRIC_REPRESENTATION_CONTEXT(2) 
PARAMETRIC_REPRESENTATION_CONTEXT() REPRESENTATION_CONTEXT('2D SPACE',''
  ) );
#11447 = PCURVE('',#9198,#11448);
#11448 = DEFINITIONAL_REPRESENTATION('',(#11449),#11453);
#11449 = LINE('',#11450,#11451);
#11450 = CARTESIAN_POINT('',(1.25,4.51));
#11451 = VECTOR('',#11452,1.);
#11452 = DIRECTION('',(0.,-1.));
#11453 = ( GEOMETRIC_REPRESENTATION_CONTEXT(2) 
PARAMETRIC_REPRESENTATION_CONTEXT() REPRESENTATION_CONTEXT('2D SPACE',''
  ) );
#11454 = ORIENTED_EDGE('',*,*,#11348,.T.);
#11455 = ADVANCED_FACE('',(#11456),#7970,.F.);
#11456 = FACE_BOUND('',#11457,.T.);
#11457 = EDGE_LOOP('',(#11458,#11459,#11460,#11461));
#11458 = ORIENTED_EDGE('',*,*,#11407,.F.);
#11459 = ORIENTED_EDGE('',*,*,#7955,.T.);
#11460 = ORIENTED_EDGE('',*,*,#9155,.T.);
#11461 = ORIENTED_EDGE('',*,*,#11462,.F.);
#11462 = EDGE_CURVE('',#11408,#9156,#11463,.T.);
#11463 = SURFACE_CURVE('',#11464,(#11468,#11475),.PCURVE_S1.);
#11464 = LINE('',#11465,#11466);
#11465 = CARTESIAN_POINT('',(-1.525,5.995,1.5));
#11466 = VECTOR('',#11467,1.);
#11467 = DIRECTION('',(0.,0.,-1.));
#11468 = PCURVE('',#7970,#11469);
#11469 = DEFINITIONAL_REPRESENTATION('',(#11470),#11474);
#11470 = LINE('',#11471,#11472);
#11471 = CARTESIAN_POINT('',(-3.14159265359,-1.25));
#11472 = VECTOR('',#11473,1.);
#11473 = DIRECTION('',(0.,1.));
#11474 = ( GEOMETRIC_REPRESENTATION_CONTEXT(2) 
PARAMETRIC_REPRESENTATION_CONTEXT() REPRESENTATION_CONTEXT('2D SPACE',''
  ) );
#11475 = PCURVE('',#9198,#11476);
#11476 = DEFINITIONAL_REPRESENTATION('',(#11477),#11481);
#11477 = LINE('',#11478,#11479);
#11478 = CARTESIAN_POINT('',(1.25,0.));
#11479 = VECTOR('',#11480,1.);
#11480 = DIRECTION('',(-1.,0.));
#11481 = ( GEOMETRIC_REPRESENTATION_CONTEXT(2) 
PARAMETRIC_REPRESENTATION_CONTEXT() REPRESENTATION_CONTEXT('2D SPACE',''
  ) );
#11482 = ADVANCED_FACE('',(#11483),#8078,.F.);
#11483 = FACE_BOUND('',#11484,.T.);
#11484 = EDGE_LOOP('',(#11485,#11486,#11509,#11540));
#11485 = ORIENTED_EDGE('',*,*,#8057,.T.);
#11486 = ORIENTED_EDGE('',*,*,#11487,.T.);
#11487 = EDGE_CURVE('',#8058,#11488,#11490,.T.);
#11488 = VERTEX_POINT('',#11489);
#11489 = CARTESIAN_POINT('',(16.25,10.,-10.15));
#11490 = SEAM_CURVE('',#11491,(#11495,#11502),.PCURVE_S1.);
#11491 = LINE('',#11492,#11493);
#11492 = CARTESIAN_POINT('',(16.25,10.,-12.45));
#11493 = VECTOR('',#11494,1.);
#11494 = DIRECTION('',(0.,0.,1.));
#11495 = PCURVE('',#8078,#11496);
#11496 = DEFINITIONAL_REPRESENTATION('',(#11497),#11501);
#11497 = LINE('',#11498,#11499);
#11498 = CARTESIAN_POINT('',(-6.28318530718,0.));
#11499 = VECTOR('',#11500,1.);
#11500 = DIRECTION('',(-0.,-1.));
#11501 = ( GEOMETRIC_REPRESENTATION_CONTEXT(2) 
PARAMETRIC_REPRESENTATION_CONTEXT() REPRESENTATION_CONTEXT('2D SPACE',''
  ) );
#11502 = PCURVE('',#8078,#11503);
#11503 = DEFINITIONAL_REPRESENTATION('',(#11504),#11508);
#11504 = LINE('',#11505,#11506);
#11505 = CARTESIAN_POINT('',(-0.,0.));
#11506 = VECTOR('',#11507,1.);
#11507 = DIRECTION('',(-0.,-1.));
#11508 = ( GEOMETRIC_REPRESENTATION_CONTEXT(2) 
PARAMETRIC_REPRESENTATION_CONTEXT() REPRESENTATION_CONTEXT('2D SPACE',''
  ) );
#11509 = ORIENTED_EDGE('',*,*,#11510,.F.);
#11510 = EDGE_CURVE('',#11488,#11488,#11511,.T.);
#11511 = SURFACE_CURVE('',#11512,(#11517,#11524),.PCURVE_S1.);
#11512 = CIRCLE('',#11513,0.75);
#11513 = AXIS2_PLACEMENT_3D('',#11514,#11515,#11516);
#11514 = CARTESIAN_POINT('',(15.5,10.,-10.15));
#11515 = DIRECTION('',(0.,0.,-1.));
#11516 = DIRECTION('',(1.,0.,0.));
#11517 = PCURVE('',#8078,#11518);
#11518 = DEFINITIONAL_REPRESENTATION('',(#11519),#11523);
#11519 = LINE('',#11520,#11521);
#11520 = CARTESIAN_POINT('',(-6.28318530718,-2.3));
#11521 = VECTOR('',#11522,1.);
#11522 = DIRECTION('',(1.,-0.));
#11523 = ( GEOMETRIC_REPRESENTATION_CONTEXT(2) 
PARAMETRIC_REPRESENTATION_CONTEXT() REPRESENTATION_CONTEXT('2D SPACE',''
  ) );
#11524 = PCURVE('',#11525,#11530);
#11525 = PLANE('',#11526);
#11526 = AXIS2_PLACEMENT_3D('',#11527,#11528,#11529);
#11527 = CARTESIAN_POINT('',(21.5,20.,-10.15));
#11528 = DIRECTION('',(0.,0.,1.));
#11529 = DIRECTION('',(1.,0.,-0.));
#11530 = DEFINITIONAL_REPRESENTATION('',(#11531),#11539);
#11531 = ( BOUNDED_CURVE() B_SPLINE_CURVE(2,(#11532,#11533,#11534,#11535
    ,#11536,#11537,#11538),.UNSPECIFIED.,.T.,.F.) 
B_SPLINE_CURVE_WITH_KNOTS((1,2,2,2,2,1),(-2.094395102393,0.,
    2.094395102393,4.188790204786,6.28318530718,8.377580409573),
.UNSPECIFIED.) CURVE() GEOMETRIC_REPRESENTATION_ITEM() 
RATIONAL_B_SPLINE_CURVE((1.,0.5,1.,0.5,1.,0.5,1.)) REPRESENTATION_ITEM(
  '') );
#11532 = CARTESIAN_POINT('',(-5.25,-10.));
#11533 = CARTESIAN_POINT('',(-5.25,-11.29903810567));
#11534 = CARTESIAN_POINT('',(-6.375,-10.64951905283));
#11535 = CARTESIAN_POINT('',(-7.5,-10.));
#11536 = CARTESIAN_POINT('',(-6.375,-9.350480947162));
#11537 = CARTESIAN_POINT('',(-5.25,-8.700961894323));
#11538 = CARTESIAN_POINT('',(-5.25,-10.));
#11539 = ( GEOMETRIC_REPRESENTATION_CONTEXT(2) 
PARAMETRIC_REPRESENTATION_CONTEXT() REPRESENTATION_CONTEXT('2D SPACE',''
  ) );
#11540 = ORIENTED_EDGE('',*,*,#11487,.F.);
#11541 = ADVANCED_FACE('',(#11542),#8113,.F.);
#11542 = FACE_BOUND('',#11543,.T.);
#11543 = EDGE_LOOP('',(#11544,#11545,#11568,#11594));
#11544 = ORIENTED_EDGE('',*,*,#8092,.T.);
#11545 = ORIENTED_EDGE('',*,*,#11546,.T.);
#11546 = EDGE_CURVE('',#8093,#11547,#11549,.T.);
#11547 = VERTEX_POINT('',#11548);
#11548 = CARTESIAN_POINT('',(14.25,14.,-10.15));
#11549 = SEAM_CURVE('',#11550,(#11554,#11561),.PCURVE_S1.);
#11550 = LINE('',#11551,#11552);
#11551 = CARTESIAN_POINT('',(14.25,14.,-12.45));
#11552 = VECTOR('',#11553,1.);
#11553 = DIRECTION('',(0.,0.,1.));
#11554 = PCURVE('',#8113,#11555);
#11555 = DEFINITIONAL_REPRESENTATION('',(#11556),#11560);
#11556 = LINE('',#11557,#11558);
#11557 = CARTESIAN_POINT('',(-6.28318530718,0.));
#11558 = VECTOR('',#11559,1.);
#11559 = DIRECTION('',(-0.,-1.));
#11560 = ( GEOMETRIC_REPRESENTATION_CONTEXT(2) 
PARAMETRIC_REPRESENTATION_CONTEXT() REPRESENTATION_CONTEXT('2D SPACE',''
  ) );
#11561 = PCURVE('',#8113,#11562);
#11562 = DEFINITIONAL_REPRESENTATION('',(#11563),#11567);
#11563 = LINE('',#11564,#11565);
#11564 = CARTESIAN_POINT('',(-0.,0.));
#11565 = VECTOR('',#11566,1.);
#11566 = DIRECTION('',(-0.,-1.));
#11567 = ( GEOMETRIC_REPRESENTATION_CONTEXT(2) 
PARAMETRIC_REPRESENTATION_CONTEXT() REPRESENTATION_CONTEXT('2D SPACE',''
  ) );
#11568 = ORIENTED_EDGE('',*,*,#11569,.F.);
#11569 = EDGE_CURVE('',#11547,#11547,#11570,.T.);
#11570 = SURFACE_CURVE('',#11571,(#11576,#11583),.PCURVE_S1.);
#11571 = CIRCLE('',#11572,0.75);
#11572 = AXIS2_PLACEMENT_3D('',#11573,#11574,#11575);
#11573 = CARTESIAN_POINT('',(13.5,14.,-10.15));
#11574 = DIRECTION('',(0.,0.,-1.));
#11575 = DIRECTION('',(1.,0.,0.));
#11576 = PCURVE('',#8113,#11577);
#11577 = DEFINITIONAL_REPRESENTATION('',(#11578),#11582);
#11578 = LINE('',#11579,#11580);
#11579 = CARTESIAN_POINT('',(-6.28318530718,-2.3));
#11580 = VECTOR('',#11581,1.);
#11581 = DIRECTION('',(1.,-0.));
#11582 = ( GEOMETRIC_REPRESENTATION_CONTEXT(2) 
PARAMETRIC_REPRESENTATION_CONTEXT() REPRESENTATION_CONTEXT('2D SPACE',''
  ) );
#11583 = PCURVE('',#11525,#11584);
#11584 = DEFINITIONAL_REPRESENTATION('',(#11585),#11593);
#11585 = ( BOUNDED_CURVE() B_SPLINE_CURVE(2,(#11586,#11587,#11588,#11589
    ,#11590,#11591,#11592),.UNSPECIFIED.,.T.,.F.) 
B_SPLINE_CURVE_WITH_KNOTS((1,2,2,2,2,1),(-2.094395102393,0.,
    2.094395102393,4.188790204786,6.28318530718,8.377580409573),
.UNSPECIFIED.) CURVE() GEOMETRIC_REPRESENTATION_ITEM() 
RATIONAL_B_SPLINE_CURVE((1.,0.5,1.,0.5,1.,0.5,1.)) REPRESENTATION_ITEM(
  '') );
#11586 = CARTESIAN_POINT('',(-7.25,-6.));
#11587 = CARTESIAN_POINT('',(-7.25,-7.299038105677));
#11588 = CARTESIAN_POINT('',(-8.375,-6.649519052838));
#11589 = CARTESIAN_POINT('',(-9.5,-6.));
#11590 = CARTESIAN_POINT('',(-8.375,-5.350480947162));
#11591 = CARTESIAN_POINT('',(-7.25,-4.700961894323));
#11592 = CARTESIAN_POINT('',(-7.25,-6.));
#11593 = ( GEOMETRIC_REPRESENTATION_CONTEXT(2) 
PARAMETRIC_REPRESENTATION_CONTEXT() REPRESENTATION_CONTEXT('2D SPACE',''
  ) );
#11594 = ORIENTED_EDGE('',*,*,#11546,.F.);
#11595 = ADVANCED_FACE('',(#11596),#8148,.F.);
#11596 = FACE_BOUND('',#11597,.T.);
#11597 = EDGE_LOOP('',(#11598,#11599,#11622,#11648));
#11598 = ORIENTED_EDGE('',*,*,#8127,.T.);
#11599 = ORIENTED_EDGE('',*,*,#11600,.T.);
#11600 = EDGE_CURVE('',#8128,#11601,#11603,.T.);
#11601 = VERTEX_POINT('',#11602);
#11602 = CARTESIAN_POINT('',(20.25,10.,-10.15));
#11603 = SEAM_CURVE('',#11604,(#11608,#11615),.PCURVE_S1.);
#11604 = LINE('',#11605,#11606);
#11605 = CARTESIAN_POINT('',(20.25,10.,-12.45));
#11606 = VECTOR('',#11607,1.);
#11607 = DIRECTION('',(0.,0.,1.));
#11608 = PCURVE('',#8148,#11609);
#11609 = DEFINITIONAL_REPRESENTATION('',(#11610),#11614);
#11610 = LINE('',#11611,#11612);
#11611 = CARTESIAN_POINT('',(-6.28318530718,0.));
#11612 = VECTOR('',#11613,1.);
#11613 = DIRECTION('',(-0.,-1.));
#11614 = ( GEOMETRIC_REPRESENTATION_CONTEXT(2) 
PARAMETRIC_REPRESENTATION_CONTEXT() REPRESENTATION_CONTEXT('2D SPACE',''
  ) );
#11615 = PCURVE('',#8148,#11616);
#11616 = DEFINITIONAL_REPRESENTATION('',(#11617),#11621);
#11617 = LINE('',#11618,#11619);
#11618 = CARTESIAN_POINT('',(-0.,0.));
#11619 = VECTOR('',#11620,1.);
#11620 = DIRECTION('',(-0.,-1.));
#11621 = ( GEOMETRIC_REPRESENTATION_CONTEXT(2) 
PARAMETRIC_REPRESENTATION_CONTEXT() REPRESENTATION_CONTEXT('2D SPACE',''
  ) );
#11622 = ORIENTED_EDGE('',*,*,#11623,.F.);
#11623 = EDGE_CURVE('',#11601,#11601,#11624,.T.);
#11624 = SURFACE_CURVE('',#11625,(#11630,#11637),.PCURVE_S1.);
#11625 = CIRCLE('',#11626,0.75);
#11626 = AXIS2_PLACEMENT_3D('',#11627,#11628,#11629);
#11627 = CARTESIAN_POINT('',(19.5,10.,-10.15));
#11628 = DIRECTION('',(0.,0.,-1.));
#11629 = DIRECTION('',(1.,0.,0.));
#11630 = PCURVE('',#8148,#11631);
#11631 = DEFINITIONAL_REPRESENTATION('',(#11632),#11636);
#11632 = LINE('',#11633,#11634);
#11633 = CARTESIAN_POINT('',(-6.28318530718,-2.3));
#11634 = VECTOR('',#11635,1.);
#11635 = DIRECTION('',(1.,-0.));
#11636 = ( GEOMETRIC_REPRESENTATION_CONTEXT(2) 
PARAMETRIC_REPRESENTATION_CONTEXT() REPRESENTATION_CONTEXT('2D SPACE',''
  ) );
#11637 = PCURVE('',#11525,#11638);
#11638 = DEFINITIONAL_REPRESENTATION('',(#11639),#11647);
#11639 = ( BOUNDED_CURVE() B_SPLINE_CURVE(2,(#11640,#11641,#11642,#11643
    ,#11644,#11645,#11646),.UNSPECIFIED.,.T.,.F.) 
B_SPLINE_CURVE_WITH_KNOTS((1,2,2,2,2,1),(-2.094395102393,0.,
    2.094395102393,4.188790204786,6.28318530718,8.377580409573),
.UNSPECIFIED.) CURVE() GEOMETRIC_REPRESENTATION_ITEM() 
RATIONAL_B_SPLINE_CURVE((1.,0.5,1.,0.5,1.,0.5,1.)) REPRESENTATION_ITEM(
  '') );
#11640 = CARTESIAN_POINT('',(-1.25,-10.));
#11641 = CARTESIAN_POINT('',(-1.25,-11.29903810567));
#11642 = CARTESIAN_POINT('',(-2.375,-10.64951905283));
#11643 = CARTESIAN_POINT('',(-3.5,-10.));
#11644 = CARTESIAN_POINT('',(-2.375,-9.350480947162));
#11645 = CARTESIAN_POINT('',(-1.25,-8.700961894323));
#11646 = CARTESIAN_POINT('',(-1.25,-10.));
#11647 = ( GEOMETRIC_REPRESENTATION_CONTEXT(2) 
PARAMETRIC_REPRESENTATION_CONTEXT() REPRESENTATION_CONTEXT('2D SPACE',''
  ) );
#11648 = ORIENTED_EDGE('',*,*,#11600,.F.);
#11649 = ADVANCED_FACE('',(#11650),#8183,.F.);
#11650 = FACE_BOUND('',#11651,.T.);
#11651 = EDGE_LOOP('',(#11652,#11653,#11676,#11702));
#11652 = ORIENTED_EDGE('',*,*,#8162,.T.);
#11653 = ORIENTED_EDGE('',*,*,#11654,.T.);
#11654 = EDGE_CURVE('',#8163,#11655,#11657,.T.);
#11655 = VERTEX_POINT('',#11656);
#11656 = CARTESIAN_POINT('',(18.25,14.,-10.15));
#11657 = SEAM_CURVE('',#11658,(#11662,#11669),.PCURVE_S1.);
#11658 = LINE('',#11659,#11660);
#11659 = CARTESIAN_POINT('',(18.25,14.,-12.45));
#11660 = VECTOR('',#11661,1.);
#11661 = DIRECTION('',(0.,0.,1.));
#11662 = PCURVE('',#8183,#11663);
#11663 = DEFINITIONAL_REPRESENTATION('',(#11664),#11668);
#11664 = LINE('',#11665,#11666);
#11665 = CARTESIAN_POINT('',(-6.28318530718,0.));
#11666 = VECTOR('',#11667,1.);
#11667 = DIRECTION('',(-0.,-1.));
#11668 = ( GEOMETRIC_REPRESENTATION_CONTEXT(2) 
PARAMETRIC_REPRESENTATION_CONTEXT() REPRESENTATION_CONTEXT('2D SPACE',''
  ) );
#11669 = PCURVE('',#8183,#11670);
#11670 = DEFINITIONAL_REPRESENTATION('',(#11671),#11675);
#11671 = LINE('',#11672,#11673);
#11672 = CARTESIAN_POINT('',(-0.,0.));
#11673 = VECTOR('',#11674,1.);
#11674 = DIRECTION('',(-0.,-1.));
#11675 = ( GEOMETRIC_REPRESENTATION_CONTEXT(2) 
PARAMETRIC_REPRESENTATION_CONTEXT() REPRESENTATION_CONTEXT('2D SPACE',''
  ) );
#11676 = ORIENTED_EDGE('',*,*,#11677,.F.);
#11677 = EDGE_CURVE('',#11655,#11655,#11678,.T.);
#11678 = SURFACE_CURVE('',#11679,(#11684,#11691),.PCURVE_S1.);
#11679 = CIRCLE('',#11680,0.75);
#11680 = AXIS2_PLACEMENT_3D('',#11681,#11682,#11683);
#11681 = CARTESIAN_POINT('',(17.5,14.,-10.15));
#11682 = DIRECTION('',(0.,0.,-1.));
#11683 = DIRECTION('',(1.,0.,0.));
#11684 = PCURVE('',#8183,#11685);
#11685 = DEFINITIONAL_REPRESENTATION('',(#11686),#11690);
#11686 = LINE('',#11687,#11688);
#11687 = CARTESIAN_POINT('',(-6.28318530718,-2.3));
#11688 = VECTOR('',#11689,1.);
#11689 = DIRECTION('',(1.,-0.));
#11690 = ( GEOMETRIC_REPRESENTATION_CONTEXT(2) 
PARAMETRIC_REPRESENTATION_CONTEXT() REPRESENTATION_CONTEXT('2D SPACE',''
  ) );
#11691 = PCURVE('',#11525,#11692);
#11692 = DEFINITIONAL_REPRESENTATION('',(#11693),#11701);
#11693 = ( BOUNDED_CURVE() B_SPLINE_CURVE(2,(#11694,#11695,#11696,#11697
    ,#11698,#11699,#11700),.UNSPECIFIED.,.T.,.F.) 
B_SPLINE_CURVE_WITH_KNOTS((1,2,2,2,2,1),(-2.094395102393,0.,
    2.094395102393,4.188790204786,6.28318530718,8.377580409573),
.UNSPECIFIED.) CURVE() GEOMETRIC_REPRESENTATION_ITEM() 
RATIONAL_B_SPLINE_CURVE((1.,0.5,1.,0.5,1.,0.5,1.)) REPRESENTATION_ITEM(
  '') );
#11694 = CARTESIAN_POINT('',(-3.25,-6.));
#11695 = CARTESIAN_POINT('',(-3.25,-7.299038105677));
#11696 = CARTESIAN_POINT('',(-4.375,-6.649519052838));
#11697 = CARTESIAN_POINT('',(-5.5,-6.));
#11698 = CARTESIAN_POINT('',(-4.375,-5.350480947162));
#11699 = CARTESIAN_POINT('',(-3.25,-4.700961894323));
#11700 = CARTESIAN_POINT('',(-3.25,-6.));
#11701 = ( GEOMETRIC_REPRESENTATION_CONTEXT(2) 
PARAMETRIC_REPRESENTATION_CONTEXT() REPRESENTATION_CONTEXT('2D SPACE',''
  ) );
#11702 = ORIENTED_EDGE('',*,*,#11654,.F.);
#11703 = ADVANCED_FACE('',(#11704),#8218,.F.);
#11704 = FACE_BOUND('',#11705,.T.);
#11705 = EDGE_LOOP('',(#11706,#11707,#11730,#11756));
#11706 = ORIENTED_EDGE('',*,*,#8197,.T.);
#11707 = ORIENTED_EDGE('',*,*,#11708,.T.);
#11708 = EDGE_CURVE('',#8198,#11709,#11711,.T.);
#11709 = VERTEX_POINT('',#11710);
#11710 = CARTESIAN_POINT('',(22.25,14.,-10.15));
#11711 = SEAM_CURVE('',#11712,(#11716,#11723),.PCURVE_S1.);
#11712 = LINE('',#11713,#11714);
#11713 = CARTESIAN_POINT('',(22.25,14.,-12.45));
#11714 = VECTOR('',#11715,1.);
#11715 = DIRECTION('',(0.,0.,1.));
#11716 = PCURVE('',#8218,#11717);
#11717 = DEFINITIONAL_REPRESENTATION('',(#11718),#11722);
#11718 = LINE('',#11719,#11720);
#11719 = CARTESIAN_POINT('',(-6.28318530718,0.));
#11720 = VECTOR('',#11721,1.);
#11721 = DIRECTION('',(-0.,-1.));
#11722 = ( GEOMETRIC_REPRESENTATION_CONTEXT(2) 
PARAMETRIC_REPRESENTATION_CONTEXT() REPRESENTATION_CONTEXT('2D SPACE',''
  ) );
#11723 = PCURVE('',#8218,#11724);
#11724 = DEFINITIONAL_REPRESENTATION('',(#11725),#11729);
#11725 = LINE('',#11726,#11727);
#11726 = CARTESIAN_POINT('',(-0.,0.));
#11727 = VECTOR('',#11728,1.);
#11728 = DIRECTION('',(-0.,-1.));
#11729 = ( GEOMETRIC_REPRESENTATION_CONTEXT(2) 
PARAMETRIC_REPRESENTATION_CONTEXT() REPRESENTATION_CONTEXT('2D SPACE',''
  ) );
#11730 = ORIENTED_EDGE('',*,*,#11731,.F.);
#11731 = EDGE_CURVE('',#11709,#11709,#11732,.T.);
#11732 = SURFACE_CURVE('',#11733,(#11738,#11745),.PCURVE_S1.);
#11733 = CIRCLE('',#11734,0.75);
#11734 = AXIS2_PLACEMENT_3D('',#11735,#11736,#11737);
#11735 = CARTESIAN_POINT('',(21.5,14.,-10.15));
#11736 = DIRECTION('',(0.,0.,-1.));
#11737 = DIRECTION('',(1.,0.,0.));
#11738 = PCURVE('',#8218,#11739);
#11739 = DEFINITIONAL_REPRESENTATION('',(#11740),#11744);
#11740 = LINE('',#11741,#11742);
#11741 = CARTESIAN_POINT('',(-6.28318530718,-2.3));
#11742 = VECTOR('',#11743,1.);
#11743 = DIRECTION('',(1.,-0.));
#11744 = ( GEOMETRIC_REPRESENTATION_CONTEXT(2) 
PARAMETRIC_REPRESENTATION_CONTEXT() REPRESENTATION_CONTEXT('2D SPACE',''
  ) );
#11745 = PCURVE('',#11525,#11746);
#11746 = DEFINITIONAL_REPRESENTATION('',(#11747),#11755);
#11747 = ( BOUNDED_CURVE() B_SPLINE_CURVE(2,(#11748,#11749,#11750,#11751
    ,#11752,#11753,#11754),.UNSPECIFIED.,.T.,.F.) 
B_SPLINE_CURVE_WITH_KNOTS((1,2,2,2,2,1),(-2.094395102393,0.,
    2.094395102393,4.188790204786,6.28318530718,8.377580409573),
.UNSPECIFIED.) CURVE() GEOMETRIC_REPRESENTATION_ITEM() 
RATIONAL_B_SPLINE_CURVE((1.,0.5,1.,0.5,1.,0.5,1.)) REPRESENTATION_ITEM(
  '') );
#11748 = CARTESIAN_POINT('',(0.75,-6.));
#11749 = CARTESIAN_POINT('',(0.75,-7.299038105677));
#11750 = CARTESIAN_POINT('',(-0.375,-6.649519052838));
#11751 = CARTESIAN_POINT('',(-1.5,-6.));
#11752 = CARTESIAN_POINT('',(-0.375,-5.350480947162));
#11753 = CARTESIAN_POINT('',(0.75,-4.700961894323));
#11754 = CARTESIAN_POINT('',(0.75,-6.));
#11755 = ( GEOMETRIC_REPRESENTATION_CONTEXT(2) 
PARAMETRIC_REPRESENTATION_CONTEXT() REPRESENTATION_CONTEXT('2D SPACE',''
  ) );
#11756 = ORIENTED_EDGE('',*,*,#11708,.F.);
#11757 = ADVANCED_FACE('',(#11758),#8253,.F.);
#11758 = FACE_BOUND('',#11759,.T.);
#11759 = EDGE_LOOP('',(#11760,#11761,#11784,#11810));
#11760 = ORIENTED_EDGE('',*,*,#8232,.T.);
#11761 = ORIENTED_EDGE('',*,*,#11762,.T.);
#11762 = EDGE_CURVE('',#8233,#11763,#11765,.T.);
#11763 = VERTEX_POINT('',#11764);
#11764 = CARTESIAN_POINT('',(12.25,18.,-10.15));
#11765 = SEAM_CURVE('',#11766,(#11770,#11777),.PCURVE_S1.);
#11766 = LINE('',#11767,#11768);
#11767 = CARTESIAN_POINT('',(12.25,18.,-12.45));
#11768 = VECTOR('',#11769,1.);
#11769 = DIRECTION('',(0.,0.,1.));
#11770 = PCURVE('',#8253,#11771);
#11771 = DEFINITIONAL_REPRESENTATION('',(#11772),#11776);
#11772 = LINE('',#11773,#11774);
#11773 = CARTESIAN_POINT('',(-6.28318530718,0.));
#11774 = VECTOR('',#11775,1.);
#11775 = DIRECTION('',(-0.,-1.));
#11776 = ( GEOMETRIC_REPRESENTATION_CONTEXT(2) 
PARAMETRIC_REPRESENTATION_CONTEXT() REPRESENTATION_CONTEXT('2D SPACE',''
  ) );
#11777 = PCURVE('',#8253,#11778);
#11778 = DEFINITIONAL_REPRESENTATION('',(#11779),#11783);
#11779 = LINE('',#11780,#11781);
#11780 = CARTESIAN_POINT('',(-0.,0.));
#11781 = VECTOR('',#11782,1.);
#11782 = DIRECTION('',(-0.,-1.));
#11783 = ( GEOMETRIC_REPRESENTATION_CONTEXT(2) 
PARAMETRIC_REPRESENTATION_CONTEXT() REPRESENTATION_CONTEXT('2D SPACE',''
  ) );
#11784 = ORIENTED_EDGE('',*,*,#11785,.F.);
#11785 = EDGE_CURVE('',#11763,#11763,#11786,.T.);
#11786 = SURFACE_CURVE('',#11787,(#11792,#11799),.PCURVE_S1.);
#11787 = CIRCLE('',#11788,0.75);
#11788 = AXIS2_PLACEMENT_3D('',#11789,#11790,#11791);
#11789 = CARTESIAN_POINT('',(11.5,18.,-10.15));
#11790 = DIRECTION('',(0.,0.,-1.));
#11791 = DIRECTION('',(1.,0.,0.));
#11792 = PCURVE('',#8253,#11793);
#11793 = DEFINITIONAL_REPRESENTATION('',(#11794),#11798);
#11794 = LINE('',#11795,#11796);
#11795 = CARTESIAN_POINT('',(-6.28318530718,-2.3));
#11796 = VECTOR('',#11797,1.);
#11797 = DIRECTION('',(1.,-0.));
#11798 = ( GEOMETRIC_REPRESENTATION_CONTEXT(2) 
PARAMETRIC_REPRESENTATION_CONTEXT() REPRESENTATION_CONTEXT('2D SPACE',''
  ) );
#11799 = PCURVE('',#11525,#11800);
#11800 = DEFINITIONAL_REPRESENTATION('',(#11801),#11809);
#11801 = ( BOUNDED_CURVE() B_SPLINE_CURVE(2,(#11802,#11803,#11804,#11805
    ,#11806,#11807,#11808),.UNSPECIFIED.,.T.,.F.) 
B_SPLINE_CURVE_WITH_KNOTS((1,2,2,2,2,1),(-2.094395102393,0.,
    2.094395102393,4.188790204786,6.28318530718,8.377580409573),
.UNSPECIFIED.) CURVE() GEOMETRIC_REPRESENTATION_ITEM() 
RATIONAL_B_SPLINE_CURVE((1.,0.5,1.,0.5,1.,0.5,1.)) REPRESENTATION_ITEM(
  '') );
#11802 = CARTESIAN_POINT('',(-9.25,-2.));
#11803 = CARTESIAN_POINT('',(-9.25,-3.299038105677));
#11804 = CARTESIAN_POINT('',(-10.375,-2.649519052838));
#11805 = CARTESIAN_POINT('',(-11.5,-2.));
#11806 = CARTESIAN_POINT('',(-10.375,-1.350480947162));
#11807 = CARTESIAN_POINT('',(-9.25,-0.700961894323));
#11808 = CARTESIAN_POINT('',(-9.25,-2.));
#11809 = ( GEOMETRIC_REPRESENTATION_CONTEXT(2) 
PARAMETRIC_REPRESENTATION_CONTEXT() REPRESENTATION_CONTEXT('2D SPACE',''
  ) );
#11810 = ORIENTED_EDGE('',*,*,#11762,.F.);
#11811 = ADVANCED_FACE('',(#11812),#8288,.F.);
#11812 = FACE_BOUND('',#11813,.T.);
#11813 = EDGE_LOOP('',(#11814,#11815,#11838,#11864));
#11814 = ORIENTED_EDGE('',*,*,#8267,.T.);
#11815 = ORIENTED_EDGE('',*,*,#11816,.T.);
#11816 = EDGE_CURVE('',#8268,#11817,#11819,.T.);
#11817 = VERTEX_POINT('',#11818);
#11818 = CARTESIAN_POINT('',(16.25,18.,-10.15));
#11819 = SEAM_CURVE('',#11820,(#11824,#11831),.PCURVE_S1.);
#11820 = LINE('',#11821,#11822);
#11821 = CARTESIAN_POINT('',(16.25,18.,-12.45));
#11822 = VECTOR('',#11823,1.);
#11823 = DIRECTION('',(0.,0.,1.));
#11824 = PCURVE('',#8288,#11825);
#11825 = DEFINITIONAL_REPRESENTATION('',(#11826),#11830);
#11826 = LINE('',#11827,#11828);
#11827 = CARTESIAN_POINT('',(-6.28318530718,0.));
#11828 = VECTOR('',#11829,1.);
#11829 = DIRECTION('',(-0.,-1.));
#11830 = ( GEOMETRIC_REPRESENTATION_CONTEXT(2) 
PARAMETRIC_REPRESENTATION_CONTEXT() REPRESENTATION_CONTEXT('2D SPACE',''
  ) );
#11831 = PCURVE('',#8288,#11832);
#11832 = DEFINITIONAL_REPRESENTATION('',(#11833),#11837);
#11833 = LINE('',#11834,#11835);
#11834 = CARTESIAN_POINT('',(-0.,0.));
#11835 = VECTOR('',#11836,1.);
#11836 = DIRECTION('',(-0.,-1.));
#11837 = ( GEOMETRIC_REPRESENTATION_CONTEXT(2) 
PARAMETRIC_REPRESENTATION_CONTEXT() REPRESENTATION_CONTEXT('2D SPACE',''
  ) );
#11838 = ORIENTED_EDGE('',*,*,#11839,.F.);
#11839 = EDGE_CURVE('',#11817,#11817,#11840,.T.);
#11840 = SURFACE_CURVE('',#11841,(#11846,#11853),.PCURVE_S1.);
#11841 = CIRCLE('',#11842,0.75);
#11842 = AXIS2_PLACEMENT_3D('',#11843,#11844,#11845);
#11843 = CARTESIAN_POINT('',(15.5,18.,-10.15));
#11844 = DIRECTION('',(0.,0.,-1.));
#11845 = DIRECTION('',(1.,0.,0.));
#11846 = PCURVE('',#8288,#11847);
#11847 = DEFINITIONAL_REPRESENTATION('',(#11848),#11852);
#11848 = LINE('',#11849,#11850);
#11849 = CARTESIAN_POINT('',(-6.28318530718,-2.3));
#11850 = VECTOR('',#11851,1.);
#11851 = DIRECTION('',(1.,-0.));
#11852 = ( GEOMETRIC_REPRESENTATION_CONTEXT(2) 
PARAMETRIC_REPRESENTATION_CONTEXT() REPRESENTATION_CONTEXT('2D SPACE',''
  ) );
#11853 = PCURVE('',#11525,#11854);
#11854 = DEFINITIONAL_REPRESENTATION('',(#11855),#11863);
#11855 = ( BOUNDED_CURVE() B_SPLINE_CURVE(2,(#11856,#11857,#11858,#11859
    ,#11860,#11861,#11862),.UNSPECIFIED.,.T.,.F.) 
B_SPLINE_CURVE_WITH_KNOTS((1,2,2,2,2,1),(-2.094395102393,0.,
    2.094395102393,4.188790204786,6.28318530718,8.377580409573),
.UNSPECIFIED.) CURVE() GEOMETRIC_REPRESENTATION_ITEM() 
RATIONAL_B_SPLINE_CURVE((1.,0.5,1.,0.5,1.,0.5,1.)) REPRESENTATION_ITEM(
  '') );
#11856 = CARTESIAN_POINT('',(-5.25,-2.));
#11857 = CARTESIAN_POINT('',(-5.25,-3.299038105677));
#11858 = CARTESIAN_POINT('',(-6.375,-2.649519052838));
#11859 = CARTESIAN_POINT('',(-7.5,-2.));
#11860 = CARTESIAN_POINT('',(-6.375,-1.350480947162));
#11861 = CARTESIAN_POINT('',(-5.25,-0.700961894323));
#11862 = CARTESIAN_POINT('',(-5.25,-2.));
#11863 = ( GEOMETRIC_REPRESENTATION_CONTEXT(2) 
PARAMETRIC_REPRESENTATION_CONTEXT() REPRESENTATION_CONTEXT('2D SPACE',''
  ) );
#11864 = ORIENTED_EDGE('',*,*,#11816,.F.);
#11865 = ADVANCED_FACE('',(#11866),#8323,.F.);
#11866 = FACE_BOUND('',#11867,.T.);
#11867 = EDGE_LOOP('',(#11868,#11869,#11892,#11918));
#11868 = ORIENTED_EDGE('',*,*,#8302,.T.);
#11869 = ORIENTED_EDGE('',*,*,#11870,.T.);
#11870 = EDGE_CURVE('',#8303,#11871,#11873,.T.);
#11871 = VERTEX_POINT('',#11872);
#11872 = CARTESIAN_POINT('',(20.25,18.,-10.15));
#11873 = SEAM_CURVE('',#11874,(#11878,#11885),.PCURVE_S1.);
#11874 = LINE('',#11875,#11876);
#11875 = CARTESIAN_POINT('',(20.25,18.,-12.45));
#11876 = VECTOR('',#11877,1.);
#11877 = DIRECTION('',(0.,0.,1.));
#11878 = PCURVE('',#8323,#11879);
#11879 = DEFINITIONAL_REPRESENTATION('',(#11880),#11884);
#11880 = LINE('',#11881,#11882);
#11881 = CARTESIAN_POINT('',(-6.28318530718,0.));
#11882 = VECTOR('',#11883,1.);
#11883 = DIRECTION('',(-0.,-1.));
#11884 = ( GEOMETRIC_REPRESENTATION_CONTEXT(2) 
PARAMETRIC_REPRESENTATION_CONTEXT() REPRESENTATION_CONTEXT('2D SPACE',''
  ) );
#11885 = PCURVE('',#8323,#11886);
#11886 = DEFINITIONAL_REPRESENTATION('',(#11887),#11891);
#11887 = LINE('',#11888,#11889);
#11888 = CARTESIAN_POINT('',(-0.,0.));
#11889 = VECTOR('',#11890,1.);
#11890 = DIRECTION('',(-0.,-1.));
#11891 = ( GEOMETRIC_REPRESENTATION_CONTEXT(2) 
PARAMETRIC_REPRESENTATION_CONTEXT() REPRESENTATION_CONTEXT('2D SPACE',''
  ) );
#11892 = ORIENTED_EDGE('',*,*,#11893,.F.);
#11893 = EDGE_CURVE('',#11871,#11871,#11894,.T.);
#11894 = SURFACE_CURVE('',#11895,(#11900,#11907),.PCURVE_S1.);
#11895 = CIRCLE('',#11896,0.75);
#11896 = AXIS2_PLACEMENT_3D('',#11897,#11898,#11899);
#11897 = CARTESIAN_POINT('',(19.5,18.,-10.15));
#11898 = DIRECTION('',(0.,0.,-1.));
#11899 = DIRECTION('',(1.,0.,0.));
#11900 = PCURVE('',#8323,#11901);
#11901 = DEFINITIONAL_REPRESENTATION('',(#11902),#11906);
#11902 = LINE('',#11903,#11904);
#11903 = CARTESIAN_POINT('',(-6.28318530718,-2.3));
#11904 = VECTOR('',#11905,1.);
#11905 = DIRECTION('',(1.,-0.));
#11906 = ( GEOMETRIC_REPRESENTATION_CONTEXT(2) 
PARAMETRIC_REPRESENTATION_CONTEXT() REPRESENTATION_CONTEXT('2D SPACE',''
  ) );
#11907 = PCURVE('',#11525,#11908);
#11908 = DEFINITIONAL_REPRESENTATION('',(#11909),#11917);
#11909 = ( BOUNDED_CURVE() B_SPLINE_CURVE(2,(#11910,#11911,#11912,#11913
    ,#11914,#11915,#11916),.UNSPECIFIED.,.T.,.F.) 
B_SPLINE_CURVE_WITH_KNOTS((1,2,2,2,2,1),(-2.094395102393,0.,
    2.094395102393,4.188790204786,6.28318530718,8.377580409573),
.UNSPECIFIED.) CURVE() GEOMETRIC_REPRESENTATION_ITEM() 
RATIONAL_B_SPLINE_CURVE((1.,0.5,1.,0.5,1.,0.5,1.)) REPRESENTATION_ITEM(
  '') );
#11910 = CARTESIAN_POINT('',(-1.25,-2.));
#11911 = CARTESIAN_POINT('',(-1.25,-3.299038105677));
#11912 = CARTESIAN_POINT('',(-2.375,-2.649519052838));
#11913 = CARTESIAN_POINT('',(-3.5,-2.));
#11914 = CARTESIAN_POINT('',(-2.375,-1.350480947162));
#11915 = CARTESIAN_POINT('',(-1.25,-0.700961894323));
#11916 = CARTESIAN_POINT('',(-1.25,-2.));
#11917 = ( GEOMETRIC_REPRESENTATION_CONTEXT(2) 
PARAMETRIC_REPRESENTATION_CONTEXT() REPRESENTATION_CONTEXT('2D SPACE',''
  ) );
#11918 = ORIENTED_EDGE('',*,*,#11870,.F.);
#11919 = ADVANCED_FACE('',(#11920),#8358,.F.);
#11920 = FACE_BOUND('',#11921,.T.);
#11921 = EDGE_LOOP('',(#11922,#11923,#11946,#11972));
#11922 = ORIENTED_EDGE('',*,*,#8337,.T.);
#11923 = ORIENTED_EDGE('',*,*,#11924,.T.);
#11924 = EDGE_CURVE('',#8338,#11925,#11927,.T.);
#11925 = VERTEX_POINT('',#11926);
#11926 = CARTESIAN_POINT('',(24.25,10.,-10.15));
#11927 = SEAM_CURVE('',#11928,(#11932,#11939),.PCURVE_S1.);
#11928 = LINE('',#11929,#11930);
#11929 = CARTESIAN_POINT('',(24.25,10.,-12.45));
#11930 = VECTOR('',#11931,1.);
#11931 = DIRECTION('',(0.,0.,1.));
#11932 = PCURVE('',#8358,#11933);
#11933 = DEFINITIONAL_REPRESENTATION('',(#11934),#11938);
#11934 = LINE('',#11935,#11936);
#11935 = CARTESIAN_POINT('',(-6.28318530718,0.));
#11936 = VECTOR('',#11937,1.);
#11937 = DIRECTION('',(-0.,-1.));
#11938 = ( GEOMETRIC_REPRESENTATION_CONTEXT(2) 
PARAMETRIC_REPRESENTATION_CONTEXT() REPRESENTATION_CONTEXT('2D SPACE',''
  ) );
#11939 = PCURVE('',#8358,#11940);
#11940 = DEFINITIONAL_REPRESENTATION('',(#11941),#11945);
#11941 = LINE('',#11942,#11943);
#11942 = CARTESIAN_POINT('',(-0.,0.));
#11943 = VECTOR('',#11944,1.);
#11944 = DIRECTION('',(-0.,-1.));
#11945 = ( GEOMETRIC_REPRESENTATION_CONTEXT(2) 
PARAMETRIC_REPRESENTATION_CONTEXT() REPRESENTATION_CONTEXT('2D SPACE',''
  ) );
#11946 = ORIENTED_EDGE('',*,*,#11947,.F.);
#11947 = EDGE_CURVE('',#11925,#11925,#11948,.T.);
#11948 = SURFACE_CURVE('',#11949,(#11954,#11961),.PCURVE_S1.);
#11949 = CIRCLE('',#11950,0.75);
#11950 = AXIS2_PLACEMENT_3D('',#11951,#11952,#11953);
#11951 = CARTESIAN_POINT('',(23.5,10.,-10.15));
#11952 = DIRECTION('',(0.,0.,-1.));
#11953 = DIRECTION('',(1.,0.,0.));
#11954 = PCURVE('',#8358,#11955);
#11955 = DEFINITIONAL_REPRESENTATION('',(#11956),#11960);
#11956 = LINE('',#11957,#11958);
#11957 = CARTESIAN_POINT('',(-6.28318530718,-2.3));
#11958 = VECTOR('',#11959,1.);
#11959 = DIRECTION('',(1.,-0.));
#11960 = ( GEOMETRIC_REPRESENTATION_CONTEXT(2) 
PARAMETRIC_REPRESENTATION_CONTEXT() REPRESENTATION_CONTEXT('2D SPACE',''
  ) );
#11961 = PCURVE('',#11525,#11962);
#11962 = DEFINITIONAL_REPRESENTATION('',(#11963),#11971);
#11963 = ( BOUNDED_CURVE() B_SPLINE_CURVE(2,(#11964,#11965,#11966,#11967
    ,#11968,#11969,#11970),.UNSPECIFIED.,.T.,.F.) 
B_SPLINE_CURVE_WITH_KNOTS((1,2,2,2,2,1),(-2.094395102393,0.,
    2.094395102393,4.188790204786,6.28318530718,8.377580409573),
.UNSPECIFIED.) CURVE() GEOMETRIC_REPRESENTATION_ITEM() 
RATIONAL_B_SPLINE_CURVE((1.,0.5,1.,0.5,1.,0.5,1.)) REPRESENTATION_ITEM(
  '') );
#11964 = CARTESIAN_POINT('',(2.75,-10.));
#11965 = CARTESIAN_POINT('',(2.75,-11.29903810567));
#11966 = CARTESIAN_POINT('',(1.625,-10.64951905283));
#11967 = CARTESIAN_POINT('',(0.5,-10.));
#11968 = CARTESIAN_POINT('',(1.625,-9.350480947162));
#11969 = CARTESIAN_POINT('',(2.75,-8.700961894323));
#11970 = CARTESIAN_POINT('',(2.75,-10.));
#11971 = ( GEOMETRIC_REPRESENTATION_CONTEXT(2) 
PARAMETRIC_REPRESENTATION_CONTEXT() REPRESENTATION_CONTEXT('2D SPACE',''
  ) );
#11972 = ORIENTED_EDGE('',*,*,#11924,.F.);
#11973 = ADVANCED_FACE('',(#11974),#8393,.F.);
#11974 = FACE_BOUND('',#11975,.T.);
#11975 = EDGE_LOOP('',(#11976,#11977,#12000,#12026));
#11976 = ORIENTED_EDGE('',*,*,#8372,.T.);
#11977 = ORIENTED_EDGE('',*,*,#11978,.T.);
#11978 = EDGE_CURVE('',#8373,#11979,#11981,.T.);
#11979 = VERTEX_POINT('',#11980);
#11980 = CARTESIAN_POINT('',(28.25,10.,-10.15));
#11981 = SEAM_CURVE('',#11982,(#11986,#11993),.PCURVE_S1.);
#11982 = LINE('',#11983,#11984);
#11983 = CARTESIAN_POINT('',(28.25,10.,-12.45));
#11984 = VECTOR('',#11985,1.);
#11985 = DIRECTION('',(0.,0.,1.));
#11986 = PCURVE('',#8393,#11987);
#11987 = DEFINITIONAL_REPRESENTATION('',(#11988),#11992);
#11988 = LINE('',#11989,#11990);
#11989 = CARTESIAN_POINT('',(-6.28318530718,0.));
#11990 = VECTOR('',#11991,1.);
#11991 = DIRECTION('',(-0.,-1.));
#11992 = ( GEOMETRIC_REPRESENTATION_CONTEXT(2) 
PARAMETRIC_REPRESENTATION_CONTEXT() REPRESENTATION_CONTEXT('2D SPACE',''
  ) );
#11993 = PCURVE('',#8393,#11994);
#11994 = DEFINITIONAL_REPRESENTATION('',(#11995),#11999);
#11995 = LINE('',#11996,#11997);
#11996 = CARTESIAN_POINT('',(-0.,0.));
#11997 = VECTOR('',#11998,1.);
#11998 = DIRECTION('',(-0.,-1.));
#11999 = ( GEOMETRIC_REPRESENTATION_CONTEXT(2) 
PARAMETRIC_REPRESENTATION_CONTEXT() REPRESENTATION_CONTEXT('2D SPACE',''
  ) );
#12000 = ORIENTED_EDGE('',*,*,#12001,.F.);
#12001 = EDGE_CURVE('',#11979,#11979,#12002,.T.);
#12002 = SURFACE_CURVE('',#12003,(#12008,#12015),.PCURVE_S1.);
#12003 = CIRCLE('',#12004,0.75);
#12004 = AXIS2_PLACEMENT_3D('',#12005,#12006,#12007);
#12005 = CARTESIAN_POINT('',(27.5,10.,-10.15));
#12006 = DIRECTION('',(0.,0.,-1.));
#12007 = DIRECTION('',(1.,0.,0.));
#12008 = PCURVE('',#8393,#12009);
#12009 = DEFINITIONAL_REPRESENTATION('',(#12010),#12014);
#12010 = LINE('',#12011,#12012);
#12011 = CARTESIAN_POINT('',(-6.28318530718,-2.3));
#12012 = VECTOR('',#12013,1.);
#12013 = DIRECTION('',(1.,-0.));
#12014 = ( GEOMETRIC_REPRESENTATION_CONTEXT(2) 
PARAMETRIC_REPRESENTATION_CONTEXT() REPRESENTATION_CONTEXT('2D SPACE',''
  ) );
#12015 = PCURVE('',#11525,#12016);
#12016 = DEFINITIONAL_REPRESENTATION('',(#12017),#12025);
#12017 = ( BOUNDED_CURVE() B_SPLINE_CURVE(2,(#12018,#12019,#12020,#12021
    ,#12022,#12023,#12024),.UNSPECIFIED.,.T.,.F.) 
B_SPLINE_CURVE_WITH_KNOTS((1,2,2,2,2,1),(-2.094395102393,0.,
    2.094395102393,4.188790204786,6.28318530718,8.377580409573),
.UNSPECIFIED.) CURVE() GEOMETRIC_REPRESENTATION_ITEM() 
RATIONAL_B_SPLINE_CURVE((1.,0.5,1.,0.5,1.,0.5,1.)) REPRESENTATION_ITEM(
  '') );
#12018 = CARTESIAN_POINT('',(6.75,-10.));
#12019 = CARTESIAN_POINT('',(6.75,-11.29903810567));
#12020 = CARTESIAN_POINT('',(5.625,-10.64951905283));
#12021 = CARTESIAN_POINT('',(4.5,-10.));
#12022 = CARTESIAN_POINT('',(5.625,-9.350480947162));
#12023 = CARTESIAN_POINT('',(6.75,-8.700961894323));
#12024 = CARTESIAN_POINT('',(6.75,-10.));
#12025 = ( GEOMETRIC_REPRESENTATION_CONTEXT(2) 
PARAMETRIC_REPRESENTATION_CONTEXT() REPRESENTATION_CONTEXT('2D SPACE',''
  ) );
#12026 = ORIENTED_EDGE('',*,*,#11978,.F.);
#12027 = ADVANCED_FACE('',(#12028),#8428,.F.);
#12028 = FACE_BOUND('',#12029,.T.);
#12029 = EDGE_LOOP('',(#12030,#12031,#12054,#12080));
#12030 = ORIENTED_EDGE('',*,*,#8407,.T.);
#12031 = ORIENTED_EDGE('',*,*,#12032,.T.);
#12032 = EDGE_CURVE('',#8408,#12033,#12035,.T.);
#12033 = VERTEX_POINT('',#12034);
#12034 = CARTESIAN_POINT('',(26.25,14.,-10.15));
#12035 = SEAM_CURVE('',#12036,(#12040,#12047),.PCURVE_S1.);
#12036 = LINE('',#12037,#12038);
#12037 = CARTESIAN_POINT('',(26.25,14.,-12.45));
#12038 = VECTOR('',#12039,1.);
#12039 = DIRECTION('',(0.,0.,1.));
#12040 = PCURVE('',#8428,#12041);
#12041 = DEFINITIONAL_REPRESENTATION('',(#12042),#12046);
#12042 = LINE('',#12043,#12044);
#12043 = CARTESIAN_POINT('',(-6.28318530718,0.));
#12044 = VECTOR('',#12045,1.);
#12045 = DIRECTION('',(-0.,-1.));
#12046 = ( GEOMETRIC_REPRESENTATION_CONTEXT(2) 
PARAMETRIC_REPRESENTATION_CONTEXT() REPRESENTATION_CONTEXT('2D SPACE',''
  ) );
#12047 = PCURVE('',#8428,#12048);
#12048 = DEFINITIONAL_REPRESENTATION('',(#12049),#12053);
#12049 = LINE('',#12050,#12051);
#12050 = CARTESIAN_POINT('',(-0.,0.));
#12051 = VECTOR('',#12052,1.);
#12052 = DIRECTION('',(-0.,-1.));
#12053 = ( GEOMETRIC_REPRESENTATION_CONTEXT(2) 
PARAMETRIC_REPRESENTATION_CONTEXT() REPRESENTATION_CONTEXT('2D SPACE',''
  ) );
#12054 = ORIENTED_EDGE('',*,*,#12055,.F.);
#12055 = EDGE_CURVE('',#12033,#12033,#12056,.T.);
#12056 = SURFACE_CURVE('',#12057,(#12062,#12069),.PCURVE_S1.);
#12057 = CIRCLE('',#12058,0.75);
#12058 = AXIS2_PLACEMENT_3D('',#12059,#12060,#12061);
#12059 = CARTESIAN_POINT('',(25.5,14.,-10.15));
#12060 = DIRECTION('',(0.,0.,-1.));
#12061 = DIRECTION('',(1.,0.,0.));
#12062 = PCURVE('',#8428,#12063);
#12063 = DEFINITIONAL_REPRESENTATION('',(#12064),#12068);
#12064 = LINE('',#12065,#12066);
#12065 = CARTESIAN_POINT('',(-6.28318530718,-2.3));
#12066 = VECTOR('',#12067,1.);
#12067 = DIRECTION('',(1.,-0.));
#12068 = ( GEOMETRIC_REPRESENTATION_CONTEXT(2) 
PARAMETRIC_REPRESENTATION_CONTEXT() REPRESENTATION_CONTEXT('2D SPACE',''
  ) );
#12069 = PCURVE('',#11525,#12070);
#12070 = DEFINITIONAL_REPRESENTATION('',(#12071),#12079);
#12071 = ( BOUNDED_CURVE() B_SPLINE_CURVE(2,(#12072,#12073,#12074,#12075
    ,#12076,#12077,#12078),.UNSPECIFIED.,.T.,.F.) 
B_SPLINE_CURVE_WITH_KNOTS((1,2,2,2,2,1),(-2.094395102393,0.,
    2.094395102393,4.188790204786,6.28318530718,8.377580409573),
.UNSPECIFIED.) CURVE() GEOMETRIC_REPRESENTATION_ITEM() 
RATIONAL_B_SPLINE_CURVE((1.,0.5,1.,0.5,1.,0.5,1.)) REPRESENTATION_ITEM(
  '') );
#12072 = CARTESIAN_POINT('',(4.75,-6.));
#12073 = CARTESIAN_POINT('',(4.75,-7.299038105677));
#12074 = CARTESIAN_POINT('',(3.625,-6.649519052838));
#12075 = CARTESIAN_POINT('',(2.5,-6.));
#12076 = CARTESIAN_POINT('',(3.625,-5.350480947162));
#12077 = CARTESIAN_POINT('',(4.75,-4.700961894323));
#12078 = CARTESIAN_POINT('',(4.75,-6.));
#12079 = ( GEOMETRIC_REPRESENTATION_CONTEXT(2) 
PARAMETRIC_REPRESENTATION_CONTEXT() REPRESENTATION_CONTEXT('2D SPACE',''
  ) );
#12080 = ORIENTED_EDGE('',*,*,#12032,.F.);
#12081 = ADVANCED_FACE('',(#12082),#8463,.F.);
#12082 = FACE_BOUND('',#12083,.T.);
#12083 = EDGE_LOOP('',(#12084,#12085,#12108,#12134));
#12084 = ORIENTED_EDGE('',*,*,#8442,.T.);
#12085 = ORIENTED_EDGE('',*,*,#12086,.T.);
#12086 = EDGE_CURVE('',#8443,#12087,#12089,.T.);
#12087 = VERTEX_POINT('',#12088);
#12088 = CARTESIAN_POINT('',(30.25,14.,-10.15));
#12089 = SEAM_CURVE('',#12090,(#12094,#12101),.PCURVE_S1.);
#12090 = LINE('',#12091,#12092);
#12091 = CARTESIAN_POINT('',(30.25,14.,-12.45));
#12092 = VECTOR('',#12093,1.);
#12093 = DIRECTION('',(0.,0.,1.));
#12094 = PCURVE('',#8463,#12095);
#12095 = DEFINITIONAL_REPRESENTATION('',(#12096),#12100);
#12096 = LINE('',#12097,#12098);
#12097 = CARTESIAN_POINT('',(-6.28318530718,0.));
#12098 = VECTOR('',#12099,1.);
#12099 = DIRECTION('',(-0.,-1.));
#12100 = ( GEOMETRIC_REPRESENTATION_CONTEXT(2) 
PARAMETRIC_REPRESENTATION_CONTEXT() REPRESENTATION_CONTEXT('2D SPACE',''
  ) );
#12101 = PCURVE('',#8463,#12102);
#12102 = DEFINITIONAL_REPRESENTATION('',(#12103),#12107);
#12103 = LINE('',#12104,#12105);
#12104 = CARTESIAN_POINT('',(-0.,0.));
#12105 = VECTOR('',#12106,1.);
#12106 = DIRECTION('',(-0.,-1.));
#12107 = ( GEOMETRIC_REPRESENTATION_CONTEXT(2) 
PARAMETRIC_REPRESENTATION_CONTEXT() REPRESENTATION_CONTEXT('2D SPACE',''
  ) );
#12108 = ORIENTED_EDGE('',*,*,#12109,.F.);
#12109 = EDGE_CURVE('',#12087,#12087,#12110,.T.);
#12110 = SURFACE_CURVE('',#12111,(#12116,#12123),.PCURVE_S1.);
#12111 = CIRCLE('',#12112,0.75);
#12112 = AXIS2_PLACEMENT_3D('',#12113,#12114,#12115);
#12113 = CARTESIAN_POINT('',(29.5,14.,-10.15));
#12114 = DIRECTION('',(0.,0.,-1.));
#12115 = DIRECTION('',(1.,0.,0.));
#12116 = PCURVE('',#8463,#12117);
#12117 = DEFINITIONAL_REPRESENTATION('',(#12118),#12122);
#12118 = LINE('',#12119,#12120);
#12119 = CARTESIAN_POINT('',(-6.28318530718,-2.3));
#12120 = VECTOR('',#12121,1.);
#12121 = DIRECTION('',(1.,-0.));
#12122 = ( GEOMETRIC_REPRESENTATION_CONTEXT(2) 
PARAMETRIC_REPRESENTATION_CONTEXT() REPRESENTATION_CONTEXT('2D SPACE',''
  ) );
#12123 = PCURVE('',#11525,#12124);
#12124 = DEFINITIONAL_REPRESENTATION('',(#12125),#12133);
#12125 = ( BOUNDED_CURVE() B_SPLINE_CURVE(2,(#12126,#12127,#12128,#12129
    ,#12130,#12131,#12132),.UNSPECIFIED.,.T.,.F.) 
B_SPLINE_CURVE_WITH_KNOTS((1,2,2,2,2,1),(-2.094395102393,0.,
    2.094395102393,4.188790204786,6.28318530718,8.377580409573),
.UNSPECIFIED.) CURVE() GEOMETRIC_REPRESENTATION_ITEM() 
RATIONAL_B_SPLINE_CURVE((1.,0.5,1.,0.5,1.,0.5,1.)) REPRESENTATION_ITEM(
  '') );
#12126 = CARTESIAN_POINT('',(8.75,-6.));
#12127 = CARTESIAN_POINT('',(8.75,-7.299038105677));
#12128 = CARTESIAN_POINT('',(7.625,-6.649519052838));
#12129 = CARTESIAN_POINT('',(6.5,-6.));
#12130 = CARTESIAN_POINT('',(7.625,-5.350480947162));
#12131 = CARTESIAN_POINT('',(8.75,-4.700961894323));
#12132 = CARTESIAN_POINT('',(8.75,-6.));
#12133 = ( GEOMETRIC_REPRESENTATION_CONTEXT(2) 
PARAMETRIC_REPRESENTATION_CONTEXT() REPRESENTATION_CONTEXT('2D SPACE',''
  ) );
#12134 = ORIENTED_EDGE('',*,*,#12086,.F.);
#12135 = ADVANCED_FACE('',(#12136),#8498,.F.);
#12136 = FACE_BOUND('',#12137,.T.);
#12137 = EDGE_LOOP('',(#12138,#12139,#12162,#12188));
#12138 = ORIENTED_EDGE('',*,*,#8477,.T.);
#12139 = ORIENTED_EDGE('',*,*,#12140,.T.);
#12140 = EDGE_CURVE('',#8478,#12141,#12143,.T.);
#12141 = VERTEX_POINT('',#12142);
#12142 = CARTESIAN_POINT('',(24.25,18.,-10.15));
#12143 = SEAM_CURVE('',#12144,(#12148,#12155),.PCURVE_S1.);
#12144 = LINE('',#12145,#12146);
#12145 = CARTESIAN_POINT('',(24.25,18.,-12.45));
#12146 = VECTOR('',#12147,1.);
#12147 = DIRECTION('',(0.,0.,1.));
#12148 = PCURVE('',#8498,#12149);
#12149 = DEFINITIONAL_REPRESENTATION('',(#12150),#12154);
#12150 = LINE('',#12151,#12152);
#12151 = CARTESIAN_POINT('',(-6.28318530718,0.));
#12152 = VECTOR('',#12153,1.);
#12153 = DIRECTION('',(-0.,-1.));
#12154 = ( GEOMETRIC_REPRESENTATION_CONTEXT(2) 
PARAMETRIC_REPRESENTATION_CONTEXT() REPRESENTATION_CONTEXT('2D SPACE',''
  ) );
#12155 = PCURVE('',#8498,#12156);
#12156 = DEFINITIONAL_REPRESENTATION('',(#12157),#12161);
#12157 = LINE('',#12158,#12159);
#12158 = CARTESIAN_POINT('',(-0.,0.));
#12159 = VECTOR('',#12160,1.);
#12160 = DIRECTION('',(-0.,-1.));
#12161 = ( GEOMETRIC_REPRESENTATION_CONTEXT(2) 
PARAMETRIC_REPRESENTATION_CONTEXT() REPRESENTATION_CONTEXT('2D SPACE',''
  ) );
#12162 = ORIENTED_EDGE('',*,*,#12163,.F.);
#12163 = EDGE_CURVE('',#12141,#12141,#12164,.T.);
#12164 = SURFACE_CURVE('',#12165,(#12170,#12177),.PCURVE_S1.);
#12165 = CIRCLE('',#12166,0.75);
#12166 = AXIS2_PLACEMENT_3D('',#12167,#12168,#12169);
#12167 = CARTESIAN_POINT('',(23.5,18.,-10.15));
#12168 = DIRECTION('',(0.,0.,-1.));
#12169 = DIRECTION('',(1.,0.,0.));
#12170 = PCURVE('',#8498,#12171);
#12171 = DEFINITIONAL_REPRESENTATION('',(#12172),#12176);
#12172 = LINE('',#12173,#12174);
#12173 = CARTESIAN_POINT('',(-6.28318530718,-2.3));
#12174 = VECTOR('',#12175,1.);
#12175 = DIRECTION('',(1.,-0.));
#12176 = ( GEOMETRIC_REPRESENTATION_CONTEXT(2) 
PARAMETRIC_REPRESENTATION_CONTEXT() REPRESENTATION_CONTEXT('2D SPACE',''
  ) );
#12177 = PCURVE('',#11525,#12178);
#12178 = DEFINITIONAL_REPRESENTATION('',(#12179),#12187);
#12179 = ( BOUNDED_CURVE() B_SPLINE_CURVE(2,(#12180,#12181,#12182,#12183
    ,#12184,#12185,#12186),.UNSPECIFIED.,.T.,.F.) 
B_SPLINE_CURVE_WITH_KNOTS((1,2,2,2,2,1),(-2.094395102393,0.,
    2.094395102393,4.188790204786,6.28318530718,8.377580409573),
.UNSPECIFIED.) CURVE() GEOMETRIC_REPRESENTATION_ITEM() 
RATIONAL_B_SPLINE_CURVE((1.,0.5,1.,0.5,1.,0.5,1.)) REPRESENTATION_ITEM(
  '') );
#12180 = CARTESIAN_POINT('',(2.75,-2.));
#12181 = CARTESIAN_POINT('',(2.75,-3.299038105677));
#12182 = CARTESIAN_POINT('',(1.625,-2.649519052838));
#12183 = CARTESIAN_POINT('',(0.5,-2.));
#12184 = CARTESIAN_POINT('',(1.625,-1.350480947162));
#12185 = CARTESIAN_POINT('',(2.75,-0.700961894323));
#12186 = CARTESIAN_POINT('',(2.75,-2.));
#12187 = ( GEOMETRIC_REPRESENTATION_CONTEXT(2) 
PARAMETRIC_REPRESENTATION_CONTEXT() REPRESENTATION_CONTEXT('2D SPACE',''
  ) );
#12188 = ORIENTED_EDGE('',*,*,#12140,.F.);
#12189 = ADVANCED_FACE('',(#12190),#8533,.F.);
#12190 = FACE_BOUND('',#12191,.T.);
#12191 = EDGE_LOOP('',(#12192,#12193,#12216,#12242));
#12192 = ORIENTED_EDGE('',*,*,#8512,.T.);
#12193 = ORIENTED_EDGE('',*,*,#12194,.T.);
#12194 = EDGE_CURVE('',#8513,#12195,#12197,.T.);
#12195 = VERTEX_POINT('',#12196);
#12196 = CARTESIAN_POINT('',(28.25,18.,-10.15));
#12197 = SEAM_CURVE('',#12198,(#12202,#12209),.PCURVE_S1.);
#12198 = LINE('',#12199,#12200);
#12199 = CARTESIAN_POINT('',(28.25,18.,-12.45));
#12200 = VECTOR('',#12201,1.);
#12201 = DIRECTION('',(0.,0.,1.));
#12202 = PCURVE('',#8533,#12203);
#12203 = DEFINITIONAL_REPRESENTATION('',(#12204),#12208);
#12204 = LINE('',#12205,#12206);
#12205 = CARTESIAN_POINT('',(-6.28318530718,0.));
#12206 = VECTOR('',#12207,1.);
#12207 = DIRECTION('',(-0.,-1.));
#12208 = ( GEOMETRIC_REPRESENTATION_CONTEXT(2) 
PARAMETRIC_REPRESENTATION_CONTEXT() REPRESENTATION_CONTEXT('2D SPACE',''
  ) );
#12209 = PCURVE('',#8533,#12210);
#12210 = DEFINITIONAL_REPRESENTATION('',(#12211),#12215);
#12211 = LINE('',#12212,#12213);
#12212 = CARTESIAN_POINT('',(-0.,0.));
#12213 = VECTOR('',#12214,1.);
#12214 = DIRECTION('',(-0.,-1.));
#12215 = ( GEOMETRIC_REPRESENTATION_CONTEXT(2) 
PARAMETRIC_REPRESENTATION_CONTEXT() REPRESENTATION_CONTEXT('2D SPACE',''
  ) );
#12216 = ORIENTED_EDGE('',*,*,#12217,.F.);
#12217 = EDGE_CURVE('',#12195,#12195,#12218,.T.);
#12218 = SURFACE_CURVE('',#12219,(#12224,#12231),.PCURVE_S1.);
#12219 = CIRCLE('',#12220,0.75);
#12220 = AXIS2_PLACEMENT_3D('',#12221,#12222,#12223);
#12221 = CARTESIAN_POINT('',(27.5,18.,-10.15));
#12222 = DIRECTION('',(0.,0.,-1.));
#12223 = DIRECTION('',(1.,0.,0.));
#12224 = PCURVE('',#8533,#12225);
#12225 = DEFINITIONAL_REPRESENTATION('',(#12226),#12230);
#12226 = LINE('',#12227,#12228);
#12227 = CARTESIAN_POINT('',(-6.28318530718,-2.3));
#12228 = VECTOR('',#12229,1.);
#12229 = DIRECTION('',(1.,-0.));
#12230 = ( GEOMETRIC_REPRESENTATION_CONTEXT(2) 
PARAMETRIC_REPRESENTATION_CONTEXT() REPRESENTATION_CONTEXT('2D SPACE',''
  ) );
#12231 = PCURVE('',#11525,#12232);
#12232 = DEFINITIONAL_REPRESENTATION('',(#12233),#12241);
#12233 = ( BOUNDED_CURVE() B_SPLINE_CURVE(2,(#12234,#12235,#12236,#12237
    ,#12238,#12239,#12240),.UNSPECIFIED.,.T.,.F.) 
B_SPLINE_CURVE_WITH_KNOTS((1,2,2,2,2,1),(-2.094395102393,0.,
    2.094395102393,4.188790204786,6.28318530718,8.377580409573),
.UNSPECIFIED.) CURVE() GEOMETRIC_REPRESENTATION_ITEM() 
RATIONAL_B_SPLINE_CURVE((1.,0.5,1.,0.5,1.,0.5,1.)) REPRESENTATION_ITEM(
  '') );
#12234 = CARTESIAN_POINT('',(6.75,-2.));
#12235 = CARTESIAN_POINT('',(6.75,-3.299038105677));
#12236 = CARTESIAN_POINT('',(5.625,-2.649519052838));
#12237 = CARTESIAN_POINT('',(4.5,-2.));
#12238 = CARTESIAN_POINT('',(5.625,-1.350480947162));
#12239 = CARTESIAN_POINT('',(6.75,-0.700961894323));
#12240 = CARTESIAN_POINT('',(6.75,-2.));
#12241 = ( GEOMETRIC_REPRESENTATION_CONTEXT(2) 
PARAMETRIC_REPRESENTATION_CONTEXT() REPRESENTATION_CONTEXT('2D SPACE',''
  ) );
#12242 = ORIENTED_EDGE('',*,*,#12194,.F.);
#12243 = ADVANCED_FACE('',(#12244),#8568,.F.);
#12244 = FACE_BOUND('',#12245,.T.);
#12245 = EDGE_LOOP('',(#12246,#12247,#12270,#12296));
#12246 = ORIENTED_EDGE('',*,*,#8547,.T.);
#12247 = ORIENTED_EDGE('',*,*,#12248,.T.);
#12248 = EDGE_CURVE('',#8548,#12249,#12251,.T.);
#12249 = VERTEX_POINT('',#12250);
#12250 = CARTESIAN_POINT('',(32.25,18.,-10.15));
#12251 = SEAM_CURVE('',#12252,(#12256,#12263),.PCURVE_S1.);
#12252 = LINE('',#12253,#12254);
#12253 = CARTESIAN_POINT('',(32.25,18.,-12.45));
#12254 = VECTOR('',#12255,1.);
#12255 = DIRECTION('',(0.,0.,1.));
#12256 = PCURVE('',#8568,#12257);
#12257 = DEFINITIONAL_REPRESENTATION('',(#12258),#12262);
#12258 = LINE('',#12259,#12260);
#12259 = CARTESIAN_POINT('',(-6.28318530718,0.));
#12260 = VECTOR('',#12261,1.);
#12261 = DIRECTION('',(-0.,-1.));
#12262 = ( GEOMETRIC_REPRESENTATION_CONTEXT(2) 
PARAMETRIC_REPRESENTATION_CONTEXT() REPRESENTATION_CONTEXT('2D SPACE',''
  ) );
#12263 = PCURVE('',#8568,#12264);
#12264 = DEFINITIONAL_REPRESENTATION('',(#12265),#12269);
#12265 = LINE('',#12266,#12267);
#12266 = CARTESIAN_POINT('',(-0.,0.));
#12267 = VECTOR('',#12268,1.);
#12268 = DIRECTION('',(-0.,-1.));
#12269 = ( GEOMETRIC_REPRESENTATION_CONTEXT(2) 
PARAMETRIC_REPRESENTATION_CONTEXT() REPRESENTATION_CONTEXT('2D SPACE',''
  ) );
#12270 = ORIENTED_EDGE('',*,*,#12271,.F.);
#12271 = EDGE_CURVE('',#12249,#12249,#12272,.T.);
#12272 = SURFACE_CURVE('',#12273,(#12278,#12285),.PCURVE_S1.);
#12273 = CIRCLE('',#12274,0.75);
#12274 = AXIS2_PLACEMENT_3D('',#12275,#12276,#12277);
#12275 = CARTESIAN_POINT('',(31.5,18.,-10.15));
#12276 = DIRECTION('',(0.,0.,-1.));
#12277 = DIRECTION('',(1.,0.,0.));
#12278 = PCURVE('',#8568,#12279);
#12279 = DEFINITIONAL_REPRESENTATION('',(#12280),#12284);
#12280 = LINE('',#12281,#12282);
#12281 = CARTESIAN_POINT('',(-6.28318530718,-2.3));
#12282 = VECTOR('',#12283,1.);
#12283 = DIRECTION('',(1.,-0.));
#12284 = ( GEOMETRIC_REPRESENTATION_CONTEXT(2) 
PARAMETRIC_REPRESENTATION_CONTEXT() REPRESENTATION_CONTEXT('2D SPACE',''
  ) );
#12285 = PCURVE('',#11525,#12286);
#12286 = DEFINITIONAL_REPRESENTATION('',(#12287),#12295);
#12287 = ( BOUNDED_CURVE() B_SPLINE_CURVE(2,(#12288,#12289,#12290,#12291
    ,#12292,#12293,#12294),.UNSPECIFIED.,.T.,.F.) 
B_SPLINE_CURVE_WITH_KNOTS((1,2,2,2,2,1),(-2.094395102393,0.,
    2.094395102393,4.188790204786,6.28318530718,8.377580409573),
.UNSPECIFIED.) CURVE() GEOMETRIC_REPRESENTATION_ITEM() 
RATIONAL_B_SPLINE_CURVE((1.,0.5,1.,0.5,1.,0.5,1.)) REPRESENTATION_ITEM(
  '') );
#12288 = CARTESIAN_POINT('',(10.75,-2.));
#12289 = CARTESIAN_POINT('',(10.75,-3.299038105677));
#12290 = CARTESIAN_POINT('',(9.625,-2.649519052838));
#12291 = CARTESIAN_POINT('',(8.5,-2.));
#12292 = CARTESIAN_POINT('',(9.625,-1.350480947162));
#12293 = CARTESIAN_POINT('',(10.75,-0.700961894323));
#12294 = CARTESIAN_POINT('',(10.75,-2.));
#12295 = ( GEOMETRIC_REPRESENTATION_CONTEXT(2) 
PARAMETRIC_REPRESENTATION_CONTEXT() REPRESENTATION_CONTEXT('2D SPACE',''
  ) );
#12296 = ORIENTED_EDGE('',*,*,#12248,.F.);
#12297 = ADVANCED_FACE('',(#12298),#8603,.F.);
#12298 = FACE_BOUND('',#12299,.T.);
#12299 = EDGE_LOOP('',(#12300,#12301,#12324,#12350));
#12300 = ORIENTED_EDGE('',*,*,#8582,.T.);
#12301 = ORIENTED_EDGE('',*,*,#12302,.T.);
#12302 = EDGE_CURVE('',#8583,#12303,#12305,.T.);
#12303 = VERTEX_POINT('',#12304);
#12304 = CARTESIAN_POINT('',(14.25,22.,-10.15));
#12305 = SEAM_CURVE('',#12306,(#12310,#12317),.PCURVE_S1.);
#12306 = LINE('',#12307,#12308);
#12307 = CARTESIAN_POINT('',(14.25,22.,-12.45));
#12308 = VECTOR('',#12309,1.);
#12309 = DIRECTION('',(0.,0.,1.));
#12310 = PCURVE('',#8603,#12311);
#12311 = DEFINITIONAL_REPRESENTATION('',(#12312),#12316);
#12312 = LINE('',#12313,#12314);
#12313 = CARTESIAN_POINT('',(-6.28318530718,0.));
#12314 = VECTOR('',#12315,1.);
#12315 = DIRECTION('',(-0.,-1.));
#12316 = ( GEOMETRIC_REPRESENTATION_CONTEXT(2) 
PARAMETRIC_REPRESENTATION_CONTEXT() REPRESENTATION_CONTEXT('2D SPACE',''
  ) );
#12317 = PCURVE('',#8603,#12318);
#12318 = DEFINITIONAL_REPRESENTATION('',(#12319),#12323);
#12319 = LINE('',#12320,#12321);
#12320 = CARTESIAN_POINT('',(-0.,0.));
#12321 = VECTOR('',#12322,1.);
#12322 = DIRECTION('',(-0.,-1.));
#12323 = ( GEOMETRIC_REPRESENTATION_CONTEXT(2) 
PARAMETRIC_REPRESENTATION_CONTEXT() REPRESENTATION_CONTEXT('2D SPACE',''
  ) );
#12324 = ORIENTED_EDGE('',*,*,#12325,.F.);
#12325 = EDGE_CURVE('',#12303,#12303,#12326,.T.);
#12326 = SURFACE_CURVE('',#12327,(#12332,#12339),.PCURVE_S1.);
#12327 = CIRCLE('',#12328,0.75);
#12328 = AXIS2_PLACEMENT_3D('',#12329,#12330,#12331);
#12329 = CARTESIAN_POINT('',(13.5,22.,-10.15));
#12330 = DIRECTION('',(0.,0.,-1.));
#12331 = DIRECTION('',(1.,0.,0.));
#12332 = PCURVE('',#8603,#12333);
#12333 = DEFINITIONAL_REPRESENTATION('',(#12334),#12338);
#12334 = LINE('',#12335,#12336);
#12335 = CARTESIAN_POINT('',(-6.28318530718,-2.3));
#12336 = VECTOR('',#12337,1.);
#12337 = DIRECTION('',(1.,-0.));
#12338 = ( GEOMETRIC_REPRESENTATION_CONTEXT(2) 
PARAMETRIC_REPRESENTATION_CONTEXT() REPRESENTATION_CONTEXT('2D SPACE',''
  ) );
#12339 = PCURVE('',#11525,#12340);
#12340 = DEFINITIONAL_REPRESENTATION('',(#12341),#12349);
#12341 = ( BOUNDED_CURVE() B_SPLINE_CURVE(2,(#12342,#12343,#12344,#12345
    ,#12346,#12347,#12348),.UNSPECIFIED.,.T.,.F.) 
B_SPLINE_CURVE_WITH_KNOTS((1,2,2,2,2,1),(-2.094395102393,0.,
    2.094395102393,4.188790204786,6.28318530718,8.377580409573),
.UNSPECIFIED.) CURVE() GEOMETRIC_REPRESENTATION_ITEM() 
RATIONAL_B_SPLINE_CURVE((1.,0.5,1.,0.5,1.,0.5,1.)) REPRESENTATION_ITEM(
  '') );
#12342 = CARTESIAN_POINT('',(-7.25,2.));
#12343 = CARTESIAN_POINT('',(-7.25,0.700961894323));
#12344 = CARTESIAN_POINT('',(-8.375,1.350480947162));
#12345 = CARTESIAN_POINT('',(-9.5,2.));
#12346 = CARTESIAN_POINT('',(-8.375,2.649519052838));
#12347 = CARTESIAN_POINT('',(-7.25,3.299038105677));
#12348 = CARTESIAN_POINT('',(-7.25,2.));
#12349 = ( GEOMETRIC_REPRESENTATION_CONTEXT(2) 
PARAMETRIC_REPRESENTATION_CONTEXT() REPRESENTATION_CONTEXT('2D SPACE',''
  ) );
#12350 = ORIENTED_EDGE('',*,*,#12302,.F.);
#12351 = ADVANCED_FACE('',(#12352),#8638,.F.);
#12352 = FACE_BOUND('',#12353,.T.);
#12353 = EDGE_LOOP('',(#12354,#12355,#12378,#12404));
#12354 = ORIENTED_EDGE('',*,*,#8617,.T.);
#12355 = ORIENTED_EDGE('',*,*,#12356,.T.);
#12356 = EDGE_CURVE('',#8618,#12357,#12359,.T.);
#12357 = VERTEX_POINT('',#12358);
#12358 = CARTESIAN_POINT('',(18.25,22.,-10.15));
#12359 = SEAM_CURVE('',#12360,(#12364,#12371),.PCURVE_S1.);
#12360 = LINE('',#12361,#12362);
#12361 = CARTESIAN_POINT('',(18.25,22.,-12.45));
#12362 = VECTOR('',#12363,1.);
#12363 = DIRECTION('',(0.,0.,1.));
#12364 = PCURVE('',#8638,#12365);
#12365 = DEFINITIONAL_REPRESENTATION('',(#12366),#12370);
#12366 = LINE('',#12367,#12368);
#12367 = CARTESIAN_POINT('',(-6.28318530718,0.));
#12368 = VECTOR('',#12369,1.);
#12369 = DIRECTION('',(-0.,-1.));
#12370 = ( GEOMETRIC_REPRESENTATION_CONTEXT(2) 
PARAMETRIC_REPRESENTATION_CONTEXT() REPRESENTATION_CONTEXT('2D SPACE',''
  ) );
#12371 = PCURVE('',#8638,#12372);
#12372 = DEFINITIONAL_REPRESENTATION('',(#12373),#12377);
#12373 = LINE('',#12374,#12375);
#12374 = CARTESIAN_POINT('',(-0.,0.));
#12375 = VECTOR('',#12376,1.);
#12376 = DIRECTION('',(-0.,-1.));
#12377 = ( GEOMETRIC_REPRESENTATION_CONTEXT(2) 
PARAMETRIC_REPRESENTATION_CONTEXT() REPRESENTATION_CONTEXT('2D SPACE',''
  ) );
#12378 = ORIENTED_EDGE('',*,*,#12379,.F.);
#12379 = EDGE_CURVE('',#12357,#12357,#12380,.T.);
#12380 = SURFACE_CURVE('',#12381,(#12386,#12393),.PCURVE_S1.);
#12381 = CIRCLE('',#12382,0.75);
#12382 = AXIS2_PLACEMENT_3D('',#12383,#12384,#12385);
#12383 = CARTESIAN_POINT('',(17.5,22.,-10.15));
#12384 = DIRECTION('',(0.,0.,-1.));
#12385 = DIRECTION('',(1.,0.,0.));
#12386 = PCURVE('',#8638,#12387);
#12387 = DEFINITIONAL_REPRESENTATION('',(#12388),#12392);
#12388 = LINE('',#12389,#12390);
#12389 = CARTESIAN_POINT('',(-6.28318530718,-2.3));
#12390 = VECTOR('',#12391,1.);
#12391 = DIRECTION('',(1.,-0.));
#12392 = ( GEOMETRIC_REPRESENTATION_CONTEXT(2) 
PARAMETRIC_REPRESENTATION_CONTEXT() REPRESENTATION_CONTEXT('2D SPACE',''
  ) );
#12393 = PCURVE('',#11525,#12394);
#12394 = DEFINITIONAL_REPRESENTATION('',(#12395),#12403);
#12395 = ( BOUNDED_CURVE() B_SPLINE_CURVE(2,(#12396,#12397,#12398,#12399
    ,#12400,#12401,#12402),.UNSPECIFIED.,.T.,.F.) 
B_SPLINE_CURVE_WITH_KNOTS((1,2,2,2,2,1),(-2.094395102393,0.,
    2.094395102393,4.188790204786,6.28318530718,8.377580409573),
.UNSPECIFIED.) CURVE() GEOMETRIC_REPRESENTATION_ITEM() 
RATIONAL_B_SPLINE_CURVE((1.,0.5,1.,0.5,1.,0.5,1.)) REPRESENTATION_ITEM(
  '') );
#12396 = CARTESIAN_POINT('',(-3.25,2.));
#12397 = CARTESIAN_POINT('',(-3.25,0.700961894323));
#12398 = CARTESIAN_POINT('',(-4.375,1.350480947162));
#12399 = CARTESIAN_POINT('',(-5.5,2.));
#12400 = CARTESIAN_POINT('',(-4.375,2.649519052838));
#12401 = CARTESIAN_POINT('',(-3.25,3.299038105677));
#12402 = CARTESIAN_POINT('',(-3.25,2.));
#12403 = ( GEOMETRIC_REPRESENTATION_CONTEXT(2) 
PARAMETRIC_REPRESENTATION_CONTEXT() REPRESENTATION_CONTEXT('2D SPACE',''
  ) );
#12404 = ORIENTED_EDGE('',*,*,#12356,.F.);
#12405 = ADVANCED_FACE('',(#12406),#8673,.F.);
#12406 = FACE_BOUND('',#12407,.T.);
#12407 = EDGE_LOOP('',(#12408,#12409,#12432,#12458));
#12408 = ORIENTED_EDGE('',*,*,#8652,.T.);
#12409 = ORIENTED_EDGE('',*,*,#12410,.T.);
#12410 = EDGE_CURVE('',#8653,#12411,#12413,.T.);
#12411 = VERTEX_POINT('',#12412);
#12412 = CARTESIAN_POINT('',(22.25,22.,-10.15));
#12413 = SEAM_CURVE('',#12414,(#12418,#12425),.PCURVE_S1.);
#12414 = LINE('',#12415,#12416);
#12415 = CARTESIAN_POINT('',(22.25,22.,-12.45));
#12416 = VECTOR('',#12417,1.);
#12417 = DIRECTION('',(0.,0.,1.));
#12418 = PCURVE('',#8673,#12419);
#12419 = DEFINITIONAL_REPRESENTATION('',(#12420),#12424);
#12420 = LINE('',#12421,#12422);
#12421 = CARTESIAN_POINT('',(-6.28318530718,0.));
#12422 = VECTOR('',#12423,1.);
#12423 = DIRECTION('',(-0.,-1.));
#12424 = ( GEOMETRIC_REPRESENTATION_CONTEXT(2) 
PARAMETRIC_REPRESENTATION_CONTEXT() REPRESENTATION_CONTEXT('2D SPACE',''
  ) );
#12425 = PCURVE('',#8673,#12426);
#12426 = DEFINITIONAL_REPRESENTATION('',(#12427),#12431);
#12427 = LINE('',#12428,#12429);
#12428 = CARTESIAN_POINT('',(-0.,0.));
#12429 = VECTOR('',#12430,1.);
#12430 = DIRECTION('',(-0.,-1.));
#12431 = ( GEOMETRIC_REPRESENTATION_CONTEXT(2) 
PARAMETRIC_REPRESENTATION_CONTEXT() REPRESENTATION_CONTEXT('2D SPACE',''
  ) );
#12432 = ORIENTED_EDGE('',*,*,#12433,.F.);
#12433 = EDGE_CURVE('',#12411,#12411,#12434,.T.);
#12434 = SURFACE_CURVE('',#12435,(#12440,#12447),.PCURVE_S1.);
#12435 = CIRCLE('',#12436,0.75);
#12436 = AXIS2_PLACEMENT_3D('',#12437,#12438,#12439);
#12437 = CARTESIAN_POINT('',(21.5,22.,-10.15));
#12438 = DIRECTION('',(0.,0.,-1.));
#12439 = DIRECTION('',(1.,0.,0.));
#12440 = PCURVE('',#8673,#12441);
#12441 = DEFINITIONAL_REPRESENTATION('',(#12442),#12446);
#12442 = LINE('',#12443,#12444);
#12443 = CARTESIAN_POINT('',(-6.28318530718,-2.3));
#12444 = VECTOR('',#12445,1.);
#12445 = DIRECTION('',(1.,-0.));
#12446 = ( GEOMETRIC_REPRESENTATION_CONTEXT(2) 
PARAMETRIC_REPRESENTATION_CONTEXT() REPRESENTATION_CONTEXT('2D SPACE',''
  ) );
#12447 = PCURVE('',#11525,#12448);
#12448 = DEFINITIONAL_REPRESENTATION('',(#12449),#12457);
#12449 = ( BOUNDED_CURVE() B_SPLINE_CURVE(2,(#12450,#12451,#12452,#12453
    ,#12454,#12455,#12456),.UNSPECIFIED.,.T.,.F.) 
B_SPLINE_CURVE_WITH_KNOTS((1,2,2,2,2,1),(-2.094395102393,0.,
    2.094395102393,4.188790204786,6.28318530718,8.377580409573),
.UNSPECIFIED.) CURVE() GEOMETRIC_REPRESENTATION_ITEM() 
RATIONAL_B_SPLINE_CURVE((1.,0.5,1.,0.5,1.,0.5,1.)) REPRESENTATION_ITEM(
  '') );
#12450 = CARTESIAN_POINT('',(0.75,2.));
#12451 = CARTESIAN_POINT('',(0.75,0.700961894323));
#12452 = CARTESIAN_POINT('',(-0.375,1.350480947162));
#12453 = CARTESIAN_POINT('',(-1.5,2.));
#12454 = CARTESIAN_POINT('',(-0.375,2.649519052838));
#12455 = CARTESIAN_POINT('',(0.75,3.299038105677));
#12456 = CARTESIAN_POINT('',(0.75,2.));
#12457 = ( GEOMETRIC_REPRESENTATION_CONTEXT(2) 
PARAMETRIC_REPRESENTATION_CONTEXT() REPRESENTATION_CONTEXT('2D SPACE',''
  ) );
#12458 = ORIENTED_EDGE('',*,*,#12410,.F.);
#12459 = ADVANCED_FACE('',(#12460),#8708,.F.);
#12460 = FACE_BOUND('',#12461,.T.);
#12461 = EDGE_LOOP('',(#12462,#12463,#12486,#12512));
#12462 = ORIENTED_EDGE('',*,*,#8687,.T.);
#12463 = ORIENTED_EDGE('',*,*,#12464,.T.);
#12464 = EDGE_CURVE('',#8688,#12465,#12467,.T.);
#12465 = VERTEX_POINT('',#12466);
#12466 = CARTESIAN_POINT('',(12.25,26.,-10.15));
#12467 = SEAM_CURVE('',#12468,(#12472,#12479),.PCURVE_S1.);
#12468 = LINE('',#12469,#12470);
#12469 = CARTESIAN_POINT('',(12.25,26.,-12.45));
#12470 = VECTOR('',#12471,1.);
#12471 = DIRECTION('',(0.,0.,1.));
#12472 = PCURVE('',#8708,#12473);
#12473 = DEFINITIONAL_REPRESENTATION('',(#12474),#12478);
#12474 = LINE('',#12475,#12476);
#12475 = CARTESIAN_POINT('',(-6.28318530718,0.));
#12476 = VECTOR('',#12477,1.);
#12477 = DIRECTION('',(-0.,-1.));
#12478 = ( GEOMETRIC_REPRESENTATION_CONTEXT(2) 
PARAMETRIC_REPRESENTATION_CONTEXT() REPRESENTATION_CONTEXT('2D SPACE',''
  ) );
#12479 = PCURVE('',#8708,#12480);
#12480 = DEFINITIONAL_REPRESENTATION('',(#12481),#12485);
#12481 = LINE('',#12482,#12483);
#12482 = CARTESIAN_POINT('',(-0.,0.));
#12483 = VECTOR('',#12484,1.);
#12484 = DIRECTION('',(-0.,-1.));
#12485 = ( GEOMETRIC_REPRESENTATION_CONTEXT(2) 
PARAMETRIC_REPRESENTATION_CONTEXT() REPRESENTATION_CONTEXT('2D SPACE',''
  ) );
#12486 = ORIENTED_EDGE('',*,*,#12487,.F.);
#12487 = EDGE_CURVE('',#12465,#12465,#12488,.T.);
#12488 = SURFACE_CURVE('',#12489,(#12494,#12501),.PCURVE_S1.);
#12489 = CIRCLE('',#12490,0.75);
#12490 = AXIS2_PLACEMENT_3D('',#12491,#12492,#12493);
#12491 = CARTESIAN_POINT('',(11.5,26.,-10.15));
#12492 = DIRECTION('',(0.,0.,-1.));
#12493 = DIRECTION('',(1.,0.,0.));
#12494 = PCURVE('',#8708,#12495);
#12495 = DEFINITIONAL_REPRESENTATION('',(#12496),#12500);
#12496 = LINE('',#12497,#12498);
#12497 = CARTESIAN_POINT('',(-6.28318530718,-2.3));
#12498 = VECTOR('',#12499,1.);
#12499 = DIRECTION('',(1.,-0.));
#12500 = ( GEOMETRIC_REPRESENTATION_CONTEXT(2) 
PARAMETRIC_REPRESENTATION_CONTEXT() REPRESENTATION_CONTEXT('2D SPACE',''
  ) );
#12501 = PCURVE('',#11525,#12502);
#12502 = DEFINITIONAL_REPRESENTATION('',(#12503),#12511);
#12503 = ( BOUNDED_CURVE() B_SPLINE_CURVE(2,(#12504,#12505,#12506,#12507
    ,#12508,#12509,#12510),.UNSPECIFIED.,.T.,.F.) 
B_SPLINE_CURVE_WITH_KNOTS((1,2,2,2,2,1),(-2.094395102393,0.,
    2.094395102393,4.188790204786,6.28318530718,8.377580409573),
.UNSPECIFIED.) CURVE() GEOMETRIC_REPRESENTATION_ITEM() 
RATIONAL_B_SPLINE_CURVE((1.,0.5,1.,0.5,1.,0.5,1.)) REPRESENTATION_ITEM(
  '') );
#12504 = CARTESIAN_POINT('',(-9.25,6.));
#12505 = CARTESIAN_POINT('',(-9.25,4.700961894323));
#12506 = CARTESIAN_POINT('',(-10.375,5.350480947162));
#12507 = CARTESIAN_POINT('',(-11.5,6.));
#12508 = CARTESIAN_POINT('',(-10.375,6.649519052838));
#12509 = CARTESIAN_POINT('',(-9.25,7.299038105677));
#12510 = CARTESIAN_POINT('',(-9.25,6.));
#12511 = ( GEOMETRIC_REPRESENTATION_CONTEXT(2) 
PARAMETRIC_REPRESENTATION_CONTEXT() REPRESENTATION_CONTEXT('2D SPACE',''
  ) );
#12512 = ORIENTED_EDGE('',*,*,#12464,.F.);
#12513 = ADVANCED_FACE('',(#12514),#8743,.F.);
#12514 = FACE_BOUND('',#12515,.T.);
#12515 = EDGE_LOOP('',(#12516,#12517,#12540,#12566));
#12516 = ORIENTED_EDGE('',*,*,#8722,.T.);
#12517 = ORIENTED_EDGE('',*,*,#12518,.T.);
#12518 = EDGE_CURVE('',#8723,#12519,#12521,.T.);
#12519 = VERTEX_POINT('',#12520);
#12520 = CARTESIAN_POINT('',(16.25,26.,-10.15));
#12521 = SEAM_CURVE('',#12522,(#12526,#12533),.PCURVE_S1.);
#12522 = LINE('',#12523,#12524);
#12523 = CARTESIAN_POINT('',(16.25,26.,-12.45));
#12524 = VECTOR('',#12525,1.);
#12525 = DIRECTION('',(0.,0.,1.));
#12526 = PCURVE('',#8743,#12527);
#12527 = DEFINITIONAL_REPRESENTATION('',(#12528),#12532);
#12528 = LINE('',#12529,#12530);
#12529 = CARTESIAN_POINT('',(-6.28318530718,0.));
#12530 = VECTOR('',#12531,1.);
#12531 = DIRECTION('',(-0.,-1.));
#12532 = ( GEOMETRIC_REPRESENTATION_CONTEXT(2) 
PARAMETRIC_REPRESENTATION_CONTEXT() REPRESENTATION_CONTEXT('2D SPACE',''
  ) );
#12533 = PCURVE('',#8743,#12534);
#12534 = DEFINITIONAL_REPRESENTATION('',(#12535),#12539);
#12535 = LINE('',#12536,#12537);
#12536 = CARTESIAN_POINT('',(-0.,0.));
#12537 = VECTOR('',#12538,1.);
#12538 = DIRECTION('',(-0.,-1.));
#12539 = ( GEOMETRIC_REPRESENTATION_CONTEXT(2) 
PARAMETRIC_REPRESENTATION_CONTEXT() REPRESENTATION_CONTEXT('2D SPACE',''
  ) );
#12540 = ORIENTED_EDGE('',*,*,#12541,.F.);
#12541 = EDGE_CURVE('',#12519,#12519,#12542,.T.);
#12542 = SURFACE_CURVE('',#12543,(#12548,#12555),.PCURVE_S1.);
#12543 = CIRCLE('',#12544,0.75);
#12544 = AXIS2_PLACEMENT_3D('',#12545,#12546,#12547);
#12545 = CARTESIAN_POINT('',(15.5,26.,-10.15));
#12546 = DIRECTION('',(0.,0.,-1.));
#12547 = DIRECTION('',(1.,0.,0.));
#12548 = PCURVE('',#8743,#12549);
#12549 = DEFINITIONAL_REPRESENTATION('',(#12550),#12554);
#12550 = LINE('',#12551,#12552);
#12551 = CARTESIAN_POINT('',(-6.28318530718,-2.3));
#12552 = VECTOR('',#12553,1.);
#12553 = DIRECTION('',(1.,-0.));
#12554 = ( GEOMETRIC_REPRESENTATION_CONTEXT(2) 
PARAMETRIC_REPRESENTATION_CONTEXT() REPRESENTATION_CONTEXT('2D SPACE',''
  ) );
#12555 = PCURVE('',#11525,#12556);
#12556 = DEFINITIONAL_REPRESENTATION('',(#12557),#12565);
#12557 = ( BOUNDED_CURVE() B_SPLINE_CURVE(2,(#12558,#12559,#12560,#12561
    ,#12562,#12563,#12564),.UNSPECIFIED.,.T.,.F.) 
B_SPLINE_CURVE_WITH_KNOTS((1,2,2,2,2,1),(-2.094395102393,0.,
    2.094395102393,4.188790204786,6.28318530718,8.377580409573),
.UNSPECIFIED.) CURVE() GEOMETRIC_REPRESENTATION_ITEM() 
RATIONAL_B_SPLINE_CURVE((1.,0.5,1.,0.5,1.,0.5,1.)) REPRESENTATION_ITEM(
  '') );
#12558 = CARTESIAN_POINT('',(-5.25,6.));
#12559 = CARTESIAN_POINT('',(-5.25,4.700961894323));
#12560 = CARTESIAN_POINT('',(-6.375,5.350480947162));
#12561 = CARTESIAN_POINT('',(-7.5,6.));
#12562 = CARTESIAN_POINT('',(-6.375,6.649519052838));
#12563 = CARTESIAN_POINT('',(-5.25,7.299038105677));
#12564 = CARTESIAN_POINT('',(-5.25,6.));
#12565 = ( GEOMETRIC_REPRESENTATION_CONTEXT(2) 
PARAMETRIC_REPRESENTATION_CONTEXT() REPRESENTATION_CONTEXT('2D SPACE',''
  ) );
#12566 = ORIENTED_EDGE('',*,*,#12518,.F.);
#12567 = ADVANCED_FACE('',(#12568),#8778,.F.);
#12568 = FACE_BOUND('',#12569,.T.);
#12569 = EDGE_LOOP('',(#12570,#12571,#12594,#12620));
#12570 = ORIENTED_EDGE('',*,*,#8757,.T.);
#12571 = ORIENTED_EDGE('',*,*,#12572,.T.);
#12572 = EDGE_CURVE('',#8758,#12573,#12575,.T.);
#12573 = VERTEX_POINT('',#12574);
#12574 = CARTESIAN_POINT('',(20.25,26.,-10.15));
#12575 = SEAM_CURVE('',#12576,(#12580,#12587),.PCURVE_S1.);
#12576 = LINE('',#12577,#12578);
#12577 = CARTESIAN_POINT('',(20.25,26.,-12.45));
#12578 = VECTOR('',#12579,1.);
#12579 = DIRECTION('',(0.,0.,1.));
#12580 = PCURVE('',#8778,#12581);
#12581 = DEFINITIONAL_REPRESENTATION('',(#12582),#12586);
#12582 = LINE('',#12583,#12584);
#12583 = CARTESIAN_POINT('',(-6.28318530718,0.));
#12584 = VECTOR('',#12585,1.);
#12585 = DIRECTION('',(-0.,-1.));
#12586 = ( GEOMETRIC_REPRESENTATION_CONTEXT(2) 
PARAMETRIC_REPRESENTATION_CONTEXT() REPRESENTATION_CONTEXT('2D SPACE',''
  ) );
#12587 = PCURVE('',#8778,#12588);
#12588 = DEFINITIONAL_REPRESENTATION('',(#12589),#12593);
#12589 = LINE('',#12590,#12591);
#12590 = CARTESIAN_POINT('',(-0.,0.));
#12591 = VECTOR('',#12592,1.);
#12592 = DIRECTION('',(-0.,-1.));
#12593 = ( GEOMETRIC_REPRESENTATION_CONTEXT(2) 
PARAMETRIC_REPRESENTATION_CONTEXT() REPRESENTATION_CONTEXT('2D SPACE',''
  ) );
#12594 = ORIENTED_EDGE('',*,*,#12595,.F.);
#12595 = EDGE_CURVE('',#12573,#12573,#12596,.T.);
#12596 = SURFACE_CURVE('',#12597,(#12602,#12609),.PCURVE_S1.);
#12597 = CIRCLE('',#12598,0.75);
#12598 = AXIS2_PLACEMENT_3D('',#12599,#12600,#12601);
#12599 = CARTESIAN_POINT('',(19.5,26.,-10.15));
#12600 = DIRECTION('',(0.,0.,-1.));
#12601 = DIRECTION('',(1.,0.,0.));
#12602 = PCURVE('',#8778,#12603);
#12603 = DEFINITIONAL_REPRESENTATION('',(#12604),#12608);
#12604 = LINE('',#12605,#12606);
#12605 = CARTESIAN_POINT('',(-6.28318530718,-2.3));
#12606 = VECTOR('',#12607,1.);
#12607 = DIRECTION('',(1.,-0.));
#12608 = ( GEOMETRIC_REPRESENTATION_CONTEXT(2) 
PARAMETRIC_REPRESENTATION_CONTEXT() REPRESENTATION_CONTEXT('2D SPACE',''
  ) );
#12609 = PCURVE('',#11525,#12610);
#12610 = DEFINITIONAL_REPRESENTATION('',(#12611),#12619);
#12611 = ( BOUNDED_CURVE() B_SPLINE_CURVE(2,(#12612,#12613,#12614,#12615
    ,#12616,#12617,#12618),.UNSPECIFIED.,.T.,.F.) 
B_SPLINE_CURVE_WITH_KNOTS((1,2,2,2,2,1),(-2.094395102393,0.,
    2.094395102393,4.188790204786,6.28318530718,8.377580409573),
.UNSPECIFIED.) CURVE() GEOMETRIC_REPRESENTATION_ITEM() 
RATIONAL_B_SPLINE_CURVE((1.,0.5,1.,0.5,1.,0.5,1.)) REPRESENTATION_ITEM(
  '') );
#12612 = CARTESIAN_POINT('',(-1.25,6.));
#12613 = CARTESIAN_POINT('',(-1.25,4.700961894323));
#12614 = CARTESIAN_POINT('',(-2.375,5.350480947162));
#12615 = CARTESIAN_POINT('',(-3.5,6.));
#12616 = CARTESIAN_POINT('',(-2.375,6.649519052838));
#12617 = CARTESIAN_POINT('',(-1.25,7.299038105677));
#12618 = CARTESIAN_POINT('',(-1.25,6.));
#12619 = ( GEOMETRIC_REPRESENTATION_CONTEXT(2) 
PARAMETRIC_REPRESENTATION_CONTEXT() REPRESENTATION_CONTEXT('2D SPACE',''
  ) );
#12620 = ORIENTED_EDGE('',*,*,#12572,.F.);
#12621 = ADVANCED_FACE('',(#12622),#8813,.F.);
#12622 = FACE_BOUND('',#12623,.T.);
#12623 = EDGE_LOOP('',(#12624,#12625,#12648,#12674));
#12624 = ORIENTED_EDGE('',*,*,#8792,.T.);
#12625 = ORIENTED_EDGE('',*,*,#12626,.T.);
#12626 = EDGE_CURVE('',#8793,#12627,#12629,.T.);
#12627 = VERTEX_POINT('',#12628);
#12628 = CARTESIAN_POINT('',(18.25,30.,-10.15));
#12629 = SEAM_CURVE('',#12630,(#12634,#12641),.PCURVE_S1.);
#12630 = LINE('',#12631,#12632);
#12631 = CARTESIAN_POINT('',(18.25,30.,-12.45));
#12632 = VECTOR('',#12633,1.);
#12633 = DIRECTION('',(0.,0.,1.));
#12634 = PCURVE('',#8813,#12635);
#12635 = DEFINITIONAL_REPRESENTATION('',(#12636),#12640);
#12636 = LINE('',#12637,#12638);
#12637 = CARTESIAN_POINT('',(-6.28318530718,0.));
#12638 = VECTOR('',#12639,1.);
#12639 = DIRECTION('',(-0.,-1.));
#12640 = ( GEOMETRIC_REPRESENTATION_CONTEXT(2) 
PARAMETRIC_REPRESENTATION_CONTEXT() REPRESENTATION_CONTEXT('2D SPACE',''
  ) );
#12641 = PCURVE('',#8813,#12642);
#12642 = DEFINITIONAL_REPRESENTATION('',(#12643),#12647);
#12643 = LINE('',#12644,#12645);
#12644 = CARTESIAN_POINT('',(-0.,0.));
#12645 = VECTOR('',#12646,1.);
#12646 = DIRECTION('',(-0.,-1.));
#12647 = ( GEOMETRIC_REPRESENTATION_CONTEXT(2) 
PARAMETRIC_REPRESENTATION_CONTEXT() REPRESENTATION_CONTEXT('2D SPACE',''
  ) );
#12648 = ORIENTED_EDGE('',*,*,#12649,.F.);
#12649 = EDGE_CURVE('',#12627,#12627,#12650,.T.);
#12650 = SURFACE_CURVE('',#12651,(#12656,#12663),.PCURVE_S1.);
#12651 = CIRCLE('',#12652,0.75);
#12652 = AXIS2_PLACEMENT_3D('',#12653,#12654,#12655);
#12653 = CARTESIAN_POINT('',(17.5,30.,-10.15));
#12654 = DIRECTION('',(0.,0.,-1.));
#12655 = DIRECTION('',(1.,0.,0.));
#12656 = PCURVE('',#8813,#12657);
#12657 = DEFINITIONAL_REPRESENTATION('',(#12658),#12662);
#12658 = LINE('',#12659,#12660);
#12659 = CARTESIAN_POINT('',(-6.28318530718,-2.3));
#12660 = VECTOR('',#12661,1.);
#12661 = DIRECTION('',(1.,-0.));
#12662 = ( GEOMETRIC_REPRESENTATION_CONTEXT(2) 
PARAMETRIC_REPRESENTATION_CONTEXT() REPRESENTATION_CONTEXT('2D SPACE',''
  ) );
#12663 = PCURVE('',#11525,#12664);
#12664 = DEFINITIONAL_REPRESENTATION('',(#12665),#12673);
#12665 = ( BOUNDED_CURVE() B_SPLINE_CURVE(2,(#12666,#12667,#12668,#12669
    ,#12670,#12671,#12672),.UNSPECIFIED.,.T.,.F.) 
B_SPLINE_CURVE_WITH_KNOTS((1,2,2,2,2,1),(-2.094395102393,0.,
    2.094395102393,4.188790204786,6.28318530718,8.377580409573),
.UNSPECIFIED.) CURVE() GEOMETRIC_REPRESENTATION_ITEM() 
RATIONAL_B_SPLINE_CURVE((1.,0.5,1.,0.5,1.,0.5,1.)) REPRESENTATION_ITEM(
  '') );
#12666 = CARTESIAN_POINT('',(-3.25,10.));
#12667 = CARTESIAN_POINT('',(-3.25,8.700961894323));
#12668 = CARTESIAN_POINT('',(-4.375,9.350480947162));
#12669 = CARTESIAN_POINT('',(-5.5,10.));
#12670 = CARTESIAN_POINT('',(-4.375,10.649519052838));
#12671 = CARTESIAN_POINT('',(-3.25,11.299038105677));
#12672 = CARTESIAN_POINT('',(-3.25,10.));
#12673 = ( GEOMETRIC_REPRESENTATION_CONTEXT(2) 
PARAMETRIC_REPRESENTATION_CONTEXT() REPRESENTATION_CONTEXT('2D SPACE',''
  ) );
#12674 = ORIENTED_EDGE('',*,*,#12626,.F.);
#12675 = ADVANCED_FACE('',(#12676),#8848,.F.);
#12676 = FACE_BOUND('',#12677,.T.);
#12677 = EDGE_LOOP('',(#12678,#12679,#12702,#12728));
#12678 = ORIENTED_EDGE('',*,*,#8827,.T.);
#12679 = ORIENTED_EDGE('',*,*,#12680,.T.);
#12680 = EDGE_CURVE('',#8828,#12681,#12683,.T.);
#12681 = VERTEX_POINT('',#12682);
#12682 = CARTESIAN_POINT('',(22.25,30.,-10.15));
#12683 = SEAM_CURVE('',#12684,(#12688,#12695),.PCURVE_S1.);
#12684 = LINE('',#12685,#12686);
#12685 = CARTESIAN_POINT('',(22.25,30.,-12.45));
#12686 = VECTOR('',#12687,1.);
#12687 = DIRECTION('',(0.,0.,1.));
#12688 = PCURVE('',#8848,#12689);
#12689 = DEFINITIONAL_REPRESENTATION('',(#12690),#12694);
#12690 = LINE('',#12691,#12692);
#12691 = CARTESIAN_POINT('',(-6.28318530718,0.));
#12692 = VECTOR('',#12693,1.);
#12693 = DIRECTION('',(-0.,-1.));
#12694 = ( GEOMETRIC_REPRESENTATION_CONTEXT(2) 
PARAMETRIC_REPRESENTATION_CONTEXT() REPRESENTATION_CONTEXT('2D SPACE',''
  ) );
#12695 = PCURVE('',#8848,#12696);
#12696 = DEFINITIONAL_REPRESENTATION('',(#12697),#12701);
#12697 = LINE('',#12698,#12699);
#12698 = CARTESIAN_POINT('',(-0.,0.));
#12699 = VECTOR('',#12700,1.);
#12700 = DIRECTION('',(-0.,-1.));
#12701 = ( GEOMETRIC_REPRESENTATION_CONTEXT(2) 
PARAMETRIC_REPRESENTATION_CONTEXT() REPRESENTATION_CONTEXT('2D SPACE',''
  ) );
#12702 = ORIENTED_EDGE('',*,*,#12703,.F.);
#12703 = EDGE_CURVE('',#12681,#12681,#12704,.T.);
#12704 = SURFACE_CURVE('',#12705,(#12710,#12717),.PCURVE_S1.);
#12705 = CIRCLE('',#12706,0.75);
#12706 = AXIS2_PLACEMENT_3D('',#12707,#12708,#12709);
#12707 = CARTESIAN_POINT('',(21.5,30.,-10.15));
#12708 = DIRECTION('',(0.,0.,-1.));
#12709 = DIRECTION('',(1.,0.,0.));
#12710 = PCURVE('',#8848,#12711);
#12711 = DEFINITIONAL_REPRESENTATION('',(#12712),#12716);
#12712 = LINE('',#12713,#12714);
#12713 = CARTESIAN_POINT('',(-6.28318530718,-2.3));
#12714 = VECTOR('',#12715,1.);
#12715 = DIRECTION('',(1.,-0.));
#12716 = ( GEOMETRIC_REPRESENTATION_CONTEXT(2) 
PARAMETRIC_REPRESENTATION_CONTEXT() REPRESENTATION_CONTEXT('2D SPACE',''
  ) );
#12717 = PCURVE('',#11525,#12718);
#12718 = DEFINITIONAL_REPRESENTATION('',(#12719),#12727);
#12719 = ( BOUNDED_CURVE() B_SPLINE_CURVE(2,(#12720,#12721,#12722,#12723
    ,#12724,#12725,#12726),.UNSPECIFIED.,.T.,.F.) 
B_SPLINE_CURVE_WITH_KNOTS((1,2,2,2,2,1),(-2.094395102393,0.,
    2.094395102393,4.188790204786,6.28318530718,8.377580409573),
.UNSPECIFIED.) CURVE() GEOMETRIC_REPRESENTATION_ITEM() 
RATIONAL_B_SPLINE_CURVE((1.,0.5,1.,0.5,1.,0.5,1.)) REPRESENTATION_ITEM(
  '') );
#12720 = CARTESIAN_POINT('',(0.75,10.));
#12721 = CARTESIAN_POINT('',(0.75,8.700961894323));
#12722 = CARTESIAN_POINT('',(-0.375,9.350480947162));
#12723 = CARTESIAN_POINT('',(-1.5,10.));
#12724 = CARTESIAN_POINT('',(-0.375,10.649519052838));
#12725 = CARTESIAN_POINT('',(0.75,11.299038105677));
#12726 = CARTESIAN_POINT('',(0.75,10.));
#12727 = ( GEOMETRIC_REPRESENTATION_CONTEXT(2) 
PARAMETRIC_REPRESENTATION_CONTEXT() REPRESENTATION_CONTEXT('2D SPACE',''
  ) );
#12728 = ORIENTED_EDGE('',*,*,#12680,.F.);
#12729 = ADVANCED_FACE('',(#12730),#8883,.F.);
#12730 = FACE_BOUND('',#12731,.T.);
#12731 = EDGE_LOOP('',(#12732,#12733,#12756,#12782));
#12732 = ORIENTED_EDGE('',*,*,#8862,.T.);
#12733 = ORIENTED_EDGE('',*,*,#12734,.T.);
#12734 = EDGE_CURVE('',#8863,#12735,#12737,.T.);
#12735 = VERTEX_POINT('',#12736);
#12736 = CARTESIAN_POINT('',(26.25,22.,-10.15));
#12737 = SEAM_CURVE('',#12738,(#12742,#12749),.PCURVE_S1.);
#12738 = LINE('',#12739,#12740);
#12739 = CARTESIAN_POINT('',(26.25,22.,-12.45));
#12740 = VECTOR('',#12741,1.);
#12741 = DIRECTION('',(0.,0.,1.));
#12742 = PCURVE('',#8883,#12743);
#12743 = DEFINITIONAL_REPRESENTATION('',(#12744),#12748);
#12744 = LINE('',#12745,#12746);
#12745 = CARTESIAN_POINT('',(-6.28318530718,0.));
#12746 = VECTOR('',#12747,1.);
#12747 = DIRECTION('',(-0.,-1.));
#12748 = ( GEOMETRIC_REPRESENTATION_CONTEXT(2) 
PARAMETRIC_REPRESENTATION_CONTEXT() REPRESENTATION_CONTEXT('2D SPACE',''
  ) );
#12749 = PCURVE('',#8883,#12750);
#12750 = DEFINITIONAL_REPRESENTATION('',(#12751),#12755);
#12751 = LINE('',#12752,#12753);
#12752 = CARTESIAN_POINT('',(-0.,0.));
#12753 = VECTOR('',#12754,1.);
#12754 = DIRECTION('',(-0.,-1.));
#12755 = ( GEOMETRIC_REPRESENTATION_CONTEXT(2) 
PARAMETRIC_REPRESENTATION_CONTEXT() REPRESENTATION_CONTEXT('2D SPACE',''
  ) );
#12756 = ORIENTED_EDGE('',*,*,#12757,.F.);
#12757 = EDGE_CURVE('',#12735,#12735,#12758,.T.);
#12758 = SURFACE_CURVE('',#12759,(#12764,#12771),.PCURVE_S1.);
#12759 = CIRCLE('',#12760,0.75);
#12760 = AXIS2_PLACEMENT_3D('',#12761,#12762,#12763);
#12761 = CARTESIAN_POINT('',(25.5,22.,-10.15));
#12762 = DIRECTION('',(0.,0.,-1.));
#12763 = DIRECTION('',(1.,0.,0.));
#12764 = PCURVE('',#8883,#12765);
#12765 = DEFINITIONAL_REPRESENTATION('',(#12766),#12770);
#12766 = LINE('',#12767,#12768);
#12767 = CARTESIAN_POINT('',(-6.28318530718,-2.3));
#12768 = VECTOR('',#12769,1.);
#12769 = DIRECTION('',(1.,-0.));
#12770 = ( GEOMETRIC_REPRESENTATION_CONTEXT(2) 
PARAMETRIC_REPRESENTATION_CONTEXT() REPRESENTATION_CONTEXT('2D SPACE',''
  ) );
#12771 = PCURVE('',#11525,#12772);
#12772 = DEFINITIONAL_REPRESENTATION('',(#12773),#12781);
#12773 = ( BOUNDED_CURVE() B_SPLINE_CURVE(2,(#12774,#12775,#12776,#12777
    ,#12778,#12779,#12780),.UNSPECIFIED.,.T.,.F.) 
B_SPLINE_CURVE_WITH_KNOTS((1,2,2,2,2,1),(-2.094395102393,0.,
    2.094395102393,4.188790204786,6.28318530718,8.377580409573),
.UNSPECIFIED.) CURVE() GEOMETRIC_REPRESENTATION_ITEM() 
RATIONAL_B_SPLINE_CURVE((1.,0.5,1.,0.5,1.,0.5,1.)) REPRESENTATION_ITEM(
  '') );
#12774 = CARTESIAN_POINT('',(4.75,2.));
#12775 = CARTESIAN_POINT('',(4.75,0.700961894323));
#12776 = CARTESIAN_POINT('',(3.625,1.350480947162));
#12777 = CARTESIAN_POINT('',(2.5,2.));
#12778 = CARTESIAN_POINT('',(3.625,2.649519052838));
#12779 = CARTESIAN_POINT('',(4.75,3.299038105677));
#12780 = CARTESIAN_POINT('',(4.75,2.));
#12781 = ( GEOMETRIC_REPRESENTATION_CONTEXT(2) 
PARAMETRIC_REPRESENTATION_CONTEXT() REPRESENTATION_CONTEXT('2D SPACE',''
  ) );
#12782 = ORIENTED_EDGE('',*,*,#12734,.F.);
#12783 = ADVANCED_FACE('',(#12784),#8918,.F.);
#12784 = FACE_BOUND('',#12785,.T.);
#12785 = EDGE_LOOP('',(#12786,#12787,#12810,#12836));
#12786 = ORIENTED_EDGE('',*,*,#8897,.T.);
#12787 = ORIENTED_EDGE('',*,*,#12788,.T.);
#12788 = EDGE_CURVE('',#8898,#12789,#12791,.T.);
#12789 = VERTEX_POINT('',#12790);
#12790 = CARTESIAN_POINT('',(30.25,22.,-10.15));
#12791 = SEAM_CURVE('',#12792,(#12796,#12803),.PCURVE_S1.);
#12792 = LINE('',#12793,#12794);
#12793 = CARTESIAN_POINT('',(30.25,22.,-12.45));
#12794 = VECTOR('',#12795,1.);
#12795 = DIRECTION('',(0.,0.,1.));
#12796 = PCURVE('',#8918,#12797);
#12797 = DEFINITIONAL_REPRESENTATION('',(#12798),#12802);
#12798 = LINE('',#12799,#12800);
#12799 = CARTESIAN_POINT('',(-6.28318530718,0.));
#12800 = VECTOR('',#12801,1.);
#12801 = DIRECTION('',(-0.,-1.));
#12802 = ( GEOMETRIC_REPRESENTATION_CONTEXT(2) 
PARAMETRIC_REPRESENTATION_CONTEXT() REPRESENTATION_CONTEXT('2D SPACE',''
  ) );
#12803 = PCURVE('',#8918,#12804);
#12804 = DEFINITIONAL_REPRESENTATION('',(#12805),#12809);
#12805 = LINE('',#12806,#12807);
#12806 = CARTESIAN_POINT('',(-0.,0.));
#12807 = VECTOR('',#12808,1.);
#12808 = DIRECTION('',(-0.,-1.));
#12809 = ( GEOMETRIC_REPRESENTATION_CONTEXT(2) 
PARAMETRIC_REPRESENTATION_CONTEXT() REPRESENTATION_CONTEXT('2D SPACE',''
  ) );
#12810 = ORIENTED_EDGE('',*,*,#12811,.F.);
#12811 = EDGE_CURVE('',#12789,#12789,#12812,.T.);
#12812 = SURFACE_CURVE('',#12813,(#12818,#12825),.PCURVE_S1.);
#12813 = CIRCLE('',#12814,0.75);
#12814 = AXIS2_PLACEMENT_3D('',#12815,#12816,#12817);
#12815 = CARTESIAN_POINT('',(29.5,22.,-10.15));
#12816 = DIRECTION('',(0.,0.,-1.));
#12817 = DIRECTION('',(1.,0.,0.));
#12818 = PCURVE('',#8918,#12819);
#12819 = DEFINITIONAL_REPRESENTATION('',(#12820),#12824);
#12820 = LINE('',#12821,#12822);
#12821 = CARTESIAN_POINT('',(-6.28318530718,-2.3));
#12822 = VECTOR('',#12823,1.);
#12823 = DIRECTION('',(1.,-0.));
#12824 = ( GEOMETRIC_REPRESENTATION_CONTEXT(2) 
PARAMETRIC_REPRESENTATION_CONTEXT() REPRESENTATION_CONTEXT('2D SPACE',''
  ) );
#12825 = PCURVE('',#11525,#12826);
#12826 = DEFINITIONAL_REPRESENTATION('',(#12827),#12835);
#12827 = ( BOUNDED_CURVE() B_SPLINE_CURVE(2,(#12828,#12829,#12830,#12831
    ,#12832,#12833,#12834),.UNSPECIFIED.,.T.,.F.) 
B_SPLINE_CURVE_WITH_KNOTS((1,2,2,2,2,1),(-2.094395102393,0.,
    2.094395102393,4.188790204786,6.28318530718,8.377580409573),
.UNSPECIFIED.) CURVE() GEOMETRIC_REPRESENTATION_ITEM() 
RATIONAL_B_SPLINE_CURVE((1.,0.5,1.,0.5,1.,0.5,1.)) REPRESENTATION_ITEM(
  '') );
#12828 = CARTESIAN_POINT('',(8.75,2.));
#12829 = CARTESIAN_POINT('',(8.75,0.700961894323));
#12830 = CARTESIAN_POINT('',(7.625,1.350480947162));
#12831 = CARTESIAN_POINT('',(6.5,2.));
#12832 = CARTESIAN_POINT('',(7.625,2.649519052838));
#12833 = CARTESIAN_POINT('',(8.75,3.299038105677));
#12834 = CARTESIAN_POINT('',(8.75,2.));
#12835 = ( GEOMETRIC_REPRESENTATION_CONTEXT(2) 
PARAMETRIC_REPRESENTATION_CONTEXT() REPRESENTATION_CONTEXT('2D SPACE',''
  ) );
#12836 = ORIENTED_EDGE('',*,*,#12788,.F.);
#12837 = ADVANCED_FACE('',(#12838),#8953,.F.);
#12838 = FACE_BOUND('',#12839,.T.);
#12839 = EDGE_LOOP('',(#12840,#12841,#12864,#12890));
#12840 = ORIENTED_EDGE('',*,*,#8932,.T.);
#12841 = ORIENTED_EDGE('',*,*,#12842,.T.);
#12842 = EDGE_CURVE('',#8933,#12843,#12845,.T.);
#12843 = VERTEX_POINT('',#12844);
#12844 = CARTESIAN_POINT('',(34.25,22.,-10.15));
#12845 = SEAM_CURVE('',#12846,(#12850,#12857),.PCURVE_S1.);
#12846 = LINE('',#12847,#12848);
#12847 = CARTESIAN_POINT('',(34.25,22.,-12.45));
#12848 = VECTOR('',#12849,1.);
#12849 = DIRECTION('',(0.,0.,1.));
#12850 = PCURVE('',#8953,#12851);
#12851 = DEFINITIONAL_REPRESENTATION('',(#12852),#12856);
#12852 = LINE('',#12853,#12854);
#12853 = CARTESIAN_POINT('',(-6.28318530718,0.));
#12854 = VECTOR('',#12855,1.);
#12855 = DIRECTION('',(-0.,-1.));
#12856 = ( GEOMETRIC_REPRESENTATION_CONTEXT(2) 
PARAMETRIC_REPRESENTATION_CONTEXT() REPRESENTATION_CONTEXT('2D SPACE',''
  ) );
#12857 = PCURVE('',#8953,#12858);
#12858 = DEFINITIONAL_REPRESENTATION('',(#12859),#12863);
#12859 = LINE('',#12860,#12861);
#12860 = CARTESIAN_POINT('',(-0.,0.));
#12861 = VECTOR('',#12862,1.);
#12862 = DIRECTION('',(-0.,-1.));
#12863 = ( GEOMETRIC_REPRESENTATION_CONTEXT(2) 
PARAMETRIC_REPRESENTATION_CONTEXT() REPRESENTATION_CONTEXT('2D SPACE',''
  ) );
#12864 = ORIENTED_EDGE('',*,*,#12865,.F.);
#12865 = EDGE_CURVE('',#12843,#12843,#12866,.T.);
#12866 = SURFACE_CURVE('',#12867,(#12872,#12879),.PCURVE_S1.);
#12867 = CIRCLE('',#12868,0.75);
#12868 = AXIS2_PLACEMENT_3D('',#12869,#12870,#12871);
#12869 = CARTESIAN_POINT('',(33.5,22.,-10.15));
#12870 = DIRECTION('',(0.,0.,-1.));
#12871 = DIRECTION('',(1.,0.,0.));
#12872 = PCURVE('',#8953,#12873);
#12873 = DEFINITIONAL_REPRESENTATION('',(#12874),#12878);
#12874 = LINE('',#12875,#12876);
#12875 = CARTESIAN_POINT('',(-6.28318530718,-2.3));
#12876 = VECTOR('',#12877,1.);
#12877 = DIRECTION('',(1.,-0.));
#12878 = ( GEOMETRIC_REPRESENTATION_CONTEXT(2) 
PARAMETRIC_REPRESENTATION_CONTEXT() REPRESENTATION_CONTEXT('2D SPACE',''
  ) );
#12879 = PCURVE('',#11525,#12880);
#12880 = DEFINITIONAL_REPRESENTATION('',(#12881),#12889);
#12881 = ( BOUNDED_CURVE() B_SPLINE_CURVE(2,(#12882,#12883,#12884,#12885
    ,#12886,#12887,#12888),.UNSPECIFIED.,.T.,.F.) 
B_SPLINE_CURVE_WITH_KNOTS((1,2,2,2,2,1),(-2.094395102393,0.,
    2.094395102393,4.188790204786,6.28318530718,8.377580409573),
.UNSPECIFIED.) CURVE() GEOMETRIC_REPRESENTATION_ITEM() 
RATIONAL_B_SPLINE_CURVE((1.,0.5,1.,0.5,1.,0.5,1.)) REPRESENTATION_ITEM(
  '') );
#12882 = CARTESIAN_POINT('',(12.75,2.));
#12883 = CARTESIAN_POINT('',(12.75,0.700961894323));
#12884 = CARTESIAN_POINT('',(11.625,1.350480947162));
#12885 = CARTESIAN_POINT('',(10.5,2.));
#12886 = CARTESIAN_POINT('',(11.625,2.649519052838));
#12887 = CARTESIAN_POINT('',(12.75,3.299038105677));
#12888 = CARTESIAN_POINT('',(12.75,2.));
#12889 = ( GEOMETRIC_REPRESENTATION_CONTEXT(2) 
PARAMETRIC_REPRESENTATION_CONTEXT() REPRESENTATION_CONTEXT('2D SPACE',''
  ) );
#12890 = ORIENTED_EDGE('',*,*,#12842,.F.);
#12891 = ADVANCED_FACE('',(#12892),#8988,.F.);
#12892 = FACE_BOUND('',#12893,.T.);
#12893 = EDGE_LOOP('',(#12894,#12895,#12918,#12944));
#12894 = ORIENTED_EDGE('',*,*,#8967,.T.);
#12895 = ORIENTED_EDGE('',*,*,#12896,.T.);
#12896 = EDGE_CURVE('',#8968,#12897,#12899,.T.);
#12897 = VERTEX_POINT('',#12898);
#12898 = CARTESIAN_POINT('',(24.25,26.,-10.15));
#12899 = SEAM_CURVE('',#12900,(#12904,#12911),.PCURVE_S1.);
#12900 = LINE('',#12901,#12902);
#12901 = CARTESIAN_POINT('',(24.25,26.,-12.45));
#12902 = VECTOR('',#12903,1.);
#12903 = DIRECTION('',(0.,0.,1.));
#12904 = PCURVE('',#8988,#12905);
#12905 = DEFINITIONAL_REPRESENTATION('',(#12906),#12910);
#12906 = LINE('',#12907,#12908);
#12907 = CARTESIAN_POINT('',(-6.28318530718,0.));
#12908 = VECTOR('',#12909,1.);
#12909 = DIRECTION('',(-0.,-1.));
#12910 = ( GEOMETRIC_REPRESENTATION_CONTEXT(2) 
PARAMETRIC_REPRESENTATION_CONTEXT() REPRESENTATION_CONTEXT('2D SPACE',''
  ) );
#12911 = PCURVE('',#8988,#12912);
#12912 = DEFINITIONAL_REPRESENTATION('',(#12913),#12917);
#12913 = LINE('',#12914,#12915);
#12914 = CARTESIAN_POINT('',(-0.,0.));
#12915 = VECTOR('',#12916,1.);
#12916 = DIRECTION('',(-0.,-1.));
#12917 = ( GEOMETRIC_REPRESENTATION_CONTEXT(2) 
PARAMETRIC_REPRESENTATION_CONTEXT() REPRESENTATION_CONTEXT('2D SPACE',''
  ) );
#12918 = ORIENTED_EDGE('',*,*,#12919,.F.);
#12919 = EDGE_CURVE('',#12897,#12897,#12920,.T.);
#12920 = SURFACE_CURVE('',#12921,(#12926,#12933),.PCURVE_S1.);
#12921 = CIRCLE('',#12922,0.75);
#12922 = AXIS2_PLACEMENT_3D('',#12923,#12924,#12925);
#12923 = CARTESIAN_POINT('',(23.5,26.,-10.15));
#12924 = DIRECTION('',(0.,0.,-1.));
#12925 = DIRECTION('',(1.,0.,0.));
#12926 = PCURVE('',#8988,#12927);
#12927 = DEFINITIONAL_REPRESENTATION('',(#12928),#12932);
#12928 = LINE('',#12929,#12930);
#12929 = CARTESIAN_POINT('',(-6.28318530718,-2.3));
#12930 = VECTOR('',#12931,1.);
#12931 = DIRECTION('',(1.,-0.));
#12932 = ( GEOMETRIC_REPRESENTATION_CONTEXT(2) 
PARAMETRIC_REPRESENTATION_CONTEXT() REPRESENTATION_CONTEXT('2D SPACE',''
  ) );
#12933 = PCURVE('',#11525,#12934);
#12934 = DEFINITIONAL_REPRESENTATION('',(#12935),#12943);
#12935 = ( BOUNDED_CURVE() B_SPLINE_CURVE(2,(#12936,#12937,#12938,#12939
    ,#12940,#12941,#12942),.UNSPECIFIED.,.T.,.F.) 
B_SPLINE_CURVE_WITH_KNOTS((1,2,2,2,2,1),(-2.094395102393,0.,
    2.094395102393,4.188790204786,6.28318530718,8.377580409573),
.UNSPECIFIED.) CURVE() GEOMETRIC_REPRESENTATION_ITEM() 
RATIONAL_B_SPLINE_CURVE((1.,0.5,1.,0.5,1.,0.5,1.)) REPRESENTATION_ITEM(
  '') );
#12936 = CARTESIAN_POINT('',(2.75,6.));
#12937 = CARTESIAN_POINT('',(2.75,4.700961894323));
#12938 = CARTESIAN_POINT('',(1.625,5.350480947162));
#12939 = CARTESIAN_POINT('',(0.5,6.));
#12940 = CARTESIAN_POINT('',(1.625,6.649519052838));
#12941 = CARTESIAN_POINT('',(2.75,7.299038105677));
#12942 = CARTESIAN_POINT('',(2.75,6.));
#12943 = ( GEOMETRIC_REPRESENTATION_CONTEXT(2) 
PARAMETRIC_REPRESENTATION_CONTEXT() REPRESENTATION_CONTEXT('2D SPACE',''
  ) );
#12944 = ORIENTED_EDGE('',*,*,#12896,.F.);
#12945 = ADVANCED_FACE('',(#12946),#9023,.F.);
#12946 = FACE_BOUND('',#12947,.T.);
#12947 = EDGE_LOOP('',(#12948,#12949,#12972,#12998));
#12948 = ORIENTED_EDGE('',*,*,#9002,.T.);
#12949 = ORIENTED_EDGE('',*,*,#12950,.T.);
#12950 = EDGE_CURVE('',#9003,#12951,#12953,.T.);
#12951 = VERTEX_POINT('',#12952);
#12952 = CARTESIAN_POINT('',(28.25,26.,-10.15));
#12953 = SEAM_CURVE('',#12954,(#12958,#12965),.PCURVE_S1.);
#12954 = LINE('',#12955,#12956);
#12955 = CARTESIAN_POINT('',(28.25,26.,-12.45));
#12956 = VECTOR('',#12957,1.);
#12957 = DIRECTION('',(0.,0.,1.));
#12958 = PCURVE('',#9023,#12959);
#12959 = DEFINITIONAL_REPRESENTATION('',(#12960),#12964);
#12960 = LINE('',#12961,#12962);
#12961 = CARTESIAN_POINT('',(-6.28318530718,0.));
#12962 = VECTOR('',#12963,1.);
#12963 = DIRECTION('',(-0.,-1.));
#12964 = ( GEOMETRIC_REPRESENTATION_CONTEXT(2) 
PARAMETRIC_REPRESENTATION_CONTEXT() REPRESENTATION_CONTEXT('2D SPACE',''
  ) );
#12965 = PCURVE('',#9023,#12966);
#12966 = DEFINITIONAL_REPRESENTATION('',(#12967),#12971);
#12967 = LINE('',#12968,#12969);
#12968 = CARTESIAN_POINT('',(-0.,0.));
#12969 = VECTOR('',#12970,1.);
#12970 = DIRECTION('',(-0.,-1.));
#12971 = ( GEOMETRIC_REPRESENTATION_CONTEXT(2) 
PARAMETRIC_REPRESENTATION_CONTEXT() REPRESENTATION_CONTEXT('2D SPACE',''
  ) );
#12972 = ORIENTED_EDGE('',*,*,#12973,.F.);
#12973 = EDGE_CURVE('',#12951,#12951,#12974,.T.);
#12974 = SURFACE_CURVE('',#12975,(#12980,#12987),.PCURVE_S1.);
#12975 = CIRCLE('',#12976,0.75);
#12976 = AXIS2_PLACEMENT_3D('',#12977,#12978,#12979);
#12977 = CARTESIAN_POINT('',(27.5,26.,-10.15));
#12978 = DIRECTION('',(0.,0.,-1.));
#12979 = DIRECTION('',(1.,0.,0.));
#12980 = PCURVE('',#9023,#12981);
#12981 = DEFINITIONAL_REPRESENTATION('',(#12982),#12986);
#12982 = LINE('',#12983,#12984);
#12983 = CARTESIAN_POINT('',(-6.28318530718,-2.3));
#12984 = VECTOR('',#12985,1.);
#12985 = DIRECTION('',(1.,-0.));
#12986 = ( GEOMETRIC_REPRESENTATION_CONTEXT(2) 
PARAMETRIC_REPRESENTATION_CONTEXT() REPRESENTATION_CONTEXT('2D SPACE',''
  ) );
#12987 = PCURVE('',#11525,#12988);
#12988 = DEFINITIONAL_REPRESENTATION('',(#12989),#12997);
#12989 = ( BOUNDED_CURVE() B_SPLINE_CURVE(2,(#12990,#12991,#12992,#12993
    ,#12994,#12995,#12996),.UNSPECIFIED.,.T.,.F.) 
B_SPLINE_CURVE_WITH_KNOTS((1,2,2,2,2,1),(-2.094395102393,0.,
    2.094395102393,4.188790204786,6.28318530718,8.377580409573),
.UNSPECIFIED.) CURVE() GEOMETRIC_REPRESENTATION_ITEM() 
RATIONAL_B_SPLINE_CURVE((1.,0.5,1.,0.5,1.,0.5,1.)) REPRESENTATION_ITEM(
  '') );
#12990 = CARTESIAN_POINT('',(6.75,6.));
#12991 = CARTESIAN_POINT('',(6.75,4.700961894323));
#12992 = CARTESIAN_POINT('',(5.625,5.350480947162));
#12993 = CARTESIAN_POINT('',(4.5,6.));
#12994 = CARTESIAN_POINT('',(5.625,6.649519052838));
#12995 = CARTESIAN_POINT('',(6.75,7.299038105677));
#12996 = CARTESIAN_POINT('',(6.75,6.));
#12997 = ( GEOMETRIC_REPRESENTATION_CONTEXT(2) 
PARAMETRIC_REPRESENTATION_CONTEXT() REPRESENTATION_CONTEXT('2D SPACE',''
  ) );
#12998 = ORIENTED_EDGE('',*,*,#12950,.F.);
#12999 = ADVANCED_FACE('',(#13000),#9058,.F.);
#13000 = FACE_BOUND('',#13001,.T.);
#13001 = EDGE_LOOP('',(#13002,#13003,#13026,#13052));
#13002 = ORIENTED_EDGE('',*,*,#9037,.T.);
#13003 = ORIENTED_EDGE('',*,*,#13004,.T.);
#13004 = EDGE_CURVE('',#9038,#13005,#13007,.T.);
#13005 = VERTEX_POINT('',#13006);
#13006 = CARTESIAN_POINT('',(26.25,30.,-10.15));
#13007 = SEAM_CURVE('',#13008,(#13012,#13019),.PCURVE_S1.);
#13008 = LINE('',#13009,#13010);
#13009 = CARTESIAN_POINT('',(26.25,30.,-12.45));
#13010 = VECTOR('',#13011,1.);
#13011 = DIRECTION('',(0.,0.,1.));
#13012 = PCURVE('',#9058,#13013);
#13013 = DEFINITIONAL_REPRESENTATION('',(#13014),#13018);
#13014 = LINE('',#13015,#13016);
#13015 = CARTESIAN_POINT('',(-6.28318530718,0.));
#13016 = VECTOR('',#13017,1.);
#13017 = DIRECTION('',(-0.,-1.));
#13018 = ( GEOMETRIC_REPRESENTATION_CONTEXT(2) 
PARAMETRIC_REPRESENTATION_CONTEXT() REPRESENTATION_CONTEXT('2D SPACE',''
  ) );
#13019 = PCURVE('',#9058,#13020);
#13020 = DEFINITIONAL_REPRESENTATION('',(#13021),#13025);
#13021 = LINE('',#13022,#13023);
#13022 = CARTESIAN_POINT('',(-0.,0.));
#13023 = VECTOR('',#13024,1.);
#13024 = DIRECTION('',(-0.,-1.));
#13025 = ( GEOMETRIC_REPRESENTATION_CONTEXT(2) 
PARAMETRIC_REPRESENTATION_CONTEXT() REPRESENTATION_CONTEXT('2D SPACE',''
  ) );
#13026 = ORIENTED_EDGE('',*,*,#13027,.F.);
#13027 = EDGE_CURVE('',#13005,#13005,#13028,.T.);
#13028 = SURFACE_CURVE('',#13029,(#13034,#13041),.PCURVE_S1.);
#13029 = CIRCLE('',#13030,0.75);
#13030 = AXIS2_PLACEMENT_3D('',#13031,#13032,#13033);
#13031 = CARTESIAN_POINT('',(25.5,30.,-10.15));
#13032 = DIRECTION('',(0.,0.,-1.));
#13033 = DIRECTION('',(1.,0.,0.));
#13034 = PCURVE('',#9058,#13035);
#13035 = DEFINITIONAL_REPRESENTATION('',(#13036),#13040);
#13036 = LINE('',#13037,#13038);
#13037 = CARTESIAN_POINT('',(-6.28318530718,-2.3));
#13038 = VECTOR('',#13039,1.);
#13039 = DIRECTION('',(1.,-0.));
#13040 = ( GEOMETRIC_REPRESENTATION_CONTEXT(2) 
PARAMETRIC_REPRESENTATION_CONTEXT() REPRESENTATION_CONTEXT('2D SPACE',''
  ) );
#13041 = PCURVE('',#11525,#13042);
#13042 = DEFINITIONAL_REPRESENTATION('',(#13043),#13051);
#13043 = ( BOUNDED_CURVE() B_SPLINE_CURVE(2,(#13044,#13045,#13046,#13047
    ,#13048,#13049,#13050),.UNSPECIFIED.,.T.,.F.) 
B_SPLINE_CURVE_WITH_KNOTS((1,2,2,2,2,1),(-2.094395102393,0.,
    2.094395102393,4.188790204786,6.28318530718,8.377580409573),
.UNSPECIFIED.) CURVE() GEOMETRIC_REPRESENTATION_ITEM() 
RATIONAL_B_SPLINE_CURVE((1.,0.5,1.,0.5,1.,0.5,1.)) REPRESENTATION_ITEM(
  '') );
#13044 = CARTESIAN_POINT('',(4.75,10.));
#13045 = CARTESIAN_POINT('',(4.75,8.700961894323));
#13046 = CARTESIAN_POINT('',(3.625,9.350480947162));
#13047 = CARTESIAN_POINT('',(2.5,10.));
#13048 = CARTESIAN_POINT('',(3.625,10.649519052838));
#13049 = CARTESIAN_POINT('',(4.75,11.299038105677));
#13050 = CARTESIAN_POINT('',(4.75,10.));
#13051 = ( GEOMETRIC_REPRESENTATION_CONTEXT(2) 
PARAMETRIC_REPRESENTATION_CONTEXT() REPRESENTATION_CONTEXT('2D SPACE',''
  ) );
#13052 = ORIENTED_EDGE('',*,*,#13004,.F.);
#13053 = ADVANCED_FACE('',(#13054),#9093,.F.);
#13054 = FACE_BOUND('',#13055,.T.);
#13055 = EDGE_LOOP('',(#13056,#13057,#13080,#13106));
#13056 = ORIENTED_EDGE('',*,*,#9072,.T.);
#13057 = ORIENTED_EDGE('',*,*,#13058,.T.);
#13058 = EDGE_CURVE('',#9073,#13059,#13061,.T.);
#13059 = VERTEX_POINT('',#13060);
#13060 = CARTESIAN_POINT('',(32.25,26.,-10.15));
#13061 = SEAM_CURVE('',#13062,(#13066,#13073),.PCURVE_S1.);
#13062 = LINE('',#13063,#13064);
#13063 = CARTESIAN_POINT('',(32.25,26.,-12.45));
#13064 = VECTOR('',#13065,1.);
#13065 = DIRECTION('',(0.,0.,1.));
#13066 = PCURVE('',#9093,#13067);
#13067 = DEFINITIONAL_REPRESENTATION('',(#13068),#13072);
#13068 = LINE('',#13069,#13070);
#13069 = CARTESIAN_POINT('',(-6.28318530718,0.));
#13070 = VECTOR('',#13071,1.);
#13071 = DIRECTION('',(-0.,-1.));
#13072 = ( GEOMETRIC_REPRESENTATION_CONTEXT(2) 
PARAMETRIC_REPRESENTATION_CONTEXT() REPRESENTATION_CONTEXT('2D SPACE',''
  ) );
#13073 = PCURVE('',#9093,#13074);
#13074 = DEFINITIONAL_REPRESENTATION('',(#13075),#13079);
#13075 = LINE('',#13076,#13077);
#13076 = CARTESIAN_POINT('',(-0.,0.));
#13077 = VECTOR('',#13078,1.);
#13078 = DIRECTION('',(-0.,-1.));
#13079 = ( GEOMETRIC_REPRESENTATION_CONTEXT(2) 
PARAMETRIC_REPRESENTATION_CONTEXT() REPRESENTATION_CONTEXT('2D SPACE',''
  ) );
#13080 = ORIENTED_EDGE('',*,*,#13081,.F.);
#13081 = EDGE_CURVE('',#13059,#13059,#13082,.T.);
#13082 = SURFACE_CURVE('',#13083,(#13088,#13095),.PCURVE_S1.);
#13083 = CIRCLE('',#13084,0.75);
#13084 = AXIS2_PLACEMENT_3D('',#13085,#13086,#13087);
#13085 = CARTESIAN_POINT('',(31.5,26.,-10.15));
#13086 = DIRECTION('',(0.,0.,-1.));
#13087 = DIRECTION('',(1.,0.,0.));
#13088 = PCURVE('',#9093,#13089);
#13089 = DEFINITIONAL_REPRESENTATION('',(#13090),#13094);
#13090 = LINE('',#13091,#13092);
#13091 = CARTESIAN_POINT('',(-6.28318530718,-2.3));
#13092 = VECTOR('',#13093,1.);
#13093 = DIRECTION('',(1.,-0.));
#13094 = ( GEOMETRIC_REPRESENTATION_CONTEXT(2) 
PARAMETRIC_REPRESENTATION_CONTEXT() REPRESENTATION_CONTEXT('2D SPACE',''
  ) );
#13095 = PCURVE('',#11525,#13096);
#13096 = DEFINITIONAL_REPRESENTATION('',(#13097),#13105);
#13097 = ( BOUNDED_CURVE() B_SPLINE_CURVE(2,(#13098,#13099,#13100,#13101
    ,#13102,#13103,#13104),.UNSPECIFIED.,.T.,.F.) 
B_SPLINE_CURVE_WITH_KNOTS((1,2,2,2,2,1),(-2.094395102393,0.,
    2.094395102393,4.188790204786,6.28318530718,8.377580409573),
.UNSPECIFIED.) CURVE() GEOMETRIC_REPRESENTATION_ITEM() 
RATIONAL_B_SPLINE_CURVE((1.,0.5,1.,0.5,1.,0.5,1.)) REPRESENTATION_ITEM(
  '') );
#13098 = CARTESIAN_POINT('',(10.75,6.));
#13099 = CARTESIAN_POINT('',(10.75,4.700961894323));
#13100 = CARTESIAN_POINT('',(9.625,5.350480947162));
#13101 = CARTESIAN_POINT('',(8.5,6.));
#13102 = CARTESIAN_POINT('',(9.625,6.649519052838));
#13103 = CARTESIAN_POINT('',(10.75,7.299038105677));
#13104 = CARTESIAN_POINT('',(10.75,6.));
#13105 = ( GEOMETRIC_REPRESENTATION_CONTEXT(2) 
PARAMETRIC_REPRESENTATION_CONTEXT() REPRESENTATION_CONTEXT('2D SPACE',''
  ) );
#13106 = ORIENTED_EDGE('',*,*,#13058,.F.);
#13107 = ADVANCED_FACE('',(#13108),#9198,.T.);
#13108 = FACE_BOUND('',#13109,.T.);
#13109 = EDGE_LOOP('',(#13110,#13111,#13112,#13113));
#13110 = ORIENTED_EDGE('',*,*,#11462,.T.);
#13111 = ORIENTED_EDGE('',*,*,#9183,.T.);
#13112 = ORIENTED_EDGE('',*,*,#11376,.F.);
#13113 = ORIENTED_EDGE('',*,*,#11435,.F.);
#13114 = ADVANCED_FACE('',(#13115),#9262,.T.);
#13115 = FACE_BOUND('',#13116,.T.);
#13116 = EDGE_LOOP('',(#13117,#13148,#13176,#13198,#13199,#13223,#13251,
    #13280));
#13117 = ORIENTED_EDGE('',*,*,#13118,.T.);
#13118 = EDGE_CURVE('',#13119,#13121,#13123,.T.);
#13119 = VERTEX_POINT('',#13120);
#13120 = CARTESIAN_POINT('',(3.4,27.8,-8.E-02));
#13121 = VERTEX_POINT('',#13122);
#13122 = CARTESIAN_POINT('',(2.7,28.5,-8.E-02));
#13123 = SURFACE_CURVE('',#13124,(#13129,#13136),.PCURVE_S1.);
#13124 = CIRCLE('',#13125,0.7);
#13125 = AXIS2_PLACEMENT_3D('',#13126,#13127,#13128);
#13126 = CARTESIAN_POINT('',(2.7,27.8,-8.E-02));
#13127 = DIRECTION('',(0.,0.,1.));
#13128 = DIRECTION('',(1.,0.,0.));
#13129 = PCURVE('',#9262,#13130);
#13130 = DEFINITIONAL_REPRESENTATION('',(#13131),#13135);
#13131 = CIRCLE('',#13132,0.7);
#13132 = AXIS2_PLACEMENT_2D('',#13133,#13134);
#13133 = CARTESIAN_POINT('',(5.,16.3));
#13134 = DIRECTION('',(1.,0.));
#13135 = ( GEOMETRIC_REPRESENTATION_CONTEXT(2) 
PARAMETRIC_REPRESENTATION_CONTEXT() REPRESENTATION_CONTEXT('2D SPACE',''
  ) );
#13136 = PCURVE('',#13137,#13142);
#13137 = CYLINDRICAL_SURFACE('',#13138,0.7);
#13138 = AXIS2_PLACEMENT_3D('',#13139,#13140,#13141);
#13139 = CARTESIAN_POINT('',(2.7,27.8,-1.));
#13140 = DIRECTION('',(-0.,-0.,-1.));
#13141 = DIRECTION('',(1.,0.,0.));
#13142 = DEFINITIONAL_REPRESENTATION('',(#13143),#13147);
#13143 = LINE('',#13144,#13145);
#13144 = CARTESIAN_POINT('',(-0.,-0.92));
#13145 = VECTOR('',#13146,1.);
#13146 = DIRECTION('',(-1.,0.));
#13147 = ( GEOMETRIC_REPRESENTATION_CONTEXT(2) 
PARAMETRIC_REPRESENTATION_CONTEXT() REPRESENTATION_CONTEXT('2D SPACE',''
  ) );
#13148 = ORIENTED_EDGE('',*,*,#13149,.F.);
#13149 = EDGE_CURVE('',#13150,#13121,#13152,.T.);
#13150 = VERTEX_POINT('',#13151);
#13151 = CARTESIAN_POINT('',(-2.3,28.5,-8.E-02));
#13152 = SURFACE_CURVE('',#13153,(#13157,#13164),.PCURVE_S1.);
#13153 = LINE('',#13154,#13155);
#13154 = CARTESIAN_POINT('',(-2.3,28.5,-8.E-02));
#13155 = VECTOR('',#13156,1.);
#13156 = DIRECTION('',(1.,0.,0.));
#13157 = PCURVE('',#9262,#13158);
#13158 = DEFINITIONAL_REPRESENTATION('',(#13159),#13163);
#13159 = LINE('',#13160,#13161);
#13160 = CARTESIAN_POINT('',(0.,17.));
#13161 = VECTOR('',#13162,1.);
#13162 = DIRECTION('',(1.,0.));
#13163 = ( GEOMETRIC_REPRESENTATION_CONTEXT(2) 
PARAMETRIC_REPRESENTATION_CONTEXT() REPRESENTATION_CONTEXT('2D SPACE',''
  ) );
#13164 = PCURVE('',#13165,#13170);
#13165 = PLANE('',#13166);
#13166 = AXIS2_PLACEMENT_3D('',#13167,#13168,#13169);
#13167 = CARTESIAN_POINT('',(-2.3,28.5,-1.));
#13168 = DIRECTION('',(0.,1.,0.));
#13169 = DIRECTION('',(0.,0.,1.));
#13170 = DEFINITIONAL_REPRESENTATION('',(#13171),#13175);
#13171 = LINE('',#13172,#13173);
#13172 = CARTESIAN_POINT('',(0.92,0.));
#13173 = VECTOR('',#13174,1.);
#13174 = DIRECTION('',(0.,1.));
#13175 = ( GEOMETRIC_REPRESENTATION_CONTEXT(2) 
PARAMETRIC_REPRESENTATION_CONTEXT() REPRESENTATION_CONTEXT('2D SPACE',''
  ) );
#13176 = ORIENTED_EDGE('',*,*,#13177,.T.);
#13177 = EDGE_CURVE('',#13150,#9246,#13178,.T.);
#13178 = SURFACE_CURVE('',#13179,(#13184,#13191),.PCURVE_S1.);
#13179 = CIRCLE('',#13180,0.7);
#13180 = AXIS2_PLACEMENT_3D('',#13181,#13182,#13183);
#13181 = CARTESIAN_POINT('',(-2.3,27.8,-8.E-02));
#13182 = DIRECTION('',(0.,0.,1.));
#13183 = DIRECTION('',(1.,0.,0.));
#13184 = PCURVE('',#9262,#13185);
#13185 = DEFINITIONAL_REPRESENTATION('',(#13186),#13190);
#13186 = CIRCLE('',#13187,0.7);
#13187 = AXIS2_PLACEMENT_2D('',#13188,#13189);
#13188 = CARTESIAN_POINT('',(0.,16.3));
#13189 = DIRECTION('',(1.,0.));
#13190 = ( GEOMETRIC_REPRESENTATION_CONTEXT(2) 
PARAMETRIC_REPRESENTATION_CONTEXT() REPRESENTATION_CONTEXT('2D SPACE',''
  ) );
#13191 = PCURVE('',#9288,#13192);
#13192 = DEFINITIONAL_REPRESENTATION('',(#13193),#13197);
#13193 = LINE('',#13194,#13195);
#13194 = CARTESIAN_POINT('',(-0.,-0.92));
#13195 = VECTOR('',#13196,1.);
#13196 = DIRECTION('',(-1.,0.));
#13197 = ( GEOMETRIC_REPRESENTATION_CONTEXT(2) 
PARAMETRIC_REPRESENTATION_CONTEXT() REPRESENTATION_CONTEXT('2D SPACE',''
  ) );
#13198 = ORIENTED_EDGE('',*,*,#9245,.T.);
#13199 = ORIENTED_EDGE('',*,*,#13200,.T.);
#13200 = EDGE_CURVE('',#9248,#13201,#13203,.T.);
#13201 = VERTEX_POINT('',#13202);
#13202 = CARTESIAN_POINT('',(-2.3,11.5,-8.E-02));
#13203 = SURFACE_CURVE('',#13204,(#13209,#13216),.PCURVE_S1.);
#13204 = CIRCLE('',#13205,0.7);
#13205 = AXIS2_PLACEMENT_3D('',#13206,#13207,#13208);
#13206 = CARTESIAN_POINT('',(-2.3,12.2,-8.E-02));
#13207 = DIRECTION('',(0.,0.,1.));
#13208 = DIRECTION('',(1.,0.,0.));
#13209 = PCURVE('',#9262,#13210);
#13210 = DEFINITIONAL_REPRESENTATION('',(#13211),#13215);
#13211 = CIRCLE('',#13212,0.7);
#13212 = AXIS2_PLACEMENT_2D('',#13213,#13214);
#13213 = CARTESIAN_POINT('',(0.,0.7));
#13214 = DIRECTION('',(1.,0.));
#13215 = ( GEOMETRIC_REPRESENTATION_CONTEXT(2) 
PARAMETRIC_REPRESENTATION_CONTEXT() REPRESENTATION_CONTEXT('2D SPACE',''
  ) );
#13216 = PCURVE('',#9338,#13217);
#13217 = DEFINITIONAL_REPRESENTATION('',(#13218),#13222);
#13218 = LINE('',#13219,#13220);
#13219 = CARTESIAN_POINT('',(-0.,-0.92));
#13220 = VECTOR('',#13221,1.);
#13221 = DIRECTION('',(-1.,0.));
#13222 = ( GEOMETRIC_REPRESENTATION_CONTEXT(2) 
PARAMETRIC_REPRESENTATION_CONTEXT() REPRESENTATION_CONTEXT('2D SPACE',''
  ) );
#13223 = ORIENTED_EDGE('',*,*,#13224,.T.);
#13224 = EDGE_CURVE('',#13201,#13225,#13227,.T.);
#13225 = VERTEX_POINT('',#13226);
#13226 = CARTESIAN_POINT('',(2.7,11.5,-8.E-02));
#13227 = SURFACE_CURVE('',#13228,(#13232,#13239),.PCURVE_S1.);
#13228 = LINE('',#13229,#13230);
#13229 = CARTESIAN_POINT('',(-2.3,11.5,-8.E-02));
#13230 = VECTOR('',#13231,1.);
#13231 = DIRECTION('',(1.,0.,0.));
#13232 = PCURVE('',#9262,#13233);
#13233 = DEFINITIONAL_REPRESENTATION('',(#13234),#13238);
#13234 = LINE('',#13235,#13236);
#13235 = CARTESIAN_POINT('',(0.,0.));
#13236 = VECTOR('',#13237,1.);
#13237 = DIRECTION('',(1.,0.));
#13238 = ( GEOMETRIC_REPRESENTATION_CONTEXT(2) 
PARAMETRIC_REPRESENTATION_CONTEXT() REPRESENTATION_CONTEXT('2D SPACE',''
  ) );
#13239 = PCURVE('',#13240,#13245);
#13240 = PLANE('',#13241);
#13241 = AXIS2_PLACEMENT_3D('',#13242,#13243,#13244);
#13242 = CARTESIAN_POINT('',(-2.3,11.5,-1.));
#13243 = DIRECTION('',(0.,1.,0.));
#13244 = DIRECTION('',(0.,0.,1.));
#13245 = DEFINITIONAL_REPRESENTATION('',(#13246),#13250);
#13246 = LINE('',#13247,#13248);
#13247 = CARTESIAN_POINT('',(0.92,0.));
#13248 = VECTOR('',#13249,1.);
#13249 = DIRECTION('',(0.,1.));
#13250 = ( GEOMETRIC_REPRESENTATION_CONTEXT(2) 
PARAMETRIC_REPRESENTATION_CONTEXT() REPRESENTATION_CONTEXT('2D SPACE',''
  ) );
#13251 = ORIENTED_EDGE('',*,*,#13252,.T.);
#13252 = EDGE_CURVE('',#13225,#13253,#13255,.T.);
#13253 = VERTEX_POINT('',#13254);
#13254 = CARTESIAN_POINT('',(3.4,12.2,-8.E-02));
#13255 = SURFACE_CURVE('',#13256,(#13261,#13268),.PCURVE_S1.);
#13256 = CIRCLE('',#13257,0.7);
#13257 = AXIS2_PLACEMENT_3D('',#13258,#13259,#13260);
#13258 = CARTESIAN_POINT('',(2.7,12.2,-8.E-02));
#13259 = DIRECTION('',(0.,0.,1.));
#13260 = DIRECTION('',(1.,0.,0.));
#13261 = PCURVE('',#9262,#13262);
#13262 = DEFINITIONAL_REPRESENTATION('',(#13263),#13267);
#13263 = CIRCLE('',#13264,0.7);
#13264 = AXIS2_PLACEMENT_2D('',#13265,#13266);
#13265 = CARTESIAN_POINT('',(5.,0.7));
#13266 = DIRECTION('',(1.,0.));
#13267 = ( GEOMETRIC_REPRESENTATION_CONTEXT(2) 
PARAMETRIC_REPRESENTATION_CONTEXT() REPRESENTATION_CONTEXT('2D SPACE',''
  ) );
#13268 = PCURVE('',#13269,#13274);
#13269 = CYLINDRICAL_SURFACE('',#13270,0.7);
#13270 = AXIS2_PLACEMENT_3D('',#13271,#13272,#13273);
#13271 = CARTESIAN_POINT('',(2.7,12.2,-1.));
#13272 = DIRECTION('',(-0.,-0.,-1.));
#13273 = DIRECTION('',(1.,0.,0.));
#13274 = DEFINITIONAL_REPRESENTATION('',(#13275),#13279);
#13275 = LINE('',#13276,#13277);
#13276 = CARTESIAN_POINT('',(-0.,-0.92));
#13277 = VECTOR('',#13278,1.);
#13278 = DIRECTION('',(-1.,0.));
#13279 = ( GEOMETRIC_REPRESENTATION_CONTEXT(2) 
PARAMETRIC_REPRESENTATION_CONTEXT() REPRESENTATION_CONTEXT('2D SPACE',''
  ) );
#13280 = ORIENTED_EDGE('',*,*,#13281,.T.);
#13281 = EDGE_CURVE('',#13253,#13119,#13282,.T.);
#13282 = SURFACE_CURVE('',#13283,(#13287,#13294),.PCURVE_S1.);
#13283 = LINE('',#13284,#13285);
#13284 = CARTESIAN_POINT('',(3.4,12.2,-8.E-02));
#13285 = VECTOR('',#13286,1.);
#13286 = DIRECTION('',(0.,1.,0.));
#13287 = PCURVE('',#9262,#13288);
#13288 = DEFINITIONAL_REPRESENTATION('',(#13289),#13293);
#13289 = LINE('',#13290,#13291);
#13290 = CARTESIAN_POINT('',(5.7,0.7));
#13291 = VECTOR('',#13292,1.);
#13292 = DIRECTION('',(0.,1.));
#13293 = ( GEOMETRIC_REPRESENTATION_CONTEXT(2) 
PARAMETRIC_REPRESENTATION_CONTEXT() REPRESENTATION_CONTEXT('2D SPACE',''
  ) );
#13294 = PCURVE('',#13295,#13300);
#13295 = PLANE('',#13296);
#13296 = AXIS2_PLACEMENT_3D('',#13297,#13298,#13299);
#13297 = CARTESIAN_POINT('',(3.4,12.2,-1.));
#13298 = DIRECTION('',(1.,0.,0.));
#13299 = DIRECTION('',(0.,0.,1.));
#13300 = DEFINITIONAL_REPRESENTATION('',(#13301),#13305);
#13301 = LINE('',#13302,#13303);
#13302 = CARTESIAN_POINT('',(0.92,0.));
#13303 = VECTOR('',#13304,1.);
#13304 = DIRECTION('',(0.,-1.));
#13305 = ( GEOMETRIC_REPRESENTATION_CONTEXT(2) 
PARAMETRIC_REPRESENTATION_CONTEXT() REPRESENTATION_CONTEXT('2D SPACE',''
  ) );
#13306 = ADVANCED_FACE('',(#13307),#9338,.T.);
#13307 = FACE_BOUND('',#13308,.F.);
#13308 = EDGE_LOOP('',(#13309,#13333,#13334,#13335));
#13309 = ORIENTED_EDGE('',*,*,#13310,.F.);
#13310 = EDGE_CURVE('',#9300,#13311,#13313,.T.);
#13311 = VERTEX_POINT('',#13312);
#13312 = CARTESIAN_POINT('',(-2.3,11.5,-1.));
#13313 = SURFACE_CURVE('',#13314,(#13319,#13326),.PCURVE_S1.);
#13314 = CIRCLE('',#13315,0.7);
#13315 = AXIS2_PLACEMENT_3D('',#13316,#13317,#13318);
#13316 = CARTESIAN_POINT('',(-2.3,12.2,-1.));
#13317 = DIRECTION('',(0.,0.,1.));
#13318 = DIRECTION('',(1.,0.,0.));
#13319 = PCURVE('',#9338,#13320);
#13320 = DEFINITIONAL_REPRESENTATION('',(#13321),#13325);
#13321 = LINE('',#13322,#13323);
#13322 = CARTESIAN_POINT('',(-0.,0.));
#13323 = VECTOR('',#13324,1.);
#13324 = DIRECTION('',(-1.,0.));
#13325 = ( GEOMETRIC_REPRESENTATION_CONTEXT(2) 
PARAMETRIC_REPRESENTATION_CONTEXT() REPRESENTATION_CONTEXT('2D SPACE',''
  ) );
#13326 = PCURVE('',#9314,#13327);
#13327 = DEFINITIONAL_REPRESENTATION('',(#13328),#13332);
#13328 = CIRCLE('',#13329,0.7);
#13329 = AXIS2_PLACEMENT_2D('',#13330,#13331);
#13330 = CARTESIAN_POINT('',(0.,0.));
#13331 = DIRECTION('',(1.,0.));
#13332 = ( GEOMETRIC_REPRESENTATION_CONTEXT(2) 
PARAMETRIC_REPRESENTATION_CONTEXT() REPRESENTATION_CONTEXT('2D SPACE',''
  ) );
#13333 = ORIENTED_EDGE('',*,*,#9325,.F.);
#13334 = ORIENTED_EDGE('',*,*,#13200,.T.);
#13335 = ORIENTED_EDGE('',*,*,#13336,.F.);
#13336 = EDGE_CURVE('',#13311,#13201,#13337,.T.);
#13337 = SURFACE_CURVE('',#13338,(#13342,#13349),.PCURVE_S1.);
#13338 = LINE('',#13339,#13340);
#13339 = CARTESIAN_POINT('',(-2.3,11.5,-1.));
#13340 = VECTOR('',#13341,1.);
#13341 = DIRECTION('',(0.,0.,1.));
#13342 = PCURVE('',#9338,#13343);
#13343 = DEFINITIONAL_REPRESENTATION('',(#13344),#13348);
#13344 = LINE('',#13345,#13346);
#13345 = CARTESIAN_POINT('',(-4.712388980385,0.));
#13346 = VECTOR('',#13347,1.);
#13347 = DIRECTION('',(-0.,-1.));
#13348 = ( GEOMETRIC_REPRESENTATION_CONTEXT(2) 
PARAMETRIC_REPRESENTATION_CONTEXT() REPRESENTATION_CONTEXT('2D SPACE',''
  ) );
#13349 = PCURVE('',#13240,#13350);
#13350 = DEFINITIONAL_REPRESENTATION('',(#13351),#13355);
#13351 = LINE('',#13352,#13353);
#13352 = CARTESIAN_POINT('',(0.,0.));
#13353 = VECTOR('',#13354,1.);
#13354 = DIRECTION('',(1.,0.));
#13355 = ( GEOMETRIC_REPRESENTATION_CONTEXT(2) 
PARAMETRIC_REPRESENTATION_CONTEXT() REPRESENTATION_CONTEXT('2D SPACE',''
  ) );
#13356 = ADVANCED_FACE('',(#13357),#9314,.F.);
#13357 = FACE_BOUND('',#13358,.F.);
#13358 = EDGE_LOOP('',(#13359,#13385,#13408,#13430,#13431,#13432,#13455,
    #13479));
#13359 = ORIENTED_EDGE('',*,*,#13360,.T.);
#13360 = EDGE_CURVE('',#13361,#13363,#13365,.T.);
#13361 = VERTEX_POINT('',#13362);
#13362 = CARTESIAN_POINT('',(3.4,27.8,-1.));
#13363 = VERTEX_POINT('',#13364);
#13364 = CARTESIAN_POINT('',(2.7,28.5,-1.));
#13365 = SURFACE_CURVE('',#13366,(#13371,#13378),.PCURVE_S1.);
#13366 = CIRCLE('',#13367,0.7);
#13367 = AXIS2_PLACEMENT_3D('',#13368,#13369,#13370);
#13368 = CARTESIAN_POINT('',(2.7,27.8,-1.));
#13369 = DIRECTION('',(0.,0.,1.));
#13370 = DIRECTION('',(1.,0.,0.));
#13371 = PCURVE('',#9314,#13372);
#13372 = DEFINITIONAL_REPRESENTATION('',(#13373),#13377);
#13373 = CIRCLE('',#13374,0.7);
#13374 = AXIS2_PLACEMENT_2D('',#13375,#13376);
#13375 = CARTESIAN_POINT('',(5.,15.6));
#13376 = DIRECTION('',(1.,0.));
#13377 = ( GEOMETRIC_REPRESENTATION_CONTEXT(2) 
PARAMETRIC_REPRESENTATION_CONTEXT() REPRESENTATION_CONTEXT('2D SPACE',''
  ) );
#13378 = PCURVE('',#13137,#13379);
#13379 = DEFINITIONAL_REPRESENTATION('',(#13380),#13384);
#13380 = LINE('',#13381,#13382);
#13381 = CARTESIAN_POINT('',(-0.,0.));
#13382 = VECTOR('',#13383,1.);
#13383 = DIRECTION('',(-1.,0.));
#13384 = ( GEOMETRIC_REPRESENTATION_CONTEXT(2) 
PARAMETRIC_REPRESENTATION_CONTEXT() REPRESENTATION_CONTEXT('2D SPACE',''
  ) );
#13385 = ORIENTED_EDGE('',*,*,#13386,.F.);
#13386 = EDGE_CURVE('',#13387,#13363,#13389,.T.);
#13387 = VERTEX_POINT('',#13388);
#13388 = CARTESIAN_POINT('',(-2.3,28.5,-1.));
#13389 = SURFACE_CURVE('',#13390,(#13394,#13401),.PCURVE_S1.);
#13390 = LINE('',#13391,#13392);
#13391 = CARTESIAN_POINT('',(-2.3,28.5,-1.));
#13392 = VECTOR('',#13393,1.);
#13393 = DIRECTION('',(1.,0.,0.));
#13394 = PCURVE('',#9314,#13395);
#13395 = DEFINITIONAL_REPRESENTATION('',(#13396),#13400);
#13396 = LINE('',#13397,#13398);
#13397 = CARTESIAN_POINT('',(0.,16.3));
#13398 = VECTOR('',#13399,1.);
#13399 = DIRECTION('',(1.,0.));
#13400 = ( GEOMETRIC_REPRESENTATION_CONTEXT(2) 
PARAMETRIC_REPRESENTATION_CONTEXT() REPRESENTATION_CONTEXT('2D SPACE',''
  ) );
#13401 = PCURVE('',#13165,#13402);
#13402 = DEFINITIONAL_REPRESENTATION('',(#13403),#13407);
#13403 = LINE('',#13404,#13405);
#13404 = CARTESIAN_POINT('',(0.,0.));
#13405 = VECTOR('',#13406,1.);
#13406 = DIRECTION('',(0.,1.));
#13407 = ( GEOMETRIC_REPRESENTATION_CONTEXT(2) 
PARAMETRIC_REPRESENTATION_CONTEXT() REPRESENTATION_CONTEXT('2D SPACE',''
  ) );
#13408 = ORIENTED_EDGE('',*,*,#13409,.T.);
#13409 = EDGE_CURVE('',#13387,#9274,#13410,.T.);
#13410 = SURFACE_CURVE('',#13411,(#13416,#13423),.PCURVE_S1.);
#13411 = CIRCLE('',#13412,0.7);
#13412 = AXIS2_PLACEMENT_3D('',#13413,#13414,#13415);
#13413 = CARTESIAN_POINT('',(-2.3,27.8,-1.));
#13414 = DIRECTION('',(0.,0.,1.));
#13415 = DIRECTION('',(1.,0.,0.));
#13416 = PCURVE('',#9314,#13417);
#13417 = DEFINITIONAL_REPRESENTATION('',(#13418),#13422);
#13418 = CIRCLE('',#13419,0.7);
#13419 = AXIS2_PLACEMENT_2D('',#13420,#13421);
#13420 = CARTESIAN_POINT('',(0.,15.6));
#13421 = DIRECTION('',(1.,0.));
#13422 = ( GEOMETRIC_REPRESENTATION_CONTEXT(2) 
PARAMETRIC_REPRESENTATION_CONTEXT() REPRESENTATION_CONTEXT('2D SPACE',''
  ) );
#13423 = PCURVE('',#9288,#13424);
#13424 = DEFINITIONAL_REPRESENTATION('',(#13425),#13429);
#13425 = LINE('',#13426,#13427);
#13426 = CARTESIAN_POINT('',(-0.,0.));
#13427 = VECTOR('',#13428,1.);
#13428 = DIRECTION('',(-1.,0.));
#13429 = ( GEOMETRIC_REPRESENTATION_CONTEXT(2) 
PARAMETRIC_REPRESENTATION_CONTEXT() REPRESENTATION_CONTEXT('2D SPACE',''
  ) );
#13430 = ORIENTED_EDGE('',*,*,#9299,.T.);
#13431 = ORIENTED_EDGE('',*,*,#13310,.T.);
#13432 = ORIENTED_EDGE('',*,*,#13433,.T.);
#13433 = EDGE_CURVE('',#13311,#13434,#13436,.T.);
#13434 = VERTEX_POINT('',#13435);
#13435 = CARTESIAN_POINT('',(2.7,11.5,-1.));
#13436 = SURFACE_CURVE('',#13437,(#13441,#13448),.PCURVE_S1.);
#13437 = LINE('',#13438,#13439);
#13438 = CARTESIAN_POINT('',(-2.3,11.5,-1.));
#13439 = VECTOR('',#13440,1.);
#13440 = DIRECTION('',(1.,0.,0.));
#13441 = PCURVE('',#9314,#13442);
#13442 = DEFINITIONAL_REPRESENTATION('',(#13443),#13447);
#13443 = LINE('',#13444,#13445);
#13444 = CARTESIAN_POINT('',(0.,-0.7));
#13445 = VECTOR('',#13446,1.);
#13446 = DIRECTION('',(1.,0.));
#13447 = ( GEOMETRIC_REPRESENTATION_CONTEXT(2) 
PARAMETRIC_REPRESENTATION_CONTEXT() REPRESENTATION_CONTEXT('2D SPACE',''
  ) );
#13448 = PCURVE('',#13240,#13449);
#13449 = DEFINITIONAL_REPRESENTATION('',(#13450),#13454);
#13450 = LINE('',#13451,#13452);
#13451 = CARTESIAN_POINT('',(0.,0.));
#13452 = VECTOR('',#13453,1.);
#13453 = DIRECTION('',(0.,1.));
#13454 = ( GEOMETRIC_REPRESENTATION_CONTEXT(2) 
PARAMETRIC_REPRESENTATION_CONTEXT() REPRESENTATION_CONTEXT('2D SPACE',''
  ) );
#13455 = ORIENTED_EDGE('',*,*,#13456,.T.);
#13456 = EDGE_CURVE('',#13434,#13457,#13459,.T.);
#13457 = VERTEX_POINT('',#13458);
#13458 = CARTESIAN_POINT('',(3.4,12.2,-1.));
#13459 = SURFACE_CURVE('',#13460,(#13465,#13472),.PCURVE_S1.);
#13460 = CIRCLE('',#13461,0.7);
#13461 = AXIS2_PLACEMENT_3D('',#13462,#13463,#13464);
#13462 = CARTESIAN_POINT('',(2.7,12.2,-1.));
#13463 = DIRECTION('',(0.,0.,1.));
#13464 = DIRECTION('',(1.,0.,0.));
#13465 = PCURVE('',#9314,#13466);
#13466 = DEFINITIONAL_REPRESENTATION('',(#13467),#13471);
#13467 = CIRCLE('',#13468,0.7);
#13468 = AXIS2_PLACEMENT_2D('',#13469,#13470);
#13469 = CARTESIAN_POINT('',(5.,0.));
#13470 = DIRECTION('',(1.,0.));
#13471 = ( GEOMETRIC_REPRESENTATION_CONTEXT(2) 
PARAMETRIC_REPRESENTATION_CONTEXT() REPRESENTATION_CONTEXT('2D SPACE',''
  ) );
#13472 = PCURVE('',#13269,#13473);
#13473 = DEFINITIONAL_REPRESENTATION('',(#13474),#13478);
#13474 = LINE('',#13475,#13476);
#13475 = CARTESIAN_POINT('',(-0.,0.));
#13476 = VECTOR('',#13477,1.);
#13477 = DIRECTION('',(-1.,0.));
#13478 = ( GEOMETRIC_REPRESENTATION_CONTEXT(2) 
PARAMETRIC_REPRESENTATION_CONTEXT() REPRESENTATION_CONTEXT('2D SPACE',''
  ) );
#13479 = ORIENTED_EDGE('',*,*,#13480,.T.);
#13480 = EDGE_CURVE('',#13457,#13361,#13481,.T.);
#13481 = SURFACE_CURVE('',#13482,(#13486,#13493),.PCURVE_S1.);
#13482 = LINE('',#13483,#13484);
#13483 = CARTESIAN_POINT('',(3.4,12.2,-1.));
#13484 = VECTOR('',#13485,1.);
#13485 = DIRECTION('',(0.,1.,0.));
#13486 = PCURVE('',#9314,#13487);
#13487 = DEFINITIONAL_REPRESENTATION('',(#13488),#13492);
#13488 = LINE('',#13489,#13490);
#13489 = CARTESIAN_POINT('',(5.7,0.));
#13490 = VECTOR('',#13491,1.);
#13491 = DIRECTION('',(0.,1.));
#13492 = ( GEOMETRIC_REPRESENTATION_CONTEXT(2) 
PARAMETRIC_REPRESENTATION_CONTEXT() REPRESENTATION_CONTEXT('2D SPACE',''
  ) );
#13493 = PCURVE('',#13295,#13494);
#13494 = DEFINITIONAL_REPRESENTATION('',(#13495),#13499);
#13495 = LINE('',#13496,#13497);
#13496 = CARTESIAN_POINT('',(0.,0.));
#13497 = VECTOR('',#13498,1.);
#13498 = DIRECTION('',(0.,-1.));
#13499 = ( GEOMETRIC_REPRESENTATION_CONTEXT(2) 
PARAMETRIC_REPRESENTATION_CONTEXT() REPRESENTATION_CONTEXT('2D SPACE',''
  ) );
#13500 = ADVANCED_FACE('',(#13501),#9288,.T.);
#13501 = FACE_BOUND('',#13502,.F.);
#13502 = EDGE_LOOP('',(#13503,#13504,#13525,#13526));
#13503 = ORIENTED_EDGE('',*,*,#13409,.F.);
#13504 = ORIENTED_EDGE('',*,*,#13505,.T.);
#13505 = EDGE_CURVE('',#13387,#13150,#13506,.T.);
#13506 = SURFACE_CURVE('',#13507,(#13511,#13518),.PCURVE_S1.);
#13507 = LINE('',#13508,#13509);
#13508 = CARTESIAN_POINT('',(-2.3,28.5,-1.));
#13509 = VECTOR('',#13510,1.);
#13510 = DIRECTION('',(0.,0.,1.));
#13511 = PCURVE('',#9288,#13512);
#13512 = DEFINITIONAL_REPRESENTATION('',(#13513),#13517);
#13513 = LINE('',#13514,#13515);
#13514 = CARTESIAN_POINT('',(-1.570796326795,0.));
#13515 = VECTOR('',#13516,1.);
#13516 = DIRECTION('',(-0.,-1.));
#13517 = ( GEOMETRIC_REPRESENTATION_CONTEXT(2) 
PARAMETRIC_REPRESENTATION_CONTEXT() REPRESENTATION_CONTEXT('2D SPACE',''
  ) );
#13518 = PCURVE('',#13165,#13519);
#13519 = DEFINITIONAL_REPRESENTATION('',(#13520),#13524);
#13520 = LINE('',#13521,#13522);
#13521 = CARTESIAN_POINT('',(0.,0.));
#13522 = VECTOR('',#13523,1.);
#13523 = DIRECTION('',(1.,0.));
#13524 = ( GEOMETRIC_REPRESENTATION_CONTEXT(2) 
PARAMETRIC_REPRESENTATION_CONTEXT() REPRESENTATION_CONTEXT('2D SPACE',''
  ) );
#13525 = ORIENTED_EDGE('',*,*,#13177,.T.);
#13526 = ORIENTED_EDGE('',*,*,#9273,.T.);
#13527 = ADVANCED_FACE('',(#13528,#13531),#9391,.T.);
#13528 = FACE_BOUND('',#13529,.T.);
#13529 = EDGE_LOOP('',(#13530));
#13530 = ORIENTED_EDGE('',*,*,#9376,.T.);
#13531 = FACE_BOUND('',#13532,.T.);
#13532 = EDGE_LOOP('',(#13533));
#13533 = ORIENTED_EDGE('',*,*,#13534,.T.);
#13534 = EDGE_CURVE('',#13535,#13535,#13537,.T.);
#13535 = VERTEX_POINT('',#13536);
#13536 = CARTESIAN_POINT('',(36.9,20.,-2.05));
#13537 = SURFACE_CURVE('',#13538,(#13543,#13554),.PCURVE_S1.);
#13538 = CIRCLE('',#13539,15.4);
#13539 = AXIS2_PLACEMENT_3D('',#13540,#13541,#13542);
#13540 = CARTESIAN_POINT('',(21.5,20.,-2.05));
#13541 = DIRECTION('',(0.,0.,-1.));
#13542 = DIRECTION('',(1.,0.,0.));
#13543 = PCURVE('',#9391,#13544);
#13544 = DEFINITIONAL_REPRESENTATION('',(#13545),#13553);
#13545 = ( BOUNDED_CURVE() B_SPLINE_CURVE(2,(#13546,#13547,#13548,#13549
    ,#13550,#13551,#13552),.UNSPECIFIED.,.T.,.F.) 
B_SPLINE_CURVE_WITH_KNOTS((1,2,2,2,2,1),(-2.094395102393,0.,
    2.094395102393,4.188790204786,6.28318530718,8.377580409573),
.UNSPECIFIED.) CURVE() GEOMETRIC_REPRESENTATION_ITEM() 
RATIONAL_B_SPLINE_CURVE((1.,0.5,1.,0.5,1.,0.5,1.)) REPRESENTATION_ITEM(
  '') );
#13546 = CARTESIAN_POINT('',(15.4,0.));
#13547 = CARTESIAN_POINT('',(15.4,-26.67358243656));
#13548 = CARTESIAN_POINT('',(-7.7,-13.33679121828));
#13549 = CARTESIAN_POINT('',(-30.8,-3.771912141374E-15));
#13550 = CARTESIAN_POINT('',(-7.7,13.33679121828));
#13551 = CARTESIAN_POINT('',(15.4,26.673582436561));
#13552 = CARTESIAN_POINT('',(15.4,0.));
#13553 = ( GEOMETRIC_REPRESENTATION_CONTEXT(2) 
PARAMETRIC_REPRESENTATION_CONTEXT() REPRESENTATION_CONTEXT('2D SPACE',''
  ) );
#13554 = PCURVE('',#13555,#13560);
#13555 = CYLINDRICAL_SURFACE('',#13556,15.4);
#13556 = AXIS2_PLACEMENT_3D('',#13557,#13558,#13559);
#13557 = CARTESIAN_POINT('',(21.5,20.,-10.15));
#13558 = DIRECTION('',(-0.,-0.,-1.));
#13559 = DIRECTION('',(1.,0.,0.));
#13560 = DEFINITIONAL_REPRESENTATION('',(#13561),#13565);
#13561 = LINE('',#13562,#13563);
#13562 = CARTESIAN_POINT('',(-6.28318530718,-8.1));
#13563 = VECTOR('',#13564,1.);
#13564 = DIRECTION('',(1.,-0.));
#13565 = ( GEOMETRIC_REPRESENTATION_CONTEXT(2) 
PARAMETRIC_REPRESENTATION_CONTEXT() REPRESENTATION_CONTEXT('2D SPACE',''
  ) );
#13566 = ADVANCED_FACE('',(#13567,#13570),#9446,.T.);
#13567 = FACE_BOUND('',#13568,.T.);
#13568 = EDGE_LOOP('',(#13569));
#13569 = ORIENTED_EDGE('',*,*,#9431,.T.);
#13570 = FACE_BOUND('',#13571,.T.);
#13571 = EDGE_LOOP('',(#13572));
#13572 = ORIENTED_EDGE('',*,*,#13573,.T.);
#13573 = EDGE_CURVE('',#13574,#13574,#13576,.T.);
#13574 = VERTEX_POINT('',#13575);
#13575 = CARTESIAN_POINT('',(7.1,37.,-0.2));
#13576 = SURFACE_CURVE('',#13577,(#13582,#13593),.PCURVE_S1.);
#13577 = CIRCLE('',#13578,1.1);
#13578 = AXIS2_PLACEMENT_3D('',#13579,#13580,#13581);
#13579 = CARTESIAN_POINT('',(6.,37.,-0.2));
#13580 = DIRECTION('',(0.,0.,-1.));
#13581 = DIRECTION('',(1.,0.,0.));
#13582 = PCURVE('',#9446,#13583);
#13583 = DEFINITIONAL_REPRESENTATION('',(#13584),#13592);
#13584 = ( BOUNDED_CURVE() B_SPLINE_CURVE(2,(#13585,#13586,#13587,#13588
    ,#13589,#13590,#13591),.UNSPECIFIED.,.T.,.F.) 
B_SPLINE_CURVE_WITH_KNOTS((1,2,2,2,2,1),(-2.094395102393,0.,
    2.094395102393,4.188790204786,6.28318530718,8.377580409573),
.UNSPECIFIED.) CURVE() GEOMETRIC_REPRESENTATION_ITEM() 
RATIONAL_B_SPLINE_CURVE((1.,0.5,1.,0.5,1.,0.5,1.)) REPRESENTATION_ITEM(
  '') );
#13585 = CARTESIAN_POINT('',(1.1,0.));
#13586 = CARTESIAN_POINT('',(1.1,-1.905255888326));
#13587 = CARTESIAN_POINT('',(-0.55,-0.952627944163));
#13588 = CARTESIAN_POINT('',(-2.2,-2.694222958124E-16));
#13589 = CARTESIAN_POINT('',(-0.55,0.952627944163));
#13590 = CARTESIAN_POINT('',(1.1,1.905255888326));
#13591 = CARTESIAN_POINT('',(1.1,0.));
#13592 = ( GEOMETRIC_REPRESENTATION_CONTEXT(2) 
PARAMETRIC_REPRESENTATION_CONTEXT() REPRESENTATION_CONTEXT('2D SPACE',''
  ) );
#13593 = PCURVE('',#13594,#13599);
#13594 = CYLINDRICAL_SURFACE('',#13595,1.1);
#13595 = AXIS2_PLACEMENT_3D('',#13596,#13597,#13598);
#13596 = CARTESIAN_POINT('',(6.,37.,-6.3));
#13597 = DIRECTION('',(-0.,-0.,-1.));
#13598 = DIRECTION('',(1.,0.,0.));
#13599 = DEFINITIONAL_REPRESENTATION('',(#13600),#13604);
#13600 = LINE('',#13601,#13602);
#13601 = CARTESIAN_POINT('',(-6.28318530718,-6.1));
#13602 = VECTOR('',#13603,1.);
#13603 = DIRECTION('',(1.,-0.));
#13604 = ( GEOMETRIC_REPRESENTATION_CONTEXT(2) 
PARAMETRIC_REPRESENTATION_CONTEXT() REPRESENTATION_CONTEXT('2D SPACE',''
  ) );
#13605 = ADVANCED_FACE('',(#13606,#13609),#9501,.T.);
#13606 = FACE_BOUND('',#13607,.T.);
#13607 = EDGE_LOOP('',(#13608));
#13608 = ORIENTED_EDGE('',*,*,#9486,.T.);
#13609 = FACE_BOUND('',#13610,.T.);
#13610 = EDGE_LOOP('',(#13611));
#13611 = ORIENTED_EDGE('',*,*,#13612,.T.);
#13612 = EDGE_CURVE('',#13613,#13613,#13615,.T.);
#13613 = VERTEX_POINT('',#13614);
#13614 = CARTESIAN_POINT('',(55.1,37.,-0.2));
#13615 = SURFACE_CURVE('',#13616,(#13621,#13632),.PCURVE_S1.);
#13616 = CIRCLE('',#13617,1.1);
#13617 = AXIS2_PLACEMENT_3D('',#13618,#13619,#13620);
#13618 = CARTESIAN_POINT('',(54.,37.,-0.2));
#13619 = DIRECTION('',(0.,0.,-1.));
#13620 = DIRECTION('',(1.,0.,0.));
#13621 = PCURVE('',#9501,#13622);
#13622 = DEFINITIONAL_REPRESENTATION('',(#13623),#13631);
#13623 = ( BOUNDED_CURVE() B_SPLINE_CURVE(2,(#13624,#13625,#13626,#13627
    ,#13628,#13629,#13630),.UNSPECIFIED.,.T.,.F.) 
B_SPLINE_CURVE_WITH_KNOTS((1,2,2,2,2,1),(-2.094395102393,0.,
    2.094395102393,4.188790204786,6.28318530718,8.377580409573),
.UNSPECIFIED.) CURVE() GEOMETRIC_REPRESENTATION_ITEM() 
RATIONAL_B_SPLINE_CURVE((1.,0.5,1.,0.5,1.,0.5,1.)) REPRESENTATION_ITEM(
  '') );
#13624 = CARTESIAN_POINT('',(1.1,0.));
#13625 = CARTESIAN_POINT('',(1.1,-1.905255888326));
#13626 = CARTESIAN_POINT('',(-0.55,-0.952627944163));
#13627 = CARTESIAN_POINT('',(-2.2,-2.694222958124E-16));
#13628 = CARTESIAN_POINT('',(-0.55,0.952627944163));
#13629 = CARTESIAN_POINT('',(1.1,1.905255888326));
#13630 = CARTESIAN_POINT('',(1.1,0.));
#13631 = ( GEOMETRIC_REPRESENTATION_CONTEXT(2) 
PARAMETRIC_REPRESENTATION_CONTEXT() REPRESENTATION_CONTEXT('2D SPACE',''
  ) );
#13632 = PCURVE('',#13633,#13638);
#13633 = CYLINDRICAL_SURFACE('',#13634,1.1);
#13634 = AXIS2_PLACEMENT_3D('',#13635,#13636,#13637);
#13635 = CARTESIAN_POINT('',(54.,37.,-6.3));
#13636 = DIRECTION('',(-0.,-0.,-1.));
#13637 = DIRECTION('',(1.,0.,0.));
#13638 = DEFINITIONAL_REPRESENTATION('',(#13639),#13643);
#13639 = LINE('',#13640,#13641);
#13640 = CARTESIAN_POINT('',(-6.28318530718,-6.1));
#13641 = VECTOR('',#13642,1.);
#13642 = DIRECTION('',(1.,-0.));
#13643 = ( GEOMETRIC_REPRESENTATION_CONTEXT(2) 
PARAMETRIC_REPRESENTATION_CONTEXT() REPRESENTATION_CONTEXT('2D SPACE',''
  ) );
#13644 = ADVANCED_FACE('',(#13645,#13655),#9578,.T.);
#13645 = FACE_BOUND('',#13646,.T.);
#13646 = EDGE_LOOP('',(#13647,#13648,#13649,#13650,#13651,#13652,#13653,
    #13654));
#13647 = ORIENTED_EDGE('',*,*,#9564,.F.);
#13648 = ORIENTED_EDGE('',*,*,#9644,.T.);
#13649 = ORIENTED_EDGE('',*,*,#9765,.F.);
#13650 = ORIENTED_EDGE('',*,*,#9841,.T.);
#13651 = ORIENTED_EDGE('',*,*,#9892,.T.);
#13652 = ORIENTED_EDGE('',*,*,#9789,.T.);
#13653 = ORIENTED_EDGE('',*,*,#9716,.T.);
#13654 = ORIENTED_EDGE('',*,*,#9616,.T.);
#13655 = FACE_BOUND('',#13656,.T.);
#13656 = EDGE_LOOP('',(#13657,#13685,#13718,#13744,#13777,#13803,#13836,
    #13862));
#13657 = ORIENTED_EDGE('',*,*,#13658,.F.);
#13658 = EDGE_CURVE('',#13659,#13661,#13663,.T.);
#13659 = VERTEX_POINT('',#13660);
#13660 = CARTESIAN_POINT('',(41.1,95.3,-0.15));
#13661 = VERTEX_POINT('',#13662);
#13662 = CARTESIAN_POINT('',(18.9,95.3,-0.15));
#13663 = SURFACE_CURVE('',#13664,(#13668,#13674),.PCURVE_S1.);
#13664 = LINE('',#13665,#13666);
#13665 = CARTESIAN_POINT('',(18.95,95.3,-0.15));
#13666 = VECTOR('',#13667,1.);
#13667 = DIRECTION('',(-1.,0.,0.));
#13668 = PCURVE('',#9578,#13669);
#13669 = DEFINITIONAL_REPRESENTATION('',(#13670),#13673);
#13670 = B_SPLINE_CURVE_WITH_KNOTS('',1,(#13671,#13672),.UNSPECIFIED.,
  .F.,.F.,(2,2),(-22.15,5.E-02),.PIECEWISE_BEZIER_KNOTS.);
#13671 = CARTESIAN_POINT('',(22.1,52.3));
#13672 = CARTESIAN_POINT('',(-0.1,52.3));
#13673 = ( GEOMETRIC_REPRESENTATION_CONTEXT(2) 
PARAMETRIC_REPRESENTATION_CONTEXT() REPRESENTATION_CONTEXT('2D SPACE',''
  ) );
#13674 = PCURVE('',#13675,#13680);
#13675 = PLANE('',#13676);
#13676 = AXIS2_PLACEMENT_3D('',#13677,#13678,#13679);
#13677 = CARTESIAN_POINT('',(18.9,95.3,-10.3));
#13678 = DIRECTION('',(0.,1.,0.));
#13679 = DIRECTION('',(0.,0.,1.));
#13680 = DEFINITIONAL_REPRESENTATION('',(#13681),#13684);
#13681 = B_SPLINE_CURVE_WITH_KNOTS('',1,(#13682,#13683),.UNSPECIFIED.,
  .F.,.F.,(2,2),(-22.15,5.E-02),.PIECEWISE_BEZIER_KNOTS.);
#13682 = CARTESIAN_POINT('',(10.15,22.2));
#13683 = CARTESIAN_POINT('',(10.15,0.));
#13684 = ( GEOMETRIC_REPRESENTATION_CONTEXT(2) 
PARAMETRIC_REPRESENTATION_CONTEXT() REPRESENTATION_CONTEXT('2D SPACE',''
  ) );
#13685 = ORIENTED_EDGE('',*,*,#13686,.T.);
#13686 = EDGE_CURVE('',#13659,#13687,#13689,.T.);
#13687 = VERTEX_POINT('',#13688);
#13688 = CARTESIAN_POINT('',(47.3,89.1,-0.15));
#13689 = SURFACE_CURVE('',#13690,(#13695,#13706),.PCURVE_S1.);
#13690 = CIRCLE('',#13691,6.2);
#13691 = AXIS2_PLACEMENT_3D('',#13692,#13693,#13694);
#13692 = CARTESIAN_POINT('',(41.1,89.1,-0.15));
#13693 = DIRECTION('',(0.,0.,-1.));
#13694 = DIRECTION('',(1.,0.,0.));
#13695 = PCURVE('',#9578,#13696);
#13696 = DEFINITIONAL_REPRESENTATION('',(#13697),#13705);
#13697 = ( BOUNDED_CURVE() B_SPLINE_CURVE(2,(#13698,#13699,#13700,#13701
    ,#13702,#13703,#13704),.UNSPECIFIED.,.T.,.F.) 
B_SPLINE_CURVE_WITH_KNOTS((1,2,2,2,2,1),(-2.094395102393,0.,
    2.094395102393,4.188790204786,6.28318530718,8.377580409573),
.UNSPECIFIED.) CURVE() GEOMETRIC_REPRESENTATION_ITEM() 
RATIONAL_B_SPLINE_CURVE((1.,0.5,1.,0.5,1.,0.5,1.)) REPRESENTATION_ITEM(
  '') );
#13698 = CARTESIAN_POINT('',(28.3,46.1));
#13699 = CARTESIAN_POINT('',(28.3,35.361284993073));
#13700 = CARTESIAN_POINT('',(19.,40.730642496536));
#13701 = CARTESIAN_POINT('',(9.7,46.1));
#13702 = CARTESIAN_POINT('',(19.,51.469357503464));
#13703 = CARTESIAN_POINT('',(28.3,56.838715006927));
#13704 = CARTESIAN_POINT('',(28.3,46.1));
#13705 = ( GEOMETRIC_REPRESENTATION_CONTEXT(2) 
PARAMETRIC_REPRESENTATION_CONTEXT() REPRESENTATION_CONTEXT('2D SPACE',''
  ) );
#13706 = PCURVE('',#13707,#13712);
#13707 = CYLINDRICAL_SURFACE('',#13708,6.2);
#13708 = AXIS2_PLACEMENT_3D('',#13709,#13710,#13711);
#13709 = CARTESIAN_POINT('',(41.1,89.1,-10.3));
#13710 = DIRECTION('',(-0.,-0.,-1.));
#13711 = DIRECTION('',(1.,0.,0.));
#13712 = DEFINITIONAL_REPRESENTATION('',(#13713),#13717);
#13713 = LINE('',#13714,#13715);
#13714 = CARTESIAN_POINT('',(-6.28318530718,-10.15));
#13715 = VECTOR('',#13716,1.);
#13716 = DIRECTION('',(1.,-0.));
#13717 = ( GEOMETRIC_REPRESENTATION_CONTEXT(2) 
PARAMETRIC_REPRESENTATION_CONTEXT() REPRESENTATION_CONTEXT('2D SPACE',''
  ) );
#13718 = ORIENTED_EDGE('',*,*,#13719,.F.);
#13719 = EDGE_CURVE('',#13720,#13687,#13722,.T.);
#13720 = VERTEX_POINT('',#13721);
#13721 = CARTESIAN_POINT('',(47.3,50.9,-0.15));
#13722 = SURFACE_CURVE('',#13723,(#13727,#13733),.PCURVE_S1.);
#13723 = LINE('',#13724,#13725);
#13724 = CARTESIAN_POINT('',(47.3,46.95,-0.15));
#13725 = VECTOR('',#13726,1.);
#13726 = DIRECTION('',(0.,1.,0.));
#13727 = PCURVE('',#9578,#13728);
#13728 = DEFINITIONAL_REPRESENTATION('',(#13729),#13732);
#13729 = B_SPLINE_CURVE_WITH_KNOTS('',1,(#13730,#13731),.UNSPECIFIED.,
  .F.,.F.,(2,2),(3.95,42.15),.PIECEWISE_BEZIER_KNOTS.);
#13730 = CARTESIAN_POINT('',(28.3,7.9));
#13731 = CARTESIAN_POINT('',(28.3,46.1));
#13732 = ( GEOMETRIC_REPRESENTATION_CONTEXT(2) 
PARAMETRIC_REPRESENTATION_CONTEXT() REPRESENTATION_CONTEXT('2D SPACE',''
  ) );
#13733 = PCURVE('',#13734,#13739);
#13734 = PLANE('',#13735);
#13735 = AXIS2_PLACEMENT_3D('',#13736,#13737,#13738);
#13736 = CARTESIAN_POINT('',(47.3,50.9,-10.3));
#13737 = DIRECTION('',(1.,0.,0.));
#13738 = DIRECTION('',(0.,0.,1.));
#13739 = DEFINITIONAL_REPRESENTATION('',(#13740),#13743);
#13740 = B_SPLINE_CURVE_WITH_KNOTS('',1,(#13741,#13742),.UNSPECIFIED.,
  .F.,.F.,(2,2),(3.95,42.15),.PIECEWISE_BEZIER_KNOTS.);
#13741 = CARTESIAN_POINT('',(10.15,0.));
#13742 = CARTESIAN_POINT('',(10.15,-38.2));
#13743 = ( GEOMETRIC_REPRESENTATION_CONTEXT(2) 
PARAMETRIC_REPRESENTATION_CONTEXT() REPRESENTATION_CONTEXT('2D SPACE',''
  ) );
#13744 = ORIENTED_EDGE('',*,*,#13745,.T.);
#13745 = EDGE_CURVE('',#13720,#13746,#13748,.T.);
#13746 = VERTEX_POINT('',#13747);
#13747 = CARTESIAN_POINT('',(41.1,44.7,-0.15));
#13748 = SURFACE_CURVE('',#13749,(#13754,#13765),.PCURVE_S1.);
#13749 = CIRCLE('',#13750,6.2);
#13750 = AXIS2_PLACEMENT_3D('',#13751,#13752,#13753);
#13751 = CARTESIAN_POINT('',(41.1,50.9,-0.15));
#13752 = DIRECTION('',(0.,0.,-1.));
#13753 = DIRECTION('',(1.,0.,0.));
#13754 = PCURVE('',#9578,#13755);
#13755 = DEFINITIONAL_REPRESENTATION('',(#13756),#13764);
#13756 = ( BOUNDED_CURVE() B_SPLINE_CURVE(2,(#13757,#13758,#13759,#13760
    ,#13761,#13762,#13763),.UNSPECIFIED.,.T.,.F.) 
B_SPLINE_CURVE_WITH_KNOTS((1,2,2,2,2,1),(-2.094395102393,0.,
    2.094395102393,4.188790204786,6.28318530718,8.377580409573),
.UNSPECIFIED.) CURVE() GEOMETRIC_REPRESENTATION_ITEM() 
RATIONAL_B_SPLINE_CURVE((1.,0.5,1.,0.5,1.,0.5,1.)) REPRESENTATION_ITEM(
  '') );
#13757 = CARTESIAN_POINT('',(28.3,7.9));
#13758 = CARTESIAN_POINT('',(28.3,-2.838715006927));
#13759 = CARTESIAN_POINT('',(19.,2.530642496536));
#13760 = CARTESIAN_POINT('',(9.7,7.9));
#13761 = CARTESIAN_POINT('',(19.,13.269357503464));
#13762 = CARTESIAN_POINT('',(28.3,18.638715006927));
#13763 = CARTESIAN_POINT('',(28.3,7.9));
#13764 = ( GEOMETRIC_REPRESENTATION_CONTEXT(2) 
PARAMETRIC_REPRESENTATION_CONTEXT() REPRESENTATION_CONTEXT('2D SPACE',''
  ) );
#13765 = PCURVE('',#13766,#13771);
#13766 = CYLINDRICAL_SURFACE('',#13767,6.2);
#13767 = AXIS2_PLACEMENT_3D('',#13768,#13769,#13770);
#13768 = CARTESIAN_POINT('',(41.1,50.9,-10.3));
#13769 = DIRECTION('',(-0.,-0.,-1.));
#13770 = DIRECTION('',(1.,0.,0.));
#13771 = DEFINITIONAL_REPRESENTATION('',(#13772),#13776);
#13772 = LINE('',#13773,#13774);
#13773 = CARTESIAN_POINT('',(-6.28318530718,-10.15));
#13774 = VECTOR('',#13775,1.);
#13775 = DIRECTION('',(1.,-0.));
#13776 = ( GEOMETRIC_REPRESENTATION_CONTEXT(2) 
PARAMETRIC_REPRESENTATION_CONTEXT() REPRESENTATION_CONTEXT('2D SPACE',''
  ) );
#13777 = ORIENTED_EDGE('',*,*,#13778,.T.);
#13778 = EDGE_CURVE('',#13746,#13779,#13781,.T.);
#13779 = VERTEX_POINT('',#13780);
#13780 = CARTESIAN_POINT('',(18.9,44.7,-0.15));
#13781 = SURFACE_CURVE('',#13782,(#13786,#13792),.PCURVE_S1.);
#13782 = LINE('',#13783,#13784);
#13783 = CARTESIAN_POINT('',(18.95,44.7,-0.15));
#13784 = VECTOR('',#13785,1.);
#13785 = DIRECTION('',(-1.,0.,0.));
#13786 = PCURVE('',#9578,#13787);
#13787 = DEFINITIONAL_REPRESENTATION('',(#13788),#13791);
#13788 = B_SPLINE_CURVE_WITH_KNOTS('',1,(#13789,#13790),.UNSPECIFIED.,
  .F.,.F.,(2,2),(-22.15,5.E-02),.PIECEWISE_BEZIER_KNOTS.);
#13789 = CARTESIAN_POINT('',(22.1,1.7));
#13790 = CARTESIAN_POINT('',(-0.1,1.7));
#13791 = ( GEOMETRIC_REPRESENTATION_CONTEXT(2) 
PARAMETRIC_REPRESENTATION_CONTEXT() REPRESENTATION_CONTEXT('2D SPACE',''
  ) );
#13792 = PCURVE('',#13793,#13798);
#13793 = PLANE('',#13794);
#13794 = AXIS2_PLACEMENT_3D('',#13795,#13796,#13797);
#13795 = CARTESIAN_POINT('',(18.9,44.7,-10.3));
#13796 = DIRECTION('',(0.,1.,0.));
#13797 = DIRECTION('',(0.,0.,1.));
#13798 = DEFINITIONAL_REPRESENTATION('',(#13799),#13802);
#13799 = B_SPLINE_CURVE_WITH_KNOTS('',1,(#13800,#13801),.UNSPECIFIED.,
  .F.,.F.,(2,2),(-22.15,5.E-02),.PIECEWISE_BEZIER_KNOTS.);
#13800 = CARTESIAN_POINT('',(10.15,22.2));
#13801 = CARTESIAN_POINT('',(10.15,0.));
#13802 = ( GEOMETRIC_REPRESENTATION_CONTEXT(2) 
PARAMETRIC_REPRESENTATION_CONTEXT() REPRESENTATION_CONTEXT('2D SPACE',''
  ) );
#13803 = ORIENTED_EDGE('',*,*,#13804,.T.);
#13804 = EDGE_CURVE('',#13779,#13805,#13807,.T.);
#13805 = VERTEX_POINT('',#13806);
#13806 = CARTESIAN_POINT('',(12.7,50.9,-0.15));
#13807 = SURFACE_CURVE('',#13808,(#13813,#13824),.PCURVE_S1.);
#13808 = CIRCLE('',#13809,6.2);
#13809 = AXIS2_PLACEMENT_3D('',#13810,#13811,#13812);
#13810 = CARTESIAN_POINT('',(18.9,50.9,-0.15));
#13811 = DIRECTION('',(0.,0.,-1.));
#13812 = DIRECTION('',(1.,0.,0.));
#13813 = PCURVE('',#9578,#13814);
#13814 = DEFINITIONAL_REPRESENTATION('',(#13815),#13823);
#13815 = ( BOUNDED_CURVE() B_SPLINE_CURVE(2,(#13816,#13817,#13818,#13819
    ,#13820,#13821,#13822),.UNSPECIFIED.,.T.,.F.) 
B_SPLINE_CURVE_WITH_KNOTS((1,2,2,2,2,1),(-2.094395102393,0.,
    2.094395102393,4.188790204786,6.28318530718,8.377580409573),
.UNSPECIFIED.) CURVE() GEOMETRIC_REPRESENTATION_ITEM() 
RATIONAL_B_SPLINE_CURVE((1.,0.5,1.,0.5,1.,0.5,1.)) REPRESENTATION_ITEM(
  '') );
#13816 = CARTESIAN_POINT('',(6.1,7.9));
#13817 = CARTESIAN_POINT('',(6.1,-2.838715006927));
#13818 = CARTESIAN_POINT('',(-3.2,2.530642496536));
#13819 = CARTESIAN_POINT('',(-12.5,7.9));
#13820 = CARTESIAN_POINT('',(-3.2,13.269357503464));
#13821 = CARTESIAN_POINT('',(6.1,18.638715006927));
#13822 = CARTESIAN_POINT('',(6.1,7.9));
#13823 = ( GEOMETRIC_REPRESENTATION_CONTEXT(2) 
PARAMETRIC_REPRESENTATION_CONTEXT() REPRESENTATION_CONTEXT('2D SPACE',''
  ) );
#13824 = PCURVE('',#13825,#13830);
#13825 = CYLINDRICAL_SURFACE('',#13826,6.2);
#13826 = AXIS2_PLACEMENT_3D('',#13827,#13828,#13829);
#13827 = CARTESIAN_POINT('',(18.9,50.9,-10.3));
#13828 = DIRECTION('',(-0.,-0.,-1.));
#13829 = DIRECTION('',(1.,0.,0.));
#13830 = DEFINITIONAL_REPRESENTATION('',(#13831),#13835);
#13831 = LINE('',#13832,#13833);
#13832 = CARTESIAN_POINT('',(-6.28318530718,-10.15));
#13833 = VECTOR('',#13834,1.);
#13834 = DIRECTION('',(1.,-0.));
#13835 = ( GEOMETRIC_REPRESENTATION_CONTEXT(2) 
PARAMETRIC_REPRESENTATION_CONTEXT() REPRESENTATION_CONTEXT('2D SPACE',''
  ) );
#13836 = ORIENTED_EDGE('',*,*,#13837,.T.);
#13837 = EDGE_CURVE('',#13805,#13838,#13840,.T.);
#13838 = VERTEX_POINT('',#13839);
#13839 = CARTESIAN_POINT('',(12.7,89.1,-0.15));
#13840 = SURFACE_CURVE('',#13841,(#13845,#13851),.PCURVE_S1.);
#13841 = LINE('',#13842,#13843);
#13842 = CARTESIAN_POINT('',(12.7,46.95,-0.15));
#13843 = VECTOR('',#13844,1.);
#13844 = DIRECTION('',(0.,1.,0.));
#13845 = PCURVE('',#9578,#13846);
#13846 = DEFINITIONAL_REPRESENTATION('',(#13847),#13850);
#13847 = B_SPLINE_CURVE_WITH_KNOTS('',1,(#13848,#13849),.UNSPECIFIED.,
  .F.,.F.,(2,2),(3.95,42.15),.PIECEWISE_BEZIER_KNOTS.);
#13848 = CARTESIAN_POINT('',(-6.3,7.9));
#13849 = CARTESIAN_POINT('',(-6.3,46.1));
#13850 = ( GEOMETRIC_REPRESENTATION_CONTEXT(2) 
PARAMETRIC_REPRESENTATION_CONTEXT() REPRESENTATION_CONTEXT('2D SPACE',''
  ) );
#13851 = PCURVE('',#13852,#13857);
#13852 = PLANE('',#13853);
#13853 = AXIS2_PLACEMENT_3D('',#13854,#13855,#13856);
#13854 = CARTESIAN_POINT('',(12.7,50.9,-10.3));
#13855 = DIRECTION('',(1.,0.,0.));
#13856 = DIRECTION('',(0.,0.,1.));
#13857 = DEFINITIONAL_REPRESENTATION('',(#13858),#13861);
#13858 = B_SPLINE_CURVE_WITH_KNOTS('',1,(#13859,#13860),.UNSPECIFIED.,
  .F.,.F.,(2,2),(3.95,42.15),.PIECEWISE_BEZIER_KNOTS.);
#13859 = CARTESIAN_POINT('',(10.15,0.));
#13860 = CARTESIAN_POINT('',(10.15,-38.2));
#13861 = ( GEOMETRIC_REPRESENTATION_CONTEXT(2) 
PARAMETRIC_REPRESENTATION_CONTEXT() REPRESENTATION_CONTEXT('2D SPACE',''
  ) );
#13862 = ORIENTED_EDGE('',*,*,#13863,.T.);
#13863 = EDGE_CURVE('',#13838,#13661,#13864,.T.);
#13864 = SURFACE_CURVE('',#13865,(#13870,#13881),.PCURVE_S1.);
#13865 = CIRCLE('',#13866,6.2);
#13866 = AXIS2_PLACEMENT_3D('',#13867,#13868,#13869);
#13867 = CARTESIAN_POINT('',(18.9,89.1,-0.15));
#13868 = DIRECTION('',(0.,0.,-1.));
#13869 = DIRECTION('',(1.,0.,0.));
#13870 = PCURVE('',#9578,#13871);
#13871 = DEFINITIONAL_REPRESENTATION('',(#13872),#13880);
#13872 = ( BOUNDED_CURVE() B_SPLINE_CURVE(2,(#13873,#13874,#13875,#13876
    ,#13877,#13878,#13879),.UNSPECIFIED.,.T.,.F.) 
B_SPLINE_CURVE_WITH_KNOTS((1,2,2,2,2,1),(-2.094395102393,0.,
    2.094395102393,4.188790204786,6.28318530718,8.377580409573),
.UNSPECIFIED.) CURVE() GEOMETRIC_REPRESENTATION_ITEM() 
RATIONAL_B_SPLINE_CURVE((1.,0.5,1.,0.5,1.,0.5,1.)) REPRESENTATION_ITEM(
  '') );
#13873 = CARTESIAN_POINT('',(6.1,46.1));
#13874 = CARTESIAN_POINT('',(6.1,35.361284993073));
#13875 = CARTESIAN_POINT('',(-3.2,40.730642496536));
#13876 = CARTESIAN_POINT('',(-12.5,46.1));
#13877 = CARTESIAN_POINT('',(-3.2,51.469357503464));
#13878 = CARTESIAN_POINT('',(6.1,56.838715006927));
#13879 = CARTESIAN_POINT('',(6.1,46.1));
#13880 = ( GEOMETRIC_REPRESENTATION_CONTEXT(2) 
PARAMETRIC_REPRESENTATION_CONTEXT() REPRESENTATION_CONTEXT('2D SPACE',''
  ) );
#13881 = PCURVE('',#13882,#13887);
#13882 = CYLINDRICAL_SURFACE('',#13883,6.2);
#13883 = AXIS2_PLACEMENT_3D('',#13884,#13885,#13886);
#13884 = CARTESIAN_POINT('',(18.9,89.1,-10.3));
#13885 = DIRECTION('',(-0.,-0.,-1.));
#13886 = DIRECTION('',(1.,0.,0.));
#13887 = DEFINITIONAL_REPRESENTATION('',(#13888),#13892);
#13888 = LINE('',#13889,#13890);
#13889 = CARTESIAN_POINT('',(-6.28318530718,-10.15));
#13890 = VECTOR('',#13891,1.);
#13891 = DIRECTION('',(1.,-0.));
#13892 = ( GEOMETRIC_REPRESENTATION_CONTEXT(2) 
PARAMETRIC_REPRESENTATION_CONTEXT() REPRESENTATION_CONTEXT('2D SPACE',''
  ) );
#13893 = ADVANCED_FACE('',(#13894,#13897),#9955,.T.);
#13894 = FACE_BOUND('',#13895,.T.);
#13895 = EDGE_LOOP('',(#13896));
#13896 = ORIENTED_EDGE('',*,*,#9940,.T.);
#13897 = FACE_BOUND('',#13898,.T.);
#13898 = EDGE_LOOP('',(#13899));
#13899 = ORIENTED_EDGE('',*,*,#13900,.T.);
#13900 = EDGE_CURVE('',#13901,#13901,#13903,.T.);
#13901 = VERTEX_POINT('',#13902);
#13902 = CARTESIAN_POINT('',(7.1,99.,-0.2));
#13903 = SURFACE_CURVE('',#13904,(#13909,#13920),.PCURVE_S1.);
#13904 = CIRCLE('',#13905,1.1);
#13905 = AXIS2_PLACEMENT_3D('',#13906,#13907,#13908);
#13906 = CARTESIAN_POINT('',(6.,99.,-0.2));
#13907 = DIRECTION('',(0.,0.,-1.));
#13908 = DIRECTION('',(1.,0.,0.));
#13909 = PCURVE('',#9955,#13910);
#13910 = DEFINITIONAL_REPRESENTATION('',(#13911),#13919);
#13911 = ( BOUNDED_CURVE() B_SPLINE_CURVE(2,(#13912,#13913,#13914,#13915
    ,#13916,#13917,#13918),.UNSPECIFIED.,.T.,.F.) 
B_SPLINE_CURVE_WITH_KNOTS((1,2,2,2,2,1),(-2.094395102393,0.,
    2.094395102393,4.188790204786,6.28318530718,8.377580409573),
.UNSPECIFIED.) CURVE() GEOMETRIC_REPRESENTATION_ITEM() 
RATIONAL_B_SPLINE_CURVE((1.,0.5,1.,0.5,1.,0.5,1.)) REPRESENTATION_ITEM(
  '') );
#13912 = CARTESIAN_POINT('',(1.1,0.));
#13913 = CARTESIAN_POINT('',(1.1,-1.905255888326));
#13914 = CARTESIAN_POINT('',(-0.55,-0.952627944163));
#13915 = CARTESIAN_POINT('',(-2.2,-2.694222958124E-16));
#13916 = CARTESIAN_POINT('',(-0.55,0.952627944163));
#13917 = CARTESIAN_POINT('',(1.1,1.905255888326));
#13918 = CARTESIAN_POINT('',(1.1,0.));
#13919 = ( GEOMETRIC_REPRESENTATION_CONTEXT(2) 
PARAMETRIC_REPRESENTATION_CONTEXT() REPRESENTATION_CONTEXT('2D SPACE',''
  ) );
#13920 = PCURVE('',#13921,#13926);
#13921 = CYLINDRICAL_SURFACE('',#13922,1.1);
#13922 = AXIS2_PLACEMENT_3D('',#13923,#13924,#13925);
#13923 = CARTESIAN_POINT('',(6.,99.,-6.3));
#13924 = DIRECTION('',(-0.,-0.,-1.));
#13925 = DIRECTION('',(1.,0.,0.));
#13926 = DEFINITIONAL_REPRESENTATION('',(#13927),#13931);
#13927 = LINE('',#13928,#13929);
#13928 = CARTESIAN_POINT('',(-6.28318530718,-6.1));
#13929 = VECTOR('',#13930,1.);
#13930 = DIRECTION('',(1.,-0.));
#13931 = ( GEOMETRIC_REPRESENTATION_CONTEXT(2) 
PARAMETRIC_REPRESENTATION_CONTEXT() REPRESENTATION_CONTEXT('2D SPACE',''
  ) );
#13932 = ADVANCED_FACE('',(#13933),#10010,.T.);
#13933 = FACE_BOUND('',#13934,.T.);
#13934 = EDGE_LOOP('',(#13935,#13936,#13937,#13938,#13939,#13940,#13941,
    #13942));
#13935 = ORIENTED_EDGE('',*,*,#9994,.F.);
#13936 = ORIENTED_EDGE('',*,*,#10119,.T.);
#13937 = ORIENTED_EDGE('',*,*,#10217,.F.);
#13938 = ORIENTED_EDGE('',*,*,#10293,.T.);
#13939 = ORIENTED_EDGE('',*,*,#10344,.T.);
#13940 = ORIENTED_EDGE('',*,*,#10244,.T.);
#13941 = ORIENTED_EDGE('',*,*,#10168,.T.);
#13942 = ORIENTED_EDGE('',*,*,#10047,.T.);
#13943 = ADVANCED_FACE('',(#13944,#13947),#10484,.T.);
#13944 = FACE_BOUND('',#13945,.T.);
#13945 = EDGE_LOOP('',(#13946));
#13946 = ORIENTED_EDGE('',*,*,#10469,.T.);
#13947 = FACE_BOUND('',#13948,.T.);
#13948 = EDGE_LOOP('',(#13949));
#13949 = ORIENTED_EDGE('',*,*,#13950,.T.);
#13950 = EDGE_CURVE('',#13951,#13951,#13953,.T.);
#13951 = VERTEX_POINT('',#13952);
#13952 = CARTESIAN_POINT('',(55.1,99.,-0.2));
#13953 = SURFACE_CURVE('',#13954,(#13959,#13970),.PCURVE_S1.);
#13954 = CIRCLE('',#13955,1.1);
#13955 = AXIS2_PLACEMENT_3D('',#13956,#13957,#13958);
#13956 = CARTESIAN_POINT('',(54.,99.,-0.2));
#13957 = DIRECTION('',(0.,0.,-1.));
#13958 = DIRECTION('',(1.,0.,0.));
#13959 = PCURVE('',#10484,#13960);
#13960 = DEFINITIONAL_REPRESENTATION('',(#13961),#13969);
#13961 = ( BOUNDED_CURVE() B_SPLINE_CURVE(2,(#13962,#13963,#13964,#13965
    ,#13966,#13967,#13968),.UNSPECIFIED.,.T.,.F.) 
B_SPLINE_CURVE_WITH_KNOTS((1,2,2,2,2,1),(-2.094395102393,0.,
    2.094395102393,4.188790204786,6.28318530718,8.377580409573),
.UNSPECIFIED.) CURVE() GEOMETRIC_REPRESENTATION_ITEM() 
RATIONAL_B_SPLINE_CURVE((1.,0.5,1.,0.5,1.,0.5,1.)) REPRESENTATION_ITEM(
  '') );
#13962 = CARTESIAN_POINT('',(1.1,0.));
#13963 = CARTESIAN_POINT('',(1.1,-1.905255888326));
#13964 = CARTESIAN_POINT('',(-0.55,-0.952627944163));
#13965 = CARTESIAN_POINT('',(-2.2,-2.694222958124E-16));
#13966 = CARTESIAN_POINT('',(-0.55,0.952627944163));
#13967 = CARTESIAN_POINT('',(1.1,1.905255888326));
#13968 = CARTESIAN_POINT('',(1.1,0.));
#13969 = ( GEOMETRIC_REPRESENTATION_CONTEXT(2) 
PARAMETRIC_REPRESENTATION_CONTEXT() REPRESENTATION_CONTEXT('2D SPACE',''
  ) );
#13970 = PCURVE('',#13971,#13976);
#13971 = CYLINDRICAL_SURFACE('',#13972,1.1);
#13972 = AXIS2_PLACEMENT_3D('',#13973,#13974,#13975);
#13973 = CARTESIAN_POINT('',(54.,99.,-6.3));
#13974 = DIRECTION('',(-0.,-0.,-1.));
#13975 = DIRECTION('',(1.,0.,0.));
#13976 = DEFINITIONAL_REPRESENTATION('',(#13977),#13981);
#13977 = LINE('',#13978,#13979);
#13978 = CARTESIAN_POINT('',(-6.28318530718,-6.1));
#13979 = VECTOR('',#13980,1.);
#13980 = DIRECTION('',(1.,-0.));
#13981 = ( GEOMETRIC_REPRESENTATION_CONTEXT(2) 
PARAMETRIC_REPRESENTATION_CONTEXT() REPRESENTATION_CONTEXT('2D SPACE',''
  ) );
#13982 = ADVANCED_FACE('',(#13983),#10432,.F.);
#13983 = FACE_BOUND('',#13984,.F.);
#13984 = EDGE_LOOP('',(#13985,#13986));
#13985 = ORIENTED_EDGE('',*,*,#10573,.T.);
#13986 = ORIENTED_EDGE('',*,*,#10415,.F.);
#13987 = ADVANCED_FACE('',(#13988),#10538,.T.);
#13988 = FACE_BOUND('',#13989,.T.);
#13989 = EDGE_LOOP('',(#13990,#13991,#13992,#13993,#13994,#13995,#13996,
    #13997));
#13990 = ORIENTED_EDGE('',*,*,#10747,.F.);
#13991 = ORIENTED_EDGE('',*,*,#10795,.T.);
#13992 = ORIENTED_EDGE('',*,*,#10868,.F.);
#13993 = ORIENTED_EDGE('',*,*,#10895,.T.);
#13994 = ORIENTED_EDGE('',*,*,#10522,.T.);
#13995 = ORIENTED_EDGE('',*,*,#10621,.T.);
#13996 = ORIENTED_EDGE('',*,*,#10649,.T.);
#13997 = ORIENTED_EDGE('',*,*,#10696,.T.);
#13998 = ADVANCED_FACE('',(#13999),#11076,.F.);
#13999 = FACE_BOUND('',#14000,.F.);
#14000 = EDGE_LOOP('',(#14001,#14002,#14023,#14024));
#14001 = ORIENTED_EDGE('',*,*,#11282,.F.);
#14002 = ORIENTED_EDGE('',*,*,#14003,.T.);
#14003 = EDGE_CURVE('',#11259,#11032,#14004,.T.);
#14004 = SURFACE_CURVE('',#14005,(#14009,#14016),.PCURVE_S1.);
#14005 = LINE('',#14006,#14007);
#14006 = CARTESIAN_POINT('',(57.3,11.5,-1.));
#14007 = VECTOR('',#14008,1.);
#14008 = DIRECTION('',(0.,0.,1.));
#14009 = PCURVE('',#11076,#14010);
#14010 = DEFINITIONAL_REPRESENTATION('',(#14011),#14015);
#14011 = LINE('',#14012,#14013);
#14012 = CARTESIAN_POINT('',(0.,0.));
#14013 = VECTOR('',#14014,1.);
#14014 = DIRECTION('',(1.,0.));
#14015 = ( GEOMETRIC_REPRESENTATION_CONTEXT(2) 
PARAMETRIC_REPRESENTATION_CONTEXT() REPRESENTATION_CONTEXT('2D SPACE',''
  ) );
#14016 = PCURVE('',#11048,#14017);
#14017 = DEFINITIONAL_REPRESENTATION('',(#14018),#14022);
#14018 = LINE('',#14019,#14020);
#14019 = CARTESIAN_POINT('',(-4.712388980385,0.));
#14020 = VECTOR('',#14021,1.);
#14021 = DIRECTION('',(-0.,-1.));
#14022 = ( GEOMETRIC_REPRESENTATION_CONTEXT(2) 
PARAMETRIC_REPRESENTATION_CONTEXT() REPRESENTATION_CONTEXT('2D SPACE',''
  ) );
#14023 = ORIENTED_EDGE('',*,*,#11060,.T.);
#14024 = ORIENTED_EDGE('',*,*,#11139,.F.);
#14025 = ADVANCED_FACE('',(#14026),#11048,.T.);
#14026 = FACE_BOUND('',#14027,.F.);
#14027 = EDGE_LOOP('',(#14028,#14029,#14050,#14051));
#14028 = ORIENTED_EDGE('',*,*,#11258,.F.);
#14029 = ORIENTED_EDGE('',*,*,#14030,.T.);
#14030 = EDGE_CURVE('',#11236,#11004,#14031,.T.);
#14031 = SURFACE_CURVE('',#14032,(#14036,#14043),.PCURVE_S1.);
#14032 = LINE('',#14033,#14034);
#14033 = CARTESIAN_POINT('',(56.6,12.2,-1.));
#14034 = VECTOR('',#14035,1.);
#14035 = DIRECTION('',(0.,0.,1.));
#14036 = PCURVE('',#11048,#14037);
#14037 = DEFINITIONAL_REPRESENTATION('',(#14038),#14042);
#14038 = LINE('',#14039,#14040);
#14039 = CARTESIAN_POINT('',(-3.14159265359,0.));
#14040 = VECTOR('',#14041,1.);
#14041 = DIRECTION('',(-0.,-1.));
#14042 = ( GEOMETRIC_REPRESENTATION_CONTEXT(2) 
PARAMETRIC_REPRESENTATION_CONTEXT() REPRESENTATION_CONTEXT('2D SPACE',''
  ) );
#14043 = PCURVE('',#11019,#14044);
#14044 = DEFINITIONAL_REPRESENTATION('',(#14045),#14049);
#14045 = LINE('',#14046,#14047);
#14046 = CARTESIAN_POINT('',(0.,0.));
#14047 = VECTOR('',#14048,1.);
#14048 = DIRECTION('',(1.,0.));
#14049 = ( GEOMETRIC_REPRESENTATION_CONTEXT(2) 
PARAMETRIC_REPRESENTATION_CONTEXT() REPRESENTATION_CONTEXT('2D SPACE',''
  ) );
#14050 = ORIENTED_EDGE('',*,*,#11031,.T.);
#14051 = ORIENTED_EDGE('',*,*,#14003,.F.);
#14052 = ADVANCED_FACE('',(#14053),#11019,.F.);
#14053 = FACE_BOUND('',#14054,.F.);
#14054 = EDGE_LOOP('',(#14055,#14056,#14057,#14078));
#14055 = ORIENTED_EDGE('',*,*,#14030,.F.);
#14056 = ORIENTED_EDGE('',*,*,#11235,.T.);
#14057 = ORIENTED_EDGE('',*,*,#14058,.T.);
#14058 = EDGE_CURVE('',#11212,#10975,#14059,.T.);
#14059 = SURFACE_CURVE('',#14060,(#14064,#14071),.PCURVE_S1.);
#14060 = LINE('',#14061,#14062);
#14061 = CARTESIAN_POINT('',(56.6,27.8,-1.));
#14062 = VECTOR('',#14063,1.);
#14063 = DIRECTION('',(0.,0.,1.));
#14064 = PCURVE('',#11019,#14065);
#14065 = DEFINITIONAL_REPRESENTATION('',(#14066),#14070);
#14066 = LINE('',#14067,#14068);
#14067 = CARTESIAN_POINT('',(0.,-15.6));
#14068 = VECTOR('',#14069,1.);
#14069 = DIRECTION('',(1.,0.));
#14070 = ( GEOMETRIC_REPRESENTATION_CONTEXT(2) 
PARAMETRIC_REPRESENTATION_CONTEXT() REPRESENTATION_CONTEXT('2D SPACE',''
  ) );
#14071 = PCURVE('',#10991,#14072);
#14072 = DEFINITIONAL_REPRESENTATION('',(#14073),#14077);
#14073 = LINE('',#14074,#14075);
#14074 = CARTESIAN_POINT('',(-3.14159265359,0.));
#14075 = VECTOR('',#14076,1.);
#14076 = DIRECTION('',(-0.,-1.));
#14077 = ( GEOMETRIC_REPRESENTATION_CONTEXT(2) 
PARAMETRIC_REPRESENTATION_CONTEXT() REPRESENTATION_CONTEXT('2D SPACE',''
  ) );
#14078 = ORIENTED_EDGE('',*,*,#11003,.F.);
#14079 = ADVANCED_FACE('',(#14080),#10991,.T.);
#14080 = FACE_BOUND('',#14081,.F.);
#14081 = EDGE_LOOP('',(#14082,#14083,#14104,#14105));
#14082 = ORIENTED_EDGE('',*,*,#11211,.F.);
#14083 = ORIENTED_EDGE('',*,*,#14084,.T.);
#14084 = EDGE_CURVE('',#11189,#10947,#14085,.T.);
#14085 = SURFACE_CURVE('',#14086,(#14090,#14097),.PCURVE_S1.);
#14086 = LINE('',#14087,#14088);
#14087 = CARTESIAN_POINT('',(57.3,28.5,-1.));
#14088 = VECTOR('',#14089,1.);
#14089 = DIRECTION('',(0.,0.,1.));
#14090 = PCURVE('',#10991,#14091);
#14091 = DEFINITIONAL_REPRESENTATION('',(#14092),#14096);
#14092 = LINE('',#14093,#14094);
#14093 = CARTESIAN_POINT('',(-1.570796326795,0.));
#14094 = VECTOR('',#14095,1.);
#14095 = DIRECTION('',(-0.,-1.));
#14096 = ( GEOMETRIC_REPRESENTATION_CONTEXT(2) 
PARAMETRIC_REPRESENTATION_CONTEXT() REPRESENTATION_CONTEXT('2D SPACE',''
  ) );
#14097 = PCURVE('',#10962,#14098);
#14098 = DEFINITIONAL_REPRESENTATION('',(#14099),#14103);
#14099 = LINE('',#14100,#14101);
#14100 = CARTESIAN_POINT('',(0.,0.));
#14101 = VECTOR('',#14102,1.);
#14102 = DIRECTION('',(1.,0.));
#14103 = ( GEOMETRIC_REPRESENTATION_CONTEXT(2) 
PARAMETRIC_REPRESENTATION_CONTEXT() REPRESENTATION_CONTEXT('2D SPACE',''
  ) );
#14104 = ORIENTED_EDGE('',*,*,#10974,.T.);
#14105 = ORIENTED_EDGE('',*,*,#14058,.F.);
#14106 = ADVANCED_FACE('',(#14107),#10962,.T.);
#14107 = FACE_BOUND('',#14108,.T.);
#14108 = EDGE_LOOP('',(#14109,#14110,#14111,#14112));
#14109 = ORIENTED_EDGE('',*,*,#11188,.F.);
#14110 = ORIENTED_EDGE('',*,*,#14084,.T.);
#14111 = ORIENTED_EDGE('',*,*,#10946,.T.);
#14112 = ORIENTED_EDGE('',*,*,#11311,.F.);
#14113 = ADVANCED_FACE('',(#14114,#14140,#14143,#14146,#14149,#14152,
    #14155,#14158,#14161,#14164,#14167,#14170,#14173,#14176,#14179,
    #14182,#14185,#14188,#14191,#14194,#14197,#14200,#14203,#14206,
    #14209,#14212,#14215,#14218,#14221,#14224,#14227),#11525,.T.);
#14114 = FACE_BOUND('',#14115,.T.);
#14115 = EDGE_LOOP('',(#14116));
#14116 = ORIENTED_EDGE('',*,*,#14117,.T.);
#14117 = EDGE_CURVE('',#14118,#14118,#14120,.T.);
#14118 = VERTEX_POINT('',#14119);
#14119 = CARTESIAN_POINT('',(36.9,20.,-10.15));
#14120 = SURFACE_CURVE('',#14121,(#14126,#14133),.PCURVE_S1.);
#14121 = CIRCLE('',#14122,15.4);
#14122 = AXIS2_PLACEMENT_3D('',#14123,#14124,#14125);
#14123 = CARTESIAN_POINT('',(21.5,20.,-10.15));
#14124 = DIRECTION('',(0.,0.,1.));
#14125 = DIRECTION('',(1.,0.,0.));
#14126 = PCURVE('',#11525,#14127);
#14127 = DEFINITIONAL_REPRESENTATION('',(#14128),#14132);
#14128 = CIRCLE('',#14129,15.4);
#14129 = AXIS2_PLACEMENT_2D('',#14130,#14131);
#14130 = CARTESIAN_POINT('',(0.,0.));
#14131 = DIRECTION('',(1.,0.));
#14132 = ( GEOMETRIC_REPRESENTATION_CONTEXT(2) 
PARAMETRIC_REPRESENTATION_CONTEXT() REPRESENTATION_CONTEXT('2D SPACE',''
  ) );
#14133 = PCURVE('',#13555,#14134);
#14134 = DEFINITIONAL_REPRESENTATION('',(#14135),#14139);
#14135 = LINE('',#14136,#14137);
#14136 = CARTESIAN_POINT('',(-0.,0.));
#14137 = VECTOR('',#14138,1.);
#14138 = DIRECTION('',(-1.,0.));
#14139 = ( GEOMETRIC_REPRESENTATION_CONTEXT(2) 
PARAMETRIC_REPRESENTATION_CONTEXT() REPRESENTATION_CONTEXT('2D SPACE',''
  ) );
#14140 = FACE_BOUND('',#14141,.T.);
#14141 = EDGE_LOOP('',(#14142));
#14142 = ORIENTED_EDGE('',*,*,#11510,.T.);
#14143 = FACE_BOUND('',#14144,.T.);
#14144 = EDGE_LOOP('',(#14145));
#14145 = ORIENTED_EDGE('',*,*,#11569,.T.);
#14146 = FACE_BOUND('',#14147,.T.);
#14147 = EDGE_LOOP('',(#14148));
#14148 = ORIENTED_EDGE('',*,*,#11623,.T.);
#14149 = FACE_BOUND('',#14150,.T.);
#14150 = EDGE_LOOP('',(#14151));
#14151 = ORIENTED_EDGE('',*,*,#11677,.T.);
#14152 = FACE_BOUND('',#14153,.T.);
#14153 = EDGE_LOOP('',(#14154));
#14154 = ORIENTED_EDGE('',*,*,#11731,.T.);
#14155 = FACE_BOUND('',#14156,.T.);
#14156 = EDGE_LOOP('',(#14157));
#14157 = ORIENTED_EDGE('',*,*,#11785,.T.);
#14158 = FACE_BOUND('',#14159,.T.);
#14159 = EDGE_LOOP('',(#14160));
#14160 = ORIENTED_EDGE('',*,*,#11839,.T.);
#14161 = FACE_BOUND('',#14162,.T.);
#14162 = EDGE_LOOP('',(#14163));
#14163 = ORIENTED_EDGE('',*,*,#11893,.T.);
#14164 = FACE_BOUND('',#14165,.T.);
#14165 = EDGE_LOOP('',(#14166));
#14166 = ORIENTED_EDGE('',*,*,#11947,.T.);
#14167 = FACE_BOUND('',#14168,.T.);
#14168 = EDGE_LOOP('',(#14169));
#14169 = ORIENTED_EDGE('',*,*,#12001,.T.);
#14170 = FACE_BOUND('',#14171,.T.);
#14171 = EDGE_LOOP('',(#14172));
#14172 = ORIENTED_EDGE('',*,*,#12055,.T.);
#14173 = FACE_BOUND('',#14174,.T.);
#14174 = EDGE_LOOP('',(#14175));
#14175 = ORIENTED_EDGE('',*,*,#12109,.T.);
#14176 = FACE_BOUND('',#14177,.T.);
#14177 = EDGE_LOOP('',(#14178));
#14178 = ORIENTED_EDGE('',*,*,#12163,.T.);
#14179 = FACE_BOUND('',#14180,.T.);
#14180 = EDGE_LOOP('',(#14181));
#14181 = ORIENTED_EDGE('',*,*,#12217,.T.);
#14182 = FACE_BOUND('',#14183,.T.);
#14183 = EDGE_LOOP('',(#14184));
#14184 = ORIENTED_EDGE('',*,*,#12271,.T.);
#14185 = FACE_BOUND('',#14186,.T.);
#14186 = EDGE_LOOP('',(#14187));
#14187 = ORIENTED_EDGE('',*,*,#12325,.T.);
#14188 = FACE_BOUND('',#14189,.T.);
#14189 = EDGE_LOOP('',(#14190));
#14190 = ORIENTED_EDGE('',*,*,#12379,.T.);
#14191 = FACE_BOUND('',#14192,.T.);
#14192 = EDGE_LOOP('',(#14193));
#14193 = ORIENTED_EDGE('',*,*,#12433,.T.);
#14194 = FACE_BOUND('',#14195,.T.);
#14195 = EDGE_LOOP('',(#14196));
#14196 = ORIENTED_EDGE('',*,*,#12487,.T.);
#14197 = FACE_BOUND('',#14198,.T.);
#14198 = EDGE_LOOP('',(#14199));
#14199 = ORIENTED_EDGE('',*,*,#12541,.T.);
#14200 = FACE_BOUND('',#14201,.T.);
#14201 = EDGE_LOOP('',(#14202));
#14202 = ORIENTED_EDGE('',*,*,#12595,.T.);
#14203 = FACE_BOUND('',#14204,.T.);
#14204 = EDGE_LOOP('',(#14205));
#14205 = ORIENTED_EDGE('',*,*,#12649,.T.);
#14206 = FACE_BOUND('',#14207,.T.);
#14207 = EDGE_LOOP('',(#14208));
#14208 = ORIENTED_EDGE('',*,*,#12703,.T.);
#14209 = FACE_BOUND('',#14210,.T.);
#14210 = EDGE_LOOP('',(#14211));
#14211 = ORIENTED_EDGE('',*,*,#12757,.T.);
#14212 = FACE_BOUND('',#14213,.T.);
#14213 = EDGE_LOOP('',(#14214));
#14214 = ORIENTED_EDGE('',*,*,#12811,.T.);
#14215 = FACE_BOUND('',#14216,.T.);
#14216 = EDGE_LOOP('',(#14217));
#14217 = ORIENTED_EDGE('',*,*,#12865,.T.);
#14218 = FACE_BOUND('',#14219,.T.);
#14219 = EDGE_LOOP('',(#14220));
#14220 = ORIENTED_EDGE('',*,*,#12919,.T.);
#14221 = FACE_BOUND('',#14222,.T.);
#14222 = EDGE_LOOP('',(#14223));
#14223 = ORIENTED_EDGE('',*,*,#12973,.T.);
#14224 = FACE_BOUND('',#14225,.T.);
#14225 = EDGE_LOOP('',(#14226));
#14226 = ORIENTED_EDGE('',*,*,#13027,.T.);
#14227 = FACE_BOUND('',#14228,.T.);
#14228 = EDGE_LOOP('',(#14229));
#14229 = ORIENTED_EDGE('',*,*,#13081,.T.);
#14230 = ADVANCED_FACE('',(#14231),#13137,.T.);
#14231 = FACE_BOUND('',#14232,.F.);
#14232 = EDGE_LOOP('',(#14233,#14234,#14254,#14255));
#14233 = ORIENTED_EDGE('',*,*,#13360,.F.);
#14234 = ORIENTED_EDGE('',*,*,#14235,.T.);
#14235 = EDGE_CURVE('',#13361,#13119,#14236,.T.);
#14236 = SURFACE_CURVE('',#14237,(#14241,#14247),.PCURVE_S1.);
#14237 = LINE('',#14238,#14239);
#14238 = CARTESIAN_POINT('',(3.4,27.8,-1.));
#14239 = VECTOR('',#14240,1.);
#14240 = DIRECTION('',(0.,0.,1.));
#14241 = PCURVE('',#13137,#14242);
#14242 = DEFINITIONAL_REPRESENTATION('',(#14243),#14246);
#14243 = B_SPLINE_CURVE_WITH_KNOTS('',1,(#14244,#14245),.UNSPECIFIED.,
  .F.,.F.,(2,2),(0.,0.92),.PIECEWISE_BEZIER_KNOTS.);
#14244 = CARTESIAN_POINT('',(0.,0.));
#14245 = CARTESIAN_POINT('',(0.,-0.92));
#14246 = ( GEOMETRIC_REPRESENTATION_CONTEXT(2) 
PARAMETRIC_REPRESENTATION_CONTEXT() REPRESENTATION_CONTEXT('2D SPACE',''
  ) );
#14247 = PCURVE('',#13295,#14248);
#14248 = DEFINITIONAL_REPRESENTATION('',(#14249),#14253);
#14249 = LINE('',#14250,#14251);
#14250 = CARTESIAN_POINT('',(0.,-15.6));
#14251 = VECTOR('',#14252,1.);
#14252 = DIRECTION('',(1.,0.));
#14253 = ( GEOMETRIC_REPRESENTATION_CONTEXT(2) 
PARAMETRIC_REPRESENTATION_CONTEXT() REPRESENTATION_CONTEXT('2D SPACE',''
  ) );
#14254 = ORIENTED_EDGE('',*,*,#13118,.T.);
#14255 = ORIENTED_EDGE('',*,*,#14256,.F.);
#14256 = EDGE_CURVE('',#13363,#13121,#14257,.T.);
#14257 = SURFACE_CURVE('',#14258,(#14262,#14269),.PCURVE_S1.);
#14258 = LINE('',#14259,#14260);
#14259 = CARTESIAN_POINT('',(2.7,28.5,-1.));
#14260 = VECTOR('',#14261,1.);
#14261 = DIRECTION('',(0.,0.,1.));
#14262 = PCURVE('',#13137,#14263);
#14263 = DEFINITIONAL_REPRESENTATION('',(#14264),#14268);
#14264 = LINE('',#14265,#14266);
#14265 = CARTESIAN_POINT('',(-1.570796326795,0.));
#14266 = VECTOR('',#14267,1.);
#14267 = DIRECTION('',(-0.,-1.));
#14268 = ( GEOMETRIC_REPRESENTATION_CONTEXT(2) 
PARAMETRIC_REPRESENTATION_CONTEXT() REPRESENTATION_CONTEXT('2D SPACE',''
  ) );
#14269 = PCURVE('',#13165,#14270);
#14270 = DEFINITIONAL_REPRESENTATION('',(#14271),#14275);
#14271 = LINE('',#14272,#14273);
#14272 = CARTESIAN_POINT('',(0.,5.));
#14273 = VECTOR('',#14274,1.);
#14274 = DIRECTION('',(1.,0.));
#14275 = ( GEOMETRIC_REPRESENTATION_CONTEXT(2) 
PARAMETRIC_REPRESENTATION_CONTEXT() REPRESENTATION_CONTEXT('2D SPACE',''
  ) );
#14276 = ADVANCED_FACE('',(#14277),#13295,.T.);
#14277 = FACE_BOUND('',#14278,.T.);
#14278 = EDGE_LOOP('',(#14279,#14299,#14300,#14301));
#14279 = ORIENTED_EDGE('',*,*,#14280,.F.);
#14280 = EDGE_CURVE('',#13457,#13253,#14281,.T.);
#14281 = SURFACE_CURVE('',#14282,(#14286,#14293),.PCURVE_S1.);
#14282 = LINE('',#14283,#14284);
#14283 = CARTESIAN_POINT('',(3.4,12.2,-1.));
#14284 = VECTOR('',#14285,1.);
#14285 = DIRECTION('',(0.,0.,1.));
#14286 = PCURVE('',#13295,#14287);
#14287 = DEFINITIONAL_REPRESENTATION('',(#14288),#14292);
#14288 = LINE('',#14289,#14290);
#14289 = CARTESIAN_POINT('',(0.,0.));
#14290 = VECTOR('',#14291,1.);
#14291 = DIRECTION('',(1.,0.));
#14292 = ( GEOMETRIC_REPRESENTATION_CONTEXT(2) 
PARAMETRIC_REPRESENTATION_CONTEXT() REPRESENTATION_CONTEXT('2D SPACE',''
  ) );
#14293 = PCURVE('',#13269,#14294);
#14294 = DEFINITIONAL_REPRESENTATION('',(#14295),#14298);
#14295 = B_SPLINE_CURVE_WITH_KNOTS('',1,(#14296,#14297),.UNSPECIFIED.,
  .F.,.F.,(2,2),(0.,0.92),.PIECEWISE_BEZIER_KNOTS.);
#14296 = CARTESIAN_POINT('',(-6.28318530718,0.));
#14297 = CARTESIAN_POINT('',(-6.28318530718,-0.92));
#14298 = ( GEOMETRIC_REPRESENTATION_CONTEXT(2) 
PARAMETRIC_REPRESENTATION_CONTEXT() REPRESENTATION_CONTEXT('2D SPACE',''
  ) );
#14299 = ORIENTED_EDGE('',*,*,#13480,.T.);
#14300 = ORIENTED_EDGE('',*,*,#14235,.T.);
#14301 = ORIENTED_EDGE('',*,*,#13281,.F.);
#14302 = ADVANCED_FACE('',(#14303),#13269,.T.);
#14303 = FACE_BOUND('',#14304,.F.);
#14304 = EDGE_LOOP('',(#14305,#14306,#14307,#14328));
#14305 = ORIENTED_EDGE('',*,*,#14280,.F.);
#14306 = ORIENTED_EDGE('',*,*,#13456,.F.);
#14307 = ORIENTED_EDGE('',*,*,#14308,.T.);
#14308 = EDGE_CURVE('',#13434,#13225,#14309,.T.);
#14309 = SURFACE_CURVE('',#14310,(#14314,#14321),.PCURVE_S1.);
#14310 = LINE('',#14311,#14312);
#14311 = CARTESIAN_POINT('',(2.7,11.5,-1.));
#14312 = VECTOR('',#14313,1.);
#14313 = DIRECTION('',(0.,0.,1.));
#14314 = PCURVE('',#13269,#14315);
#14315 = DEFINITIONAL_REPRESENTATION('',(#14316),#14320);
#14316 = LINE('',#14317,#14318);
#14317 = CARTESIAN_POINT('',(-4.712388980385,0.));
#14318 = VECTOR('',#14319,1.);
#14319 = DIRECTION('',(-0.,-1.));
#14320 = ( GEOMETRIC_REPRESENTATION_CONTEXT(2) 
PARAMETRIC_REPRESENTATION_CONTEXT() REPRESENTATION_CONTEXT('2D SPACE',''
  ) );
#14321 = PCURVE('',#13240,#14322);
#14322 = DEFINITIONAL_REPRESENTATION('',(#14323),#14327);
#14323 = LINE('',#14324,#14325);
#14324 = CARTESIAN_POINT('',(0.,5.));
#14325 = VECTOR('',#14326,1.);
#14326 = DIRECTION('',(1.,0.));
#14327 = ( GEOMETRIC_REPRESENTATION_CONTEXT(2) 
PARAMETRIC_REPRESENTATION_CONTEXT() REPRESENTATION_CONTEXT('2D SPACE',''
  ) );
#14328 = ORIENTED_EDGE('',*,*,#13252,.T.);
#14329 = ADVANCED_FACE('',(#14330),#13240,.F.);
#14330 = FACE_BOUND('',#14331,.F.);
#14331 = EDGE_LOOP('',(#14332,#14333,#14334,#14335));
#14332 = ORIENTED_EDGE('',*,*,#13433,.F.);
#14333 = ORIENTED_EDGE('',*,*,#13336,.T.);
#14334 = ORIENTED_EDGE('',*,*,#13224,.T.);
#14335 = ORIENTED_EDGE('',*,*,#14308,.F.);
#14336 = ADVANCED_FACE('',(#14337),#13165,.T.);
#14337 = FACE_BOUND('',#14338,.T.);
#14338 = EDGE_LOOP('',(#14339,#14340,#14341,#14342));
#14339 = ORIENTED_EDGE('',*,*,#13386,.F.);
#14340 = ORIENTED_EDGE('',*,*,#13505,.T.);
#14341 = ORIENTED_EDGE('',*,*,#13149,.T.);
#14342 = ORIENTED_EDGE('',*,*,#14256,.F.);
#14343 = ADVANCED_FACE('',(#14344),#13555,.F.);
#14344 = FACE_BOUND('',#14345,.T.);
#14345 = EDGE_LOOP('',(#14346,#14347,#14368,#14369));
#14346 = ORIENTED_EDGE('',*,*,#14117,.F.);
#14347 = ORIENTED_EDGE('',*,*,#14348,.T.);
#14348 = EDGE_CURVE('',#14118,#13535,#14349,.T.);
#14349 = SEAM_CURVE('',#14350,(#14354,#14361),.PCURVE_S1.);
#14350 = LINE('',#14351,#14352);
#14351 = CARTESIAN_POINT('',(36.9,20.,-10.15));
#14352 = VECTOR('',#14353,1.);
#14353 = DIRECTION('',(0.,0.,1.));
#14354 = PCURVE('',#13555,#14355);
#14355 = DEFINITIONAL_REPRESENTATION('',(#14356),#14360);
#14356 = LINE('',#14357,#14358);
#14357 = CARTESIAN_POINT('',(-6.28318530718,0.));
#14358 = VECTOR('',#14359,1.);
#14359 = DIRECTION('',(-0.,-1.));
#14360 = ( GEOMETRIC_REPRESENTATION_CONTEXT(2) 
PARAMETRIC_REPRESENTATION_CONTEXT() REPRESENTATION_CONTEXT('2D SPACE',''
  ) );
#14361 = PCURVE('',#13555,#14362);
#14362 = DEFINITIONAL_REPRESENTATION('',(#14363),#14367);
#14363 = LINE('',#14364,#14365);
#14364 = CARTESIAN_POINT('',(-0.,0.));
#14365 = VECTOR('',#14366,1.);
#14366 = DIRECTION('',(-0.,-1.));
#14367 = ( GEOMETRIC_REPRESENTATION_CONTEXT(2) 
PARAMETRIC_REPRESENTATION_CONTEXT() REPRESENTATION_CONTEXT('2D SPACE',''
  ) );
#14368 = ORIENTED_EDGE('',*,*,#13534,.F.);
#14369 = ORIENTED_EDGE('',*,*,#14348,.F.);
#14370 = ADVANCED_FACE('',(#14371),#13594,.F.);
#14371 = FACE_BOUND('',#14372,.T.);
#14372 = EDGE_LOOP('',(#14373,#14402,#14423,#14424));
#14373 = ORIENTED_EDGE('',*,*,#14374,.F.);
#14374 = EDGE_CURVE('',#14375,#14375,#14377,.T.);
#14375 = VERTEX_POINT('',#14376);
#14376 = CARTESIAN_POINT('',(7.1,37.,-6.3));
#14377 = SURFACE_CURVE('',#14378,(#14383,#14390),.PCURVE_S1.);
#14378 = CIRCLE('',#14379,1.1);
#14379 = AXIS2_PLACEMENT_3D('',#14380,#14381,#14382);
#14380 = CARTESIAN_POINT('',(6.,37.,-6.3));
#14381 = DIRECTION('',(0.,0.,1.));
#14382 = DIRECTION('',(1.,0.,0.));
#14383 = PCURVE('',#13594,#14384);
#14384 = DEFINITIONAL_REPRESENTATION('',(#14385),#14389);
#14385 = LINE('',#14386,#14387);
#14386 = CARTESIAN_POINT('',(-0.,0.));
#14387 = VECTOR('',#14388,1.);
#14388 = DIRECTION('',(-1.,0.));
#14389 = ( GEOMETRIC_REPRESENTATION_CONTEXT(2) 
PARAMETRIC_REPRESENTATION_CONTEXT() REPRESENTATION_CONTEXT('2D SPACE',''
  ) );
#14390 = PCURVE('',#14391,#14396);
#14391 = PLANE('',#14392);
#14392 = AXIS2_PLACEMENT_3D('',#14393,#14394,#14395);
#14393 = CARTESIAN_POINT('',(6.,37.,-6.3));
#14394 = DIRECTION('',(0.,0.,1.));
#14395 = DIRECTION('',(1.,0.,-0.));
#14396 = DEFINITIONAL_REPRESENTATION('',(#14397),#14401);
#14397 = CIRCLE('',#14398,1.1);
#14398 = AXIS2_PLACEMENT_2D('',#14399,#14400);
#14399 = CARTESIAN_POINT('',(0.,0.));
#14400 = DIRECTION('',(1.,0.));
#14401 = ( GEOMETRIC_REPRESENTATION_CONTEXT(2) 
PARAMETRIC_REPRESENTATION_CONTEXT() REPRESENTATION_CONTEXT('2D SPACE',''
  ) );
#14402 = ORIENTED_EDGE('',*,*,#14403,.T.);
#14403 = EDGE_CURVE('',#14375,#13574,#14404,.T.);
#14404 = SEAM_CURVE('',#14405,(#14409,#14416),.PCURVE_S1.);
#14405 = LINE('',#14406,#14407);
#14406 = CARTESIAN_POINT('',(7.1,37.,-6.3));
#14407 = VECTOR('',#14408,1.);
#14408 = DIRECTION('',(0.,0.,1.));
#14409 = PCURVE('',#13594,#14410);
#14410 = DEFINITIONAL_REPRESENTATION('',(#14411),#14415);
#14411 = LINE('',#14412,#14413);
#14412 = CARTESIAN_POINT('',(-6.28318530718,0.));
#14413 = VECTOR('',#14414,1.);
#14414 = DIRECTION('',(-0.,-1.));
#14415 = ( GEOMETRIC_REPRESENTATION_CONTEXT(2) 
PARAMETRIC_REPRESENTATION_CONTEXT() REPRESENTATION_CONTEXT('2D SPACE',''
  ) );
#14416 = PCURVE('',#13594,#14417);
#14417 = DEFINITIONAL_REPRESENTATION('',(#14418),#14422);
#14418 = LINE('',#14419,#14420);
#14419 = CARTESIAN_POINT('',(-0.,0.));
#14420 = VECTOR('',#14421,1.);
#14421 = DIRECTION('',(-0.,-1.));
#14422 = ( GEOMETRIC_REPRESENTATION_CONTEXT(2) 
PARAMETRIC_REPRESENTATION_CONTEXT() REPRESENTATION_CONTEXT('2D SPACE',''
  ) );
#14423 = ORIENTED_EDGE('',*,*,#13573,.F.);
#14424 = ORIENTED_EDGE('',*,*,#14403,.F.);
#14425 = ADVANCED_FACE('',(#14426),#13633,.F.);
#14426 = FACE_BOUND('',#14427,.T.);
#14427 = EDGE_LOOP('',(#14428,#14457,#14478,#14479));
#14428 = ORIENTED_EDGE('',*,*,#14429,.F.);
#14429 = EDGE_CURVE('',#14430,#14430,#14432,.T.);
#14430 = VERTEX_POINT('',#14431);
#14431 = CARTESIAN_POINT('',(55.1,37.,-6.3));
#14432 = SURFACE_CURVE('',#14433,(#14438,#14445),.PCURVE_S1.);
#14433 = CIRCLE('',#14434,1.1);
#14434 = AXIS2_PLACEMENT_3D('',#14435,#14436,#14437);
#14435 = CARTESIAN_POINT('',(54.,37.,-6.3));
#14436 = DIRECTION('',(0.,0.,1.));
#14437 = DIRECTION('',(1.,0.,0.));
#14438 = PCURVE('',#13633,#14439);
#14439 = DEFINITIONAL_REPRESENTATION('',(#14440),#14444);
#14440 = LINE('',#14441,#14442);
#14441 = CARTESIAN_POINT('',(-0.,0.));
#14442 = VECTOR('',#14443,1.);
#14443 = DIRECTION('',(-1.,0.));
#14444 = ( GEOMETRIC_REPRESENTATION_CONTEXT(2) 
PARAMETRIC_REPRESENTATION_CONTEXT() REPRESENTATION_CONTEXT('2D SPACE',''
  ) );
#14445 = PCURVE('',#14446,#14451);
#14446 = PLANE('',#14447);
#14447 = AXIS2_PLACEMENT_3D('',#14448,#14449,#14450);
#14448 = CARTESIAN_POINT('',(54.,37.,-6.3));
#14449 = DIRECTION('',(0.,0.,1.));
#14450 = DIRECTION('',(1.,0.,-0.));
#14451 = DEFINITIONAL_REPRESENTATION('',(#14452),#14456);
#14452 = CIRCLE('',#14453,1.1);
#14453 = AXIS2_PLACEMENT_2D('',#14454,#14455);
#14454 = CARTESIAN_POINT('',(0.,0.));
#14455 = DIRECTION('',(1.,0.));
#14456 = ( GEOMETRIC_REPRESENTATION_CONTEXT(2) 
PARAMETRIC_REPRESENTATION_CONTEXT() REPRESENTATION_CONTEXT('2D SPACE',''
  ) );
#14457 = ORIENTED_EDGE('',*,*,#14458,.T.);
#14458 = EDGE_CURVE('',#14430,#13613,#14459,.T.);
#14459 = SEAM_CURVE('',#14460,(#14464,#14471),.PCURVE_S1.);
#14460 = LINE('',#14461,#14462);
#14461 = CARTESIAN_POINT('',(55.1,37.,-6.3));
#14462 = VECTOR('',#14463,1.);
#14463 = DIRECTION('',(0.,0.,1.));
#14464 = PCURVE('',#13633,#14465);
#14465 = DEFINITIONAL_REPRESENTATION('',(#14466),#14470);
#14466 = LINE('',#14467,#14468);
#14467 = CARTESIAN_POINT('',(-6.28318530718,0.));
#14468 = VECTOR('',#14469,1.);
#14469 = DIRECTION('',(-0.,-1.));
#14470 = ( GEOMETRIC_REPRESENTATION_CONTEXT(2) 
PARAMETRIC_REPRESENTATION_CONTEXT() REPRESENTATION_CONTEXT('2D SPACE',''
  ) );
#14471 = PCURVE('',#13633,#14472);
#14472 = DEFINITIONAL_REPRESENTATION('',(#14473),#14477);
#14473 = LINE('',#14474,#14475);
#14474 = CARTESIAN_POINT('',(-0.,0.));
#14475 = VECTOR('',#14476,1.);
#14476 = DIRECTION('',(-0.,-1.));
#14477 = ( GEOMETRIC_REPRESENTATION_CONTEXT(2) 
PARAMETRIC_REPRESENTATION_CONTEXT() REPRESENTATION_CONTEXT('2D SPACE',''
  ) );
#14478 = ORIENTED_EDGE('',*,*,#13612,.F.);
#14479 = ORIENTED_EDGE('',*,*,#14458,.F.);
#14480 = ADVANCED_FACE('',(#14481),#13675,.F.);
#14481 = FACE_BOUND('',#14482,.F.);
#14482 = EDGE_LOOP('',(#14483,#14506,#14534,#14555));
#14483 = ORIENTED_EDGE('',*,*,#14484,.F.);
#14484 = EDGE_CURVE('',#14485,#13659,#14487,.T.);
#14485 = VERTEX_POINT('',#14486);
#14486 = CARTESIAN_POINT('',(41.1,95.3,-10.3));
#14487 = SURFACE_CURVE('',#14488,(#14492,#14499),.PCURVE_S1.);
#14488 = LINE('',#14489,#14490);
#14489 = CARTESIAN_POINT('',(41.1,95.3,-10.3));
#14490 = VECTOR('',#14491,1.);
#14491 = DIRECTION('',(0.,0.,1.));
#14492 = PCURVE('',#13675,#14493);
#14493 = DEFINITIONAL_REPRESENTATION('',(#14494),#14498);
#14494 = LINE('',#14495,#14496);
#14495 = CARTESIAN_POINT('',(0.,22.2));
#14496 = VECTOR('',#14497,1.);
#14497 = DIRECTION('',(1.,0.));
#14498 = ( GEOMETRIC_REPRESENTATION_CONTEXT(2) 
PARAMETRIC_REPRESENTATION_CONTEXT() REPRESENTATION_CONTEXT('2D SPACE',''
  ) );
#14499 = PCURVE('',#13707,#14500);
#14500 = DEFINITIONAL_REPRESENTATION('',(#14501),#14505);
#14501 = LINE('',#14502,#14503);
#14502 = CARTESIAN_POINT('',(-1.570796326795,0.));
#14503 = VECTOR('',#14504,1.);
#14504 = DIRECTION('',(-0.,-1.));
#14505 = ( GEOMETRIC_REPRESENTATION_CONTEXT(2) 
PARAMETRIC_REPRESENTATION_CONTEXT() REPRESENTATION_CONTEXT('2D SPACE',''
  ) );
#14506 = ORIENTED_EDGE('',*,*,#14507,.F.);
#14507 = EDGE_CURVE('',#14508,#14485,#14510,.T.);
#14508 = VERTEX_POINT('',#14509);
#14509 = CARTESIAN_POINT('',(18.9,95.3,-10.3));
#14510 = SURFACE_CURVE('',#14511,(#14515,#14522),.PCURVE_S1.);
#14511 = LINE('',#14512,#14513);
#14512 = CARTESIAN_POINT('',(18.9,95.3,-10.3));
#14513 = VECTOR('',#14514,1.);
#14514 = DIRECTION('',(1.,0.,0.));
#14515 = PCURVE('',#13675,#14516);
#14516 = DEFINITIONAL_REPRESENTATION('',(#14517),#14521);
#14517 = LINE('',#14518,#14519);
#14518 = CARTESIAN_POINT('',(0.,0.));
#14519 = VECTOR('',#14520,1.);
#14520 = DIRECTION('',(0.,1.));
#14521 = ( GEOMETRIC_REPRESENTATION_CONTEXT(2) 
PARAMETRIC_REPRESENTATION_CONTEXT() REPRESENTATION_CONTEXT('2D SPACE',''
  ) );
#14522 = PCURVE('',#14523,#14528);
#14523 = PLANE('',#14524);
#14524 = AXIS2_PLACEMENT_3D('',#14525,#14526,#14527);
#14525 = CARTESIAN_POINT('',(18.9,50.9,-10.3));
#14526 = DIRECTION('',(0.,0.,1.));
#14527 = DIRECTION('',(1.,0.,-0.));
#14528 = DEFINITIONAL_REPRESENTATION('',(#14529),#14533);
#14529 = LINE('',#14530,#14531);
#14530 = CARTESIAN_POINT('',(0.,44.4));
#14531 = VECTOR('',#14532,1.);
#14532 = DIRECTION('',(1.,0.));
#14533 = ( GEOMETRIC_REPRESENTATION_CONTEXT(2) 
PARAMETRIC_REPRESENTATION_CONTEXT() REPRESENTATION_CONTEXT('2D SPACE',''
  ) );
#14534 = ORIENTED_EDGE('',*,*,#14535,.T.);
#14535 = EDGE_CURVE('',#14508,#13661,#14536,.T.);
#14536 = SURFACE_CURVE('',#14537,(#14541,#14548),.PCURVE_S1.);
#14537 = LINE('',#14538,#14539);
#14538 = CARTESIAN_POINT('',(18.9,95.3,-10.3));
#14539 = VECTOR('',#14540,1.);
#14540 = DIRECTION('',(0.,0.,1.));
#14541 = PCURVE('',#13675,#14542);
#14542 = DEFINITIONAL_REPRESENTATION('',(#14543),#14547);
#14543 = LINE('',#14544,#14545);
#14544 = CARTESIAN_POINT('',(0.,0.));
#14545 = VECTOR('',#14546,1.);
#14546 = DIRECTION('',(1.,0.));
#14547 = ( GEOMETRIC_REPRESENTATION_CONTEXT(2) 
PARAMETRIC_REPRESENTATION_CONTEXT() REPRESENTATION_CONTEXT('2D SPACE',''
  ) );
#14548 = PCURVE('',#13882,#14549);
#14549 = DEFINITIONAL_REPRESENTATION('',(#14550),#14554);
#14550 = LINE('',#14551,#14552);
#14551 = CARTESIAN_POINT('',(-1.570796326795,0.));
#14552 = VECTOR('',#14553,1.);
#14553 = DIRECTION('',(-0.,-1.));
#14554 = ( GEOMETRIC_REPRESENTATION_CONTEXT(2) 
PARAMETRIC_REPRESENTATION_CONTEXT() REPRESENTATION_CONTEXT('2D SPACE',''
  ) );
#14555 = ORIENTED_EDGE('',*,*,#13658,.F.);
#14556 = ADVANCED_FACE('',(#14557),#13882,.F.);
#14557 = FACE_BOUND('',#14558,.T.);
#14558 = EDGE_LOOP('',(#14559,#14583,#14584,#14585));
#14559 = ORIENTED_EDGE('',*,*,#14560,.F.);
#14560 = EDGE_CURVE('',#14508,#14561,#14563,.T.);
#14561 = VERTEX_POINT('',#14562);
#14562 = CARTESIAN_POINT('',(12.7,89.1,-10.3));
#14563 = SURFACE_CURVE('',#14564,(#14569,#14576),.PCURVE_S1.);
#14564 = CIRCLE('',#14565,6.2);
#14565 = AXIS2_PLACEMENT_3D('',#14566,#14567,#14568);
#14566 = CARTESIAN_POINT('',(18.9,89.1,-10.3));
#14567 = DIRECTION('',(0.,0.,1.));
#14568 = DIRECTION('',(1.,0.,0.));
#14569 = PCURVE('',#13882,#14570);
#14570 = DEFINITIONAL_REPRESENTATION('',(#14571),#14575);
#14571 = LINE('',#14572,#14573);
#14572 = CARTESIAN_POINT('',(-0.,0.));
#14573 = VECTOR('',#14574,1.);
#14574 = DIRECTION('',(-1.,0.));
#14575 = ( GEOMETRIC_REPRESENTATION_CONTEXT(2) 
PARAMETRIC_REPRESENTATION_CONTEXT() REPRESENTATION_CONTEXT('2D SPACE',''
  ) );
#14576 = PCURVE('',#14523,#14577);
#14577 = DEFINITIONAL_REPRESENTATION('',(#14578),#14582);
#14578 = CIRCLE('',#14579,6.2);
#14579 = AXIS2_PLACEMENT_2D('',#14580,#14581);
#14580 = CARTESIAN_POINT('',(0.,38.2));
#14581 = DIRECTION('',(1.,0.));
#14582 = ( GEOMETRIC_REPRESENTATION_CONTEXT(2) 
PARAMETRIC_REPRESENTATION_CONTEXT() REPRESENTATION_CONTEXT('2D SPACE',''
  ) );
#14583 = ORIENTED_EDGE('',*,*,#14535,.T.);
#14584 = ORIENTED_EDGE('',*,*,#13863,.F.);
#14585 = ORIENTED_EDGE('',*,*,#14586,.F.);
#14586 = EDGE_CURVE('',#14561,#13838,#14587,.T.);
#14587 = SURFACE_CURVE('',#14588,(#14592,#14599),.PCURVE_S1.);
#14588 = LINE('',#14589,#14590);
#14589 = CARTESIAN_POINT('',(12.7,89.1,-10.3));
#14590 = VECTOR('',#14591,1.);
#14591 = DIRECTION('',(0.,0.,1.));
#14592 = PCURVE('',#13882,#14593);
#14593 = DEFINITIONAL_REPRESENTATION('',(#14594),#14598);
#14594 = LINE('',#14595,#14596);
#14595 = CARTESIAN_POINT('',(-3.14159265359,0.));
#14596 = VECTOR('',#14597,1.);
#14597 = DIRECTION('',(-0.,-1.));
#14598 = ( GEOMETRIC_REPRESENTATION_CONTEXT(2) 
PARAMETRIC_REPRESENTATION_CONTEXT() REPRESENTATION_CONTEXT('2D SPACE',''
  ) );
#14599 = PCURVE('',#13852,#14600);
#14600 = DEFINITIONAL_REPRESENTATION('',(#14601),#14605);
#14601 = LINE('',#14602,#14603);
#14602 = CARTESIAN_POINT('',(0.,-38.2));
#14603 = VECTOR('',#14604,1.);
#14604 = DIRECTION('',(1.,0.));
#14605 = ( GEOMETRIC_REPRESENTATION_CONTEXT(2) 
PARAMETRIC_REPRESENTATION_CONTEXT() REPRESENTATION_CONTEXT('2D SPACE',''
  ) );
#14606 = ADVANCED_FACE('',(#14607),#13852,.T.);
#14607 = FACE_BOUND('',#14608,.T.);
#14608 = EDGE_LOOP('',(#14609,#14632,#14653,#14654));
#14609 = ORIENTED_EDGE('',*,*,#14610,.F.);
#14610 = EDGE_CURVE('',#14611,#13805,#14613,.T.);
#14611 = VERTEX_POINT('',#14612);
#14612 = CARTESIAN_POINT('',(12.7,50.9,-10.3));
#14613 = SURFACE_CURVE('',#14614,(#14618,#14625),.PCURVE_S1.);
#14614 = LINE('',#14615,#14616);
#14615 = CARTESIAN_POINT('',(12.7,50.9,-10.3));
#14616 = VECTOR('',#14617,1.);
#14617 = DIRECTION('',(0.,0.,1.));
#14618 = PCURVE('',#13852,#14619);
#14619 = DEFINITIONAL_REPRESENTATION('',(#14620),#14624);
#14620 = LINE('',#14621,#14622);
#14621 = CARTESIAN_POINT('',(0.,0.));
#14622 = VECTOR('',#14623,1.);
#14623 = DIRECTION('',(1.,0.));
#14624 = ( GEOMETRIC_REPRESENTATION_CONTEXT(2) 
PARAMETRIC_REPRESENTATION_CONTEXT() REPRESENTATION_CONTEXT('2D SPACE',''
  ) );
#14625 = PCURVE('',#13825,#14626);
#14626 = DEFINITIONAL_REPRESENTATION('',(#14627),#14631);
#14627 = LINE('',#14628,#14629);
#14628 = CARTESIAN_POINT('',(-3.14159265359,0.));
#14629 = VECTOR('',#14630,1.);
#14630 = DIRECTION('',(-0.,-1.));
#14631 = ( GEOMETRIC_REPRESENTATION_CONTEXT(2) 
PARAMETRIC_REPRESENTATION_CONTEXT() REPRESENTATION_CONTEXT('2D SPACE',''
  ) );
#14632 = ORIENTED_EDGE('',*,*,#14633,.T.);
#14633 = EDGE_CURVE('',#14611,#14561,#14634,.T.);
#14634 = SURFACE_CURVE('',#14635,(#14639,#14646),.PCURVE_S1.);
#14635 = LINE('',#14636,#14637);
#14636 = CARTESIAN_POINT('',(12.7,50.9,-10.3));
#14637 = VECTOR('',#14638,1.);
#14638 = DIRECTION('',(0.,1.,0.));
#14639 = PCURVE('',#13852,#14640);
#14640 = DEFINITIONAL_REPRESENTATION('',(#14641),#14645);
#14641 = LINE('',#14642,#14643);
#14642 = CARTESIAN_POINT('',(0.,0.));
#14643 = VECTOR('',#14644,1.);
#14644 = DIRECTION('',(0.,-1.));
#14645 = ( GEOMETRIC_REPRESENTATION_CONTEXT(2) 
PARAMETRIC_REPRESENTATION_CONTEXT() REPRESENTATION_CONTEXT('2D SPACE',''
  ) );
#14646 = PCURVE('',#14523,#14647);
#14647 = DEFINITIONAL_REPRESENTATION('',(#14648),#14652);
#14648 = LINE('',#14649,#14650);
#14649 = CARTESIAN_POINT('',(-6.2,0.));
#14650 = VECTOR('',#14651,1.);
#14651 = DIRECTION('',(0.,1.));
#14652 = ( GEOMETRIC_REPRESENTATION_CONTEXT(2) 
PARAMETRIC_REPRESENTATION_CONTEXT() REPRESENTATION_CONTEXT('2D SPACE',''
  ) );
#14653 = ORIENTED_EDGE('',*,*,#14586,.T.);
#14654 = ORIENTED_EDGE('',*,*,#13837,.F.);
#14655 = ADVANCED_FACE('',(#14656),#13825,.F.);
#14656 = FACE_BOUND('',#14657,.T.);
#14657 = EDGE_LOOP('',(#14658,#14682,#14683,#14684));
#14658 = ORIENTED_EDGE('',*,*,#14659,.F.);
#14659 = EDGE_CURVE('',#14611,#14660,#14662,.T.);
#14660 = VERTEX_POINT('',#14661);
#14661 = CARTESIAN_POINT('',(18.9,44.7,-10.3));
#14662 = SURFACE_CURVE('',#14663,(#14668,#14675),.PCURVE_S1.);
#14663 = CIRCLE('',#14664,6.2);
#14664 = AXIS2_PLACEMENT_3D('',#14665,#14666,#14667);
#14665 = CARTESIAN_POINT('',(18.9,50.9,-10.3));
#14666 = DIRECTION('',(0.,0.,1.));
#14667 = DIRECTION('',(1.,0.,0.));
#14668 = PCURVE('',#13825,#14669);
#14669 = DEFINITIONAL_REPRESENTATION('',(#14670),#14674);
#14670 = LINE('',#14671,#14672);
#14671 = CARTESIAN_POINT('',(-0.,0.));
#14672 = VECTOR('',#14673,1.);
#14673 = DIRECTION('',(-1.,0.));
#14674 = ( GEOMETRIC_REPRESENTATION_CONTEXT(2) 
PARAMETRIC_REPRESENTATION_CONTEXT() REPRESENTATION_CONTEXT('2D SPACE',''
  ) );
#14675 = PCURVE('',#14523,#14676);
#14676 = DEFINITIONAL_REPRESENTATION('',(#14677),#14681);
#14677 = CIRCLE('',#14678,6.2);
#14678 = AXIS2_PLACEMENT_2D('',#14679,#14680);
#14679 = CARTESIAN_POINT('',(0.,0.));
#14680 = DIRECTION('',(1.,0.));
#14681 = ( GEOMETRIC_REPRESENTATION_CONTEXT(2) 
PARAMETRIC_REPRESENTATION_CONTEXT() REPRESENTATION_CONTEXT('2D SPACE',''
  ) );
#14682 = ORIENTED_EDGE('',*,*,#14610,.T.);
#14683 = ORIENTED_EDGE('',*,*,#13804,.F.);
#14684 = ORIENTED_EDGE('',*,*,#14685,.F.);
#14685 = EDGE_CURVE('',#14660,#13779,#14686,.T.);
#14686 = SURFACE_CURVE('',#14687,(#14691,#14698),.PCURVE_S1.);
#14687 = LINE('',#14688,#14689);
#14688 = CARTESIAN_POINT('',(18.9,44.7,-10.3));
#14689 = VECTOR('',#14690,1.);
#14690 = DIRECTION('',(0.,0.,1.));
#14691 = PCURVE('',#13825,#14692);
#14692 = DEFINITIONAL_REPRESENTATION('',(#14693),#14697);
#14693 = LINE('',#14694,#14695);
#14694 = CARTESIAN_POINT('',(-4.712388980385,0.));
#14695 = VECTOR('',#14696,1.);
#14696 = DIRECTION('',(-0.,-1.));
#14697 = ( GEOMETRIC_REPRESENTATION_CONTEXT(2) 
PARAMETRIC_REPRESENTATION_CONTEXT() REPRESENTATION_CONTEXT('2D SPACE',''
  ) );
#14698 = PCURVE('',#13793,#14699);
#14699 = DEFINITIONAL_REPRESENTATION('',(#14700),#14704);
#14700 = LINE('',#14701,#14702);
#14701 = CARTESIAN_POINT('',(0.,0.));
#14702 = VECTOR('',#14703,1.);
#14703 = DIRECTION('',(1.,0.));
#14704 = ( GEOMETRIC_REPRESENTATION_CONTEXT(2) 
PARAMETRIC_REPRESENTATION_CONTEXT() REPRESENTATION_CONTEXT('2D SPACE',''
  ) );
#14705 = ADVANCED_FACE('',(#14706),#13793,.T.);
#14706 = FACE_BOUND('',#14707,.T.);
#14707 = EDGE_LOOP('',(#14708,#14731,#14752,#14753));
#14708 = ORIENTED_EDGE('',*,*,#14709,.F.);
#14709 = EDGE_CURVE('',#14710,#13746,#14712,.T.);
#14710 = VERTEX_POINT('',#14711);
#14711 = CARTESIAN_POINT('',(41.1,44.7,-10.3));
#14712 = SURFACE_CURVE('',#14713,(#14717,#14724),.PCURVE_S1.);
#14713 = LINE('',#14714,#14715);
#14714 = CARTESIAN_POINT('',(41.1,44.7,-10.3));
#14715 = VECTOR('',#14716,1.);
#14716 = DIRECTION('',(0.,0.,1.));
#14717 = PCURVE('',#13793,#14718);
#14718 = DEFINITIONAL_REPRESENTATION('',(#14719),#14723);
#14719 = LINE('',#14720,#14721);
#14720 = CARTESIAN_POINT('',(0.,22.2));
#14721 = VECTOR('',#14722,1.);
#14722 = DIRECTION('',(1.,0.));
#14723 = ( GEOMETRIC_REPRESENTATION_CONTEXT(2) 
PARAMETRIC_REPRESENTATION_CONTEXT() REPRESENTATION_CONTEXT('2D SPACE',''
  ) );
#14724 = PCURVE('',#13766,#14725);
#14725 = DEFINITIONAL_REPRESENTATION('',(#14726),#14730);
#14726 = LINE('',#14727,#14728);
#14727 = CARTESIAN_POINT('',(-4.712388980385,0.));
#14728 = VECTOR('',#14729,1.);
#14729 = DIRECTION('',(-0.,-1.));
#14730 = ( GEOMETRIC_REPRESENTATION_CONTEXT(2) 
PARAMETRIC_REPRESENTATION_CONTEXT() REPRESENTATION_CONTEXT('2D SPACE',''
  ) );
#14731 = ORIENTED_EDGE('',*,*,#14732,.F.);
#14732 = EDGE_CURVE('',#14660,#14710,#14733,.T.);
#14733 = SURFACE_CURVE('',#14734,(#14738,#14745),.PCURVE_S1.);
#14734 = LINE('',#14735,#14736);
#14735 = CARTESIAN_POINT('',(18.9,44.7,-10.3));
#14736 = VECTOR('',#14737,1.);
#14737 = DIRECTION('',(1.,0.,0.));
#14738 = PCURVE('',#13793,#14739);
#14739 = DEFINITIONAL_REPRESENTATION('',(#14740),#14744);
#14740 = LINE('',#14741,#14742);
#14741 = CARTESIAN_POINT('',(0.,0.));
#14742 = VECTOR('',#14743,1.);
#14743 = DIRECTION('',(0.,1.));
#14744 = ( GEOMETRIC_REPRESENTATION_CONTEXT(2) 
PARAMETRIC_REPRESENTATION_CONTEXT() REPRESENTATION_CONTEXT('2D SPACE',''
  ) );
#14745 = PCURVE('',#14523,#14746);
#14746 = DEFINITIONAL_REPRESENTATION('',(#14747),#14751);
#14747 = LINE('',#14748,#14749);
#14748 = CARTESIAN_POINT('',(0.,-6.2));
#14749 = VECTOR('',#14750,1.);
#14750 = DIRECTION('',(1.,0.));
#14751 = ( GEOMETRIC_REPRESENTATION_CONTEXT(2) 
PARAMETRIC_REPRESENTATION_CONTEXT() REPRESENTATION_CONTEXT('2D SPACE',''
  ) );
#14752 = ORIENTED_EDGE('',*,*,#14685,.T.);
#14753 = ORIENTED_EDGE('',*,*,#13778,.F.);
#14754 = ADVANCED_FACE('',(#14755),#13766,.F.);
#14755 = FACE_BOUND('',#14756,.T.);
#14756 = EDGE_LOOP('',(#14757,#14779,#14801,#14802));
#14757 = ORIENTED_EDGE('',*,*,#14758,.F.);
#14758 = EDGE_CURVE('',#14759,#13720,#14761,.T.);
#14759 = VERTEX_POINT('',#14760);
#14760 = CARTESIAN_POINT('',(47.3,50.9,-10.3));
#14761 = SURFACE_CURVE('',#14762,(#14766,#14772),.PCURVE_S1.);
#14762 = LINE('',#14763,#14764);
#14763 = CARTESIAN_POINT('',(47.3,50.9,-10.3));
#14764 = VECTOR('',#14765,1.);
#14765 = DIRECTION('',(0.,0.,1.));
#14766 = PCURVE('',#13766,#14767);
#14767 = DEFINITIONAL_REPRESENTATION('',(#14768),#14771);
#14768 = B_SPLINE_CURVE_WITH_KNOTS('',1,(#14769,#14770),.UNSPECIFIED.,
  .F.,.F.,(2,2),(0.,10.8),.PIECEWISE_BEZIER_KNOTS.);
#14769 = CARTESIAN_POINT('',(-6.28318530718,0.));
#14770 = CARTESIAN_POINT('',(-6.28318530718,-10.8));
#14771 = ( GEOMETRIC_REPRESENTATION_CONTEXT(2) 
PARAMETRIC_REPRESENTATION_CONTEXT() REPRESENTATION_CONTEXT('2D SPACE',''
  ) );
#14772 = PCURVE('',#13734,#14773);
#14773 = DEFINITIONAL_REPRESENTATION('',(#14774),#14778);
#14774 = LINE('',#14775,#14776);
#14775 = CARTESIAN_POINT('',(0.,0.));
#14776 = VECTOR('',#14777,1.);
#14777 = DIRECTION('',(1.,0.));
#14778 = ( GEOMETRIC_REPRESENTATION_CONTEXT(2) 
PARAMETRIC_REPRESENTATION_CONTEXT() REPRESENTATION_CONTEXT('2D SPACE',''
  ) );
#14779 = ORIENTED_EDGE('',*,*,#14780,.F.);
#14780 = EDGE_CURVE('',#14710,#14759,#14781,.T.);
#14781 = SURFACE_CURVE('',#14782,(#14787,#14794),.PCURVE_S1.);
#14782 = CIRCLE('',#14783,6.2);
#14783 = AXIS2_PLACEMENT_3D('',#14784,#14785,#14786);
#14784 = CARTESIAN_POINT('',(41.1,50.9,-10.3));
#14785 = DIRECTION('',(0.,0.,1.));
#14786 = DIRECTION('',(1.,0.,0.));
#14787 = PCURVE('',#13766,#14788);
#14788 = DEFINITIONAL_REPRESENTATION('',(#14789),#14793);
#14789 = LINE('',#14790,#14791);
#14790 = CARTESIAN_POINT('',(-0.,0.));
#14791 = VECTOR('',#14792,1.);
#14792 = DIRECTION('',(-1.,0.));
#14793 = ( GEOMETRIC_REPRESENTATION_CONTEXT(2) 
PARAMETRIC_REPRESENTATION_CONTEXT() REPRESENTATION_CONTEXT('2D SPACE',''
  ) );
#14794 = PCURVE('',#14523,#14795);
#14795 = DEFINITIONAL_REPRESENTATION('',(#14796),#14800);
#14796 = CIRCLE('',#14797,6.2);
#14797 = AXIS2_PLACEMENT_2D('',#14798,#14799);
#14798 = CARTESIAN_POINT('',(22.2,0.));
#14799 = DIRECTION('',(1.,0.));
#14800 = ( GEOMETRIC_REPRESENTATION_CONTEXT(2) 
PARAMETRIC_REPRESENTATION_CONTEXT() REPRESENTATION_CONTEXT('2D SPACE',''
  ) );
#14801 = ORIENTED_EDGE('',*,*,#14709,.T.);
#14802 = ORIENTED_EDGE('',*,*,#13745,.F.);
#14803 = ADVANCED_FACE('',(#14804),#13734,.F.);
#14804 = FACE_BOUND('',#14805,.F.);
#14805 = EDGE_LOOP('',(#14806,#14807,#14830,#14850));
#14806 = ORIENTED_EDGE('',*,*,#14758,.F.);
#14807 = ORIENTED_EDGE('',*,*,#14808,.T.);
#14808 = EDGE_CURVE('',#14759,#14809,#14811,.T.);
#14809 = VERTEX_POINT('',#14810);
#14810 = CARTESIAN_POINT('',(47.3,89.1,-10.3));
#14811 = SURFACE_CURVE('',#14812,(#14816,#14823),.PCURVE_S1.);
#14812 = LINE('',#14813,#14814);
#14813 = CARTESIAN_POINT('',(47.3,50.9,-10.3));
#14814 = VECTOR('',#14815,1.);
#14815 = DIRECTION('',(0.,1.,0.));
#14816 = PCURVE('',#13734,#14817);
#14817 = DEFINITIONAL_REPRESENTATION('',(#14818),#14822);
#14818 = LINE('',#14819,#14820);
#14819 = CARTESIAN_POINT('',(0.,0.));
#14820 = VECTOR('',#14821,1.);
#14821 = DIRECTION('',(0.,-1.));
#14822 = ( GEOMETRIC_REPRESENTATION_CONTEXT(2) 
PARAMETRIC_REPRESENTATION_CONTEXT() REPRESENTATION_CONTEXT('2D SPACE',''
  ) );
#14823 = PCURVE('',#14523,#14824);
#14824 = DEFINITIONAL_REPRESENTATION('',(#14825),#14829);
#14825 = LINE('',#14826,#14827);
#14826 = CARTESIAN_POINT('',(28.4,0.));
#14827 = VECTOR('',#14828,1.);
#14828 = DIRECTION('',(0.,1.));
#14829 = ( GEOMETRIC_REPRESENTATION_CONTEXT(2) 
PARAMETRIC_REPRESENTATION_CONTEXT() REPRESENTATION_CONTEXT('2D SPACE',''
  ) );
#14830 = ORIENTED_EDGE('',*,*,#14831,.T.);
#14831 = EDGE_CURVE('',#14809,#13687,#14832,.T.);
#14832 = SURFACE_CURVE('',#14833,(#14837,#14844),.PCURVE_S1.);
#14833 = LINE('',#14834,#14835);
#14834 = CARTESIAN_POINT('',(47.3,89.1,-10.3));
#14835 = VECTOR('',#14836,1.);
#14836 = DIRECTION('',(0.,0.,1.));
#14837 = PCURVE('',#13734,#14838);
#14838 = DEFINITIONAL_REPRESENTATION('',(#14839),#14843);
#14839 = LINE('',#14840,#14841);
#14840 = CARTESIAN_POINT('',(0.,-38.2));
#14841 = VECTOR('',#14842,1.);
#14842 = DIRECTION('',(1.,0.));
#14843 = ( GEOMETRIC_REPRESENTATION_CONTEXT(2) 
PARAMETRIC_REPRESENTATION_CONTEXT() REPRESENTATION_CONTEXT('2D SPACE',''
  ) );
#14844 = PCURVE('',#13707,#14845);
#14845 = DEFINITIONAL_REPRESENTATION('',(#14846),#14849);
#14846 = B_SPLINE_CURVE_WITH_KNOTS('',1,(#14847,#14848),.UNSPECIFIED.,
  .F.,.F.,(2,2),(0.,10.8),.PIECEWISE_BEZIER_KNOTS.);
#14847 = CARTESIAN_POINT('',(0.,0.));
#14848 = CARTESIAN_POINT('',(0.,-10.8));
#14849 = ( GEOMETRIC_REPRESENTATION_CONTEXT(2) 
PARAMETRIC_REPRESENTATION_CONTEXT() REPRESENTATION_CONTEXT('2D SPACE',''
  ) );
#14850 = ORIENTED_EDGE('',*,*,#13719,.F.);
#14851 = ADVANCED_FACE('',(#14852),#13707,.F.);
#14852 = FACE_BOUND('',#14853,.T.);
#14853 = EDGE_LOOP('',(#14854,#14876,#14877,#14878));
#14854 = ORIENTED_EDGE('',*,*,#14855,.F.);
#14855 = EDGE_CURVE('',#14809,#14485,#14856,.T.);
#14856 = SURFACE_CURVE('',#14857,(#14862,#14869),.PCURVE_S1.);
#14857 = CIRCLE('',#14858,6.2);
#14858 = AXIS2_PLACEMENT_3D('',#14859,#14860,#14861);
#14859 = CARTESIAN_POINT('',(41.1,89.1,-10.3));
#14860 = DIRECTION('',(0.,0.,1.));
#14861 = DIRECTION('',(1.,0.,0.));
#14862 = PCURVE('',#13707,#14863);
#14863 = DEFINITIONAL_REPRESENTATION('',(#14864),#14868);
#14864 = LINE('',#14865,#14866);
#14865 = CARTESIAN_POINT('',(-0.,0.));
#14866 = VECTOR('',#14867,1.);
#14867 = DIRECTION('',(-1.,0.));
#14868 = ( GEOMETRIC_REPRESENTATION_CONTEXT(2) 
PARAMETRIC_REPRESENTATION_CONTEXT() REPRESENTATION_CONTEXT('2D SPACE',''
  ) );
#14869 = PCURVE('',#14523,#14870);
#14870 = DEFINITIONAL_REPRESENTATION('',(#14871),#14875);
#14871 = CIRCLE('',#14872,6.2);
#14872 = AXIS2_PLACEMENT_2D('',#14873,#14874);
#14873 = CARTESIAN_POINT('',(22.2,38.2));
#14874 = DIRECTION('',(1.,0.));
#14875 = ( GEOMETRIC_REPRESENTATION_CONTEXT(2) 
PARAMETRIC_REPRESENTATION_CONTEXT() REPRESENTATION_CONTEXT('2D SPACE',''
  ) );
#14876 = ORIENTED_EDGE('',*,*,#14831,.T.);
#14877 = ORIENTED_EDGE('',*,*,#13686,.F.);
#14878 = ORIENTED_EDGE('',*,*,#14484,.F.);
#14879 = ADVANCED_FACE('',(#14880),#13921,.F.);
#14880 = FACE_BOUND('',#14881,.T.);
#14881 = EDGE_LOOP('',(#14882,#14911,#14932,#14933));
#14882 = ORIENTED_EDGE('',*,*,#14883,.F.);
#14883 = EDGE_CURVE('',#14884,#14884,#14886,.T.);
#14884 = VERTEX_POINT('',#14885);
#14885 = CARTESIAN_POINT('',(7.1,99.,-6.3));
#14886 = SURFACE_CURVE('',#14887,(#14892,#14899),.PCURVE_S1.);
#14887 = CIRCLE('',#14888,1.1);
#14888 = AXIS2_PLACEMENT_3D('',#14889,#14890,#14891);
#14889 = CARTESIAN_POINT('',(6.,99.,-6.3));
#14890 = DIRECTION('',(0.,0.,1.));
#14891 = DIRECTION('',(1.,0.,0.));
#14892 = PCURVE('',#13921,#14893);
#14893 = DEFINITIONAL_REPRESENTATION('',(#14894),#14898);
#14894 = LINE('',#14895,#14896);
#14895 = CARTESIAN_POINT('',(-0.,0.));
#14896 = VECTOR('',#14897,1.);
#14897 = DIRECTION('',(-1.,0.));
#14898 = ( GEOMETRIC_REPRESENTATION_CONTEXT(2) 
PARAMETRIC_REPRESENTATION_CONTEXT() REPRESENTATION_CONTEXT('2D SPACE',''
  ) );
#14899 = PCURVE('',#14900,#14905);
#14900 = PLANE('',#14901);
#14901 = AXIS2_PLACEMENT_3D('',#14902,#14903,#14904);
#14902 = CARTESIAN_POINT('',(6.,99.,-6.3));
#14903 = DIRECTION('',(0.,0.,1.));
#14904 = DIRECTION('',(1.,0.,-0.));
#14905 = DEFINITIONAL_REPRESENTATION('',(#14906),#14910);
#14906 = CIRCLE('',#14907,1.1);
#14907 = AXIS2_PLACEMENT_2D('',#14908,#14909);
#14908 = CARTESIAN_POINT('',(0.,0.));
#14909 = DIRECTION('',(1.,0.));
#14910 = ( GEOMETRIC_REPRESENTATION_CONTEXT(2) 
PARAMETRIC_REPRESENTATION_CONTEXT() REPRESENTATION_CONTEXT('2D SPACE',''
  ) );
#14911 = ORIENTED_EDGE('',*,*,#14912,.T.);
#14912 = EDGE_CURVE('',#14884,#13901,#14913,.T.);
#14913 = SEAM_CURVE('',#14914,(#14918,#14925),.PCURVE_S1.);
#14914 = LINE('',#14915,#14916);
#14915 = CARTESIAN_POINT('',(7.1,99.,-6.3));
#14916 = VECTOR('',#14917,1.);
#14917 = DIRECTION('',(0.,0.,1.));
#14918 = PCURVE('',#13921,#14919);
#14919 = DEFINITIONAL_REPRESENTATION('',(#14920),#14924);
#14920 = LINE('',#14921,#14922);
#14921 = CARTESIAN_POINT('',(-6.28318530718,0.));
#14922 = VECTOR('',#14923,1.);
#14923 = DIRECTION('',(-0.,-1.));
#14924 = ( GEOMETRIC_REPRESENTATION_CONTEXT(2) 
PARAMETRIC_REPRESENTATION_CONTEXT() REPRESENTATION_CONTEXT('2D SPACE',''
  ) );
#14925 = PCURVE('',#13921,#14926);
#14926 = DEFINITIONAL_REPRESENTATION('',(#14927),#14931);
#14927 = LINE('',#14928,#14929);
#14928 = CARTESIAN_POINT('',(-0.,0.));
#14929 = VECTOR('',#14930,1.);
#14930 = DIRECTION('',(-0.,-1.));
#14931 = ( GEOMETRIC_REPRESENTATION_CONTEXT(2) 
PARAMETRIC_REPRESENTATION_CONTEXT() REPRESENTATION_CONTEXT('2D SPACE',''
  ) );
#14932 = ORIENTED_EDGE('',*,*,#13900,.F.);
#14933 = ORIENTED_EDGE('',*,*,#14912,.F.);
#14934 = ADVANCED_FACE('',(#14935),#13971,.F.);
#14935 = FACE_BOUND('',#14936,.T.);
#14936 = EDGE_LOOP('',(#14937,#14966,#14987,#14988));
#14937 = ORIENTED_EDGE('',*,*,#14938,.F.);
#14938 = EDGE_CURVE('',#14939,#14939,#14941,.T.);
#14939 = VERTEX_POINT('',#14940);
#14940 = CARTESIAN_POINT('',(55.1,99.,-6.3));
#14941 = SURFACE_CURVE('',#14942,(#14947,#14954),.PCURVE_S1.);
#14942 = CIRCLE('',#14943,1.1);
#14943 = AXIS2_PLACEMENT_3D('',#14944,#14945,#14946);
#14944 = CARTESIAN_POINT('',(54.,99.,-6.3));
#14945 = DIRECTION('',(0.,0.,1.));
#14946 = DIRECTION('',(1.,0.,0.));
#14947 = PCURVE('',#13971,#14948);
#14948 = DEFINITIONAL_REPRESENTATION('',(#14949),#14953);
#14949 = LINE('',#14950,#14951);
#14950 = CARTESIAN_POINT('',(-0.,0.));
#14951 = VECTOR('',#14952,1.);
#14952 = DIRECTION('',(-1.,0.));
#14953 = ( GEOMETRIC_REPRESENTATION_CONTEXT(2) 
PARAMETRIC_REPRESENTATION_CONTEXT() REPRESENTATION_CONTEXT('2D SPACE',''
  ) );
#14954 = PCURVE('',#14955,#14960);
#14955 = PLANE('',#14956);
#14956 = AXIS2_PLACEMENT_3D('',#14957,#14958,#14959);
#14957 = CARTESIAN_POINT('',(54.,99.,-6.3));
#14958 = DIRECTION('',(0.,0.,1.));
#14959 = DIRECTION('',(1.,0.,-0.));
#14960 = DEFINITIONAL_REPRESENTATION('',(#14961),#14965);
#14961 = CIRCLE('',#14962,1.1);
#14962 = AXIS2_PLACEMENT_2D('',#14963,#14964);
#14963 = CARTESIAN_POINT('',(0.,0.));
#14964 = DIRECTION('',(1.,0.));
#14965 = ( GEOMETRIC_REPRESENTATION_CONTEXT(2) 
PARAMETRIC_REPRESENTATION_CONTEXT() REPRESENTATION_CONTEXT('2D SPACE',''
  ) );
#14966 = ORIENTED_EDGE('',*,*,#14967,.T.);
#14967 = EDGE_CURVE('',#14939,#13951,#14968,.T.);
#14968 = SEAM_CURVE('',#14969,(#14973,#14980),.PCURVE_S1.);
#14969 = LINE('',#14970,#14971);
#14970 = CARTESIAN_POINT('',(55.1,99.,-6.3));
#14971 = VECTOR('',#14972,1.);
#14972 = DIRECTION('',(0.,0.,1.));
#14973 = PCURVE('',#13971,#14974);
#14974 = DEFINITIONAL_REPRESENTATION('',(#14975),#14979);
#14975 = LINE('',#14976,#14977);
#14976 = CARTESIAN_POINT('',(-6.28318530718,0.));
#14977 = VECTOR('',#14978,1.);
#14978 = DIRECTION('',(-0.,-1.));
#14979 = ( GEOMETRIC_REPRESENTATION_CONTEXT(2) 
PARAMETRIC_REPRESENTATION_CONTEXT() REPRESENTATION_CONTEXT('2D SPACE',''
  ) );
#14980 = PCURVE('',#13971,#14981);
#14981 = DEFINITIONAL_REPRESENTATION('',(#14982),#14986);
#14982 = LINE('',#14983,#14984);
#14983 = CARTESIAN_POINT('',(-0.,0.));
#14984 = VECTOR('',#14985,1.);
#14985 = DIRECTION('',(-0.,-1.));
#14986 = ( GEOMETRIC_REPRESENTATION_CONTEXT(2) 
PARAMETRIC_REPRESENTATION_CONTEXT() REPRESENTATION_CONTEXT('2D SPACE',''
  ) );
#14987 = ORIENTED_EDGE('',*,*,#13950,.F.);
#14988 = ORIENTED_EDGE('',*,*,#14967,.F.);
#14989 = ADVANCED_FACE('',(#14990),#14391,.T.);
#14990 = FACE_BOUND('',#14991,.T.);
#14991 = EDGE_LOOP('',(#14992));
#14992 = ORIENTED_EDGE('',*,*,#14374,.T.);
#14993 = ADVANCED_FACE('',(#14994),#14446,.T.);
#14994 = FACE_BOUND('',#14995,.T.);
#14995 = EDGE_LOOP('',(#14996));
#14996 = ORIENTED_EDGE('',*,*,#14429,.T.);
#14997 = ADVANCED_FACE('',(#14998),#14523,.T.);
#14998 = FACE_BOUND('',#14999,.T.);
#14999 = EDGE_LOOP('',(#15000,#15001,#15002,#15003,#15004,#15005,#15006,
    #15007));
#15000 = ORIENTED_EDGE('',*,*,#14507,.F.);
#15001 = ORIENTED_EDGE('',*,*,#14560,.T.);
#15002 = ORIENTED_EDGE('',*,*,#14633,.F.);
#15003 = ORIENTED_EDGE('',*,*,#14659,.T.);
#15004 = ORIENTED_EDGE('',*,*,#14732,.T.);
#15005 = ORIENTED_EDGE('',*,*,#14780,.T.);
#15006 = ORIENTED_EDGE('',*,*,#14808,.T.);
#15007 = ORIENTED_EDGE('',*,*,#14855,.T.);
#15008 = ADVANCED_FACE('',(#15009),#14900,.T.);
#15009 = FACE_BOUND('',#15010,.T.);
#15010 = EDGE_LOOP('',(#15011));
#15011 = ORIENTED_EDGE('',*,*,#14883,.T.);
#15012 = ADVANCED_FACE('',(#15013),#14955,.T.);
#15013 = FACE_BOUND('',#15014,.T.);
#15014 = EDGE_LOOP('',(#15015));
#15015 = ORIENTED_EDGE('',*,*,#14938,.T.);
#15016 = ( GEOMETRIC_REPRESENTATION_CONTEXT(3) 
GLOBAL_UNCERTAINTY_ASSIGNED_CONTEXT((#15020)) 
GLOBAL_UNIT_ASSIGNED_CONTEXT((#15017,#15018,#15019)) 
REPRESENTATION_CONTEXT('Context #1',
  '3D Context with UNIT and UNCERTAINTY') );
#15017 = ( LENGTH_UNIT() NAMED_UNIT(*) SI_UNIT(.MILLI.,.METRE.) );
#15018 = ( NAMED_UNIT(*) PLANE_ANGLE_UNIT() SI_UNIT($,.RADIAN.) );
#15019 = ( NAMED_UNIT(*) SI_UNIT($,.STERADIAN.) SOLID_ANGLE_UNIT() );
#15020 = UNCERTAINTY_MEASURE_WITH_UNIT(LENGTH_MEASURE(1.E-07),#15017,
  'distance_accuracy_value','confusion accuracy');
#15021 = PRODUCT_RELATED_PRODUCT_CATEGORY('part',$,(#7));
ENDSEC;
END-ISO-10303-21;
