ISO-10303-21;
HEADER;
FILE_DESCRIPTION(('Open CASCADE Model'),'2;1');
FILE_NAME('Open CASCADE Shape Model','2026-09-13T18:20:38',('Author'),(
    'Open CASCADE'),'Open CASCADE STEP processor 7.9','Open CASCADE 7.9'
  ,'Unknown');
FILE_SCHEMA(('AUTOMOTIVE_DESIGN { 1 0 10303 214 1 1 1 1 }'));
ENDSEC;
DATA;
#1 = APPLICATION_PROTOCOL_DEFINITION('international standard',
  'automotive_design',2000,#2);
#2 = APPLICATION_CONTEXT(
  'core data for automotive mechanical design processes');
#3 = SHAPE_DEFINITION_REPRESENTATION(#4,#10);
#4 = PRODUCT_DEFINITION_SHAPE('','',#5);
#5 = PRODUCT_DEFINITION('design','',#6,#9);
#6 = PRODUCT_DEFINITION_FORMATION('','',#7);
#7 = PRODUCT('Open CASCADE STEP translator 7.9 2',
  'Open CASCADE STEP translator 7.9 2','',(#8));
#8 = PRODUCT_CONTEXT('',#2,'mechanical');
#9 = PRODUCT_DEFINITION_CONTEXT('part definition',#2,'design');
#10 = ADVANCED_BREP_SHAPE_REPRESENTATION('',(#11,#15),#15367);
#11 = AXIS2_PLACEMENT_3D('',#12,#13,#14);
#12 = CARTESIAN_POINT('',(0.,0.,0.));
#13 = DIRECTION('',(0.,0.,1.));
#14 = DIRECTION('',(1.,0.,-0.));
#15 = MANIFOLD_SOLID_BREP('',#16);
#16 = CLOSED_SHELL('',(#17,#670,#881,#930,#1081,#1130,#1178,#1326,#1472,
    #1521,#1568,#1716,#1765,#1911,#1959,#2007,#2155,#2301,#2351,#2398,
    #2544,#2696,#2745,#2793,#2821,#2898,#2952,#3023,#3399,#3478,#3960,
    #4015,#4063,#4142,#4261,#4292,#4299,#4379,#4434,#4488,#4534,#4559,
    #4566,#4744,#4799,#4847,#4906,#5012,#5019,#5025,#5080,#5134,#5180,
    #5303,#5310,#5337,#5461,#5789,#5816,#5905,#5932,#6002,#6078,#6103,
    #6129,#6155,#6162,#6353,#6406,#6460,#6540,#6568,#6761,#6786,#6862,
    #6911,#6961,#7009,#7058,#7108,#7158,#7185,#8750,#8942,#8992,#9042,
    #9163,#9270,#9405,#9453,#9552,#9579,#9604,#9675,#9794,#9844,#9893,
    #9941,#10057,#10106,#10113,#10119,#10224,#10353,#10360,#10434,#10445
    ,#10584,#10609,#10634,#10783,#10832,#10949,#10976,#11003,#11030,
    #11085,#11234,#11283,#11332,#11427,#11454,#11481,#11630,#11679,
    #11728,#11823,#11850,#11877,#11932,#12081,#12130,#12179,#12274,
    #12301,#12328,#12477,#12526,#12575,#12670,#12697,#12724,#12800,
    #12849,#12899,#12947,#12996,#13046,#13096,#13123,#13178,#13233,
    #13260,#13287,#13314,#13341,#13348,#13355,#13430,#13436,#13490,
    #13547,#13574,#13608,#13689,#13903,#13953,#14101,#14128,#14135,
    #14142,#14181,#14188,#14195,#14202,#14209,#14248,#14255,#14262,
    #14269,#14276,#14525,#14564,#14603,#14608,#14653,#14680,#14687,
    #14714,#14721,#14776,#14831,#14907,#14957,#15006,#15056,#15105,
    #15154,#15202,#15230,#15285,#15340,#15344,#15348,#15359,#15363));
#17 = ADVANCED_FACE('',(#18),#32,.T.);
#18 = FACE_BOUND('',#19,.T.);
#19 = EDGE_LOOP('',(#20,#55,#84,#112,#141,#169,#195,#221,#254,#280,#306,
    #339,#365,#391,#417,#443,#469,#502,#528,#554,#587,#613,#639));
#20 = ORIENTED_EDGE('',*,*,#21,.T.);
#21 = EDGE_CURVE('',#22,#24,#26,.T.);
#22 = VERTEX_POINT('',#23);
#23 = CARTESIAN_POINT('',(25.383739111465,-5.,0.44));
#24 = VERTEX_POINT('',#25);
#25 = CARTESIAN_POINT('',(53.5,-5.,0.44));
#26 = SURFACE_CURVE('',#27,(#31,#43),.PCURVE_S1.);
#27 = LINE('',#28,#29);
#28 = CARTESIAN_POINT('',(6.5,-5.,0.44));
#29 = VECTOR('',#30,1.);
#30 = DIRECTION('',(1.,0.,0.));
#31 = PCURVE('',#32,#37);
#32 = PLANE('',#33);
#33 = AXIS2_PLACEMENT_3D('',#34,#35,#36);
#34 = CARTESIAN_POINT('',(6.5,-5.,0.44));
#35 = DIRECTION('',(0.,0.,1.));
#36 = DIRECTION('',(1.,0.,0.));
#37 = DEFINITIONAL_REPRESENTATION('',(#38),#42);
#38 = LINE('',#39,#40);
#39 = CARTESIAN_POINT('',(0.,0.));
#40 = VECTOR('',#41,1.);
#41 = DIRECTION('',(1.,0.));
#42 = ( GEOMETRIC_REPRESENTATION_CONTEXT(2) 
PARAMETRIC_REPRESENTATION_CONTEXT() REPRESENTATION_CONTEXT('2D SPACE',''
  ) );
#43 = PCURVE('',#44,#49);
#44 = PLANE('',#45);
#45 = AXIS2_PLACEMENT_3D('',#46,#47,#48);
#46 = CARTESIAN_POINT('',(6.5,-5.,-8.5));
#47 = DIRECTION('',(0.,1.,0.));
#48 = DIRECTION('',(0.,0.,1.));
#49 = DEFINITIONAL_REPRESENTATION('',(#50),#54);
#50 = LINE('',#51,#52);
#51 = CARTESIAN_POINT('',(8.94,0.));
#52 = VECTOR('',#53,1.);
#53 = DIRECTION('',(0.,1.));
#54 = ( GEOMETRIC_REPRESENTATION_CONTEXT(2) 
PARAMETRIC_REPRESENTATION_CONTEXT() REPRESENTATION_CONTEXT('2D SPACE',''
  ) );
#55 = ORIENTED_EDGE('',*,*,#56,.T.);
#56 = EDGE_CURVE('',#24,#57,#59,.T.);
#57 = VERTEX_POINT('',#58);
#58 = CARTESIAN_POINT('',(64.5,6.,0.44));
#59 = SURFACE_CURVE('',#60,(#65,#72),.PCURVE_S1.);
#60 = CIRCLE('',#61,11.);
#61 = AXIS2_PLACEMENT_3D('',#62,#63,#64);
#62 = CARTESIAN_POINT('',(53.5,6.,0.44));
#63 = DIRECTION('',(0.,0.,1.));
#64 = DIRECTION('',(1.,0.,0.));
#65 = PCURVE('',#32,#66);
#66 = DEFINITIONAL_REPRESENTATION('',(#67),#71);
#67 = CIRCLE('',#68,11.);
#68 = AXIS2_PLACEMENT_2D('',#69,#70);
#69 = CARTESIAN_POINT('',(47.,11.));
#70 = DIRECTION('',(1.,0.));
#71 = ( GEOMETRIC_REPRESENTATION_CONTEXT(2) 
PARAMETRIC_REPRESENTATION_CONTEXT() REPRESENTATION_CONTEXT('2D SPACE',''
  ) );
#72 = PCURVE('',#73,#78);
#73 = CYLINDRICAL_SURFACE('',#74,11.);
#74 = AXIS2_PLACEMENT_3D('',#75,#76,#77);
#75 = CARTESIAN_POINT('',(53.5,6.,-8.5));
#76 = DIRECTION('',(-0.,-0.,-1.));
#77 = DIRECTION('',(1.,0.,0.));
#78 = DEFINITIONAL_REPRESENTATION('',(#79),#83);
#79 = LINE('',#80,#81);
#80 = CARTESIAN_POINT('',(-0.,-8.94));
#81 = VECTOR('',#82,1.);
#82 = DIRECTION('',(-1.,0.));
#83 = ( GEOMETRIC_REPRESENTATION_CONTEXT(2) 
PARAMETRIC_REPRESENTATION_CONTEXT() REPRESENTATION_CONTEXT('2D SPACE',''
  ) );
#84 = ORIENTED_EDGE('',*,*,#85,.T.);
#85 = EDGE_CURVE('',#57,#86,#88,.T.);
#86 = VERTEX_POINT('',#87);
#87 = CARTESIAN_POINT('',(64.5,99.,0.44));
#88 = SURFACE_CURVE('',#89,(#93,#100),.PCURVE_S1.);
#89 = LINE('',#90,#91);
#90 = CARTESIAN_POINT('',(64.5,6.,0.44));
#91 = VECTOR('',#92,1.);
#92 = DIRECTION('',(0.,1.,0.));
#93 = PCURVE('',#32,#94);
#94 = DEFINITIONAL_REPRESENTATION('',(#95),#99);
#95 = LINE('',#96,#97);
#96 = CARTESIAN_POINT('',(58.,11.));
#97 = VECTOR('',#98,1.);
#98 = DIRECTION('',(0.,1.));
#99 = ( GEOMETRIC_REPRESENTATION_CONTEXT(2) 
PARAMETRIC_REPRESENTATION_CONTEXT() REPRESENTATION_CONTEXT('2D SPACE',''
  ) );
#100 = PCURVE('',#101,#106);
#101 = PLANE('',#102);
#102 = AXIS2_PLACEMENT_3D('',#103,#104,#105);
#103 = CARTESIAN_POINT('',(64.5,6.,-8.5));
#104 = DIRECTION('',(1.,0.,0.));
#105 = DIRECTION('',(0.,0.,1.));
#106 = DEFINITIONAL_REPRESENTATION('',(#107),#111);
#107 = LINE('',#108,#109);
#108 = CARTESIAN_POINT('',(8.94,0.));
#109 = VECTOR('',#110,1.);
#110 = DIRECTION('',(0.,-1.));
#111 = ( GEOMETRIC_REPRESENTATION_CONTEXT(2) 
PARAMETRIC_REPRESENTATION_CONTEXT() REPRESENTATION_CONTEXT('2D SPACE',''
  ) );
#112 = ORIENTED_EDGE('',*,*,#113,.T.);
#113 = EDGE_CURVE('',#86,#114,#116,.T.);
#114 = VERTEX_POINT('',#115);
#115 = CARTESIAN_POINT('',(53.5,110.,0.44));
#116 = SURFACE_CURVE('',#117,(#122,#129),.PCURVE_S1.);
#117 = CIRCLE('',#118,11.);
#118 = AXIS2_PLACEMENT_3D('',#119,#120,#121);
#119 = CARTESIAN_POINT('',(53.5,99.,0.44));
#120 = DIRECTION('',(0.,0.,1.));
#121 = DIRECTION('',(1.,0.,0.));
#122 = PCURVE('',#32,#123);
#123 = DEFINITIONAL_REPRESENTATION('',(#124),#128);
#124 = CIRCLE('',#125,11.);
#125 = AXIS2_PLACEMENT_2D('',#126,#127);
#126 = CARTESIAN_POINT('',(47.,104.));
#127 = DIRECTION('',(1.,0.));
#128 = ( GEOMETRIC_REPRESENTATION_CONTEXT(2) 
PARAMETRIC_REPRESENTATION_CONTEXT() REPRESENTATION_CONTEXT('2D SPACE',''
  ) );
#129 = PCURVE('',#130,#135);
#130 = CYLINDRICAL_SURFACE('',#131,11.);
#131 = AXIS2_PLACEMENT_3D('',#132,#133,#134);
#132 = CARTESIAN_POINT('',(53.5,99.,-8.5));
#133 = DIRECTION('',(-0.,-0.,-1.));
#134 = DIRECTION('',(1.,0.,0.));
#135 = DEFINITIONAL_REPRESENTATION('',(#136),#140);
#136 = LINE('',#137,#138);
#137 = CARTESIAN_POINT('',(-0.,-8.94));
#138 = VECTOR('',#139,1.);
#139 = DIRECTION('',(-1.,0.));
#140 = ( GEOMETRIC_REPRESENTATION_CONTEXT(2) 
PARAMETRIC_REPRESENTATION_CONTEXT() REPRESENTATION_CONTEXT('2D SPACE',''
  ) );
#141 = ORIENTED_EDGE('',*,*,#142,.F.);
#142 = EDGE_CURVE('',#143,#114,#145,.T.);
#143 = VERTEX_POINT('',#144);
#144 = CARTESIAN_POINT('',(46.065,110.,0.44));
#145 = SURFACE_CURVE('',#146,(#150,#157),.PCURVE_S1.);
#146 = LINE('',#147,#148);
#147 = CARTESIAN_POINT('',(6.5,110.,0.44));
#148 = VECTOR('',#149,1.);
#149 = DIRECTION('',(1.,0.,0.));
#150 = PCURVE('',#32,#151);
#151 = DEFINITIONAL_REPRESENTATION('',(#152),#156);
#152 = LINE('',#153,#154);
#153 = CARTESIAN_POINT('',(0.,115.));
#154 = VECTOR('',#155,1.);
#155 = DIRECTION('',(1.,0.));
#156 = ( GEOMETRIC_REPRESENTATION_CONTEXT(2) 
PARAMETRIC_REPRESENTATION_CONTEXT() REPRESENTATION_CONTEXT('2D SPACE',''
  ) );
#157 = PCURVE('',#158,#163);
#158 = PLANE('',#159);
#159 = AXIS2_PLACEMENT_3D('',#160,#161,#162);
#160 = CARTESIAN_POINT('',(6.5,110.,-8.5));
#161 = DIRECTION('',(0.,1.,0.));
#162 = DIRECTION('',(0.,0.,1.));
#163 = DEFINITIONAL_REPRESENTATION('',(#164),#168);
#164 = LINE('',#165,#166);
#165 = CARTESIAN_POINT('',(8.94,0.));
#166 = VECTOR('',#167,1.);
#167 = DIRECTION('',(0.,1.));
#168 = ( GEOMETRIC_REPRESENTATION_CONTEXT(2) 
PARAMETRIC_REPRESENTATION_CONTEXT() REPRESENTATION_CONTEXT('2D SPACE',''
  ) );
#169 = ORIENTED_EDGE('',*,*,#170,.F.);
#170 = EDGE_CURVE('',#171,#143,#173,.T.);
#171 = VERTEX_POINT('',#172);
#172 = CARTESIAN_POINT('',(46.065,108.025,0.44));
#173 = SURFACE_CURVE('',#174,(#178,#184),.PCURVE_S1.);
#174 = LINE('',#175,#176);
#175 = CARTESIAN_POINT('',(46.065,50.,0.44));
#176 = VECTOR('',#177,1.);
#177 = DIRECTION('',(0.,1.,0.));
#178 = PCURVE('',#32,#179);
#179 = DEFINITIONAL_REPRESENTATION('',(#180),#183);
#180 = B_SPLINE_CURVE_WITH_KNOTS('',1,(#181,#182),.UNSPECIFIED.,.F.,.F.,
  (2,2),(55.,60.),.PIECEWISE_BEZIER_KNOTS.);
#181 = CARTESIAN_POINT('',(39.565,110.));
#182 = CARTESIAN_POINT('',(39.565,115.));
#183 = ( GEOMETRIC_REPRESENTATION_CONTEXT(2) 
PARAMETRIC_REPRESENTATION_CONTEXT() REPRESENTATION_CONTEXT('2D SPACE',''
  ) );
#184 = PCURVE('',#185,#190);
#185 = PLANE('',#186);
#186 = AXIS2_PLACEMENT_3D('',#187,#188,#189);
#187 = CARTESIAN_POINT('',(46.065,105.,-1.1));
#188 = DIRECTION('',(1.,0.,0.));
#189 = DIRECTION('',(0.,0.,1.));
#190 = DEFINITIONAL_REPRESENTATION('',(#191),#194);
#191 = B_SPLINE_CURVE_WITH_KNOTS('',1,(#192,#193),.UNSPECIFIED.,.F.,.F.,
  (2,2),(55.,60.),.PIECEWISE_BEZIER_KNOTS.);
#192 = CARTESIAN_POINT('',(1.54,0.));
#193 = CARTESIAN_POINT('',(1.54,-5.));
#194 = ( GEOMETRIC_REPRESENTATION_CONTEXT(2) 
PARAMETRIC_REPRESENTATION_CONTEXT() REPRESENTATION_CONTEXT('2D SPACE',''
  ) );
#195 = ORIENTED_EDGE('',*,*,#196,.F.);
#196 = EDGE_CURVE('',#197,#171,#199,.T.);
#197 = VERTEX_POINT('',#198);
#198 = CARTESIAN_POINT('',(53.505,108.025,0.44));
#199 = SURFACE_CURVE('',#200,(#204,#210),.PCURVE_S1.);
#200 = LINE('',#201,#202);
#201 = CARTESIAN_POINT('',(6.4975,108.025,0.44));
#202 = VECTOR('',#203,1.);
#203 = DIRECTION('',(-1.,0.,0.));
#204 = PCURVE('',#32,#205);
#205 = DEFINITIONAL_REPRESENTATION('',(#206),#209);
#206 = B_SPLINE_CURVE_WITH_KNOTS('',1,(#207,#208),.UNSPECIFIED.,.F.,.F.,
  (2,2),(-47.0075,2.500000000003E-03),.PIECEWISE_BEZIER_KNOTS.);
#207 = CARTESIAN_POINT('',(47.005,113.025));
#208 = CARTESIAN_POINT('',(-5.000000000006E-03,113.025));
#209 = ( GEOMETRIC_REPRESENTATION_CONTEXT(2) 
PARAMETRIC_REPRESENTATION_CONTEXT() REPRESENTATION_CONTEXT('2D SPACE',''
  ) );
#210 = PCURVE('',#211,#216);
#211 = PLANE('',#212);
#212 = AXIS2_PLACEMENT_3D('',#213,#214,#215);
#213 = CARTESIAN_POINT('',(6.495,108.025,0.35));
#214 = DIRECTION('',(0.,1.,0.));
#215 = DIRECTION('',(0.,0.,1.));
#216 = DEFINITIONAL_REPRESENTATION('',(#217),#220);
#217 = B_SPLINE_CURVE_WITH_KNOTS('',1,(#218,#219),.UNSPECIFIED.,.F.,.F.,
  (2,2),(-47.0075,2.500000000003E-03),.PIECEWISE_BEZIER_KNOTS.);
#218 = CARTESIAN_POINT('',(9.E-02,47.01));
#219 = CARTESIAN_POINT('',(9.E-02,0.));
#220 = ( GEOMETRIC_REPRESENTATION_CONTEXT(2) 
PARAMETRIC_REPRESENTATION_CONTEXT() REPRESENTATION_CONTEXT('2D SPACE',''
  ) );
#221 = ORIENTED_EDGE('',*,*,#222,.T.);
#222 = EDGE_CURVE('',#197,#223,#225,.T.);
#223 = VERTEX_POINT('',#224);
#224 = CARTESIAN_POINT('',(59.96513738244,105.3,0.44));
#225 = SURFACE_CURVE('',#226,(#231,#242),.PCURVE_S1.);
#226 = CIRCLE('',#227,9.02);
#227 = AXIS2_PLACEMENT_3D('',#228,#229,#230);
#228 = CARTESIAN_POINT('',(53.505,99.005,0.44));
#229 = DIRECTION('',(0.,0.,-1.));
#230 = DIRECTION('',(1.,0.,0.));
#231 = PCURVE('',#32,#232);
#232 = DEFINITIONAL_REPRESENTATION('',(#233),#241);
#233 = ( BOUNDED_CURVE() B_SPLINE_CURVE(2,(#234,#235,#236,#237,#238,#239
,#240),.UNSPECIFIED.,.T.,.F.) B_SPLINE_CURVE_WITH_KNOTS((1,2,2,2,2,1),(
    -2.094395102393,0.,2.094395102393,4.188790204786,6.28318530718,
8.377580409573),.UNSPECIFIED.) CURVE() GEOMETRIC_REPRESENTATION_ITEM() 
RATIONAL_B_SPLINE_CURVE((1.,0.5,1.,0.5,1.,0.5,1.)) REPRESENTATION_ITEM(
  '') );
#234 = CARTESIAN_POINT('',(56.025,104.005));
#235 = CARTESIAN_POINT('',(56.025,88.381901715729));
#236 = CARTESIAN_POINT('',(42.495,96.193450857864));
#237 = CARTESIAN_POINT('',(28.965,104.005));
#238 = CARTESIAN_POINT('',(42.495,111.81654914213));
#239 = CARTESIAN_POINT('',(56.025,119.62809828427));
#240 = CARTESIAN_POINT('',(56.025,104.005));
#241 = ( GEOMETRIC_REPRESENTATION_CONTEXT(2) 
PARAMETRIC_REPRESENTATION_CONTEXT() REPRESENTATION_CONTEXT('2D SPACE',''
  ) );
#242 = PCURVE('',#243,#248);
#243 = CYLINDRICAL_SURFACE('',#244,9.02);
#244 = AXIS2_PLACEMENT_3D('',#245,#246,#247);
#245 = CARTESIAN_POINT('',(53.505,99.005,0.35));
#246 = DIRECTION('',(-0.,-0.,-1.));
#247 = DIRECTION('',(1.,0.,0.));
#248 = DEFINITIONAL_REPRESENTATION('',(#249),#253);
#249 = LINE('',#250,#251);
#250 = CARTESIAN_POINT('',(-6.28318530718,-9.E-02));
#251 = VECTOR('',#252,1.);
#252 = DIRECTION('',(1.,-0.));
#253 = ( GEOMETRIC_REPRESENTATION_CONTEXT(2) 
PARAMETRIC_REPRESENTATION_CONTEXT() REPRESENTATION_CONTEXT('2D SPACE',''
  ) );
#254 = ORIENTED_EDGE('',*,*,#255,.F.);
#255 = EDGE_CURVE('',#256,#223,#258,.T.);
#256 = VERTEX_POINT('',#257);
#257 = CARTESIAN_POINT('',(60.3,105.3,0.44));
#258 = SURFACE_CURVE('',#259,(#263,#269),.PCURVE_S1.);
#259 = LINE('',#260,#261);
#260 = CARTESIAN_POINT('',(3.1,105.3,0.44));
#261 = VECTOR('',#262,1.);
#262 = DIRECTION('',(-1.,0.,0.));
#263 = PCURVE('',#32,#264);
#264 = DEFINITIONAL_REPRESENTATION('',(#265),#268);
#265 = B_SPLINE_CURVE_WITH_KNOTS('',1,(#266,#267),.UNSPECIFIED.,.F.,.F.,
  (2,2),(-57.2,3.4),.PIECEWISE_BEZIER_KNOTS.);
#266 = CARTESIAN_POINT('',(53.8,110.3));
#267 = CARTESIAN_POINT('',(-6.8,110.3));
#268 = ( GEOMETRIC_REPRESENTATION_CONTEXT(2) 
PARAMETRIC_REPRESENTATION_CONTEXT() REPRESENTATION_CONTEXT('2D SPACE',''
  ) );
#269 = PCURVE('',#270,#275);
#270 = PLANE('',#271);
#271 = AXIS2_PLACEMENT_3D('',#272,#273,#274);
#272 = CARTESIAN_POINT('',(-0.3,105.3,5.E-02));
#273 = DIRECTION('',(0.,1.,0.));
#274 = DIRECTION('',(0.,0.,1.));
#275 = DEFINITIONAL_REPRESENTATION('',(#276),#279);
#276 = B_SPLINE_CURVE_WITH_KNOTS('',1,(#277,#278),.UNSPECIFIED.,.F.,.F.,
  (2,2),(-57.2,3.4),.PIECEWISE_BEZIER_KNOTS.);
#277 = CARTESIAN_POINT('',(0.39,60.6));
#278 = CARTESIAN_POINT('',(0.39,0.));
#279 = ( GEOMETRIC_REPRESENTATION_CONTEXT(2) 
PARAMETRIC_REPRESENTATION_CONTEXT() REPRESENTATION_CONTEXT('2D SPACE',''
  ) );
#280 = ORIENTED_EDGE('',*,*,#281,.F.);
#281 = EDGE_CURVE('',#282,#256,#284,.T.);
#282 = VERTEX_POINT('',#283);
#283 = CARTESIAN_POINT('',(60.3,104.9369790121,0.44));
#284 = SURFACE_CURVE('',#285,(#289,#295),.PCURVE_S1.);
#285 = LINE('',#286,#287);
#286 = CARTESIAN_POINT('',(60.3,-2.65,0.44));
#287 = VECTOR('',#288,1.);
#288 = DIRECTION('',(0.,1.,0.));
#289 = PCURVE('',#32,#290);
#290 = DEFINITIONAL_REPRESENTATION('',(#291),#294);
#291 = B_SPLINE_CURVE_WITH_KNOTS('',1,(#292,#293),.UNSPECIFIED.,.F.,.F.,
  (2,2),(2.35,107.95),.PIECEWISE_BEZIER_KNOTS.);
#292 = CARTESIAN_POINT('',(53.8,4.7));
#293 = CARTESIAN_POINT('',(53.8,110.3));
#294 = ( GEOMETRIC_REPRESENTATION_CONTEXT(2) 
PARAMETRIC_REPRESENTATION_CONTEXT() REPRESENTATION_CONTEXT('2D SPACE',''
  ) );
#295 = PCURVE('',#296,#301);
#296 = PLANE('',#297);
#297 = AXIS2_PLACEMENT_3D('',#298,#299,#300);
#298 = CARTESIAN_POINT('',(60.3,-0.3,5.E-02));
#299 = DIRECTION('',(1.,0.,0.));
#300 = DIRECTION('',(0.,0.,1.));
#301 = DEFINITIONAL_REPRESENTATION('',(#302),#305);
#302 = B_SPLINE_CURVE_WITH_KNOTS('',1,(#303,#304),.UNSPECIFIED.,.F.,.F.,
  (2,2),(2.35,107.95),.PIECEWISE_BEZIER_KNOTS.);
#303 = CARTESIAN_POINT('',(0.39,0.));
#304 = CARTESIAN_POINT('',(0.39,-105.6));
#305 = ( GEOMETRIC_REPRESENTATION_CONTEXT(2) 
PARAMETRIC_REPRESENTATION_CONTEXT() REPRESENTATION_CONTEXT('2D SPACE',''
  ) );
#306 = ORIENTED_EDGE('',*,*,#307,.T.);
#307 = EDGE_CURVE('',#282,#308,#310,.T.);
#308 = VERTEX_POINT('',#309);
#309 = CARTESIAN_POINT('',(62.525,99.005,0.44));
#310 = SURFACE_CURVE('',#311,(#316,#327),.PCURVE_S1.);
#311 = CIRCLE('',#312,9.02);
#312 = AXIS2_PLACEMENT_3D('',#313,#314,#315);
#313 = CARTESIAN_POINT('',(53.505,99.005,0.44));
#314 = DIRECTION('',(0.,0.,-1.));
#315 = DIRECTION('',(1.,0.,0.));
#316 = PCURVE('',#32,#317);
#317 = DEFINITIONAL_REPRESENTATION('',(#318),#326);
#318 = ( BOUNDED_CURVE() B_SPLINE_CURVE(2,(#319,#320,#321,#322,#323,#324
,#325),.UNSPECIFIED.,.T.,.F.) B_SPLINE_CURVE_WITH_KNOTS((1,2,2,2,2,1),(
    -2.094395102393,0.,2.094395102393,4.188790204786,6.28318530718,
8.377580409573),.UNSPECIFIED.) CURVE() GEOMETRIC_REPRESENTATION_ITEM() 
RATIONAL_B_SPLINE_CURVE((1.,0.5,1.,0.5,1.,0.5,1.)) REPRESENTATION_ITEM(
  '') );
#319 = CARTESIAN_POINT('',(56.025,104.005));
#320 = CARTESIAN_POINT('',(56.025,88.381901715729));
#321 = CARTESIAN_POINT('',(42.495,96.193450857864));
#322 = CARTESIAN_POINT('',(28.965,104.005));
#323 = CARTESIAN_POINT('',(42.495,111.81654914213));
#324 = CARTESIAN_POINT('',(56.025,119.62809828427));
#325 = CARTESIAN_POINT('',(56.025,104.005));
#326 = ( GEOMETRIC_REPRESENTATION_CONTEXT(2) 
PARAMETRIC_REPRESENTATION_CONTEXT() REPRESENTATION_CONTEXT('2D SPACE',''
  ) );
#327 = PCURVE('',#328,#333);
#328 = CYLINDRICAL_SURFACE('',#329,9.02);
#329 = AXIS2_PLACEMENT_3D('',#330,#331,#332);
#330 = CARTESIAN_POINT('',(53.505,99.005,0.35));
#331 = DIRECTION('',(-0.,-0.,-1.));
#332 = DIRECTION('',(1.,0.,0.));
#333 = DEFINITIONAL_REPRESENTATION('',(#334),#338);
#334 = LINE('',#335,#336);
#335 = CARTESIAN_POINT('',(-6.28318530718,-9.E-02));
#336 = VECTOR('',#337,1.);
#337 = DIRECTION('',(1.,-0.));
#338 = ( GEOMETRIC_REPRESENTATION_CONTEXT(2) 
PARAMETRIC_REPRESENTATION_CONTEXT() REPRESENTATION_CONTEXT('2D SPACE',''
  ) );
#339 = ORIENTED_EDGE('',*,*,#340,.F.);
#340 = EDGE_CURVE('',#341,#308,#343,.T.);
#341 = VERTEX_POINT('',#342);
#342 = CARTESIAN_POINT('',(62.525,70.55,0.44));
#343 = SURFACE_CURVE('',#344,(#348,#354),.PCURVE_S1.);
#344 = LINE('',#345,#346);
#345 = CARTESIAN_POINT('',(62.525,0.4975,0.44));
#346 = VECTOR('',#347,1.);
#347 = DIRECTION('',(0.,1.,0.));
#348 = PCURVE('',#32,#349);
#349 = DEFINITIONAL_REPRESENTATION('',(#350),#353);
#350 = B_SPLINE_CURVE_WITH_KNOTS('',1,(#351,#352),.UNSPECIFIED.,.F.,.F.,
  (2,2),(5.4975,98.5075),.PIECEWISE_BEZIER_KNOTS.);
#351 = CARTESIAN_POINT('',(56.025,10.995));
#352 = CARTESIAN_POINT('',(56.025,104.005));
#353 = ( GEOMETRIC_REPRESENTATION_CONTEXT(2) 
PARAMETRIC_REPRESENTATION_CONTEXT() REPRESENTATION_CONTEXT('2D SPACE',''
  ) );
#354 = PCURVE('',#355,#360);
#355 = PLANE('',#356);
#356 = AXIS2_PLACEMENT_3D('',#357,#358,#359);
#357 = CARTESIAN_POINT('',(62.525,5.995,0.35));
#358 = DIRECTION('',(1.,0.,0.));
#359 = DIRECTION('',(0.,0.,1.));
#360 = DEFINITIONAL_REPRESENTATION('',(#361),#364);
#361 = B_SPLINE_CURVE_WITH_KNOTS('',1,(#362,#363),.UNSPECIFIED.,.F.,.F.,
  (2,2),(5.4975,98.5075),.PIECEWISE_BEZIER_KNOTS.);
#362 = CARTESIAN_POINT('',(9.E-02,0.));
#363 = CARTESIAN_POINT('',(9.E-02,-93.01));
#364 = ( GEOMETRIC_REPRESENTATION_CONTEXT(2) 
PARAMETRIC_REPRESENTATION_CONTEXT() REPRESENTATION_CONTEXT('2D SPACE',''
  ) );
#365 = ORIENTED_EDGE('',*,*,#366,.F.);
#366 = EDGE_CURVE('',#367,#341,#369,.T.);
#367 = VERTEX_POINT('',#368);
#368 = CARTESIAN_POINT('',(63.7,70.55,0.44));
#369 = SURFACE_CURVE('',#370,(#374,#380),.PCURVE_S1.);
#370 = LINE('',#371,#372);
#371 = CARTESIAN_POINT('',(32.6,70.55,0.44));
#372 = VECTOR('',#373,1.);
#373 = DIRECTION('',(-1.,0.,0.));
#374 = PCURVE('',#32,#375);
#375 = DEFINITIONAL_REPRESENTATION('',(#376),#379);
#376 = B_SPLINE_CURVE_WITH_KNOTS('',1,(#377,#378),.UNSPECIFIED.,.F.,.F.,
  (2,2),(-31.1,-26.1),.PIECEWISE_BEZIER_KNOTS.);
#377 = CARTESIAN_POINT('',(57.2,75.55));
#378 = CARTESIAN_POINT('',(52.2,75.55));
#379 = ( GEOMETRIC_REPRESENTATION_CONTEXT(2) 
PARAMETRIC_REPRESENTATION_CONTEXT() REPRESENTATION_CONTEXT('2D SPACE',''
  ) );
#380 = PCURVE('',#381,#386);
#381 = PLANE('',#382);
#382 = AXIS2_PLACEMENT_3D('',#383,#384,#385);
#383 = CARTESIAN_POINT('',(58.7,70.55,-1.55));
#384 = DIRECTION('',(0.,1.,0.));
#385 = DIRECTION('',(0.,0.,1.));
#386 = DEFINITIONAL_REPRESENTATION('',(#387),#390);
#387 = B_SPLINE_CURVE_WITH_KNOTS('',1,(#388,#389),.UNSPECIFIED.,.F.,.F.,
  (2,2),(-31.1,-26.1),.PIECEWISE_BEZIER_KNOTS.);
#388 = CARTESIAN_POINT('',(1.99,5.));
#389 = CARTESIAN_POINT('',(1.99,0.));
#390 = ( GEOMETRIC_REPRESENTATION_CONTEXT(2) 
PARAMETRIC_REPRESENTATION_CONTEXT() REPRESENTATION_CONTEXT('2D SPACE',''
  ) );
#391 = ORIENTED_EDGE('',*,*,#392,.F.);
#392 = EDGE_CURVE('',#393,#367,#395,.T.);
#393 = VERTEX_POINT('',#394);
#394 = CARTESIAN_POINT('',(63.7,62.55,0.44));
#395 = SURFACE_CURVE('',#396,(#400,#406),.PCURVE_S1.);
#396 = LINE('',#397,#398);
#397 = CARTESIAN_POINT('',(63.7,28.775,0.44));
#398 = VECTOR('',#399,1.);
#399 = DIRECTION('',(0.,1.,0.));
#400 = PCURVE('',#32,#401);
#401 = DEFINITIONAL_REPRESENTATION('',(#402),#405);
#402 = B_SPLINE_CURVE_WITH_KNOTS('',1,(#403,#404),.UNSPECIFIED.,.F.,.F.,
  (2,2),(33.775,41.775),.PIECEWISE_BEZIER_KNOTS.);
#403 = CARTESIAN_POINT('',(57.2,67.55));
#404 = CARTESIAN_POINT('',(57.2,75.55));
#405 = ( GEOMETRIC_REPRESENTATION_CONTEXT(2) 
PARAMETRIC_REPRESENTATION_CONTEXT() REPRESENTATION_CONTEXT('2D SPACE',''
  ) );
#406 = PCURVE('',#407,#412);
#407 = PLANE('',#408);
#408 = AXIS2_PLACEMENT_3D('',#409,#410,#411);
#409 = CARTESIAN_POINT('',(63.7,62.55,-1.55));
#410 = DIRECTION('',(1.,0.,0.));
#411 = DIRECTION('',(0.,0.,1.));
#412 = DEFINITIONAL_REPRESENTATION('',(#413),#416);
#413 = B_SPLINE_CURVE_WITH_KNOTS('',1,(#414,#415),.UNSPECIFIED.,.F.,.F.,
  (2,2),(33.775,41.775),.PIECEWISE_BEZIER_KNOTS.);
#414 = CARTESIAN_POINT('',(1.99,0.));
#415 = CARTESIAN_POINT('',(1.99,-8.));
#416 = ( GEOMETRIC_REPRESENTATION_CONTEXT(2) 
PARAMETRIC_REPRESENTATION_CONTEXT() REPRESENTATION_CONTEXT('2D SPACE',''
  ) );
#417 = ORIENTED_EDGE('',*,*,#418,.T.);
#418 = EDGE_CURVE('',#393,#419,#421,.T.);
#419 = VERTEX_POINT('',#420);
#420 = CARTESIAN_POINT('',(62.525,62.55,0.44));
#421 = SURFACE_CURVE('',#422,(#426,#432),.PCURVE_S1.);
#422 = LINE('',#423,#424);
#423 = CARTESIAN_POINT('',(32.6,62.55,0.44));
#424 = VECTOR('',#425,1.);
#425 = DIRECTION('',(-1.,0.,0.));
#426 = PCURVE('',#32,#427);
#427 = DEFINITIONAL_REPRESENTATION('',(#428),#431);
#428 = B_SPLINE_CURVE_WITH_KNOTS('',1,(#429,#430),.UNSPECIFIED.,.F.,.F.,
  (2,2),(-31.1,-26.1),.PIECEWISE_BEZIER_KNOTS.);
#429 = CARTESIAN_POINT('',(57.2,67.55));
#430 = CARTESIAN_POINT('',(52.2,67.55));
#431 = ( GEOMETRIC_REPRESENTATION_CONTEXT(2) 
PARAMETRIC_REPRESENTATION_CONTEXT() REPRESENTATION_CONTEXT('2D SPACE',''
  ) );
#432 = PCURVE('',#433,#438);
#433 = PLANE('',#434);
#434 = AXIS2_PLACEMENT_3D('',#435,#436,#437);
#435 = CARTESIAN_POINT('',(58.7,62.55,-1.55));
#436 = DIRECTION('',(0.,1.,0.));
#437 = DIRECTION('',(0.,0.,1.));
#438 = DEFINITIONAL_REPRESENTATION('',(#439),#442);
#439 = B_SPLINE_CURVE_WITH_KNOTS('',1,(#440,#441),.UNSPECIFIED.,.F.,.F.,
  (2,2),(-31.1,-26.1),.PIECEWISE_BEZIER_KNOTS.);
#440 = CARTESIAN_POINT('',(1.99,5.));
#441 = CARTESIAN_POINT('',(1.99,0.));
#442 = ( GEOMETRIC_REPRESENTATION_CONTEXT(2) 
PARAMETRIC_REPRESENTATION_CONTEXT() REPRESENTATION_CONTEXT('2D SPACE',''
  ) );
#443 = ORIENTED_EDGE('',*,*,#444,.F.);
#444 = EDGE_CURVE('',#445,#419,#447,.T.);
#445 = VERTEX_POINT('',#446);
#446 = CARTESIAN_POINT('',(62.525,5.995,0.44));
#447 = SURFACE_CURVE('',#448,(#452,#458),.PCURVE_S1.);
#448 = LINE('',#449,#450);
#449 = CARTESIAN_POINT('',(62.525,0.4975,0.44));
#450 = VECTOR('',#451,1.);
#451 = DIRECTION('',(0.,1.,0.));
#452 = PCURVE('',#32,#453);
#453 = DEFINITIONAL_REPRESENTATION('',(#454),#457);
#454 = B_SPLINE_CURVE_WITH_KNOTS('',1,(#455,#456),.UNSPECIFIED.,.F.,.F.,
  (2,2),(5.4975,98.5075),.PIECEWISE_BEZIER_KNOTS.);
#455 = CARTESIAN_POINT('',(56.025,10.995));
#456 = CARTESIAN_POINT('',(56.025,104.005));
#457 = ( GEOMETRIC_REPRESENTATION_CONTEXT(2) 
PARAMETRIC_REPRESENTATION_CONTEXT() REPRESENTATION_CONTEXT('2D SPACE',''
  ) );
#458 = PCURVE('',#459,#464);
#459 = PLANE('',#460);
#460 = AXIS2_PLACEMENT_3D('',#461,#462,#463);
#461 = CARTESIAN_POINT('',(62.525,5.995,0.35));
#462 = DIRECTION('',(1.,0.,0.));
#463 = DIRECTION('',(0.,0.,1.));
#464 = DEFINITIONAL_REPRESENTATION('',(#465),#468);
#465 = B_SPLINE_CURVE_WITH_KNOTS('',1,(#466,#467),.UNSPECIFIED.,.F.,.F.,
  (2,2),(5.4975,98.5075),.PIECEWISE_BEZIER_KNOTS.);
#466 = CARTESIAN_POINT('',(9.E-02,0.));
#467 = CARTESIAN_POINT('',(9.E-02,-93.01));
#468 = ( GEOMETRIC_REPRESENTATION_CONTEXT(2) 
PARAMETRIC_REPRESENTATION_CONTEXT() REPRESENTATION_CONTEXT('2D SPACE',''
  ) );
#469 = ORIENTED_EDGE('',*,*,#470,.T.);
#470 = EDGE_CURVE('',#445,#471,#473,.T.);
#471 = VERTEX_POINT('',#472);
#472 = CARTESIAN_POINT('',(60.3,6.302098789955E-02,0.44));
#473 = SURFACE_CURVE('',#474,(#479,#490),.PCURVE_S1.);
#474 = CIRCLE('',#475,9.02);
#475 = AXIS2_PLACEMENT_3D('',#476,#477,#478);
#476 = CARTESIAN_POINT('',(53.505,5.995,0.44));
#477 = DIRECTION('',(0.,0.,-1.));
#478 = DIRECTION('',(1.,0.,0.));
#479 = PCURVE('',#32,#480);
#480 = DEFINITIONAL_REPRESENTATION('',(#481),#489);
#481 = ( BOUNDED_CURVE() B_SPLINE_CURVE(2,(#482,#483,#484,#485,#486,#487
,#488),.UNSPECIFIED.,.T.,.F.) B_SPLINE_CURVE_WITH_KNOTS((1,2,2,2,2,1),(
    -2.094395102393,0.,2.094395102393,4.188790204786,6.28318530718,
8.377580409573),.UNSPECIFIED.) CURVE() GEOMETRIC_REPRESENTATION_ITEM() 
RATIONAL_B_SPLINE_CURVE((1.,0.5,1.,0.5,1.,0.5,1.)) REPRESENTATION_ITEM(
  '') );
#482 = CARTESIAN_POINT('',(56.025,10.995));
#483 = CARTESIAN_POINT('',(56.025,-4.628098284271));
#484 = CARTESIAN_POINT('',(42.495,3.183450857864));
#485 = CARTESIAN_POINT('',(28.965,10.995));
#486 = CARTESIAN_POINT('',(42.495,18.806549142136));
#487 = CARTESIAN_POINT('',(56.025,26.618098284271));
#488 = CARTESIAN_POINT('',(56.025,10.995));
#489 = ( GEOMETRIC_REPRESENTATION_CONTEXT(2) 
PARAMETRIC_REPRESENTATION_CONTEXT() REPRESENTATION_CONTEXT('2D SPACE',''
  ) );
#490 = PCURVE('',#491,#496);
#491 = CYLINDRICAL_SURFACE('',#492,9.02);
#492 = AXIS2_PLACEMENT_3D('',#493,#494,#495);
#493 = CARTESIAN_POINT('',(53.505,5.995,0.35));
#494 = DIRECTION('',(-0.,-0.,-1.));
#495 = DIRECTION('',(1.,0.,0.));
#496 = DEFINITIONAL_REPRESENTATION('',(#497),#501);
#497 = LINE('',#498,#499);
#498 = CARTESIAN_POINT('',(-6.28318530718,-9.E-02));
#499 = VECTOR('',#500,1.);
#500 = DIRECTION('',(1.,-0.));
#501 = ( GEOMETRIC_REPRESENTATION_CONTEXT(2) 
PARAMETRIC_REPRESENTATION_CONTEXT() REPRESENTATION_CONTEXT('2D SPACE',''
  ) );
#502 = ORIENTED_EDGE('',*,*,#503,.F.);
#503 = EDGE_CURVE('',#504,#471,#506,.T.);
#504 = VERTEX_POINT('',#505);
#505 = CARTESIAN_POINT('',(60.3,-0.3,0.44));
#506 = SURFACE_CURVE('',#507,(#511,#517),.PCURVE_S1.);
#507 = LINE('',#508,#509);
#508 = CARTESIAN_POINT('',(60.3,-2.65,0.44));
#509 = VECTOR('',#510,1.);
#510 = DIRECTION('',(0.,1.,0.));
#511 = PCURVE('',#32,#512);
#512 = DEFINITIONAL_REPRESENTATION('',(#513),#516);
#513 = B_SPLINE_CURVE_WITH_KNOTS('',1,(#514,#515),.UNSPECIFIED.,.F.,.F.,
  (2,2),(2.35,107.95),.PIECEWISE_BEZIER_KNOTS.);
#514 = CARTESIAN_POINT('',(53.8,4.7));
#515 = CARTESIAN_POINT('',(53.8,110.3));
#516 = ( GEOMETRIC_REPRESENTATION_CONTEXT(2) 
PARAMETRIC_REPRESENTATION_CONTEXT() REPRESENTATION_CONTEXT('2D SPACE',''
  ) );
#517 = PCURVE('',#518,#523);
#518 = PLANE('',#519);
#519 = AXIS2_PLACEMENT_3D('',#520,#521,#522);
#520 = CARTESIAN_POINT('',(60.3,-0.3,5.E-02));
#521 = DIRECTION('',(1.,0.,0.));
#522 = DIRECTION('',(0.,0.,1.));
#523 = DEFINITIONAL_REPRESENTATION('',(#524),#527);
#524 = B_SPLINE_CURVE_WITH_KNOTS('',1,(#525,#526),.UNSPECIFIED.,.F.,.F.,
  (2,2),(2.35,107.95),.PIECEWISE_BEZIER_KNOTS.);
#525 = CARTESIAN_POINT('',(0.39,0.));
#526 = CARTESIAN_POINT('',(0.39,-105.6));
#527 = ( GEOMETRIC_REPRESENTATION_CONTEXT(2) 
PARAMETRIC_REPRESENTATION_CONTEXT() REPRESENTATION_CONTEXT('2D SPACE',''
  ) );
#528 = ORIENTED_EDGE('',*,*,#529,.T.);
#529 = EDGE_CURVE('',#504,#530,#532,.T.);
#530 = VERTEX_POINT('',#531);
#531 = CARTESIAN_POINT('',(59.96513738244,-0.3,0.44));
#532 = SURFACE_CURVE('',#533,(#537,#543),.PCURVE_S1.);
#533 = LINE('',#534,#535);
#534 = CARTESIAN_POINT('',(3.1,-0.3,0.44));
#535 = VECTOR('',#536,1.);
#536 = DIRECTION('',(-1.,0.,0.));
#537 = PCURVE('',#32,#538);
#538 = DEFINITIONAL_REPRESENTATION('',(#539),#542);
#539 = B_SPLINE_CURVE_WITH_KNOTS('',1,(#540,#541),.UNSPECIFIED.,.F.,.F.,
  (2,2),(-57.2,3.4),.PIECEWISE_BEZIER_KNOTS.);
#540 = CARTESIAN_POINT('',(53.8,4.7));
#541 = CARTESIAN_POINT('',(-6.8,4.7));
#542 = ( GEOMETRIC_REPRESENTATION_CONTEXT(2) 
PARAMETRIC_REPRESENTATION_CONTEXT() REPRESENTATION_CONTEXT('2D SPACE',''
  ) );
#543 = PCURVE('',#544,#549);
#544 = PLANE('',#545);
#545 = AXIS2_PLACEMENT_3D('',#546,#547,#548);
#546 = CARTESIAN_POINT('',(-0.3,-0.3,5.E-02));
#547 = DIRECTION('',(0.,1.,0.));
#548 = DIRECTION('',(0.,0.,1.));
#549 = DEFINITIONAL_REPRESENTATION('',(#550),#553);
#550 = B_SPLINE_CURVE_WITH_KNOTS('',1,(#551,#552),.UNSPECIFIED.,.F.,.F.,
  (2,2),(-57.2,3.4),.PIECEWISE_BEZIER_KNOTS.);
#551 = CARTESIAN_POINT('',(0.39,60.6));
#552 = CARTESIAN_POINT('',(0.39,0.));
#553 = ( GEOMETRIC_REPRESENTATION_CONTEXT(2) 
PARAMETRIC_REPRESENTATION_CONTEXT() REPRESENTATION_CONTEXT('2D SPACE',''
  ) );
#554 = ORIENTED_EDGE('',*,*,#555,.T.);
#555 = EDGE_CURVE('',#530,#556,#558,.T.);
#556 = VERTEX_POINT('',#557);
#557 = CARTESIAN_POINT('',(53.505,-3.025,0.44));
#558 = SURFACE_CURVE('',#559,(#564,#575),.PCURVE_S1.);
#559 = CIRCLE('',#560,9.02);
#560 = AXIS2_PLACEMENT_3D('',#561,#562,#563);
#561 = CARTESIAN_POINT('',(53.505,5.995,0.44));
#562 = DIRECTION('',(0.,0.,-1.));
#563 = DIRECTION('',(1.,0.,0.));
#564 = PCURVE('',#32,#565);
#565 = DEFINITIONAL_REPRESENTATION('',(#566),#574);
#566 = ( BOUNDED_CURVE() B_SPLINE_CURVE(2,(#567,#568,#569,#570,#571,#572
,#573),.UNSPECIFIED.,.T.,.F.) B_SPLINE_CURVE_WITH_KNOTS((1,2,2,2,2,1),(
    -2.094395102393,0.,2.094395102393,4.188790204786,6.28318530718,
8.377580409573),.UNSPECIFIED.) CURVE() GEOMETRIC_REPRESENTATION_ITEM() 
RATIONAL_B_SPLINE_CURVE((1.,0.5,1.,0.5,1.,0.5,1.)) REPRESENTATION_ITEM(
  '') );
#567 = CARTESIAN_POINT('',(56.025,10.995));
#568 = CARTESIAN_POINT('',(56.025,-4.628098284271));
#569 = CARTESIAN_POINT('',(42.495,3.183450857864));
#570 = CARTESIAN_POINT('',(28.965,10.995));
#571 = CARTESIAN_POINT('',(42.495,18.806549142136));
#572 = CARTESIAN_POINT('',(56.025,26.618098284271));
#573 = CARTESIAN_POINT('',(56.025,10.995));
#574 = ( GEOMETRIC_REPRESENTATION_CONTEXT(2) 
PARAMETRIC_REPRESENTATION_CONTEXT() REPRESENTATION_CONTEXT('2D SPACE',''
  ) );
#575 = PCURVE('',#576,#581);
#576 = CYLINDRICAL_SURFACE('',#577,9.02);
#577 = AXIS2_PLACEMENT_3D('',#578,#579,#580);
#578 = CARTESIAN_POINT('',(53.505,5.995,0.35));
#579 = DIRECTION('',(-0.,-0.,-1.));
#580 = DIRECTION('',(1.,0.,0.));
#581 = DEFINITIONAL_REPRESENTATION('',(#582),#586);
#582 = LINE('',#583,#584);
#583 = CARTESIAN_POINT('',(-6.28318530718,-9.E-02));
#584 = VECTOR('',#585,1.);
#585 = DIRECTION('',(1.,-0.));
#586 = ( GEOMETRIC_REPRESENTATION_CONTEXT(2) 
PARAMETRIC_REPRESENTATION_CONTEXT() REPRESENTATION_CONTEXT('2D SPACE',''
  ) );
#587 = ORIENTED_EDGE('',*,*,#588,.T.);
#588 = EDGE_CURVE('',#556,#589,#591,.T.);
#589 = VERTEX_POINT('',#590);
#590 = CARTESIAN_POINT('',(25.39,-3.025,0.44));
#591 = SURFACE_CURVE('',#592,(#596,#602),.PCURVE_S1.);
#592 = LINE('',#593,#594);
#593 = CARTESIAN_POINT('',(6.4975,-3.025,0.44));
#594 = VECTOR('',#595,1.);
#595 = DIRECTION('',(-1.,0.,0.));
#596 = PCURVE('',#32,#597);
#597 = DEFINITIONAL_REPRESENTATION('',(#598),#601);
#598 = B_SPLINE_CURVE_WITH_KNOTS('',1,(#599,#600),.UNSPECIFIED.,.F.,.F.,
  (2,2),(-47.0075,2.500000000003E-03),.PIECEWISE_BEZIER_KNOTS.);
#599 = CARTESIAN_POINT('',(47.005,1.975));
#600 = CARTESIAN_POINT('',(-5.000000000006E-03,1.975));
#601 = ( GEOMETRIC_REPRESENTATION_CONTEXT(2) 
PARAMETRIC_REPRESENTATION_CONTEXT() REPRESENTATION_CONTEXT('2D SPACE',''
  ) );
#602 = PCURVE('',#603,#608);
#603 = PLANE('',#604);
#604 = AXIS2_PLACEMENT_3D('',#605,#606,#607);
#605 = CARTESIAN_POINT('',(6.495,-3.025,0.35));
#606 = DIRECTION('',(0.,1.,0.));
#607 = DIRECTION('',(0.,0.,1.));
#608 = DEFINITIONAL_REPRESENTATION('',(#609),#612);
#609 = B_SPLINE_CURVE_WITH_KNOTS('',1,(#610,#611),.UNSPECIFIED.,.F.,.F.,
  (2,2),(-47.0075,2.500000000003E-03),.PIECEWISE_BEZIER_KNOTS.);
#610 = CARTESIAN_POINT('',(9.E-02,47.01));
#611 = CARTESIAN_POINT('',(9.E-02,0.));
#612 = ( GEOMETRIC_REPRESENTATION_CONTEXT(2) 
PARAMETRIC_REPRESENTATION_CONTEXT() REPRESENTATION_CONTEXT('2D SPACE',''
  ) );
#613 = ORIENTED_EDGE('',*,*,#614,.F.);
#614 = EDGE_CURVE('',#615,#589,#617,.T.);
#615 = VERTEX_POINT('',#616);
#616 = CARTESIAN_POINT('',(25.39,-4.85,0.44));
#617 = SURFACE_CURVE('',#618,(#622,#628),.PCURVE_S1.);
#618 = LINE('',#619,#620);
#619 = CARTESIAN_POINT('',(25.39,-4.925,0.44));
#620 = VECTOR('',#621,1.);
#621 = DIRECTION('',(0.,1.,0.));
#622 = PCURVE('',#32,#623);
#623 = DEFINITIONAL_REPRESENTATION('',(#624),#627);
#624 = B_SPLINE_CURVE_WITH_KNOTS('',1,(#625,#626),.UNSPECIFIED.,.F.,.F.,
  (2,2),(7.5E-02,4.975),.PIECEWISE_BEZIER_KNOTS.);
#625 = CARTESIAN_POINT('',(18.89,0.15));
#626 = CARTESIAN_POINT('',(18.89,5.05));
#627 = ( GEOMETRIC_REPRESENTATION_CONTEXT(2) 
PARAMETRIC_REPRESENTATION_CONTEXT() REPRESENTATION_CONTEXT('2D SPACE',''
  ) );
#628 = PCURVE('',#629,#634);
#629 = PLANE('',#630);
#630 = AXIS2_PLACEMENT_3D('',#631,#632,#633);
#631 = CARTESIAN_POINT('',(25.39,-4.85,-1.3));
#632 = DIRECTION('',(1.,0.,0.));
#633 = DIRECTION('',(0.,0.,1.));
#634 = DEFINITIONAL_REPRESENTATION('',(#635),#638);
#635 = B_SPLINE_CURVE_WITH_KNOTS('',1,(#636,#637),.UNSPECIFIED.,.F.,.F.,
  (2,2),(7.5E-02,4.975),.PIECEWISE_BEZIER_KNOTS.);
#636 = CARTESIAN_POINT('',(1.74,0.));
#637 = CARTESIAN_POINT('',(1.74,-4.9));
#638 = ( GEOMETRIC_REPRESENTATION_CONTEXT(2) 
PARAMETRIC_REPRESENTATION_CONTEXT() REPRESENTATION_CONTEXT('2D SPACE',''
  ) );
#639 = ORIENTED_EDGE('',*,*,#640,.T.);
#640 = EDGE_CURVE('',#615,#22,#641,.T.);
#641 = SURFACE_CURVE('',#642,(#647,#658),.PCURVE_S1.);
#642 = CIRCLE('',#643,1.8);
#643 = AXIS2_PLACEMENT_3D('',#644,#645,#646);
#644 = CARTESIAN_POINT('',(23.59,-4.85,0.44));
#645 = DIRECTION('',(0.,0.,-1.));
#646 = DIRECTION('',(1.,0.,0.));
#647 = PCURVE('',#32,#648);
#648 = DEFINITIONAL_REPRESENTATION('',(#649),#657);
#649 = ( BOUNDED_CURVE() B_SPLINE_CURVE(2,(#650,#651,#652,#653,#654,#655
,#656),.UNSPECIFIED.,.T.,.F.) B_SPLINE_CURVE_WITH_KNOTS((1,2,2,2,2,1),(
    -2.094395102393,0.,2.094395102393,4.188790204786,6.28318530718,
8.377580409573),.UNSPECIFIED.) CURVE() GEOMETRIC_REPRESENTATION_ITEM() 
RATIONAL_B_SPLINE_CURVE((1.,0.5,1.,0.5,1.,0.5,1.)) REPRESENTATION_ITEM(
  '') );
#650 = CARTESIAN_POINT('',(18.89,0.15));
#651 = CARTESIAN_POINT('',(18.89,-2.967691453624));
#652 = CARTESIAN_POINT('',(16.19,-1.408845726812));
#653 = CARTESIAN_POINT('',(13.49,0.15));
#654 = CARTESIAN_POINT('',(16.19,1.708845726812));
#655 = CARTESIAN_POINT('',(18.89,3.267691453624));
#656 = CARTESIAN_POINT('',(18.89,0.15));
#657 = ( GEOMETRIC_REPRESENTATION_CONTEXT(2) 
PARAMETRIC_REPRESENTATION_CONTEXT() REPRESENTATION_CONTEXT('2D SPACE',''
  ) );
#658 = PCURVE('',#659,#664);
#659 = CYLINDRICAL_SURFACE('',#660,1.8);
#660 = AXIS2_PLACEMENT_3D('',#661,#662,#663);
#661 = CARTESIAN_POINT('',(23.59,-4.85,-1.3));
#662 = DIRECTION('',(-0.,-0.,-1.));
#663 = DIRECTION('',(1.,0.,0.));
#664 = DEFINITIONAL_REPRESENTATION('',(#665),#669);
#665 = LINE('',#666,#667);
#666 = CARTESIAN_POINT('',(-6.28318530718,-1.74));
#667 = VECTOR('',#668,1.);
#668 = DIRECTION('',(1.,-0.));
#669 = ( GEOMETRIC_REPRESENTATION_CONTEXT(2) 
PARAMETRIC_REPRESENTATION_CONTEXT() REPRESENTATION_CONTEXT('2D SPACE',''
  ) );
#670 = ADVANCED_FACE('',(#671),#44,.F.);
#671 = FACE_BOUND('',#672,.F.);
#672 = EDGE_LOOP('',(#673,#674,#697,#725,#753,#782,#810,#836,#862));
#673 = ORIENTED_EDGE('',*,*,#21,.T.);
#674 = ORIENTED_EDGE('',*,*,#675,.F.);
#675 = EDGE_CURVE('',#676,#24,#678,.T.);
#676 = VERTEX_POINT('',#677);
#677 = CARTESIAN_POINT('',(53.5,-5.,-8.5));
#678 = SURFACE_CURVE('',#679,(#683,#690),.PCURVE_S1.);
#679 = LINE('',#680,#681);
#680 = CARTESIAN_POINT('',(53.5,-5.,-8.5));
#681 = VECTOR('',#682,1.);
#682 = DIRECTION('',(0.,0.,1.));
#683 = PCURVE('',#44,#684);
#684 = DEFINITIONAL_REPRESENTATION('',(#685),#689);
#685 = LINE('',#686,#687);
#686 = CARTESIAN_POINT('',(0.,47.));
#687 = VECTOR('',#688,1.);
#688 = DIRECTION('',(1.,0.));
#689 = ( GEOMETRIC_REPRESENTATION_CONTEXT(2) 
PARAMETRIC_REPRESENTATION_CONTEXT() REPRESENTATION_CONTEXT('2D SPACE',''
  ) );
#690 = PCURVE('',#73,#691);
#691 = DEFINITIONAL_REPRESENTATION('',(#692),#696);
#692 = LINE('',#693,#694);
#693 = CARTESIAN_POINT('',(-4.712388980385,0.));
#694 = VECTOR('',#695,1.);
#695 = DIRECTION('',(-0.,-1.));
#696 = ( GEOMETRIC_REPRESENTATION_CONTEXT(2) 
PARAMETRIC_REPRESENTATION_CONTEXT() REPRESENTATION_CONTEXT('2D SPACE',''
  ) );
#697 = ORIENTED_EDGE('',*,*,#698,.F.);
#698 = EDGE_CURVE('',#699,#676,#701,.T.);
#699 = VERTEX_POINT('',#700);
#700 = CARTESIAN_POINT('',(6.5,-5.,-8.5));
#701 = SURFACE_CURVE('',#702,(#706,#713),.PCURVE_S1.);
#702 = LINE('',#703,#704);
#703 = CARTESIAN_POINT('',(6.5,-5.,-8.5));
#704 = VECTOR('',#705,1.);
#705 = DIRECTION('',(1.,0.,0.));
#706 = PCURVE('',#44,#707);
#707 = DEFINITIONAL_REPRESENTATION('',(#708),#712);
#708 = LINE('',#709,#710);
#709 = CARTESIAN_POINT('',(0.,0.));
#710 = VECTOR('',#711,1.);
#711 = DIRECTION('',(0.,1.));
#712 = ( GEOMETRIC_REPRESENTATION_CONTEXT(2) 
PARAMETRIC_REPRESENTATION_CONTEXT() REPRESENTATION_CONTEXT('2D SPACE',''
  ) );
#713 = PCURVE('',#714,#719);
#714 = PLANE('',#715);
#715 = AXIS2_PLACEMENT_3D('',#716,#717,#718);
#716 = CARTESIAN_POINT('',(6.5,6.,-8.5));
#717 = DIRECTION('',(0.,0.,1.));
#718 = DIRECTION('',(1.,0.,-0.));
#719 = DEFINITIONAL_REPRESENTATION('',(#720),#724);
#720 = LINE('',#721,#722);
#721 = CARTESIAN_POINT('',(8.881784197001E-16,-11.));
#722 = VECTOR('',#723,1.);
#723 = DIRECTION('',(1.,0.));
#724 = ( GEOMETRIC_REPRESENTATION_CONTEXT(2) 
PARAMETRIC_REPRESENTATION_CONTEXT() REPRESENTATION_CONTEXT('2D SPACE',''
  ) );
#725 = ORIENTED_EDGE('',*,*,#726,.T.);
#726 = EDGE_CURVE('',#699,#727,#729,.T.);
#727 = VERTEX_POINT('',#728);
#728 = CARTESIAN_POINT('',(6.5,-5.,-1.294914271793));
#729 = SURFACE_CURVE('',#730,(#734,#741),.PCURVE_S1.);
#730 = LINE('',#731,#732);
#731 = CARTESIAN_POINT('',(6.5,-5.,-8.5));
#732 = VECTOR('',#733,1.);
#733 = DIRECTION('',(0.,0.,1.));
#734 = PCURVE('',#44,#735);
#735 = DEFINITIONAL_REPRESENTATION('',(#736),#740);
#736 = LINE('',#737,#738);
#737 = CARTESIAN_POINT('',(0.,0.));
#738 = VECTOR('',#739,1.);
#739 = DIRECTION('',(1.,0.));
#740 = ( GEOMETRIC_REPRESENTATION_CONTEXT(2) 
PARAMETRIC_REPRESENTATION_CONTEXT() REPRESENTATION_CONTEXT('2D SPACE',''
  ) );
#741 = PCURVE('',#742,#747);
#742 = CYLINDRICAL_SURFACE('',#743,11.);
#743 = AXIS2_PLACEMENT_3D('',#744,#745,#746);
#744 = CARTESIAN_POINT('',(6.5,6.,-8.5));
#745 = DIRECTION('',(-0.,-0.,-1.));
#746 = DIRECTION('',(1.,0.,0.));
#747 = DEFINITIONAL_REPRESENTATION('',(#748),#752);
#748 = LINE('',#749,#750);
#749 = CARTESIAN_POINT('',(-4.712388980385,0.));
#750 = VECTOR('',#751,1.);
#751 = DIRECTION('',(-0.,-1.));
#752 = ( GEOMETRIC_REPRESENTATION_CONTEXT(2) 
PARAMETRIC_REPRESENTATION_CONTEXT() REPRESENTATION_CONTEXT('2D SPACE',''
  ) );
#753 = ORIENTED_EDGE('',*,*,#754,.F.);
#754 = EDGE_CURVE('',#755,#727,#757,.T.);
#755 = VERTEX_POINT('',#756);
#756 = CARTESIAN_POINT('',(11.675411063462,-5.,0.44));
#757 = SURFACE_CURVE('',#758,(#763,#770),.PCURVE_S1.);
#758 = CIRCLE('',#759,5.5);
#759 = AXIS2_PLACEMENT_3D('',#760,#761,#762);
#760 = CARTESIAN_POINT('',(7.57,-5.,4.1));
#761 = DIRECTION('',(0.,1.,0.));
#762 = DIRECTION('',(0.,-0.,1.));
#763 = PCURVE('',#44,#764);
#764 = DEFINITIONAL_REPRESENTATION('',(#765),#769);
#765 = CIRCLE('',#766,5.5);
#766 = AXIS2_PLACEMENT_2D('',#767,#768);
#767 = CARTESIAN_POINT('',(12.6,1.07));
#768 = DIRECTION('',(1.,0.));
#769 = ( GEOMETRIC_REPRESENTATION_CONTEXT(2) 
PARAMETRIC_REPRESENTATION_CONTEXT() REPRESENTATION_CONTEXT('2D SPACE',''
  ) );
#770 = PCURVE('',#771,#776);
#771 = CYLINDRICAL_SURFACE('',#772,5.5);
#772 = AXIS2_PLACEMENT_3D('',#773,#774,#775);
#773 = CARTESIAN_POINT('',(7.57,-6.5,4.1));
#774 = DIRECTION('',(0.,1.,0.));
#775 = DIRECTION('',(0.,-0.,1.));
#776 = DEFINITIONAL_REPRESENTATION('',(#777),#781);
#777 = LINE('',#778,#779);
#778 = CARTESIAN_POINT('',(0.,1.5));
#779 = VECTOR('',#780,1.);
#780 = DIRECTION('',(1.,0.));
#781 = ( GEOMETRIC_REPRESENTATION_CONTEXT(2) 
PARAMETRIC_REPRESENTATION_CONTEXT() REPRESENTATION_CONTEXT('2D SPACE',''
  ) );
#782 = ORIENTED_EDGE('',*,*,#783,.T.);
#783 = EDGE_CURVE('',#755,#784,#786,.T.);
#784 = VERTEX_POINT('',#785);
#785 = CARTESIAN_POINT('',(14.796260888535,-5.,0.44));
#786 = SURFACE_CURVE('',#787,(#791,#798),.PCURVE_S1.);
#787 = LINE('',#788,#789);
#788 = CARTESIAN_POINT('',(6.5,-5.,0.44));
#789 = VECTOR('',#790,1.);
#790 = DIRECTION('',(1.,0.,0.));
#791 = PCURVE('',#44,#792);
#792 = DEFINITIONAL_REPRESENTATION('',(#793),#797);
#793 = LINE('',#794,#795);
#794 = CARTESIAN_POINT('',(8.94,0.));
#795 = VECTOR('',#796,1.);
#796 = DIRECTION('',(0.,1.));
#797 = ( GEOMETRIC_REPRESENTATION_CONTEXT(2) 
PARAMETRIC_REPRESENTATION_CONTEXT() REPRESENTATION_CONTEXT('2D SPACE',''
  ) );
#798 = PCURVE('',#799,#804);
#799 = PLANE('',#800);
#800 = AXIS2_PLACEMENT_3D('',#801,#802,#803);
#801 = CARTESIAN_POINT('',(6.5,-5.,0.44));
#802 = DIRECTION('',(0.,0.,1.));
#803 = DIRECTION('',(1.,0.,0.));
#804 = DEFINITIONAL_REPRESENTATION('',(#805),#809);
#805 = LINE('',#806,#807);
#806 = CARTESIAN_POINT('',(0.,0.));
#807 = VECTOR('',#808,1.);
#808 = DIRECTION('',(1.,0.));
#809 = ( GEOMETRIC_REPRESENTATION_CONTEXT(2) 
PARAMETRIC_REPRESENTATION_CONTEXT() REPRESENTATION_CONTEXT('2D SPACE',''
  ) );
#810 = ORIENTED_EDGE('',*,*,#811,.T.);
#811 = EDGE_CURVE('',#784,#812,#814,.T.);
#812 = VERTEX_POINT('',#813);
#813 = CARTESIAN_POINT('',(14.796260888535,-5.,-1.3));
#814 = SURFACE_CURVE('',#815,(#819,#825),.PCURVE_S1.);
#815 = LINE('',#816,#817);
#816 = CARTESIAN_POINT('',(14.796260888535,-5.,-1.3));
#817 = VECTOR('',#818,1.);
#818 = DIRECTION('',(-0.,-0.,-1.));
#819 = PCURVE('',#44,#820);
#820 = DEFINITIONAL_REPRESENTATION('',(#821),#824);
#821 = B_SPLINE_CURVE_WITH_KNOTS('',1,(#822,#823),.UNSPECIFIED.,.F.,.F.,
  (2,2),(-2.634,5.999999999062E-07),.PIECEWISE_BEZIER_KNOTS.);
#822 = CARTESIAN_POINT('',(9.834,8.296260888535));
#823 = CARTESIAN_POINT('',(7.1999994,8.296260888535));
#824 = ( GEOMETRIC_REPRESENTATION_CONTEXT(2) 
PARAMETRIC_REPRESENTATION_CONTEXT() REPRESENTATION_CONTEXT('2D SPACE',''
  ) );
#825 = PCURVE('',#826,#831);
#826 = CYLINDRICAL_SURFACE('',#827,1.8);
#827 = AXIS2_PLACEMENT_3D('',#828,#829,#830);
#828 = CARTESIAN_POINT('',(16.59,-4.85,-1.3));
#829 = DIRECTION('',(-0.,-0.,-1.));
#830 = DIRECTION('',(1.,0.,0.));
#831 = DEFINITIONAL_REPRESENTATION('',(#832),#835);
#832 = B_SPLINE_CURVE_WITH_KNOTS('',1,(#833,#834),.UNSPECIFIED.,.F.,.F.,
  (2,2),(-2.634,5.999999999062E-07),.PIECEWISE_BEZIER_KNOTS.);
#833 = CARTESIAN_POINT('',(-3.2250227402,-2.634));
#834 = CARTESIAN_POINT('',(-3.2250227402,5.999999999062E-07));
#835 = ( GEOMETRIC_REPRESENTATION_CONTEXT(2) 
PARAMETRIC_REPRESENTATION_CONTEXT() REPRESENTATION_CONTEXT('2D SPACE',''
  ) );
#836 = ORIENTED_EDGE('',*,*,#837,.T.);
#837 = EDGE_CURVE('',#812,#838,#840,.T.);
#838 = VERTEX_POINT('',#839);
#839 = CARTESIAN_POINT('',(25.383739111465,-5.,-1.3));
#840 = SURFACE_CURVE('',#841,(#845,#851),.PCURVE_S1.);
#841 = LINE('',#842,#843);
#842 = CARTESIAN_POINT('',(11.545,-5.,-1.3));
#843 = VECTOR('',#844,1.);
#844 = DIRECTION('',(1.,0.,0.));
#845 = PCURVE('',#44,#846);
#846 = DEFINITIONAL_REPRESENTATION('',(#847),#850);
#847 = B_SPLINE_CURVE_WITH_KNOTS('',1,(#848,#849),.UNSPECIFIED.,.F.,.F.,
  (2,2),(3.245,13.845),.PIECEWISE_BEZIER_KNOTS.);
#848 = CARTESIAN_POINT('',(7.2,8.29));
#849 = CARTESIAN_POINT('',(7.2,18.89));
#850 = ( GEOMETRIC_REPRESENTATION_CONTEXT(2) 
PARAMETRIC_REPRESENTATION_CONTEXT() REPRESENTATION_CONTEXT('2D SPACE',''
  ) );
#851 = PCURVE('',#852,#857);
#852 = PLANE('',#853);
#853 = AXIS2_PLACEMENT_3D('',#854,#855,#856);
#854 = CARTESIAN_POINT('',(16.59,-4.85,-1.3));
#855 = DIRECTION('',(0.,0.,1.));
#856 = DIRECTION('',(1.,0.,-0.));
#857 = DEFINITIONAL_REPRESENTATION('',(#858),#861);
#858 = B_SPLINE_CURVE_WITH_KNOTS('',1,(#859,#860),.UNSPECIFIED.,.F.,.F.,
  (2,2),(3.245,13.845),.PIECEWISE_BEZIER_KNOTS.);
#859 = CARTESIAN_POINT('',(-1.8,-0.15));
#860 = CARTESIAN_POINT('',(8.8,-0.15));
#861 = ( GEOMETRIC_REPRESENTATION_CONTEXT(2) 
PARAMETRIC_REPRESENTATION_CONTEXT() REPRESENTATION_CONTEXT('2D SPACE',''
  ) );
#862 = ORIENTED_EDGE('',*,*,#863,.F.);
#863 = EDGE_CURVE('',#22,#838,#864,.T.);
#864 = SURFACE_CURVE('',#865,(#869,#875),.PCURVE_S1.);
#865 = LINE('',#866,#867);
#866 = CARTESIAN_POINT('',(25.383739111465,-5.,-1.3));
#867 = VECTOR('',#868,1.);
#868 = DIRECTION('',(-0.,-0.,-1.));
#869 = PCURVE('',#44,#870);
#870 = DEFINITIONAL_REPRESENTATION('',(#871),#874);
#871 = B_SPLINE_CURVE_WITH_KNOTS('',1,(#872,#873),.UNSPECIFIED.,.F.,.F.,
  (2,2),(-2.634,5.999999999062E-07),.PIECEWISE_BEZIER_KNOTS.);
#872 = CARTESIAN_POINT('',(9.834,18.883739111465));
#873 = CARTESIAN_POINT('',(7.1999994,18.883739111465));
#874 = ( GEOMETRIC_REPRESENTATION_CONTEXT(2) 
PARAMETRIC_REPRESENTATION_CONTEXT() REPRESENTATION_CONTEXT('2D SPACE',''
  ) );
#875 = PCURVE('',#659,#876);
#876 = DEFINITIONAL_REPRESENTATION('',(#877),#880);
#877 = B_SPLINE_CURVE_WITH_KNOTS('',1,(#878,#879),.UNSPECIFIED.,.F.,.F.,
  (2,2),(-2.634,5.999999999062E-07),.PIECEWISE_BEZIER_KNOTS.);
#878 = CARTESIAN_POINT('',(-6.199755220569,-2.634));
#879 = CARTESIAN_POINT('',(-6.199755220569,5.999999999062E-07));
#880 = ( GEOMETRIC_REPRESENTATION_CONTEXT(2) 
PARAMETRIC_REPRESENTATION_CONTEXT() REPRESENTATION_CONTEXT('2D SPACE',''
  ) );
#881 = ADVANCED_FACE('',(#882),#659,.F.);
#882 = FACE_BOUND('',#883,.T.);
#883 = EDGE_LOOP('',(#884,#906,#928,#929));
#884 = ORIENTED_EDGE('',*,*,#885,.F.);
#885 = EDGE_CURVE('',#886,#615,#888,.T.);
#886 = VERTEX_POINT('',#887);
#887 = CARTESIAN_POINT('',(25.39,-4.85,-1.3));
#888 = SURFACE_CURVE('',#889,(#893,#899),.PCURVE_S1.);
#889 = LINE('',#890,#891);
#890 = CARTESIAN_POINT('',(25.39,-4.85,-1.3));
#891 = VECTOR('',#892,1.);
#892 = DIRECTION('',(0.,0.,1.));
#893 = PCURVE('',#659,#894);
#894 = DEFINITIONAL_REPRESENTATION('',(#895),#898);
#895 = B_SPLINE_CURVE_WITH_KNOTS('',1,(#896,#897),.UNSPECIFIED.,.F.,.F.,
  (2,2),(0.,7.1),.PIECEWISE_BEZIER_KNOTS.);
#896 = CARTESIAN_POINT('',(-6.28318530718,0.));
#897 = CARTESIAN_POINT('',(-6.28318530718,-7.1));
#898 = ( GEOMETRIC_REPRESENTATION_CONTEXT(2) 
PARAMETRIC_REPRESENTATION_CONTEXT() REPRESENTATION_CONTEXT('2D SPACE',''
  ) );
#899 = PCURVE('',#629,#900);
#900 = DEFINITIONAL_REPRESENTATION('',(#901),#905);
#901 = LINE('',#902,#903);
#902 = CARTESIAN_POINT('',(0.,0.));
#903 = VECTOR('',#904,1.);
#904 = DIRECTION('',(1.,0.));
#905 = ( GEOMETRIC_REPRESENTATION_CONTEXT(2) 
PARAMETRIC_REPRESENTATION_CONTEXT() REPRESENTATION_CONTEXT('2D SPACE',''
  ) );
#906 = ORIENTED_EDGE('',*,*,#907,.F.);
#907 = EDGE_CURVE('',#838,#886,#908,.T.);
#908 = SURFACE_CURVE('',#909,(#914,#921),.PCURVE_S1.);
#909 = CIRCLE('',#910,1.8);
#910 = AXIS2_PLACEMENT_3D('',#911,#912,#913);
#911 = CARTESIAN_POINT('',(23.59,-4.85,-1.3));
#912 = DIRECTION('',(0.,0.,1.));
#913 = DIRECTION('',(1.,0.,0.));
#914 = PCURVE('',#659,#915);
#915 = DEFINITIONAL_REPRESENTATION('',(#916),#920);
#916 = LINE('',#917,#918);
#917 = CARTESIAN_POINT('',(-0.,0.));
#918 = VECTOR('',#919,1.);
#919 = DIRECTION('',(-1.,0.));
#920 = ( GEOMETRIC_REPRESENTATION_CONTEXT(2) 
PARAMETRIC_REPRESENTATION_CONTEXT() REPRESENTATION_CONTEXT('2D SPACE',''
  ) );
#921 = PCURVE('',#852,#922);
#922 = DEFINITIONAL_REPRESENTATION('',(#923),#927);
#923 = CIRCLE('',#924,1.8);
#924 = AXIS2_PLACEMENT_2D('',#925,#926);
#925 = CARTESIAN_POINT('',(7.,0.));
#926 = DIRECTION('',(1.,0.));
#927 = ( GEOMETRIC_REPRESENTATION_CONTEXT(2) 
PARAMETRIC_REPRESENTATION_CONTEXT() REPRESENTATION_CONTEXT('2D SPACE',''
  ) );
#928 = ORIENTED_EDGE('',*,*,#863,.F.);
#929 = ORIENTED_EDGE('',*,*,#640,.F.);
#930 = ADVANCED_FACE('',(#931),#629,.F.);
#931 = FACE_BOUND('',#932,.F.);
#932 = EDGE_LOOP('',(#933,#934,#957,#983,#1009,#1035,#1061,#1080));
#933 = ORIENTED_EDGE('',*,*,#885,.F.);
#934 = ORIENTED_EDGE('',*,*,#935,.T.);
#935 = EDGE_CURVE('',#886,#936,#938,.T.);
#936 = VERTEX_POINT('',#937);
#937 = CARTESIAN_POINT('',(25.39,-3.2,-1.3));
#938 = SURFACE_CURVE('',#939,(#943,#950),.PCURVE_S1.);
#939 = LINE('',#940,#941);
#940 = CARTESIAN_POINT('',(25.39,-4.85,-1.3));
#941 = VECTOR('',#942,1.);
#942 = DIRECTION('',(0.,1.,0.));
#943 = PCURVE('',#629,#944);
#944 = DEFINITIONAL_REPRESENTATION('',(#945),#949);
#945 = LINE('',#946,#947);
#946 = CARTESIAN_POINT('',(0.,0.));
#947 = VECTOR('',#948,1.);
#948 = DIRECTION('',(0.,-1.));
#949 = ( GEOMETRIC_REPRESENTATION_CONTEXT(2) 
PARAMETRIC_REPRESENTATION_CONTEXT() REPRESENTATION_CONTEXT('2D SPACE',''
  ) );
#950 = PCURVE('',#852,#951);
#951 = DEFINITIONAL_REPRESENTATION('',(#952),#956);
#952 = LINE('',#953,#954);
#953 = CARTESIAN_POINT('',(8.8,0.));
#954 = VECTOR('',#955,1.);
#955 = DIRECTION('',(0.,1.));
#956 = ( GEOMETRIC_REPRESENTATION_CONTEXT(2) 
PARAMETRIC_REPRESENTATION_CONTEXT() REPRESENTATION_CONTEXT('2D SPACE',''
  ) );
#957 = ORIENTED_EDGE('',*,*,#958,.F.);
#958 = EDGE_CURVE('',#959,#936,#961,.T.);
#959 = VERTEX_POINT('',#960);
#960 = CARTESIAN_POINT('',(25.39,-3.2,0.2));
#961 = SURFACE_CURVE('',#962,(#966,#972),.PCURVE_S1.);
#962 = LINE('',#963,#964);
#963 = CARTESIAN_POINT('',(25.39,-3.2,-4.));
#964 = VECTOR('',#965,1.);
#965 = DIRECTION('',(0.,0.,-1.));
#966 = PCURVE('',#629,#967);
#967 = DEFINITIONAL_REPRESENTATION('',(#968),#971);
#968 = B_SPLINE_CURVE_WITH_KNOTS('',1,(#969,#970),.UNSPECIFIED.,.F.,.F.,
  (2,2),(-4.2,-2.7),.PIECEWISE_BEZIER_KNOTS.);
#969 = CARTESIAN_POINT('',(1.5,-1.65));
#970 = CARTESIAN_POINT('',(0.,-1.65));
#971 = ( GEOMETRIC_REPRESENTATION_CONTEXT(2) 
PARAMETRIC_REPRESENTATION_CONTEXT() REPRESENTATION_CONTEXT('2D SPACE',''
  ) );
#972 = PCURVE('',#973,#978);
#973 = PLANE('',#974);
#974 = AXIS2_PLACEMENT_3D('',#975,#976,#977);
#975 = CARTESIAN_POINT('',(6.5,-3.2,-6.7));
#976 = DIRECTION('',(0.,1.,0.));
#977 = DIRECTION('',(0.,0.,1.));
#978 = DEFINITIONAL_REPRESENTATION('',(#979),#982);
#979 = B_SPLINE_CURVE_WITH_KNOTS('',1,(#980,#981),.UNSPECIFIED.,.F.,.F.,
  (2,2),(-4.2,-2.7),.PIECEWISE_BEZIER_KNOTS.);
#980 = CARTESIAN_POINT('',(6.9,18.89));
#981 = CARTESIAN_POINT('',(5.4,18.89));
#982 = ( GEOMETRIC_REPRESENTATION_CONTEXT(2) 
PARAMETRIC_REPRESENTATION_CONTEXT() REPRESENTATION_CONTEXT('2D SPACE',''
  ) );
#983 = ORIENTED_EDGE('',*,*,#984,.T.);
#984 = EDGE_CURVE('',#959,#985,#987,.T.);
#985 = VERTEX_POINT('',#986);
#986 = CARTESIAN_POINT('',(25.39,-2.025,0.2));
#987 = SURFACE_CURVE('',#988,(#992,#998),.PCURVE_S1.);
#988 = LINE('',#989,#990);
#989 = CARTESIAN_POINT('',(25.39,0.575,0.2));
#990 = VECTOR('',#991,1.);
#991 = DIRECTION('',(0.,1.,0.));
#992 = PCURVE('',#629,#993);
#993 = DEFINITIONAL_REPRESENTATION('',(#994),#997);
#994 = B_SPLINE_CURVE_WITH_KNOTS('',1,(#995,#996),.UNSPECIFIED.,.F.,.F.,
  (2,2),(-3.775,-0.875),.PIECEWISE_BEZIER_KNOTS.);
#995 = CARTESIAN_POINT('',(1.5,-1.65));
#996 = CARTESIAN_POINT('',(1.5,-4.55));
#997 = ( GEOMETRIC_REPRESENTATION_CONTEXT(2) 
PARAMETRIC_REPRESENTATION_CONTEXT() REPRESENTATION_CONTEXT('2D SPACE',''
  ) );
#998 = PCURVE('',#999,#1004);
#999 = PLANE('',#1000);
#1000 = AXIS2_PLACEMENT_3D('',#1001,#1002,#1003);
#1001 = CARTESIAN_POINT('',(6.5,6.,0.2));
#1002 = DIRECTION('',(0.,0.,1.));
#1003 = DIRECTION('',(1.,0.,-0.));
#1004 = DEFINITIONAL_REPRESENTATION('',(#1005),#1008);
#1005 = B_SPLINE_CURVE_WITH_KNOTS('',1,(#1006,#1007),.UNSPECIFIED.,.F.,
  .F.,(2,2),(-3.775,-0.875),.PIECEWISE_BEZIER_KNOTS.);
#1006 = CARTESIAN_POINT('',(18.89,-9.2));
#1007 = CARTESIAN_POINT('',(18.89,-6.3));
#1008 = ( GEOMETRIC_REPRESENTATION_CONTEXT(2) 
PARAMETRIC_REPRESENTATION_CONTEXT() REPRESENTATION_CONTEXT('2D SPACE',''
  ) );
#1009 = ORIENTED_EDGE('',*,*,#1010,.F.);
#1010 = EDGE_CURVE('',#1011,#985,#1013,.T.);
#1011 = VERTEX_POINT('',#1012);
#1012 = CARTESIAN_POINT('',(25.39,-2.025,1.5));
#1013 = SURFACE_CURVE('',#1014,(#1018,#1024),.PCURVE_S1.);
#1014 = LINE('',#1015,#1016);
#1015 = CARTESIAN_POINT('',(25.39,-2.025,-0.525));
#1016 = VECTOR('',#1017,1.);
#1017 = DIRECTION('',(0.,0.,-1.));
#1018 = PCURVE('',#629,#1019);
#1019 = DEFINITIONAL_REPRESENTATION('',(#1020),#1023);
#1020 = B_SPLINE_CURVE_WITH_KNOTS('',1,(#1021,#1022),.UNSPECIFIED.,.F.,
  .F.,(2,2),(-2.025,-0.725),.PIECEWISE_BEZIER_KNOTS.);
#1021 = CARTESIAN_POINT('',(2.8,-2.825));
#1022 = CARTESIAN_POINT('',(1.5,-2.825));
#1023 = ( GEOMETRIC_REPRESENTATION_CONTEXT(2) 
PARAMETRIC_REPRESENTATION_CONTEXT() REPRESENTATION_CONTEXT('2D SPACE',''
  ) );
#1024 = PCURVE('',#1025,#1030);
#1025 = PLANE('',#1026);
#1026 = AXIS2_PLACEMENT_3D('',#1027,#1028,#1029);
#1027 = CARTESIAN_POINT('',(6.495,-2.025,0.25));
#1028 = DIRECTION('',(0.,1.,0.));
#1029 = DIRECTION('',(0.,0.,1.));
#1030 = DEFINITIONAL_REPRESENTATION('',(#1031),#1034);
#1031 = B_SPLINE_CURVE_WITH_KNOTS('',1,(#1032,#1033),.UNSPECIFIED.,.F.,
  .F.,(2,2),(-2.025,-0.725),.PIECEWISE_BEZIER_KNOTS.);
#1032 = CARTESIAN_POINT('',(1.25,18.895));
#1033 = CARTESIAN_POINT('',(-5.E-02,18.895));
#1034 = ( GEOMETRIC_REPRESENTATION_CONTEXT(2) 
PARAMETRIC_REPRESENTATION_CONTEXT() REPRESENTATION_CONTEXT('2D SPACE',''
  ) );
#1035 = ORIENTED_EDGE('',*,*,#1036,.F.);
#1036 = EDGE_CURVE('',#1037,#1011,#1039,.T.);
#1037 = VERTEX_POINT('',#1038);
#1038 = CARTESIAN_POINT('',(25.39,-3.025,1.5));
#1039 = SURFACE_CURVE('',#1040,(#1044,#1050),.PCURVE_S1.);
#1040 = LINE('',#1041,#1042);
#1041 = CARTESIAN_POINT('',(25.39,-3.9375,1.5));
#1042 = VECTOR('',#1043,1.);
#1043 = DIRECTION('',(0.,1.,0.));
#1044 = PCURVE('',#629,#1045);
#1045 = DEFINITIONAL_REPRESENTATION('',(#1046),#1049);
#1046 = B_SPLINE_CURVE_WITH_KNOTS('',1,(#1047,#1048),.UNSPECIFIED.,.F.,
  .F.,(2,2),(0.9125,3.6375),.PIECEWISE_BEZIER_KNOTS.);
#1047 = CARTESIAN_POINT('',(2.8,-1.825));
#1048 = CARTESIAN_POINT('',(2.8,-4.55));
#1049 = ( GEOMETRIC_REPRESENTATION_CONTEXT(2) 
PARAMETRIC_REPRESENTATION_CONTEXT() REPRESENTATION_CONTEXT('2D SPACE',''
  ) );
#1050 = PCURVE('',#1051,#1056);
#1051 = PLANE('',#1052);
#1052 = AXIS2_PLACEMENT_3D('',#1053,#1054,#1055);
#1053 = CARTESIAN_POINT('',(6.495,-3.025,1.5));
#1054 = DIRECTION('',(0.,0.,1.));
#1055 = DIRECTION('',(1.,0.,0.));
#1056 = DEFINITIONAL_REPRESENTATION('',(#1057),#1060);
#1057 = B_SPLINE_CURVE_WITH_KNOTS('',1,(#1058,#1059),.UNSPECIFIED.,.F.,
  .F.,(2,2),(0.9125,3.6375),.PIECEWISE_BEZIER_KNOTS.);
#1058 = CARTESIAN_POINT('',(18.895,-3.552713678801E-15));
#1059 = CARTESIAN_POINT('',(18.895,2.725));
#1060 = ( GEOMETRIC_REPRESENTATION_CONTEXT(2) 
PARAMETRIC_REPRESENTATION_CONTEXT() REPRESENTATION_CONTEXT('2D SPACE',''
  ) );
#1061 = ORIENTED_EDGE('',*,*,#1062,.T.);
#1062 = EDGE_CURVE('',#1037,#589,#1063,.T.);
#1063 = SURFACE_CURVE('',#1064,(#1068,#1074),.PCURVE_S1.);
#1064 = LINE('',#1065,#1066);
#1065 = CARTESIAN_POINT('',(25.39,-3.025,-0.475));
#1066 = VECTOR('',#1067,1.);
#1067 = DIRECTION('',(0.,0.,-1.));
#1068 = PCURVE('',#629,#1069);
#1069 = DEFINITIONAL_REPRESENTATION('',(#1070),#1073);
#1070 = B_SPLINE_CURVE_WITH_KNOTS('',1,(#1071,#1072),.UNSPECIFIED.,.F.,
  .F.,(2,2),(-1.975,-0.915),.PIECEWISE_BEZIER_KNOTS.);
#1071 = CARTESIAN_POINT('',(2.8,-1.825));
#1072 = CARTESIAN_POINT('',(1.74,-1.825));
#1073 = ( GEOMETRIC_REPRESENTATION_CONTEXT(2) 
PARAMETRIC_REPRESENTATION_CONTEXT() REPRESENTATION_CONTEXT('2D SPACE',''
  ) );
#1074 = PCURVE('',#603,#1075);
#1075 = DEFINITIONAL_REPRESENTATION('',(#1076),#1079);
#1076 = B_SPLINE_CURVE_WITH_KNOTS('',1,(#1077,#1078),.UNSPECIFIED.,.F.,
  .F.,(2,2),(-1.975,-0.915),.PIECEWISE_BEZIER_KNOTS.);
#1077 = CARTESIAN_POINT('',(1.15,18.895));
#1078 = CARTESIAN_POINT('',(9.E-02,18.895));
#1079 = ( GEOMETRIC_REPRESENTATION_CONTEXT(2) 
PARAMETRIC_REPRESENTATION_CONTEXT() REPRESENTATION_CONTEXT('2D SPACE',''
  ) );
#1080 = ORIENTED_EDGE('',*,*,#614,.F.);
#1081 = ADVANCED_FACE('',(#1082),#603,.F.);
#1082 = FACE_BOUND('',#1083,.F.);
#1083 = EDGE_LOOP('',(#1084,#1107,#1108,#1109));
#1084 = ORIENTED_EDGE('',*,*,#1085,.F.);
#1085 = EDGE_CURVE('',#556,#1086,#1088,.T.);
#1086 = VERTEX_POINT('',#1087);
#1087 = CARTESIAN_POINT('',(53.505,-3.025,1.5));
#1088 = SURFACE_CURVE('',#1089,(#1093,#1100),.PCURVE_S1.);
#1089 = LINE('',#1090,#1091);
#1090 = CARTESIAN_POINT('',(53.505,-3.025,0.35));
#1091 = VECTOR('',#1092,1.);
#1092 = DIRECTION('',(0.,0.,1.));
#1093 = PCURVE('',#603,#1094);
#1094 = DEFINITIONAL_REPRESENTATION('',(#1095),#1099);
#1095 = LINE('',#1096,#1097);
#1096 = CARTESIAN_POINT('',(0.,47.01));
#1097 = VECTOR('',#1098,1.);
#1098 = DIRECTION('',(1.,0.));
#1099 = ( GEOMETRIC_REPRESENTATION_CONTEXT(2) 
PARAMETRIC_REPRESENTATION_CONTEXT() REPRESENTATION_CONTEXT('2D SPACE',''
  ) );
#1100 = PCURVE('',#576,#1101);
#1101 = DEFINITIONAL_REPRESENTATION('',(#1102),#1106);
#1102 = LINE('',#1103,#1104);
#1103 = CARTESIAN_POINT('',(-4.712388980385,-1.110223024625E-16));
#1104 = VECTOR('',#1105,1.);
#1105 = DIRECTION('',(-0.,-1.));
#1106 = ( GEOMETRIC_REPRESENTATION_CONTEXT(2) 
PARAMETRIC_REPRESENTATION_CONTEXT() REPRESENTATION_CONTEXT('2D SPACE',''
  ) );
#1107 = ORIENTED_EDGE('',*,*,#588,.T.);
#1108 = ORIENTED_EDGE('',*,*,#1062,.F.);
#1109 = ORIENTED_EDGE('',*,*,#1110,.T.);
#1110 = EDGE_CURVE('',#1037,#1086,#1111,.T.);
#1111 = SURFACE_CURVE('',#1112,(#1116,#1123),.PCURVE_S1.);
#1112 = LINE('',#1113,#1114);
#1113 = CARTESIAN_POINT('',(6.495,-3.025,1.5));
#1114 = VECTOR('',#1115,1.);
#1115 = DIRECTION('',(1.,0.,0.));
#1116 = PCURVE('',#603,#1117);
#1117 = DEFINITIONAL_REPRESENTATION('',(#1118),#1122);
#1118 = LINE('',#1119,#1120);
#1119 = CARTESIAN_POINT('',(1.15,0.));
#1120 = VECTOR('',#1121,1.);
#1121 = DIRECTION('',(0.,1.));
#1122 = ( GEOMETRIC_REPRESENTATION_CONTEXT(2) 
PARAMETRIC_REPRESENTATION_CONTEXT() REPRESENTATION_CONTEXT('2D SPACE',''
  ) );
#1123 = PCURVE('',#1051,#1124);
#1124 = DEFINITIONAL_REPRESENTATION('',(#1125),#1129);
#1125 = LINE('',#1126,#1127);
#1126 = CARTESIAN_POINT('',(0.,0.));
#1127 = VECTOR('',#1128,1.);
#1128 = DIRECTION('',(1.,0.));
#1129 = ( GEOMETRIC_REPRESENTATION_CONTEXT(2) 
PARAMETRIC_REPRESENTATION_CONTEXT() REPRESENTATION_CONTEXT('2D SPACE',''
  ) );
#1130 = ADVANCED_FACE('',(#1131),#576,.T.);
#1131 = FACE_BOUND('',#1132,.F.);
#1132 = EDGE_LOOP('',(#1133,#1134,#1158,#1177));
#1133 = ORIENTED_EDGE('',*,*,#1085,.T.);
#1134 = ORIENTED_EDGE('',*,*,#1135,.T.);
#1135 = EDGE_CURVE('',#1086,#1136,#1138,.T.);
#1136 = VERTEX_POINT('',#1137);
#1137 = CARTESIAN_POINT('',(59.96513738244,-0.3,1.5));
#1138 = SURFACE_CURVE('',#1139,(#1144,#1151),.PCURVE_S1.);
#1139 = CIRCLE('',#1140,9.02);
#1140 = AXIS2_PLACEMENT_3D('',#1141,#1142,#1143);
#1141 = CARTESIAN_POINT('',(53.505,5.995,1.5));
#1142 = DIRECTION('',(0.,0.,1.));
#1143 = DIRECTION('',(1.,0.,0.));
#1144 = PCURVE('',#576,#1145);
#1145 = DEFINITIONAL_REPRESENTATION('',(#1146),#1150);
#1146 = LINE('',#1147,#1148);
#1147 = CARTESIAN_POINT('',(-0.,-1.15));
#1148 = VECTOR('',#1149,1.);
#1149 = DIRECTION('',(-1.,0.));
#1150 = ( GEOMETRIC_REPRESENTATION_CONTEXT(2) 
PARAMETRIC_REPRESENTATION_CONTEXT() REPRESENTATION_CONTEXT('2D SPACE',''
  ) );
#1151 = PCURVE('',#1051,#1152);
#1152 = DEFINITIONAL_REPRESENTATION('',(#1153),#1157);
#1153 = CIRCLE('',#1154,9.02);
#1154 = AXIS2_PLACEMENT_2D('',#1155,#1156);
#1155 = CARTESIAN_POINT('',(47.01,9.02));
#1156 = DIRECTION('',(1.,0.));
#1157 = ( GEOMETRIC_REPRESENTATION_CONTEXT(2) 
PARAMETRIC_REPRESENTATION_CONTEXT() REPRESENTATION_CONTEXT('2D SPACE',''
  ) );
#1158 = ORIENTED_EDGE('',*,*,#1159,.T.);
#1159 = EDGE_CURVE('',#1136,#530,#1160,.T.);
#1160 = SURFACE_CURVE('',#1161,(#1165,#1171),.PCURVE_S1.);
#1161 = LINE('',#1162,#1163);
#1162 = CARTESIAN_POINT('',(59.96513738244,-0.3,0.35));
#1163 = VECTOR('',#1164,1.);
#1164 = DIRECTION('',(-0.,-0.,-1.));
#1165 = PCURVE('',#576,#1166);
#1166 = DEFINITIONAL_REPRESENTATION('',(#1167),#1170);
#1167 = B_SPLINE_CURVE_WITH_KNOTS('',1,(#1168,#1169),.UNSPECIFIED.,.F.,
  .F.,(2,2),(-1.1500006,-8.99994E-02),.PIECEWISE_BEZIER_KNOTS.);
#1168 = CARTESIAN_POINT('',(-5.510733155397,-1.1500006));
#1169 = CARTESIAN_POINT('',(-5.510733155397,-8.99994E-02));
#1170 = ( GEOMETRIC_REPRESENTATION_CONTEXT(2) 
PARAMETRIC_REPRESENTATION_CONTEXT() REPRESENTATION_CONTEXT('2D SPACE',''
  ) );
#1171 = PCURVE('',#544,#1172);
#1172 = DEFINITIONAL_REPRESENTATION('',(#1173),#1176);
#1173 = B_SPLINE_CURVE_WITH_KNOTS('',1,(#1174,#1175),.UNSPECIFIED.,.F.,
  .F.,(2,2),(-1.1500006,-8.99994E-02),.PIECEWISE_BEZIER_KNOTS.);
#1174 = CARTESIAN_POINT('',(1.4500006,60.26513738244));
#1175 = CARTESIAN_POINT('',(0.3899994,60.26513738244));
#1176 = ( GEOMETRIC_REPRESENTATION_CONTEXT(2) 
PARAMETRIC_REPRESENTATION_CONTEXT() REPRESENTATION_CONTEXT('2D SPACE',''
  ) );
#1177 = ORIENTED_EDGE('',*,*,#555,.T.);
#1178 = ADVANCED_FACE('',(#1179),#544,.T.);
#1179 = FACE_BOUND('',#1180,.T.);
#1180 = EDGE_LOOP('',(#1181,#1211,#1237,#1258,#1284,#1303,#1304,#1305));
#1181 = ORIENTED_EDGE('',*,*,#1182,.F.);
#1182 = EDGE_CURVE('',#1183,#1185,#1187,.T.);
#1183 = VERTEX_POINT('',#1184);
#1184 = CARTESIAN_POINT('',(60.204476116745,-0.3,5.E-02));
#1185 = VERTEX_POINT('',#1186);
#1186 = CARTESIAN_POINT('',(60.3,-0.3,5.E-02));
#1187 = SURFACE_CURVE('',#1188,(#1192,#1199),.PCURVE_S1.);
#1188 = LINE('',#1189,#1190);
#1189 = CARTESIAN_POINT('',(-0.3,-0.3,5.E-02));
#1190 = VECTOR('',#1191,1.);
#1191 = DIRECTION('',(1.,0.,0.));
#1192 = PCURVE('',#544,#1193);
#1193 = DEFINITIONAL_REPRESENTATION('',(#1194),#1198);
#1194 = LINE('',#1195,#1196);
#1195 = CARTESIAN_POINT('',(0.,0.));
#1196 = VECTOR('',#1197,1.);
#1197 = DIRECTION('',(0.,1.));
#1198 = ( GEOMETRIC_REPRESENTATION_CONTEXT(2) 
PARAMETRIC_REPRESENTATION_CONTEXT() REPRESENTATION_CONTEXT('2D SPACE',''
  ) );
#1199 = PCURVE('',#1200,#1205);
#1200 = PLANE('',#1201);
#1201 = AXIS2_PLACEMENT_3D('',#1202,#1203,#1204);
#1202 = CARTESIAN_POINT('',(-0.3,-0.3,5.E-02));
#1203 = DIRECTION('',(0.,0.,1.));
#1204 = DIRECTION('',(1.,0.,0.));
#1205 = DEFINITIONAL_REPRESENTATION('',(#1206),#1210);
#1206 = LINE('',#1207,#1208);
#1207 = CARTESIAN_POINT('',(0.,0.));
#1208 = VECTOR('',#1209,1.);
#1209 = DIRECTION('',(1.,0.));
#1210 = ( GEOMETRIC_REPRESENTATION_CONTEXT(2) 
PARAMETRIC_REPRESENTATION_CONTEXT() REPRESENTATION_CONTEXT('2D SPACE',''
  ) );
#1211 = ORIENTED_EDGE('',*,*,#1212,.F.);
#1212 = EDGE_CURVE('',#1213,#1183,#1215,.T.);
#1213 = VERTEX_POINT('',#1214);
#1214 = CARTESIAN_POINT('',(60.204476116745,-0.3,0.2));
#1215 = SURFACE_CURVE('',#1216,(#1220,#1226),.PCURVE_S1.);
#1216 = LINE('',#1217,#1218);
#1217 = CARTESIAN_POINT('',(60.204476116745,-0.3,-6.7));
#1218 = VECTOR('',#1219,1.);
#1219 = DIRECTION('',(-0.,-0.,-1.));
#1220 = PCURVE('',#544,#1221);
#1221 = DEFINITIONAL_REPRESENTATION('',(#1222),#1225);
#1222 = B_SPLINE_CURVE_WITH_KNOTS('',1,(#1223,#1224),.UNSPECIFIED.,.F.,
  .F.,(2,2),(-6.9000006,-6.565),.PIECEWISE_BEZIER_KNOTS.);
#1223 = CARTESIAN_POINT('',(0.1500006,60.504476116745));
#1224 = CARTESIAN_POINT('',(-0.185,60.504476116745));
#1225 = ( GEOMETRIC_REPRESENTATION_CONTEXT(2) 
PARAMETRIC_REPRESENTATION_CONTEXT() REPRESENTATION_CONTEXT('2D SPACE',''
  ) );
#1226 = PCURVE('',#1227,#1232);
#1227 = CYLINDRICAL_SURFACE('',#1228,9.2);
#1228 = AXIS2_PLACEMENT_3D('',#1229,#1230,#1231);
#1229 = CARTESIAN_POINT('',(53.5,6.,-6.7));
#1230 = DIRECTION('',(-0.,-0.,-1.));
#1231 = DIRECTION('',(1.,0.,0.));
#1232 = DEFINITIONAL_REPRESENTATION('',(#1233),#1236);
#1233 = B_SPLINE_CURVE_WITH_KNOTS('',1,(#1234,#1235),.UNSPECIFIED.,.F.,
  .F.,(2,2),(-6.9000006,-6.565),.PIECEWISE_BEZIER_KNOTS.);
#1234 = CARTESIAN_POINT('',(-5.528879958327,-6.9000006));
#1235 = CARTESIAN_POINT('',(-5.528879958327,-6.565));
#1236 = ( GEOMETRIC_REPRESENTATION_CONTEXT(2) 
PARAMETRIC_REPRESENTATION_CONTEXT() REPRESENTATION_CONTEXT('2D SPACE',''
  ) );
#1237 = ORIENTED_EDGE('',*,*,#1238,.T.);
#1238 = EDGE_CURVE('',#1213,#1239,#1241,.T.);
#1239 = VERTEX_POINT('',#1240);
#1240 = CARTESIAN_POINT('',(58.47424290008,-0.3,0.2));
#1241 = SURFACE_CURVE('',#1242,(#1246,#1252),.PCURVE_S1.);
#1242 = LINE('',#1243,#1244);
#1243 = CARTESIAN_POINT('',(3.1,-0.3,0.2));
#1244 = VECTOR('',#1245,1.);
#1245 = DIRECTION('',(-1.,0.,0.));
#1246 = PCURVE('',#544,#1247);
#1247 = DEFINITIONAL_REPRESENTATION('',(#1248),#1251);
#1248 = B_SPLINE_CURVE_WITH_KNOTS('',1,(#1249,#1250),.UNSPECIFIED.,.F.,
  .F.,(2,2),(-57.2,3.4),.PIECEWISE_BEZIER_KNOTS.);
#1249 = CARTESIAN_POINT('',(0.15,60.6));
#1250 = CARTESIAN_POINT('',(0.15,0.));
#1251 = ( GEOMETRIC_REPRESENTATION_CONTEXT(2) 
PARAMETRIC_REPRESENTATION_CONTEXT() REPRESENTATION_CONTEXT('2D SPACE',''
  ) );
#1252 = PCURVE('',#999,#1253);
#1253 = DEFINITIONAL_REPRESENTATION('',(#1254),#1257);
#1254 = B_SPLINE_CURVE_WITH_KNOTS('',1,(#1255,#1256),.UNSPECIFIED.,.F.,
  .F.,(2,2),(-57.2,3.4),.PIECEWISE_BEZIER_KNOTS.);
#1255 = CARTESIAN_POINT('',(53.8,-6.3));
#1256 = CARTESIAN_POINT('',(-6.8,-6.3));
#1257 = ( GEOMETRIC_REPRESENTATION_CONTEXT(2) 
PARAMETRIC_REPRESENTATION_CONTEXT() REPRESENTATION_CONTEXT('2D SPACE',''
  ) );
#1258 = ORIENTED_EDGE('',*,*,#1259,.F.);
#1259 = EDGE_CURVE('',#1260,#1239,#1262,.T.);
#1260 = VERTEX_POINT('',#1261);
#1261 = CARTESIAN_POINT('',(58.47424290008,-0.3,1.5));
#1262 = SURFACE_CURVE('',#1263,(#1267,#1273),.PCURVE_S1.);
#1263 = LINE('',#1264,#1265);
#1264 = CARTESIAN_POINT('',(58.47424290008,-0.3,0.25));
#1265 = VECTOR('',#1266,1.);
#1266 = DIRECTION('',(-0.,-0.,-1.));
#1267 = PCURVE('',#544,#1268);
#1268 = DEFINITIONAL_REPRESENTATION('',(#1269),#1272);
#1269 = B_SPLINE_CURVE_WITH_KNOTS('',1,(#1270,#1271),.UNSPECIFIED.,.F.,
  .F.,(2,2),(-1.2500006,5.00006E-02),.PIECEWISE_BEZIER_KNOTS.);
#1270 = CARTESIAN_POINT('',(1.4500006,58.77424290008));
#1271 = CARTESIAN_POINT('',(0.1499994,58.77424290008));
#1272 = ( GEOMETRIC_REPRESENTATION_CONTEXT(2) 
PARAMETRIC_REPRESENTATION_CONTEXT() REPRESENTATION_CONTEXT('2D SPACE',''
  ) );
#1273 = PCURVE('',#1274,#1279);
#1274 = CYLINDRICAL_SURFACE('',#1275,8.02);
#1275 = AXIS2_PLACEMENT_3D('',#1276,#1277,#1278);
#1276 = CARTESIAN_POINT('',(53.505,5.995,0.25));
#1277 = DIRECTION('',(-0.,-0.,-1.));
#1278 = DIRECTION('',(1.,0.,0.));
#1279 = DEFINITIONAL_REPRESENTATION('',(#1280),#1283);
#1280 = B_SPLINE_CURVE_WITH_KNOTS('',1,(#1281,#1282),.UNSPECIFIED.,.F.,
  .F.,(2,2),(-1.2500006,5.00006E-02),.PIECEWISE_BEZIER_KNOTS.);
#1281 = CARTESIAN_POINT('',(-5.380630059242,-1.2500006));
#1282 = CARTESIAN_POINT('',(-5.380630059242,5.00006E-02));
#1283 = ( GEOMETRIC_REPRESENTATION_CONTEXT(2) 
PARAMETRIC_REPRESENTATION_CONTEXT() REPRESENTATION_CONTEXT('2D SPACE',''
  ) );
#1284 = ORIENTED_EDGE('',*,*,#1285,.F.);
#1285 = EDGE_CURVE('',#1136,#1260,#1286,.T.);
#1286 = SURFACE_CURVE('',#1287,(#1291,#1297),.PCURVE_S1.);
#1287 = LINE('',#1288,#1289);
#1288 = CARTESIAN_POINT('',(3.0975,-0.3,1.5));
#1289 = VECTOR('',#1290,1.);
#1290 = DIRECTION('',(-1.,0.,0.));
#1291 = PCURVE('',#544,#1292);
#1292 = DEFINITIONAL_REPRESENTATION('',(#1293),#1296);
#1293 = B_SPLINE_CURVE_WITH_KNOTS('',1,(#1294,#1295),.UNSPECIFIED.,.F.,
  .F.,(2,2),(-57.2025,3.3975),.PIECEWISE_BEZIER_KNOTS.);
#1294 = CARTESIAN_POINT('',(1.45,60.6));
#1295 = CARTESIAN_POINT('',(1.45,0.));
#1296 = ( GEOMETRIC_REPRESENTATION_CONTEXT(2) 
PARAMETRIC_REPRESENTATION_CONTEXT() REPRESENTATION_CONTEXT('2D SPACE',''
  ) );
#1297 = PCURVE('',#1051,#1298);
#1298 = DEFINITIONAL_REPRESENTATION('',(#1299),#1302);
#1299 = B_SPLINE_CURVE_WITH_KNOTS('',1,(#1300,#1301),.UNSPECIFIED.,.F.,
  .F.,(2,2),(-57.2025,3.3975),.PIECEWISE_BEZIER_KNOTS.);
#1300 = CARTESIAN_POINT('',(53.805,2.725));
#1301 = CARTESIAN_POINT('',(-6.795,2.725));
#1302 = ( GEOMETRIC_REPRESENTATION_CONTEXT(2) 
PARAMETRIC_REPRESENTATION_CONTEXT() REPRESENTATION_CONTEXT('2D SPACE',''
  ) );
#1303 = ORIENTED_EDGE('',*,*,#1159,.T.);
#1304 = ORIENTED_EDGE('',*,*,#529,.F.);
#1305 = ORIENTED_EDGE('',*,*,#1306,.F.);
#1306 = EDGE_CURVE('',#1185,#504,#1307,.T.);
#1307 = SURFACE_CURVE('',#1308,(#1312,#1319),.PCURVE_S1.);
#1308 = LINE('',#1309,#1310);
#1309 = CARTESIAN_POINT('',(60.3,-0.3,5.E-02));
#1310 = VECTOR('',#1311,1.);
#1311 = DIRECTION('',(0.,0.,1.));
#1312 = PCURVE('',#544,#1313);
#1313 = DEFINITIONAL_REPRESENTATION('',(#1314),#1318);
#1314 = LINE('',#1315,#1316);
#1315 = CARTESIAN_POINT('',(0.,60.6));
#1316 = VECTOR('',#1317,1.);
#1317 = DIRECTION('',(1.,0.));
#1318 = ( GEOMETRIC_REPRESENTATION_CONTEXT(2) 
PARAMETRIC_REPRESENTATION_CONTEXT() REPRESENTATION_CONTEXT('2D SPACE',''
  ) );
#1319 = PCURVE('',#518,#1320);
#1320 = DEFINITIONAL_REPRESENTATION('',(#1321),#1325);
#1321 = LINE('',#1322,#1323);
#1322 = CARTESIAN_POINT('',(0.,0.));
#1323 = VECTOR('',#1324,1.);
#1324 = DIRECTION('',(1.,0.));
#1325 = ( GEOMETRIC_REPRESENTATION_CONTEXT(2) 
PARAMETRIC_REPRESENTATION_CONTEXT() REPRESENTATION_CONTEXT('2D SPACE',''
  ) );
#1326 = ADVANCED_FACE('',(#1327),#518,.F.);
#1327 = FACE_BOUND('',#1328,.F.);
#1328 = EDGE_LOOP('',(#1329,#1330,#1353,#1374,#1400,#1426,#1452,#1471));
#1329 = ORIENTED_EDGE('',*,*,#1306,.F.);
#1330 = ORIENTED_EDGE('',*,*,#1331,.T.);
#1331 = EDGE_CURVE('',#1185,#1332,#1334,.T.);
#1332 = VERTEX_POINT('',#1333);
#1333 = CARTESIAN_POINT('',(60.3,-0.196773353932,5.E-02));
#1334 = SURFACE_CURVE('',#1335,(#1339,#1346),.PCURVE_S1.);
#1335 = LINE('',#1336,#1337);
#1336 = CARTESIAN_POINT('',(60.3,-0.3,5.E-02));
#1337 = VECTOR('',#1338,1.);
#1338 = DIRECTION('',(0.,1.,0.));
#1339 = PCURVE('',#518,#1340);
#1340 = DEFINITIONAL_REPRESENTATION('',(#1341),#1345);
#1341 = LINE('',#1342,#1343);
#1342 = CARTESIAN_POINT('',(0.,0.));
#1343 = VECTOR('',#1344,1.);
#1344 = DIRECTION('',(0.,-1.));
#1345 = ( GEOMETRIC_REPRESENTATION_CONTEXT(2) 
PARAMETRIC_REPRESENTATION_CONTEXT() REPRESENTATION_CONTEXT('2D SPACE',''
  ) );
#1346 = PCURVE('',#1200,#1347);
#1347 = DEFINITIONAL_REPRESENTATION('',(#1348),#1352);
#1348 = LINE('',#1349,#1350);
#1349 = CARTESIAN_POINT('',(60.6,0.));
#1350 = VECTOR('',#1351,1.);
#1351 = DIRECTION('',(0.,1.));
#1352 = ( GEOMETRIC_REPRESENTATION_CONTEXT(2) 
PARAMETRIC_REPRESENTATION_CONTEXT() REPRESENTATION_CONTEXT('2D SPACE',''
  ) );
#1353 = ORIENTED_EDGE('',*,*,#1354,.F.);
#1354 = EDGE_CURVE('',#1355,#1332,#1357,.T.);
#1355 = VERTEX_POINT('',#1356);
#1356 = CARTESIAN_POINT('',(60.3,-0.196773353932,0.2));
#1357 = SURFACE_CURVE('',#1358,(#1362,#1368),.PCURVE_S1.);
#1358 = LINE('',#1359,#1360);
#1359 = CARTESIAN_POINT('',(60.3,-0.196773353932,-6.7));
#1360 = VECTOR('',#1361,1.);
#1361 = DIRECTION('',(-0.,-0.,-1.));
#1362 = PCURVE('',#518,#1363);
#1363 = DEFINITIONAL_REPRESENTATION('',(#1364),#1367);
#1364 = B_SPLINE_CURVE_WITH_KNOTS('',1,(#1365,#1366),.UNSPECIFIED.,.F.,
  .F.,(2,2),(-6.9000006,-6.565),.PIECEWISE_BEZIER_KNOTS.);
#1365 = CARTESIAN_POINT('',(0.1500006,-0.103226646068));
#1366 = CARTESIAN_POINT('',(-0.185,-0.103226646068));
#1367 = ( GEOMETRIC_REPRESENTATION_CONTEXT(2) 
PARAMETRIC_REPRESENTATION_CONTEXT() REPRESENTATION_CONTEXT('2D SPACE',''
  ) );
#1368 = PCURVE('',#1227,#1369);
#1369 = DEFINITIONAL_REPRESENTATION('',(#1370),#1373);
#1370 = B_SPLINE_CURVE_WITH_KNOTS('',1,(#1371,#1372),.UNSPECIFIED.,.F.,
  .F.,(2,2),(-6.9000006,-6.565),.PIECEWISE_BEZIER_KNOTS.);
#1371 = CARTESIAN_POINT('',(-5.544167428166,-6.9000006));
#1372 = CARTESIAN_POINT('',(-5.544167428166,-6.565));
#1373 = ( GEOMETRIC_REPRESENTATION_CONTEXT(2) 
PARAMETRIC_REPRESENTATION_CONTEXT() REPRESENTATION_CONTEXT('2D SPACE',''
  ) );
#1374 = ORIENTED_EDGE('',*,*,#1375,.T.);
#1375 = EDGE_CURVE('',#1355,#1376,#1378,.T.);
#1376 = VERTEX_POINT('',#1377);
#1377 = CARTESIAN_POINT('',(60.3,1.73490903853,0.2));
#1378 = SURFACE_CURVE('',#1379,(#1383,#1389),.PCURVE_S1.);
#1379 = LINE('',#1380,#1381);
#1380 = CARTESIAN_POINT('',(60.3,2.85,0.2));
#1381 = VECTOR('',#1382,1.);
#1382 = DIRECTION('',(0.,1.,0.));
#1383 = PCURVE('',#518,#1384);
#1384 = DEFINITIONAL_REPRESENTATION('',(#1385),#1388);
#1385 = B_SPLINE_CURVE_WITH_KNOTS('',1,(#1386,#1387),.UNSPECIFIED.,.F.,
  .F.,(2,2),(-3.15,102.45),.PIECEWISE_BEZIER_KNOTS.);
#1386 = CARTESIAN_POINT('',(0.15,0.));
#1387 = CARTESIAN_POINT('',(0.15,-105.6));
#1388 = ( GEOMETRIC_REPRESENTATION_CONTEXT(2) 
PARAMETRIC_REPRESENTATION_CONTEXT() REPRESENTATION_CONTEXT('2D SPACE',''
  ) );
#1389 = PCURVE('',#1390,#1395);
#1390 = PLANE('',#1391);
#1391 = AXIS2_PLACEMENT_3D('',#1392,#1393,#1394);
#1392 = CARTESIAN_POINT('',(6.5,6.,0.2));
#1393 = DIRECTION('',(0.,0.,1.));
#1394 = DIRECTION('',(1.,0.,-0.));
#1395 = DEFINITIONAL_REPRESENTATION('',(#1396),#1399);
#1396 = B_SPLINE_CURVE_WITH_KNOTS('',1,(#1397,#1398),.UNSPECIFIED.,.F.,
  .F.,(2,2),(-3.15,102.45),.PIECEWISE_BEZIER_KNOTS.);
#1397 = CARTESIAN_POINT('',(53.8,-6.3));
#1398 = CARTESIAN_POINT('',(53.8,99.3));
#1399 = ( GEOMETRIC_REPRESENTATION_CONTEXT(2) 
PARAMETRIC_REPRESENTATION_CONTEXT() REPRESENTATION_CONTEXT('2D SPACE',''
  ) );
#1400 = ORIENTED_EDGE('',*,*,#1401,.F.);
#1401 = EDGE_CURVE('',#1402,#1376,#1404,.T.);
#1402 = VERTEX_POINT('',#1403);
#1403 = CARTESIAN_POINT('',(60.3,1.73490903853,1.5));
#1404 = SURFACE_CURVE('',#1405,(#1409,#1415),.PCURVE_S1.);
#1405 = LINE('',#1406,#1407);
#1406 = CARTESIAN_POINT('',(60.3,1.73490903853,0.25));
#1407 = VECTOR('',#1408,1.);
#1408 = DIRECTION('',(-0.,-0.,-1.));
#1409 = PCURVE('',#518,#1410);
#1410 = DEFINITIONAL_REPRESENTATION('',(#1411),#1414);
#1411 = B_SPLINE_CURVE_WITH_KNOTS('',1,(#1412,#1413),.UNSPECIFIED.,.F.,
  .F.,(2,2),(-1.2500006,5.00006E-02),.PIECEWISE_BEZIER_KNOTS.);
#1412 = CARTESIAN_POINT('',(1.4500006,-2.03490903853));
#1413 = CARTESIAN_POINT('',(0.1499994,-2.03490903853));
#1414 = ( GEOMETRIC_REPRESENTATION_CONTEXT(2) 
PARAMETRIC_REPRESENTATION_CONTEXT() REPRESENTATION_CONTEXT('2D SPACE',''
  ) );
#1415 = PCURVE('',#1416,#1421);
#1416 = CYLINDRICAL_SURFACE('',#1417,8.02);
#1417 = AXIS2_PLACEMENT_3D('',#1418,#1419,#1420);
#1418 = CARTESIAN_POINT('',(53.505,5.995,0.25));
#1419 = DIRECTION('',(-0.,-0.,-1.));
#1420 = DIRECTION('',(1.,0.,0.));
#1421 = DEFINITIONAL_REPRESENTATION('',(#1422),#1425);
#1422 = B_SPLINE_CURVE_WITH_KNOTS('',1,(#1423,#1424),.UNSPECIFIED.,.F.,
  .F.,(2,2),(-1.2500006,5.00006E-02),.PIECEWISE_BEZIER_KNOTS.);
#1423 = CARTESIAN_POINT('',(-5.723188595756,-1.2500006));
#1424 = CARTESIAN_POINT('',(-5.723188595756,5.00006E-02));
#1425 = ( GEOMETRIC_REPRESENTATION_CONTEXT(2) 
PARAMETRIC_REPRESENTATION_CONTEXT() REPRESENTATION_CONTEXT('2D SPACE',''
  ) );
#1426 = ORIENTED_EDGE('',*,*,#1427,.F.);
#1427 = EDGE_CURVE('',#1428,#1402,#1430,.T.);
#1428 = VERTEX_POINT('',#1429);
#1429 = CARTESIAN_POINT('',(60.3,6.302098789954E-02,1.5));
#1430 = SURFACE_CURVE('',#1431,(#1435,#1441),.PCURVE_S1.);
#1431 = LINE('',#1432,#1433);
#1432 = CARTESIAN_POINT('',(60.3,-1.6625,1.5));
#1433 = VECTOR('',#1434,1.);
#1434 = DIRECTION('',(0.,1.,0.));
#1435 = PCURVE('',#518,#1436);
#1436 = DEFINITIONAL_REPRESENTATION('',(#1437),#1440);
#1437 = B_SPLINE_CURVE_WITH_KNOTS('',1,(#1438,#1439),.UNSPECIFIED.,.F.,
  .F.,(2,2),(1.3625,106.9625),.PIECEWISE_BEZIER_KNOTS.);
#1438 = CARTESIAN_POINT('',(1.45,0.));
#1439 = CARTESIAN_POINT('',(1.45,-105.6));
#1440 = ( GEOMETRIC_REPRESENTATION_CONTEXT(2) 
PARAMETRIC_REPRESENTATION_CONTEXT() REPRESENTATION_CONTEXT('2D SPACE',''
  ) );
#1441 = PCURVE('',#1442,#1447);
#1442 = PLANE('',#1443);
#1443 = AXIS2_PLACEMENT_3D('',#1444,#1445,#1446);
#1444 = CARTESIAN_POINT('',(6.495,-3.025,1.5));
#1445 = DIRECTION('',(0.,0.,1.));
#1446 = DIRECTION('',(1.,0.,0.));
#1447 = DEFINITIONAL_REPRESENTATION('',(#1448),#1451);
#1448 = B_SPLINE_CURVE_WITH_KNOTS('',1,(#1449,#1450),.UNSPECIFIED.,.F.,
  .F.,(2,2),(1.3625,106.9625),.PIECEWISE_BEZIER_KNOTS.);
#1449 = CARTESIAN_POINT('',(53.805,2.725));
#1450 = CARTESIAN_POINT('',(53.805,108.325));
#1451 = ( GEOMETRIC_REPRESENTATION_CONTEXT(2) 
PARAMETRIC_REPRESENTATION_CONTEXT() REPRESENTATION_CONTEXT('2D SPACE',''
  ) );
#1452 = ORIENTED_EDGE('',*,*,#1453,.T.);
#1453 = EDGE_CURVE('',#1428,#471,#1454,.T.);
#1454 = SURFACE_CURVE('',#1455,(#1459,#1465),.PCURVE_S1.);
#1455 = LINE('',#1456,#1457);
#1456 = CARTESIAN_POINT('',(60.3,6.302098789955E-02,0.35));
#1457 = VECTOR('',#1458,1.);
#1458 = DIRECTION('',(-0.,-0.,-1.));
#1459 = PCURVE('',#518,#1460);
#1460 = DEFINITIONAL_REPRESENTATION('',(#1461),#1464);
#1461 = B_SPLINE_CURVE_WITH_KNOTS('',1,(#1462,#1463),.UNSPECIFIED.,.F.,
  .F.,(2,2),(-1.1500006,-8.99994E-02),.PIECEWISE_BEZIER_KNOTS.);
#1462 = CARTESIAN_POINT('',(1.4500006,-0.3630209879));
#1463 = CARTESIAN_POINT('',(0.3899994,-0.3630209879));
#1464 = ( GEOMETRIC_REPRESENTATION_CONTEXT(2) 
PARAMETRIC_REPRESENTATION_CONTEXT() REPRESENTATION_CONTEXT('2D SPACE',''
  ) );
#1465 = PCURVE('',#491,#1466);
#1466 = DEFINITIONAL_REPRESENTATION('',(#1467),#1470);
#1467 = B_SPLINE_CURVE_WITH_KNOTS('',1,(#1468,#1469),.UNSPECIFIED.,.F.,
  .F.,(2,2),(-1.1500006,-8.99994E-02),.PIECEWISE_BEZIER_KNOTS.);
#1468 = CARTESIAN_POINT('',(-5.565493850206,-1.1500006));
#1469 = CARTESIAN_POINT('',(-5.565493850206,-8.99994E-02));
#1470 = ( GEOMETRIC_REPRESENTATION_CONTEXT(2) 
PARAMETRIC_REPRESENTATION_CONTEXT() REPRESENTATION_CONTEXT('2D SPACE',''
  ) );
#1471 = ORIENTED_EDGE('',*,*,#503,.F.);
#1472 = ADVANCED_FACE('',(#1473),#491,.T.);
#1473 = FACE_BOUND('',#1474,.F.);
#1474 = EDGE_LOOP('',(#1475,#1476,#1500,#1520));
#1475 = ORIENTED_EDGE('',*,*,#1453,.F.);
#1476 = ORIENTED_EDGE('',*,*,#1477,.T.);
#1477 = EDGE_CURVE('',#1428,#1478,#1480,.T.);
#1478 = VERTEX_POINT('',#1479);
#1479 = CARTESIAN_POINT('',(62.525,5.995,1.5));
#1480 = SURFACE_CURVE('',#1481,(#1486,#1493),.PCURVE_S1.);
#1481 = CIRCLE('',#1482,9.02);
#1482 = AXIS2_PLACEMENT_3D('',#1483,#1484,#1485);
#1483 = CARTESIAN_POINT('',(53.505,5.995,1.5));
#1484 = DIRECTION('',(0.,0.,1.));
#1485 = DIRECTION('',(1.,0.,0.));
#1486 = PCURVE('',#491,#1487);
#1487 = DEFINITIONAL_REPRESENTATION('',(#1488),#1492);
#1488 = LINE('',#1489,#1490);
#1489 = CARTESIAN_POINT('',(-0.,-1.15));
#1490 = VECTOR('',#1491,1.);
#1491 = DIRECTION('',(-1.,0.));
#1492 = ( GEOMETRIC_REPRESENTATION_CONTEXT(2) 
PARAMETRIC_REPRESENTATION_CONTEXT() REPRESENTATION_CONTEXT('2D SPACE',''
  ) );
#1493 = PCURVE('',#1442,#1494);
#1494 = DEFINITIONAL_REPRESENTATION('',(#1495),#1499);
#1495 = CIRCLE('',#1496,9.02);
#1496 = AXIS2_PLACEMENT_2D('',#1497,#1498);
#1497 = CARTESIAN_POINT('',(47.01,9.02));
#1498 = DIRECTION('',(1.,0.));
#1499 = ( GEOMETRIC_REPRESENTATION_CONTEXT(2) 
PARAMETRIC_REPRESENTATION_CONTEXT() REPRESENTATION_CONTEXT('2D SPACE',''
  ) );
#1500 = ORIENTED_EDGE('',*,*,#1501,.F.);
#1501 = EDGE_CURVE('',#445,#1478,#1502,.T.);
#1502 = SURFACE_CURVE('',#1503,(#1507,#1513),.PCURVE_S1.);
#1503 = LINE('',#1504,#1505);
#1504 = CARTESIAN_POINT('',(62.525,5.995,0.35));
#1505 = VECTOR('',#1506,1.);
#1506 = DIRECTION('',(0.,0.,1.));
#1507 = PCURVE('',#491,#1508);
#1508 = DEFINITIONAL_REPRESENTATION('',(#1509),#1512);
#1509 = B_SPLINE_CURVE_WITH_KNOTS('',1,(#1510,#1511),.UNSPECIFIED.,.F.,
  .F.,(2,2),(0.,1.15),.PIECEWISE_BEZIER_KNOTS.);
#1510 = CARTESIAN_POINT('',(-6.28318530718,0.));
#1511 = CARTESIAN_POINT('',(-6.28318530718,-1.15));
#1512 = ( GEOMETRIC_REPRESENTATION_CONTEXT(2) 
PARAMETRIC_REPRESENTATION_CONTEXT() REPRESENTATION_CONTEXT('2D SPACE',''
  ) );
#1513 = PCURVE('',#459,#1514);
#1514 = DEFINITIONAL_REPRESENTATION('',(#1515),#1519);
#1515 = LINE('',#1516,#1517);
#1516 = CARTESIAN_POINT('',(0.,0.));
#1517 = VECTOR('',#1518,1.);
#1518 = DIRECTION('',(1.,0.));
#1519 = ( GEOMETRIC_REPRESENTATION_CONTEXT(2) 
PARAMETRIC_REPRESENTATION_CONTEXT() REPRESENTATION_CONTEXT('2D SPACE',''
  ) );
#1520 = ORIENTED_EDGE('',*,*,#470,.T.);
#1521 = ADVANCED_FACE('',(#1522),#459,.T.);
#1522 = FACE_BOUND('',#1523,.T.);
#1523 = EDGE_LOOP('',(#1524,#1525,#1526,#1547));
#1524 = ORIENTED_EDGE('',*,*,#1501,.F.);
#1525 = ORIENTED_EDGE('',*,*,#444,.T.);
#1526 = ORIENTED_EDGE('',*,*,#1527,.T.);
#1527 = EDGE_CURVE('',#419,#1528,#1530,.T.);
#1528 = VERTEX_POINT('',#1529);
#1529 = CARTESIAN_POINT('',(62.525,62.55,1.5));
#1530 = SURFACE_CURVE('',#1531,(#1535,#1541),.PCURVE_S1.);
#1531 = LINE('',#1532,#1533);
#1532 = CARTESIAN_POINT('',(62.525,62.55,-0.6));
#1533 = VECTOR('',#1534,1.);
#1534 = DIRECTION('',(0.,0.,1.));
#1535 = PCURVE('',#459,#1536);
#1536 = DEFINITIONAL_REPRESENTATION('',(#1537),#1540);
#1537 = B_SPLINE_CURVE_WITH_KNOTS('',1,(#1538,#1539),.UNSPECIFIED.,.F.,
  .F.,(2,2),(1.04,2.1),.PIECEWISE_BEZIER_KNOTS.);
#1538 = CARTESIAN_POINT('',(9.E-02,-56.555));
#1539 = CARTESIAN_POINT('',(1.15,-56.555));
#1540 = ( GEOMETRIC_REPRESENTATION_CONTEXT(2) 
PARAMETRIC_REPRESENTATION_CONTEXT() REPRESENTATION_CONTEXT('2D SPACE',''
  ) );
#1541 = PCURVE('',#433,#1542);
#1542 = DEFINITIONAL_REPRESENTATION('',(#1543),#1546);
#1543 = B_SPLINE_CURVE_WITH_KNOTS('',1,(#1544,#1545),.UNSPECIFIED.,.F.,
  .F.,(2,2),(1.04,2.1),.PIECEWISE_BEZIER_KNOTS.);
#1544 = CARTESIAN_POINT('',(1.99,3.825));
#1545 = CARTESIAN_POINT('',(3.05,3.825));
#1546 = ( GEOMETRIC_REPRESENTATION_CONTEXT(2) 
PARAMETRIC_REPRESENTATION_CONTEXT() REPRESENTATION_CONTEXT('2D SPACE',''
  ) );
#1547 = ORIENTED_EDGE('',*,*,#1548,.F.);
#1548 = EDGE_CURVE('',#1478,#1528,#1549,.T.);
#1549 = SURFACE_CURVE('',#1550,(#1554,#1561),.PCURVE_S1.);
#1550 = LINE('',#1551,#1552);
#1551 = CARTESIAN_POINT('',(62.525,5.995,1.5));
#1552 = VECTOR('',#1553,1.);
#1553 = DIRECTION('',(0.,1.,0.));
#1554 = PCURVE('',#459,#1555);
#1555 = DEFINITIONAL_REPRESENTATION('',(#1556),#1560);
#1556 = LINE('',#1557,#1558);
#1557 = CARTESIAN_POINT('',(1.15,0.));
#1558 = VECTOR('',#1559,1.);
#1559 = DIRECTION('',(0.,-1.));
#1560 = ( GEOMETRIC_REPRESENTATION_CONTEXT(2) 
PARAMETRIC_REPRESENTATION_CONTEXT() REPRESENTATION_CONTEXT('2D SPACE',''
  ) );
#1561 = PCURVE('',#1442,#1562);
#1562 = DEFINITIONAL_REPRESENTATION('',(#1563),#1567);
#1563 = LINE('',#1564,#1565);
#1564 = CARTESIAN_POINT('',(56.03,9.02));
#1565 = VECTOR('',#1566,1.);
#1566 = DIRECTION('',(0.,1.));
#1567 = ( GEOMETRIC_REPRESENTATION_CONTEXT(2) 
PARAMETRIC_REPRESENTATION_CONTEXT() REPRESENTATION_CONTEXT('2D SPACE',''
  ) );
#1568 = ADVANCED_FACE('',(#1569),#433,.T.);
#1569 = FACE_BOUND('',#1570,.T.);
#1570 = EDGE_LOOP('',(#1571,#1601,#1627,#1648,#1674,#1693,#1694,#1695));
#1571 = ORIENTED_EDGE('',*,*,#1572,.F.);
#1572 = EDGE_CURVE('',#1573,#1575,#1577,.T.);
#1573 = VERTEX_POINT('',#1574);
#1574 = CARTESIAN_POINT('',(62.7,62.55,-1.55));
#1575 = VERTEX_POINT('',#1576);
#1576 = CARTESIAN_POINT('',(63.7,62.55,-1.55));
#1577 = SURFACE_CURVE('',#1578,(#1582,#1589),.PCURVE_S1.);
#1578 = LINE('',#1579,#1580);
#1579 = CARTESIAN_POINT('',(58.7,62.55,-1.55));
#1580 = VECTOR('',#1581,1.);
#1581 = DIRECTION('',(1.,0.,0.));
#1582 = PCURVE('',#433,#1583);
#1583 = DEFINITIONAL_REPRESENTATION('',(#1584),#1588);
#1584 = LINE('',#1585,#1586);
#1585 = CARTESIAN_POINT('',(0.,0.));
#1586 = VECTOR('',#1587,1.);
#1587 = DIRECTION('',(0.,1.));
#1588 = ( GEOMETRIC_REPRESENTATION_CONTEXT(2) 
PARAMETRIC_REPRESENTATION_CONTEXT() REPRESENTATION_CONTEXT('2D SPACE',''
  ) );
#1589 = PCURVE('',#1590,#1595);
#1590 = PLANE('',#1591);
#1591 = AXIS2_PLACEMENT_3D('',#1592,#1593,#1594);
#1592 = CARTESIAN_POINT('',(58.7,62.55,-1.55));
#1593 = DIRECTION('',(0.,0.,1.));
#1594 = DIRECTION('',(1.,0.,0.));
#1595 = DEFINITIONAL_REPRESENTATION('',(#1596),#1600);
#1596 = LINE('',#1597,#1598);
#1597 = CARTESIAN_POINT('',(0.,0.));
#1598 = VECTOR('',#1599,1.);
#1599 = DIRECTION('',(1.,0.));
#1600 = ( GEOMETRIC_REPRESENTATION_CONTEXT(2) 
PARAMETRIC_REPRESENTATION_CONTEXT() REPRESENTATION_CONTEXT('2D SPACE',''
  ) );
#1601 = ORIENTED_EDGE('',*,*,#1602,.T.);
#1602 = EDGE_CURVE('',#1573,#1603,#1605,.T.);
#1603 = VERTEX_POINT('',#1604);
#1604 = CARTESIAN_POINT('',(62.7,62.55,0.2));
#1605 = SURFACE_CURVE('',#1606,(#1610,#1616),.PCURVE_S1.);
#1606 = LINE('',#1607,#1608);
#1607 = CARTESIAN_POINT('',(62.7,62.55,-4.125));
#1608 = VECTOR('',#1609,1.);
#1609 = DIRECTION('',(0.,0.,1.));
#1610 = PCURVE('',#433,#1611);
#1611 = DEFINITIONAL_REPRESENTATION('',(#1612),#1615);
#1612 = B_SPLINE_CURVE_WITH_KNOTS('',1,(#1613,#1614),.UNSPECIFIED.,.F.,
  .F.,(2,2),(2.575,4.325),.PIECEWISE_BEZIER_KNOTS.);
#1613 = CARTESIAN_POINT('',(0.,4.));
#1614 = CARTESIAN_POINT('',(1.75,4.));
#1615 = ( GEOMETRIC_REPRESENTATION_CONTEXT(2) 
PARAMETRIC_REPRESENTATION_CONTEXT() REPRESENTATION_CONTEXT('2D SPACE',''
  ) );
#1616 = PCURVE('',#1617,#1622);
#1617 = PLANE('',#1618);
#1618 = AXIS2_PLACEMENT_3D('',#1619,#1620,#1621);
#1619 = CARTESIAN_POINT('',(62.7,6.,-6.7));
#1620 = DIRECTION('',(1.,0.,0.));
#1621 = DIRECTION('',(0.,0.,1.));
#1622 = DEFINITIONAL_REPRESENTATION('',(#1623),#1626);
#1623 = B_SPLINE_CURVE_WITH_KNOTS('',1,(#1624,#1625),.UNSPECIFIED.,.F.,
  .F.,(2,2),(2.575,4.325),.PIECEWISE_BEZIER_KNOTS.);
#1624 = CARTESIAN_POINT('',(5.15,-56.55));
#1625 = CARTESIAN_POINT('',(6.9,-56.55));
#1626 = ( GEOMETRIC_REPRESENTATION_CONTEXT(2) 
PARAMETRIC_REPRESENTATION_CONTEXT() REPRESENTATION_CONTEXT('2D SPACE',''
  ) );
#1627 = ORIENTED_EDGE('',*,*,#1628,.T.);
#1628 = EDGE_CURVE('',#1603,#1629,#1631,.T.);
#1629 = VERTEX_POINT('',#1630);
#1630 = CARTESIAN_POINT('',(61.525,62.55,0.2));
#1631 = SURFACE_CURVE('',#1632,(#1636,#1642),.PCURVE_S1.);
#1632 = LINE('',#1633,#1634);
#1633 = CARTESIAN_POINT('',(32.6,62.55,0.2));
#1634 = VECTOR('',#1635,1.);
#1635 = DIRECTION('',(-1.,0.,0.));
#1636 = PCURVE('',#433,#1637);
#1637 = DEFINITIONAL_REPRESENTATION('',(#1638),#1641);
#1638 = B_SPLINE_CURVE_WITH_KNOTS('',1,(#1639,#1640),.UNSPECIFIED.,.F.,
  .F.,(2,2),(-30.1,-27.7),.PIECEWISE_BEZIER_KNOTS.);
#1639 = CARTESIAN_POINT('',(1.75,4.));
#1640 = CARTESIAN_POINT('',(1.75,1.6));
#1641 = ( GEOMETRIC_REPRESENTATION_CONTEXT(2) 
PARAMETRIC_REPRESENTATION_CONTEXT() REPRESENTATION_CONTEXT('2D SPACE',''
  ) );
#1642 = PCURVE('',#1390,#1643);
#1643 = DEFINITIONAL_REPRESENTATION('',(#1644),#1647);
#1644 = B_SPLINE_CURVE_WITH_KNOTS('',1,(#1645,#1646),.UNSPECIFIED.,.F.,
  .F.,(2,2),(-30.1,-27.7),.PIECEWISE_BEZIER_KNOTS.);
#1645 = CARTESIAN_POINT('',(56.2,56.55));
#1646 = CARTESIAN_POINT('',(53.8,56.55));
#1647 = ( GEOMETRIC_REPRESENTATION_CONTEXT(2) 
PARAMETRIC_REPRESENTATION_CONTEXT() REPRESENTATION_CONTEXT('2D SPACE',''
  ) );
#1648 = ORIENTED_EDGE('',*,*,#1649,.T.);
#1649 = EDGE_CURVE('',#1629,#1650,#1652,.T.);
#1650 = VERTEX_POINT('',#1651);
#1651 = CARTESIAN_POINT('',(61.525,62.55,1.5));
#1652 = SURFACE_CURVE('',#1653,(#1657,#1663),.PCURVE_S1.);
#1653 = LINE('',#1654,#1655);
#1654 = CARTESIAN_POINT('',(61.525,62.55,-0.65));
#1655 = VECTOR('',#1656,1.);
#1656 = DIRECTION('',(0.,0.,1.));
#1657 = PCURVE('',#433,#1658);
#1658 = DEFINITIONAL_REPRESENTATION('',(#1659),#1662);
#1659 = B_SPLINE_CURVE_WITH_KNOTS('',1,(#1660,#1661),.UNSPECIFIED.,.F.,
  .F.,(2,2),(0.85,2.15),.PIECEWISE_BEZIER_KNOTS.);
#1660 = CARTESIAN_POINT('',(1.75,2.825));
#1661 = CARTESIAN_POINT('',(3.05,2.825));
#1662 = ( GEOMETRIC_REPRESENTATION_CONTEXT(2) 
PARAMETRIC_REPRESENTATION_CONTEXT() REPRESENTATION_CONTEXT('2D SPACE',''
  ) );
#1663 = PCURVE('',#1664,#1669);
#1664 = PLANE('',#1665);
#1665 = AXIS2_PLACEMENT_3D('',#1666,#1667,#1668);
#1666 = CARTESIAN_POINT('',(61.525,5.995,0.25));
#1667 = DIRECTION('',(1.,0.,0.));
#1668 = DIRECTION('',(0.,0.,1.));
#1669 = DEFINITIONAL_REPRESENTATION('',(#1670),#1673);
#1670 = B_SPLINE_CURVE_WITH_KNOTS('',1,(#1671,#1672),.UNSPECIFIED.,.F.,
  .F.,(2,2),(0.85,2.15),.PIECEWISE_BEZIER_KNOTS.);
#1671 = CARTESIAN_POINT('',(-5.E-02,-56.555));
#1672 = CARTESIAN_POINT('',(1.25,-56.555));
#1673 = ( GEOMETRIC_REPRESENTATION_CONTEXT(2) 
PARAMETRIC_REPRESENTATION_CONTEXT() REPRESENTATION_CONTEXT('2D SPACE',''
  ) );
#1674 = ORIENTED_EDGE('',*,*,#1675,.F.);
#1675 = EDGE_CURVE('',#1528,#1650,#1676,.T.);
#1676 = SURFACE_CURVE('',#1677,(#1681,#1687),.PCURVE_S1.);
#1677 = LINE('',#1678,#1679);
#1678 = CARTESIAN_POINT('',(32.5975,62.55,1.5));
#1679 = VECTOR('',#1680,1.);
#1680 = DIRECTION('',(-1.,0.,0.));
#1681 = PCURVE('',#433,#1682);
#1682 = DEFINITIONAL_REPRESENTATION('',(#1683),#1686);
#1683 = B_SPLINE_CURVE_WITH_KNOTS('',1,(#1684,#1685),.UNSPECIFIED.,.F.,
  .F.,(2,2),(-29.9275,-27.7025),.PIECEWISE_BEZIER_KNOTS.);
#1684 = CARTESIAN_POINT('',(3.05,3.825));
#1685 = CARTESIAN_POINT('',(3.05,1.6));
#1686 = ( GEOMETRIC_REPRESENTATION_CONTEXT(2) 
PARAMETRIC_REPRESENTATION_CONTEXT() REPRESENTATION_CONTEXT('2D SPACE',''
  ) );
#1687 = PCURVE('',#1442,#1688);
#1688 = DEFINITIONAL_REPRESENTATION('',(#1689),#1692);
#1689 = B_SPLINE_CURVE_WITH_KNOTS('',1,(#1690,#1691),.UNSPECIFIED.,.F.,
  .F.,(2,2),(-29.9275,-27.7025),.PIECEWISE_BEZIER_KNOTS.);
#1690 = CARTESIAN_POINT('',(56.03,65.575));
#1691 = CARTESIAN_POINT('',(53.805,65.575));
#1692 = ( GEOMETRIC_REPRESENTATION_CONTEXT(2) 
PARAMETRIC_REPRESENTATION_CONTEXT() REPRESENTATION_CONTEXT('2D SPACE',''
  ) );
#1693 = ORIENTED_EDGE('',*,*,#1527,.F.);
#1694 = ORIENTED_EDGE('',*,*,#418,.F.);
#1695 = ORIENTED_EDGE('',*,*,#1696,.F.);
#1696 = EDGE_CURVE('',#1575,#393,#1697,.T.);
#1697 = SURFACE_CURVE('',#1698,(#1702,#1709),.PCURVE_S1.);
#1698 = LINE('',#1699,#1700);
#1699 = CARTESIAN_POINT('',(63.7,62.55,-1.55));
#1700 = VECTOR('',#1701,1.);
#1701 = DIRECTION('',(0.,0.,1.));
#1702 = PCURVE('',#433,#1703);
#1703 = DEFINITIONAL_REPRESENTATION('',(#1704),#1708);
#1704 = LINE('',#1705,#1706);
#1705 = CARTESIAN_POINT('',(0.,5.));
#1706 = VECTOR('',#1707,1.);
#1707 = DIRECTION('',(1.,0.));
#1708 = ( GEOMETRIC_REPRESENTATION_CONTEXT(2) 
PARAMETRIC_REPRESENTATION_CONTEXT() REPRESENTATION_CONTEXT('2D SPACE',''
  ) );
#1709 = PCURVE('',#407,#1710);
#1710 = DEFINITIONAL_REPRESENTATION('',(#1711),#1715);
#1711 = LINE('',#1712,#1713);
#1712 = CARTESIAN_POINT('',(0.,0.));
#1713 = VECTOR('',#1714,1.);
#1714 = DIRECTION('',(1.,0.));
#1715 = ( GEOMETRIC_REPRESENTATION_CONTEXT(2) 
PARAMETRIC_REPRESENTATION_CONTEXT() REPRESENTATION_CONTEXT('2D SPACE',''
  ) );
#1716 = ADVANCED_FACE('',(#1717),#407,.F.);
#1717 = FACE_BOUND('',#1718,.F.);
#1718 = EDGE_LOOP('',(#1719,#1720,#1743,#1764));
#1719 = ORIENTED_EDGE('',*,*,#1696,.F.);
#1720 = ORIENTED_EDGE('',*,*,#1721,.T.);
#1721 = EDGE_CURVE('',#1575,#1722,#1724,.T.);
#1722 = VERTEX_POINT('',#1723);
#1723 = CARTESIAN_POINT('',(63.7,70.55,-1.55));
#1724 = SURFACE_CURVE('',#1725,(#1729,#1736),.PCURVE_S1.);
#1725 = LINE('',#1726,#1727);
#1726 = CARTESIAN_POINT('',(63.7,62.55,-1.55));
#1727 = VECTOR('',#1728,1.);
#1728 = DIRECTION('',(0.,1.,0.));
#1729 = PCURVE('',#407,#1730);
#1730 = DEFINITIONAL_REPRESENTATION('',(#1731),#1735);
#1731 = LINE('',#1732,#1733);
#1732 = CARTESIAN_POINT('',(0.,0.));
#1733 = VECTOR('',#1734,1.);
#1734 = DIRECTION('',(0.,-1.));
#1735 = ( GEOMETRIC_REPRESENTATION_CONTEXT(2) 
PARAMETRIC_REPRESENTATION_CONTEXT() REPRESENTATION_CONTEXT('2D SPACE',''
  ) );
#1736 = PCURVE('',#1590,#1737);
#1737 = DEFINITIONAL_REPRESENTATION('',(#1738),#1742);
#1738 = LINE('',#1739,#1740);
#1739 = CARTESIAN_POINT('',(5.,0.));
#1740 = VECTOR('',#1741,1.);
#1741 = DIRECTION('',(0.,1.));
#1742 = ( GEOMETRIC_REPRESENTATION_CONTEXT(2) 
PARAMETRIC_REPRESENTATION_CONTEXT() REPRESENTATION_CONTEXT('2D SPACE',''
  ) );
#1743 = ORIENTED_EDGE('',*,*,#1744,.T.);
#1744 = EDGE_CURVE('',#1722,#367,#1745,.T.);
#1745 = SURFACE_CURVE('',#1746,(#1750,#1757),.PCURVE_S1.);
#1746 = LINE('',#1747,#1748);
#1747 = CARTESIAN_POINT('',(63.7,70.55,-1.55));
#1748 = VECTOR('',#1749,1.);
#1749 = DIRECTION('',(0.,0.,1.));
#1750 = PCURVE('',#407,#1751);
#1751 = DEFINITIONAL_REPRESENTATION('',(#1752),#1756);
#1752 = LINE('',#1753,#1754);
#1753 = CARTESIAN_POINT('',(0.,-8.));
#1754 = VECTOR('',#1755,1.);
#1755 = DIRECTION('',(1.,0.));
#1756 = ( GEOMETRIC_REPRESENTATION_CONTEXT(2) 
PARAMETRIC_REPRESENTATION_CONTEXT() REPRESENTATION_CONTEXT('2D SPACE',''
  ) );
#1757 = PCURVE('',#381,#1758);
#1758 = DEFINITIONAL_REPRESENTATION('',(#1759),#1763);
#1759 = LINE('',#1760,#1761);
#1760 = CARTESIAN_POINT('',(0.,5.));
#1761 = VECTOR('',#1762,1.);
#1762 = DIRECTION('',(1.,0.));
#1763 = ( GEOMETRIC_REPRESENTATION_CONTEXT(2) 
PARAMETRIC_REPRESENTATION_CONTEXT() REPRESENTATION_CONTEXT('2D SPACE',''
  ) );
#1764 = ORIENTED_EDGE('',*,*,#392,.F.);
#1765 = ADVANCED_FACE('',(#1766),#381,.F.);
#1766 = FACE_BOUND('',#1767,.F.);
#1767 = EDGE_LOOP('',(#1768,#1791,#1812,#1838,#1864,#1890,#1909,#1910));
#1768 = ORIENTED_EDGE('',*,*,#1769,.F.);
#1769 = EDGE_CURVE('',#1770,#1722,#1772,.T.);
#1770 = VERTEX_POINT('',#1771);
#1771 = CARTESIAN_POINT('',(62.7,70.55,-1.55));
#1772 = SURFACE_CURVE('',#1773,(#1777,#1784),.PCURVE_S1.);
#1773 = LINE('',#1774,#1775);
#1774 = CARTESIAN_POINT('',(58.7,70.55,-1.55));
#1775 = VECTOR('',#1776,1.);
#1776 = DIRECTION('',(1.,0.,0.));
#1777 = PCURVE('',#381,#1778);
#1778 = DEFINITIONAL_REPRESENTATION('',(#1779),#1783);
#1779 = LINE('',#1780,#1781);
#1780 = CARTESIAN_POINT('',(0.,0.));
#1781 = VECTOR('',#1782,1.);
#1782 = DIRECTION('',(0.,1.));
#1783 = ( GEOMETRIC_REPRESENTATION_CONTEXT(2) 
PARAMETRIC_REPRESENTATION_CONTEXT() REPRESENTATION_CONTEXT('2D SPACE',''
  ) );
#1784 = PCURVE('',#1590,#1785);
#1785 = DEFINITIONAL_REPRESENTATION('',(#1786),#1790);
#1786 = LINE('',#1787,#1788);
#1787 = CARTESIAN_POINT('',(0.,8.));
#1788 = VECTOR('',#1789,1.);
#1789 = DIRECTION('',(1.,0.));
#1790 = ( GEOMETRIC_REPRESENTATION_CONTEXT(2) 
PARAMETRIC_REPRESENTATION_CONTEXT() REPRESENTATION_CONTEXT('2D SPACE',''
  ) );
#1791 = ORIENTED_EDGE('',*,*,#1792,.T.);
#1792 = EDGE_CURVE('',#1770,#1793,#1795,.T.);
#1793 = VERTEX_POINT('',#1794);
#1794 = CARTESIAN_POINT('',(62.7,70.55,0.2));
#1795 = SURFACE_CURVE('',#1796,(#1800,#1806),.PCURVE_S1.);
#1796 = LINE('',#1797,#1798);
#1797 = CARTESIAN_POINT('',(62.7,70.55,-4.125));
#1798 = VECTOR('',#1799,1.);
#1799 = DIRECTION('',(0.,0.,1.));
#1800 = PCURVE('',#381,#1801);
#1801 = DEFINITIONAL_REPRESENTATION('',(#1802),#1805);
#1802 = B_SPLINE_CURVE_WITH_KNOTS('',1,(#1803,#1804),.UNSPECIFIED.,.F.,
  .F.,(2,2),(2.575,4.325),.PIECEWISE_BEZIER_KNOTS.);
#1803 = CARTESIAN_POINT('',(0.,4.));
#1804 = CARTESIAN_POINT('',(1.75,4.));
#1805 = ( GEOMETRIC_REPRESENTATION_CONTEXT(2) 
PARAMETRIC_REPRESENTATION_CONTEXT() REPRESENTATION_CONTEXT('2D SPACE',''
  ) );
#1806 = PCURVE('',#1617,#1807);
#1807 = DEFINITIONAL_REPRESENTATION('',(#1808),#1811);
#1808 = B_SPLINE_CURVE_WITH_KNOTS('',1,(#1809,#1810),.UNSPECIFIED.,.F.,
  .F.,(2,2),(2.575,4.325),.PIECEWISE_BEZIER_KNOTS.);
#1809 = CARTESIAN_POINT('',(5.15,-64.55));
#1810 = CARTESIAN_POINT('',(6.9,-64.55));
#1811 = ( GEOMETRIC_REPRESENTATION_CONTEXT(2) 
PARAMETRIC_REPRESENTATION_CONTEXT() REPRESENTATION_CONTEXT('2D SPACE',''
  ) );
#1812 = ORIENTED_EDGE('',*,*,#1813,.T.);
#1813 = EDGE_CURVE('',#1793,#1814,#1816,.T.);
#1814 = VERTEX_POINT('',#1815);
#1815 = CARTESIAN_POINT('',(61.525,70.55,0.2));
#1816 = SURFACE_CURVE('',#1817,(#1821,#1827),.PCURVE_S1.);
#1817 = LINE('',#1818,#1819);
#1818 = CARTESIAN_POINT('',(32.6,70.55,0.2));
#1819 = VECTOR('',#1820,1.);
#1820 = DIRECTION('',(-1.,0.,0.));
#1821 = PCURVE('',#381,#1822);
#1822 = DEFINITIONAL_REPRESENTATION('',(#1823),#1826);
#1823 = B_SPLINE_CURVE_WITH_KNOTS('',1,(#1824,#1825),.UNSPECIFIED.,.F.,
  .F.,(2,2),(-30.1,-27.7),.PIECEWISE_BEZIER_KNOTS.);
#1824 = CARTESIAN_POINT('',(1.75,4.));
#1825 = CARTESIAN_POINT('',(1.75,1.6));
#1826 = ( GEOMETRIC_REPRESENTATION_CONTEXT(2) 
PARAMETRIC_REPRESENTATION_CONTEXT() REPRESENTATION_CONTEXT('2D SPACE',''
  ) );
#1827 = PCURVE('',#1828,#1833);
#1828 = PLANE('',#1829);
#1829 = AXIS2_PLACEMENT_3D('',#1830,#1831,#1832);
#1830 = CARTESIAN_POINT('',(6.5,6.,0.2));
#1831 = DIRECTION('',(0.,0.,1.));
#1832 = DIRECTION('',(1.,0.,-0.));
#1833 = DEFINITIONAL_REPRESENTATION('',(#1834),#1837);
#1834 = B_SPLINE_CURVE_WITH_KNOTS('',1,(#1835,#1836),.UNSPECIFIED.,.F.,
  .F.,(2,2),(-30.1,-27.7),.PIECEWISE_BEZIER_KNOTS.);
#1835 = CARTESIAN_POINT('',(56.2,64.55));
#1836 = CARTESIAN_POINT('',(53.8,64.55));
#1837 = ( GEOMETRIC_REPRESENTATION_CONTEXT(2) 
PARAMETRIC_REPRESENTATION_CONTEXT() REPRESENTATION_CONTEXT('2D SPACE',''
  ) );
#1838 = ORIENTED_EDGE('',*,*,#1839,.T.);
#1839 = EDGE_CURVE('',#1814,#1840,#1842,.T.);
#1840 = VERTEX_POINT('',#1841);
#1841 = CARTESIAN_POINT('',(61.525,70.55,1.5));
#1842 = SURFACE_CURVE('',#1843,(#1847,#1853),.PCURVE_S1.);
#1843 = LINE('',#1844,#1845);
#1844 = CARTESIAN_POINT('',(61.525,70.55,-0.65));
#1845 = VECTOR('',#1846,1.);
#1846 = DIRECTION('',(0.,0.,1.));
#1847 = PCURVE('',#381,#1848);
#1848 = DEFINITIONAL_REPRESENTATION('',(#1849),#1852);
#1849 = B_SPLINE_CURVE_WITH_KNOTS('',1,(#1850,#1851),.UNSPECIFIED.,.F.,
  .F.,(2,2),(0.85,2.15),.PIECEWISE_BEZIER_KNOTS.);
#1850 = CARTESIAN_POINT('',(1.75,2.825));
#1851 = CARTESIAN_POINT('',(3.05,2.825));
#1852 = ( GEOMETRIC_REPRESENTATION_CONTEXT(2) 
PARAMETRIC_REPRESENTATION_CONTEXT() REPRESENTATION_CONTEXT('2D SPACE',''
  ) );
#1853 = PCURVE('',#1854,#1859);
#1854 = PLANE('',#1855);
#1855 = AXIS2_PLACEMENT_3D('',#1856,#1857,#1858);
#1856 = CARTESIAN_POINT('',(61.525,5.995,0.25));
#1857 = DIRECTION('',(1.,0.,0.));
#1858 = DIRECTION('',(0.,0.,1.));
#1859 = DEFINITIONAL_REPRESENTATION('',(#1860),#1863);
#1860 = B_SPLINE_CURVE_WITH_KNOTS('',1,(#1861,#1862),.UNSPECIFIED.,.F.,
  .F.,(2,2),(0.85,2.15),.PIECEWISE_BEZIER_KNOTS.);
#1861 = CARTESIAN_POINT('',(-5.E-02,-64.555));
#1862 = CARTESIAN_POINT('',(1.25,-64.555));
#1863 = ( GEOMETRIC_REPRESENTATION_CONTEXT(2) 
PARAMETRIC_REPRESENTATION_CONTEXT() REPRESENTATION_CONTEXT('2D SPACE',''
  ) );
#1864 = ORIENTED_EDGE('',*,*,#1865,.F.);
#1865 = EDGE_CURVE('',#1866,#1840,#1868,.T.);
#1866 = VERTEX_POINT('',#1867);
#1867 = CARTESIAN_POINT('',(62.525,70.55,1.5));
#1868 = SURFACE_CURVE('',#1869,(#1873,#1879),.PCURVE_S1.);
#1869 = LINE('',#1870,#1871);
#1870 = CARTESIAN_POINT('',(32.5975,70.55,1.5));
#1871 = VECTOR('',#1872,1.);
#1872 = DIRECTION('',(-1.,0.,0.));
#1873 = PCURVE('',#381,#1874);
#1874 = DEFINITIONAL_REPRESENTATION('',(#1875),#1878);
#1875 = B_SPLINE_CURVE_WITH_KNOTS('',1,(#1876,#1877),.UNSPECIFIED.,.F.,
  .F.,(2,2),(-29.9275,-27.7025),.PIECEWISE_BEZIER_KNOTS.);
#1876 = CARTESIAN_POINT('',(3.05,3.825));
#1877 = CARTESIAN_POINT('',(3.05,1.6));
#1878 = ( GEOMETRIC_REPRESENTATION_CONTEXT(2) 
PARAMETRIC_REPRESENTATION_CONTEXT() REPRESENTATION_CONTEXT('2D SPACE',''
  ) );
#1879 = PCURVE('',#1880,#1885);
#1880 = PLANE('',#1881);
#1881 = AXIS2_PLACEMENT_3D('',#1882,#1883,#1884);
#1882 = CARTESIAN_POINT('',(6.495,-3.025,1.5));
#1883 = DIRECTION('',(0.,0.,1.));
#1884 = DIRECTION('',(1.,0.,0.));
#1885 = DEFINITIONAL_REPRESENTATION('',(#1886),#1889);
#1886 = B_SPLINE_CURVE_WITH_KNOTS('',1,(#1887,#1888),.UNSPECIFIED.,.F.,
  .F.,(2,2),(-29.9275,-27.7025),.PIECEWISE_BEZIER_KNOTS.);
#1887 = CARTESIAN_POINT('',(56.03,73.575));
#1888 = CARTESIAN_POINT('',(53.805,73.575));
#1889 = ( GEOMETRIC_REPRESENTATION_CONTEXT(2) 
PARAMETRIC_REPRESENTATION_CONTEXT() REPRESENTATION_CONTEXT('2D SPACE',''
  ) );
#1890 = ORIENTED_EDGE('',*,*,#1891,.F.);
#1891 = EDGE_CURVE('',#341,#1866,#1892,.T.);
#1892 = SURFACE_CURVE('',#1893,(#1897,#1903),.PCURVE_S1.);
#1893 = LINE('',#1894,#1895);
#1894 = CARTESIAN_POINT('',(62.525,70.55,-0.6));
#1895 = VECTOR('',#1896,1.);
#1896 = DIRECTION('',(0.,0.,1.));
#1897 = PCURVE('',#381,#1898);
#1898 = DEFINITIONAL_REPRESENTATION('',(#1899),#1902);
#1899 = B_SPLINE_CURVE_WITH_KNOTS('',1,(#1900,#1901),.UNSPECIFIED.,.F.,
  .F.,(2,2),(1.04,2.1),.PIECEWISE_BEZIER_KNOTS.);
#1900 = CARTESIAN_POINT('',(1.99,3.825));
#1901 = CARTESIAN_POINT('',(3.05,3.825));
#1902 = ( GEOMETRIC_REPRESENTATION_CONTEXT(2) 
PARAMETRIC_REPRESENTATION_CONTEXT() REPRESENTATION_CONTEXT('2D SPACE',''
  ) );
#1903 = PCURVE('',#355,#1904);
#1904 = DEFINITIONAL_REPRESENTATION('',(#1905),#1908);
#1905 = B_SPLINE_CURVE_WITH_KNOTS('',1,(#1906,#1907),.UNSPECIFIED.,.F.,
  .F.,(2,2),(1.04,2.1),.PIECEWISE_BEZIER_KNOTS.);
#1906 = CARTESIAN_POINT('',(9.E-02,-64.555));
#1907 = CARTESIAN_POINT('',(1.15,-64.555));
#1908 = ( GEOMETRIC_REPRESENTATION_CONTEXT(2) 
PARAMETRIC_REPRESENTATION_CONTEXT() REPRESENTATION_CONTEXT('2D SPACE',''
  ) );
#1909 = ORIENTED_EDGE('',*,*,#366,.F.);
#1910 = ORIENTED_EDGE('',*,*,#1744,.F.);
#1911 = ADVANCED_FACE('',(#1912),#355,.T.);
#1912 = FACE_BOUND('',#1913,.T.);
#1913 = EDGE_LOOP('',(#1914,#1915,#1916,#1938));
#1914 = ORIENTED_EDGE('',*,*,#1891,.F.);
#1915 = ORIENTED_EDGE('',*,*,#340,.T.);
#1916 = ORIENTED_EDGE('',*,*,#1917,.T.);
#1917 = EDGE_CURVE('',#308,#1918,#1920,.T.);
#1918 = VERTEX_POINT('',#1919);
#1919 = CARTESIAN_POINT('',(62.525,99.005,1.5));
#1920 = SURFACE_CURVE('',#1921,(#1925,#1932),.PCURVE_S1.);
#1921 = LINE('',#1922,#1923);
#1922 = CARTESIAN_POINT('',(62.525,99.005,0.35));
#1923 = VECTOR('',#1924,1.);
#1924 = DIRECTION('',(0.,0.,1.));
#1925 = PCURVE('',#355,#1926);
#1926 = DEFINITIONAL_REPRESENTATION('',(#1927),#1931);
#1927 = LINE('',#1928,#1929);
#1928 = CARTESIAN_POINT('',(0.,-93.01));
#1929 = VECTOR('',#1930,1.);
#1930 = DIRECTION('',(1.,0.));
#1931 = ( GEOMETRIC_REPRESENTATION_CONTEXT(2) 
PARAMETRIC_REPRESENTATION_CONTEXT() REPRESENTATION_CONTEXT('2D SPACE',''
  ) );
#1932 = PCURVE('',#328,#1933);
#1933 = DEFINITIONAL_REPRESENTATION('',(#1934),#1937);
#1934 = B_SPLINE_CURVE_WITH_KNOTS('',1,(#1935,#1936),.UNSPECIFIED.,.F.,
  .F.,(2,2),(0.,1.15),.PIECEWISE_BEZIER_KNOTS.);
#1935 = CARTESIAN_POINT('',(0.,0.));
#1936 = CARTESIAN_POINT('',(0.,-1.15));
#1937 = ( GEOMETRIC_REPRESENTATION_CONTEXT(2) 
PARAMETRIC_REPRESENTATION_CONTEXT() REPRESENTATION_CONTEXT('2D SPACE',''
  ) );
#1938 = ORIENTED_EDGE('',*,*,#1939,.F.);
#1939 = EDGE_CURVE('',#1866,#1918,#1940,.T.);
#1940 = SURFACE_CURVE('',#1941,(#1945,#1952),.PCURVE_S1.);
#1941 = LINE('',#1942,#1943);
#1942 = CARTESIAN_POINT('',(62.525,5.995,1.5));
#1943 = VECTOR('',#1944,1.);
#1944 = DIRECTION('',(0.,1.,0.));
#1945 = PCURVE('',#355,#1946);
#1946 = DEFINITIONAL_REPRESENTATION('',(#1947),#1951);
#1947 = LINE('',#1948,#1949);
#1948 = CARTESIAN_POINT('',(1.15,0.));
#1949 = VECTOR('',#1950,1.);
#1950 = DIRECTION('',(0.,-1.));
#1951 = ( GEOMETRIC_REPRESENTATION_CONTEXT(2) 
PARAMETRIC_REPRESENTATION_CONTEXT() REPRESENTATION_CONTEXT('2D SPACE',''
  ) );
#1952 = PCURVE('',#1880,#1953);
#1953 = DEFINITIONAL_REPRESENTATION('',(#1954),#1958);
#1954 = LINE('',#1955,#1956);
#1955 = CARTESIAN_POINT('',(56.03,9.02));
#1956 = VECTOR('',#1957,1.);
#1957 = DIRECTION('',(0.,1.));
#1958 = ( GEOMETRIC_REPRESENTATION_CONTEXT(2) 
PARAMETRIC_REPRESENTATION_CONTEXT() REPRESENTATION_CONTEXT('2D SPACE',''
  ) );
#1959 = ADVANCED_FACE('',(#1960),#328,.T.);
#1960 = FACE_BOUND('',#1961,.F.);
#1961 = EDGE_LOOP('',(#1962,#1983,#1984,#1985));
#1962 = ORIENTED_EDGE('',*,*,#1963,.T.);
#1963 = EDGE_CURVE('',#1964,#282,#1966,.T.);
#1964 = VERTEX_POINT('',#1965);
#1965 = CARTESIAN_POINT('',(60.3,104.9369790121,1.5));
#1966 = SURFACE_CURVE('',#1967,(#1971,#1977),.PCURVE_S1.);
#1967 = LINE('',#1968,#1969);
#1968 = CARTESIAN_POINT('',(60.3,104.9369790121,0.35));
#1969 = VECTOR('',#1970,1.);
#1970 = DIRECTION('',(-0.,-0.,-1.));
#1971 = PCURVE('',#328,#1972);
#1972 = DEFINITIONAL_REPRESENTATION('',(#1973),#1976);
#1973 = B_SPLINE_CURVE_WITH_KNOTS('',1,(#1974,#1975),.UNSPECIFIED.,.F.,
  .F.,(2,2),(-1.1500006,-8.99994E-02),.PIECEWISE_BEZIER_KNOTS.);
#1974 = CARTESIAN_POINT('',(-0.717691456973,-1.1500006));
#1975 = CARTESIAN_POINT('',(-0.717691456973,-8.99994E-02));
#1976 = ( GEOMETRIC_REPRESENTATION_CONTEXT(2) 
PARAMETRIC_REPRESENTATION_CONTEXT() REPRESENTATION_CONTEXT('2D SPACE',''
  ) );
#1977 = PCURVE('',#296,#1978);
#1978 = DEFINITIONAL_REPRESENTATION('',(#1979),#1982);
#1979 = B_SPLINE_CURVE_WITH_KNOTS('',1,(#1980,#1981),.UNSPECIFIED.,.F.,
  .F.,(2,2),(-1.1500006,-8.99994E-02),.PIECEWISE_BEZIER_KNOTS.);
#1980 = CARTESIAN_POINT('',(1.4500006,-105.2369790121));
#1981 = CARTESIAN_POINT('',(0.3899994,-105.2369790121));
#1982 = ( GEOMETRIC_REPRESENTATION_CONTEXT(2) 
PARAMETRIC_REPRESENTATION_CONTEXT() REPRESENTATION_CONTEXT('2D SPACE',''
  ) );
#1983 = ORIENTED_EDGE('',*,*,#307,.T.);
#1984 = ORIENTED_EDGE('',*,*,#1917,.T.);
#1985 = ORIENTED_EDGE('',*,*,#1986,.T.);
#1986 = EDGE_CURVE('',#1918,#1964,#1987,.T.);
#1987 = SURFACE_CURVE('',#1988,(#1993,#2000),.PCURVE_S1.);
#1988 = CIRCLE('',#1989,9.02);
#1989 = AXIS2_PLACEMENT_3D('',#1990,#1991,#1992);
#1990 = CARTESIAN_POINT('',(53.505,99.005,1.5));
#1991 = DIRECTION('',(0.,0.,1.));
#1992 = DIRECTION('',(1.,0.,0.));
#1993 = PCURVE('',#328,#1994);
#1994 = DEFINITIONAL_REPRESENTATION('',(#1995),#1999);
#1995 = LINE('',#1996,#1997);
#1996 = CARTESIAN_POINT('',(-0.,-1.15));
#1997 = VECTOR('',#1998,1.);
#1998 = DIRECTION('',(-1.,0.));
#1999 = ( GEOMETRIC_REPRESENTATION_CONTEXT(2) 
PARAMETRIC_REPRESENTATION_CONTEXT() REPRESENTATION_CONTEXT('2D SPACE',''
  ) );
#2000 = PCURVE('',#1880,#2001);
#2001 = DEFINITIONAL_REPRESENTATION('',(#2002),#2006);
#2002 = CIRCLE('',#2003,9.02);
#2003 = AXIS2_PLACEMENT_2D('',#2004,#2005);
#2004 = CARTESIAN_POINT('',(47.01,102.03));
#2005 = DIRECTION('',(1.,0.));
#2006 = ( GEOMETRIC_REPRESENTATION_CONTEXT(2) 
PARAMETRIC_REPRESENTATION_CONTEXT() REPRESENTATION_CONTEXT('2D SPACE',''
  ) );
#2007 = ADVANCED_FACE('',(#2008),#296,.F.);
#2008 = FACE_BOUND('',#2009,.F.);
#2009 = EDGE_LOOP('',(#2010,#2038,#2066,#2087,#2088,#2089,#2110,#2136));
#2010 = ORIENTED_EDGE('',*,*,#2011,.T.);
#2011 = EDGE_CURVE('',#2012,#2014,#2016,.T.);
#2012 = VERTEX_POINT('',#2013);
#2013 = CARTESIAN_POINT('',(60.3,105.19677335393,0.2));
#2014 = VERTEX_POINT('',#2015);
#2015 = CARTESIAN_POINT('',(60.3,105.19677335393,5.E-02));
#2016 = SURFACE_CURVE('',#2017,(#2021,#2027),.PCURVE_S1.);
#2017 = LINE('',#2018,#2019);
#2018 = CARTESIAN_POINT('',(60.3,105.19677335393,-6.7));
#2019 = VECTOR('',#2020,1.);
#2020 = DIRECTION('',(-0.,-0.,-1.));
#2021 = PCURVE('',#296,#2022);
#2022 = DEFINITIONAL_REPRESENTATION('',(#2023),#2026);
#2023 = B_SPLINE_CURVE_WITH_KNOTS('',1,(#2024,#2025),.UNSPECIFIED.,.F.,
  .F.,(2,2),(-6.9000006,-6.565),.PIECEWISE_BEZIER_KNOTS.);
#2024 = CARTESIAN_POINT('',(0.1500006,-105.4967733539));
#2025 = CARTESIAN_POINT('',(-0.185,-105.4967733539));
#2026 = ( GEOMETRIC_REPRESENTATION_CONTEXT(2) 
PARAMETRIC_REPRESENTATION_CONTEXT() REPRESENTATION_CONTEXT('2D SPACE',''
  ) );
#2027 = PCURVE('',#2028,#2033);
#2028 = CYLINDRICAL_SURFACE('',#2029,9.2);
#2029 = AXIS2_PLACEMENT_3D('',#2030,#2031,#2032);
#2030 = CARTESIAN_POINT('',(53.5,99.,-6.7));
#2031 = DIRECTION('',(-0.,-0.,-1.));
#2032 = DIRECTION('',(1.,0.,0.));
#2033 = DEFINITIONAL_REPRESENTATION('',(#2034),#2037);
#2034 = B_SPLINE_CURVE_WITH_KNOTS('',1,(#2035,#2036),.UNSPECIFIED.,.F.,
  .F.,(2,2),(-6.9000006,-6.565),.PIECEWISE_BEZIER_KNOTS.);
#2035 = CARTESIAN_POINT('',(-0.739017879014,-6.9000006));
#2036 = CARTESIAN_POINT('',(-0.739017879014,-6.565));
#2037 = ( GEOMETRIC_REPRESENTATION_CONTEXT(2) 
PARAMETRIC_REPRESENTATION_CONTEXT() REPRESENTATION_CONTEXT('2D SPACE',''
  ) );
#2038 = ORIENTED_EDGE('',*,*,#2039,.T.);
#2039 = EDGE_CURVE('',#2014,#2040,#2042,.T.);
#2040 = VERTEX_POINT('',#2041);
#2041 = CARTESIAN_POINT('',(60.3,105.3,5.E-02));
#2042 = SURFACE_CURVE('',#2043,(#2047,#2054),.PCURVE_S1.);
#2043 = LINE('',#2044,#2045);
#2044 = CARTESIAN_POINT('',(60.3,-0.3,5.E-02));
#2045 = VECTOR('',#2046,1.);
#2046 = DIRECTION('',(0.,1.,0.));
#2047 = PCURVE('',#296,#2048);
#2048 = DEFINITIONAL_REPRESENTATION('',(#2049),#2053);
#2049 = LINE('',#2050,#2051);
#2050 = CARTESIAN_POINT('',(0.,0.));
#2051 = VECTOR('',#2052,1.);
#2052 = DIRECTION('',(0.,-1.));
#2053 = ( GEOMETRIC_REPRESENTATION_CONTEXT(2) 
PARAMETRIC_REPRESENTATION_CONTEXT() REPRESENTATION_CONTEXT('2D SPACE',''
  ) );
#2054 = PCURVE('',#2055,#2060);
#2055 = PLANE('',#2056);
#2056 = AXIS2_PLACEMENT_3D('',#2057,#2058,#2059);
#2057 = CARTESIAN_POINT('',(-0.3,-0.3,5.E-02));
#2058 = DIRECTION('',(0.,0.,1.));
#2059 = DIRECTION('',(1.,0.,0.));
#2060 = DEFINITIONAL_REPRESENTATION('',(#2061),#2065);
#2061 = LINE('',#2062,#2063);
#2062 = CARTESIAN_POINT('',(60.6,0.));
#2063 = VECTOR('',#2064,1.);
#2064 = DIRECTION('',(0.,1.));
#2065 = ( GEOMETRIC_REPRESENTATION_CONTEXT(2) 
PARAMETRIC_REPRESENTATION_CONTEXT() REPRESENTATION_CONTEXT('2D SPACE',''
  ) );
#2066 = ORIENTED_EDGE('',*,*,#2067,.T.);
#2067 = EDGE_CURVE('',#2040,#256,#2068,.T.);
#2068 = SURFACE_CURVE('',#2069,(#2073,#2080),.PCURVE_S1.);
#2069 = LINE('',#2070,#2071);
#2070 = CARTESIAN_POINT('',(60.3,105.3,5.E-02));
#2071 = VECTOR('',#2072,1.);
#2072 = DIRECTION('',(0.,0.,1.));
#2073 = PCURVE('',#296,#2074);
#2074 = DEFINITIONAL_REPRESENTATION('',(#2075),#2079);
#2075 = LINE('',#2076,#2077);
#2076 = CARTESIAN_POINT('',(0.,-105.6));
#2077 = VECTOR('',#2078,1.);
#2078 = DIRECTION('',(1.,0.));
#2079 = ( GEOMETRIC_REPRESENTATION_CONTEXT(2) 
PARAMETRIC_REPRESENTATION_CONTEXT() REPRESENTATION_CONTEXT('2D SPACE',''
  ) );
#2080 = PCURVE('',#270,#2081);
#2081 = DEFINITIONAL_REPRESENTATION('',(#2082),#2086);
#2082 = LINE('',#2083,#2084);
#2083 = CARTESIAN_POINT('',(0.,60.6));
#2084 = VECTOR('',#2085,1.);
#2085 = DIRECTION('',(1.,0.));
#2086 = ( GEOMETRIC_REPRESENTATION_CONTEXT(2) 
PARAMETRIC_REPRESENTATION_CONTEXT() REPRESENTATION_CONTEXT('2D SPACE',''
  ) );
#2087 = ORIENTED_EDGE('',*,*,#281,.F.);
#2088 = ORIENTED_EDGE('',*,*,#1963,.F.);
#2089 = ORIENTED_EDGE('',*,*,#2090,.F.);
#2090 = EDGE_CURVE('',#2091,#1964,#2093,.T.);
#2091 = VERTEX_POINT('',#2092);
#2092 = CARTESIAN_POINT('',(60.3,103.26509096147,1.5));
#2093 = SURFACE_CURVE('',#2094,(#2098,#2104),.PCURVE_S1.);
#2094 = LINE('',#2095,#2096);
#2095 = CARTESIAN_POINT('',(60.3,-1.6625,1.5));
#2096 = VECTOR('',#2097,1.);
#2097 = DIRECTION('',(0.,1.,0.));
#2098 = PCURVE('',#296,#2099);
#2099 = DEFINITIONAL_REPRESENTATION('',(#2100),#2103);
#2100 = B_SPLINE_CURVE_WITH_KNOTS('',1,(#2101,#2102),.UNSPECIFIED.,.F.,
  .F.,(2,2),(1.3625,106.9625),.PIECEWISE_BEZIER_KNOTS.);
#2101 = CARTESIAN_POINT('',(1.45,0.));
#2102 = CARTESIAN_POINT('',(1.45,-105.6));
#2103 = ( GEOMETRIC_REPRESENTATION_CONTEXT(2) 
PARAMETRIC_REPRESENTATION_CONTEXT() REPRESENTATION_CONTEXT('2D SPACE',''
  ) );
#2104 = PCURVE('',#1880,#2105);
#2105 = DEFINITIONAL_REPRESENTATION('',(#2106),#2109);
#2106 = B_SPLINE_CURVE_WITH_KNOTS('',1,(#2107,#2108),.UNSPECIFIED.,.F.,
  .F.,(2,2),(1.3625,106.9625),.PIECEWISE_BEZIER_KNOTS.);
#2107 = CARTESIAN_POINT('',(53.805,2.725));
#2108 = CARTESIAN_POINT('',(53.805,108.325));
#2109 = ( GEOMETRIC_REPRESENTATION_CONTEXT(2) 
PARAMETRIC_REPRESENTATION_CONTEXT() REPRESENTATION_CONTEXT('2D SPACE',''
  ) );
#2110 = ORIENTED_EDGE('',*,*,#2111,.T.);
#2111 = EDGE_CURVE('',#2091,#2112,#2114,.T.);
#2112 = VERTEX_POINT('',#2113);
#2113 = CARTESIAN_POINT('',(60.3,103.26509096147,0.2));
#2114 = SURFACE_CURVE('',#2115,(#2119,#2125),.PCURVE_S1.);
#2115 = LINE('',#2116,#2117);
#2116 = CARTESIAN_POINT('',(60.3,103.26509096147,0.25));
#2117 = VECTOR('',#2118,1.);
#2118 = DIRECTION('',(-0.,-0.,-1.));
#2119 = PCURVE('',#296,#2120);
#2120 = DEFINITIONAL_REPRESENTATION('',(#2121),#2124);
#2121 = B_SPLINE_CURVE_WITH_KNOTS('',1,(#2122,#2123),.UNSPECIFIED.,.F.,
  .F.,(2,2),(-1.2500006,5.00006E-02),.PIECEWISE_BEZIER_KNOTS.);
#2122 = CARTESIAN_POINT('',(1.4500006,-103.5650909614));
#2123 = CARTESIAN_POINT('',(0.1499994,-103.5650909614));
#2124 = ( GEOMETRIC_REPRESENTATION_CONTEXT(2) 
PARAMETRIC_REPRESENTATION_CONTEXT() REPRESENTATION_CONTEXT('2D SPACE',''
  ) );
#2125 = PCURVE('',#2126,#2131);
#2126 = CYLINDRICAL_SURFACE('',#2127,8.02);
#2127 = AXIS2_PLACEMENT_3D('',#2128,#2129,#2130);
#2128 = CARTESIAN_POINT('',(53.505,99.005,0.25));
#2129 = DIRECTION('',(-0.,-0.,-1.));
#2130 = DIRECTION('',(1.,0.,0.));
#2131 = DEFINITIONAL_REPRESENTATION('',(#2132),#2135);
#2132 = B_SPLINE_CURVE_WITH_KNOTS('',1,(#2133,#2134),.UNSPECIFIED.,.F.,
  .F.,(2,2),(-1.2500006,5.00006E-02),.PIECEWISE_BEZIER_KNOTS.);
#2133 = CARTESIAN_POINT('',(-0.559996711423,-1.2500006));
#2134 = CARTESIAN_POINT('',(-0.559996711423,5.00006E-02));
#2135 = ( GEOMETRIC_REPRESENTATION_CONTEXT(2) 
PARAMETRIC_REPRESENTATION_CONTEXT() REPRESENTATION_CONTEXT('2D SPACE',''
  ) );
#2136 = ORIENTED_EDGE('',*,*,#2137,.T.);
#2137 = EDGE_CURVE('',#2112,#2012,#2138,.T.);
#2138 = SURFACE_CURVE('',#2139,(#2143,#2149),.PCURVE_S1.);
#2139 = LINE('',#2140,#2141);
#2140 = CARTESIAN_POINT('',(60.3,2.85,0.2));
#2141 = VECTOR('',#2142,1.);
#2142 = DIRECTION('',(0.,1.,0.));
#2143 = PCURVE('',#296,#2144);
#2144 = DEFINITIONAL_REPRESENTATION('',(#2145),#2148);
#2145 = B_SPLINE_CURVE_WITH_KNOTS('',1,(#2146,#2147),.UNSPECIFIED.,.F.,
  .F.,(2,2),(-3.15,102.45),.PIECEWISE_BEZIER_KNOTS.);
#2146 = CARTESIAN_POINT('',(0.15,0.));
#2147 = CARTESIAN_POINT('',(0.15,-105.6));
#2148 = ( GEOMETRIC_REPRESENTATION_CONTEXT(2) 
PARAMETRIC_REPRESENTATION_CONTEXT() REPRESENTATION_CONTEXT('2D SPACE',''
  ) );
#2149 = PCURVE('',#1828,#2150);
#2150 = DEFINITIONAL_REPRESENTATION('',(#2151),#2154);
#2151 = B_SPLINE_CURVE_WITH_KNOTS('',1,(#2152,#2153),.UNSPECIFIED.,.F.,
  .F.,(2,2),(-3.15,102.45),.PIECEWISE_BEZIER_KNOTS.);
#2152 = CARTESIAN_POINT('',(53.8,-6.3));
#2153 = CARTESIAN_POINT('',(53.8,99.3));
#2154 = ( GEOMETRIC_REPRESENTATION_CONTEXT(2) 
PARAMETRIC_REPRESENTATION_CONTEXT() REPRESENTATION_CONTEXT('2D SPACE',''
  ) );
#2155 = ADVANCED_FACE('',(#2156),#270,.F.);
#2156 = FACE_BOUND('',#2157,.F.);
#2157 = EDGE_LOOP('',(#2158,#2181,#2202,#2228,#2254,#2280,#2299,#2300));
#2158 = ORIENTED_EDGE('',*,*,#2159,.F.);
#2159 = EDGE_CURVE('',#2160,#2040,#2162,.T.);
#2160 = VERTEX_POINT('',#2161);
#2161 = CARTESIAN_POINT('',(60.204476116745,105.3,5.E-02));
#2162 = SURFACE_CURVE('',#2163,(#2167,#2174),.PCURVE_S1.);
#2163 = LINE('',#2164,#2165);
#2164 = CARTESIAN_POINT('',(-0.3,105.3,5.E-02));
#2165 = VECTOR('',#2166,1.);
#2166 = DIRECTION('',(1.,0.,0.));
#2167 = PCURVE('',#270,#2168);
#2168 = DEFINITIONAL_REPRESENTATION('',(#2169),#2173);
#2169 = LINE('',#2170,#2171);
#2170 = CARTESIAN_POINT('',(0.,0.));
#2171 = VECTOR('',#2172,1.);
#2172 = DIRECTION('',(0.,1.));
#2173 = ( GEOMETRIC_REPRESENTATION_CONTEXT(2) 
PARAMETRIC_REPRESENTATION_CONTEXT() REPRESENTATION_CONTEXT('2D SPACE',''
  ) );
#2174 = PCURVE('',#2055,#2175);
#2175 = DEFINITIONAL_REPRESENTATION('',(#2176),#2180);
#2176 = LINE('',#2177,#2178);
#2177 = CARTESIAN_POINT('',(0.,105.6));
#2178 = VECTOR('',#2179,1.);
#2179 = DIRECTION('',(1.,0.));
#2180 = ( GEOMETRIC_REPRESENTATION_CONTEXT(2) 
PARAMETRIC_REPRESENTATION_CONTEXT() REPRESENTATION_CONTEXT('2D SPACE',''
  ) );
#2181 = ORIENTED_EDGE('',*,*,#2182,.F.);
#2182 = EDGE_CURVE('',#2183,#2160,#2185,.T.);
#2183 = VERTEX_POINT('',#2184);
#2184 = CARTESIAN_POINT('',(60.204476116745,105.3,0.2));
#2185 = SURFACE_CURVE('',#2186,(#2190,#2196),.PCURVE_S1.);
#2186 = LINE('',#2187,#2188);
#2187 = CARTESIAN_POINT('',(60.204476116745,105.3,-6.7));
#2188 = VECTOR('',#2189,1.);
#2189 = DIRECTION('',(-0.,-0.,-1.));
#2190 = PCURVE('',#270,#2191);
#2191 = DEFINITIONAL_REPRESENTATION('',(#2192),#2195);
#2192 = B_SPLINE_CURVE_WITH_KNOTS('',1,(#2193,#2194),.UNSPECIFIED.,.F.,
  .F.,(2,2),(-6.9000006,-6.565),.PIECEWISE_BEZIER_KNOTS.);
#2193 = CARTESIAN_POINT('',(0.1500006,60.504476116745));
#2194 = CARTESIAN_POINT('',(-0.185,60.504476116745));
#2195 = ( GEOMETRIC_REPRESENTATION_CONTEXT(2) 
PARAMETRIC_REPRESENTATION_CONTEXT() REPRESENTATION_CONTEXT('2D SPACE',''
  ) );
#2196 = PCURVE('',#2028,#2197);
#2197 = DEFINITIONAL_REPRESENTATION('',(#2198),#2201);
#2198 = B_SPLINE_CURVE_WITH_KNOTS('',1,(#2199,#2200),.UNSPECIFIED.,.F.,
  .F.,(2,2),(-6.9000006,-6.565),.PIECEWISE_BEZIER_KNOTS.);
#2199 = CARTESIAN_POINT('',(-0.754305348853,-6.9000006));
#2200 = CARTESIAN_POINT('',(-0.754305348853,-6.565));
#2201 = ( GEOMETRIC_REPRESENTATION_CONTEXT(2) 
PARAMETRIC_REPRESENTATION_CONTEXT() REPRESENTATION_CONTEXT('2D SPACE',''
  ) );
#2202 = ORIENTED_EDGE('',*,*,#2203,.T.);
#2203 = EDGE_CURVE('',#2183,#2204,#2206,.T.);
#2204 = VERTEX_POINT('',#2205);
#2205 = CARTESIAN_POINT('',(58.47424290008,105.3,0.2));
#2206 = SURFACE_CURVE('',#2207,(#2211,#2217),.PCURVE_S1.);
#2207 = LINE('',#2208,#2209);
#2208 = CARTESIAN_POINT('',(3.1,105.3,0.2));
#2209 = VECTOR('',#2210,1.);
#2210 = DIRECTION('',(-1.,0.,0.));
#2211 = PCURVE('',#270,#2212);
#2212 = DEFINITIONAL_REPRESENTATION('',(#2213),#2216);
#2213 = B_SPLINE_CURVE_WITH_KNOTS('',1,(#2214,#2215),.UNSPECIFIED.,.F.,
  .F.,(2,2),(-57.2,3.4),.PIECEWISE_BEZIER_KNOTS.);
#2214 = CARTESIAN_POINT('',(0.15,60.6));
#2215 = CARTESIAN_POINT('',(0.15,0.));
#2216 = ( GEOMETRIC_REPRESENTATION_CONTEXT(2) 
PARAMETRIC_REPRESENTATION_CONTEXT() REPRESENTATION_CONTEXT('2D SPACE',''
  ) );
#2217 = PCURVE('',#2218,#2223);
#2218 = PLANE('',#2219);
#2219 = AXIS2_PLACEMENT_3D('',#2220,#2221,#2222);
#2220 = CARTESIAN_POINT('',(6.5,6.,0.2));
#2221 = DIRECTION('',(0.,0.,1.));
#2222 = DIRECTION('',(1.,0.,-0.));
#2223 = DEFINITIONAL_REPRESENTATION('',(#2224),#2227);
#2224 = B_SPLINE_CURVE_WITH_KNOTS('',1,(#2225,#2226),.UNSPECIFIED.,.F.,
  .F.,(2,2),(-57.2,3.4),.PIECEWISE_BEZIER_KNOTS.);
#2225 = CARTESIAN_POINT('',(53.8,99.3));
#2226 = CARTESIAN_POINT('',(-6.8,99.3));
#2227 = ( GEOMETRIC_REPRESENTATION_CONTEXT(2) 
PARAMETRIC_REPRESENTATION_CONTEXT() REPRESENTATION_CONTEXT('2D SPACE',''
  ) );
#2228 = ORIENTED_EDGE('',*,*,#2229,.F.);
#2229 = EDGE_CURVE('',#2230,#2204,#2232,.T.);
#2230 = VERTEX_POINT('',#2231);
#2231 = CARTESIAN_POINT('',(58.47424290008,105.3,1.5));
#2232 = SURFACE_CURVE('',#2233,(#2237,#2243),.PCURVE_S1.);
#2233 = LINE('',#2234,#2235);
#2234 = CARTESIAN_POINT('',(58.47424290008,105.3,0.25));
#2235 = VECTOR('',#2236,1.);
#2236 = DIRECTION('',(-0.,-0.,-1.));
#2237 = PCURVE('',#270,#2238);
#2238 = DEFINITIONAL_REPRESENTATION('',(#2239),#2242);
#2239 = B_SPLINE_CURVE_WITH_KNOTS('',1,(#2240,#2241),.UNSPECIFIED.,.F.,
  .F.,(2,2),(-1.2500006,5.00006E-02),.PIECEWISE_BEZIER_KNOTS.);
#2240 = CARTESIAN_POINT('',(1.4500006,58.77424290008));
#2241 = CARTESIAN_POINT('',(0.1499994,58.77424290008));
#2242 = ( GEOMETRIC_REPRESENTATION_CONTEXT(2) 
PARAMETRIC_REPRESENTATION_CONTEXT() REPRESENTATION_CONTEXT('2D SPACE',''
  ) );
#2243 = PCURVE('',#2244,#2249);
#2244 = CYLINDRICAL_SURFACE('',#2245,8.02);
#2245 = AXIS2_PLACEMENT_3D('',#2246,#2247,#2248);
#2246 = CARTESIAN_POINT('',(53.505,99.005,0.25));
#2247 = DIRECTION('',(-0.,-0.,-1.));
#2248 = DIRECTION('',(1.,0.,0.));
#2249 = DEFINITIONAL_REPRESENTATION('',(#2250),#2253);
#2250 = B_SPLINE_CURVE_WITH_KNOTS('',1,(#2251,#2252),.UNSPECIFIED.,.F.,
  .F.,(2,2),(-1.2500006,5.00006E-02),.PIECEWISE_BEZIER_KNOTS.);
#2251 = CARTESIAN_POINT('',(-0.902555247937,-1.2500006));
#2252 = CARTESIAN_POINT('',(-0.902555247937,5.00006E-02));
#2253 = ( GEOMETRIC_REPRESENTATION_CONTEXT(2) 
PARAMETRIC_REPRESENTATION_CONTEXT() REPRESENTATION_CONTEXT('2D SPACE',''
  ) );
#2254 = ORIENTED_EDGE('',*,*,#2255,.F.);
#2255 = EDGE_CURVE('',#2256,#2230,#2258,.T.);
#2256 = VERTEX_POINT('',#2257);
#2257 = CARTESIAN_POINT('',(59.96513738244,105.3,1.5));
#2258 = SURFACE_CURVE('',#2259,(#2263,#2269),.PCURVE_S1.);
#2259 = LINE('',#2260,#2261);
#2260 = CARTESIAN_POINT('',(3.0975,105.3,1.5));
#2261 = VECTOR('',#2262,1.);
#2262 = DIRECTION('',(-1.,0.,0.));
#2263 = PCURVE('',#270,#2264);
#2264 = DEFINITIONAL_REPRESENTATION('',(#2265),#2268);
#2265 = B_SPLINE_CURVE_WITH_KNOTS('',1,(#2266,#2267),.UNSPECIFIED.,.F.,
  .F.,(2,2),(-57.2025,3.3975),.PIECEWISE_BEZIER_KNOTS.);
#2266 = CARTESIAN_POINT('',(1.45,60.6));
#2267 = CARTESIAN_POINT('',(1.45,0.));
#2268 = ( GEOMETRIC_REPRESENTATION_CONTEXT(2) 
PARAMETRIC_REPRESENTATION_CONTEXT() REPRESENTATION_CONTEXT('2D SPACE',''
  ) );
#2269 = PCURVE('',#2270,#2275);
#2270 = PLANE('',#2271);
#2271 = AXIS2_PLACEMENT_3D('',#2272,#2273,#2274);
#2272 = CARTESIAN_POINT('',(6.495,-3.025,1.5));
#2273 = DIRECTION('',(0.,0.,1.));
#2274 = DIRECTION('',(1.,0.,0.));
#2275 = DEFINITIONAL_REPRESENTATION('',(#2276),#2279);
#2276 = B_SPLINE_CURVE_WITH_KNOTS('',1,(#2277,#2278),.UNSPECIFIED.,.F.,
  .F.,(2,2),(-57.2025,3.3975),.PIECEWISE_BEZIER_KNOTS.);
#2277 = CARTESIAN_POINT('',(53.805,108.325));
#2278 = CARTESIAN_POINT('',(-6.795,108.325));
#2279 = ( GEOMETRIC_REPRESENTATION_CONTEXT(2) 
PARAMETRIC_REPRESENTATION_CONTEXT() REPRESENTATION_CONTEXT('2D SPACE',''
  ) );
#2280 = ORIENTED_EDGE('',*,*,#2281,.T.);
#2281 = EDGE_CURVE('',#2256,#223,#2282,.T.);
#2282 = SURFACE_CURVE('',#2283,(#2287,#2293),.PCURVE_S1.);
#2283 = LINE('',#2284,#2285);
#2284 = CARTESIAN_POINT('',(59.96513738244,105.3,0.35));
#2285 = VECTOR('',#2286,1.);
#2286 = DIRECTION('',(-0.,-0.,-1.));
#2287 = PCURVE('',#270,#2288);
#2288 = DEFINITIONAL_REPRESENTATION('',(#2289),#2292);
#2289 = B_SPLINE_CURVE_WITH_KNOTS('',1,(#2290,#2291),.UNSPECIFIED.,.F.,
  .F.,(2,2),(-1.1500006,-8.99994E-02),.PIECEWISE_BEZIER_KNOTS.);
#2290 = CARTESIAN_POINT('',(1.4500006,60.26513738244));
#2291 = CARTESIAN_POINT('',(0.3899994,60.26513738244));
#2292 = ( GEOMETRIC_REPRESENTATION_CONTEXT(2) 
PARAMETRIC_REPRESENTATION_CONTEXT() REPRESENTATION_CONTEXT('2D SPACE',''
  ) );
#2293 = PCURVE('',#243,#2294);
#2294 = DEFINITIONAL_REPRESENTATION('',(#2295),#2298);
#2295 = B_SPLINE_CURVE_WITH_KNOTS('',1,(#2296,#2297),.UNSPECIFIED.,.F.,
  .F.,(2,2),(-1.1500006,-8.99994E-02),.PIECEWISE_BEZIER_KNOTS.);
#2296 = CARTESIAN_POINT('',(-0.772452151782,-1.1500006));
#2297 = CARTESIAN_POINT('',(-0.772452151782,-8.99994E-02));
#2298 = ( GEOMETRIC_REPRESENTATION_CONTEXT(2) 
PARAMETRIC_REPRESENTATION_CONTEXT() REPRESENTATION_CONTEXT('2D SPACE',''
  ) );
#2299 = ORIENTED_EDGE('',*,*,#255,.F.);
#2300 = ORIENTED_EDGE('',*,*,#2067,.F.);
#2301 = ADVANCED_FACE('',(#2302),#243,.T.);
#2302 = FACE_BOUND('',#2303,.F.);
#2303 = EDGE_LOOP('',(#2304,#2327,#2328,#2329));
#2304 = ORIENTED_EDGE('',*,*,#2305,.F.);
#2305 = EDGE_CURVE('',#197,#2306,#2308,.T.);
#2306 = VERTEX_POINT('',#2307);
#2307 = CARTESIAN_POINT('',(53.505,108.025,1.5));
#2308 = SURFACE_CURVE('',#2309,(#2313,#2320),.PCURVE_S1.);
#2309 = LINE('',#2310,#2311);
#2310 = CARTESIAN_POINT('',(53.505,108.025,0.35));
#2311 = VECTOR('',#2312,1.);
#2312 = DIRECTION('',(0.,0.,1.));
#2313 = PCURVE('',#243,#2314);
#2314 = DEFINITIONAL_REPRESENTATION('',(#2315),#2319);
#2315 = LINE('',#2316,#2317);
#2316 = CARTESIAN_POINT('',(-1.570796326795,-1.110223024625E-16));
#2317 = VECTOR('',#2318,1.);
#2318 = DIRECTION('',(-0.,-1.));
#2319 = ( GEOMETRIC_REPRESENTATION_CONTEXT(2) 
PARAMETRIC_REPRESENTATION_CONTEXT() REPRESENTATION_CONTEXT('2D SPACE',''
  ) );
#2320 = PCURVE('',#211,#2321);
#2321 = DEFINITIONAL_REPRESENTATION('',(#2322),#2326);
#2322 = LINE('',#2323,#2324);
#2323 = CARTESIAN_POINT('',(0.,47.01));
#2324 = VECTOR('',#2325,1.);
#2325 = DIRECTION('',(1.,0.));
#2326 = ( GEOMETRIC_REPRESENTATION_CONTEXT(2) 
PARAMETRIC_REPRESENTATION_CONTEXT() REPRESENTATION_CONTEXT('2D SPACE',''
  ) );
#2327 = ORIENTED_EDGE('',*,*,#222,.T.);
#2328 = ORIENTED_EDGE('',*,*,#2281,.F.);
#2329 = ORIENTED_EDGE('',*,*,#2330,.T.);
#2330 = EDGE_CURVE('',#2256,#2306,#2331,.T.);
#2331 = SURFACE_CURVE('',#2332,(#2337,#2344),.PCURVE_S1.);
#2332 = CIRCLE('',#2333,9.02);
#2333 = AXIS2_PLACEMENT_3D('',#2334,#2335,#2336);
#2334 = CARTESIAN_POINT('',(53.505,99.005,1.5));
#2335 = DIRECTION('',(0.,0.,1.));
#2336 = DIRECTION('',(1.,0.,0.));
#2337 = PCURVE('',#243,#2338);
#2338 = DEFINITIONAL_REPRESENTATION('',(#2339),#2343);
#2339 = LINE('',#2340,#2341);
#2340 = CARTESIAN_POINT('',(-0.,-1.15));
#2341 = VECTOR('',#2342,1.);
#2342 = DIRECTION('',(-1.,0.));
#2343 = ( GEOMETRIC_REPRESENTATION_CONTEXT(2) 
PARAMETRIC_REPRESENTATION_CONTEXT() REPRESENTATION_CONTEXT('2D SPACE',''
  ) );
#2344 = PCURVE('',#2270,#2345);
#2345 = DEFINITIONAL_REPRESENTATION('',(#2346),#2350);
#2346 = CIRCLE('',#2347,9.02);
#2347 = AXIS2_PLACEMENT_2D('',#2348,#2349);
#2348 = CARTESIAN_POINT('',(47.01,102.03));
#2349 = DIRECTION('',(1.,0.));
#2350 = ( GEOMETRIC_REPRESENTATION_CONTEXT(2) 
PARAMETRIC_REPRESENTATION_CONTEXT() REPRESENTATION_CONTEXT('2D SPACE',''
  ) );
#2351 = ADVANCED_FACE('',(#2352),#211,.T.);
#2352 = FACE_BOUND('',#2353,.T.);
#2353 = EDGE_LOOP('',(#2354,#2355,#2356,#2377));
#2354 = ORIENTED_EDGE('',*,*,#2305,.F.);
#2355 = ORIENTED_EDGE('',*,*,#196,.T.);
#2356 = ORIENTED_EDGE('',*,*,#2357,.F.);
#2357 = EDGE_CURVE('',#2358,#171,#2360,.T.);
#2358 = VERTEX_POINT('',#2359);
#2359 = CARTESIAN_POINT('',(46.065,108.025,1.5));
#2360 = SURFACE_CURVE('',#2361,(#2365,#2371),.PCURVE_S1.);
#2361 = LINE('',#2362,#2363);
#2362 = CARTESIAN_POINT('',(46.065,108.025,-0.375));
#2363 = VECTOR('',#2364,1.);
#2364 = DIRECTION('',(0.,0.,-1.));
#2365 = PCURVE('',#211,#2366);
#2366 = DEFINITIONAL_REPRESENTATION('',(#2367),#2370);
#2367 = B_SPLINE_CURVE_WITH_KNOTS('',1,(#2368,#2369),.UNSPECIFIED.,.F.,
  .F.,(2,2),(-1.875,-0.815),.PIECEWISE_BEZIER_KNOTS.);
#2368 = CARTESIAN_POINT('',(1.15,39.57));
#2369 = CARTESIAN_POINT('',(9.E-02,39.57));
#2370 = ( GEOMETRIC_REPRESENTATION_CONTEXT(2) 
PARAMETRIC_REPRESENTATION_CONTEXT() REPRESENTATION_CONTEXT('2D SPACE',''
  ) );
#2371 = PCURVE('',#185,#2372);
#2372 = DEFINITIONAL_REPRESENTATION('',(#2373),#2376);
#2373 = B_SPLINE_CURVE_WITH_KNOTS('',1,(#2374,#2375),.UNSPECIFIED.,.F.,
  .F.,(2,2),(-1.875,-0.815),.PIECEWISE_BEZIER_KNOTS.);
#2374 = CARTESIAN_POINT('',(2.6,-3.025));
#2375 = CARTESIAN_POINT('',(1.54,-3.025));
#2376 = ( GEOMETRIC_REPRESENTATION_CONTEXT(2) 
PARAMETRIC_REPRESENTATION_CONTEXT() REPRESENTATION_CONTEXT('2D SPACE',''
  ) );
#2377 = ORIENTED_EDGE('',*,*,#2378,.T.);
#2378 = EDGE_CURVE('',#2358,#2306,#2379,.T.);
#2379 = SURFACE_CURVE('',#2380,(#2384,#2391),.PCURVE_S1.);
#2380 = LINE('',#2381,#2382);
#2381 = CARTESIAN_POINT('',(6.495,108.025,1.5));
#2382 = VECTOR('',#2383,1.);
#2383 = DIRECTION('',(1.,0.,0.));
#2384 = PCURVE('',#211,#2385);
#2385 = DEFINITIONAL_REPRESENTATION('',(#2386),#2390);
#2386 = LINE('',#2387,#2388);
#2387 = CARTESIAN_POINT('',(1.15,0.));
#2388 = VECTOR('',#2389,1.);
#2389 = DIRECTION('',(0.,1.));
#2390 = ( GEOMETRIC_REPRESENTATION_CONTEXT(2) 
PARAMETRIC_REPRESENTATION_CONTEXT() REPRESENTATION_CONTEXT('2D SPACE',''
  ) );
#2391 = PCURVE('',#2270,#2392);
#2392 = DEFINITIONAL_REPRESENTATION('',(#2393),#2397);
#2393 = LINE('',#2394,#2395);
#2394 = CARTESIAN_POINT('',(0.,111.05));
#2395 = VECTOR('',#2396,1.);
#2396 = DIRECTION('',(1.,0.));
#2397 = ( GEOMETRIC_REPRESENTATION_CONTEXT(2) 
PARAMETRIC_REPRESENTATION_CONTEXT() REPRESENTATION_CONTEXT('2D SPACE',''
  ) );
#2398 = ADVANCED_FACE('',(#2399),#185,.F.);
#2399 = FACE_BOUND('',#2400,.F.);
#2400 = EDGE_LOOP('',(#2401,#2429,#2457,#2476,#2477,#2478,#2499,#2525));
#2401 = ORIENTED_EDGE('',*,*,#2402,.T.);
#2402 = EDGE_CURVE('',#2403,#2405,#2407,.T.);
#2403 = VERTEX_POINT('',#2404);
#2404 = CARTESIAN_POINT('',(46.065,108.2,0.2));
#2405 = VERTEX_POINT('',#2406);
#2406 = CARTESIAN_POINT('',(46.065,108.2,-1.1));
#2407 = SURFACE_CURVE('',#2408,(#2412,#2418),.PCURVE_S1.);
#2408 = LINE('',#2409,#2410);
#2409 = CARTESIAN_POINT('',(46.065,108.2,-3.9));
#2410 = VECTOR('',#2411,1.);
#2411 = DIRECTION('',(0.,0.,-1.));
#2412 = PCURVE('',#185,#2413);
#2413 = DEFINITIONAL_REPRESENTATION('',(#2414),#2417);
#2414 = B_SPLINE_CURVE_WITH_KNOTS('',1,(#2415,#2416),.UNSPECIFIED.,.F.,
  .F.,(2,2),(-4.1,-2.8),.PIECEWISE_BEZIER_KNOTS.);
#2415 = CARTESIAN_POINT('',(1.3,-3.2));
#2416 = CARTESIAN_POINT('',(0.,-3.2));
#2417 = ( GEOMETRIC_REPRESENTATION_CONTEXT(2) 
PARAMETRIC_REPRESENTATION_CONTEXT() REPRESENTATION_CONTEXT('2D SPACE',''
  ) );
#2418 = PCURVE('',#2419,#2424);
#2419 = PLANE('',#2420);
#2420 = AXIS2_PLACEMENT_3D('',#2421,#2422,#2423);
#2421 = CARTESIAN_POINT('',(6.5,108.2,-6.7));
#2422 = DIRECTION('',(0.,1.,0.));
#2423 = DIRECTION('',(0.,0.,1.));
#2424 = DEFINITIONAL_REPRESENTATION('',(#2425),#2428);
#2425 = B_SPLINE_CURVE_WITH_KNOTS('',1,(#2426,#2427),.UNSPECIFIED.,.F.,
  .F.,(2,2),(-4.1,-2.8),.PIECEWISE_BEZIER_KNOTS.);
#2426 = CARTESIAN_POINT('',(6.9,39.565));
#2427 = CARTESIAN_POINT('',(5.6,39.565));
#2428 = ( GEOMETRIC_REPRESENTATION_CONTEXT(2) 
PARAMETRIC_REPRESENTATION_CONTEXT() REPRESENTATION_CONTEXT('2D SPACE',''
  ) );
#2429 = ORIENTED_EDGE('',*,*,#2430,.T.);
#2430 = EDGE_CURVE('',#2405,#2431,#2433,.T.);
#2431 = VERTEX_POINT('',#2432);
#2432 = CARTESIAN_POINT('',(46.065,110.,-1.1));
#2433 = SURFACE_CURVE('',#2434,(#2438,#2445),.PCURVE_S1.);
#2434 = LINE('',#2435,#2436);
#2435 = CARTESIAN_POINT('',(46.065,105.,-1.1));
#2436 = VECTOR('',#2437,1.);
#2437 = DIRECTION('',(0.,1.,0.));
#2438 = PCURVE('',#185,#2439);
#2439 = DEFINITIONAL_REPRESENTATION('',(#2440),#2444);
#2440 = LINE('',#2441,#2442);
#2441 = CARTESIAN_POINT('',(0.,0.));
#2442 = VECTOR('',#2443,1.);
#2443 = DIRECTION('',(0.,-1.));
#2444 = ( GEOMETRIC_REPRESENTATION_CONTEXT(2) 
PARAMETRIC_REPRESENTATION_CONTEXT() REPRESENTATION_CONTEXT('2D SPACE',''
  ) );
#2445 = PCURVE('',#2446,#2451);
#2446 = PLANE('',#2447);
#2447 = AXIS2_PLACEMENT_3D('',#2448,#2449,#2450);
#2448 = CARTESIAN_POINT('',(29.865,105.,-1.1));
#2449 = DIRECTION('',(0.,0.,1.));
#2450 = DIRECTION('',(1.,0.,-0.));
#2451 = DEFINITIONAL_REPRESENTATION('',(#2452),#2456);
#2452 = LINE('',#2453,#2454);
#2453 = CARTESIAN_POINT('',(16.2,0.));
#2454 = VECTOR('',#2455,1.);
#2455 = DIRECTION('',(0.,1.));
#2456 = ( GEOMETRIC_REPRESENTATION_CONTEXT(2) 
PARAMETRIC_REPRESENTATION_CONTEXT() REPRESENTATION_CONTEXT('2D SPACE',''
  ) );
#2457 = ORIENTED_EDGE('',*,*,#2458,.F.);
#2458 = EDGE_CURVE('',#143,#2431,#2459,.T.);
#2459 = SURFACE_CURVE('',#2460,(#2464,#2470),.PCURVE_S1.);
#2460 = LINE('',#2461,#2462);
#2461 = CARTESIAN_POINT('',(46.065,110.,-4.8));
#2462 = VECTOR('',#2463,1.);
#2463 = DIRECTION('',(0.,0.,-1.));
#2464 = PCURVE('',#185,#2465);
#2465 = DEFINITIONAL_REPRESENTATION('',(#2466),#2469);
#2466 = B_SPLINE_CURVE_WITH_KNOTS('',1,(#2467,#2468),.UNSPECIFIED.,.F.,
  .F.,(2,2),(-5.24,-3.7),.PIECEWISE_BEZIER_KNOTS.);
#2467 = CARTESIAN_POINT('',(1.54,-5.));
#2468 = CARTESIAN_POINT('',(0.,-5.));
#2469 = ( GEOMETRIC_REPRESENTATION_CONTEXT(2) 
PARAMETRIC_REPRESENTATION_CONTEXT() REPRESENTATION_CONTEXT('2D SPACE',''
  ) );
#2470 = PCURVE('',#158,#2471);
#2471 = DEFINITIONAL_REPRESENTATION('',(#2472),#2475);
#2472 = B_SPLINE_CURVE_WITH_KNOTS('',1,(#2473,#2474),.UNSPECIFIED.,.F.,
  .F.,(2,2),(-5.24,-3.7),.PIECEWISE_BEZIER_KNOTS.);
#2473 = CARTESIAN_POINT('',(8.94,39.565));
#2474 = CARTESIAN_POINT('',(7.4,39.565));
#2475 = ( GEOMETRIC_REPRESENTATION_CONTEXT(2) 
PARAMETRIC_REPRESENTATION_CONTEXT() REPRESENTATION_CONTEXT('2D SPACE',''
  ) );
#2476 = ORIENTED_EDGE('',*,*,#170,.F.);
#2477 = ORIENTED_EDGE('',*,*,#2357,.F.);
#2478 = ORIENTED_EDGE('',*,*,#2479,.F.);
#2479 = EDGE_CURVE('',#2480,#2358,#2482,.T.);
#2480 = VERTEX_POINT('',#2481);
#2481 = CARTESIAN_POINT('',(46.065,107.025,1.5));
#2482 = SURFACE_CURVE('',#2483,(#2487,#2493),.PCURVE_S1.);
#2483 = LINE('',#2484,#2485);
#2484 = CARTESIAN_POINT('',(46.065,50.9875,1.5));
#2485 = VECTOR('',#2486,1.);
#2486 = DIRECTION('',(0.,1.,0.));
#2487 = PCURVE('',#185,#2488);
#2488 = DEFINITIONAL_REPRESENTATION('',(#2489),#2492);
#2489 = B_SPLINE_CURVE_WITH_KNOTS('',1,(#2490,#2491),.UNSPECIFIED.,.F.,
  .F.,(2,2),(54.3125,57.0375),.PIECEWISE_BEZIER_KNOTS.);
#2490 = CARTESIAN_POINT('',(2.6,-0.3));
#2491 = CARTESIAN_POINT('',(2.6,-3.025));
#2492 = ( GEOMETRIC_REPRESENTATION_CONTEXT(2) 
PARAMETRIC_REPRESENTATION_CONTEXT() REPRESENTATION_CONTEXT('2D SPACE',''
  ) );
#2493 = PCURVE('',#2270,#2494);
#2494 = DEFINITIONAL_REPRESENTATION('',(#2495),#2498);
#2495 = B_SPLINE_CURVE_WITH_KNOTS('',1,(#2496,#2497),.UNSPECIFIED.,.F.,
  .F.,(2,2),(54.3125,57.0375),.PIECEWISE_BEZIER_KNOTS.);
#2496 = CARTESIAN_POINT('',(39.57,108.325));
#2497 = CARTESIAN_POINT('',(39.57,111.05));
#2498 = ( GEOMETRIC_REPRESENTATION_CONTEXT(2) 
PARAMETRIC_REPRESENTATION_CONTEXT() REPRESENTATION_CONTEXT('2D SPACE',''
  ) );
#2499 = ORIENTED_EDGE('',*,*,#2500,.T.);
#2500 = EDGE_CURVE('',#2480,#2501,#2503,.T.);
#2501 = VERTEX_POINT('',#2502);
#2502 = CARTESIAN_POINT('',(46.065,107.025,0.2));
#2503 = SURFACE_CURVE('',#2504,(#2508,#2514),.PCURVE_S1.);
#2504 = LINE('',#2505,#2506);
#2505 = CARTESIAN_POINT('',(46.065,107.025,-0.425));
#2506 = VECTOR('',#2507,1.);
#2507 = DIRECTION('',(0.,0.,-1.));
#2508 = PCURVE('',#185,#2509);
#2509 = DEFINITIONAL_REPRESENTATION('',(#2510),#2513);
#2510 = B_SPLINE_CURVE_WITH_KNOTS('',1,(#2511,#2512),.UNSPECIFIED.,.F.,
  .F.,(2,2),(-1.925,-0.625),.PIECEWISE_BEZIER_KNOTS.);
#2511 = CARTESIAN_POINT('',(2.6,-2.025));
#2512 = CARTESIAN_POINT('',(1.3,-2.025));
#2513 = ( GEOMETRIC_REPRESENTATION_CONTEXT(2) 
PARAMETRIC_REPRESENTATION_CONTEXT() REPRESENTATION_CONTEXT('2D SPACE',''
  ) );
#2514 = PCURVE('',#2515,#2520);
#2515 = PLANE('',#2516);
#2516 = AXIS2_PLACEMENT_3D('',#2517,#2518,#2519);
#2517 = CARTESIAN_POINT('',(6.495,107.025,0.25));
#2518 = DIRECTION('',(0.,1.,0.));
#2519 = DIRECTION('',(0.,0.,1.));
#2520 = DEFINITIONAL_REPRESENTATION('',(#2521),#2524);
#2521 = B_SPLINE_CURVE_WITH_KNOTS('',1,(#2522,#2523),.UNSPECIFIED.,.F.,
  .F.,(2,2),(-1.925,-0.625),.PIECEWISE_BEZIER_KNOTS.);
#2522 = CARTESIAN_POINT('',(1.25,39.57));
#2523 = CARTESIAN_POINT('',(-5.E-02,39.57));
#2524 = ( GEOMETRIC_REPRESENTATION_CONTEXT(2) 
PARAMETRIC_REPRESENTATION_CONTEXT() REPRESENTATION_CONTEXT('2D SPACE',''
  ) );
#2525 = ORIENTED_EDGE('',*,*,#2526,.T.);
#2526 = EDGE_CURVE('',#2501,#2403,#2527,.T.);
#2527 = SURFACE_CURVE('',#2528,(#2532,#2538),.PCURVE_S1.);
#2528 = LINE('',#2529,#2530);
#2529 = CARTESIAN_POINT('',(46.065,55.5,0.2));
#2530 = VECTOR('',#2531,1.);
#2531 = DIRECTION('',(0.,1.,0.));
#2532 = PCURVE('',#185,#2533);
#2533 = DEFINITIONAL_REPRESENTATION('',(#2534),#2537);
#2534 = B_SPLINE_CURVE_WITH_KNOTS('',1,(#2535,#2536),.UNSPECIFIED.,.F.,
  .F.,(2,2),(49.8,52.7),.PIECEWISE_BEZIER_KNOTS.);
#2535 = CARTESIAN_POINT('',(1.3,-0.3));
#2536 = CARTESIAN_POINT('',(1.3,-3.2));
#2537 = ( GEOMETRIC_REPRESENTATION_CONTEXT(2) 
PARAMETRIC_REPRESENTATION_CONTEXT() REPRESENTATION_CONTEXT('2D SPACE',''
  ) );
#2538 = PCURVE('',#2218,#2539);
#2539 = DEFINITIONAL_REPRESENTATION('',(#2540),#2543);
#2540 = B_SPLINE_CURVE_WITH_KNOTS('',1,(#2541,#2542),.UNSPECIFIED.,.F.,
  .F.,(2,2),(49.8,52.7),.PIECEWISE_BEZIER_KNOTS.);
#2541 = CARTESIAN_POINT('',(39.565,99.3));
#2542 = CARTESIAN_POINT('',(39.565,102.2));
#2543 = ( GEOMETRIC_REPRESENTATION_CONTEXT(2) 
PARAMETRIC_REPRESENTATION_CONTEXT() REPRESENTATION_CONTEXT('2D SPACE',''
  ) );
#2544 = ADVANCED_FACE('',(#2545),#158,.T.);
#2545 = FACE_BOUND('',#2546,.T.);
#2546 = EDGE_LOOP('',(#2547,#2570,#2593,#2621,#2649,#2675,#2694,#2695));
#2547 = ORIENTED_EDGE('',*,*,#2548,.F.);
#2548 = EDGE_CURVE('',#2549,#114,#2551,.T.);
#2549 = VERTEX_POINT('',#2550);
#2550 = CARTESIAN_POINT('',(53.5,110.,-8.5));
#2551 = SURFACE_CURVE('',#2552,(#2556,#2563),.PCURVE_S1.);
#2552 = LINE('',#2553,#2554);
#2553 = CARTESIAN_POINT('',(53.5,110.,-8.5));
#2554 = VECTOR('',#2555,1.);
#2555 = DIRECTION('',(0.,0.,1.));
#2556 = PCURVE('',#158,#2557);
#2557 = DEFINITIONAL_REPRESENTATION('',(#2558),#2562);
#2558 = LINE('',#2559,#2560);
#2559 = CARTESIAN_POINT('',(0.,47.));
#2560 = VECTOR('',#2561,1.);
#2561 = DIRECTION('',(1.,0.));
#2562 = ( GEOMETRIC_REPRESENTATION_CONTEXT(2) 
PARAMETRIC_REPRESENTATION_CONTEXT() REPRESENTATION_CONTEXT('2D SPACE',''
  ) );
#2563 = PCURVE('',#130,#2564);
#2564 = DEFINITIONAL_REPRESENTATION('',(#2565),#2569);
#2565 = LINE('',#2566,#2567);
#2566 = CARTESIAN_POINT('',(-1.570796326795,0.));
#2567 = VECTOR('',#2568,1.);
#2568 = DIRECTION('',(-0.,-1.));
#2569 = ( GEOMETRIC_REPRESENTATION_CONTEXT(2) 
PARAMETRIC_REPRESENTATION_CONTEXT() REPRESENTATION_CONTEXT('2D SPACE',''
  ) );
#2570 = ORIENTED_EDGE('',*,*,#2571,.F.);
#2571 = EDGE_CURVE('',#2572,#2549,#2574,.T.);
#2572 = VERTEX_POINT('',#2573);
#2573 = CARTESIAN_POINT('',(6.5,110.,-8.5));
#2574 = SURFACE_CURVE('',#2575,(#2579,#2586),.PCURVE_S1.);
#2575 = LINE('',#2576,#2577);
#2576 = CARTESIAN_POINT('',(6.5,110.,-8.5));
#2577 = VECTOR('',#2578,1.);
#2578 = DIRECTION('',(1.,0.,0.));
#2579 = PCURVE('',#158,#2580);
#2580 = DEFINITIONAL_REPRESENTATION('',(#2581),#2585);
#2581 = LINE('',#2582,#2583);
#2582 = CARTESIAN_POINT('',(0.,0.));
#2583 = VECTOR('',#2584,1.);
#2584 = DIRECTION('',(0.,1.));
#2585 = ( GEOMETRIC_REPRESENTATION_CONTEXT(2) 
PARAMETRIC_REPRESENTATION_CONTEXT() REPRESENTATION_CONTEXT('2D SPACE',''
  ) );
#2586 = PCURVE('',#714,#2587);
#2587 = DEFINITIONAL_REPRESENTATION('',(#2588),#2592);
#2588 = LINE('',#2589,#2590);
#2589 = CARTESIAN_POINT('',(8.881784197001E-16,104.));
#2590 = VECTOR('',#2591,1.);
#2591 = DIRECTION('',(1.,0.));
#2592 = ( GEOMETRIC_REPRESENTATION_CONTEXT(2) 
PARAMETRIC_REPRESENTATION_CONTEXT() REPRESENTATION_CONTEXT('2D SPACE',''
  ) );
#2593 = ORIENTED_EDGE('',*,*,#2594,.T.);
#2594 = EDGE_CURVE('',#2572,#2595,#2597,.T.);
#2595 = VERTEX_POINT('',#2596);
#2596 = CARTESIAN_POINT('',(6.5,110.,0.44));
#2597 = SURFACE_CURVE('',#2598,(#2602,#2609),.PCURVE_S1.);
#2598 = LINE('',#2599,#2600);
#2599 = CARTESIAN_POINT('',(6.5,110.,-8.5));
#2600 = VECTOR('',#2601,1.);
#2601 = DIRECTION('',(0.,0.,1.));
#2602 = PCURVE('',#158,#2603);
#2603 = DEFINITIONAL_REPRESENTATION('',(#2604),#2608);
#2604 = LINE('',#2605,#2606);
#2605 = CARTESIAN_POINT('',(0.,0.));
#2606 = VECTOR('',#2607,1.);
#2607 = DIRECTION('',(1.,0.));
#2608 = ( GEOMETRIC_REPRESENTATION_CONTEXT(2) 
PARAMETRIC_REPRESENTATION_CONTEXT() REPRESENTATION_CONTEXT('2D SPACE',''
  ) );
#2609 = PCURVE('',#2610,#2615);
#2610 = CYLINDRICAL_SURFACE('',#2611,11.);
#2611 = AXIS2_PLACEMENT_3D('',#2612,#2613,#2614);
#2612 = CARTESIAN_POINT('',(6.5,99.,-8.5));
#2613 = DIRECTION('',(-0.,-0.,-1.));
#2614 = DIRECTION('',(1.,0.,0.));
#2615 = DEFINITIONAL_REPRESENTATION('',(#2616),#2620);
#2616 = LINE('',#2617,#2618);
#2617 = CARTESIAN_POINT('',(-1.570796326795,0.));
#2618 = VECTOR('',#2619,1.);
#2619 = DIRECTION('',(-0.,-1.));
#2620 = ( GEOMETRIC_REPRESENTATION_CONTEXT(2) 
PARAMETRIC_REPRESENTATION_CONTEXT() REPRESENTATION_CONTEXT('2D SPACE',''
  ) );
#2621 = ORIENTED_EDGE('',*,*,#2622,.T.);
#2622 = EDGE_CURVE('',#2595,#2623,#2625,.T.);
#2623 = VERTEX_POINT('',#2624);
#2624 = CARTESIAN_POINT('',(27.865,110.,0.44));
#2625 = SURFACE_CURVE('',#2626,(#2630,#2637),.PCURVE_S1.);
#2626 = LINE('',#2627,#2628);
#2627 = CARTESIAN_POINT('',(6.5,110.,0.44));
#2628 = VECTOR('',#2629,1.);
#2629 = DIRECTION('',(1.,0.,0.));
#2630 = PCURVE('',#158,#2631);
#2631 = DEFINITIONAL_REPRESENTATION('',(#2632),#2636);
#2632 = LINE('',#2633,#2634);
#2633 = CARTESIAN_POINT('',(8.94,0.));
#2634 = VECTOR('',#2635,1.);
#2635 = DIRECTION('',(0.,1.));
#2636 = ( GEOMETRIC_REPRESENTATION_CONTEXT(2) 
PARAMETRIC_REPRESENTATION_CONTEXT() REPRESENTATION_CONTEXT('2D SPACE',''
  ) );
#2637 = PCURVE('',#2638,#2643);
#2638 = PLANE('',#2639);
#2639 = AXIS2_PLACEMENT_3D('',#2640,#2641,#2642);
#2640 = CARTESIAN_POINT('',(6.5,-5.,0.44));
#2641 = DIRECTION('',(0.,0.,1.));
#2642 = DIRECTION('',(1.,0.,0.));
#2643 = DEFINITIONAL_REPRESENTATION('',(#2644),#2648);
#2644 = LINE('',#2645,#2646);
#2645 = CARTESIAN_POINT('',(0.,115.));
#2646 = VECTOR('',#2647,1.);
#2647 = DIRECTION('',(1.,0.));
#2648 = ( GEOMETRIC_REPRESENTATION_CONTEXT(2) 
PARAMETRIC_REPRESENTATION_CONTEXT() REPRESENTATION_CONTEXT('2D SPACE',''
  ) );
#2649 = ORIENTED_EDGE('',*,*,#2650,.T.);
#2650 = EDGE_CURVE('',#2623,#2651,#2653,.T.);
#2651 = VERTEX_POINT('',#2652);
#2652 = CARTESIAN_POINT('',(27.865,110.,-1.1));
#2653 = SURFACE_CURVE('',#2654,(#2658,#2664),.PCURVE_S1.);
#2654 = LINE('',#2655,#2656);
#2655 = CARTESIAN_POINT('',(27.865,110.,-4.8));
#2656 = VECTOR('',#2657,1.);
#2657 = DIRECTION('',(0.,0.,-1.));
#2658 = PCURVE('',#158,#2659);
#2659 = DEFINITIONAL_REPRESENTATION('',(#2660),#2663);
#2660 = B_SPLINE_CURVE_WITH_KNOTS('',1,(#2661,#2662),.UNSPECIFIED.,.F.,
  .F.,(2,2),(-5.24,-3.7),.PIECEWISE_BEZIER_KNOTS.);
#2661 = CARTESIAN_POINT('',(8.94,21.365));
#2662 = CARTESIAN_POINT('',(7.4,21.365));
#2663 = ( GEOMETRIC_REPRESENTATION_CONTEXT(2) 
PARAMETRIC_REPRESENTATION_CONTEXT() REPRESENTATION_CONTEXT('2D SPACE',''
  ) );
#2664 = PCURVE('',#2665,#2670);
#2665 = PLANE('',#2666);
#2666 = AXIS2_PLACEMENT_3D('',#2667,#2668,#2669);
#2667 = CARTESIAN_POINT('',(27.865,105.,-1.1));
#2668 = DIRECTION('',(1.,0.,0.));
#2669 = DIRECTION('',(0.,0.,1.));
#2670 = DEFINITIONAL_REPRESENTATION('',(#2671),#2674);
#2671 = B_SPLINE_CURVE_WITH_KNOTS('',1,(#2672,#2673),.UNSPECIFIED.,.F.,
  .F.,(2,2),(-5.24,-3.7),.PIECEWISE_BEZIER_KNOTS.);
#2672 = CARTESIAN_POINT('',(1.54,-5.));
#2673 = CARTESIAN_POINT('',(0.,-5.));
#2674 = ( GEOMETRIC_REPRESENTATION_CONTEXT(2) 
PARAMETRIC_REPRESENTATION_CONTEXT() REPRESENTATION_CONTEXT('2D SPACE',''
  ) );
#2675 = ORIENTED_EDGE('',*,*,#2676,.T.);
#2676 = EDGE_CURVE('',#2651,#2431,#2677,.T.);
#2677 = SURFACE_CURVE('',#2678,(#2682,#2688),.PCURVE_S1.);
#2678 = LINE('',#2679,#2680);
#2679 = CARTESIAN_POINT('',(18.1825,110.,-1.1));
#2680 = VECTOR('',#2681,1.);
#2681 = DIRECTION('',(1.,0.,0.));
#2682 = PCURVE('',#158,#2683);
#2683 = DEFINITIONAL_REPRESENTATION('',(#2684),#2687);
#2684 = B_SPLINE_CURVE_WITH_KNOTS('',1,(#2685,#2686),.UNSPECIFIED.,.F.,
  .F.,(2,2),(9.6825,27.8825),.PIECEWISE_BEZIER_KNOTS.);
#2685 = CARTESIAN_POINT('',(7.4,21.365));
#2686 = CARTESIAN_POINT('',(7.4,39.565));
#2687 = ( GEOMETRIC_REPRESENTATION_CONTEXT(2) 
PARAMETRIC_REPRESENTATION_CONTEXT() REPRESENTATION_CONTEXT('2D SPACE',''
  ) );
#2688 = PCURVE('',#2446,#2689);
#2689 = DEFINITIONAL_REPRESENTATION('',(#2690),#2693);
#2690 = B_SPLINE_CURVE_WITH_KNOTS('',1,(#2691,#2692),.UNSPECIFIED.,.F.,
  .F.,(2,2),(9.6825,27.8825),.PIECEWISE_BEZIER_KNOTS.);
#2691 = CARTESIAN_POINT('',(-2.,5.));
#2692 = CARTESIAN_POINT('',(16.2,5.));
#2693 = ( GEOMETRIC_REPRESENTATION_CONTEXT(2) 
PARAMETRIC_REPRESENTATION_CONTEXT() REPRESENTATION_CONTEXT('2D SPACE',''
  ) );
#2694 = ORIENTED_EDGE('',*,*,#2458,.F.);
#2695 = ORIENTED_EDGE('',*,*,#142,.T.);
#2696 = ADVANCED_FACE('',(#2697),#130,.T.);
#2697 = FACE_BOUND('',#2698,.F.);
#2698 = EDGE_LOOP('',(#2699,#2723,#2743,#2744));
#2699 = ORIENTED_EDGE('',*,*,#2700,.F.);
#2700 = EDGE_CURVE('',#2701,#2549,#2703,.T.);
#2701 = VERTEX_POINT('',#2702);
#2702 = CARTESIAN_POINT('',(64.5,99.,-8.5));
#2703 = SURFACE_CURVE('',#2704,(#2709,#2716),.PCURVE_S1.);
#2704 = CIRCLE('',#2705,11.);
#2705 = AXIS2_PLACEMENT_3D('',#2706,#2707,#2708);
#2706 = CARTESIAN_POINT('',(53.5,99.,-8.5));
#2707 = DIRECTION('',(0.,0.,1.));
#2708 = DIRECTION('',(1.,0.,0.));
#2709 = PCURVE('',#130,#2710);
#2710 = DEFINITIONAL_REPRESENTATION('',(#2711),#2715);
#2711 = LINE('',#2712,#2713);
#2712 = CARTESIAN_POINT('',(-0.,0.));
#2713 = VECTOR('',#2714,1.);
#2714 = DIRECTION('',(-1.,0.));
#2715 = ( GEOMETRIC_REPRESENTATION_CONTEXT(2) 
PARAMETRIC_REPRESENTATION_CONTEXT() REPRESENTATION_CONTEXT('2D SPACE',''
  ) );
#2716 = PCURVE('',#714,#2717);
#2717 = DEFINITIONAL_REPRESENTATION('',(#2718),#2722);
#2718 = CIRCLE('',#2719,11.);
#2719 = AXIS2_PLACEMENT_2D('',#2720,#2721);
#2720 = CARTESIAN_POINT('',(47.,93.));
#2721 = DIRECTION('',(1.,0.));
#2722 = ( GEOMETRIC_REPRESENTATION_CONTEXT(2) 
PARAMETRIC_REPRESENTATION_CONTEXT() REPRESENTATION_CONTEXT('2D SPACE',''
  ) );
#2723 = ORIENTED_EDGE('',*,*,#2724,.T.);
#2724 = EDGE_CURVE('',#2701,#86,#2725,.T.);
#2725 = SURFACE_CURVE('',#2726,(#2730,#2736),.PCURVE_S1.);
#2726 = LINE('',#2727,#2728);
#2727 = CARTESIAN_POINT('',(64.5,99.,-8.5));
#2728 = VECTOR('',#2729,1.);
#2729 = DIRECTION('',(0.,0.,1.));
#2730 = PCURVE('',#130,#2731);
#2731 = DEFINITIONAL_REPRESENTATION('',(#2732),#2735);
#2732 = B_SPLINE_CURVE_WITH_KNOTS('',1,(#2733,#2734),.UNSPECIFIED.,.F.,
  .F.,(2,2),(0.,8.94),.PIECEWISE_BEZIER_KNOTS.);
#2733 = CARTESIAN_POINT('',(0.,0.));
#2734 = CARTESIAN_POINT('',(0.,-8.94));
#2735 = ( GEOMETRIC_REPRESENTATION_CONTEXT(2) 
PARAMETRIC_REPRESENTATION_CONTEXT() REPRESENTATION_CONTEXT('2D SPACE',''
  ) );
#2736 = PCURVE('',#101,#2737);
#2737 = DEFINITIONAL_REPRESENTATION('',(#2738),#2742);
#2738 = LINE('',#2739,#2740);
#2739 = CARTESIAN_POINT('',(0.,-93.));
#2740 = VECTOR('',#2741,1.);
#2741 = DIRECTION('',(1.,0.));
#2742 = ( GEOMETRIC_REPRESENTATION_CONTEXT(2) 
PARAMETRIC_REPRESENTATION_CONTEXT() REPRESENTATION_CONTEXT('2D SPACE',''
  ) );
#2743 = ORIENTED_EDGE('',*,*,#113,.T.);
#2744 = ORIENTED_EDGE('',*,*,#2548,.F.);
#2745 = ADVANCED_FACE('',(#2746),#101,.T.);
#2746 = FACE_BOUND('',#2747,.T.);
#2747 = EDGE_LOOP('',(#2748,#2770,#2791,#2792));
#2748 = ORIENTED_EDGE('',*,*,#2749,.F.);
#2749 = EDGE_CURVE('',#2750,#57,#2752,.T.);
#2750 = VERTEX_POINT('',#2751);
#2751 = CARTESIAN_POINT('',(64.5,6.,-8.5));
#2752 = SURFACE_CURVE('',#2753,(#2757,#2764),.PCURVE_S1.);
#2753 = LINE('',#2754,#2755);
#2754 = CARTESIAN_POINT('',(64.5,6.,-8.5));
#2755 = VECTOR('',#2756,1.);
#2756 = DIRECTION('',(0.,0.,1.));
#2757 = PCURVE('',#101,#2758);
#2758 = DEFINITIONAL_REPRESENTATION('',(#2759),#2763);
#2759 = LINE('',#2760,#2761);
#2760 = CARTESIAN_POINT('',(0.,0.));
#2761 = VECTOR('',#2762,1.);
#2762 = DIRECTION('',(1.,0.));
#2763 = ( GEOMETRIC_REPRESENTATION_CONTEXT(2) 
PARAMETRIC_REPRESENTATION_CONTEXT() REPRESENTATION_CONTEXT('2D SPACE',''
  ) );
#2764 = PCURVE('',#73,#2765);
#2765 = DEFINITIONAL_REPRESENTATION('',(#2766),#2769);
#2766 = B_SPLINE_CURVE_WITH_KNOTS('',1,(#2767,#2768),.UNSPECIFIED.,.F.,
  .F.,(2,2),(0.,8.94),.PIECEWISE_BEZIER_KNOTS.);
#2767 = CARTESIAN_POINT('',(-6.28318530718,0.));
#2768 = CARTESIAN_POINT('',(-6.28318530718,-8.94));
#2769 = ( GEOMETRIC_REPRESENTATION_CONTEXT(2) 
PARAMETRIC_REPRESENTATION_CONTEXT() REPRESENTATION_CONTEXT('2D SPACE',''
  ) );
#2770 = ORIENTED_EDGE('',*,*,#2771,.T.);
#2771 = EDGE_CURVE('',#2750,#2701,#2772,.T.);
#2772 = SURFACE_CURVE('',#2773,(#2777,#2784),.PCURVE_S1.);
#2773 = LINE('',#2774,#2775);
#2774 = CARTESIAN_POINT('',(64.5,6.,-8.5));
#2775 = VECTOR('',#2776,1.);
#2776 = DIRECTION('',(0.,1.,0.));
#2777 = PCURVE('',#101,#2778);
#2778 = DEFINITIONAL_REPRESENTATION('',(#2779),#2783);
#2779 = LINE('',#2780,#2781);
#2780 = CARTESIAN_POINT('',(0.,0.));
#2781 = VECTOR('',#2782,1.);
#2782 = DIRECTION('',(0.,-1.));
#2783 = ( GEOMETRIC_REPRESENTATION_CONTEXT(2) 
PARAMETRIC_REPRESENTATION_CONTEXT() REPRESENTATION_CONTEXT('2D SPACE',''
  ) );
#2784 = PCURVE('',#714,#2785);
#2785 = DEFINITIONAL_REPRESENTATION('',(#2786),#2790);
#2786 = LINE('',#2787,#2788);
#2787 = CARTESIAN_POINT('',(58.,8.881784197001E-16));
#2788 = VECTOR('',#2789,1.);
#2789 = DIRECTION('',(0.,1.));
#2790 = ( GEOMETRIC_REPRESENTATION_CONTEXT(2) 
PARAMETRIC_REPRESENTATION_CONTEXT() REPRESENTATION_CONTEXT('2D SPACE',''
  ) );
#2791 = ORIENTED_EDGE('',*,*,#2724,.T.);
#2792 = ORIENTED_EDGE('',*,*,#85,.F.);
#2793 = ADVANCED_FACE('',(#2794),#73,.T.);
#2794 = FACE_BOUND('',#2795,.F.);
#2795 = EDGE_LOOP('',(#2796,#2797,#2819,#2820));
#2796 = ORIENTED_EDGE('',*,*,#2749,.F.);
#2797 = ORIENTED_EDGE('',*,*,#2798,.F.);
#2798 = EDGE_CURVE('',#676,#2750,#2799,.T.);
#2799 = SURFACE_CURVE('',#2800,(#2805,#2812),.PCURVE_S1.);
#2800 = CIRCLE('',#2801,11.);
#2801 = AXIS2_PLACEMENT_3D('',#2802,#2803,#2804);
#2802 = CARTESIAN_POINT('',(53.5,6.,-8.5));
#2803 = DIRECTION('',(0.,0.,1.));
#2804 = DIRECTION('',(1.,0.,0.));
#2805 = PCURVE('',#73,#2806);
#2806 = DEFINITIONAL_REPRESENTATION('',(#2807),#2811);
#2807 = LINE('',#2808,#2809);
#2808 = CARTESIAN_POINT('',(-0.,0.));
#2809 = VECTOR('',#2810,1.);
#2810 = DIRECTION('',(-1.,0.));
#2811 = ( GEOMETRIC_REPRESENTATION_CONTEXT(2) 
PARAMETRIC_REPRESENTATION_CONTEXT() REPRESENTATION_CONTEXT('2D SPACE',''
  ) );
#2812 = PCURVE('',#714,#2813);
#2813 = DEFINITIONAL_REPRESENTATION('',(#2814),#2818);
#2814 = CIRCLE('',#2815,11.);
#2815 = AXIS2_PLACEMENT_2D('',#2816,#2817);
#2816 = CARTESIAN_POINT('',(47.,8.881784197001E-16));
#2817 = DIRECTION('',(1.,0.));
#2818 = ( GEOMETRIC_REPRESENTATION_CONTEXT(2) 
PARAMETRIC_REPRESENTATION_CONTEXT() REPRESENTATION_CONTEXT('2D SPACE',''
  ) );
#2819 = ORIENTED_EDGE('',*,*,#675,.T.);
#2820 = ORIENTED_EDGE('',*,*,#56,.T.);
#2821 = ADVANCED_FACE('',(#2822),#852,.T.);
#2822 = FACE_BOUND('',#2823,.T.);
#2823 = EDGE_LOOP('',(#2824,#2825,#2846,#2874,#2896,#2897));
#2824 = ORIENTED_EDGE('',*,*,#935,.T.);
#2825 = ORIENTED_EDGE('',*,*,#2826,.F.);
#2826 = EDGE_CURVE('',#2827,#936,#2829,.T.);
#2827 = VERTEX_POINT('',#2828);
#2828 = CARTESIAN_POINT('',(14.79,-3.2,-1.3));
#2829 = SURFACE_CURVE('',#2830,(#2834,#2840),.PCURVE_S1.);
#2830 = LINE('',#2831,#2832);
#2831 = CARTESIAN_POINT('',(11.545,-3.2,-1.3));
#2832 = VECTOR('',#2833,1.);
#2833 = DIRECTION('',(1.,0.,0.));
#2834 = PCURVE('',#852,#2835);
#2835 = DEFINITIONAL_REPRESENTATION('',(#2836),#2839);
#2836 = B_SPLINE_CURVE_WITH_KNOTS('',1,(#2837,#2838),.UNSPECIFIED.,.F.,
  .F.,(2,2),(3.245,13.845),.PIECEWISE_BEZIER_KNOTS.);
#2837 = CARTESIAN_POINT('',(-1.8,1.65));
#2838 = CARTESIAN_POINT('',(8.8,1.65));
#2839 = ( GEOMETRIC_REPRESENTATION_CONTEXT(2) 
PARAMETRIC_REPRESENTATION_CONTEXT() REPRESENTATION_CONTEXT('2D SPACE',''
  ) );
#2840 = PCURVE('',#973,#2841);
#2841 = DEFINITIONAL_REPRESENTATION('',(#2842),#2845);
#2842 = B_SPLINE_CURVE_WITH_KNOTS('',1,(#2843,#2844),.UNSPECIFIED.,.F.,
  .F.,(2,2),(3.245,13.845),.PIECEWISE_BEZIER_KNOTS.);
#2843 = CARTESIAN_POINT('',(5.4,8.29));
#2844 = CARTESIAN_POINT('',(5.4,18.89));
#2845 = ( GEOMETRIC_REPRESENTATION_CONTEXT(2) 
PARAMETRIC_REPRESENTATION_CONTEXT() REPRESENTATION_CONTEXT('2D SPACE',''
  ) );
#2846 = ORIENTED_EDGE('',*,*,#2847,.F.);
#2847 = EDGE_CURVE('',#2848,#2827,#2850,.T.);
#2848 = VERTEX_POINT('',#2849);
#2849 = CARTESIAN_POINT('',(14.79,-4.85,-1.3));
#2850 = SURFACE_CURVE('',#2851,(#2855,#2862),.PCURVE_S1.);
#2851 = LINE('',#2852,#2853);
#2852 = CARTESIAN_POINT('',(14.79,-4.85,-1.3));
#2853 = VECTOR('',#2854,1.);
#2854 = DIRECTION('',(0.,1.,0.));
#2855 = PCURVE('',#852,#2856);
#2856 = DEFINITIONAL_REPRESENTATION('',(#2857),#2861);
#2857 = LINE('',#2858,#2859);
#2858 = CARTESIAN_POINT('',(-1.8,0.));
#2859 = VECTOR('',#2860,1.);
#2860 = DIRECTION('',(0.,1.));
#2861 = ( GEOMETRIC_REPRESENTATION_CONTEXT(2) 
PARAMETRIC_REPRESENTATION_CONTEXT() REPRESENTATION_CONTEXT('2D SPACE',''
  ) );
#2862 = PCURVE('',#2863,#2868);
#2863 = PLANE('',#2864);
#2864 = AXIS2_PLACEMENT_3D('',#2865,#2866,#2867);
#2865 = CARTESIAN_POINT('',(14.79,-4.85,-1.3));
#2866 = DIRECTION('',(1.,0.,0.));
#2867 = DIRECTION('',(0.,0.,1.));
#2868 = DEFINITIONAL_REPRESENTATION('',(#2869),#2873);
#2869 = LINE('',#2870,#2871);
#2870 = CARTESIAN_POINT('',(0.,0.));
#2871 = VECTOR('',#2872,1.);
#2872 = DIRECTION('',(0.,-1.));
#2873 = ( GEOMETRIC_REPRESENTATION_CONTEXT(2) 
PARAMETRIC_REPRESENTATION_CONTEXT() REPRESENTATION_CONTEXT('2D SPACE',''
  ) );
#2874 = ORIENTED_EDGE('',*,*,#2875,.T.);
#2875 = EDGE_CURVE('',#2848,#812,#2876,.T.);
#2876 = SURFACE_CURVE('',#2877,(#2882,#2889),.PCURVE_S1.);
#2877 = CIRCLE('',#2878,1.8);
#2878 = AXIS2_PLACEMENT_3D('',#2879,#2880,#2881);
#2879 = CARTESIAN_POINT('',(16.59,-4.85,-1.3));
#2880 = DIRECTION('',(0.,0.,1.));
#2881 = DIRECTION('',(1.,0.,0.));
#2882 = PCURVE('',#852,#2883);
#2883 = DEFINITIONAL_REPRESENTATION('',(#2884),#2888);
#2884 = CIRCLE('',#2885,1.8);
#2885 = AXIS2_PLACEMENT_2D('',#2886,#2887);
#2886 = CARTESIAN_POINT('',(0.,0.));
#2887 = DIRECTION('',(1.,0.));
#2888 = ( GEOMETRIC_REPRESENTATION_CONTEXT(2) 
PARAMETRIC_REPRESENTATION_CONTEXT() REPRESENTATION_CONTEXT('2D SPACE',''
  ) );
#2889 = PCURVE('',#826,#2890);
#2890 = DEFINITIONAL_REPRESENTATION('',(#2891),#2895);
#2891 = LINE('',#2892,#2893);
#2892 = CARTESIAN_POINT('',(-0.,0.));
#2893 = VECTOR('',#2894,1.);
#2894 = DIRECTION('',(-1.,0.));
#2895 = ( GEOMETRIC_REPRESENTATION_CONTEXT(2) 
PARAMETRIC_REPRESENTATION_CONTEXT() REPRESENTATION_CONTEXT('2D SPACE',''
  ) );
#2896 = ORIENTED_EDGE('',*,*,#837,.T.);
#2897 = ORIENTED_EDGE('',*,*,#907,.T.);
#2898 = ADVANCED_FACE('',(#2899),#826,.F.);
#2899 = FACE_BOUND('',#2900,.T.);
#2900 = EDGE_LOOP('',(#2901,#2902,#2925,#2951));
#2901 = ORIENTED_EDGE('',*,*,#2875,.F.);
#2902 = ORIENTED_EDGE('',*,*,#2903,.T.);
#2903 = EDGE_CURVE('',#2848,#2904,#2906,.T.);
#2904 = VERTEX_POINT('',#2905);
#2905 = CARTESIAN_POINT('',(14.79,-4.85,0.44));
#2906 = SURFACE_CURVE('',#2907,(#2911,#2918),.PCURVE_S1.);
#2907 = LINE('',#2908,#2909);
#2908 = CARTESIAN_POINT('',(14.79,-4.85,-1.3));
#2909 = VECTOR('',#2910,1.);
#2910 = DIRECTION('',(0.,0.,1.));
#2911 = PCURVE('',#826,#2912);
#2912 = DEFINITIONAL_REPRESENTATION('',(#2913),#2917);
#2913 = LINE('',#2914,#2915);
#2914 = CARTESIAN_POINT('',(-3.14159265359,-2.22044604925E-16));
#2915 = VECTOR('',#2916,1.);
#2916 = DIRECTION('',(-0.,-1.));
#2917 = ( GEOMETRIC_REPRESENTATION_CONTEXT(2) 
PARAMETRIC_REPRESENTATION_CONTEXT() REPRESENTATION_CONTEXT('2D SPACE',''
  ) );
#2918 = PCURVE('',#2863,#2919);
#2919 = DEFINITIONAL_REPRESENTATION('',(#2920),#2924);
#2920 = LINE('',#2921,#2922);
#2921 = CARTESIAN_POINT('',(0.,0.));
#2922 = VECTOR('',#2923,1.);
#2923 = DIRECTION('',(1.,0.));
#2924 = ( GEOMETRIC_REPRESENTATION_CONTEXT(2) 
PARAMETRIC_REPRESENTATION_CONTEXT() REPRESENTATION_CONTEXT('2D SPACE',''
  ) );
#2925 = ORIENTED_EDGE('',*,*,#2926,.F.);
#2926 = EDGE_CURVE('',#784,#2904,#2927,.T.);
#2927 = SURFACE_CURVE('',#2928,(#2933,#2940),.PCURVE_S1.);
#2928 = CIRCLE('',#2929,1.8);
#2929 = AXIS2_PLACEMENT_3D('',#2930,#2931,#2932);
#2930 = CARTESIAN_POINT('',(16.59,-4.85,0.44));
#2931 = DIRECTION('',(0.,0.,-1.));
#2932 = DIRECTION('',(1.,0.,0.));
#2933 = PCURVE('',#826,#2934);
#2934 = DEFINITIONAL_REPRESENTATION('',(#2935),#2939);
#2935 = LINE('',#2936,#2937);
#2936 = CARTESIAN_POINT('',(-6.28318530718,-1.74));
#2937 = VECTOR('',#2938,1.);
#2938 = DIRECTION('',(1.,-0.));
#2939 = ( GEOMETRIC_REPRESENTATION_CONTEXT(2) 
PARAMETRIC_REPRESENTATION_CONTEXT() REPRESENTATION_CONTEXT('2D SPACE',''
  ) );
#2940 = PCURVE('',#799,#2941);
#2941 = DEFINITIONAL_REPRESENTATION('',(#2942),#2950);
#2942 = ( BOUNDED_CURVE() B_SPLINE_CURVE(2,(#2943,#2944,#2945,#2946,
#2947,#2948,#2949),.UNSPECIFIED.,.T.,.F.) B_SPLINE_CURVE_WITH_KNOTS((1,2
    ,2,2,2,1),(-2.094395102393,0.,2.094395102393,4.188790204786,
6.28318530718,8.377580409573),.UNSPECIFIED.) CURVE() 
GEOMETRIC_REPRESENTATION_ITEM() RATIONAL_B_SPLINE_CURVE((1.,0.5,1.,0.5,
1.,0.5,1.)) REPRESENTATION_ITEM('') );
#2943 = CARTESIAN_POINT('',(11.89,0.15));
#2944 = CARTESIAN_POINT('',(11.89,-2.967691453624));
#2945 = CARTESIAN_POINT('',(9.19,-1.408845726812));
#2946 = CARTESIAN_POINT('',(6.49,0.15));
#2947 = CARTESIAN_POINT('',(9.19,1.708845726812));
#2948 = CARTESIAN_POINT('',(11.89,3.267691453624));
#2949 = CARTESIAN_POINT('',(11.89,0.15));
#2950 = ( GEOMETRIC_REPRESENTATION_CONTEXT(2) 
PARAMETRIC_REPRESENTATION_CONTEXT() REPRESENTATION_CONTEXT('2D SPACE',''
  ) );
#2951 = ORIENTED_EDGE('',*,*,#811,.T.);
#2952 = ADVANCED_FACE('',(#2953),#799,.T.);
#2953 = FACE_BOUND('',#2954,.T.);
#2954 = EDGE_LOOP('',(#2955,#2976,#2977,#2978,#2999));
#2955 = ORIENTED_EDGE('',*,*,#2956,.F.);
#2956 = EDGE_CURVE('',#755,#2957,#2959,.T.);
#2957 = VERTEX_POINT('',#2958);
#2958 = CARTESIAN_POINT('',(11.675411063462,-3.025,0.44));
#2959 = SURFACE_CURVE('',#2960,(#2964,#2970),.PCURVE_S1.);
#2960 = LINE('',#2961,#2962);
#2961 = CARTESIAN_POINT('',(11.675411063462,-6.5,0.44));
#2962 = VECTOR('',#2963,1.);
#2963 = DIRECTION('',(0.,1.,0.));
#2964 = PCURVE('',#799,#2965);
#2965 = DEFINITIONAL_REPRESENTATION('',(#2966),#2969);
#2966 = B_SPLINE_CURVE_WITH_KNOTS('',1,(#2967,#2968),.UNSPECIFIED.,.F.,
  .F.,(2,2),(-5.999999999062E-07,4.6000006),.PIECEWISE_BEZIER_KNOTS.);
#2967 = CARTESIAN_POINT('',(5.175411063462,-1.5000006));
#2968 = CARTESIAN_POINT('',(5.175411063462,3.1000006));
#2969 = ( GEOMETRIC_REPRESENTATION_CONTEXT(2) 
PARAMETRIC_REPRESENTATION_CONTEXT() REPRESENTATION_CONTEXT('2D SPACE',''
  ) );
#2970 = PCURVE('',#771,#2971);
#2971 = DEFINITIONAL_REPRESENTATION('',(#2972),#2975);
#2972 = B_SPLINE_CURVE_WITH_KNOTS('',1,(#2973,#2974),.UNSPECIFIED.,.F.,
  .F.,(2,2),(-5.999999999062E-07,4.6000006),.PIECEWISE_BEZIER_KNOTS.);
#2973 = CARTESIAN_POINT('',(2.298898932047,-5.999999999062E-07));
#2974 = CARTESIAN_POINT('',(2.298898932047,4.6000006));
#2975 = ( GEOMETRIC_REPRESENTATION_CONTEXT(2) 
PARAMETRIC_REPRESENTATION_CONTEXT() REPRESENTATION_CONTEXT('2D SPACE',''
  ) );
#2976 = ORIENTED_EDGE('',*,*,#783,.T.);
#2977 = ORIENTED_EDGE('',*,*,#2926,.T.);
#2978 = ORIENTED_EDGE('',*,*,#2979,.T.);
#2979 = EDGE_CURVE('',#2904,#2980,#2982,.T.);
#2980 = VERTEX_POINT('',#2981);
#2981 = CARTESIAN_POINT('',(14.79,-3.025,0.44));
#2982 = SURFACE_CURVE('',#2983,(#2987,#2993),.PCURVE_S1.);
#2983 = LINE('',#2984,#2985);
#2984 = CARTESIAN_POINT('',(14.79,-4.925,0.44));
#2985 = VECTOR('',#2986,1.);
#2986 = DIRECTION('',(0.,1.,0.));
#2987 = PCURVE('',#799,#2988);
#2988 = DEFINITIONAL_REPRESENTATION('',(#2989),#2992);
#2989 = B_SPLINE_CURVE_WITH_KNOTS('',1,(#2990,#2991),.UNSPECIFIED.,.F.,
  .F.,(2,2),(7.5E-02,4.975),.PIECEWISE_BEZIER_KNOTS.);
#2990 = CARTESIAN_POINT('',(8.29,0.15));
#2991 = CARTESIAN_POINT('',(8.29,5.05));
#2992 = ( GEOMETRIC_REPRESENTATION_CONTEXT(2) 
PARAMETRIC_REPRESENTATION_CONTEXT() REPRESENTATION_CONTEXT('2D SPACE',''
  ) );
#2993 = PCURVE('',#2863,#2994);
#2994 = DEFINITIONAL_REPRESENTATION('',(#2995),#2998);
#2995 = B_SPLINE_CURVE_WITH_KNOTS('',1,(#2996,#2997),.UNSPECIFIED.,.F.,
  .F.,(2,2),(7.5E-02,4.975),.PIECEWISE_BEZIER_KNOTS.);
#2996 = CARTESIAN_POINT('',(1.74,0.));
#2997 = CARTESIAN_POINT('',(1.74,-4.9));
#2998 = ( GEOMETRIC_REPRESENTATION_CONTEXT(2) 
PARAMETRIC_REPRESENTATION_CONTEXT() REPRESENTATION_CONTEXT('2D SPACE',''
  ) );
#2999 = ORIENTED_EDGE('',*,*,#3000,.T.);
#3000 = EDGE_CURVE('',#2980,#2957,#3001,.T.);
#3001 = SURFACE_CURVE('',#3002,(#3006,#3012),.PCURVE_S1.);
#3002 = LINE('',#3003,#3004);
#3003 = CARTESIAN_POINT('',(6.4975,-3.025,0.44));
#3004 = VECTOR('',#3005,1.);
#3005 = DIRECTION('',(-1.,0.,0.));
#3006 = PCURVE('',#799,#3007);
#3007 = DEFINITIONAL_REPRESENTATION('',(#3008),#3011);
#3008 = B_SPLINE_CURVE_WITH_KNOTS('',1,(#3009,#3010),.UNSPECIFIED.,.F.,
  .F.,(2,2),(-47.0075,2.500000000003E-03),.PIECEWISE_BEZIER_KNOTS.);
#3009 = CARTESIAN_POINT('',(47.005,1.975));
#3010 = CARTESIAN_POINT('',(-5.000000000006E-03,1.975));
#3011 = ( GEOMETRIC_REPRESENTATION_CONTEXT(2) 
PARAMETRIC_REPRESENTATION_CONTEXT() REPRESENTATION_CONTEXT('2D SPACE',''
  ) );
#3012 = PCURVE('',#3013,#3018);
#3013 = PLANE('',#3014);
#3014 = AXIS2_PLACEMENT_3D('',#3015,#3016,#3017);
#3015 = CARTESIAN_POINT('',(6.495,-3.025,0.35));
#3016 = DIRECTION('',(0.,1.,0.));
#3017 = DIRECTION('',(0.,0.,1.));
#3018 = DEFINITIONAL_REPRESENTATION('',(#3019),#3022);
#3019 = B_SPLINE_CURVE_WITH_KNOTS('',1,(#3020,#3021),.UNSPECIFIED.,.F.,
  .F.,(2,2),(-47.0075,2.500000000003E-03),.PIECEWISE_BEZIER_KNOTS.);
#3020 = CARTESIAN_POINT('',(9.E-02,47.01));
#3021 = CARTESIAN_POINT('',(9.E-02,0.));
#3022 = ( GEOMETRIC_REPRESENTATION_CONTEXT(2) 
PARAMETRIC_REPRESENTATION_CONTEXT() REPRESENTATION_CONTEXT('2D SPACE',''
  ) );
#3023 = ADVANCED_FACE('',(#3024),#771,.F.);
#3024 = FACE_BOUND('',#3025,.F.);
#3025 = EDGE_LOOP('',(#3026,#3057,#3083,#3138,#3162,#3188,#3217,#3243,
    #3265,#3266,#3267,#3317,#3338,#3375));
#3026 = ORIENTED_EDGE('',*,*,#3027,.F.);
#3027 = EDGE_CURVE('',#3028,#3030,#3032,.T.);
#3028 = VERTEX_POINT('',#3029);
#3029 = CARTESIAN_POINT('',(3.691856114067,-1.9,0.2));
#3030 = VERTEX_POINT('',#3031);
#3031 = CARTESIAN_POINT('',(2.723351673579,-1.9,1.5));
#3032 = SURFACE_CURVE('',#3033,(#3038,#3045),.PCURVE_S1.);
#3033 = CIRCLE('',#3034,5.5);
#3034 = AXIS2_PLACEMENT_3D('',#3035,#3036,#3037);
#3035 = CARTESIAN_POINT('',(7.57,-1.9,4.1));
#3036 = DIRECTION('',(0.,1.,0.));
#3037 = DIRECTION('',(0.,-0.,1.));
#3038 = PCURVE('',#771,#3039);
#3039 = DEFINITIONAL_REPRESENTATION('',(#3040),#3044);
#3040 = LINE('',#3041,#3042);
#3041 = CARTESIAN_POINT('',(0.,4.6));
#3042 = VECTOR('',#3043,1.);
#3043 = DIRECTION('',(1.,0.));
#3044 = ( GEOMETRIC_REPRESENTATION_CONTEXT(2) 
PARAMETRIC_REPRESENTATION_CONTEXT() REPRESENTATION_CONTEXT('2D SPACE',''
  ) );
#3045 = PCURVE('',#3046,#3051);
#3046 = PLANE('',#3047);
#3047 = AXIS2_PLACEMENT_3D('',#3048,#3049,#3050);
#3048 = CARTESIAN_POINT('',(7.57,-1.9,4.1));
#3049 = DIRECTION('',(0.,1.,0.));
#3050 = DIRECTION('',(0.,-0.,1.));
#3051 = DEFINITIONAL_REPRESENTATION('',(#3052),#3056);
#3052 = CIRCLE('',#3053,5.5);
#3053 = AXIS2_PLACEMENT_2D('',#3054,#3055);
#3054 = CARTESIAN_POINT('',(0.,0.));
#3055 = DIRECTION('',(1.,0.));
#3056 = ( GEOMETRIC_REPRESENTATION_CONTEXT(2) 
PARAMETRIC_REPRESENTATION_CONTEXT() REPRESENTATION_CONTEXT('2D SPACE',''
  ) );
#3057 = ORIENTED_EDGE('',*,*,#3058,.F.);
#3058 = EDGE_CURVE('',#3059,#3028,#3061,.T.);
#3059 = VERTEX_POINT('',#3060);
#3060 = CARTESIAN_POINT('',(3.691856114067,-2.760954737693,0.2));
#3061 = SURFACE_CURVE('',#3062,(#3066,#3072),.PCURVE_S1.);
#3062 = LINE('',#3063,#3064);
#3063 = CARTESIAN_POINT('',(3.691856114067,-6.5,0.2));
#3064 = VECTOR('',#3065,1.);
#3065 = DIRECTION('',(0.,1.,0.));
#3066 = PCURVE('',#771,#3067);
#3067 = DEFINITIONAL_REPRESENTATION('',(#3068),#3071);
#3068 = B_SPLINE_CURVE_WITH_KNOTS('',1,(#3069,#3070),.UNSPECIFIED.,.F.,
  .F.,(2,2),(3.01,4.6000006),.PIECEWISE_BEZIER_KNOTS.);
#3069 = CARTESIAN_POINT('',(3.924180884841,3.01));
#3070 = CARTESIAN_POINT('',(3.924180884841,4.6000006));
#3071 = ( GEOMETRIC_REPRESENTATION_CONTEXT(2) 
PARAMETRIC_REPRESENTATION_CONTEXT() REPRESENTATION_CONTEXT('2D SPACE',''
  ) );
#3072 = PCURVE('',#3073,#3078);
#3073 = PLANE('',#3074);
#3074 = AXIS2_PLACEMENT_3D('',#3075,#3076,#3077);
#3075 = CARTESIAN_POINT('',(6.5,6.,0.2));
#3076 = DIRECTION('',(0.,0.,1.));
#3077 = DIRECTION('',(1.,0.,-0.));
#3078 = DEFINITIONAL_REPRESENTATION('',(#3079),#3082);
#3079 = B_SPLINE_CURVE_WITH_KNOTS('',1,(#3080,#3081),.UNSPECIFIED.,.F.,
  .F.,(2,2),(3.01,4.6000006),.PIECEWISE_BEZIER_KNOTS.);
#3080 = CARTESIAN_POINT('',(-2.808143885933,-9.49));
#3081 = CARTESIAN_POINT('',(-2.808143885933,-7.8999994));
#3082 = ( GEOMETRIC_REPRESENTATION_CONTEXT(2) 
PARAMETRIC_REPRESENTATION_CONTEXT() REPRESENTATION_CONTEXT('2D SPACE',''
  ) );
#3083 = ORIENTED_EDGE('',*,*,#3084,.F.);
#3084 = EDGE_CURVE('',#3085,#3059,#3087,.T.);
#3085 = VERTEX_POINT('',#3086);
#3086 = CARTESIAN_POINT('',(6.5,-3.2,-1.294914271793));
#3087 = SURFACE_CURVE('',#3088,(#3101,#3117),.PCURVE_S1.);
#3088 = B_SPLINE_CURVE_WITH_KNOTS('',6,(#3089,#3090,#3091,#3092,#3093,
    #3094,#3095,#3096,#3097,#3098,#3099,#3100),.UNSPECIFIED.,.F.,.F.,(7,
    5,7),(0.,0.425713446147,1.),.UNSPECIFIED.);
#3089 = CARTESIAN_POINT('',(6.5,-3.2,-1.294914271793));
#3090 = CARTESIAN_POINT('',(6.251358810396,-3.2,-1.245600036298));
#3091 = CARTESIAN_POINT('',(6.008590620712,-3.191936614161,
    -1.18315817004));
#3092 = CARTESIAN_POINT('',(5.77289003299,-3.176522209654,-1.10850484453
    ));
#3093 = CARTESIAN_POINT('',(5.545370817135,-3.15465165795,
    -1.022756590685));
#3094 = CARTESIAN_POINT('',(5.327043295746,-3.127351276851,
    -0.927252046268));
#3095 = CARTESIAN_POINT('',(4.837860798293,-3.053067730946,
    -0.683711834207));
#3096 = CARTESIAN_POINT('',(4.574653937225,-3.002446833627,
    -0.52867110838));
#3097 = CARTESIAN_POINT('',(4.328942309545,-2.94612566525,
    -0.360947220332));
#3098 = CARTESIAN_POINT('',(4.100281516708,-2.886049419155,
    -0.182566375923));
#3099 = CARTESIAN_POINT('',(3.888112263678,-2.823860625657,
    4.843635333036E-03));
#3100 = CARTESIAN_POINT('',(3.691855510686,-2.760954544291,0.2000006));
#3101 = PCURVE('',#771,#3102);
#3102 = DEFINITIONAL_REPRESENTATION('',(#3103),#3116);
#3103 = B_SPLINE_CURVE_WITH_KNOTS('',6,(#3104,#3105,#3106,#3107,#3108,
    #3109,#3110,#3111,#3112,#3113,#3114,#3115),.UNSPECIFIED.,.F.,.F.,(7,
    5,7),(0.,0.425713446147,1.),.UNSPECIFIED.);
#3104 = CARTESIAN_POINT('',(3.337386683047,3.3));
#3105 = CARTESIAN_POINT('',(3.383474753603,3.3));
#3106 = CARTESIAN_POINT('',(3.428979822039,3.308063385839));
#3107 = CARTESIAN_POINT('',(3.47383234313,3.323477790346));
#3108 = CARTESIAN_POINT('',(3.517948672113,3.34534834205));
#3109 = CARTESIAN_POINT('',(3.561223108503,3.372648723149));
#3110 = CARTESIAN_POINT('',(3.660578277518,3.446932269054));
#3111 = CARTESIAN_POINT('',(3.715981786953,3.497553166373));
#3112 = CARTESIAN_POINT('',(3.769899692201,3.55387433475));
#3113 = CARTESIAN_POINT('',(3.822478165106,3.613950580845));
#3114 = CARTESIAN_POINT('',(3.873858787455,3.676139374343));
#3115 = CARTESIAN_POINT('',(3.924181039554,3.739045455709));
#3116 = ( GEOMETRIC_REPRESENTATION_CONTEXT(2) 
PARAMETRIC_REPRESENTATION_CONTEXT() REPRESENTATION_CONTEXT('2D SPACE',''
  ) );
#3117 = PCURVE('',#3118,#3123);
#3118 = CYLINDRICAL_SURFACE('',#3119,9.2);
#3119 = AXIS2_PLACEMENT_3D('',#3120,#3121,#3122);
#3120 = CARTESIAN_POINT('',(6.5,6.,-6.7));
#3121 = DIRECTION('',(-0.,-0.,-1.));
#3122 = DIRECTION('',(1.,0.,0.));
#3123 = DEFINITIONAL_REPRESENTATION('',(#3124),#3137);
#3124 = B_SPLINE_CURVE_WITH_KNOTS('',6,(#3125,#3126,#3127,#3128,#3129,
    #3130,#3131,#3132,#3133,#3134,#3135,#3136),.UNSPECIFIED.,.F.,.F.,(7,
    5,7),(0.,0.425713446147,1.),.UNSPECIFIED.);
#3125 = CARTESIAN_POINT('',(-4.712388980385,-5.405085728207));
#3126 = CARTESIAN_POINT('',(-4.685362764123,-5.454399963702));
#3127 = CARTESIAN_POINT('',(-4.65897497705,-5.51684182996));
#3128 = CARTESIAN_POINT('',(-4.633319657061,-5.59149515547));
#3129 = CARTESIAN_POINT('',(-4.608491243751,-5.677243409315));
#3130 = CARTESIAN_POINT('',(-4.584583405999,-5.772747953732));
#3131 = CARTESIAN_POINT('',(-4.530801838466,-6.016288165793));
#3132 = CARTESIAN_POINT('',(-4.501690590803,-6.17132889162));
#3133 = CARTESIAN_POINT('',(-4.474313393872,-6.339052779668));
#3134 = CARTESIAN_POINT('',(-4.448631659395,-6.517433624077));
#3135 = CARTESIAN_POINT('',(-4.424607080603,-6.704843635333));
#3136 = CARTESIAN_POINT('',(-4.402205782662,-6.9000006));
#3137 = ( GEOMETRIC_REPRESENTATION_CONTEXT(2) 
PARAMETRIC_REPRESENTATION_CONTEXT() REPRESENTATION_CONTEXT('2D SPACE',''
  ) );
#3138 = ORIENTED_EDGE('',*,*,#3139,.F.);
#3139 = EDGE_CURVE('',#3140,#3085,#3142,.T.);
#3140 = VERTEX_POINT('',#3141);
#3141 = CARTESIAN_POINT('',(11.448143885933,-3.2,0.2));
#3142 = SURFACE_CURVE('',#3143,(#3148,#3155),.PCURVE_S1.);
#3143 = CIRCLE('',#3144,5.5);
#3144 = AXIS2_PLACEMENT_3D('',#3145,#3146,#3147);
#3145 = CARTESIAN_POINT('',(7.57,-3.2,4.1));
#3146 = DIRECTION('',(0.,1.,0.));
#3147 = DIRECTION('',(0.,-0.,1.));
#3148 = PCURVE('',#771,#3149);
#3149 = DEFINITIONAL_REPRESENTATION('',(#3150),#3154);
#3150 = LINE('',#3151,#3152);
#3151 = CARTESIAN_POINT('',(0.,3.3));
#3152 = VECTOR('',#3153,1.);
#3153 = DIRECTION('',(1.,0.));
#3154 = ( GEOMETRIC_REPRESENTATION_CONTEXT(2) 
PARAMETRIC_REPRESENTATION_CONTEXT() REPRESENTATION_CONTEXT('2D SPACE',''
  ) );
#3155 = PCURVE('',#973,#3156);
#3156 = DEFINITIONAL_REPRESENTATION('',(#3157),#3161);
#3157 = CIRCLE('',#3158,5.5);
#3158 = AXIS2_PLACEMENT_2D('',#3159,#3160);
#3159 = CARTESIAN_POINT('',(10.8,1.07));
#3160 = DIRECTION('',(1.,0.));
#3161 = ( GEOMETRIC_REPRESENTATION_CONTEXT(2) 
PARAMETRIC_REPRESENTATION_CONTEXT() REPRESENTATION_CONTEXT('2D SPACE',''
  ) );
#3162 = ORIENTED_EDGE('',*,*,#3163,.T.);
#3163 = EDGE_CURVE('',#3140,#3164,#3166,.T.);
#3164 = VERTEX_POINT('',#3165);
#3165 = CARTESIAN_POINT('',(11.448143885933,-2.025,0.2));
#3166 = SURFACE_CURVE('',#3167,(#3171,#3177),.PCURVE_S1.);
#3167 = LINE('',#3168,#3169);
#3168 = CARTESIAN_POINT('',(11.448143885933,-6.5,0.2));
#3169 = VECTOR('',#3170,1.);
#3170 = DIRECTION('',(0.,1.,0.));
#3171 = PCURVE('',#771,#3172);
#3172 = DEFINITIONAL_REPRESENTATION('',(#3173),#3176);
#3173 = B_SPLINE_CURVE_WITH_KNOTS('',1,(#3174,#3175),.UNSPECIFIED.,.F.,
  .F.,(2,2),(3.01,4.6000006),.PIECEWISE_BEZIER_KNOTS.);
#3174 = CARTESIAN_POINT('',(2.359004422339,3.01));
#3175 = CARTESIAN_POINT('',(2.359004422339,4.6000006));
#3176 = ( GEOMETRIC_REPRESENTATION_CONTEXT(2) 
PARAMETRIC_REPRESENTATION_CONTEXT() REPRESENTATION_CONTEXT('2D SPACE',''
  ) );
#3177 = PCURVE('',#3178,#3183);
#3178 = PLANE('',#3179);
#3179 = AXIS2_PLACEMENT_3D('',#3180,#3181,#3182);
#3180 = CARTESIAN_POINT('',(6.5,6.,0.2));
#3181 = DIRECTION('',(0.,0.,1.));
#3182 = DIRECTION('',(1.,0.,-0.));
#3183 = DEFINITIONAL_REPRESENTATION('',(#3184),#3187);
#3184 = B_SPLINE_CURVE_WITH_KNOTS('',1,(#3185,#3186),.UNSPECIFIED.,.F.,
  .F.,(2,2),(3.01,4.6000006),.PIECEWISE_BEZIER_KNOTS.);
#3185 = CARTESIAN_POINT('',(4.948143885933,-9.49));
#3186 = CARTESIAN_POINT('',(4.948143885933,-7.8999994));
#3187 = ( GEOMETRIC_REPRESENTATION_CONTEXT(2) 
PARAMETRIC_REPRESENTATION_CONTEXT() REPRESENTATION_CONTEXT('2D SPACE',''
  ) );
#3188 = ORIENTED_EDGE('',*,*,#3189,.F.);
#3189 = EDGE_CURVE('',#3190,#3164,#3192,.T.);
#3190 = VERTEX_POINT('',#3191);
#3191 = CARTESIAN_POINT('',(12.416648326421,-2.025,1.5));
#3192 = SURFACE_CURVE('',#3193,(#3198,#3205),.PCURVE_S1.);
#3193 = CIRCLE('',#3194,5.5);
#3194 = AXIS2_PLACEMENT_3D('',#3195,#3196,#3197);
#3195 = CARTESIAN_POINT('',(7.57,-2.025,4.1));
#3196 = DIRECTION('',(0.,1.,0.));
#3197 = DIRECTION('',(0.,-0.,1.));
#3198 = PCURVE('',#771,#3199);
#3199 = DEFINITIONAL_REPRESENTATION('',(#3200),#3204);
#3200 = LINE('',#3201,#3202);
#3201 = CARTESIAN_POINT('',(0.,4.475));
#3202 = VECTOR('',#3203,1.);
#3203 = DIRECTION('',(1.,0.));
#3204 = ( GEOMETRIC_REPRESENTATION_CONTEXT(2) 
PARAMETRIC_REPRESENTATION_CONTEXT() REPRESENTATION_CONTEXT('2D SPACE',''
  ) );
#3205 = PCURVE('',#3206,#3211);
#3206 = PLANE('',#3207);
#3207 = AXIS2_PLACEMENT_3D('',#3208,#3209,#3210);
#3208 = CARTESIAN_POINT('',(6.495,-2.025,0.25));
#3209 = DIRECTION('',(0.,1.,0.));
#3210 = DIRECTION('',(0.,0.,1.));
#3211 = DEFINITIONAL_REPRESENTATION('',(#3212),#3216);
#3212 = CIRCLE('',#3213,5.5);
#3213 = AXIS2_PLACEMENT_2D('',#3214,#3215);
#3214 = CARTESIAN_POINT('',(3.85,1.075));
#3215 = DIRECTION('',(1.,0.));
#3216 = ( GEOMETRIC_REPRESENTATION_CONTEXT(2) 
PARAMETRIC_REPRESENTATION_CONTEXT() REPRESENTATION_CONTEXT('2D SPACE',''
  ) );
#3217 = ORIENTED_EDGE('',*,*,#3218,.F.);
#3218 = EDGE_CURVE('',#3219,#3190,#3221,.T.);
#3219 = VERTEX_POINT('',#3220);
#3220 = CARTESIAN_POINT('',(12.416648326421,-3.025,1.5));
#3221 = SURFACE_CURVE('',#3222,(#3226,#3232),.PCURVE_S1.);
#3222 = LINE('',#3223,#3224);
#3223 = CARTESIAN_POINT('',(12.416648326421,-6.5,1.5));
#3224 = VECTOR('',#3225,1.);
#3225 = DIRECTION('',(0.,1.,0.));
#3226 = PCURVE('',#771,#3227);
#3227 = DEFINITIONAL_REPRESENTATION('',(#3228),#3231);
#3228 = B_SPLINE_CURVE_WITH_KNOTS('',1,(#3229,#3230),.UNSPECIFIED.,.F.,
  .F.,(2,2),(3.2025,4.6000006),.PIECEWISE_BEZIER_KNOTS.);
#3229 = CARTESIAN_POINT('',(2.063179467071,3.2025));
#3230 = CARTESIAN_POINT('',(2.063179467071,4.6000006));
#3231 = ( GEOMETRIC_REPRESENTATION_CONTEXT(2) 
PARAMETRIC_REPRESENTATION_CONTEXT() REPRESENTATION_CONTEXT('2D SPACE',''
  ) );
#3232 = PCURVE('',#3233,#3238);
#3233 = PLANE('',#3234);
#3234 = AXIS2_PLACEMENT_3D('',#3235,#3236,#3237);
#3235 = CARTESIAN_POINT('',(6.495,-3.025,1.5));
#3236 = DIRECTION('',(0.,0.,1.));
#3237 = DIRECTION('',(1.,0.,0.));
#3238 = DEFINITIONAL_REPRESENTATION('',(#3239),#3242);
#3239 = B_SPLINE_CURVE_WITH_KNOTS('',1,(#3240,#3241),.UNSPECIFIED.,.F.,
  .F.,(2,2),(3.2025,4.6000006),.PIECEWISE_BEZIER_KNOTS.);
#3240 = CARTESIAN_POINT('',(5.921648326421,-0.2725));
#3241 = CARTESIAN_POINT('',(5.921648326421,1.1250006));
#3242 = ( GEOMETRIC_REPRESENTATION_CONTEXT(2) 
PARAMETRIC_REPRESENTATION_CONTEXT() REPRESENTATION_CONTEXT('2D SPACE',''
  ) );
#3243 = ORIENTED_EDGE('',*,*,#3244,.T.);
#3244 = EDGE_CURVE('',#3219,#2957,#3245,.T.);
#3245 = SURFACE_CURVE('',#3246,(#3251,#3258),.PCURVE_S1.);
#3246 = CIRCLE('',#3247,5.5);
#3247 = AXIS2_PLACEMENT_3D('',#3248,#3249,#3250);
#3248 = CARTESIAN_POINT('',(7.57,-3.025,4.1));
#3249 = DIRECTION('',(0.,1.,0.));
#3250 = DIRECTION('',(0.,-0.,1.));
#3251 = PCURVE('',#771,#3252);
#3252 = DEFINITIONAL_REPRESENTATION('',(#3253),#3257);
#3253 = LINE('',#3254,#3255);
#3254 = CARTESIAN_POINT('',(0.,3.475));
#3255 = VECTOR('',#3256,1.);
#3256 = DIRECTION('',(1.,0.));
#3257 = ( GEOMETRIC_REPRESENTATION_CONTEXT(2) 
PARAMETRIC_REPRESENTATION_CONTEXT() REPRESENTATION_CONTEXT('2D SPACE',''
  ) );
#3258 = PCURVE('',#3013,#3259);
#3259 = DEFINITIONAL_REPRESENTATION('',(#3260),#3264);
#3260 = CIRCLE('',#3261,5.5);
#3261 = AXIS2_PLACEMENT_2D('',#3262,#3263);
#3262 = CARTESIAN_POINT('',(3.75,1.075));
#3263 = DIRECTION('',(1.,0.));
#3264 = ( GEOMETRIC_REPRESENTATION_CONTEXT(2) 
PARAMETRIC_REPRESENTATION_CONTEXT() REPRESENTATION_CONTEXT('2D SPACE',''
  ) );
#3265 = ORIENTED_EDGE('',*,*,#2956,.F.);
#3266 = ORIENTED_EDGE('',*,*,#754,.T.);
#3267 = ORIENTED_EDGE('',*,*,#3268,.T.);
#3268 = EDGE_CURVE('',#727,#3269,#3271,.T.);
#3269 = VERTEX_POINT('',#3270);
#3270 = CARTESIAN_POINT('',(3.464588936538,-4.572903086466,0.44));
#3271 = SURFACE_CURVE('',#3272,(#3285,#3301),.PCURVE_S1.);
#3272 = B_SPLINE_CURVE_WITH_KNOTS('',6,(#3273,#3274,#3275,#3276,#3277,
    #3278,#3279,#3280,#3281,#3282,#3283,#3284),.UNSPECIFIED.,.F.,.F.,(7,
    5,7),(0.,0.412048561946,1.),.UNSPECIFIED.);
#3273 = CARTESIAN_POINT('',(6.5,-5.,-1.294914271793));
#3274 = CARTESIAN_POINT('',(6.232964290759,-5.,-1.241951760344));
#3275 = CARTESIAN_POINT('',(5.972695748809,-4.99222139706,
    -1.173846092873));
#3276 = CARTESIAN_POINT('',(5.720564001855,-4.977401304827,
    -1.09170827981));
#3277 = CARTESIAN_POINT('',(5.47782988992,-4.956476528944,
    -0.996871923452));
#3278 = CARTESIAN_POINT('',(5.245614782309,-4.930514095249,
    -0.890915705479));
#3279 = CARTESIAN_POINT('',(4.709889365176,-4.858017015981,
    -0.611264611768));
#3280 = CARTESIAN_POINT('',(4.417519611269,-4.807330153922,
    -0.427574714667));
#3281 = CARTESIAN_POINT('',(4.147470109964,-4.751340327554,
    -0.228111633413));
#3282 = CARTESIAN_POINT('',(3.899134713247,-4.692385646156,
    -1.565129915838E-02));
#3283 = CARTESIAN_POINT('',(3.671758126409,-4.632380012127,
    0.207618870396));
#3284 = CARTESIAN_POINT('',(3.464588401634,-4.572902932899,0.4400006));
#3285 = PCURVE('',#771,#3286);
#3286 = DEFINITIONAL_REPRESENTATION('',(#3287),#3300);
#3287 = B_SPLINE_CURVE_WITH_KNOTS('',6,(#3288,#3289,#3290,#3291,#3292,
    #3293,#3294,#3295,#3296,#3297,#3298,#3299),.UNSPECIFIED.,.F.,.F.,(7,
    5,7),(0.,0.412048561946,1.),.UNSPECIFIED.);
#3288 = CARTESIAN_POINT('',(3.337386683047,1.5));
#3289 = CARTESIAN_POINT('',(3.386884357298,1.5));
#3290 = CARTESIAN_POINT('',(3.435710876436,1.50777860294));
#3291 = CARTESIAN_POINT('',(3.483800550238,1.522598695173));
#3292 = CARTESIAN_POINT('',(3.53107080898,1.543523471056));
#3293 = CARTESIAN_POINT('',(3.577413889715,1.569485904751));
#3294 = CARTESIAN_POINT('',(3.687290824145,1.641982984019));
#3295 = CARTESIAN_POINT('',(3.749869969423,1.692669846078));
#3296 = CARTESIAN_POINT('',(3.810663658728,1.748659672446));
#3297 = CARTESIAN_POINT('',(3.86987067303,1.807614353844));
#3298 = CARTESIAN_POINT('',(3.927682762063,1.867619987873));
#3299 = CARTESIAN_POINT('',(3.984286521281,1.927097067101));
#3300 = ( GEOMETRIC_REPRESENTATION_CONTEXT(2) 
PARAMETRIC_REPRESENTATION_CONTEXT() REPRESENTATION_CONTEXT('2D SPACE',''
  ) );
#3301 = PCURVE('',#742,#3302);
#3302 = DEFINITIONAL_REPRESENTATION('',(#3303),#3316);
#3303 = B_SPLINE_CURVE_WITH_KNOTS('',6,(#3304,#3305,#3306,#3307,#3308,
    #3309,#3310,#3311,#3312,#3313,#3314,#3315),.UNSPECIFIED.,.F.,.F.,(7,
    5,7),(0.,0.412048561946,1.),.UNSPECIFIED.);
#3304 = CARTESIAN_POINT('',(-4.712388980385,-7.205085728207));
#3305 = CARTESIAN_POINT('',(-4.688113006817,-7.258048239656));
#3306 = CARTESIAN_POINT('',(-4.664452288919,-7.326153907127));
#3307 = CARTESIAN_POINT('',(-4.641505313092,-7.40829172019));
#3308 = CARTESIAN_POINT('',(-4.619367990505,-7.503128076548));
#3309 = CARTESIAN_POINT('',(-4.598131647356,-7.609084294521));
#3310 = CARTESIAN_POINT('',(-4.548985420184,-7.888735388232));
#3311 = CARTESIAN_POINT('',(-4.522028498552,-8.072425285333));
#3312 = CARTESIAN_POINT('',(-4.496974277427,-8.271888366587));
#3313 = CARTESIAN_POINT('',(-4.473782400804,-8.484348700842));
#3314 = CARTESIAN_POINT('',(-4.452409076769,-8.707618870396));
#3315 = CARTESIAN_POINT('',(-4.432814673407,-8.9400006));
#3316 = ( GEOMETRIC_REPRESENTATION_CONTEXT(2) 
PARAMETRIC_REPRESENTATION_CONTEXT() REPRESENTATION_CONTEXT('2D SPACE',''
  ) );
#3317 = ORIENTED_EDGE('',*,*,#3318,.T.);
#3318 = EDGE_CURVE('',#3269,#3319,#3321,.T.);
#3319 = VERTEX_POINT('',#3320);
#3320 = CARTESIAN_POINT('',(3.464588936538,-2.500705314242,0.44));
#3321 = SURFACE_CURVE('',#3322,(#3326,#3332),.PCURVE_S1.);
#3322 = LINE('',#3323,#3324);
#3323 = CARTESIAN_POINT('',(3.464588936538,-6.5,0.44));
#3324 = VECTOR('',#3325,1.);
#3325 = DIRECTION('',(0.,1.,0.));
#3326 = PCURVE('',#771,#3327);
#3327 = DEFINITIONAL_REPRESENTATION('',(#3328),#3331);
#3328 = B_SPLINE_CURVE_WITH_KNOTS('',1,(#3329,#3330),.UNSPECIFIED.,.F.,
  .F.,(2,2),(-5.999999999062E-07,4.6000006),.PIECEWISE_BEZIER_KNOTS.);
#3329 = CARTESIAN_POINT('',(3.984286375132,-5.999999999062E-07));
#3330 = CARTESIAN_POINT('',(3.984286375132,4.6000006));
#3331 = ( GEOMETRIC_REPRESENTATION_CONTEXT(2) 
PARAMETRIC_REPRESENTATION_CONTEXT() REPRESENTATION_CONTEXT('2D SPACE',''
  ) );
#3332 = PCURVE('',#2638,#3333);
#3333 = DEFINITIONAL_REPRESENTATION('',(#3334),#3337);
#3334 = B_SPLINE_CURVE_WITH_KNOTS('',1,(#3335,#3336),.UNSPECIFIED.,.F.,
  .F.,(2,2),(-5.999999999062E-07,4.6000006),.PIECEWISE_BEZIER_KNOTS.);
#3335 = CARTESIAN_POINT('',(-3.035411063462,-1.5000006));
#3336 = CARTESIAN_POINT('',(-3.035411063462,3.1000006));
#3337 = ( GEOMETRIC_REPRESENTATION_CONTEXT(2) 
PARAMETRIC_REPRESENTATION_CONTEXT() REPRESENTATION_CONTEXT('2D SPACE',''
  ) );
#3338 = ORIENTED_EDGE('',*,*,#3339,.T.);
#3339 = EDGE_CURVE('',#3319,#3340,#3342,.T.);
#3340 = VERTEX_POINT('',#3341);
#3341 = CARTESIAN_POINT('',(2.723351673579,-2.19859926417,1.5));
#3342 = SURFACE_CURVE('',#3343,(#3350,#3360),.PCURVE_S1.);
#3343 = B_SPLINE_CURVE_WITH_KNOTS('',5,(#3344,#3345,#3346,#3347,#3348,
    #3349),.UNSPECIFIED.,.F.,.F.,(6,6),(0.,1.),
  .PIECEWISE_BEZIER_KNOTS.);
#3344 = CARTESIAN_POINT('',(3.464589471441,-2.500705505042,0.4399994));
#3345 = CARTESIAN_POINT('',(3.286741806547,-2.437267402597,
    0.639490535585));
#3346 = CARTESIAN_POINT('',(3.124238226777,-2.374056757498,
    0.846164485859));
#3347 = CARTESIAN_POINT('',(2.97648030538,-2.31247367326,1.058922560388)
  );
#3348 = CARTESIAN_POINT('',(2.842961258486,-2.253657526461,
    1.277036243542));
#3349 = CARTESIAN_POINT('',(2.723351351707,-2.198599116007,1.5000006));
#3350 = PCURVE('',#771,#3351);
#3351 = DEFINITIONAL_REPRESENTATION('',(#3352),#3359);
#3352 = B_SPLINE_CURVE_WITH_KNOTS('',5,(#3353,#3354,#3355,#3356,#3357,
    #3358),.UNSPECIFIED.,.F.,.F.,(6,6),(0.,1.),
  .PIECEWISE_BEZIER_KNOTS.);
#3353 = CARTESIAN_POINT('',(3.984286228984,3.999294494958));
#3354 = CARTESIAN_POINT('',(4.032878479185,4.062732597403));
#3355 = CARTESIAN_POINT('',(4.080589098049,4.125943242502));
#3356 = CARTESIAN_POINT('',(4.127580053784,4.18752632674));
#3357 = CARTESIAN_POINT('',(4.17400214299,4.246342473539));
#3358 = CARTESIAN_POINT('',(4.220005963906,4.301400883993));
#3359 = ( GEOMETRIC_REPRESENTATION_CONTEXT(2) 
PARAMETRIC_REPRESENTATION_CONTEXT() REPRESENTATION_CONTEXT('2D SPACE',''
  ) );
#3360 = PCURVE('',#3361,#3366);
#3361 = CYLINDRICAL_SURFACE('',#3362,9.02);
#3362 = AXIS2_PLACEMENT_3D('',#3363,#3364,#3365);
#3363 = CARTESIAN_POINT('',(6.495,5.995,0.35));
#3364 = DIRECTION('',(-0.,-0.,-1.));
#3365 = DIRECTION('',(1.,0.,0.));
#3366 = DEFINITIONAL_REPRESENTATION('',(#3367),#3374);
#3367 = B_SPLINE_CURVE_WITH_KNOTS('',5,(#3368,#3369,#3370,#3371,#3372,
    #3373),.UNSPECIFIED.,.F.,.F.,(6,6),(0.,1.),
  .PIECEWISE_BEZIER_KNOTS.);
#3368 = CARTESIAN_POINT('',(-4.369758651442,-8.99994E-02));
#3369 = CARTESIAN_POINT('',(-4.348824820251,-0.289490535585));
#3370 = CARTESIAN_POINT('',(-4.329501675841,-0.496164485859));
#3371 = CARTESIAN_POINT('',(-4.311759931799,-0.708922560388));
#3372 = CARTESIAN_POINT('',(-4.295587037413,-0.927036243542));
#3373 = CARTESIAN_POINT('',(-4.280989068305,-1.1500006));
#3374 = ( GEOMETRIC_REPRESENTATION_CONTEXT(2) 
PARAMETRIC_REPRESENTATION_CONTEXT() REPRESENTATION_CONTEXT('2D SPACE',''
  ) );
#3375 = ORIENTED_EDGE('',*,*,#3376,.T.);
#3376 = EDGE_CURVE('',#3340,#3030,#3377,.T.);
#3377 = SURFACE_CURVE('',#3378,(#3382,#3388),.PCURVE_S1.);
#3378 = LINE('',#3379,#3380);
#3379 = CARTESIAN_POINT('',(2.723351673579,-6.5,1.5));
#3380 = VECTOR('',#3381,1.);
#3381 = DIRECTION('',(0.,1.,0.));
#3382 = PCURVE('',#771,#3383);
#3383 = DEFINITIONAL_REPRESENTATION('',(#3384),#3387);
#3384 = B_SPLINE_CURVE_WITH_KNOTS('',1,(#3385,#3386),.UNSPECIFIED.,.F.,
  .F.,(2,2),(3.2025,4.6000006),.PIECEWISE_BEZIER_KNOTS.);
#3385 = CARTESIAN_POINT('',(4.220005840109,3.2025));
#3386 = CARTESIAN_POINT('',(4.220005840109,4.6000006));
#3387 = ( GEOMETRIC_REPRESENTATION_CONTEXT(2) 
PARAMETRIC_REPRESENTATION_CONTEXT() REPRESENTATION_CONTEXT('2D SPACE',''
  ) );
#3388 = PCURVE('',#3389,#3394);
#3389 = PLANE('',#3390);
#3390 = AXIS2_PLACEMENT_3D('',#3391,#3392,#3393);
#3391 = CARTESIAN_POINT('',(6.495,-3.025,1.5));
#3392 = DIRECTION('',(0.,0.,1.));
#3393 = DIRECTION('',(1.,0.,0.));
#3394 = DEFINITIONAL_REPRESENTATION('',(#3395),#3398);
#3395 = B_SPLINE_CURVE_WITH_KNOTS('',1,(#3396,#3397),.UNSPECIFIED.,.F.,
  .F.,(2,2),(3.2025,4.6000006),.PIECEWISE_BEZIER_KNOTS.);
#3396 = CARTESIAN_POINT('',(-3.771648326421,-0.2725));
#3397 = CARTESIAN_POINT('',(-3.771648326421,1.1250006));
#3398 = ( GEOMETRIC_REPRESENTATION_CONTEXT(2) 
PARAMETRIC_REPRESENTATION_CONTEXT() REPRESENTATION_CONTEXT('2D SPACE',''
  ) );
#3399 = ADVANCED_FACE('',(#3400),#742,.T.);
#3400 = FACE_BOUND('',#3401,.F.);
#3401 = EDGE_LOOP('',(#3402,#3426,#3454,#3476,#3477));
#3402 = ORIENTED_EDGE('',*,*,#3403,.F.);
#3403 = EDGE_CURVE('',#3404,#699,#3406,.T.);
#3404 = VERTEX_POINT('',#3405);
#3405 = CARTESIAN_POINT('',(-4.5,6.,-8.5));
#3406 = SURFACE_CURVE('',#3407,(#3412,#3419),.PCURVE_S1.);
#3407 = CIRCLE('',#3408,11.);
#3408 = AXIS2_PLACEMENT_3D('',#3409,#3410,#3411);
#3409 = CARTESIAN_POINT('',(6.5,6.,-8.5));
#3410 = DIRECTION('',(0.,0.,1.));
#3411 = DIRECTION('',(1.,0.,0.));
#3412 = PCURVE('',#742,#3413);
#3413 = DEFINITIONAL_REPRESENTATION('',(#3414),#3418);
#3414 = LINE('',#3415,#3416);
#3415 = CARTESIAN_POINT('',(-0.,0.));
#3416 = VECTOR('',#3417,1.);
#3417 = DIRECTION('',(-1.,0.));
#3418 = ( GEOMETRIC_REPRESENTATION_CONTEXT(2) 
PARAMETRIC_REPRESENTATION_CONTEXT() REPRESENTATION_CONTEXT('2D SPACE',''
  ) );
#3419 = PCURVE('',#714,#3420);
#3420 = DEFINITIONAL_REPRESENTATION('',(#3421),#3425);
#3421 = CIRCLE('',#3422,11.);
#3422 = AXIS2_PLACEMENT_2D('',#3423,#3424);
#3423 = CARTESIAN_POINT('',(8.881784197001E-16,8.881784197001E-16));
#3424 = DIRECTION('',(1.,0.));
#3425 = ( GEOMETRIC_REPRESENTATION_CONTEXT(2) 
PARAMETRIC_REPRESENTATION_CONTEXT() REPRESENTATION_CONTEXT('2D SPACE',''
  ) );
#3426 = ORIENTED_EDGE('',*,*,#3427,.T.);
#3427 = EDGE_CURVE('',#3404,#3428,#3430,.T.);
#3428 = VERTEX_POINT('',#3429);
#3429 = CARTESIAN_POINT('',(-4.5,6.,0.44));
#3430 = SURFACE_CURVE('',#3431,(#3435,#3442),.PCURVE_S1.);
#3431 = LINE('',#3432,#3433);
#3432 = CARTESIAN_POINT('',(-4.5,6.,-8.5));
#3433 = VECTOR('',#3434,1.);
#3434 = DIRECTION('',(0.,0.,1.));
#3435 = PCURVE('',#742,#3436);
#3436 = DEFINITIONAL_REPRESENTATION('',(#3437),#3441);
#3437 = LINE('',#3438,#3439);
#3438 = CARTESIAN_POINT('',(-3.14159265359,0.));
#3439 = VECTOR('',#3440,1.);
#3440 = DIRECTION('',(-0.,-1.));
#3441 = ( GEOMETRIC_REPRESENTATION_CONTEXT(2) 
PARAMETRIC_REPRESENTATION_CONTEXT() REPRESENTATION_CONTEXT('2D SPACE',''
  ) );
#3442 = PCURVE('',#3443,#3448);
#3443 = PLANE('',#3444);
#3444 = AXIS2_PLACEMENT_3D('',#3445,#3446,#3447);
#3445 = CARTESIAN_POINT('',(-4.5,6.,-8.5));
#3446 = DIRECTION('',(1.,0.,0.));
#3447 = DIRECTION('',(0.,0.,1.));
#3448 = DEFINITIONAL_REPRESENTATION('',(#3449),#3453);
#3449 = LINE('',#3450,#3451);
#3450 = CARTESIAN_POINT('',(0.,0.));
#3451 = VECTOR('',#3452,1.);
#3452 = DIRECTION('',(1.,0.));
#3453 = ( GEOMETRIC_REPRESENTATION_CONTEXT(2) 
PARAMETRIC_REPRESENTATION_CONTEXT() REPRESENTATION_CONTEXT('2D SPACE',''
  ) );
#3454 = ORIENTED_EDGE('',*,*,#3455,.T.);
#3455 = EDGE_CURVE('',#3428,#3269,#3456,.T.);
#3456 = SURFACE_CURVE('',#3457,(#3462,#3469),.PCURVE_S1.);
#3457 = CIRCLE('',#3458,11.);
#3458 = AXIS2_PLACEMENT_3D('',#3459,#3460,#3461);
#3459 = CARTESIAN_POINT('',(6.5,6.,0.44));
#3460 = DIRECTION('',(0.,0.,1.));
#3461 = DIRECTION('',(1.,0.,0.));
#3462 = PCURVE('',#742,#3463);
#3463 = DEFINITIONAL_REPRESENTATION('',(#3464),#3468);
#3464 = LINE('',#3465,#3466);
#3465 = CARTESIAN_POINT('',(-0.,-8.94));
#3466 = VECTOR('',#3467,1.);
#3467 = DIRECTION('',(-1.,0.));
#3468 = ( GEOMETRIC_REPRESENTATION_CONTEXT(2) 
PARAMETRIC_REPRESENTATION_CONTEXT() REPRESENTATION_CONTEXT('2D SPACE',''
  ) );
#3469 = PCURVE('',#2638,#3470);
#3470 = DEFINITIONAL_REPRESENTATION('',(#3471),#3475);
#3471 = CIRCLE('',#3472,11.);
#3472 = AXIS2_PLACEMENT_2D('',#3473,#3474);
#3473 = CARTESIAN_POINT('',(0.,11.));
#3474 = DIRECTION('',(1.,0.));
#3475 = ( GEOMETRIC_REPRESENTATION_CONTEXT(2) 
PARAMETRIC_REPRESENTATION_CONTEXT() REPRESENTATION_CONTEXT('2D SPACE',''
  ) );
#3476 = ORIENTED_EDGE('',*,*,#3268,.F.);
#3477 = ORIENTED_EDGE('',*,*,#726,.F.);
#3478 = ADVANCED_FACE('',(#3479,#3722),#714,.F.);
#3479 = FACE_BOUND('',#3480,.F.);
#3480 = EDGE_LOOP('',(#3481,#3482,#3483,#3484,#3508,#3531,#3557,#3583,
    #3609,#3635,#3656,#3677,#3698,#3719,#3720,#3721));
#3481 = ORIENTED_EDGE('',*,*,#2771,.T.);
#3482 = ORIENTED_EDGE('',*,*,#2700,.T.);
#3483 = ORIENTED_EDGE('',*,*,#2571,.F.);
#3484 = ORIENTED_EDGE('',*,*,#3485,.T.);
#3485 = EDGE_CURVE('',#2572,#3486,#3488,.T.);
#3486 = VERTEX_POINT('',#3487);
#3487 = CARTESIAN_POINT('',(-4.5,99.,-8.5));
#3488 = SURFACE_CURVE('',#3489,(#3494,#3501),.PCURVE_S1.);
#3489 = CIRCLE('',#3490,11.);
#3490 = AXIS2_PLACEMENT_3D('',#3491,#3492,#3493);
#3491 = CARTESIAN_POINT('',(6.5,99.,-8.5));
#3492 = DIRECTION('',(0.,0.,1.));
#3493 = DIRECTION('',(1.,0.,0.));
#3494 = PCURVE('',#714,#3495);
#3495 = DEFINITIONAL_REPRESENTATION('',(#3496),#3500);
#3496 = CIRCLE('',#3497,11.);
#3497 = AXIS2_PLACEMENT_2D('',#3498,#3499);
#3498 = CARTESIAN_POINT('',(8.881784197001E-16,93.));
#3499 = DIRECTION('',(1.,0.));
#3500 = ( GEOMETRIC_REPRESENTATION_CONTEXT(2) 
PARAMETRIC_REPRESENTATION_CONTEXT() REPRESENTATION_CONTEXT('2D SPACE',''
  ) );
#3501 = PCURVE('',#2610,#3502);
#3502 = DEFINITIONAL_REPRESENTATION('',(#3503),#3507);
#3503 = LINE('',#3504,#3505);
#3504 = CARTESIAN_POINT('',(-0.,0.));
#3505 = VECTOR('',#3506,1.);
#3506 = DIRECTION('',(-1.,0.));
#3507 = ( GEOMETRIC_REPRESENTATION_CONTEXT(2) 
PARAMETRIC_REPRESENTATION_CONTEXT() REPRESENTATION_CONTEXT('2D SPACE',''
  ) );
#3508 = ORIENTED_EDGE('',*,*,#3509,.F.);
#3509 = EDGE_CURVE('',#3510,#3486,#3512,.T.);
#3510 = VERTEX_POINT('',#3511);
#3511 = CARTESIAN_POINT('',(-4.5,23.252618394668,-8.5));
#3512 = SURFACE_CURVE('',#3513,(#3517,#3524),.PCURVE_S1.);
#3513 = LINE('',#3514,#3515);
#3514 = CARTESIAN_POINT('',(-4.5,6.,-8.5));
#3515 = VECTOR('',#3516,1.);
#3516 = DIRECTION('',(0.,1.,0.));
#3517 = PCURVE('',#714,#3518);
#3518 = DEFINITIONAL_REPRESENTATION('',(#3519),#3523);
#3519 = LINE('',#3520,#3521);
#3520 = CARTESIAN_POINT('',(-11.,8.881784197001E-16));
#3521 = VECTOR('',#3522,1.);
#3522 = DIRECTION('',(0.,1.));
#3523 = ( GEOMETRIC_REPRESENTATION_CONTEXT(2) 
PARAMETRIC_REPRESENTATION_CONTEXT() REPRESENTATION_CONTEXT('2D SPACE',''
  ) );
#3524 = PCURVE('',#3443,#3525);
#3525 = DEFINITIONAL_REPRESENTATION('',(#3526),#3530);
#3526 = LINE('',#3527,#3528);
#3527 = CARTESIAN_POINT('',(0.,0.));
#3528 = VECTOR('',#3529,1.);
#3529 = DIRECTION('',(0.,-1.));
#3530 = ( GEOMETRIC_REPRESENTATION_CONTEXT(2) 
PARAMETRIC_REPRESENTATION_CONTEXT() REPRESENTATION_CONTEXT('2D SPACE',''
  ) );
#3531 = ORIENTED_EDGE('',*,*,#3532,.T.);
#3532 = EDGE_CURVE('',#3510,#3533,#3535,.T.);
#3533 = VERTEX_POINT('',#3534);
#3534 = CARTESIAN_POINT('',(-0.2,23.252618394668,-8.5));
#3535 = SURFACE_CURVE('',#3536,(#3540,#3546),.PCURVE_S1.);
#3536 = LINE('',#3537,#3538);
#3537 = CARTESIAN_POINT('',(-5.7,23.252618394668,-8.5));
#3538 = VECTOR('',#3539,1.);
#3539 = DIRECTION('',(1.,0.,0.));
#3540 = PCURVE('',#714,#3541);
#3541 = DEFINITIONAL_REPRESENTATION('',(#3542),#3545);
#3542 = B_SPLINE_CURVE_WITH_KNOTS('',1,(#3543,#3544),.UNSPECIFIED.,.F.,
  .F.,(2,2),(-5.999999999062E-07,5.5000006),.PIECEWISE_BEZIER_KNOTS.);
#3543 = CARTESIAN_POINT('',(-12.2000006,17.252618394668));
#3544 = CARTESIAN_POINT('',(-6.6999994,17.252618394668));
#3545 = ( GEOMETRIC_REPRESENTATION_CONTEXT(2) 
PARAMETRIC_REPRESENTATION_CONTEXT() REPRESENTATION_CONTEXT('2D SPACE',''
  ) );
#3546 = PCURVE('',#3547,#3552);
#3547 = CYLINDRICAL_SURFACE('',#3548,6.);
#3548 = AXIS2_PLACEMENT_3D('',#3549,#3550,#3551);
#3549 = CARTESIAN_POINT('',(-5.7,18.,-5.6));
#3550 = DIRECTION('',(1.,0.,0.));
#3551 = DIRECTION('',(-0.,0.,1.));
#3552 = DEFINITIONAL_REPRESENTATION('',(#3553),#3556);
#3553 = B_SPLINE_CURVE_WITH_KNOTS('',1,(#3554,#3555),.UNSPECIFIED.,.F.,
  .F.,(2,2),(-5.999999999062E-07,5.5000006),.PIECEWISE_BEZIER_KNOTS.);
#3554 = CARTESIAN_POINT('',(4.207930627859,-5.999999999062E-07));
#3555 = CARTESIAN_POINT('',(4.207930627859,5.5000006));
#3556 = ( GEOMETRIC_REPRESENTATION_CONTEXT(2) 
PARAMETRIC_REPRESENTATION_CONTEXT() REPRESENTATION_CONTEXT('2D SPACE',''
  ) );
#3557 = ORIENTED_EDGE('',*,*,#3558,.F.);
#3558 = EDGE_CURVE('',#3559,#3533,#3561,.T.);
#3559 = VERTEX_POINT('',#3560);
#3560 = CARTESIAN_POINT('',(-0.2,19.77482393493,-8.5));
#3561 = SURFACE_CURVE('',#3562,(#3566,#3572),.PCURVE_S1.);
#3562 = LINE('',#3563,#3564);
#3563 = CARTESIAN_POINT('',(-0.2,12.,-8.5));
#3564 = VECTOR('',#3565,1.);
#3565 = DIRECTION('',(0.,1.,0.));
#3566 = PCURVE('',#714,#3567);
#3567 = DEFINITIONAL_REPRESENTATION('',(#3568),#3571);
#3568 = B_SPLINE_CURVE_WITH_KNOTS('',1,(#3569,#3570),.UNSPECIFIED.,.F.,
  .F.,(2,2),(0.,12.),.PIECEWISE_BEZIER_KNOTS.);
#3569 = CARTESIAN_POINT('',(-6.7,6.));
#3570 = CARTESIAN_POINT('',(-6.7,18.));
#3571 = ( GEOMETRIC_REPRESENTATION_CONTEXT(2) 
PARAMETRIC_REPRESENTATION_CONTEXT() REPRESENTATION_CONTEXT('2D SPACE',''
  ) );
#3572 = PCURVE('',#3573,#3578);
#3573 = PLANE('',#3574);
#3574 = AXIS2_PLACEMENT_3D('',#3575,#3576,#3577);
#3575 = CARTESIAN_POINT('',(-0.2,18.,-5.6));
#3576 = DIRECTION('',(1.,0.,0.));
#3577 = DIRECTION('',(-0.,0.,1.));
#3578 = DEFINITIONAL_REPRESENTATION('',(#3579),#3582);
#3579 = B_SPLINE_CURVE_WITH_KNOTS('',1,(#3580,#3581),.UNSPECIFIED.,.F.,
  .F.,(2,2),(0.,12.),.PIECEWISE_BEZIER_KNOTS.);
#3580 = CARTESIAN_POINT('',(-2.9,6.));
#3581 = CARTESIAN_POINT('',(-2.9,-6.));
#3582 = ( GEOMETRIC_REPRESENTATION_CONTEXT(2) 
PARAMETRIC_REPRESENTATION_CONTEXT() REPRESENTATION_CONTEXT('2D SPACE',''
  ) );
#3583 = ORIENTED_EDGE('',*,*,#3584,.T.);
#3584 = EDGE_CURVE('',#3559,#3585,#3587,.T.);
#3585 = VERTEX_POINT('',#3586);
#3586 = CARTESIAN_POINT('',(2.8,19.77482393493,-8.5));
#3587 = SURFACE_CURVE('',#3588,(#3592,#3598),.PCURVE_S1.);
#3588 = LINE('',#3589,#3590);
#3589 = CARTESIAN_POINT('',(-6.8,19.77482393493,-8.5));
#3590 = VECTOR('',#3591,1.);
#3591 = DIRECTION('',(1.,0.,0.));
#3592 = PCURVE('',#714,#3593);
#3593 = DEFINITIONAL_REPRESENTATION('',(#3594),#3597);
#3594 = B_SPLINE_CURVE_WITH_KNOTS('',1,(#3595,#3596),.UNSPECIFIED.,.F.,
  .F.,(2,2),(-5.999999999062E-07,9.6000006),.PIECEWISE_BEZIER_KNOTS.);
#3595 = CARTESIAN_POINT('',(-13.3000006,13.77482393493));
#3596 = CARTESIAN_POINT('',(-3.6999994,13.77482393493));
#3597 = ( GEOMETRIC_REPRESENTATION_CONTEXT(2) 
PARAMETRIC_REPRESENTATION_CONTEXT() REPRESENTATION_CONTEXT('2D SPACE',''
  ) );
#3598 = PCURVE('',#3599,#3604);
#3599 = CYLINDRICAL_SURFACE('',#3600,3.4);
#3600 = AXIS2_PLACEMENT_3D('',#3601,#3602,#3603);
#3601 = CARTESIAN_POINT('',(-6.8,18.,-5.6));
#3602 = DIRECTION('',(1.,0.,0.));
#3603 = DIRECTION('',(-0.,0.,1.));
#3604 = DEFINITIONAL_REPRESENTATION('',(#3605),#3608);
#3605 = B_SPLINE_CURVE_WITH_KNOTS('',1,(#3606,#3607),.UNSPECIFIED.,.F.,
  .F.,(2,2),(-5.999999999062E-07,9.6000006),.PIECEWISE_BEZIER_KNOTS.);
#3606 = CARTESIAN_POINT('',(3.690794995554,-5.999999999062E-07));
#3607 = CARTESIAN_POINT('',(3.690794995554,9.6000006));
#3608 = ( GEOMETRIC_REPRESENTATION_CONTEXT(2) 
PARAMETRIC_REPRESENTATION_CONTEXT() REPRESENTATION_CONTEXT('2D SPACE',''
  ) );
#3609 = ORIENTED_EDGE('',*,*,#3610,.F.);
#3610 = EDGE_CURVE('',#3611,#3585,#3613,.T.);
#3611 = VERTEX_POINT('',#3612);
#3612 = CARTESIAN_POINT('',(2.8,16.22517606507,-8.5));
#3613 = SURFACE_CURVE('',#3614,(#3618,#3624),.PCURVE_S1.);
#3614 = LINE('',#3615,#3616);
#3615 = CARTESIAN_POINT('',(2.8,12.,-8.5));
#3616 = VECTOR('',#3617,1.);
#3617 = DIRECTION('',(0.,1.,0.));
#3618 = PCURVE('',#714,#3619);
#3619 = DEFINITIONAL_REPRESENTATION('',(#3620),#3623);
#3620 = B_SPLINE_CURVE_WITH_KNOTS('',1,(#3621,#3622),.UNSPECIFIED.,.F.,
  .F.,(2,2),(2.6,9.4),.PIECEWISE_BEZIER_KNOTS.);
#3621 = CARTESIAN_POINT('',(-3.7,8.6));
#3622 = CARTESIAN_POINT('',(-3.7,15.4));
#3623 = ( GEOMETRIC_REPRESENTATION_CONTEXT(2) 
PARAMETRIC_REPRESENTATION_CONTEXT() REPRESENTATION_CONTEXT('2D SPACE',''
  ) );
#3624 = PCURVE('',#3625,#3630);
#3625 = PLANE('',#3626);
#3626 = AXIS2_PLACEMENT_3D('',#3627,#3628,#3629);
#3627 = CARTESIAN_POINT('',(2.8,18.,-5.6));
#3628 = DIRECTION('',(1.,0.,0.));
#3629 = DIRECTION('',(-0.,0.,1.));
#3630 = DEFINITIONAL_REPRESENTATION('',(#3631),#3634);
#3631 = B_SPLINE_CURVE_WITH_KNOTS('',1,(#3632,#3633),.UNSPECIFIED.,.F.,
  .F.,(2,2),(2.6,9.4),.PIECEWISE_BEZIER_KNOTS.);
#3632 = CARTESIAN_POINT('',(-2.9,3.4));
#3633 = CARTESIAN_POINT('',(-2.9,-3.4));
#3634 = ( GEOMETRIC_REPRESENTATION_CONTEXT(2) 
PARAMETRIC_REPRESENTATION_CONTEXT() REPRESENTATION_CONTEXT('2D SPACE',''
  ) );
#3635 = ORIENTED_EDGE('',*,*,#3636,.F.);
#3636 = EDGE_CURVE('',#3637,#3611,#3639,.T.);
#3637 = VERTEX_POINT('',#3638);
#3638 = CARTESIAN_POINT('',(-0.2,16.22517606507,-8.5));
#3639 = SURFACE_CURVE('',#3640,(#3644,#3650),.PCURVE_S1.);
#3640 = LINE('',#3641,#3642);
#3641 = CARTESIAN_POINT('',(-6.8,16.22517606507,-8.5));
#3642 = VECTOR('',#3643,1.);
#3643 = DIRECTION('',(1.,0.,0.));
#3644 = PCURVE('',#714,#3645);
#3645 = DEFINITIONAL_REPRESENTATION('',(#3646),#3649);
#3646 = B_SPLINE_CURVE_WITH_KNOTS('',1,(#3647,#3648),.UNSPECIFIED.,.F.,
  .F.,(2,2),(-5.999999999062E-07,9.6000006),.PIECEWISE_BEZIER_KNOTS.);
#3647 = CARTESIAN_POINT('',(-13.3000006,10.22517606507));
#3648 = CARTESIAN_POINT('',(-3.6999994,10.22517606507));
#3649 = ( GEOMETRIC_REPRESENTATION_CONTEXT(2) 
PARAMETRIC_REPRESENTATION_CONTEXT() REPRESENTATION_CONTEXT('2D SPACE',''
  ) );
#3650 = PCURVE('',#3599,#3651);
#3651 = DEFINITIONAL_REPRESENTATION('',(#3652),#3655);
#3652 = B_SPLINE_CURVE_WITH_KNOTS('',1,(#3653,#3654),.UNSPECIFIED.,.F.,
  .F.,(2,2),(-5.999999999062E-07,9.6000006),.PIECEWISE_BEZIER_KNOTS.);
#3653 = CARTESIAN_POINT('',(2.592390311625,-5.999999999062E-07));
#3654 = CARTESIAN_POINT('',(2.592390311625,9.6000006));
#3655 = ( GEOMETRIC_REPRESENTATION_CONTEXT(2) 
PARAMETRIC_REPRESENTATION_CONTEXT() REPRESENTATION_CONTEXT('2D SPACE',''
  ) );
#3656 = ORIENTED_EDGE('',*,*,#3657,.F.);
#3657 = EDGE_CURVE('',#3658,#3637,#3660,.T.);
#3658 = VERTEX_POINT('',#3659);
#3659 = CARTESIAN_POINT('',(-0.2,12.747381605332,-8.5));
#3660 = SURFACE_CURVE('',#3661,(#3665,#3671),.PCURVE_S1.);
#3661 = LINE('',#3662,#3663);
#3662 = CARTESIAN_POINT('',(-0.2,12.,-8.5));
#3663 = VECTOR('',#3664,1.);
#3664 = DIRECTION('',(0.,1.,0.));
#3665 = PCURVE('',#714,#3666);
#3666 = DEFINITIONAL_REPRESENTATION('',(#3667),#3670);
#3667 = B_SPLINE_CURVE_WITH_KNOTS('',1,(#3668,#3669),.UNSPECIFIED.,.F.,
  .F.,(2,2),(0.,12.),.PIECEWISE_BEZIER_KNOTS.);
#3668 = CARTESIAN_POINT('',(-6.7,6.));
#3669 = CARTESIAN_POINT('',(-6.7,18.));
#3670 = ( GEOMETRIC_REPRESENTATION_CONTEXT(2) 
PARAMETRIC_REPRESENTATION_CONTEXT() REPRESENTATION_CONTEXT('2D SPACE',''
  ) );
#3671 = PCURVE('',#3573,#3672);
#3672 = DEFINITIONAL_REPRESENTATION('',(#3673),#3676);
#3673 = B_SPLINE_CURVE_WITH_KNOTS('',1,(#3674,#3675),.UNSPECIFIED.,.F.,
  .F.,(2,2),(0.,12.),.PIECEWISE_BEZIER_KNOTS.);
#3674 = CARTESIAN_POINT('',(-2.9,6.));
#3675 = CARTESIAN_POINT('',(-2.9,-6.));
#3676 = ( GEOMETRIC_REPRESENTATION_CONTEXT(2) 
PARAMETRIC_REPRESENTATION_CONTEXT() REPRESENTATION_CONTEXT('2D SPACE',''
  ) );
#3677 = ORIENTED_EDGE('',*,*,#3678,.F.);
#3678 = EDGE_CURVE('',#3679,#3658,#3681,.T.);
#3679 = VERTEX_POINT('',#3680);
#3680 = CARTESIAN_POINT('',(-4.5,12.747381605332,-8.5));
#3681 = SURFACE_CURVE('',#3682,(#3686,#3692),.PCURVE_S1.);
#3682 = LINE('',#3683,#3684);
#3683 = CARTESIAN_POINT('',(-5.7,12.747381605332,-8.5));
#3684 = VECTOR('',#3685,1.);
#3685 = DIRECTION('',(1.,0.,0.));
#3686 = PCURVE('',#714,#3687);
#3687 = DEFINITIONAL_REPRESENTATION('',(#3688),#3691);
#3688 = B_SPLINE_CURVE_WITH_KNOTS('',1,(#3689,#3690),.UNSPECIFIED.,.F.,
  .F.,(2,2),(-5.999999999062E-07,5.5000006),.PIECEWISE_BEZIER_KNOTS.);
#3689 = CARTESIAN_POINT('',(-12.2000006,6.747381605332));
#3690 = CARTESIAN_POINT('',(-6.6999994,6.747381605332));
#3691 = ( GEOMETRIC_REPRESENTATION_CONTEXT(2) 
PARAMETRIC_REPRESENTATION_CONTEXT() REPRESENTATION_CONTEXT('2D SPACE',''
  ) );
#3692 = PCURVE('',#3547,#3693);
#3693 = DEFINITIONAL_REPRESENTATION('',(#3694),#3697);
#3694 = B_SPLINE_CURVE_WITH_KNOTS('',1,(#3695,#3696),.UNSPECIFIED.,.F.,
  .F.,(2,2),(-5.999999999062E-07,5.5000006),.PIECEWISE_BEZIER_KNOTS.);
#3695 = CARTESIAN_POINT('',(2.075254679321,-5.999999999062E-07));
#3696 = CARTESIAN_POINT('',(2.075254679321,5.5000006));
#3697 = ( GEOMETRIC_REPRESENTATION_CONTEXT(2) 
PARAMETRIC_REPRESENTATION_CONTEXT() REPRESENTATION_CONTEXT('2D SPACE',''
  ) );
#3698 = ORIENTED_EDGE('',*,*,#3699,.F.);
#3699 = EDGE_CURVE('',#3404,#3679,#3700,.T.);
#3700 = SURFACE_CURVE('',#3701,(#3705,#3712),.PCURVE_S1.);
#3701 = LINE('',#3702,#3703);
#3702 = CARTESIAN_POINT('',(-4.5,6.,-8.5));
#3703 = VECTOR('',#3704,1.);
#3704 = DIRECTION('',(0.,1.,0.));
#3705 = PCURVE('',#714,#3706);
#3706 = DEFINITIONAL_REPRESENTATION('',(#3707),#3711);
#3707 = LINE('',#3708,#3709);
#3708 = CARTESIAN_POINT('',(-11.,8.881784197001E-16));
#3709 = VECTOR('',#3710,1.);
#3710 = DIRECTION('',(0.,1.));
#3711 = ( GEOMETRIC_REPRESENTATION_CONTEXT(2) 
PARAMETRIC_REPRESENTATION_CONTEXT() REPRESENTATION_CONTEXT('2D SPACE',''
  ) );
#3712 = PCURVE('',#3443,#3713);
#3713 = DEFINITIONAL_REPRESENTATION('',(#3714),#3718);
#3714 = LINE('',#3715,#3716);
#3715 = CARTESIAN_POINT('',(0.,0.));
#3716 = VECTOR('',#3717,1.);
#3717 = DIRECTION('',(0.,-1.));
#3718 = ( GEOMETRIC_REPRESENTATION_CONTEXT(2) 
PARAMETRIC_REPRESENTATION_CONTEXT() REPRESENTATION_CONTEXT('2D SPACE',''
  ) );
#3719 = ORIENTED_EDGE('',*,*,#3403,.T.);
#3720 = ORIENTED_EDGE('',*,*,#698,.T.);
#3721 = ORIENTED_EDGE('',*,*,#2798,.T.);
#3722 = FACE_BOUND('',#3723,.F.);
#3723 = EDGE_LOOP('',(#3724,#3752,#3785,#3811,#3844,#3870,#3903,#3929));
#3724 = ORIENTED_EDGE('',*,*,#3725,.F.);
#3725 = EDGE_CURVE('',#3726,#3728,#3730,.T.);
#3726 = VERTEX_POINT('',#3727);
#3727 = CARTESIAN_POINT('',(41.,97.,-8.5));
#3728 = VERTEX_POINT('',#3729);
#3729 = CARTESIAN_POINT('',(19.,97.,-8.5));
#3730 = SURFACE_CURVE('',#3731,(#3735,#3741),.PCURVE_S1.);
#3731 = LINE('',#3732,#3733);
#3732 = CARTESIAN_POINT('',(12.75,97.,-8.5));
#3733 = VECTOR('',#3734,1.);
#3734 = DIRECTION('',(-1.,0.,0.));
#3735 = PCURVE('',#714,#3736);
#3736 = DEFINITIONAL_REPRESENTATION('',(#3737),#3740);
#3737 = B_SPLINE_CURVE_WITH_KNOTS('',1,(#3738,#3739),.UNSPECIFIED.,.F.,
  .F.,(2,2),(-28.25,-6.25),.PIECEWISE_BEZIER_KNOTS.);
#3738 = CARTESIAN_POINT('',(34.5,91.));
#3739 = CARTESIAN_POINT('',(12.5,91.));
#3740 = ( GEOMETRIC_REPRESENTATION_CONTEXT(2) 
PARAMETRIC_REPRESENTATION_CONTEXT() REPRESENTATION_CONTEXT('2D SPACE',''
  ) );
#3741 = PCURVE('',#3742,#3747);
#3742 = PLANE('',#3743);
#3743 = AXIS2_PLACEMENT_3D('',#3744,#3745,#3746);
#3744 = CARTESIAN_POINT('',(19.,97.,-12.));
#3745 = DIRECTION('',(0.,1.,0.));
#3746 = DIRECTION('',(0.,0.,1.));
#3747 = DEFINITIONAL_REPRESENTATION('',(#3748),#3751);
#3748 = B_SPLINE_CURVE_WITH_KNOTS('',1,(#3749,#3750),.UNSPECIFIED.,.F.,
  .F.,(2,2),(-28.25,-6.25),.PIECEWISE_BEZIER_KNOTS.);
#3749 = CARTESIAN_POINT('',(3.5,22.));
#3750 = CARTESIAN_POINT('',(3.5,0.));
#3751 = ( GEOMETRIC_REPRESENTATION_CONTEXT(2) 
PARAMETRIC_REPRESENTATION_CONTEXT() REPRESENTATION_CONTEXT('2D SPACE',''
  ) );
#3752 = ORIENTED_EDGE('',*,*,#3753,.T.);
#3753 = EDGE_CURVE('',#3726,#3754,#3756,.T.);
#3754 = VERTEX_POINT('',#3755);
#3755 = CARTESIAN_POINT('',(49.,89.,-8.5));
#3756 = SURFACE_CURVE('',#3757,(#3762,#3773),.PCURVE_S1.);
#3757 = CIRCLE('',#3758,8.);
#3758 = AXIS2_PLACEMENT_3D('',#3759,#3760,#3761);
#3759 = CARTESIAN_POINT('',(41.,89.,-8.5));
#3760 = DIRECTION('',(0.,0.,-1.));
#3761 = DIRECTION('',(1.,0.,0.));
#3762 = PCURVE('',#714,#3763);
#3763 = DEFINITIONAL_REPRESENTATION('',(#3764),#3772);
#3764 = ( BOUNDED_CURVE() B_SPLINE_CURVE(2,(#3765,#3766,#3767,#3768,
#3769,#3770,#3771),.UNSPECIFIED.,.T.,.F.) B_SPLINE_CURVE_WITH_KNOTS((1,2
    ,2,2,2,1),(-2.094395102393,0.,2.094395102393,4.188790204786,
6.28318530718,8.377580409573),.UNSPECIFIED.) CURVE() 
GEOMETRIC_REPRESENTATION_ITEM() RATIONAL_B_SPLINE_CURVE((1.,0.5,1.,0.5,
1.,0.5,1.)) REPRESENTATION_ITEM('') );
#3765 = CARTESIAN_POINT('',(42.5,83.));
#3766 = CARTESIAN_POINT('',(42.5,69.143593539449));
#3767 = CARTESIAN_POINT('',(30.5,76.071796769724));
#3768 = CARTESIAN_POINT('',(18.5,83.));
#3769 = CARTESIAN_POINT('',(30.5,89.928203230276));
#3770 = CARTESIAN_POINT('',(42.5,96.856406460551));
#3771 = CARTESIAN_POINT('',(42.5,83.));
#3772 = ( GEOMETRIC_REPRESENTATION_CONTEXT(2) 
PARAMETRIC_REPRESENTATION_CONTEXT() REPRESENTATION_CONTEXT('2D SPACE',''
  ) );
#3773 = PCURVE('',#3774,#3779);
#3774 = CYLINDRICAL_SURFACE('',#3775,8.);
#3775 = AXIS2_PLACEMENT_3D('',#3776,#3777,#3778);
#3776 = CARTESIAN_POINT('',(41.,89.,-12.));
#3777 = DIRECTION('',(-0.,-0.,-1.));
#3778 = DIRECTION('',(1.,0.,0.));
#3779 = DEFINITIONAL_REPRESENTATION('',(#3780),#3784);
#3780 = LINE('',#3781,#3782);
#3781 = CARTESIAN_POINT('',(-6.28318530718,-3.5));
#3782 = VECTOR('',#3783,1.);
#3783 = DIRECTION('',(1.,-0.));
#3784 = ( GEOMETRIC_REPRESENTATION_CONTEXT(2) 
PARAMETRIC_REPRESENTATION_CONTEXT() REPRESENTATION_CONTEXT('2D SPACE',''
  ) );
#3785 = ORIENTED_EDGE('',*,*,#3786,.F.);
#3786 = EDGE_CURVE('',#3787,#3754,#3789,.T.);
#3787 = VERTEX_POINT('',#3788);
#3788 = CARTESIAN_POINT('',(49.,51.,-8.5));
#3789 = SURFACE_CURVE('',#3790,(#3794,#3800),.PCURVE_S1.);
#3790 = LINE('',#3791,#3792);
#3791 = CARTESIAN_POINT('',(49.,28.5,-8.5));
#3792 = VECTOR('',#3793,1.);
#3793 = DIRECTION('',(0.,1.,0.));
#3794 = PCURVE('',#714,#3795);
#3795 = DEFINITIONAL_REPRESENTATION('',(#3796),#3799);
#3796 = B_SPLINE_CURVE_WITH_KNOTS('',1,(#3797,#3798),.UNSPECIFIED.,.F.,
  .F.,(2,2),(22.5,60.5),.PIECEWISE_BEZIER_KNOTS.);
#3797 = CARTESIAN_POINT('',(42.5,45.));
#3798 = CARTESIAN_POINT('',(42.5,83.));
#3799 = ( GEOMETRIC_REPRESENTATION_CONTEXT(2) 
PARAMETRIC_REPRESENTATION_CONTEXT() REPRESENTATION_CONTEXT('2D SPACE',''
  ) );
#3800 = PCURVE('',#3801,#3806);
#3801 = PLANE('',#3802);
#3802 = AXIS2_PLACEMENT_3D('',#3803,#3804,#3805);
#3803 = CARTESIAN_POINT('',(49.,51.,-12.));
#3804 = DIRECTION('',(1.,0.,0.));
#3805 = DIRECTION('',(0.,0.,1.));
#3806 = DEFINITIONAL_REPRESENTATION('',(#3807),#3810);
#3807 = B_SPLINE_CURVE_WITH_KNOTS('',1,(#3808,#3809),.UNSPECIFIED.,.F.,
  .F.,(2,2),(22.5,60.5),.PIECEWISE_BEZIER_KNOTS.);
#3808 = CARTESIAN_POINT('',(3.5,0.));
#3809 = CARTESIAN_POINT('',(3.5,-38.));
#3810 = ( GEOMETRIC_REPRESENTATION_CONTEXT(2) 
PARAMETRIC_REPRESENTATION_CONTEXT() REPRESENTATION_CONTEXT('2D SPACE',''
  ) );
#3811 = ORIENTED_EDGE('',*,*,#3812,.T.);
#3812 = EDGE_CURVE('',#3787,#3813,#3815,.T.);
#3813 = VERTEX_POINT('',#3814);
#3814 = CARTESIAN_POINT('',(41.,43.,-8.5));
#3815 = SURFACE_CURVE('',#3816,(#3821,#3832),.PCURVE_S1.);
#3816 = CIRCLE('',#3817,8.);
#3817 = AXIS2_PLACEMENT_3D('',#3818,#3819,#3820);
#3818 = CARTESIAN_POINT('',(41.,51.,-8.5));
#3819 = DIRECTION('',(0.,0.,-1.));
#3820 = DIRECTION('',(1.,0.,0.));
#3821 = PCURVE('',#714,#3822);
#3822 = DEFINITIONAL_REPRESENTATION('',(#3823),#3831);
#3823 = ( BOUNDED_CURVE() B_SPLINE_CURVE(2,(#3824,#3825,#3826,#3827,
#3828,#3829,#3830),.UNSPECIFIED.,.T.,.F.) B_SPLINE_CURVE_WITH_KNOTS((1,2
    ,2,2,2,1),(-2.094395102393,0.,2.094395102393,4.188790204786,
6.28318530718,8.377580409573),.UNSPECIFIED.) CURVE() 
GEOMETRIC_REPRESENTATION_ITEM() RATIONAL_B_SPLINE_CURVE((1.,0.5,1.,0.5,
1.,0.5,1.)) REPRESENTATION_ITEM('') );
#3824 = CARTESIAN_POINT('',(42.5,45.));
#3825 = CARTESIAN_POINT('',(42.5,31.143593539449));
#3826 = CARTESIAN_POINT('',(30.5,38.071796769724));
#3827 = CARTESIAN_POINT('',(18.5,45.));
#3828 = CARTESIAN_POINT('',(30.5,51.928203230276));
#3829 = CARTESIAN_POINT('',(42.5,58.856406460551));
#3830 = CARTESIAN_POINT('',(42.5,45.));
#3831 = ( GEOMETRIC_REPRESENTATION_CONTEXT(2) 
PARAMETRIC_REPRESENTATION_CONTEXT() REPRESENTATION_CONTEXT('2D SPACE',''
  ) );
#3832 = PCURVE('',#3833,#3838);
#3833 = CYLINDRICAL_SURFACE('',#3834,8.);
#3834 = AXIS2_PLACEMENT_3D('',#3835,#3836,#3837);
#3835 = CARTESIAN_POINT('',(41.,51.,-12.));
#3836 = DIRECTION('',(-0.,-0.,-1.));
#3837 = DIRECTION('',(1.,0.,0.));
#3838 = DEFINITIONAL_REPRESENTATION('',(#3839),#3843);
#3839 = LINE('',#3840,#3841);
#3840 = CARTESIAN_POINT('',(-6.28318530718,-3.5));
#3841 = VECTOR('',#3842,1.);
#3842 = DIRECTION('',(1.,-0.));
#3843 = ( GEOMETRIC_REPRESENTATION_CONTEXT(2) 
PARAMETRIC_REPRESENTATION_CONTEXT() REPRESENTATION_CONTEXT('2D SPACE',''
  ) );
#3844 = ORIENTED_EDGE('',*,*,#3845,.T.);
#3845 = EDGE_CURVE('',#3813,#3846,#3848,.T.);
#3846 = VERTEX_POINT('',#3847);
#3847 = CARTESIAN_POINT('',(19.,43.,-8.5));
#3848 = SURFACE_CURVE('',#3849,(#3853,#3859),.PCURVE_S1.);
#3849 = LINE('',#3850,#3851);
#3850 = CARTESIAN_POINT('',(12.75,43.,-8.5));
#3851 = VECTOR('',#3852,1.);
#3852 = DIRECTION('',(-1.,0.,0.));
#3853 = PCURVE('',#714,#3854);
#3854 = DEFINITIONAL_REPRESENTATION('',(#3855),#3858);
#3855 = B_SPLINE_CURVE_WITH_KNOTS('',1,(#3856,#3857),.UNSPECIFIED.,.F.,
  .F.,(2,2),(-28.25,-6.25),.PIECEWISE_BEZIER_KNOTS.);
#3856 = CARTESIAN_POINT('',(34.5,37.));
#3857 = CARTESIAN_POINT('',(12.5,37.));
#3858 = ( GEOMETRIC_REPRESENTATION_CONTEXT(2) 
PARAMETRIC_REPRESENTATION_CONTEXT() REPRESENTATION_CONTEXT('2D SPACE',''
  ) );
#3859 = PCURVE('',#3860,#3865);
#3860 = PLANE('',#3861);
#3861 = AXIS2_PLACEMENT_3D('',#3862,#3863,#3864);
#3862 = CARTESIAN_POINT('',(19.,43.,-12.));
#3863 = DIRECTION('',(0.,1.,0.));
#3864 = DIRECTION('',(0.,0.,1.));
#3865 = DEFINITIONAL_REPRESENTATION('',(#3866),#3869);
#3866 = B_SPLINE_CURVE_WITH_KNOTS('',1,(#3867,#3868),.UNSPECIFIED.,.F.,
  .F.,(2,2),(-28.25,-6.25),.PIECEWISE_BEZIER_KNOTS.);
#3867 = CARTESIAN_POINT('',(3.5,22.));
#3868 = CARTESIAN_POINT('',(3.5,0.));
#3869 = ( GEOMETRIC_REPRESENTATION_CONTEXT(2) 
PARAMETRIC_REPRESENTATION_CONTEXT() REPRESENTATION_CONTEXT('2D SPACE',''
  ) );
#3870 = ORIENTED_EDGE('',*,*,#3871,.T.);
#3871 = EDGE_CURVE('',#3846,#3872,#3874,.T.);
#3872 = VERTEX_POINT('',#3873);
#3873 = CARTESIAN_POINT('',(11.,51.,-8.5));
#3874 = SURFACE_CURVE('',#3875,(#3880,#3891),.PCURVE_S1.);
#3875 = CIRCLE('',#3876,8.);
#3876 = AXIS2_PLACEMENT_3D('',#3877,#3878,#3879);
#3877 = CARTESIAN_POINT('',(19.,51.,-8.5));
#3878 = DIRECTION('',(0.,0.,-1.));
#3879 = DIRECTION('',(1.,0.,0.));
#3880 = PCURVE('',#714,#3881);
#3881 = DEFINITIONAL_REPRESENTATION('',(#3882),#3890);
#3882 = ( BOUNDED_CURVE() B_SPLINE_CURVE(2,(#3883,#3884,#3885,#3886,
#3887,#3888,#3889),.UNSPECIFIED.,.T.,.F.) B_SPLINE_CURVE_WITH_KNOTS((1,2
    ,2,2,2,1),(-2.094395102393,0.,2.094395102393,4.188790204786,
6.28318530718,8.377580409573),.UNSPECIFIED.) CURVE() 
GEOMETRIC_REPRESENTATION_ITEM() RATIONAL_B_SPLINE_CURVE((1.,0.5,1.,0.5,
1.,0.5,1.)) REPRESENTATION_ITEM('') );
#3883 = CARTESIAN_POINT('',(20.5,45.));
#3884 = CARTESIAN_POINT('',(20.5,31.143593539449));
#3885 = CARTESIAN_POINT('',(8.5,38.071796769724));
#3886 = CARTESIAN_POINT('',(-3.5,45.));
#3887 = CARTESIAN_POINT('',(8.5,51.928203230276));
#3888 = CARTESIAN_POINT('',(20.5,58.856406460551));
#3889 = CARTESIAN_POINT('',(20.5,45.));
#3890 = ( GEOMETRIC_REPRESENTATION_CONTEXT(2) 
PARAMETRIC_REPRESENTATION_CONTEXT() REPRESENTATION_CONTEXT('2D SPACE',''
  ) );
#3891 = PCURVE('',#3892,#3897);
#3892 = CYLINDRICAL_SURFACE('',#3893,8.);
#3893 = AXIS2_PLACEMENT_3D('',#3894,#3895,#3896);
#3894 = CARTESIAN_POINT('',(19.,51.,-12.));
#3895 = DIRECTION('',(-0.,-0.,-1.));
#3896 = DIRECTION('',(1.,0.,0.));
#3897 = DEFINITIONAL_REPRESENTATION('',(#3898),#3902);
#3898 = LINE('',#3899,#3900);
#3899 = CARTESIAN_POINT('',(-6.28318530718,-3.5));
#3900 = VECTOR('',#3901,1.);
#3901 = DIRECTION('',(1.,-0.));
#3902 = ( GEOMETRIC_REPRESENTATION_CONTEXT(2) 
PARAMETRIC_REPRESENTATION_CONTEXT() REPRESENTATION_CONTEXT('2D SPACE',''
  ) );
#3903 = ORIENTED_EDGE('',*,*,#3904,.T.);
#3904 = EDGE_CURVE('',#3872,#3905,#3907,.T.);
#3905 = VERTEX_POINT('',#3906);
#3906 = CARTESIAN_POINT('',(11.,89.,-8.5));
#3907 = SURFACE_CURVE('',#3908,(#3912,#3918),.PCURVE_S1.);
#3908 = LINE('',#3909,#3910);
#3909 = CARTESIAN_POINT('',(11.,28.5,-8.5));
#3910 = VECTOR('',#3911,1.);
#3911 = DIRECTION('',(0.,1.,0.));
#3912 = PCURVE('',#714,#3913);
#3913 = DEFINITIONAL_REPRESENTATION('',(#3914),#3917);
#3914 = B_SPLINE_CURVE_WITH_KNOTS('',1,(#3915,#3916),.UNSPECIFIED.,.F.,
  .F.,(2,2),(22.5,60.5),.PIECEWISE_BEZIER_KNOTS.);
#3915 = CARTESIAN_POINT('',(4.5,45.));
#3916 = CARTESIAN_POINT('',(4.5,83.));
#3917 = ( GEOMETRIC_REPRESENTATION_CONTEXT(2) 
PARAMETRIC_REPRESENTATION_CONTEXT() REPRESENTATION_CONTEXT('2D SPACE',''
  ) );
#3918 = PCURVE('',#3919,#3924);
#3919 = PLANE('',#3920);
#3920 = AXIS2_PLACEMENT_3D('',#3921,#3922,#3923);
#3921 = CARTESIAN_POINT('',(11.,51.,-12.));
#3922 = DIRECTION('',(1.,0.,0.));
#3923 = DIRECTION('',(0.,0.,1.));
#3924 = DEFINITIONAL_REPRESENTATION('',(#3925),#3928);
#3925 = B_SPLINE_CURVE_WITH_KNOTS('',1,(#3926,#3927),.UNSPECIFIED.,.F.,
  .F.,(2,2),(22.5,60.5),.PIECEWISE_BEZIER_KNOTS.);
#3926 = CARTESIAN_POINT('',(3.5,0.));
#3927 = CARTESIAN_POINT('',(3.5,-38.));
#3928 = ( GEOMETRIC_REPRESENTATION_CONTEXT(2) 
PARAMETRIC_REPRESENTATION_CONTEXT() REPRESENTATION_CONTEXT('2D SPACE',''
  ) );
#3929 = ORIENTED_EDGE('',*,*,#3930,.T.);
#3930 = EDGE_CURVE('',#3905,#3728,#3931,.T.);
#3931 = SURFACE_CURVE('',#3932,(#3937,#3948),.PCURVE_S1.);
#3932 = CIRCLE('',#3933,8.);
#3933 = AXIS2_PLACEMENT_3D('',#3934,#3935,#3936);
#3934 = CARTESIAN_POINT('',(19.,89.,-8.5));
#3935 = DIRECTION('',(0.,0.,-1.));
#3936 = DIRECTION('',(1.,0.,0.));
#3937 = PCURVE('',#714,#3938);
#3938 = DEFINITIONAL_REPRESENTATION('',(#3939),#3947);
#3939 = ( BOUNDED_CURVE() B_SPLINE_CURVE(2,(#3940,#3941,#3942,#3943,
#3944,#3945,#3946),.UNSPECIFIED.,.T.,.F.) B_SPLINE_CURVE_WITH_KNOTS((1,2
    ,2,2,2,1),(-2.094395102393,0.,2.094395102393,4.188790204786,
6.28318530718,8.377580409573),.UNSPECIFIED.) CURVE() 
GEOMETRIC_REPRESENTATION_ITEM() RATIONAL_B_SPLINE_CURVE((1.,0.5,1.,0.5,
1.,0.5,1.)) REPRESENTATION_ITEM('') );
#3940 = CARTESIAN_POINT('',(20.5,83.));
#3941 = CARTESIAN_POINT('',(20.5,69.143593539449));
#3942 = CARTESIAN_POINT('',(8.5,76.071796769724));
#3943 = CARTESIAN_POINT('',(-3.5,83.));
#3944 = CARTESIAN_POINT('',(8.5,89.928203230276));
#3945 = CARTESIAN_POINT('',(20.5,96.856406460551));
#3946 = CARTESIAN_POINT('',(20.5,83.));
#3947 = ( GEOMETRIC_REPRESENTATION_CONTEXT(2) 
PARAMETRIC_REPRESENTATION_CONTEXT() REPRESENTATION_CONTEXT('2D SPACE',''
  ) );
#3948 = PCURVE('',#3949,#3954);
#3949 = CYLINDRICAL_SURFACE('',#3950,8.);
#3950 = AXIS2_PLACEMENT_3D('',#3951,#3952,#3953);
#3951 = CARTESIAN_POINT('',(19.,89.,-12.));
#3952 = DIRECTION('',(-0.,-0.,-1.));
#3953 = DIRECTION('',(1.,0.,0.));
#3954 = DEFINITIONAL_REPRESENTATION('',(#3955),#3959);
#3955 = LINE('',#3956,#3957);
#3956 = CARTESIAN_POINT('',(-6.28318530718,-3.5));
#3957 = VECTOR('',#3958,1.);
#3958 = DIRECTION('',(1.,-0.));
#3959 = ( GEOMETRIC_REPRESENTATION_CONTEXT(2) 
PARAMETRIC_REPRESENTATION_CONTEXT() REPRESENTATION_CONTEXT('2D SPACE',''
  ) );
#3960 = ADVANCED_FACE('',(#3961),#1051,.T.);
#3961 = FACE_BOUND('',#3962,.T.);
#3962 = EDGE_LOOP('',(#3963,#3964,#3965,#3966,#3994,#4014));
#3963 = ORIENTED_EDGE('',*,*,#1110,.T.);
#3964 = ORIENTED_EDGE('',*,*,#1135,.T.);
#3965 = ORIENTED_EDGE('',*,*,#1285,.T.);
#3966 = ORIENTED_EDGE('',*,*,#3967,.T.);
#3967 = EDGE_CURVE('',#1260,#3968,#3970,.T.);
#3968 = VERTEX_POINT('',#3969);
#3969 = CARTESIAN_POINT('',(53.505,-2.025,1.5));
#3970 = SURFACE_CURVE('',#3971,(#3976,#3987),.PCURVE_S1.);
#3971 = CIRCLE('',#3972,8.02);
#3972 = AXIS2_PLACEMENT_3D('',#3973,#3974,#3975);
#3973 = CARTESIAN_POINT('',(53.505,5.995,1.5));
#3974 = DIRECTION('',(0.,0.,-1.));
#3975 = DIRECTION('',(1.,0.,0.));
#3976 = PCURVE('',#1051,#3977);
#3977 = DEFINITIONAL_REPRESENTATION('',(#3978),#3986);
#3978 = ( BOUNDED_CURVE() B_SPLINE_CURVE(2,(#3979,#3980,#3981,#3982,
#3983,#3984,#3985),.UNSPECIFIED.,.T.,.F.) B_SPLINE_CURVE_WITH_KNOTS((1,2
    ,2,2,2,1),(-2.094395102393,0.,2.094395102393,4.188790204786,
6.28318530718,8.377580409573),.UNSPECIFIED.) CURVE() 
GEOMETRIC_REPRESENTATION_ITEM() RATIONAL_B_SPLINE_CURVE((1.,0.5,1.,0.5,
1.,0.5,1.)) REPRESENTATION_ITEM('') );
#3979 = CARTESIAN_POINT('',(55.03,9.02));
#3980 = CARTESIAN_POINT('',(55.03,-4.871047476702));
#3981 = CARTESIAN_POINT('',(43.,2.074476261649));
#3982 = CARTESIAN_POINT('',(30.97,9.02));
#3983 = CARTESIAN_POINT('',(43.,15.965523738351));
#3984 = CARTESIAN_POINT('',(55.03,22.911047476702));
#3985 = CARTESIAN_POINT('',(55.03,9.02));
#3986 = ( GEOMETRIC_REPRESENTATION_CONTEXT(2) 
PARAMETRIC_REPRESENTATION_CONTEXT() REPRESENTATION_CONTEXT('2D SPACE',''
  ) );
#3987 = PCURVE('',#1274,#3988);
#3988 = DEFINITIONAL_REPRESENTATION('',(#3989),#3993);
#3989 = LINE('',#3990,#3991);
#3990 = CARTESIAN_POINT('',(-6.28318530718,-1.25));
#3991 = VECTOR('',#3992,1.);
#3992 = DIRECTION('',(1.,-0.));
#3993 = ( GEOMETRIC_REPRESENTATION_CONTEXT(2) 
PARAMETRIC_REPRESENTATION_CONTEXT() REPRESENTATION_CONTEXT('2D SPACE',''
  ) );
#3994 = ORIENTED_EDGE('',*,*,#3995,.T.);
#3995 = EDGE_CURVE('',#3968,#1011,#3996,.T.);
#3996 = SURFACE_CURVE('',#3997,(#4001,#4007),.PCURVE_S1.);
#3997 = LINE('',#3998,#3999);
#3998 = CARTESIAN_POINT('',(6.495,-2.025,1.5));
#3999 = VECTOR('',#4000,1.);
#4000 = DIRECTION('',(-1.,0.,0.));
#4001 = PCURVE('',#1051,#4002);
#4002 = DEFINITIONAL_REPRESENTATION('',(#4003),#4006);
#4003 = B_SPLINE_CURVE_WITH_KNOTS('',1,(#4004,#4005),.UNSPECIFIED.,.F.,
  .F.,(2,2),(-47.01,0.),.PIECEWISE_BEZIER_KNOTS.);
#4004 = CARTESIAN_POINT('',(47.01,1.));
#4005 = CARTESIAN_POINT('',(0.,1.));
#4006 = ( GEOMETRIC_REPRESENTATION_CONTEXT(2) 
PARAMETRIC_REPRESENTATION_CONTEXT() REPRESENTATION_CONTEXT('2D SPACE',''
  ) );
#4007 = PCURVE('',#1025,#4008);
#4008 = DEFINITIONAL_REPRESENTATION('',(#4009),#4013);
#4009 = LINE('',#4010,#4011);
#4010 = CARTESIAN_POINT('',(1.25,0.));
#4011 = VECTOR('',#4012,1.);
#4012 = DIRECTION('',(0.,-1.));
#4013 = ( GEOMETRIC_REPRESENTATION_CONTEXT(2) 
PARAMETRIC_REPRESENTATION_CONTEXT() REPRESENTATION_CONTEXT('2D SPACE',''
  ) );
#4014 = ORIENTED_EDGE('',*,*,#1036,.F.);
#4015 = ADVANCED_FACE('',(#4016),#1025,.T.);
#4016 = FACE_BOUND('',#4017,.T.);
#4017 = EDGE_LOOP('',(#4018,#4019,#4042,#4062));
#4018 = ORIENTED_EDGE('',*,*,#3995,.F.);
#4019 = ORIENTED_EDGE('',*,*,#4020,.T.);
#4020 = EDGE_CURVE('',#3968,#4021,#4023,.T.);
#4021 = VERTEX_POINT('',#4022);
#4022 = CARTESIAN_POINT('',(53.505,-2.025,0.2));
#4023 = SURFACE_CURVE('',#4024,(#4028,#4035),.PCURVE_S1.);
#4024 = LINE('',#4025,#4026);
#4025 = CARTESIAN_POINT('',(53.505,-2.025,1.5));
#4026 = VECTOR('',#4027,1.);
#4027 = DIRECTION('',(0.,0.,-1.));
#4028 = PCURVE('',#1025,#4029);
#4029 = DEFINITIONAL_REPRESENTATION('',(#4030),#4034);
#4030 = LINE('',#4031,#4032);
#4031 = CARTESIAN_POINT('',(1.25,47.01));
#4032 = VECTOR('',#4033,1.);
#4033 = DIRECTION('',(-1.,0.));
#4034 = ( GEOMETRIC_REPRESENTATION_CONTEXT(2) 
PARAMETRIC_REPRESENTATION_CONTEXT() REPRESENTATION_CONTEXT('2D SPACE',''
  ) );
#4035 = PCURVE('',#1274,#4036);
#4036 = DEFINITIONAL_REPRESENTATION('',(#4037),#4041);
#4037 = LINE('',#4038,#4039);
#4038 = CARTESIAN_POINT('',(-4.712388980385,-1.25));
#4039 = VECTOR('',#4040,1.);
#4040 = DIRECTION('',(0.,1.));
#4041 = ( GEOMETRIC_REPRESENTATION_CONTEXT(2) 
PARAMETRIC_REPRESENTATION_CONTEXT() REPRESENTATION_CONTEXT('2D SPACE',''
  ) );
#4042 = ORIENTED_EDGE('',*,*,#4043,.T.);
#4043 = EDGE_CURVE('',#4021,#985,#4044,.T.);
#4044 = SURFACE_CURVE('',#4045,(#4049,#4056),.PCURVE_S1.);
#4045 = LINE('',#4046,#4047);
#4046 = CARTESIAN_POINT('',(6.4975,-2.025,0.2));
#4047 = VECTOR('',#4048,1.);
#4048 = DIRECTION('',(-1.,0.,0.));
#4049 = PCURVE('',#1025,#4050);
#4050 = DEFINITIONAL_REPRESENTATION('',(#4051),#4055);
#4051 = LINE('',#4052,#4053);
#4052 = CARTESIAN_POINT('',(-5.E-02,2.500000000003E-03));
#4053 = VECTOR('',#4054,1.);
#4054 = DIRECTION('',(0.,-1.));
#4055 = ( GEOMETRIC_REPRESENTATION_CONTEXT(2) 
PARAMETRIC_REPRESENTATION_CONTEXT() REPRESENTATION_CONTEXT('2D SPACE',''
  ) );
#4056 = PCURVE('',#999,#4057);
#4057 = DEFINITIONAL_REPRESENTATION('',(#4058),#4061);
#4058 = B_SPLINE_CURVE_WITH_KNOTS('',1,(#4059,#4060),.UNSPECIFIED.,.F.,
  .F.,(2,2),(-47.0075,2.500000000003E-03),.PIECEWISE_BEZIER_KNOTS.);
#4059 = CARTESIAN_POINT('',(47.005,-8.025));
#4060 = CARTESIAN_POINT('',(-5.000000000005E-03,-8.025));
#4061 = ( GEOMETRIC_REPRESENTATION_CONTEXT(2) 
PARAMETRIC_REPRESENTATION_CONTEXT() REPRESENTATION_CONTEXT('2D SPACE',''
  ) );
#4062 = ORIENTED_EDGE('',*,*,#1010,.F.);
#4063 = ADVANCED_FACE('',(#4064),#999,.F.);
#4064 = FACE_BOUND('',#4065,.F.);
#4065 = EDGE_LOOP('',(#4066,#4067,#4068,#4089,#4115,#4116));
#4066 = ORIENTED_EDGE('',*,*,#4043,.T.);
#4067 = ORIENTED_EDGE('',*,*,#984,.F.);
#4068 = ORIENTED_EDGE('',*,*,#4069,.T.);
#4069 = EDGE_CURVE('',#959,#4070,#4072,.T.);
#4070 = VERTEX_POINT('',#4071);
#4071 = CARTESIAN_POINT('',(53.5,-3.2,0.2));
#4072 = SURFACE_CURVE('',#4073,(#4077,#4083),.PCURVE_S1.);
#4073 = LINE('',#4074,#4075);
#4074 = CARTESIAN_POINT('',(6.5,-3.2,0.2));
#4075 = VECTOR('',#4076,1.);
#4076 = DIRECTION('',(1.,0.,0.));
#4077 = PCURVE('',#999,#4078);
#4078 = DEFINITIONAL_REPRESENTATION('',(#4079),#4082);
#4079 = B_SPLINE_CURVE_WITH_KNOTS('',1,(#4080,#4081),.UNSPECIFIED.,.F.,
  .F.,(2,2),(-1.7763568394E-15,47.),.PIECEWISE_BEZIER_KNOTS.);
#4080 = CARTESIAN_POINT('',(-2.6645352591E-15,-9.2));
#4081 = CARTESIAN_POINT('',(47.,-9.2));
#4082 = ( GEOMETRIC_REPRESENTATION_CONTEXT(2) 
PARAMETRIC_REPRESENTATION_CONTEXT() REPRESENTATION_CONTEXT('2D SPACE',''
  ) );
#4083 = PCURVE('',#973,#4084);
#4084 = DEFINITIONAL_REPRESENTATION('',(#4085),#4088);
#4085 = B_SPLINE_CURVE_WITH_KNOTS('',1,(#4086,#4087),.UNSPECIFIED.,.F.,
  .F.,(2,2),(-1.7763568394E-15,47.),.PIECEWISE_BEZIER_KNOTS.);
#4086 = CARTESIAN_POINT('',(6.9,0.));
#4087 = CARTESIAN_POINT('',(6.9,47.));
#4088 = ( GEOMETRIC_REPRESENTATION_CONTEXT(2) 
PARAMETRIC_REPRESENTATION_CONTEXT() REPRESENTATION_CONTEXT('2D SPACE',''
  ) );
#4089 = ORIENTED_EDGE('',*,*,#4090,.F.);
#4090 = EDGE_CURVE('',#1213,#4070,#4091,.T.);
#4091 = SURFACE_CURVE('',#4092,(#4097,#4108),.PCURVE_S1.);
#4092 = CIRCLE('',#4093,9.2);
#4093 = AXIS2_PLACEMENT_3D('',#4094,#4095,#4096);
#4094 = CARTESIAN_POINT('',(53.5,6.,0.2));
#4095 = DIRECTION('',(0.,0.,-1.));
#4096 = DIRECTION('',(1.,0.,0.));
#4097 = PCURVE('',#999,#4098);
#4098 = DEFINITIONAL_REPRESENTATION('',(#4099),#4107);
#4099 = ( BOUNDED_CURVE() B_SPLINE_CURVE(2,(#4100,#4101,#4102,#4103,
#4104,#4105,#4106),.UNSPECIFIED.,.T.,.F.) B_SPLINE_CURVE_WITH_KNOTS((1,2
    ,2,2,2,1),(-2.094395102393,0.,2.094395102393,4.188790204786,
6.28318530718,8.377580409573),.UNSPECIFIED.) CURVE() 
GEOMETRIC_REPRESENTATION_ITEM() RATIONAL_B_SPLINE_CURVE((1.,0.5,1.,0.5,
1.,0.5,1.)) REPRESENTATION_ITEM('') );
#4100 = CARTESIAN_POINT('',(56.2,0.));
#4101 = CARTESIAN_POINT('',(56.2,-15.93486742963));
#4102 = CARTESIAN_POINT('',(42.4,-7.967433714817));
#4103 = CARTESIAN_POINT('',(28.6,-2.253350110431E-15));
#4104 = CARTESIAN_POINT('',(42.4,7.967433714817));
#4105 = CARTESIAN_POINT('',(56.2,15.934867429634));
#4106 = CARTESIAN_POINT('',(56.2,0.));
#4107 = ( GEOMETRIC_REPRESENTATION_CONTEXT(2) 
PARAMETRIC_REPRESENTATION_CONTEXT() REPRESENTATION_CONTEXT('2D SPACE',''
  ) );
#4108 = PCURVE('',#1227,#4109);
#4109 = DEFINITIONAL_REPRESENTATION('',(#4110),#4114);
#4110 = LINE('',#4111,#4112);
#4111 = CARTESIAN_POINT('',(-6.28318530718,-6.9));
#4112 = VECTOR('',#4113,1.);
#4113 = DIRECTION('',(1.,-0.));
#4114 = ( GEOMETRIC_REPRESENTATION_CONTEXT(2) 
PARAMETRIC_REPRESENTATION_CONTEXT() REPRESENTATION_CONTEXT('2D SPACE',''
  ) );
#4115 = ORIENTED_EDGE('',*,*,#1238,.T.);
#4116 = ORIENTED_EDGE('',*,*,#4117,.T.);
#4117 = EDGE_CURVE('',#1239,#4021,#4118,.T.);
#4118 = SURFACE_CURVE('',#4119,(#4124,#4135),.PCURVE_S1.);
#4119 = CIRCLE('',#4120,8.02);
#4120 = AXIS2_PLACEMENT_3D('',#4121,#4122,#4123);
#4121 = CARTESIAN_POINT('',(53.505,5.995,0.2));
#4122 = DIRECTION('',(0.,0.,-1.));
#4123 = DIRECTION('',(1.,0.,0.));
#4124 = PCURVE('',#999,#4125);
#4125 = DEFINITIONAL_REPRESENTATION('',(#4126),#4134);
#4126 = ( BOUNDED_CURVE() B_SPLINE_CURVE(2,(#4127,#4128,#4129,#4130,
#4131,#4132,#4133),.UNSPECIFIED.,.T.,.F.) B_SPLINE_CURVE_WITH_KNOTS((1,2
    ,2,2,2,1),(-2.094395102393,0.,2.094395102393,4.188790204786,
6.28318530718,8.377580409573),.UNSPECIFIED.) CURVE() 
GEOMETRIC_REPRESENTATION_ITEM() RATIONAL_B_SPLINE_CURVE((1.,0.5,1.,0.5,
1.,0.5,1.)) REPRESENTATION_ITEM('') );
#4127 = CARTESIAN_POINT('',(55.025,-5.00000000001E-03));
#4128 = CARTESIAN_POINT('',(55.025,-13.8960474767));
#4129 = CARTESIAN_POINT('',(42.995,-6.950523738351));
#4130 = CARTESIAN_POINT('',(30.965,-5.000000000012E-03));
#4131 = CARTESIAN_POINT('',(42.995,6.940523738351));
#4132 = CARTESIAN_POINT('',(55.025,13.886047476702));
#4133 = CARTESIAN_POINT('',(55.025,-5.00000000001E-03));
#4134 = ( GEOMETRIC_REPRESENTATION_CONTEXT(2) 
PARAMETRIC_REPRESENTATION_CONTEXT() REPRESENTATION_CONTEXT('2D SPACE',''
  ) );
#4135 = PCURVE('',#1274,#4136);
#4136 = DEFINITIONAL_REPRESENTATION('',(#4137),#4141);
#4137 = LINE('',#4138,#4139);
#4138 = CARTESIAN_POINT('',(-6.28318530718,5.E-02));
#4139 = VECTOR('',#4140,1.);
#4140 = DIRECTION('',(1.,-0.));
#4141 = ( GEOMETRIC_REPRESENTATION_CONTEXT(2) 
PARAMETRIC_REPRESENTATION_CONTEXT() REPRESENTATION_CONTEXT('2D SPACE',''
  ) );
#4142 = ADVANCED_FACE('',(#4143),#973,.T.);
#4143 = FACE_BOUND('',#4144,.T.);
#4144 = EDGE_LOOP('',(#4145,#4168,#4196,#4217,#4218,#4239,#4258,#4259,
    #4260));
#4145 = ORIENTED_EDGE('',*,*,#4146,.F.);
#4146 = EDGE_CURVE('',#4147,#4070,#4149,.T.);
#4147 = VERTEX_POINT('',#4148);
#4148 = CARTESIAN_POINT('',(53.5,-3.2,-6.7));
#4149 = SURFACE_CURVE('',#4150,(#4154,#4161),.PCURVE_S1.);
#4150 = LINE('',#4151,#4152);
#4151 = CARTESIAN_POINT('',(53.5,-3.2,-6.7));
#4152 = VECTOR('',#4153,1.);
#4153 = DIRECTION('',(0.,0.,1.));
#4154 = PCURVE('',#973,#4155);
#4155 = DEFINITIONAL_REPRESENTATION('',(#4156),#4160);
#4156 = LINE('',#4157,#4158);
#4157 = CARTESIAN_POINT('',(0.,47.));
#4158 = VECTOR('',#4159,1.);
#4159 = DIRECTION('',(1.,0.));
#4160 = ( GEOMETRIC_REPRESENTATION_CONTEXT(2) 
PARAMETRIC_REPRESENTATION_CONTEXT() REPRESENTATION_CONTEXT('2D SPACE',''
  ) );
#4161 = PCURVE('',#1227,#4162);
#4162 = DEFINITIONAL_REPRESENTATION('',(#4163),#4167);
#4163 = LINE('',#4164,#4165);
#4164 = CARTESIAN_POINT('',(-4.712388980385,0.));
#4165 = VECTOR('',#4166,1.);
#4166 = DIRECTION('',(-0.,-1.));
#4167 = ( GEOMETRIC_REPRESENTATION_CONTEXT(2) 
PARAMETRIC_REPRESENTATION_CONTEXT() REPRESENTATION_CONTEXT('2D SPACE',''
  ) );
#4168 = ORIENTED_EDGE('',*,*,#4169,.F.);
#4169 = EDGE_CURVE('',#4170,#4147,#4172,.T.);
#4170 = VERTEX_POINT('',#4171);
#4171 = CARTESIAN_POINT('',(6.5,-3.2,-6.7));
#4172 = SURFACE_CURVE('',#4173,(#4177,#4184),.PCURVE_S1.);
#4173 = LINE('',#4174,#4175);
#4174 = CARTESIAN_POINT('',(6.5,-3.2,-6.7));
#4175 = VECTOR('',#4176,1.);
#4176 = DIRECTION('',(1.,0.,0.));
#4177 = PCURVE('',#973,#4178);
#4178 = DEFINITIONAL_REPRESENTATION('',(#4179),#4183);
#4179 = LINE('',#4180,#4181);
#4180 = CARTESIAN_POINT('',(0.,0.));
#4181 = VECTOR('',#4182,1.);
#4182 = DIRECTION('',(0.,1.));
#4183 = ( GEOMETRIC_REPRESENTATION_CONTEXT(2) 
PARAMETRIC_REPRESENTATION_CONTEXT() REPRESENTATION_CONTEXT('2D SPACE',''
  ) );
#4184 = PCURVE('',#4185,#4190);
#4185 = PLANE('',#4186);
#4186 = AXIS2_PLACEMENT_3D('',#4187,#4188,#4189);
#4187 = CARTESIAN_POINT('',(6.5,6.,-6.7));
#4188 = DIRECTION('',(0.,0.,1.));
#4189 = DIRECTION('',(1.,0.,-0.));
#4190 = DEFINITIONAL_REPRESENTATION('',(#4191),#4195);
#4191 = LINE('',#4192,#4193);
#4192 = CARTESIAN_POINT('',(8.881784197001E-16,-9.2));
#4193 = VECTOR('',#4194,1.);
#4194 = DIRECTION('',(1.,0.));
#4195 = ( GEOMETRIC_REPRESENTATION_CONTEXT(2) 
PARAMETRIC_REPRESENTATION_CONTEXT() REPRESENTATION_CONTEXT('2D SPACE',''
  ) );
#4196 = ORIENTED_EDGE('',*,*,#4197,.T.);
#4197 = EDGE_CURVE('',#4170,#3085,#4198,.T.);
#4198 = SURFACE_CURVE('',#4199,(#4203,#4210),.PCURVE_S1.);
#4199 = LINE('',#4200,#4201);
#4200 = CARTESIAN_POINT('',(6.5,-3.2,-6.7));
#4201 = VECTOR('',#4202,1.);
#4202 = DIRECTION('',(0.,0.,1.));
#4203 = PCURVE('',#973,#4204);
#4204 = DEFINITIONAL_REPRESENTATION('',(#4205),#4209);
#4205 = LINE('',#4206,#4207);
#4206 = CARTESIAN_POINT('',(0.,0.));
#4207 = VECTOR('',#4208,1.);
#4208 = DIRECTION('',(1.,0.));
#4209 = ( GEOMETRIC_REPRESENTATION_CONTEXT(2) 
PARAMETRIC_REPRESENTATION_CONTEXT() REPRESENTATION_CONTEXT('2D SPACE',''
  ) );
#4210 = PCURVE('',#3118,#4211);
#4211 = DEFINITIONAL_REPRESENTATION('',(#4212),#4216);
#4212 = LINE('',#4213,#4214);
#4213 = CARTESIAN_POINT('',(-4.712388980385,0.));
#4214 = VECTOR('',#4215,1.);
#4215 = DIRECTION('',(-0.,-1.));
#4216 = ( GEOMETRIC_REPRESENTATION_CONTEXT(2) 
PARAMETRIC_REPRESENTATION_CONTEXT() REPRESENTATION_CONTEXT('2D SPACE',''
  ) );
#4217 = ORIENTED_EDGE('',*,*,#3139,.F.);
#4218 = ORIENTED_EDGE('',*,*,#4219,.T.);
#4219 = EDGE_CURVE('',#3140,#4220,#4222,.T.);
#4220 = VERTEX_POINT('',#4221);
#4221 = CARTESIAN_POINT('',(14.79,-3.2,0.2));
#4222 = SURFACE_CURVE('',#4223,(#4227,#4233),.PCURVE_S1.);
#4223 = LINE('',#4224,#4225);
#4224 = CARTESIAN_POINT('',(6.5,-3.2,0.2));
#4225 = VECTOR('',#4226,1.);
#4226 = DIRECTION('',(1.,0.,0.));
#4227 = PCURVE('',#973,#4228);
#4228 = DEFINITIONAL_REPRESENTATION('',(#4229),#4232);
#4229 = B_SPLINE_CURVE_WITH_KNOTS('',1,(#4230,#4231),.UNSPECIFIED.,.F.,
  .F.,(2,2),(-1.7763568394E-15,47.),.PIECEWISE_BEZIER_KNOTS.);
#4230 = CARTESIAN_POINT('',(6.9,0.));
#4231 = CARTESIAN_POINT('',(6.9,47.));
#4232 = ( GEOMETRIC_REPRESENTATION_CONTEXT(2) 
PARAMETRIC_REPRESENTATION_CONTEXT() REPRESENTATION_CONTEXT('2D SPACE',''
  ) );
#4233 = PCURVE('',#3178,#4234);
#4234 = DEFINITIONAL_REPRESENTATION('',(#4235),#4238);
#4235 = B_SPLINE_CURVE_WITH_KNOTS('',1,(#4236,#4237),.UNSPECIFIED.,.F.,
  .F.,(2,2),(-1.7763568394E-15,47.),.PIECEWISE_BEZIER_KNOTS.);
#4236 = CARTESIAN_POINT('',(-2.6645352591E-15,-9.2));
#4237 = CARTESIAN_POINT('',(47.,-9.2));
#4238 = ( GEOMETRIC_REPRESENTATION_CONTEXT(2) 
PARAMETRIC_REPRESENTATION_CONTEXT() REPRESENTATION_CONTEXT('2D SPACE',''
  ) );
#4239 = ORIENTED_EDGE('',*,*,#4240,.T.);
#4240 = EDGE_CURVE('',#4220,#2827,#4241,.T.);
#4241 = SURFACE_CURVE('',#4242,(#4246,#4252),.PCURVE_S1.);
#4242 = LINE('',#4243,#4244);
#4243 = CARTESIAN_POINT('',(14.79,-3.2,-4.));
#4244 = VECTOR('',#4245,1.);
#4245 = DIRECTION('',(0.,0.,-1.));
#4246 = PCURVE('',#973,#4247);
#4247 = DEFINITIONAL_REPRESENTATION('',(#4248),#4251);
#4248 = B_SPLINE_CURVE_WITH_KNOTS('',1,(#4249,#4250),.UNSPECIFIED.,.F.,
  .F.,(2,2),(-4.2,-2.7),.PIECEWISE_BEZIER_KNOTS.);
#4249 = CARTESIAN_POINT('',(6.9,8.29));
#4250 = CARTESIAN_POINT('',(5.4,8.29));
#4251 = ( GEOMETRIC_REPRESENTATION_CONTEXT(2) 
PARAMETRIC_REPRESENTATION_CONTEXT() REPRESENTATION_CONTEXT('2D SPACE',''
  ) );
#4252 = PCURVE('',#2863,#4253);
#4253 = DEFINITIONAL_REPRESENTATION('',(#4254),#4257);
#4254 = B_SPLINE_CURVE_WITH_KNOTS('',1,(#4255,#4256),.UNSPECIFIED.,.F.,
  .F.,(2,2),(-4.2,-2.7),.PIECEWISE_BEZIER_KNOTS.);
#4255 = CARTESIAN_POINT('',(1.5,-1.65));
#4256 = CARTESIAN_POINT('',(0.,-1.65));
#4257 = ( GEOMETRIC_REPRESENTATION_CONTEXT(2) 
PARAMETRIC_REPRESENTATION_CONTEXT() REPRESENTATION_CONTEXT('2D SPACE',''
  ) );
#4258 = ORIENTED_EDGE('',*,*,#2826,.T.);
#4259 = ORIENTED_EDGE('',*,*,#958,.F.);
#4260 = ORIENTED_EDGE('',*,*,#4069,.T.);
#4261 = ADVANCED_FACE('',(#4262),#1200,.T.);
#4262 = FACE_BOUND('',#4263,.T.);
#4263 = EDGE_LOOP('',(#4264,#4290,#4291));
#4264 = ORIENTED_EDGE('',*,*,#4265,.T.);
#4265 = EDGE_CURVE('',#1332,#1183,#4266,.T.);
#4266 = SURFACE_CURVE('',#4267,(#4272,#4283),.PCURVE_S1.);
#4267 = CIRCLE('',#4268,9.2);
#4268 = AXIS2_PLACEMENT_3D('',#4269,#4270,#4271);
#4269 = CARTESIAN_POINT('',(53.5,6.,5.E-02));
#4270 = DIRECTION('',(0.,0.,-1.));
#4271 = DIRECTION('',(1.,0.,0.));
#4272 = PCURVE('',#1200,#4273);
#4273 = DEFINITIONAL_REPRESENTATION('',(#4274),#4282);
#4274 = ( BOUNDED_CURVE() B_SPLINE_CURVE(2,(#4275,#4276,#4277,#4278,
#4279,#4280,#4281),.UNSPECIFIED.,.T.,.F.) B_SPLINE_CURVE_WITH_KNOTS((1,2
    ,2,2,2,1),(-2.094395102393,0.,2.094395102393,4.188790204786,
6.28318530718,8.377580409573),.UNSPECIFIED.) CURVE() 
GEOMETRIC_REPRESENTATION_ITEM() RATIONAL_B_SPLINE_CURVE((1.,0.5,1.,0.5,
1.,0.5,1.)) REPRESENTATION_ITEM('') );
#4275 = CARTESIAN_POINT('',(63.,6.3));
#4276 = CARTESIAN_POINT('',(63.,-9.634867429634));
#4277 = CARTESIAN_POINT('',(49.2,-1.667433714817));
#4278 = CARTESIAN_POINT('',(35.4,6.3));
#4279 = CARTESIAN_POINT('',(49.2,14.267433714817));
#4280 = CARTESIAN_POINT('',(63.,22.234867429634));
#4281 = CARTESIAN_POINT('',(63.,6.3));
#4282 = ( GEOMETRIC_REPRESENTATION_CONTEXT(2) 
PARAMETRIC_REPRESENTATION_CONTEXT() REPRESENTATION_CONTEXT('2D SPACE',''
  ) );
#4283 = PCURVE('',#1227,#4284);
#4284 = DEFINITIONAL_REPRESENTATION('',(#4285),#4289);
#4285 = LINE('',#4286,#4287);
#4286 = CARTESIAN_POINT('',(-6.28318530718,-6.75));
#4287 = VECTOR('',#4288,1.);
#4288 = DIRECTION('',(1.,-0.));
#4289 = ( GEOMETRIC_REPRESENTATION_CONTEXT(2) 
PARAMETRIC_REPRESENTATION_CONTEXT() REPRESENTATION_CONTEXT('2D SPACE',''
  ) );
#4290 = ORIENTED_EDGE('',*,*,#1182,.T.);
#4291 = ORIENTED_EDGE('',*,*,#1331,.T.);
#4292 = ADVANCED_FACE('',(#4293),#1274,.F.);
#4293 = FACE_BOUND('',#4294,.T.);
#4294 = EDGE_LOOP('',(#4295,#4296,#4297,#4298));
#4295 = ORIENTED_EDGE('',*,*,#3967,.F.);
#4296 = ORIENTED_EDGE('',*,*,#1259,.T.);
#4297 = ORIENTED_EDGE('',*,*,#4117,.T.);
#4298 = ORIENTED_EDGE('',*,*,#4020,.F.);
#4299 = ADVANCED_FACE('',(#4300),#1227,.F.);
#4300 = FACE_BOUND('',#4301,.T.);
#4301 = EDGE_LOOP('',(#4302,#4326,#4348,#4349,#4350,#4351,#4352,#4353));
#4302 = ORIENTED_EDGE('',*,*,#4303,.F.);
#4303 = EDGE_CURVE('',#4304,#4306,#4308,.T.);
#4304 = VERTEX_POINT('',#4305);
#4305 = CARTESIAN_POINT('',(62.7,6.,-6.7));
#4306 = VERTEX_POINT('',#4307);
#4307 = CARTESIAN_POINT('',(62.7,6.,0.2));
#4308 = SURFACE_CURVE('',#4309,(#4313,#4319),.PCURVE_S1.);
#4309 = LINE('',#4310,#4311);
#4310 = CARTESIAN_POINT('',(62.7,6.,-6.7));
#4311 = VECTOR('',#4312,1.);
#4312 = DIRECTION('',(0.,0.,1.));
#4313 = PCURVE('',#1227,#4314);
#4314 = DEFINITIONAL_REPRESENTATION('',(#4315),#4318);
#4315 = B_SPLINE_CURVE_WITH_KNOTS('',1,(#4316,#4317),.UNSPECIFIED.,.F.,
  .F.,(2,2),(0.,7.6),.PIECEWISE_BEZIER_KNOTS.);
#4316 = CARTESIAN_POINT('',(-6.28318530718,0.));
#4317 = CARTESIAN_POINT('',(-6.28318530718,-7.6));
#4318 = ( GEOMETRIC_REPRESENTATION_CONTEXT(2) 
PARAMETRIC_REPRESENTATION_CONTEXT() REPRESENTATION_CONTEXT('2D SPACE',''
  ) );
#4319 = PCURVE('',#1617,#4320);
#4320 = DEFINITIONAL_REPRESENTATION('',(#4321),#4325);
#4321 = LINE('',#4322,#4323);
#4322 = CARTESIAN_POINT('',(0.,0.));
#4323 = VECTOR('',#4324,1.);
#4324 = DIRECTION('',(1.,0.));
#4325 = ( GEOMETRIC_REPRESENTATION_CONTEXT(2) 
PARAMETRIC_REPRESENTATION_CONTEXT() REPRESENTATION_CONTEXT('2D SPACE',''
  ) );
#4326 = ORIENTED_EDGE('',*,*,#4327,.F.);
#4327 = EDGE_CURVE('',#4147,#4304,#4328,.T.);
#4328 = SURFACE_CURVE('',#4329,(#4334,#4341),.PCURVE_S1.);
#4329 = CIRCLE('',#4330,9.2);
#4330 = AXIS2_PLACEMENT_3D('',#4331,#4332,#4333);
#4331 = CARTESIAN_POINT('',(53.5,6.,-6.7));
#4332 = DIRECTION('',(0.,0.,1.));
#4333 = DIRECTION('',(1.,0.,0.));
#4334 = PCURVE('',#1227,#4335);
#4335 = DEFINITIONAL_REPRESENTATION('',(#4336),#4340);
#4336 = LINE('',#4337,#4338);
#4337 = CARTESIAN_POINT('',(-0.,0.));
#4338 = VECTOR('',#4339,1.);
#4339 = DIRECTION('',(-1.,0.));
#4340 = ( GEOMETRIC_REPRESENTATION_CONTEXT(2) 
PARAMETRIC_REPRESENTATION_CONTEXT() REPRESENTATION_CONTEXT('2D SPACE',''
  ) );
#4341 = PCURVE('',#4185,#4342);
#4342 = DEFINITIONAL_REPRESENTATION('',(#4343),#4347);
#4343 = CIRCLE('',#4344,9.2);
#4344 = AXIS2_PLACEMENT_2D('',#4345,#4346);
#4345 = CARTESIAN_POINT('',(47.,-8.881784197001E-16));
#4346 = DIRECTION('',(1.,0.));
#4347 = ( GEOMETRIC_REPRESENTATION_CONTEXT(2) 
PARAMETRIC_REPRESENTATION_CONTEXT() REPRESENTATION_CONTEXT('2D SPACE',''
  ) );
#4348 = ORIENTED_EDGE('',*,*,#4146,.T.);
#4349 = ORIENTED_EDGE('',*,*,#4090,.F.);
#4350 = ORIENTED_EDGE('',*,*,#1212,.T.);
#4351 = ORIENTED_EDGE('',*,*,#4265,.F.);
#4352 = ORIENTED_EDGE('',*,*,#1354,.F.);
#4353 = ORIENTED_EDGE('',*,*,#4354,.F.);
#4354 = EDGE_CURVE('',#4306,#1355,#4355,.T.);
#4355 = SURFACE_CURVE('',#4356,(#4361,#4368),.PCURVE_S1.);
#4356 = CIRCLE('',#4357,9.2);
#4357 = AXIS2_PLACEMENT_3D('',#4358,#4359,#4360);
#4358 = CARTESIAN_POINT('',(53.5,6.,0.2));
#4359 = DIRECTION('',(0.,0.,-1.));
#4360 = DIRECTION('',(1.,0.,0.));
#4361 = PCURVE('',#1227,#4362);
#4362 = DEFINITIONAL_REPRESENTATION('',(#4363),#4367);
#4363 = LINE('',#4364,#4365);
#4364 = CARTESIAN_POINT('',(-6.28318530718,-6.9));
#4365 = VECTOR('',#4366,1.);
#4366 = DIRECTION('',(1.,-0.));
#4367 = ( GEOMETRIC_REPRESENTATION_CONTEXT(2) 
PARAMETRIC_REPRESENTATION_CONTEXT() REPRESENTATION_CONTEXT('2D SPACE',''
  ) );
#4368 = PCURVE('',#1390,#4369);
#4369 = DEFINITIONAL_REPRESENTATION('',(#4370),#4378);
#4370 = ( BOUNDED_CURVE() B_SPLINE_CURVE(2,(#4371,#4372,#4373,#4374,
#4375,#4376,#4377),.UNSPECIFIED.,.T.,.F.) B_SPLINE_CURVE_WITH_KNOTS((1,2
    ,2,2,2,1),(-2.094395102393,0.,2.094395102393,4.188790204786,
6.28318530718,8.377580409573),.UNSPECIFIED.) CURVE() 
GEOMETRIC_REPRESENTATION_ITEM() RATIONAL_B_SPLINE_CURVE((1.,0.5,1.,0.5,
1.,0.5,1.)) REPRESENTATION_ITEM('') );
#4371 = CARTESIAN_POINT('',(56.2,0.));
#4372 = CARTESIAN_POINT('',(56.2,-15.93486742963));
#4373 = CARTESIAN_POINT('',(42.4,-7.967433714817));
#4374 = CARTESIAN_POINT('',(28.6,-2.253350110431E-15));
#4375 = CARTESIAN_POINT('',(42.4,7.967433714817));
#4376 = CARTESIAN_POINT('',(56.2,15.934867429634));
#4377 = CARTESIAN_POINT('',(56.2,0.));
#4378 = ( GEOMETRIC_REPRESENTATION_CONTEXT(2) 
PARAMETRIC_REPRESENTATION_CONTEXT() REPRESENTATION_CONTEXT('2D SPACE',''
  ) );
#4379 = ADVANCED_FACE('',(#4380),#1442,.T.);
#4380 = FACE_BOUND('',#4381,.T.);
#4381 = EDGE_LOOP('',(#4382,#4383,#4384,#4406,#4432,#4433));
#4382 = ORIENTED_EDGE('',*,*,#1548,.T.);
#4383 = ORIENTED_EDGE('',*,*,#1675,.T.);
#4384 = ORIENTED_EDGE('',*,*,#4385,.F.);
#4385 = EDGE_CURVE('',#4386,#1650,#4388,.T.);
#4386 = VERTEX_POINT('',#4387);
#4387 = CARTESIAN_POINT('',(61.525,5.995,1.5));
#4388 = SURFACE_CURVE('',#4389,(#4393,#4399),.PCURVE_S1.);
#4389 = LINE('',#4390,#4391);
#4390 = CARTESIAN_POINT('',(61.525,1.485,1.5));
#4391 = VECTOR('',#4392,1.);
#4392 = DIRECTION('',(0.,1.,0.));
#4393 = PCURVE('',#1442,#4394);
#4394 = DEFINITIONAL_REPRESENTATION('',(#4395),#4398);
#4395 = B_SPLINE_CURVE_WITH_KNOTS('',1,(#4396,#4397),.UNSPECIFIED.,.F.,
  .F.,(2,2),(4.51,97.52),.PIECEWISE_BEZIER_KNOTS.);
#4396 = CARTESIAN_POINT('',(55.03,9.02));
#4397 = CARTESIAN_POINT('',(55.03,102.03));
#4398 = ( GEOMETRIC_REPRESENTATION_CONTEXT(2) 
PARAMETRIC_REPRESENTATION_CONTEXT() REPRESENTATION_CONTEXT('2D SPACE',''
  ) );
#4399 = PCURVE('',#1664,#4400);
#4400 = DEFINITIONAL_REPRESENTATION('',(#4401),#4405);
#4401 = LINE('',#4402,#4403);
#4402 = CARTESIAN_POINT('',(1.25,4.51));
#4403 = VECTOR('',#4404,1.);
#4404 = DIRECTION('',(0.,-1.));
#4405 = ( GEOMETRIC_REPRESENTATION_CONTEXT(2) 
PARAMETRIC_REPRESENTATION_CONTEXT() REPRESENTATION_CONTEXT('2D SPACE',''
  ) );
#4406 = ORIENTED_EDGE('',*,*,#4407,.T.);
#4407 = EDGE_CURVE('',#4386,#1402,#4408,.T.);
#4408 = SURFACE_CURVE('',#4409,(#4414,#4425),.PCURVE_S1.);
#4409 = CIRCLE('',#4410,8.02);
#4410 = AXIS2_PLACEMENT_3D('',#4411,#4412,#4413);
#4411 = CARTESIAN_POINT('',(53.505,5.995,1.5));
#4412 = DIRECTION('',(0.,0.,-1.));
#4413 = DIRECTION('',(1.,0.,0.));
#4414 = PCURVE('',#1442,#4415);
#4415 = DEFINITIONAL_REPRESENTATION('',(#4416),#4424);
#4416 = ( BOUNDED_CURVE() B_SPLINE_CURVE(2,(#4417,#4418,#4419,#4420,
#4421,#4422,#4423),.UNSPECIFIED.,.T.,.F.) B_SPLINE_CURVE_WITH_KNOTS((1,2
    ,2,2,2,1),(-2.094395102393,0.,2.094395102393,4.188790204786,
6.28318530718,8.377580409573),.UNSPECIFIED.) CURVE() 
GEOMETRIC_REPRESENTATION_ITEM() RATIONAL_B_SPLINE_CURVE((1.,0.5,1.,0.5,
1.,0.5,1.)) REPRESENTATION_ITEM('') );
#4417 = CARTESIAN_POINT('',(55.03,9.02));
#4418 = CARTESIAN_POINT('',(55.03,-4.871047476702));
#4419 = CARTESIAN_POINT('',(43.,2.074476261649));
#4420 = CARTESIAN_POINT('',(30.97,9.02));
#4421 = CARTESIAN_POINT('',(43.,15.965523738351));
#4422 = CARTESIAN_POINT('',(55.03,22.911047476702));
#4423 = CARTESIAN_POINT('',(55.03,9.02));
#4424 = ( GEOMETRIC_REPRESENTATION_CONTEXT(2) 
PARAMETRIC_REPRESENTATION_CONTEXT() REPRESENTATION_CONTEXT('2D SPACE',''
  ) );
#4425 = PCURVE('',#1416,#4426);
#4426 = DEFINITIONAL_REPRESENTATION('',(#4427),#4431);
#4427 = LINE('',#4428,#4429);
#4428 = CARTESIAN_POINT('',(-6.28318530718,-1.25));
#4429 = VECTOR('',#4430,1.);
#4430 = DIRECTION('',(1.,-0.));
#4431 = ( GEOMETRIC_REPRESENTATION_CONTEXT(2) 
PARAMETRIC_REPRESENTATION_CONTEXT() REPRESENTATION_CONTEXT('2D SPACE',''
  ) );
#4432 = ORIENTED_EDGE('',*,*,#1427,.F.);
#4433 = ORIENTED_EDGE('',*,*,#1477,.T.);
#4434 = ADVANCED_FACE('',(#4435),#1416,.F.);
#4435 = FACE_BOUND('',#4436,.T.);
#4436 = EDGE_LOOP('',(#4437,#4438,#4461,#4487));
#4437 = ORIENTED_EDGE('',*,*,#4407,.F.);
#4438 = ORIENTED_EDGE('',*,*,#4439,.T.);
#4439 = EDGE_CURVE('',#4386,#4440,#4442,.T.);
#4440 = VERTEX_POINT('',#4441);
#4441 = CARTESIAN_POINT('',(61.525,5.995,0.2));
#4442 = SURFACE_CURVE('',#4443,(#4447,#4454),.PCURVE_S1.);
#4443 = LINE('',#4444,#4445);
#4444 = CARTESIAN_POINT('',(61.525,5.995,1.5));
#4445 = VECTOR('',#4446,1.);
#4446 = DIRECTION('',(0.,0.,-1.));
#4447 = PCURVE('',#1416,#4448);
#4448 = DEFINITIONAL_REPRESENTATION('',(#4449),#4453);
#4449 = LINE('',#4450,#4451);
#4450 = CARTESIAN_POINT('',(-6.28318530718,-1.25));
#4451 = VECTOR('',#4452,1.);
#4452 = DIRECTION('',(0.,1.));
#4453 = ( GEOMETRIC_REPRESENTATION_CONTEXT(2) 
PARAMETRIC_REPRESENTATION_CONTEXT() REPRESENTATION_CONTEXT('2D SPACE',''
  ) );
#4454 = PCURVE('',#1664,#4455);
#4455 = DEFINITIONAL_REPRESENTATION('',(#4456),#4460);
#4456 = LINE('',#4457,#4458);
#4457 = CARTESIAN_POINT('',(1.25,0.));
#4458 = VECTOR('',#4459,1.);
#4459 = DIRECTION('',(-1.,0.));
#4460 = ( GEOMETRIC_REPRESENTATION_CONTEXT(2) 
PARAMETRIC_REPRESENTATION_CONTEXT() REPRESENTATION_CONTEXT('2D SPACE',''
  ) );
#4461 = ORIENTED_EDGE('',*,*,#4462,.T.);
#4462 = EDGE_CURVE('',#4440,#1376,#4463,.T.);
#4463 = SURFACE_CURVE('',#4464,(#4469,#4476),.PCURVE_S1.);
#4464 = CIRCLE('',#4465,8.02);
#4465 = AXIS2_PLACEMENT_3D('',#4466,#4467,#4468);
#4466 = CARTESIAN_POINT('',(53.505,5.995,0.2));
#4467 = DIRECTION('',(0.,0.,-1.));
#4468 = DIRECTION('',(1.,0.,0.));
#4469 = PCURVE('',#1416,#4470);
#4470 = DEFINITIONAL_REPRESENTATION('',(#4471),#4475);
#4471 = LINE('',#4472,#4473);
#4472 = CARTESIAN_POINT('',(-6.28318530718,5.E-02));
#4473 = VECTOR('',#4474,1.);
#4474 = DIRECTION('',(1.,-0.));
#4475 = ( GEOMETRIC_REPRESENTATION_CONTEXT(2) 
PARAMETRIC_REPRESENTATION_CONTEXT() REPRESENTATION_CONTEXT('2D SPACE',''
  ) );
#4476 = PCURVE('',#1390,#4477);
#4477 = DEFINITIONAL_REPRESENTATION('',(#4478),#4486);
#4478 = ( BOUNDED_CURVE() B_SPLINE_CURVE(2,(#4479,#4480,#4481,#4482,
#4483,#4484,#4485),.UNSPECIFIED.,.T.,.F.) B_SPLINE_CURVE_WITH_KNOTS((1,2
    ,2,2,2,1),(-2.094395102393,0.,2.094395102393,4.188790204786,
6.28318530718,8.377580409573),.UNSPECIFIED.) CURVE() 
GEOMETRIC_REPRESENTATION_ITEM() RATIONAL_B_SPLINE_CURVE((1.,0.5,1.,0.5,
1.,0.5,1.)) REPRESENTATION_ITEM('') );
#4479 = CARTESIAN_POINT('',(55.025,-5.00000000001E-03));
#4480 = CARTESIAN_POINT('',(55.025,-13.8960474767));
#4481 = CARTESIAN_POINT('',(42.995,-6.950523738351));
#4482 = CARTESIAN_POINT('',(30.965,-5.000000000012E-03));
#4483 = CARTESIAN_POINT('',(42.995,6.940523738351));
#4484 = CARTESIAN_POINT('',(55.025,13.886047476702));
#4485 = CARTESIAN_POINT('',(55.025,-5.00000000001E-03));
#4486 = ( GEOMETRIC_REPRESENTATION_CONTEXT(2) 
PARAMETRIC_REPRESENTATION_CONTEXT() REPRESENTATION_CONTEXT('2D SPACE',''
  ) );
#4487 = ORIENTED_EDGE('',*,*,#1401,.F.);
#4488 = ADVANCED_FACE('',(#4489),#1390,.F.);
#4489 = FACE_BOUND('',#4490,.F.);
#4490 = EDGE_LOOP('',(#4491,#4510,#4511,#4531,#4532,#4533));
#4491 = ORIENTED_EDGE('',*,*,#4492,.F.);
#4492 = EDGE_CURVE('',#1603,#4306,#4493,.T.);
#4493 = SURFACE_CURVE('',#4494,(#4498,#4504),.PCURVE_S1.);
#4494 = LINE('',#4495,#4496);
#4495 = CARTESIAN_POINT('',(62.7,6.,0.2));
#4496 = VECTOR('',#4497,1.);
#4497 = DIRECTION('',(0.,-1.,0.));
#4498 = PCURVE('',#1390,#4499);
#4499 = DEFINITIONAL_REPRESENTATION('',(#4500),#4503);
#4500 = B_SPLINE_CURVE_WITH_KNOTS('',1,(#4501,#4502),.UNSPECIFIED.,.F.,
  .F.,(2,2),(-93.,0.),.PIECEWISE_BEZIER_KNOTS.);
#4501 = CARTESIAN_POINT('',(56.2,93.));
#4502 = CARTESIAN_POINT('',(56.2,0.));
#4503 = ( GEOMETRIC_REPRESENTATION_CONTEXT(2) 
PARAMETRIC_REPRESENTATION_CONTEXT() REPRESENTATION_CONTEXT('2D SPACE',''
  ) );
#4504 = PCURVE('',#1617,#4505);
#4505 = DEFINITIONAL_REPRESENTATION('',(#4506),#4509);
#4506 = B_SPLINE_CURVE_WITH_KNOTS('',1,(#4507,#4508),.UNSPECIFIED.,.F.,
  .F.,(2,2),(-93.,0.),.PIECEWISE_BEZIER_KNOTS.);
#4507 = CARTESIAN_POINT('',(6.9,-93.));
#4508 = CARTESIAN_POINT('',(6.9,0.));
#4509 = ( GEOMETRIC_REPRESENTATION_CONTEXT(2) 
PARAMETRIC_REPRESENTATION_CONTEXT() REPRESENTATION_CONTEXT('2D SPACE',''
  ) );
#4510 = ORIENTED_EDGE('',*,*,#1628,.T.);
#4511 = ORIENTED_EDGE('',*,*,#4512,.F.);
#4512 = EDGE_CURVE('',#4440,#1629,#4513,.T.);
#4513 = SURFACE_CURVE('',#4514,(#4518,#4524),.PCURVE_S1.);
#4514 = LINE('',#4515,#4516);
#4515 = CARTESIAN_POINT('',(61.525,5.9975,0.2));
#4516 = VECTOR('',#4517,1.);
#4517 = DIRECTION('',(0.,1.,0.));
#4518 = PCURVE('',#1390,#4519);
#4519 = DEFINITIONAL_REPRESENTATION('',(#4520),#4523);
#4520 = B_SPLINE_CURVE_WITH_KNOTS('',1,(#4521,#4522),.UNSPECIFIED.,.F.,
  .F.,(2,2),(-2.500000000005E-03,93.0075),.PIECEWISE_BEZIER_KNOTS.);
#4521 = CARTESIAN_POINT('',(55.025,-5.00000000001E-03));
#4522 = CARTESIAN_POINT('',(55.025,93.005));
#4523 = ( GEOMETRIC_REPRESENTATION_CONTEXT(2) 
PARAMETRIC_REPRESENTATION_CONTEXT() REPRESENTATION_CONTEXT('2D SPACE',''
  ) );
#4524 = PCURVE('',#1664,#4525);
#4525 = DEFINITIONAL_REPRESENTATION('',(#4526),#4530);
#4526 = LINE('',#4527,#4528);
#4527 = CARTESIAN_POINT('',(-5.E-02,-2.500000000005E-03));
#4528 = VECTOR('',#4529,1.);
#4529 = DIRECTION('',(0.,-1.));
#4530 = ( GEOMETRIC_REPRESENTATION_CONTEXT(2) 
PARAMETRIC_REPRESENTATION_CONTEXT() REPRESENTATION_CONTEXT('2D SPACE',''
  ) );
#4531 = ORIENTED_EDGE('',*,*,#4462,.T.);
#4532 = ORIENTED_EDGE('',*,*,#1375,.F.);
#4533 = ORIENTED_EDGE('',*,*,#4354,.F.);
#4534 = ADVANCED_FACE('',(#4535),#1590,.T.);
#4535 = FACE_BOUND('',#4536,.T.);
#4536 = EDGE_LOOP('',(#4537,#4538,#4557,#4558));
#4537 = ORIENTED_EDGE('',*,*,#1769,.F.);
#4538 = ORIENTED_EDGE('',*,*,#4539,.T.);
#4539 = EDGE_CURVE('',#1770,#1573,#4540,.T.);
#4540 = SURFACE_CURVE('',#4541,(#4545,#4551),.PCURVE_S1.);
#4541 = LINE('',#4542,#4543);
#4542 = CARTESIAN_POINT('',(62.7,34.275,-1.55));
#4543 = VECTOR('',#4544,1.);
#4544 = DIRECTION('',(0.,-1.,0.));
#4545 = PCURVE('',#1590,#4546);
#4546 = DEFINITIONAL_REPRESENTATION('',(#4547),#4550);
#4547 = B_SPLINE_CURVE_WITH_KNOTS('',1,(#4548,#4549),.UNSPECIFIED.,.F.,
  .F.,(2,2),(-36.275,-28.275),.PIECEWISE_BEZIER_KNOTS.);
#4548 = CARTESIAN_POINT('',(4.,8.));
#4549 = CARTESIAN_POINT('',(4.,0.));
#4550 = ( GEOMETRIC_REPRESENTATION_CONTEXT(2) 
PARAMETRIC_REPRESENTATION_CONTEXT() REPRESENTATION_CONTEXT('2D SPACE',''
  ) );
#4551 = PCURVE('',#1617,#4552);
#4552 = DEFINITIONAL_REPRESENTATION('',(#4553),#4556);
#4553 = B_SPLINE_CURVE_WITH_KNOTS('',1,(#4554,#4555),.UNSPECIFIED.,.F.,
  .F.,(2,2),(-36.275,-28.275),.PIECEWISE_BEZIER_KNOTS.);
#4554 = CARTESIAN_POINT('',(5.15,-64.55));
#4555 = CARTESIAN_POINT('',(5.15,-56.55));
#4556 = ( GEOMETRIC_REPRESENTATION_CONTEXT(2) 
PARAMETRIC_REPRESENTATION_CONTEXT() REPRESENTATION_CONTEXT('2D SPACE',''
  ) );
#4557 = ORIENTED_EDGE('',*,*,#1572,.T.);
#4558 = ORIENTED_EDGE('',*,*,#1721,.T.);
#4559 = ADVANCED_FACE('',(#4560),#1664,.F.);
#4560 = FACE_BOUND('',#4561,.F.);
#4561 = EDGE_LOOP('',(#4562,#4563,#4564,#4565));
#4562 = ORIENTED_EDGE('',*,*,#4385,.F.);
#4563 = ORIENTED_EDGE('',*,*,#4439,.T.);
#4564 = ORIENTED_EDGE('',*,*,#4512,.T.);
#4565 = ORIENTED_EDGE('',*,*,#1649,.T.);
#4566 = ADVANCED_FACE('',(#4567,#4638),#1617,.F.);
#4567 = FACE_BOUND('',#4568,.F.);
#4568 = EDGE_LOOP('',(#4569,#4570,#4593,#4615,#4634,#4635,#4636,#4637));
#4569 = ORIENTED_EDGE('',*,*,#4303,.F.);
#4570 = ORIENTED_EDGE('',*,*,#4571,.T.);
#4571 = EDGE_CURVE('',#4304,#4572,#4574,.T.);
#4572 = VERTEX_POINT('',#4573);
#4573 = CARTESIAN_POINT('',(62.7,99.,-6.7));
#4574 = SURFACE_CURVE('',#4575,(#4579,#4586),.PCURVE_S1.);
#4575 = LINE('',#4576,#4577);
#4576 = CARTESIAN_POINT('',(62.7,6.,-6.7));
#4577 = VECTOR('',#4578,1.);
#4578 = DIRECTION('',(0.,1.,0.));
#4579 = PCURVE('',#1617,#4580);
#4580 = DEFINITIONAL_REPRESENTATION('',(#4581),#4585);
#4581 = LINE('',#4582,#4583);
#4582 = CARTESIAN_POINT('',(0.,0.));
#4583 = VECTOR('',#4584,1.);
#4584 = DIRECTION('',(0.,-1.));
#4585 = ( GEOMETRIC_REPRESENTATION_CONTEXT(2) 
PARAMETRIC_REPRESENTATION_CONTEXT() REPRESENTATION_CONTEXT('2D SPACE',''
  ) );
#4586 = PCURVE('',#4185,#4587);
#4587 = DEFINITIONAL_REPRESENTATION('',(#4588),#4592);
#4588 = LINE('',#4589,#4590);
#4589 = CARTESIAN_POINT('',(56.2,-8.881784197001E-16));
#4590 = VECTOR('',#4591,1.);
#4591 = DIRECTION('',(0.,1.));
#4592 = ( GEOMETRIC_REPRESENTATION_CONTEXT(2) 
PARAMETRIC_REPRESENTATION_CONTEXT() REPRESENTATION_CONTEXT('2D SPACE',''
  ) );
#4593 = ORIENTED_EDGE('',*,*,#4594,.T.);
#4594 = EDGE_CURVE('',#4572,#4595,#4597,.T.);
#4595 = VERTEX_POINT('',#4596);
#4596 = CARTESIAN_POINT('',(62.7,99.,0.2));
#4597 = SURFACE_CURVE('',#4598,(#4602,#4609),.PCURVE_S1.);
#4598 = LINE('',#4599,#4600);
#4599 = CARTESIAN_POINT('',(62.7,99.,-6.7));
#4600 = VECTOR('',#4601,1.);
#4601 = DIRECTION('',(0.,0.,1.));
#4602 = PCURVE('',#1617,#4603);
#4603 = DEFINITIONAL_REPRESENTATION('',(#4604),#4608);
#4604 = LINE('',#4605,#4606);
#4605 = CARTESIAN_POINT('',(0.,-93.));
#4606 = VECTOR('',#4607,1.);
#4607 = DIRECTION('',(1.,0.));
#4608 = ( GEOMETRIC_REPRESENTATION_CONTEXT(2) 
PARAMETRIC_REPRESENTATION_CONTEXT() REPRESENTATION_CONTEXT('2D SPACE',''
  ) );
#4609 = PCURVE('',#2028,#4610);
#4610 = DEFINITIONAL_REPRESENTATION('',(#4611),#4614);
#4611 = B_SPLINE_CURVE_WITH_KNOTS('',1,(#4612,#4613),.UNSPECIFIED.,.F.,
  .F.,(2,2),(0.,7.6),.PIECEWISE_BEZIER_KNOTS.);
#4612 = CARTESIAN_POINT('',(0.,0.));
#4613 = CARTESIAN_POINT('',(0.,-7.6));
#4614 = ( GEOMETRIC_REPRESENTATION_CONTEXT(2) 
PARAMETRIC_REPRESENTATION_CONTEXT() REPRESENTATION_CONTEXT('2D SPACE',''
  ) );
#4615 = ORIENTED_EDGE('',*,*,#4616,.T.);
#4616 = EDGE_CURVE('',#4595,#1793,#4617,.T.);
#4617 = SURFACE_CURVE('',#4618,(#4622,#4628),.PCURVE_S1.);
#4618 = LINE('',#4619,#4620);
#4619 = CARTESIAN_POINT('',(62.7,6.,0.2));
#4620 = VECTOR('',#4621,1.);
#4621 = DIRECTION('',(0.,-1.,0.));
#4622 = PCURVE('',#1617,#4623);
#4623 = DEFINITIONAL_REPRESENTATION('',(#4624),#4627);
#4624 = B_SPLINE_CURVE_WITH_KNOTS('',1,(#4625,#4626),.UNSPECIFIED.,.F.,
  .F.,(2,2),(-93.,0.),.PIECEWISE_BEZIER_KNOTS.);
#4625 = CARTESIAN_POINT('',(6.9,-93.));
#4626 = CARTESIAN_POINT('',(6.9,0.));
#4627 = ( GEOMETRIC_REPRESENTATION_CONTEXT(2) 
PARAMETRIC_REPRESENTATION_CONTEXT() REPRESENTATION_CONTEXT('2D SPACE',''
  ) );
#4628 = PCURVE('',#1828,#4629);
#4629 = DEFINITIONAL_REPRESENTATION('',(#4630),#4633);
#4630 = B_SPLINE_CURVE_WITH_KNOTS('',1,(#4631,#4632),.UNSPECIFIED.,.F.,
  .F.,(2,2),(-93.,0.),.PIECEWISE_BEZIER_KNOTS.);
#4631 = CARTESIAN_POINT('',(56.2,93.));
#4632 = CARTESIAN_POINT('',(56.2,0.));
#4633 = ( GEOMETRIC_REPRESENTATION_CONTEXT(2) 
PARAMETRIC_REPRESENTATION_CONTEXT() REPRESENTATION_CONTEXT('2D SPACE',''
  ) );
#4634 = ORIENTED_EDGE('',*,*,#1792,.F.);
#4635 = ORIENTED_EDGE('',*,*,#4539,.T.);
#4636 = ORIENTED_EDGE('',*,*,#1602,.T.);
#4637 = ORIENTED_EDGE('',*,*,#4492,.T.);
#4638 = FACE_BOUND('',#4639,.F.);
#4639 = EDGE_LOOP('',(#4640,#4668,#4694,#4720));
#4640 = ORIENTED_EDGE('',*,*,#4641,.F.);
#4641 = EDGE_CURVE('',#4642,#4644,#4646,.T.);
#4642 = VERTEX_POINT('',#4643);
#4643 = CARTESIAN_POINT('',(62.7,28.374456264654,-8.E-02));
#4644 = VERTEX_POINT('',#4645);
#4645 = CARTESIAN_POINT('',(62.7,11.625543735346,-8.E-02));
#4646 = SURFACE_CURVE('',#4647,(#4651,#4657),.PCURVE_S1.);
#4647 = LINE('',#4648,#4649);
#4648 = CARTESIAN_POINT('',(62.7,8.75,-8.E-02));
#4649 = VECTOR('',#4650,1.);
#4650 = DIRECTION('',(0.,-1.,0.));
#4651 = PCURVE('',#1617,#4652);
#4652 = DEFINITIONAL_REPRESENTATION('',(#4653),#4656);
#4653 = B_SPLINE_CURVE_WITH_KNOTS('',1,(#4654,#4655),.UNSPECIFIED.,.F.,
  .F.,(2,2),(-19.75,-2.75),.PIECEWISE_BEZIER_KNOTS.);
#4654 = CARTESIAN_POINT('',(6.62,-22.5));
#4655 = CARTESIAN_POINT('',(6.62,-5.5));
#4656 = ( GEOMETRIC_REPRESENTATION_CONTEXT(2) 
PARAMETRIC_REPRESENTATION_CONTEXT() REPRESENTATION_CONTEXT('2D SPACE',''
  ) );
#4657 = PCURVE('',#4658,#4663);
#4658 = PLANE('',#4659);
#4659 = AXIS2_PLACEMENT_3D('',#4660,#4661,#4662);
#4660 = CARTESIAN_POINT('',(57.3,11.5,-8.E-02));
#4661 = DIRECTION('',(0.,0.,1.));
#4662 = DIRECTION('',(1.,0.,0.));
#4663 = DEFINITIONAL_REPRESENTATION('',(#4664),#4667);
#4664 = B_SPLINE_CURVE_WITH_KNOTS('',1,(#4665,#4666),.UNSPECIFIED.,.F.,
  .F.,(2,2),(-19.75,-2.75),.PIECEWISE_BEZIER_KNOTS.);
#4665 = CARTESIAN_POINT('',(5.4,17.));
#4666 = CARTESIAN_POINT('',(5.4,-3.552713678801E-15));
#4667 = ( GEOMETRIC_REPRESENTATION_CONTEXT(2) 
PARAMETRIC_REPRESENTATION_CONTEXT() REPRESENTATION_CONTEXT('2D SPACE',''
  ) );
#4668 = ORIENTED_EDGE('',*,*,#4669,.T.);
#4669 = EDGE_CURVE('',#4642,#4670,#4672,.T.);
#4670 = VERTEX_POINT('',#4671);
#4671 = CARTESIAN_POINT('',(62.7,28.374456264654,-1.));
#4672 = SURFACE_CURVE('',#4673,(#4677,#4683),.PCURVE_S1.);
#4673 = LINE('',#4674,#4675);
#4674 = CARTESIAN_POINT('',(62.7,28.374456264654,-1.));
#4675 = VECTOR('',#4676,1.);
#4676 = DIRECTION('',(-0.,-0.,-1.));
#4677 = PCURVE('',#1617,#4678);
#4678 = DEFINITIONAL_REPRESENTATION('',(#4679),#4682);
#4679 = B_SPLINE_CURVE_WITH_KNOTS('',1,(#4680,#4681),.UNSPECIFIED.,.F.,
  .F.,(2,2),(-0.9200006,5.999999999062E-07),.PIECEWISE_BEZIER_KNOTS.);
#4680 = CARTESIAN_POINT('',(6.6200006,-22.37445626465));
#4681 = CARTESIAN_POINT('',(5.6999994,-22.37445626465));
#4682 = ( GEOMETRIC_REPRESENTATION_CONTEXT(2) 
PARAMETRIC_REPRESENTATION_CONTEXT() REPRESENTATION_CONTEXT('2D SPACE',''
  ) );
#4683 = PCURVE('',#4684,#4689);
#4684 = CYLINDRICAL_SURFACE('',#4685,0.7);
#4685 = AXIS2_PLACEMENT_3D('',#4686,#4687,#4688);
#4686 = CARTESIAN_POINT('',(62.3,27.8,-1.));
#4687 = DIRECTION('',(-0.,-0.,-1.));
#4688 = DIRECTION('',(1.,0.,0.));
#4689 = DEFINITIONAL_REPRESENTATION('',(#4690),#4693);
#4690 = B_SPLINE_CURVE_WITH_KNOTS('',1,(#4691,#4692),.UNSPECIFIED.,.F.,
  .F.,(2,2),(-0.9200006,5.999999999062E-07),.PIECEWISE_BEZIER_KNOTS.);
#4691 = CARTESIAN_POINT('',(-0.962550747885,-0.9200006));
#4692 = CARTESIAN_POINT('',(-0.962550747885,5.999999999062E-07));
#4693 = ( GEOMETRIC_REPRESENTATION_CONTEXT(2) 
PARAMETRIC_REPRESENTATION_CONTEXT() REPRESENTATION_CONTEXT('2D SPACE',''
  ) );
#4694 = ORIENTED_EDGE('',*,*,#4695,.T.);
#4695 = EDGE_CURVE('',#4670,#4696,#4698,.T.);
#4696 = VERTEX_POINT('',#4697);
#4697 = CARTESIAN_POINT('',(62.7,11.625543735346,-1.));
#4698 = SURFACE_CURVE('',#4699,(#4703,#4709),.PCURVE_S1.);
#4699 = LINE('',#4700,#4701);
#4700 = CARTESIAN_POINT('',(62.7,9.1,-1.));
#4701 = VECTOR('',#4702,1.);
#4702 = DIRECTION('',(0.,-1.,0.));
#4703 = PCURVE('',#1617,#4704);
#4704 = DEFINITIONAL_REPRESENTATION('',(#4705),#4708);
#4705 = B_SPLINE_CURVE_WITH_KNOTS('',1,(#4706,#4707),.UNSPECIFIED.,.F.,
  .F.,(2,2),(-19.4,-2.4),.PIECEWISE_BEZIER_KNOTS.);
#4706 = CARTESIAN_POINT('',(5.7,-22.5));
#4707 = CARTESIAN_POINT('',(5.7,-5.5));
#4708 = ( GEOMETRIC_REPRESENTATION_CONTEXT(2) 
PARAMETRIC_REPRESENTATION_CONTEXT() REPRESENTATION_CONTEXT('2D SPACE',''
  ) );
#4709 = PCURVE('',#4710,#4715);
#4710 = PLANE('',#4711);
#4711 = AXIS2_PLACEMENT_3D('',#4712,#4713,#4714);
#4712 = CARTESIAN_POINT('',(57.3,12.2,-1.));
#4713 = DIRECTION('',(0.,0.,1.));
#4714 = DIRECTION('',(1.,0.,-0.));
#4715 = DEFINITIONAL_REPRESENTATION('',(#4716),#4719);
#4716 = B_SPLINE_CURVE_WITH_KNOTS('',1,(#4717,#4718),.UNSPECIFIED.,.F.,
  .F.,(2,2),(-19.4,-2.4),.PIECEWISE_BEZIER_KNOTS.);
#4717 = CARTESIAN_POINT('',(5.4,16.3));
#4718 = CARTESIAN_POINT('',(5.4,-0.7));
#4719 = ( GEOMETRIC_REPRESENTATION_CONTEXT(2) 
PARAMETRIC_REPRESENTATION_CONTEXT() REPRESENTATION_CONTEXT('2D SPACE',''
  ) );
#4720 = ORIENTED_EDGE('',*,*,#4721,.F.);
#4721 = EDGE_CURVE('',#4644,#4696,#4722,.T.);
#4722 = SURFACE_CURVE('',#4723,(#4727,#4733),.PCURVE_S1.);
#4723 = LINE('',#4724,#4725);
#4724 = CARTESIAN_POINT('',(62.7,11.625543735346,-1.));
#4725 = VECTOR('',#4726,1.);
#4726 = DIRECTION('',(-0.,-0.,-1.));
#4727 = PCURVE('',#1617,#4728);
#4728 = DEFINITIONAL_REPRESENTATION('',(#4729),#4732);
#4729 = B_SPLINE_CURVE_WITH_KNOTS('',1,(#4730,#4731),.UNSPECIFIED.,.F.,
  .F.,(2,2),(-0.9200006,5.999999999062E-07),.PIECEWISE_BEZIER_KNOTS.);
#4730 = CARTESIAN_POINT('',(6.6200006,-5.625543735346));
#4731 = CARTESIAN_POINT('',(5.6999994,-5.625543735346));
#4732 = ( GEOMETRIC_REPRESENTATION_CONTEXT(2) 
PARAMETRIC_REPRESENTATION_CONTEXT() REPRESENTATION_CONTEXT('2D SPACE',''
  ) );
#4733 = PCURVE('',#4734,#4739);
#4734 = CYLINDRICAL_SURFACE('',#4735,0.7);
#4735 = AXIS2_PLACEMENT_3D('',#4736,#4737,#4738);
#4736 = CARTESIAN_POINT('',(62.3,12.2,-1.));
#4737 = DIRECTION('',(-0.,-0.,-1.));
#4738 = DIRECTION('',(1.,0.,0.));
#4739 = DEFINITIONAL_REPRESENTATION('',(#4740),#4743);
#4740 = B_SPLINE_CURVE_WITH_KNOTS('',1,(#4741,#4742),.UNSPECIFIED.,.F.,
  .F.,(2,2),(-0.9200006,5.999999999062E-07),.PIECEWISE_BEZIER_KNOTS.);
#4741 = CARTESIAN_POINT('',(-5.320634559295,-0.9200006));
#4742 = CARTESIAN_POINT('',(-5.320634559295,5.999999999062E-07));
#4743 = ( GEOMETRIC_REPRESENTATION_CONTEXT(2) 
PARAMETRIC_REPRESENTATION_CONTEXT() REPRESENTATION_CONTEXT('2D SPACE',''
  ) );
#4744 = ADVANCED_FACE('',(#4745),#1880,.T.);
#4745 = FACE_BOUND('',#4746,.T.);
#4746 = EDGE_LOOP('',(#4747,#4748,#4749,#4750,#4778,#4798));
#4747 = ORIENTED_EDGE('',*,*,#1939,.T.);
#4748 = ORIENTED_EDGE('',*,*,#1986,.T.);
#4749 = ORIENTED_EDGE('',*,*,#2090,.F.);
#4750 = ORIENTED_EDGE('',*,*,#4751,.T.);
#4751 = EDGE_CURVE('',#2091,#4752,#4754,.T.);
#4752 = VERTEX_POINT('',#4753);
#4753 = CARTESIAN_POINT('',(61.525,99.005,1.5));
#4754 = SURFACE_CURVE('',#4755,(#4760,#4771),.PCURVE_S1.);
#4755 = CIRCLE('',#4756,8.02);
#4756 = AXIS2_PLACEMENT_3D('',#4757,#4758,#4759);
#4757 = CARTESIAN_POINT('',(53.505,99.005,1.5));
#4758 = DIRECTION('',(0.,0.,-1.));
#4759 = DIRECTION('',(1.,0.,0.));
#4760 = PCURVE('',#1880,#4761);
#4761 = DEFINITIONAL_REPRESENTATION('',(#4762),#4770);
#4762 = ( BOUNDED_CURVE() B_SPLINE_CURVE(2,(#4763,#4764,#4765,#4766,
#4767,#4768,#4769),.UNSPECIFIED.,.T.,.F.) B_SPLINE_CURVE_WITH_KNOTS((1,2
    ,2,2,2,1),(-2.094395102393,0.,2.094395102393,4.188790204786,
6.28318530718,8.377580409573),.UNSPECIFIED.) CURVE() 
GEOMETRIC_REPRESENTATION_ITEM() RATIONAL_B_SPLINE_CURVE((1.,0.5,1.,0.5,
1.,0.5,1.)) REPRESENTATION_ITEM('') );
#4763 = CARTESIAN_POINT('',(55.03,102.03));
#4764 = CARTESIAN_POINT('',(55.03,88.138952523298));
#4765 = CARTESIAN_POINT('',(43.,95.084476261649));
#4766 = CARTESIAN_POINT('',(30.97,102.03));
#4767 = CARTESIAN_POINT('',(43.,108.97552373835));
#4768 = CARTESIAN_POINT('',(55.03,115.9210474767));
#4769 = CARTESIAN_POINT('',(55.03,102.03));
#4770 = ( GEOMETRIC_REPRESENTATION_CONTEXT(2) 
PARAMETRIC_REPRESENTATION_CONTEXT() REPRESENTATION_CONTEXT('2D SPACE',''
  ) );
#4771 = PCURVE('',#2126,#4772);
#4772 = DEFINITIONAL_REPRESENTATION('',(#4773),#4777);
#4773 = LINE('',#4774,#4775);
#4774 = CARTESIAN_POINT('',(-6.28318530718,-1.25));
#4775 = VECTOR('',#4776,1.);
#4776 = DIRECTION('',(1.,-0.));
#4777 = ( GEOMETRIC_REPRESENTATION_CONTEXT(2) 
PARAMETRIC_REPRESENTATION_CONTEXT() REPRESENTATION_CONTEXT('2D SPACE',''
  ) );
#4778 = ORIENTED_EDGE('',*,*,#4779,.F.);
#4779 = EDGE_CURVE('',#1840,#4752,#4780,.T.);
#4780 = SURFACE_CURVE('',#4781,(#4785,#4791),.PCURVE_S1.);
#4781 = LINE('',#4782,#4783);
#4782 = CARTESIAN_POINT('',(61.525,1.485,1.5));
#4783 = VECTOR('',#4784,1.);
#4784 = DIRECTION('',(0.,1.,0.));
#4785 = PCURVE('',#1880,#4786);
#4786 = DEFINITIONAL_REPRESENTATION('',(#4787),#4790);
#4787 = B_SPLINE_CURVE_WITH_KNOTS('',1,(#4788,#4789),.UNSPECIFIED.,.F.,
  .F.,(2,2),(4.51,97.52),.PIECEWISE_BEZIER_KNOTS.);
#4788 = CARTESIAN_POINT('',(55.03,9.02));
#4789 = CARTESIAN_POINT('',(55.03,102.03));
#4790 = ( GEOMETRIC_REPRESENTATION_CONTEXT(2) 
PARAMETRIC_REPRESENTATION_CONTEXT() REPRESENTATION_CONTEXT('2D SPACE',''
  ) );
#4791 = PCURVE('',#1854,#4792);
#4792 = DEFINITIONAL_REPRESENTATION('',(#4793),#4797);
#4793 = LINE('',#4794,#4795);
#4794 = CARTESIAN_POINT('',(1.25,4.51));
#4795 = VECTOR('',#4796,1.);
#4796 = DIRECTION('',(0.,-1.));
#4797 = ( GEOMETRIC_REPRESENTATION_CONTEXT(2) 
PARAMETRIC_REPRESENTATION_CONTEXT() REPRESENTATION_CONTEXT('2D SPACE',''
  ) );
#4798 = ORIENTED_EDGE('',*,*,#1865,.F.);
#4799 = ADVANCED_FACE('',(#4800),#1854,.F.);
#4800 = FACE_BOUND('',#4801,.F.);
#4801 = EDGE_LOOP('',(#4802,#4803,#4804,#4826));
#4802 = ORIENTED_EDGE('',*,*,#4779,.F.);
#4803 = ORIENTED_EDGE('',*,*,#1839,.F.);
#4804 = ORIENTED_EDGE('',*,*,#4805,.T.);
#4805 = EDGE_CURVE('',#1814,#4806,#4808,.T.);
#4806 = VERTEX_POINT('',#4807);
#4807 = CARTESIAN_POINT('',(61.525,99.005,0.2));
#4808 = SURFACE_CURVE('',#4809,(#4813,#4820),.PCURVE_S1.);
#4809 = LINE('',#4810,#4811);
#4810 = CARTESIAN_POINT('',(61.525,5.9975,0.2));
#4811 = VECTOR('',#4812,1.);
#4812 = DIRECTION('',(0.,1.,0.));
#4813 = PCURVE('',#1854,#4814);
#4814 = DEFINITIONAL_REPRESENTATION('',(#4815),#4819);
#4815 = LINE('',#4816,#4817);
#4816 = CARTESIAN_POINT('',(-5.E-02,-2.500000000005E-03));
#4817 = VECTOR('',#4818,1.);
#4818 = DIRECTION('',(0.,-1.));
#4819 = ( GEOMETRIC_REPRESENTATION_CONTEXT(2) 
PARAMETRIC_REPRESENTATION_CONTEXT() REPRESENTATION_CONTEXT('2D SPACE',''
  ) );
#4820 = PCURVE('',#1828,#4821);
#4821 = DEFINITIONAL_REPRESENTATION('',(#4822),#4825);
#4822 = B_SPLINE_CURVE_WITH_KNOTS('',1,(#4823,#4824),.UNSPECIFIED.,.F.,
  .F.,(2,2),(-2.500000000005E-03,93.0075),.PIECEWISE_BEZIER_KNOTS.);
#4823 = CARTESIAN_POINT('',(55.025,-5.00000000001E-03));
#4824 = CARTESIAN_POINT('',(55.025,93.005));
#4825 = ( GEOMETRIC_REPRESENTATION_CONTEXT(2) 
PARAMETRIC_REPRESENTATION_CONTEXT() REPRESENTATION_CONTEXT('2D SPACE',''
  ) );
#4826 = ORIENTED_EDGE('',*,*,#4827,.F.);
#4827 = EDGE_CURVE('',#4752,#4806,#4828,.T.);
#4828 = SURFACE_CURVE('',#4829,(#4833,#4840),.PCURVE_S1.);
#4829 = LINE('',#4830,#4831);
#4830 = CARTESIAN_POINT('',(61.525,99.005,1.5));
#4831 = VECTOR('',#4832,1.);
#4832 = DIRECTION('',(0.,0.,-1.));
#4833 = PCURVE('',#1854,#4834);
#4834 = DEFINITIONAL_REPRESENTATION('',(#4835),#4839);
#4835 = LINE('',#4836,#4837);
#4836 = CARTESIAN_POINT('',(1.25,-93.01));
#4837 = VECTOR('',#4838,1.);
#4838 = DIRECTION('',(-1.,0.));
#4839 = ( GEOMETRIC_REPRESENTATION_CONTEXT(2) 
PARAMETRIC_REPRESENTATION_CONTEXT() REPRESENTATION_CONTEXT('2D SPACE',''
  ) );
#4840 = PCURVE('',#2126,#4841);
#4841 = DEFINITIONAL_REPRESENTATION('',(#4842),#4846);
#4842 = LINE('',#4843,#4844);
#4843 = CARTESIAN_POINT('',(-0.,-1.25));
#4844 = VECTOR('',#4845,1.);
#4845 = DIRECTION('',(0.,1.));
#4846 = ( GEOMETRIC_REPRESENTATION_CONTEXT(2) 
PARAMETRIC_REPRESENTATION_CONTEXT() REPRESENTATION_CONTEXT('2D SPACE',''
  ) );
#4847 = ADVANCED_FACE('',(#4848),#1828,.F.);
#4848 = FACE_BOUND('',#4849,.F.);
#4849 = EDGE_LOOP('',(#4850,#4876,#4877,#4903,#4904,#4905));
#4850 = ORIENTED_EDGE('',*,*,#4851,.F.);
#4851 = EDGE_CURVE('',#2012,#4595,#4852,.T.);
#4852 = SURFACE_CURVE('',#4853,(#4858,#4869),.PCURVE_S1.);
#4853 = CIRCLE('',#4854,9.2);
#4854 = AXIS2_PLACEMENT_3D('',#4855,#4856,#4857);
#4855 = CARTESIAN_POINT('',(53.5,99.,0.2));
#4856 = DIRECTION('',(0.,0.,-1.));
#4857 = DIRECTION('',(1.,0.,0.));
#4858 = PCURVE('',#1828,#4859);
#4859 = DEFINITIONAL_REPRESENTATION('',(#4860),#4868);
#4860 = ( BOUNDED_CURVE() B_SPLINE_CURVE(2,(#4861,#4862,#4863,#4864,
#4865,#4866,#4867),.UNSPECIFIED.,.T.,.F.) B_SPLINE_CURVE_WITH_KNOTS((1,2
    ,2,2,2,1),(-2.094395102393,0.,2.094395102393,4.188790204786,
6.28318530718,8.377580409573),.UNSPECIFIED.) CURVE() 
GEOMETRIC_REPRESENTATION_ITEM() RATIONAL_B_SPLINE_CURVE((1.,0.5,1.,0.5,
1.,0.5,1.)) REPRESENTATION_ITEM('') );
#4861 = CARTESIAN_POINT('',(56.2,93.));
#4862 = CARTESIAN_POINT('',(56.2,77.065132570366));
#4863 = CARTESIAN_POINT('',(42.4,85.032566285183));
#4864 = CARTESIAN_POINT('',(28.6,93.));
#4865 = CARTESIAN_POINT('',(42.4,100.96743371481));
#4866 = CARTESIAN_POINT('',(56.2,108.93486742963));
#4867 = CARTESIAN_POINT('',(56.2,93.));
#4868 = ( GEOMETRIC_REPRESENTATION_CONTEXT(2) 
PARAMETRIC_REPRESENTATION_CONTEXT() REPRESENTATION_CONTEXT('2D SPACE',''
  ) );
#4869 = PCURVE('',#2028,#4870);
#4870 = DEFINITIONAL_REPRESENTATION('',(#4871),#4875);
#4871 = LINE('',#4872,#4873);
#4872 = CARTESIAN_POINT('',(-6.28318530718,-6.9));
#4873 = VECTOR('',#4874,1.);
#4874 = DIRECTION('',(1.,-0.));
#4875 = ( GEOMETRIC_REPRESENTATION_CONTEXT(2) 
PARAMETRIC_REPRESENTATION_CONTEXT() REPRESENTATION_CONTEXT('2D SPACE',''
  ) );
#4876 = ORIENTED_EDGE('',*,*,#2137,.F.);
#4877 = ORIENTED_EDGE('',*,*,#4878,.T.);
#4878 = EDGE_CURVE('',#2112,#4806,#4879,.T.);
#4879 = SURFACE_CURVE('',#4880,(#4885,#4896),.PCURVE_S1.);
#4880 = CIRCLE('',#4881,8.02);
#4881 = AXIS2_PLACEMENT_3D('',#4882,#4883,#4884);
#4882 = CARTESIAN_POINT('',(53.505,99.005,0.2));
#4883 = DIRECTION('',(0.,0.,-1.));
#4884 = DIRECTION('',(1.,0.,0.));
#4885 = PCURVE('',#1828,#4886);
#4886 = DEFINITIONAL_REPRESENTATION('',(#4887),#4895);
#4887 = ( BOUNDED_CURVE() B_SPLINE_CURVE(2,(#4888,#4889,#4890,#4891,
#4892,#4893,#4894),.UNSPECIFIED.,.T.,.F.) B_SPLINE_CURVE_WITH_KNOTS((1,2
    ,2,2,2,1),(-2.094395102393,0.,2.094395102393,4.188790204786,
6.28318530718,8.377580409573),.UNSPECIFIED.) CURVE() 
GEOMETRIC_REPRESENTATION_ITEM() RATIONAL_B_SPLINE_CURVE((1.,0.5,1.,0.5,
1.,0.5,1.)) REPRESENTATION_ITEM('') );
#4888 = CARTESIAN_POINT('',(55.025,93.005));
#4889 = CARTESIAN_POINT('',(55.025,79.113952523298));
#4890 = CARTESIAN_POINT('',(42.995,86.059476261649));
#4891 = CARTESIAN_POINT('',(30.965,93.005));
#4892 = CARTESIAN_POINT('',(42.995,99.950523738351));
#4893 = CARTESIAN_POINT('',(55.025,106.8960474767));
#4894 = CARTESIAN_POINT('',(55.025,93.005));
#4895 = ( GEOMETRIC_REPRESENTATION_CONTEXT(2) 
PARAMETRIC_REPRESENTATION_CONTEXT() REPRESENTATION_CONTEXT('2D SPACE',''
  ) );
#4896 = PCURVE('',#2126,#4897);
#4897 = DEFINITIONAL_REPRESENTATION('',(#4898),#4902);
#4898 = LINE('',#4899,#4900);
#4899 = CARTESIAN_POINT('',(-6.28318530718,5.E-02));
#4900 = VECTOR('',#4901,1.);
#4901 = DIRECTION('',(1.,-0.));
#4902 = ( GEOMETRIC_REPRESENTATION_CONTEXT(2) 
PARAMETRIC_REPRESENTATION_CONTEXT() REPRESENTATION_CONTEXT('2D SPACE',''
  ) );
#4903 = ORIENTED_EDGE('',*,*,#4805,.F.);
#4904 = ORIENTED_EDGE('',*,*,#1813,.F.);
#4905 = ORIENTED_EDGE('',*,*,#4616,.F.);
#4906 = ADVANCED_FACE('',(#4907),#2028,.F.);
#4907 = FACE_BOUND('',#4908,.T.);
#4908 = EDGE_LOOP('',(#4909,#4933,#4934,#4935,#4936,#4962,#4963,#4991));
#4909 = ORIENTED_EDGE('',*,*,#4910,.F.);
#4910 = EDGE_CURVE('',#4572,#4911,#4913,.T.);
#4911 = VERTEX_POINT('',#4912);
#4912 = CARTESIAN_POINT('',(53.5,108.2,-6.7));
#4913 = SURFACE_CURVE('',#4914,(#4919,#4926),.PCURVE_S1.);
#4914 = CIRCLE('',#4915,9.2);
#4915 = AXIS2_PLACEMENT_3D('',#4916,#4917,#4918);
#4916 = CARTESIAN_POINT('',(53.5,99.,-6.7));
#4917 = DIRECTION('',(0.,0.,1.));
#4918 = DIRECTION('',(1.,0.,0.));
#4919 = PCURVE('',#2028,#4920);
#4920 = DEFINITIONAL_REPRESENTATION('',(#4921),#4925);
#4921 = LINE('',#4922,#4923);
#4922 = CARTESIAN_POINT('',(-0.,0.));
#4923 = VECTOR('',#4924,1.);
#4924 = DIRECTION('',(-1.,0.));
#4925 = ( GEOMETRIC_REPRESENTATION_CONTEXT(2) 
PARAMETRIC_REPRESENTATION_CONTEXT() REPRESENTATION_CONTEXT('2D SPACE',''
  ) );
#4926 = PCURVE('',#4185,#4927);
#4927 = DEFINITIONAL_REPRESENTATION('',(#4928),#4932);
#4928 = CIRCLE('',#4929,9.2);
#4929 = AXIS2_PLACEMENT_2D('',#4930,#4931);
#4930 = CARTESIAN_POINT('',(47.,93.));
#4931 = DIRECTION('',(1.,0.));
#4932 = ( GEOMETRIC_REPRESENTATION_CONTEXT(2) 
PARAMETRIC_REPRESENTATION_CONTEXT() REPRESENTATION_CONTEXT('2D SPACE',''
  ) );
#4933 = ORIENTED_EDGE('',*,*,#4594,.T.);
#4934 = ORIENTED_EDGE('',*,*,#4851,.F.);
#4935 = ORIENTED_EDGE('',*,*,#2011,.T.);
#4936 = ORIENTED_EDGE('',*,*,#4937,.F.);
#4937 = EDGE_CURVE('',#2160,#2014,#4938,.T.);
#4938 = SURFACE_CURVE('',#4939,(#4944,#4951),.PCURVE_S1.);
#4939 = CIRCLE('',#4940,9.2);
#4940 = AXIS2_PLACEMENT_3D('',#4941,#4942,#4943);
#4941 = CARTESIAN_POINT('',(53.5,99.,5.E-02));
#4942 = DIRECTION('',(0.,0.,-1.));
#4943 = DIRECTION('',(1.,0.,0.));
#4944 = PCURVE('',#2028,#4945);
#4945 = DEFINITIONAL_REPRESENTATION('',(#4946),#4950);
#4946 = LINE('',#4947,#4948);
#4947 = CARTESIAN_POINT('',(-6.28318530718,-6.75));
#4948 = VECTOR('',#4949,1.);
#4949 = DIRECTION('',(1.,-0.));
#4950 = ( GEOMETRIC_REPRESENTATION_CONTEXT(2) 
PARAMETRIC_REPRESENTATION_CONTEXT() REPRESENTATION_CONTEXT('2D SPACE',''
  ) );
#4951 = PCURVE('',#2055,#4952);
#4952 = DEFINITIONAL_REPRESENTATION('',(#4953),#4961);
#4953 = ( BOUNDED_CURVE() B_SPLINE_CURVE(2,(#4954,#4955,#4956,#4957,
#4958,#4959,#4960),.UNSPECIFIED.,.T.,.F.) B_SPLINE_CURVE_WITH_KNOTS((1,2
    ,2,2,2,1),(-2.094395102393,0.,2.094395102393,4.188790204786,
6.28318530718,8.377580409573),.UNSPECIFIED.) CURVE() 
GEOMETRIC_REPRESENTATION_ITEM() RATIONAL_B_SPLINE_CURVE((1.,0.5,1.,0.5,
1.,0.5,1.)) REPRESENTATION_ITEM('') );
#4954 = CARTESIAN_POINT('',(63.,99.3));
#4955 = CARTESIAN_POINT('',(63.,83.365132570366));
#4956 = CARTESIAN_POINT('',(49.2,91.332566285183));
#4957 = CARTESIAN_POINT('',(35.4,99.3));
#4958 = CARTESIAN_POINT('',(49.2,107.26743371481));
#4959 = CARTESIAN_POINT('',(63.,115.23486742963));
#4960 = CARTESIAN_POINT('',(63.,99.3));
#4961 = ( GEOMETRIC_REPRESENTATION_CONTEXT(2) 
PARAMETRIC_REPRESENTATION_CONTEXT() REPRESENTATION_CONTEXT('2D SPACE',''
  ) );
#4962 = ORIENTED_EDGE('',*,*,#2182,.F.);
#4963 = ORIENTED_EDGE('',*,*,#4964,.F.);
#4964 = EDGE_CURVE('',#4965,#2183,#4967,.T.);
#4965 = VERTEX_POINT('',#4966);
#4966 = CARTESIAN_POINT('',(53.5,108.2,0.2));
#4967 = SURFACE_CURVE('',#4968,(#4973,#4980),.PCURVE_S1.);
#4968 = CIRCLE('',#4969,9.2);
#4969 = AXIS2_PLACEMENT_3D('',#4970,#4971,#4972);
#4970 = CARTESIAN_POINT('',(53.5,99.,0.2));
#4971 = DIRECTION('',(0.,0.,-1.));
#4972 = DIRECTION('',(1.,0.,0.));
#4973 = PCURVE('',#2028,#4974);
#4974 = DEFINITIONAL_REPRESENTATION('',(#4975),#4979);
#4975 = LINE('',#4976,#4977);
#4976 = CARTESIAN_POINT('',(-6.28318530718,-6.9));
#4977 = VECTOR('',#4978,1.);
#4978 = DIRECTION('',(1.,-0.));
#4979 = ( GEOMETRIC_REPRESENTATION_CONTEXT(2) 
PARAMETRIC_REPRESENTATION_CONTEXT() REPRESENTATION_CONTEXT('2D SPACE',''
  ) );
#4980 = PCURVE('',#2218,#4981);
#4981 = DEFINITIONAL_REPRESENTATION('',(#4982),#4990);
#4982 = ( BOUNDED_CURVE() B_SPLINE_CURVE(2,(#4983,#4984,#4985,#4986,
#4987,#4988,#4989),.UNSPECIFIED.,.T.,.F.) B_SPLINE_CURVE_WITH_KNOTS((1,2
    ,2,2,2,1),(-2.094395102393,0.,2.094395102393,4.188790204786,
6.28318530718,8.377580409573),.UNSPECIFIED.) CURVE() 
GEOMETRIC_REPRESENTATION_ITEM() RATIONAL_B_SPLINE_CURVE((1.,0.5,1.,0.5,
1.,0.5,1.)) REPRESENTATION_ITEM('') );
#4983 = CARTESIAN_POINT('',(56.2,93.));
#4984 = CARTESIAN_POINT('',(56.2,77.065132570366));
#4985 = CARTESIAN_POINT('',(42.4,85.032566285183));
#4986 = CARTESIAN_POINT('',(28.6,93.));
#4987 = CARTESIAN_POINT('',(42.4,100.96743371481));
#4988 = CARTESIAN_POINT('',(56.2,108.93486742963));
#4989 = CARTESIAN_POINT('',(56.2,93.));
#4990 = ( GEOMETRIC_REPRESENTATION_CONTEXT(2) 
PARAMETRIC_REPRESENTATION_CONTEXT() REPRESENTATION_CONTEXT('2D SPACE',''
  ) );
#4991 = ORIENTED_EDGE('',*,*,#4992,.F.);
#4992 = EDGE_CURVE('',#4911,#4965,#4993,.T.);
#4993 = SURFACE_CURVE('',#4994,(#4998,#5005),.PCURVE_S1.);
#4994 = LINE('',#4995,#4996);
#4995 = CARTESIAN_POINT('',(53.5,108.2,-6.7));
#4996 = VECTOR('',#4997,1.);
#4997 = DIRECTION('',(0.,0.,1.));
#4998 = PCURVE('',#2028,#4999);
#4999 = DEFINITIONAL_REPRESENTATION('',(#5000),#5004);
#5000 = LINE('',#5001,#5002);
#5001 = CARTESIAN_POINT('',(-1.570796326795,0.));
#5002 = VECTOR('',#5003,1.);
#5003 = DIRECTION('',(-0.,-1.));
#5004 = ( GEOMETRIC_REPRESENTATION_CONTEXT(2) 
PARAMETRIC_REPRESENTATION_CONTEXT() REPRESENTATION_CONTEXT('2D SPACE',''
  ) );
#5005 = PCURVE('',#2419,#5006);
#5006 = DEFINITIONAL_REPRESENTATION('',(#5007),#5011);
#5007 = LINE('',#5008,#5009);
#5008 = CARTESIAN_POINT('',(0.,47.));
#5009 = VECTOR('',#5010,1.);
#5010 = DIRECTION('',(1.,0.));
#5011 = ( GEOMETRIC_REPRESENTATION_CONTEXT(2) 
PARAMETRIC_REPRESENTATION_CONTEXT() REPRESENTATION_CONTEXT('2D SPACE',''
  ) );
#5012 = ADVANCED_FACE('',(#5013),#2126,.F.);
#5013 = FACE_BOUND('',#5014,.T.);
#5014 = EDGE_LOOP('',(#5015,#5016,#5017,#5018));
#5015 = ORIENTED_EDGE('',*,*,#2111,.T.);
#5016 = ORIENTED_EDGE('',*,*,#4878,.T.);
#5017 = ORIENTED_EDGE('',*,*,#4827,.F.);
#5018 = ORIENTED_EDGE('',*,*,#4751,.F.);
#5019 = ADVANCED_FACE('',(#5020),#2055,.T.);
#5020 = FACE_BOUND('',#5021,.T.);
#5021 = EDGE_LOOP('',(#5022,#5023,#5024));
#5022 = ORIENTED_EDGE('',*,*,#2159,.F.);
#5023 = ORIENTED_EDGE('',*,*,#4937,.T.);
#5024 = ORIENTED_EDGE('',*,*,#2039,.T.);
#5025 = ADVANCED_FACE('',(#5026),#2270,.T.);
#5026 = FACE_BOUND('',#5027,.T.);
#5027 = EDGE_LOOP('',(#5028,#5029,#5030,#5031,#5032,#5054));
#5028 = ORIENTED_EDGE('',*,*,#2255,.F.);
#5029 = ORIENTED_EDGE('',*,*,#2330,.T.);
#5030 = ORIENTED_EDGE('',*,*,#2378,.F.);
#5031 = ORIENTED_EDGE('',*,*,#2479,.F.);
#5032 = ORIENTED_EDGE('',*,*,#5033,.F.);
#5033 = EDGE_CURVE('',#5034,#2480,#5036,.T.);
#5034 = VERTEX_POINT('',#5035);
#5035 = CARTESIAN_POINT('',(53.505,107.025,1.5));
#5036 = SURFACE_CURVE('',#5037,(#5041,#5047),.PCURVE_S1.);
#5037 = LINE('',#5038,#5039);
#5038 = CARTESIAN_POINT('',(6.495,107.025,1.5));
#5039 = VECTOR('',#5040,1.);
#5040 = DIRECTION('',(-1.,0.,0.));
#5041 = PCURVE('',#2270,#5042);
#5042 = DEFINITIONAL_REPRESENTATION('',(#5043),#5046);
#5043 = B_SPLINE_CURVE_WITH_KNOTS('',1,(#5044,#5045),.UNSPECIFIED.,.F.,
  .F.,(2,2),(-47.01,0.),.PIECEWISE_BEZIER_KNOTS.);
#5044 = CARTESIAN_POINT('',(47.01,110.05));
#5045 = CARTESIAN_POINT('',(0.,110.05));
#5046 = ( GEOMETRIC_REPRESENTATION_CONTEXT(2) 
PARAMETRIC_REPRESENTATION_CONTEXT() REPRESENTATION_CONTEXT('2D SPACE',''
  ) );
#5047 = PCURVE('',#2515,#5048);
#5048 = DEFINITIONAL_REPRESENTATION('',(#5049),#5053);
#5049 = LINE('',#5050,#5051);
#5050 = CARTESIAN_POINT('',(1.25,0.));
#5051 = VECTOR('',#5052,1.);
#5052 = DIRECTION('',(0.,-1.));
#5053 = ( GEOMETRIC_REPRESENTATION_CONTEXT(2) 
PARAMETRIC_REPRESENTATION_CONTEXT() REPRESENTATION_CONTEXT('2D SPACE',''
  ) );
#5054 = ORIENTED_EDGE('',*,*,#5055,.T.);
#5055 = EDGE_CURVE('',#5034,#2230,#5056,.T.);
#5056 = SURFACE_CURVE('',#5057,(#5062,#5073),.PCURVE_S1.);
#5057 = CIRCLE('',#5058,8.02);
#5058 = AXIS2_PLACEMENT_3D('',#5059,#5060,#5061);
#5059 = CARTESIAN_POINT('',(53.505,99.005,1.5));
#5060 = DIRECTION('',(0.,0.,-1.));
#5061 = DIRECTION('',(1.,0.,0.));
#5062 = PCURVE('',#2270,#5063);
#5063 = DEFINITIONAL_REPRESENTATION('',(#5064),#5072);
#5064 = ( BOUNDED_CURVE() B_SPLINE_CURVE(2,(#5065,#5066,#5067,#5068,
#5069,#5070,#5071),.UNSPECIFIED.,.T.,.F.) B_SPLINE_CURVE_WITH_KNOTS((1,2
    ,2,2,2,1),(-2.094395102393,0.,2.094395102393,4.188790204786,
6.28318530718,8.377580409573),.UNSPECIFIED.) CURVE() 
GEOMETRIC_REPRESENTATION_ITEM() RATIONAL_B_SPLINE_CURVE((1.,0.5,1.,0.5,
1.,0.5,1.)) REPRESENTATION_ITEM('') );
#5065 = CARTESIAN_POINT('',(55.03,102.03));
#5066 = CARTESIAN_POINT('',(55.03,88.138952523298));
#5067 = CARTESIAN_POINT('',(43.,95.084476261649));
#5068 = CARTESIAN_POINT('',(30.97,102.03));
#5069 = CARTESIAN_POINT('',(43.,108.97552373835));
#5070 = CARTESIAN_POINT('',(55.03,115.9210474767));
#5071 = CARTESIAN_POINT('',(55.03,102.03));
#5072 = ( GEOMETRIC_REPRESENTATION_CONTEXT(2) 
PARAMETRIC_REPRESENTATION_CONTEXT() REPRESENTATION_CONTEXT('2D SPACE',''
  ) );
#5073 = PCURVE('',#2244,#5074);
#5074 = DEFINITIONAL_REPRESENTATION('',(#5075),#5079);
#5075 = LINE('',#5076,#5077);
#5076 = CARTESIAN_POINT('',(-6.28318530718,-1.25));
#5077 = VECTOR('',#5078,1.);
#5078 = DIRECTION('',(1.,-0.));
#5079 = ( GEOMETRIC_REPRESENTATION_CONTEXT(2) 
PARAMETRIC_REPRESENTATION_CONTEXT() REPRESENTATION_CONTEXT('2D SPACE',''
  ) );
#5080 = ADVANCED_FACE('',(#5081),#2244,.F.);
#5081 = FACE_BOUND('',#5082,.T.);
#5082 = EDGE_LOOP('',(#5083,#5106,#5132,#5133));
#5083 = ORIENTED_EDGE('',*,*,#5084,.F.);
#5084 = EDGE_CURVE('',#5085,#5034,#5087,.T.);
#5085 = VERTEX_POINT('',#5086);
#5086 = CARTESIAN_POINT('',(53.505,107.025,0.2));
#5087 = SURFACE_CURVE('',#5088,(#5092,#5099),.PCURVE_S1.);
#5088 = LINE('',#5089,#5090);
#5089 = CARTESIAN_POINT('',(53.505,107.025,0.2));
#5090 = VECTOR('',#5091,1.);
#5091 = DIRECTION('',(0.,0.,1.));
#5092 = PCURVE('',#2244,#5093);
#5093 = DEFINITIONAL_REPRESENTATION('',(#5094),#5098);
#5094 = LINE('',#5095,#5096);
#5095 = CARTESIAN_POINT('',(-1.570796326795,5.E-02));
#5096 = VECTOR('',#5097,1.);
#5097 = DIRECTION('',(-0.,-1.));
#5098 = ( GEOMETRIC_REPRESENTATION_CONTEXT(2) 
PARAMETRIC_REPRESENTATION_CONTEXT() REPRESENTATION_CONTEXT('2D SPACE',''
  ) );
#5099 = PCURVE('',#2515,#5100);
#5100 = DEFINITIONAL_REPRESENTATION('',(#5101),#5105);
#5101 = LINE('',#5102,#5103);
#5102 = CARTESIAN_POINT('',(-5.E-02,47.01));
#5103 = VECTOR('',#5104,1.);
#5104 = DIRECTION('',(1.,0.));
#5105 = ( GEOMETRIC_REPRESENTATION_CONTEXT(2) 
PARAMETRIC_REPRESENTATION_CONTEXT() REPRESENTATION_CONTEXT('2D SPACE',''
  ) );
#5106 = ORIENTED_EDGE('',*,*,#5107,.T.);
#5107 = EDGE_CURVE('',#5085,#2204,#5108,.T.);
#5108 = SURFACE_CURVE('',#5109,(#5114,#5121),.PCURVE_S1.);
#5109 = CIRCLE('',#5110,8.02);
#5110 = AXIS2_PLACEMENT_3D('',#5111,#5112,#5113);
#5111 = CARTESIAN_POINT('',(53.505,99.005,0.2));
#5112 = DIRECTION('',(0.,0.,-1.));
#5113 = DIRECTION('',(1.,0.,0.));
#5114 = PCURVE('',#2244,#5115);
#5115 = DEFINITIONAL_REPRESENTATION('',(#5116),#5120);
#5116 = LINE('',#5117,#5118);
#5117 = CARTESIAN_POINT('',(-6.28318530718,5.E-02));
#5118 = VECTOR('',#5119,1.);
#5119 = DIRECTION('',(1.,-0.));
#5120 = ( GEOMETRIC_REPRESENTATION_CONTEXT(2) 
PARAMETRIC_REPRESENTATION_CONTEXT() REPRESENTATION_CONTEXT('2D SPACE',''
  ) );
#5121 = PCURVE('',#2218,#5122);
#5122 = DEFINITIONAL_REPRESENTATION('',(#5123),#5131);
#5123 = ( BOUNDED_CURVE() B_SPLINE_CURVE(2,(#5124,#5125,#5126,#5127,
#5128,#5129,#5130),.UNSPECIFIED.,.T.,.F.) B_SPLINE_CURVE_WITH_KNOTS((1,2
    ,2,2,2,1),(-2.094395102393,0.,2.094395102393,4.188790204786,
6.28318530718,8.377580409573),.UNSPECIFIED.) CURVE() 
GEOMETRIC_REPRESENTATION_ITEM() RATIONAL_B_SPLINE_CURVE((1.,0.5,1.,0.5,
1.,0.5,1.)) REPRESENTATION_ITEM('') );
#5124 = CARTESIAN_POINT('',(55.025,93.005));
#5125 = CARTESIAN_POINT('',(55.025,79.113952523298));
#5126 = CARTESIAN_POINT('',(42.995,86.059476261649));
#5127 = CARTESIAN_POINT('',(30.965,93.005));
#5128 = CARTESIAN_POINT('',(42.995,99.950523738351));
#5129 = CARTESIAN_POINT('',(55.025,106.8960474767));
#5130 = CARTESIAN_POINT('',(55.025,93.005));
#5131 = ( GEOMETRIC_REPRESENTATION_CONTEXT(2) 
PARAMETRIC_REPRESENTATION_CONTEXT() REPRESENTATION_CONTEXT('2D SPACE',''
  ) );
#5132 = ORIENTED_EDGE('',*,*,#2229,.F.);
#5133 = ORIENTED_EDGE('',*,*,#5055,.F.);
#5134 = ADVANCED_FACE('',(#5135),#2218,.F.);
#5135 = FACE_BOUND('',#5136,.F.);
#5136 = EDGE_LOOP('',(#5137,#5156,#5157,#5177,#5178,#5179));
#5137 = ORIENTED_EDGE('',*,*,#5138,.F.);
#5138 = EDGE_CURVE('',#2403,#4965,#5139,.T.);
#5139 = SURFACE_CURVE('',#5140,(#5144,#5150),.PCURVE_S1.);
#5140 = LINE('',#5141,#5142);
#5141 = CARTESIAN_POINT('',(6.5,108.2,0.2));
#5142 = VECTOR('',#5143,1.);
#5143 = DIRECTION('',(1.,0.,0.));
#5144 = PCURVE('',#2218,#5145);
#5145 = DEFINITIONAL_REPRESENTATION('',(#5146),#5149);
#5146 = B_SPLINE_CURVE_WITH_KNOTS('',1,(#5147,#5148),.UNSPECIFIED.,.F.,
  .F.,(2,2),(-1.7763568394E-15,47.),.PIECEWISE_BEZIER_KNOTS.);
#5147 = CARTESIAN_POINT('',(-2.6645352591E-15,102.2));
#5148 = CARTESIAN_POINT('',(47.,102.2));
#5149 = ( GEOMETRIC_REPRESENTATION_CONTEXT(2) 
PARAMETRIC_REPRESENTATION_CONTEXT() REPRESENTATION_CONTEXT('2D SPACE',''
  ) );
#5150 = PCURVE('',#2419,#5151);
#5151 = DEFINITIONAL_REPRESENTATION('',(#5152),#5155);
#5152 = B_SPLINE_CURVE_WITH_KNOTS('',1,(#5153,#5154),.UNSPECIFIED.,.F.,
  .F.,(2,2),(-1.7763568394E-15,47.),.PIECEWISE_BEZIER_KNOTS.);
#5153 = CARTESIAN_POINT('',(6.9,0.));
#5154 = CARTESIAN_POINT('',(6.9,47.));
#5155 = ( GEOMETRIC_REPRESENTATION_CONTEXT(2) 
PARAMETRIC_REPRESENTATION_CONTEXT() REPRESENTATION_CONTEXT('2D SPACE',''
  ) );
#5156 = ORIENTED_EDGE('',*,*,#2526,.F.);
#5157 = ORIENTED_EDGE('',*,*,#5158,.F.);
#5158 = EDGE_CURVE('',#5085,#2501,#5159,.T.);
#5159 = SURFACE_CURVE('',#5160,(#5164,#5170),.PCURVE_S1.);
#5160 = LINE('',#5161,#5162);
#5161 = CARTESIAN_POINT('',(6.4975,107.025,0.2));
#5162 = VECTOR('',#5163,1.);
#5163 = DIRECTION('',(-1.,0.,0.));
#5164 = PCURVE('',#2218,#5165);
#5165 = DEFINITIONAL_REPRESENTATION('',(#5166),#5169);
#5166 = B_SPLINE_CURVE_WITH_KNOTS('',1,(#5167,#5168),.UNSPECIFIED.,.F.,
  .F.,(2,2),(-47.0075,2.500000000003E-03),.PIECEWISE_BEZIER_KNOTS.);
#5167 = CARTESIAN_POINT('',(47.005,101.025));
#5168 = CARTESIAN_POINT('',(-5.000000000005E-03,101.025));
#5169 = ( GEOMETRIC_REPRESENTATION_CONTEXT(2) 
PARAMETRIC_REPRESENTATION_CONTEXT() REPRESENTATION_CONTEXT('2D SPACE',''
  ) );
#5170 = PCURVE('',#2515,#5171);
#5171 = DEFINITIONAL_REPRESENTATION('',(#5172),#5176);
#5172 = LINE('',#5173,#5174);
#5173 = CARTESIAN_POINT('',(-5.E-02,2.500000000003E-03));
#5174 = VECTOR('',#5175,1.);
#5175 = DIRECTION('',(0.,-1.));
#5176 = ( GEOMETRIC_REPRESENTATION_CONTEXT(2) 
PARAMETRIC_REPRESENTATION_CONTEXT() REPRESENTATION_CONTEXT('2D SPACE',''
  ) );
#5177 = ORIENTED_EDGE('',*,*,#5107,.T.);
#5178 = ORIENTED_EDGE('',*,*,#2203,.F.);
#5179 = ORIENTED_EDGE('',*,*,#4964,.F.);
#5180 = ADVANCED_FACE('',(#5181),#2419,.F.);
#5181 = FACE_BOUND('',#5182,.F.);
#5182 = EDGE_LOOP('',(#5183,#5184,#5207,#5235,#5261,#5282,#5301,#5302));
#5183 = ORIENTED_EDGE('',*,*,#4992,.F.);
#5184 = ORIENTED_EDGE('',*,*,#5185,.F.);
#5185 = EDGE_CURVE('',#5186,#4911,#5188,.T.);
#5186 = VERTEX_POINT('',#5187);
#5187 = CARTESIAN_POINT('',(6.5,108.2,-6.7));
#5188 = SURFACE_CURVE('',#5189,(#5193,#5200),.PCURVE_S1.);
#5189 = LINE('',#5190,#5191);
#5190 = CARTESIAN_POINT('',(6.5,108.2,-6.7));
#5191 = VECTOR('',#5192,1.);
#5192 = DIRECTION('',(1.,0.,0.));
#5193 = PCURVE('',#2419,#5194);
#5194 = DEFINITIONAL_REPRESENTATION('',(#5195),#5199);
#5195 = LINE('',#5196,#5197);
#5196 = CARTESIAN_POINT('',(0.,0.));
#5197 = VECTOR('',#5198,1.);
#5198 = DIRECTION('',(0.,1.));
#5199 = ( GEOMETRIC_REPRESENTATION_CONTEXT(2) 
PARAMETRIC_REPRESENTATION_CONTEXT() REPRESENTATION_CONTEXT('2D SPACE',''
  ) );
#5200 = PCURVE('',#4185,#5201);
#5201 = DEFINITIONAL_REPRESENTATION('',(#5202),#5206);
#5202 = LINE('',#5203,#5204);
#5203 = CARTESIAN_POINT('',(8.881784197001E-16,102.2));
#5204 = VECTOR('',#5205,1.);
#5205 = DIRECTION('',(1.,0.));
#5206 = ( GEOMETRIC_REPRESENTATION_CONTEXT(2) 
PARAMETRIC_REPRESENTATION_CONTEXT() REPRESENTATION_CONTEXT('2D SPACE',''
  ) );
#5207 = ORIENTED_EDGE('',*,*,#5208,.T.);
#5208 = EDGE_CURVE('',#5186,#5209,#5211,.T.);
#5209 = VERTEX_POINT('',#5210);
#5210 = CARTESIAN_POINT('',(6.5,108.2,0.2));
#5211 = SURFACE_CURVE('',#5212,(#5216,#5223),.PCURVE_S1.);
#5212 = LINE('',#5213,#5214);
#5213 = CARTESIAN_POINT('',(6.5,108.2,-6.7));
#5214 = VECTOR('',#5215,1.);
#5215 = DIRECTION('',(0.,0.,1.));
#5216 = PCURVE('',#2419,#5217);
#5217 = DEFINITIONAL_REPRESENTATION('',(#5218),#5222);
#5218 = LINE('',#5219,#5220);
#5219 = CARTESIAN_POINT('',(0.,0.));
#5220 = VECTOR('',#5221,1.);
#5221 = DIRECTION('',(1.,0.));
#5222 = ( GEOMETRIC_REPRESENTATION_CONTEXT(2) 
PARAMETRIC_REPRESENTATION_CONTEXT() REPRESENTATION_CONTEXT('2D SPACE',''
  ) );
#5223 = PCURVE('',#5224,#5229);
#5224 = CYLINDRICAL_SURFACE('',#5225,9.2);
#5225 = AXIS2_PLACEMENT_3D('',#5226,#5227,#5228);
#5226 = CARTESIAN_POINT('',(6.5,99.,-6.7));
#5227 = DIRECTION('',(-0.,-0.,-1.));
#5228 = DIRECTION('',(1.,0.,0.));
#5229 = DEFINITIONAL_REPRESENTATION('',(#5230),#5234);
#5230 = LINE('',#5231,#5232);
#5231 = CARTESIAN_POINT('',(-1.570796326795,0.));
#5232 = VECTOR('',#5233,1.);
#5233 = DIRECTION('',(-0.,-1.));
#5234 = ( GEOMETRIC_REPRESENTATION_CONTEXT(2) 
PARAMETRIC_REPRESENTATION_CONTEXT() REPRESENTATION_CONTEXT('2D SPACE',''
  ) );
#5235 = ORIENTED_EDGE('',*,*,#5236,.T.);
#5236 = EDGE_CURVE('',#5209,#5237,#5239,.T.);
#5237 = VERTEX_POINT('',#5238);
#5238 = CARTESIAN_POINT('',(27.865,108.2,0.2));
#5239 = SURFACE_CURVE('',#5240,(#5244,#5250),.PCURVE_S1.);
#5240 = LINE('',#5241,#5242);
#5241 = CARTESIAN_POINT('',(6.5,108.2,0.2));
#5242 = VECTOR('',#5243,1.);
#5243 = DIRECTION('',(1.,0.,0.));
#5244 = PCURVE('',#2419,#5245);
#5245 = DEFINITIONAL_REPRESENTATION('',(#5246),#5249);
#5246 = B_SPLINE_CURVE_WITH_KNOTS('',1,(#5247,#5248),.UNSPECIFIED.,.F.,
  .F.,(2,2),(-1.7763568394E-15,47.),.PIECEWISE_BEZIER_KNOTS.);
#5247 = CARTESIAN_POINT('',(6.9,0.));
#5248 = CARTESIAN_POINT('',(6.9,47.));
#5249 = ( GEOMETRIC_REPRESENTATION_CONTEXT(2) 
PARAMETRIC_REPRESENTATION_CONTEXT() REPRESENTATION_CONTEXT('2D SPACE',''
  ) );
#5250 = PCURVE('',#5251,#5256);
#5251 = PLANE('',#5252);
#5252 = AXIS2_PLACEMENT_3D('',#5253,#5254,#5255);
#5253 = CARTESIAN_POINT('',(6.5,6.,0.2));
#5254 = DIRECTION('',(0.,0.,1.));
#5255 = DIRECTION('',(1.,0.,-0.));
#5256 = DEFINITIONAL_REPRESENTATION('',(#5257),#5260);
#5257 = B_SPLINE_CURVE_WITH_KNOTS('',1,(#5258,#5259),.UNSPECIFIED.,.F.,
  .F.,(2,2),(-1.7763568394E-15,47.),.PIECEWISE_BEZIER_KNOTS.);
#5258 = CARTESIAN_POINT('',(-2.6645352591E-15,102.2));
#5259 = CARTESIAN_POINT('',(47.,102.2));
#5260 = ( GEOMETRIC_REPRESENTATION_CONTEXT(2) 
PARAMETRIC_REPRESENTATION_CONTEXT() REPRESENTATION_CONTEXT('2D SPACE',''
  ) );
#5261 = ORIENTED_EDGE('',*,*,#5262,.T.);
#5262 = EDGE_CURVE('',#5237,#5263,#5265,.T.);
#5263 = VERTEX_POINT('',#5264);
#5264 = CARTESIAN_POINT('',(27.865,108.2,-1.1));
#5265 = SURFACE_CURVE('',#5266,(#5270,#5276),.PCURVE_S1.);
#5266 = LINE('',#5267,#5268);
#5267 = CARTESIAN_POINT('',(27.865,108.2,-3.9));
#5268 = VECTOR('',#5269,1.);
#5269 = DIRECTION('',(0.,0.,-1.));
#5270 = PCURVE('',#2419,#5271);
#5271 = DEFINITIONAL_REPRESENTATION('',(#5272),#5275);
#5272 = B_SPLINE_CURVE_WITH_KNOTS('',1,(#5273,#5274),.UNSPECIFIED.,.F.,
  .F.,(2,2),(-4.1,-2.8),.PIECEWISE_BEZIER_KNOTS.);
#5273 = CARTESIAN_POINT('',(6.9,21.365));
#5274 = CARTESIAN_POINT('',(5.6,21.365));
#5275 = ( GEOMETRIC_REPRESENTATION_CONTEXT(2) 
PARAMETRIC_REPRESENTATION_CONTEXT() REPRESENTATION_CONTEXT('2D SPACE',''
  ) );
#5276 = PCURVE('',#2665,#5277);
#5277 = DEFINITIONAL_REPRESENTATION('',(#5278),#5281);
#5278 = B_SPLINE_CURVE_WITH_KNOTS('',1,(#5279,#5280),.UNSPECIFIED.,.F.,
  .F.,(2,2),(-4.1,-2.8),.PIECEWISE_BEZIER_KNOTS.);
#5279 = CARTESIAN_POINT('',(1.3,-3.2));
#5280 = CARTESIAN_POINT('',(0.,-3.2));
#5281 = ( GEOMETRIC_REPRESENTATION_CONTEXT(2) 
PARAMETRIC_REPRESENTATION_CONTEXT() REPRESENTATION_CONTEXT('2D SPACE',''
  ) );
#5282 = ORIENTED_EDGE('',*,*,#5283,.T.);
#5283 = EDGE_CURVE('',#5263,#2405,#5284,.T.);
#5284 = SURFACE_CURVE('',#5285,(#5289,#5295),.PCURVE_S1.);
#5285 = LINE('',#5286,#5287);
#5286 = CARTESIAN_POINT('',(18.1825,108.2,-1.1));
#5287 = VECTOR('',#5288,1.);
#5288 = DIRECTION('',(1.,0.,0.));
#5289 = PCURVE('',#2419,#5290);
#5290 = DEFINITIONAL_REPRESENTATION('',(#5291),#5294);
#5291 = B_SPLINE_CURVE_WITH_KNOTS('',1,(#5292,#5293),.UNSPECIFIED.,.F.,
  .F.,(2,2),(9.6825,27.8825),.PIECEWISE_BEZIER_KNOTS.);
#5292 = CARTESIAN_POINT('',(5.6,21.365));
#5293 = CARTESIAN_POINT('',(5.6,39.565));
#5294 = ( GEOMETRIC_REPRESENTATION_CONTEXT(2) 
PARAMETRIC_REPRESENTATION_CONTEXT() REPRESENTATION_CONTEXT('2D SPACE',''
  ) );
#5295 = PCURVE('',#2446,#5296);
#5296 = DEFINITIONAL_REPRESENTATION('',(#5297),#5300);
#5297 = B_SPLINE_CURVE_WITH_KNOTS('',1,(#5298,#5299),.UNSPECIFIED.,.F.,
  .F.,(2,2),(9.6825,27.8825),.PIECEWISE_BEZIER_KNOTS.);
#5298 = CARTESIAN_POINT('',(-2.,3.2));
#5299 = CARTESIAN_POINT('',(16.2,3.2));
#5300 = ( GEOMETRIC_REPRESENTATION_CONTEXT(2) 
PARAMETRIC_REPRESENTATION_CONTEXT() REPRESENTATION_CONTEXT('2D SPACE',''
  ) );
#5301 = ORIENTED_EDGE('',*,*,#2402,.F.);
#5302 = ORIENTED_EDGE('',*,*,#5138,.T.);
#5303 = ADVANCED_FACE('',(#5304),#2515,.F.);
#5304 = FACE_BOUND('',#5305,.F.);
#5305 = EDGE_LOOP('',(#5306,#5307,#5308,#5309));
#5306 = ORIENTED_EDGE('',*,*,#5084,.F.);
#5307 = ORIENTED_EDGE('',*,*,#5158,.T.);
#5308 = ORIENTED_EDGE('',*,*,#2500,.F.);
#5309 = ORIENTED_EDGE('',*,*,#5033,.F.);
#5310 = ADVANCED_FACE('',(#5311),#2446,.T.);
#5311 = FACE_BOUND('',#5312,.T.);
#5312 = EDGE_LOOP('',(#5313,#5314,#5315,#5336));
#5313 = ORIENTED_EDGE('',*,*,#2430,.T.);
#5314 = ORIENTED_EDGE('',*,*,#2676,.F.);
#5315 = ORIENTED_EDGE('',*,*,#5316,.F.);
#5316 = EDGE_CURVE('',#5263,#2651,#5317,.T.);
#5317 = SURFACE_CURVE('',#5318,(#5322,#5329),.PCURVE_S1.);
#5318 = LINE('',#5319,#5320);
#5319 = CARTESIAN_POINT('',(27.865,105.,-1.1));
#5320 = VECTOR('',#5321,1.);
#5321 = DIRECTION('',(0.,1.,0.));
#5322 = PCURVE('',#2446,#5323);
#5323 = DEFINITIONAL_REPRESENTATION('',(#5324),#5328);
#5324 = LINE('',#5325,#5326);
#5325 = CARTESIAN_POINT('',(-2.,0.));
#5326 = VECTOR('',#5327,1.);
#5327 = DIRECTION('',(0.,1.));
#5328 = ( GEOMETRIC_REPRESENTATION_CONTEXT(2) 
PARAMETRIC_REPRESENTATION_CONTEXT() REPRESENTATION_CONTEXT('2D SPACE',''
  ) );
#5329 = PCURVE('',#2665,#5330);
#5330 = DEFINITIONAL_REPRESENTATION('',(#5331),#5335);
#5331 = LINE('',#5332,#5333);
#5332 = CARTESIAN_POINT('',(0.,0.));
#5333 = VECTOR('',#5334,1.);
#5334 = DIRECTION('',(0.,-1.));
#5335 = ( GEOMETRIC_REPRESENTATION_CONTEXT(2) 
PARAMETRIC_REPRESENTATION_CONTEXT() REPRESENTATION_CONTEXT('2D SPACE',''
  ) );
#5336 = ORIENTED_EDGE('',*,*,#5283,.T.);
#5337 = ADVANCED_FACE('',(#5338),#2665,.T.);
#5338 = FACE_BOUND('',#5339,.T.);
#5339 = EDGE_LOOP('',(#5340,#5341,#5342,#5343,#5364,#5390,#5416,#5442));
#5340 = ORIENTED_EDGE('',*,*,#5262,.T.);
#5341 = ORIENTED_EDGE('',*,*,#5316,.T.);
#5342 = ORIENTED_EDGE('',*,*,#2650,.F.);
#5343 = ORIENTED_EDGE('',*,*,#5344,.F.);
#5344 = EDGE_CURVE('',#5345,#2623,#5347,.T.);
#5345 = VERTEX_POINT('',#5346);
#5346 = CARTESIAN_POINT('',(27.865,108.025,0.44));
#5347 = SURFACE_CURVE('',#5348,(#5352,#5358),.PCURVE_S1.);
#5348 = LINE('',#5349,#5350);
#5349 = CARTESIAN_POINT('',(27.865,50.,0.44));
#5350 = VECTOR('',#5351,1.);
#5351 = DIRECTION('',(0.,1.,0.));
#5352 = PCURVE('',#2665,#5353);
#5353 = DEFINITIONAL_REPRESENTATION('',(#5354),#5357);
#5354 = B_SPLINE_CURVE_WITH_KNOTS('',1,(#5355,#5356),.UNSPECIFIED.,.F.,
  .F.,(2,2),(55.,60.),.PIECEWISE_BEZIER_KNOTS.);
#5355 = CARTESIAN_POINT('',(1.54,0.));
#5356 = CARTESIAN_POINT('',(1.54,-5.));
#5357 = ( GEOMETRIC_REPRESENTATION_CONTEXT(2) 
PARAMETRIC_REPRESENTATION_CONTEXT() REPRESENTATION_CONTEXT('2D SPACE',''
  ) );
#5358 = PCURVE('',#2638,#5359);
#5359 = DEFINITIONAL_REPRESENTATION('',(#5360),#5363);
#5360 = B_SPLINE_CURVE_WITH_KNOTS('',1,(#5361,#5362),.UNSPECIFIED.,.F.,
  .F.,(2,2),(55.,60.),.PIECEWISE_BEZIER_KNOTS.);
#5361 = CARTESIAN_POINT('',(21.365,110.));
#5362 = CARTESIAN_POINT('',(21.365,115.));
#5363 = ( GEOMETRIC_REPRESENTATION_CONTEXT(2) 
PARAMETRIC_REPRESENTATION_CONTEXT() REPRESENTATION_CONTEXT('2D SPACE',''
  ) );
#5364 = ORIENTED_EDGE('',*,*,#5365,.F.);
#5365 = EDGE_CURVE('',#5366,#5345,#5368,.T.);
#5366 = VERTEX_POINT('',#5367);
#5367 = CARTESIAN_POINT('',(27.865,108.025,1.5));
#5368 = SURFACE_CURVE('',#5369,(#5373,#5379),.PCURVE_S1.);
#5369 = LINE('',#5370,#5371);
#5370 = CARTESIAN_POINT('',(27.865,108.025,-0.375));
#5371 = VECTOR('',#5372,1.);
#5372 = DIRECTION('',(0.,0.,-1.));
#5373 = PCURVE('',#2665,#5374);
#5374 = DEFINITIONAL_REPRESENTATION('',(#5375),#5378);
#5375 = B_SPLINE_CURVE_WITH_KNOTS('',1,(#5376,#5377),.UNSPECIFIED.,.F.,
  .F.,(2,2),(-1.875,-0.815),.PIECEWISE_BEZIER_KNOTS.);
#5376 = CARTESIAN_POINT('',(2.6,-3.025));
#5377 = CARTESIAN_POINT('',(1.54,-3.025));
#5378 = ( GEOMETRIC_REPRESENTATION_CONTEXT(2) 
PARAMETRIC_REPRESENTATION_CONTEXT() REPRESENTATION_CONTEXT('2D SPACE',''
  ) );
#5379 = PCURVE('',#5380,#5385);
#5380 = PLANE('',#5381);
#5381 = AXIS2_PLACEMENT_3D('',#5382,#5383,#5384);
#5382 = CARTESIAN_POINT('',(6.495,108.025,0.35));
#5383 = DIRECTION('',(0.,1.,0.));
#5384 = DIRECTION('',(0.,0.,1.));
#5385 = DEFINITIONAL_REPRESENTATION('',(#5386),#5389);
#5386 = B_SPLINE_CURVE_WITH_KNOTS('',1,(#5387,#5388),.UNSPECIFIED.,.F.,
  .F.,(2,2),(-1.875,-0.815),.PIECEWISE_BEZIER_KNOTS.);
#5387 = CARTESIAN_POINT('',(1.15,21.37));
#5388 = CARTESIAN_POINT('',(9.E-02,21.37));
#5389 = ( GEOMETRIC_REPRESENTATION_CONTEXT(2) 
PARAMETRIC_REPRESENTATION_CONTEXT() REPRESENTATION_CONTEXT('2D SPACE',''
  ) );
#5390 = ORIENTED_EDGE('',*,*,#5391,.F.);
#5391 = EDGE_CURVE('',#5392,#5366,#5394,.T.);
#5392 = VERTEX_POINT('',#5393);
#5393 = CARTESIAN_POINT('',(27.865,107.025,1.5));
#5394 = SURFACE_CURVE('',#5395,(#5399,#5405),.PCURVE_S1.);
#5395 = LINE('',#5396,#5397);
#5396 = CARTESIAN_POINT('',(27.865,50.9875,1.5));
#5397 = VECTOR('',#5398,1.);
#5398 = DIRECTION('',(0.,1.,0.));
#5399 = PCURVE('',#2665,#5400);
#5400 = DEFINITIONAL_REPRESENTATION('',(#5401),#5404);
#5401 = B_SPLINE_CURVE_WITH_KNOTS('',1,(#5402,#5403),.UNSPECIFIED.,.F.,
  .F.,(2,2),(54.3125,57.0375),.PIECEWISE_BEZIER_KNOTS.);
#5402 = CARTESIAN_POINT('',(2.6,-0.3));
#5403 = CARTESIAN_POINT('',(2.6,-3.025));
#5404 = ( GEOMETRIC_REPRESENTATION_CONTEXT(2) 
PARAMETRIC_REPRESENTATION_CONTEXT() REPRESENTATION_CONTEXT('2D SPACE',''
  ) );
#5405 = PCURVE('',#5406,#5411);
#5406 = PLANE('',#5407);
#5407 = AXIS2_PLACEMENT_3D('',#5408,#5409,#5410);
#5408 = CARTESIAN_POINT('',(6.495,-3.025,1.5));
#5409 = DIRECTION('',(0.,0.,1.));
#5410 = DIRECTION('',(1.,0.,0.));
#5411 = DEFINITIONAL_REPRESENTATION('',(#5412),#5415);
#5412 = B_SPLINE_CURVE_WITH_KNOTS('',1,(#5413,#5414),.UNSPECIFIED.,.F.,
  .F.,(2,2),(54.3125,57.0375),.PIECEWISE_BEZIER_KNOTS.);
#5413 = CARTESIAN_POINT('',(21.37,108.325));
#5414 = CARTESIAN_POINT('',(21.37,111.05));
#5415 = ( GEOMETRIC_REPRESENTATION_CONTEXT(2) 
PARAMETRIC_REPRESENTATION_CONTEXT() REPRESENTATION_CONTEXT('2D SPACE',''
  ) );
#5416 = ORIENTED_EDGE('',*,*,#5417,.T.);
#5417 = EDGE_CURVE('',#5392,#5418,#5420,.T.);
#5418 = VERTEX_POINT('',#5419);
#5419 = CARTESIAN_POINT('',(27.865,107.025,0.2));
#5420 = SURFACE_CURVE('',#5421,(#5425,#5431),.PCURVE_S1.);
#5421 = LINE('',#5422,#5423);
#5422 = CARTESIAN_POINT('',(27.865,107.025,-0.425));
#5423 = VECTOR('',#5424,1.);
#5424 = DIRECTION('',(0.,0.,-1.));
#5425 = PCURVE('',#2665,#5426);
#5426 = DEFINITIONAL_REPRESENTATION('',(#5427),#5430);
#5427 = B_SPLINE_CURVE_WITH_KNOTS('',1,(#5428,#5429),.UNSPECIFIED.,.F.,
  .F.,(2,2),(-1.925,-0.625),.PIECEWISE_BEZIER_KNOTS.);
#5428 = CARTESIAN_POINT('',(2.6,-2.025));
#5429 = CARTESIAN_POINT('',(1.3,-2.025));
#5430 = ( GEOMETRIC_REPRESENTATION_CONTEXT(2) 
PARAMETRIC_REPRESENTATION_CONTEXT() REPRESENTATION_CONTEXT('2D SPACE',''
  ) );
#5431 = PCURVE('',#5432,#5437);
#5432 = PLANE('',#5433);
#5433 = AXIS2_PLACEMENT_3D('',#5434,#5435,#5436);
#5434 = CARTESIAN_POINT('',(6.495,107.025,0.25));
#5435 = DIRECTION('',(0.,1.,0.));
#5436 = DIRECTION('',(0.,0.,1.));
#5437 = DEFINITIONAL_REPRESENTATION('',(#5438),#5441);
#5438 = B_SPLINE_CURVE_WITH_KNOTS('',1,(#5439,#5440),.UNSPECIFIED.,.F.,
  .F.,(2,2),(-1.925,-0.625),.PIECEWISE_BEZIER_KNOTS.);
#5439 = CARTESIAN_POINT('',(1.25,21.37));
#5440 = CARTESIAN_POINT('',(-5.E-02,21.37));
#5441 = ( GEOMETRIC_REPRESENTATION_CONTEXT(2) 
PARAMETRIC_REPRESENTATION_CONTEXT() REPRESENTATION_CONTEXT('2D SPACE',''
  ) );
#5442 = ORIENTED_EDGE('',*,*,#5443,.T.);
#5443 = EDGE_CURVE('',#5418,#5237,#5444,.T.);
#5444 = SURFACE_CURVE('',#5445,(#5449,#5455),.PCURVE_S1.);
#5445 = LINE('',#5446,#5447);
#5446 = CARTESIAN_POINT('',(27.865,55.5,0.2));
#5447 = VECTOR('',#5448,1.);
#5448 = DIRECTION('',(0.,1.,0.));
#5449 = PCURVE('',#2665,#5450);
#5450 = DEFINITIONAL_REPRESENTATION('',(#5451),#5454);
#5451 = B_SPLINE_CURVE_WITH_KNOTS('',1,(#5452,#5453),.UNSPECIFIED.,.F.,
  .F.,(2,2),(49.8,52.7),.PIECEWISE_BEZIER_KNOTS.);
#5452 = CARTESIAN_POINT('',(1.3,-0.3));
#5453 = CARTESIAN_POINT('',(1.3,-3.2));
#5454 = ( GEOMETRIC_REPRESENTATION_CONTEXT(2) 
PARAMETRIC_REPRESENTATION_CONTEXT() REPRESENTATION_CONTEXT('2D SPACE',''
  ) );
#5455 = PCURVE('',#5251,#5456);
#5456 = DEFINITIONAL_REPRESENTATION('',(#5457),#5460);
#5457 = B_SPLINE_CURVE_WITH_KNOTS('',1,(#5458,#5459),.UNSPECIFIED.,.F.,
  .F.,(2,2),(49.8,52.7),.PIECEWISE_BEZIER_KNOTS.);
#5458 = CARTESIAN_POINT('',(21.365,99.3));
#5459 = CARTESIAN_POINT('',(21.365,102.2));
#5460 = ( GEOMETRIC_REPRESENTATION_CONTEXT(2) 
PARAMETRIC_REPRESENTATION_CONTEXT() REPRESENTATION_CONTEXT('2D SPACE',''
  ) );
#5461 = ADVANCED_FACE('',(#5462),#2638,.T.);
#5462 = FACE_BOUND('',#5463,.T.);
#5463 = EDGE_LOOP('',(#5464,#5465,#5466,#5490,#5511,#5512,#5513,#5541,
    #5567,#5593,#5626,#5652,#5685,#5711,#5737,#5770));
#5464 = ORIENTED_EDGE('',*,*,#5344,.T.);
#5465 = ORIENTED_EDGE('',*,*,#2622,.F.);
#5466 = ORIENTED_EDGE('',*,*,#5467,.T.);
#5467 = EDGE_CURVE('',#2595,#5468,#5470,.T.);
#5468 = VERTEX_POINT('',#5469);
#5469 = CARTESIAN_POINT('',(-4.5,99.,0.44));
#5470 = SURFACE_CURVE('',#5471,(#5476,#5483),.PCURVE_S1.);
#5471 = CIRCLE('',#5472,11.);
#5472 = AXIS2_PLACEMENT_3D('',#5473,#5474,#5475);
#5473 = CARTESIAN_POINT('',(6.5,99.,0.44));
#5474 = DIRECTION('',(0.,0.,1.));
#5475 = DIRECTION('',(1.,0.,0.));
#5476 = PCURVE('',#2638,#5477);
#5477 = DEFINITIONAL_REPRESENTATION('',(#5478),#5482);
#5478 = CIRCLE('',#5479,11.);
#5479 = AXIS2_PLACEMENT_2D('',#5480,#5481);
#5480 = CARTESIAN_POINT('',(0.,104.));
#5481 = DIRECTION('',(1.,0.));
#5482 = ( GEOMETRIC_REPRESENTATION_CONTEXT(2) 
PARAMETRIC_REPRESENTATION_CONTEXT() REPRESENTATION_CONTEXT('2D SPACE',''
  ) );
#5483 = PCURVE('',#2610,#5484);
#5484 = DEFINITIONAL_REPRESENTATION('',(#5485),#5489);
#5485 = LINE('',#5486,#5487);
#5486 = CARTESIAN_POINT('',(-0.,-8.94));
#5487 = VECTOR('',#5488,1.);
#5488 = DIRECTION('',(-1.,0.));
#5489 = ( GEOMETRIC_REPRESENTATION_CONTEXT(2) 
PARAMETRIC_REPRESENTATION_CONTEXT() REPRESENTATION_CONTEXT('2D SPACE',''
  ) );
#5490 = ORIENTED_EDGE('',*,*,#5491,.F.);
#5491 = EDGE_CURVE('',#3428,#5468,#5492,.T.);
#5492 = SURFACE_CURVE('',#5493,(#5497,#5504),.PCURVE_S1.);
#5493 = LINE('',#5494,#5495);
#5494 = CARTESIAN_POINT('',(-4.5,6.,0.44));
#5495 = VECTOR('',#5496,1.);
#5496 = DIRECTION('',(0.,1.,0.));
#5497 = PCURVE('',#2638,#5498);
#5498 = DEFINITIONAL_REPRESENTATION('',(#5499),#5503);
#5499 = LINE('',#5500,#5501);
#5500 = CARTESIAN_POINT('',(-11.,11.));
#5501 = VECTOR('',#5502,1.);
#5502 = DIRECTION('',(0.,1.));
#5503 = ( GEOMETRIC_REPRESENTATION_CONTEXT(2) 
PARAMETRIC_REPRESENTATION_CONTEXT() REPRESENTATION_CONTEXT('2D SPACE',''
  ) );
#5504 = PCURVE('',#3443,#5505);
#5505 = DEFINITIONAL_REPRESENTATION('',(#5506),#5510);
#5506 = LINE('',#5507,#5508);
#5507 = CARTESIAN_POINT('',(8.94,0.));
#5508 = VECTOR('',#5509,1.);
#5509 = DIRECTION('',(0.,-1.));
#5510 = ( GEOMETRIC_REPRESENTATION_CONTEXT(2) 
PARAMETRIC_REPRESENTATION_CONTEXT() REPRESENTATION_CONTEXT('2D SPACE',''
  ) );
#5511 = ORIENTED_EDGE('',*,*,#3455,.T.);
#5512 = ORIENTED_EDGE('',*,*,#3318,.T.);
#5513 = ORIENTED_EDGE('',*,*,#5514,.T.);
#5514 = EDGE_CURVE('',#3319,#5515,#5517,.T.);
#5515 = VERTEX_POINT('',#5516);
#5516 = CARTESIAN_POINT('',(3.486261755989E-02,-0.3,0.44));
#5517 = SURFACE_CURVE('',#5518,(#5523,#5534),.PCURVE_S1.);
#5518 = CIRCLE('',#5519,9.02);
#5519 = AXIS2_PLACEMENT_3D('',#5520,#5521,#5522);
#5520 = CARTESIAN_POINT('',(6.495,5.995,0.44));
#5521 = DIRECTION('',(0.,0.,-1.));
#5522 = DIRECTION('',(1.,0.,0.));
#5523 = PCURVE('',#2638,#5524);
#5524 = DEFINITIONAL_REPRESENTATION('',(#5525),#5533);
#5525 = ( BOUNDED_CURVE() B_SPLINE_CURVE(2,(#5526,#5527,#5528,#5529,
#5530,#5531,#5532),.UNSPECIFIED.,.T.,.F.) B_SPLINE_CURVE_WITH_KNOTS((1,2
    ,2,2,2,1),(-2.094395102393,0.,2.094395102393,4.188790204786,
6.28318530718,8.377580409573),.UNSPECIFIED.) CURVE() 
GEOMETRIC_REPRESENTATION_ITEM() RATIONAL_B_SPLINE_CURVE((1.,0.5,1.,0.5,
1.,0.5,1.)) REPRESENTATION_ITEM('') );
#5526 = CARTESIAN_POINT('',(9.015,10.995));
#5527 = CARTESIAN_POINT('',(9.015,-4.628098284271));
#5528 = CARTESIAN_POINT('',(-4.515,3.183450857864));
#5529 = CARTESIAN_POINT('',(-18.045,10.995));
#5530 = CARTESIAN_POINT('',(-4.515,18.806549142136));
#5531 = CARTESIAN_POINT('',(9.015,26.618098284271));
#5532 = CARTESIAN_POINT('',(9.015,10.995));
#5533 = ( GEOMETRIC_REPRESENTATION_CONTEXT(2) 
PARAMETRIC_REPRESENTATION_CONTEXT() REPRESENTATION_CONTEXT('2D SPACE',''
  ) );
#5534 = PCURVE('',#3361,#5535);
#5535 = DEFINITIONAL_REPRESENTATION('',(#5536),#5540);
#5536 = LINE('',#5537,#5538);
#5537 = CARTESIAN_POINT('',(-6.28318530718,-9.E-02));
#5538 = VECTOR('',#5539,1.);
#5539 = DIRECTION('',(1.,-0.));
#5540 = ( GEOMETRIC_REPRESENTATION_CONTEXT(2) 
PARAMETRIC_REPRESENTATION_CONTEXT() REPRESENTATION_CONTEXT('2D SPACE',''
  ) );
#5541 = ORIENTED_EDGE('',*,*,#5542,.T.);
#5542 = EDGE_CURVE('',#5515,#5543,#5545,.T.);
#5543 = VERTEX_POINT('',#5544);
#5544 = CARTESIAN_POINT('',(-0.3,-0.3,0.44));
#5545 = SURFACE_CURVE('',#5546,(#5550,#5556),.PCURVE_S1.);
#5546 = LINE('',#5547,#5548);
#5547 = CARTESIAN_POINT('',(3.1,-0.3,0.44));
#5548 = VECTOR('',#5549,1.);
#5549 = DIRECTION('',(-1.,0.,0.));
#5550 = PCURVE('',#2638,#5551);
#5551 = DEFINITIONAL_REPRESENTATION('',(#5552),#5555);
#5552 = B_SPLINE_CURVE_WITH_KNOTS('',1,(#5553,#5554),.UNSPECIFIED.,.F.,
  .F.,(2,2),(-57.2,3.4),.PIECEWISE_BEZIER_KNOTS.);
#5553 = CARTESIAN_POINT('',(53.8,4.7));
#5554 = CARTESIAN_POINT('',(-6.8,4.7));
#5555 = ( GEOMETRIC_REPRESENTATION_CONTEXT(2) 
PARAMETRIC_REPRESENTATION_CONTEXT() REPRESENTATION_CONTEXT('2D SPACE',''
  ) );
#5556 = PCURVE('',#5557,#5562);
#5557 = PLANE('',#5558);
#5558 = AXIS2_PLACEMENT_3D('',#5559,#5560,#5561);
#5559 = CARTESIAN_POINT('',(-0.3,-0.3,5.E-02));
#5560 = DIRECTION('',(0.,1.,0.));
#5561 = DIRECTION('',(0.,0.,1.));
#5562 = DEFINITIONAL_REPRESENTATION('',(#5563),#5566);
#5563 = B_SPLINE_CURVE_WITH_KNOTS('',1,(#5564,#5565),.UNSPECIFIED.,.F.,
  .F.,(2,2),(-57.2,3.4),.PIECEWISE_BEZIER_KNOTS.);
#5564 = CARTESIAN_POINT('',(0.39,60.6));
#5565 = CARTESIAN_POINT('',(0.39,0.));
#5566 = ( GEOMETRIC_REPRESENTATION_CONTEXT(2) 
PARAMETRIC_REPRESENTATION_CONTEXT() REPRESENTATION_CONTEXT('2D SPACE',''
  ) );
#5567 = ORIENTED_EDGE('',*,*,#5568,.T.);
#5568 = EDGE_CURVE('',#5543,#5569,#5571,.T.);
#5569 = VERTEX_POINT('',#5570);
#5570 = CARTESIAN_POINT('',(-0.3,6.302098789955E-02,0.44));
#5571 = SURFACE_CURVE('',#5572,(#5576,#5582),.PCURVE_S1.);
#5572 = LINE('',#5573,#5574);
#5573 = CARTESIAN_POINT('',(-0.3,-2.65,0.44));
#5574 = VECTOR('',#5575,1.);
#5575 = DIRECTION('',(0.,1.,0.));
#5576 = PCURVE('',#2638,#5577);
#5577 = DEFINITIONAL_REPRESENTATION('',(#5578),#5581);
#5578 = B_SPLINE_CURVE_WITH_KNOTS('',1,(#5579,#5580),.UNSPECIFIED.,.F.,
  .F.,(2,2),(2.35,107.95),.PIECEWISE_BEZIER_KNOTS.);
#5579 = CARTESIAN_POINT('',(-6.8,4.7));
#5580 = CARTESIAN_POINT('',(-6.8,110.3));
#5581 = ( GEOMETRIC_REPRESENTATION_CONTEXT(2) 
PARAMETRIC_REPRESENTATION_CONTEXT() REPRESENTATION_CONTEXT('2D SPACE',''
  ) );
#5582 = PCURVE('',#5583,#5588);
#5583 = PLANE('',#5584);
#5584 = AXIS2_PLACEMENT_3D('',#5585,#5586,#5587);
#5585 = CARTESIAN_POINT('',(-0.3,-0.3,5.E-02));
#5586 = DIRECTION('',(1.,0.,0.));
#5587 = DIRECTION('',(0.,0.,1.));
#5588 = DEFINITIONAL_REPRESENTATION('',(#5589),#5592);
#5589 = B_SPLINE_CURVE_WITH_KNOTS('',1,(#5590,#5591),.UNSPECIFIED.,.F.,
  .F.,(2,2),(2.35,107.95),.PIECEWISE_BEZIER_KNOTS.);
#5590 = CARTESIAN_POINT('',(0.39,0.));
#5591 = CARTESIAN_POINT('',(0.39,-105.6));
#5592 = ( GEOMETRIC_REPRESENTATION_CONTEXT(2) 
PARAMETRIC_REPRESENTATION_CONTEXT() REPRESENTATION_CONTEXT('2D SPACE',''
  ) );
#5593 = ORIENTED_EDGE('',*,*,#5594,.T.);
#5594 = EDGE_CURVE('',#5569,#5595,#5597,.T.);
#5595 = VERTEX_POINT('',#5596);
#5596 = CARTESIAN_POINT('',(-2.525,5.995,0.44));
#5597 = SURFACE_CURVE('',#5598,(#5603,#5614),.PCURVE_S1.);
#5598 = CIRCLE('',#5599,9.02);
#5599 = AXIS2_PLACEMENT_3D('',#5600,#5601,#5602);
#5600 = CARTESIAN_POINT('',(6.495,5.995,0.44));
#5601 = DIRECTION('',(0.,0.,-1.));
#5602 = DIRECTION('',(1.,0.,0.));
#5603 = PCURVE('',#2638,#5604);
#5604 = DEFINITIONAL_REPRESENTATION('',(#5605),#5613);
#5605 = ( BOUNDED_CURVE() B_SPLINE_CURVE(2,(#5606,#5607,#5608,#5609,
#5610,#5611,#5612),.UNSPECIFIED.,.T.,.F.) B_SPLINE_CURVE_WITH_KNOTS((1,2
    ,2,2,2,1),(-2.094395102393,0.,2.094395102393,4.188790204786,
6.28318530718,8.377580409573),.UNSPECIFIED.) CURVE() 
GEOMETRIC_REPRESENTATION_ITEM() RATIONAL_B_SPLINE_CURVE((1.,0.5,1.,0.5,
1.,0.5,1.)) REPRESENTATION_ITEM('') );
#5606 = CARTESIAN_POINT('',(9.015,10.995));
#5607 = CARTESIAN_POINT('',(9.015,-4.628098284271));
#5608 = CARTESIAN_POINT('',(-4.515,3.183450857864));
#5609 = CARTESIAN_POINT('',(-18.045,10.995));
#5610 = CARTESIAN_POINT('',(-4.515,18.806549142136));
#5611 = CARTESIAN_POINT('',(9.015,26.618098284271));
#5612 = CARTESIAN_POINT('',(9.015,10.995));
#5613 = ( GEOMETRIC_REPRESENTATION_CONTEXT(2) 
PARAMETRIC_REPRESENTATION_CONTEXT() REPRESENTATION_CONTEXT('2D SPACE',''
  ) );
#5614 = PCURVE('',#5615,#5620);
#5615 = CYLINDRICAL_SURFACE('',#5616,9.02);
#5616 = AXIS2_PLACEMENT_3D('',#5617,#5618,#5619);
#5617 = CARTESIAN_POINT('',(6.495,5.995,0.35));
#5618 = DIRECTION('',(-0.,-0.,-1.));
#5619 = DIRECTION('',(1.,0.,0.));
#5620 = DEFINITIONAL_REPRESENTATION('',(#5621),#5625);
#5621 = LINE('',#5622,#5623);
#5622 = CARTESIAN_POINT('',(-6.28318530718,-9.E-02));
#5623 = VECTOR('',#5624,1.);
#5624 = DIRECTION('',(1.,-0.));
#5625 = ( GEOMETRIC_REPRESENTATION_CONTEXT(2) 
PARAMETRIC_REPRESENTATION_CONTEXT() REPRESENTATION_CONTEXT('2D SPACE',''
  ) );
#5626 = ORIENTED_EDGE('',*,*,#5627,.T.);
#5627 = EDGE_CURVE('',#5595,#5628,#5630,.T.);
#5628 = VERTEX_POINT('',#5629);
#5629 = CARTESIAN_POINT('',(-2.525,99.005,0.44));
#5630 = SURFACE_CURVE('',#5631,(#5635,#5641),.PCURVE_S1.);
#5631 = LINE('',#5632,#5633);
#5632 = CARTESIAN_POINT('',(-2.525,0.4975,0.44));
#5633 = VECTOR('',#5634,1.);
#5634 = DIRECTION('',(0.,1.,0.));
#5635 = PCURVE('',#2638,#5636);
#5636 = DEFINITIONAL_REPRESENTATION('',(#5637),#5640);
#5637 = B_SPLINE_CURVE_WITH_KNOTS('',1,(#5638,#5639),.UNSPECIFIED.,.F.,
  .F.,(2,2),(5.4975,98.5075),.PIECEWISE_BEZIER_KNOTS.);
#5638 = CARTESIAN_POINT('',(-9.025,10.995));
#5639 = CARTESIAN_POINT('',(-9.025,104.005));
#5640 = ( GEOMETRIC_REPRESENTATION_CONTEXT(2) 
PARAMETRIC_REPRESENTATION_CONTEXT() REPRESENTATION_CONTEXT('2D SPACE',''
  ) );
#5641 = PCURVE('',#5642,#5647);
#5642 = PLANE('',#5643);
#5643 = AXIS2_PLACEMENT_3D('',#5644,#5645,#5646);
#5644 = CARTESIAN_POINT('',(-2.525,5.995,0.35));
#5645 = DIRECTION('',(1.,0.,0.));
#5646 = DIRECTION('',(0.,0.,1.));
#5647 = DEFINITIONAL_REPRESENTATION('',(#5648),#5651);
#5648 = B_SPLINE_CURVE_WITH_KNOTS('',1,(#5649,#5650),.UNSPECIFIED.,.F.,
  .F.,(2,2),(5.4975,98.5075),.PIECEWISE_BEZIER_KNOTS.);
#5649 = CARTESIAN_POINT('',(9.E-02,0.));
#5650 = CARTESIAN_POINT('',(9.E-02,-93.01));
#5651 = ( GEOMETRIC_REPRESENTATION_CONTEXT(2) 
PARAMETRIC_REPRESENTATION_CONTEXT() REPRESENTATION_CONTEXT('2D SPACE',''
  ) );
#5652 = ORIENTED_EDGE('',*,*,#5653,.T.);
#5653 = EDGE_CURVE('',#5628,#5654,#5656,.T.);
#5654 = VERTEX_POINT('',#5655);
#5655 = CARTESIAN_POINT('',(-0.3,104.9369790121,0.44));
#5656 = SURFACE_CURVE('',#5657,(#5662,#5673),.PCURVE_S1.);
#5657 = CIRCLE('',#5658,9.02);
#5658 = AXIS2_PLACEMENT_3D('',#5659,#5660,#5661);
#5659 = CARTESIAN_POINT('',(6.495,99.005,0.44));
#5660 = DIRECTION('',(0.,0.,-1.));
#5661 = DIRECTION('',(1.,0.,0.));
#5662 = PCURVE('',#2638,#5663);
#5663 = DEFINITIONAL_REPRESENTATION('',(#5664),#5672);
#5664 = ( BOUNDED_CURVE() B_SPLINE_CURVE(2,(#5665,#5666,#5667,#5668,
#5669,#5670,#5671),.UNSPECIFIED.,.T.,.F.) B_SPLINE_CURVE_WITH_KNOTS((1,2
    ,2,2,2,1),(-2.094395102393,0.,2.094395102393,4.188790204786,
6.28318530718,8.377580409573),.UNSPECIFIED.) CURVE() 
GEOMETRIC_REPRESENTATION_ITEM() RATIONAL_B_SPLINE_CURVE((1.,0.5,1.,0.5,
1.,0.5,1.)) REPRESENTATION_ITEM('') );
#5665 = CARTESIAN_POINT('',(9.015,104.005));
#5666 = CARTESIAN_POINT('',(9.015,88.381901715729));
#5667 = CARTESIAN_POINT('',(-4.515,96.193450857864));
#5668 = CARTESIAN_POINT('',(-18.045,104.005));
#5669 = CARTESIAN_POINT('',(-4.515,111.81654914213));
#5670 = CARTESIAN_POINT('',(9.015,119.62809828427));
#5671 = CARTESIAN_POINT('',(9.015,104.005));
#5672 = ( GEOMETRIC_REPRESENTATION_CONTEXT(2) 
PARAMETRIC_REPRESENTATION_CONTEXT() REPRESENTATION_CONTEXT('2D SPACE',''
  ) );
#5673 = PCURVE('',#5674,#5679);
#5674 = CYLINDRICAL_SURFACE('',#5675,9.02);
#5675 = AXIS2_PLACEMENT_3D('',#5676,#5677,#5678);
#5676 = CARTESIAN_POINT('',(6.495,99.005,0.35));
#5677 = DIRECTION('',(-0.,-0.,-1.));
#5678 = DIRECTION('',(1.,0.,0.));
#5679 = DEFINITIONAL_REPRESENTATION('',(#5680),#5684);
#5680 = LINE('',#5681,#5682);
#5681 = CARTESIAN_POINT('',(-6.28318530718,-9.E-02));
#5682 = VECTOR('',#5683,1.);
#5683 = DIRECTION('',(1.,-0.));
#5684 = ( GEOMETRIC_REPRESENTATION_CONTEXT(2) 
PARAMETRIC_REPRESENTATION_CONTEXT() REPRESENTATION_CONTEXT('2D SPACE',''
  ) );
#5685 = ORIENTED_EDGE('',*,*,#5686,.T.);
#5686 = EDGE_CURVE('',#5654,#5687,#5689,.T.);
#5687 = VERTEX_POINT('',#5688);
#5688 = CARTESIAN_POINT('',(-0.3,105.3,0.44));
#5689 = SURFACE_CURVE('',#5690,(#5694,#5700),.PCURVE_S1.);
#5690 = LINE('',#5691,#5692);
#5691 = CARTESIAN_POINT('',(-0.3,-2.65,0.44));
#5692 = VECTOR('',#5693,1.);
#5693 = DIRECTION('',(0.,1.,0.));
#5694 = PCURVE('',#2638,#5695);
#5695 = DEFINITIONAL_REPRESENTATION('',(#5696),#5699);
#5696 = B_SPLINE_CURVE_WITH_KNOTS('',1,(#5697,#5698),.UNSPECIFIED.,.F.,
  .F.,(2,2),(2.35,107.95),.PIECEWISE_BEZIER_KNOTS.);
#5697 = CARTESIAN_POINT('',(-6.8,4.7));
#5698 = CARTESIAN_POINT('',(-6.8,110.3));
#5699 = ( GEOMETRIC_REPRESENTATION_CONTEXT(2) 
PARAMETRIC_REPRESENTATION_CONTEXT() REPRESENTATION_CONTEXT('2D SPACE',''
  ) );
#5700 = PCURVE('',#5701,#5706);
#5701 = PLANE('',#5702);
#5702 = AXIS2_PLACEMENT_3D('',#5703,#5704,#5705);
#5703 = CARTESIAN_POINT('',(-0.3,-0.3,5.E-02));
#5704 = DIRECTION('',(1.,0.,0.));
#5705 = DIRECTION('',(0.,0.,1.));
#5706 = DEFINITIONAL_REPRESENTATION('',(#5707),#5710);
#5707 = B_SPLINE_CURVE_WITH_KNOTS('',1,(#5708,#5709),.UNSPECIFIED.,.F.,
  .F.,(2,2),(2.35,107.95),.PIECEWISE_BEZIER_KNOTS.);
#5708 = CARTESIAN_POINT('',(0.39,0.));
#5709 = CARTESIAN_POINT('',(0.39,-105.6));
#5710 = ( GEOMETRIC_REPRESENTATION_CONTEXT(2) 
PARAMETRIC_REPRESENTATION_CONTEXT() REPRESENTATION_CONTEXT('2D SPACE',''
  ) );
#5711 = ORIENTED_EDGE('',*,*,#5712,.F.);
#5712 = EDGE_CURVE('',#5713,#5687,#5715,.T.);
#5713 = VERTEX_POINT('',#5714);
#5714 = CARTESIAN_POINT('',(3.486261755988E-02,105.3,0.44));
#5715 = SURFACE_CURVE('',#5716,(#5720,#5726),.PCURVE_S1.);
#5716 = LINE('',#5717,#5718);
#5717 = CARTESIAN_POINT('',(3.1,105.3,0.44));
#5718 = VECTOR('',#5719,1.);
#5719 = DIRECTION('',(-1.,0.,0.));
#5720 = PCURVE('',#2638,#5721);
#5721 = DEFINITIONAL_REPRESENTATION('',(#5722),#5725);
#5722 = B_SPLINE_CURVE_WITH_KNOTS('',1,(#5723,#5724),.UNSPECIFIED.,.F.,
  .F.,(2,2),(-57.2,3.4),.PIECEWISE_BEZIER_KNOTS.);
#5723 = CARTESIAN_POINT('',(53.8,110.3));
#5724 = CARTESIAN_POINT('',(-6.8,110.3));
#5725 = ( GEOMETRIC_REPRESENTATION_CONTEXT(2) 
PARAMETRIC_REPRESENTATION_CONTEXT() REPRESENTATION_CONTEXT('2D SPACE',''
  ) );
#5726 = PCURVE('',#5727,#5732);
#5727 = PLANE('',#5728);
#5728 = AXIS2_PLACEMENT_3D('',#5729,#5730,#5731);
#5729 = CARTESIAN_POINT('',(-0.3,105.3,5.E-02));
#5730 = DIRECTION('',(0.,1.,0.));
#5731 = DIRECTION('',(0.,0.,1.));
#5732 = DEFINITIONAL_REPRESENTATION('',(#5733),#5736);
#5733 = B_SPLINE_CURVE_WITH_KNOTS('',1,(#5734,#5735),.UNSPECIFIED.,.F.,
  .F.,(2,2),(-57.2,3.4),.PIECEWISE_BEZIER_KNOTS.);
#5734 = CARTESIAN_POINT('',(0.39,60.6));
#5735 = CARTESIAN_POINT('',(0.39,0.));
#5736 = ( GEOMETRIC_REPRESENTATION_CONTEXT(2) 
PARAMETRIC_REPRESENTATION_CONTEXT() REPRESENTATION_CONTEXT('2D SPACE',''
  ) );
#5737 = ORIENTED_EDGE('',*,*,#5738,.T.);
#5738 = EDGE_CURVE('',#5713,#5739,#5741,.T.);
#5739 = VERTEX_POINT('',#5740);
#5740 = CARTESIAN_POINT('',(6.495,108.025,0.44));
#5741 = SURFACE_CURVE('',#5742,(#5747,#5758),.PCURVE_S1.);
#5742 = CIRCLE('',#5743,9.02);
#5743 = AXIS2_PLACEMENT_3D('',#5744,#5745,#5746);
#5744 = CARTESIAN_POINT('',(6.495,99.005,0.44));
#5745 = DIRECTION('',(0.,0.,-1.));
#5746 = DIRECTION('',(1.,0.,0.));
#5747 = PCURVE('',#2638,#5748);
#5748 = DEFINITIONAL_REPRESENTATION('',(#5749),#5757);
#5749 = ( BOUNDED_CURVE() B_SPLINE_CURVE(2,(#5750,#5751,#5752,#5753,
#5754,#5755,#5756),.UNSPECIFIED.,.T.,.F.) B_SPLINE_CURVE_WITH_KNOTS((1,2
    ,2,2,2,1),(-2.094395102393,0.,2.094395102393,4.188790204786,
6.28318530718,8.377580409573),.UNSPECIFIED.) CURVE() 
GEOMETRIC_REPRESENTATION_ITEM() RATIONAL_B_SPLINE_CURVE((1.,0.5,1.,0.5,
1.,0.5,1.)) REPRESENTATION_ITEM('') );
#5750 = CARTESIAN_POINT('',(9.015,104.005));
#5751 = CARTESIAN_POINT('',(9.015,88.381901715729));
#5752 = CARTESIAN_POINT('',(-4.515,96.193450857864));
#5753 = CARTESIAN_POINT('',(-18.045,104.005));
#5754 = CARTESIAN_POINT('',(-4.515,111.81654914213));
#5755 = CARTESIAN_POINT('',(9.015,119.62809828427));
#5756 = CARTESIAN_POINT('',(9.015,104.005));
#5757 = ( GEOMETRIC_REPRESENTATION_CONTEXT(2) 
PARAMETRIC_REPRESENTATION_CONTEXT() REPRESENTATION_CONTEXT('2D SPACE',''
  ) );
#5758 = PCURVE('',#5759,#5764);
#5759 = CYLINDRICAL_SURFACE('',#5760,9.02);
#5760 = AXIS2_PLACEMENT_3D('',#5761,#5762,#5763);
#5761 = CARTESIAN_POINT('',(6.495,99.005,0.35));
#5762 = DIRECTION('',(-0.,-0.,-1.));
#5763 = DIRECTION('',(1.,0.,0.));
#5764 = DEFINITIONAL_REPRESENTATION('',(#5765),#5769);
#5765 = LINE('',#5766,#5767);
#5766 = CARTESIAN_POINT('',(-6.28318530718,-9.E-02));
#5767 = VECTOR('',#5768,1.);
#5768 = DIRECTION('',(1.,-0.));
#5769 = ( GEOMETRIC_REPRESENTATION_CONTEXT(2) 
PARAMETRIC_REPRESENTATION_CONTEXT() REPRESENTATION_CONTEXT('2D SPACE',''
  ) );
#5770 = ORIENTED_EDGE('',*,*,#5771,.F.);
#5771 = EDGE_CURVE('',#5345,#5739,#5772,.T.);
#5772 = SURFACE_CURVE('',#5773,(#5777,#5783),.PCURVE_S1.);
#5773 = LINE('',#5774,#5775);
#5774 = CARTESIAN_POINT('',(6.4975,108.025,0.44));
#5775 = VECTOR('',#5776,1.);
#5776 = DIRECTION('',(-1.,0.,0.));
#5777 = PCURVE('',#2638,#5778);
#5778 = DEFINITIONAL_REPRESENTATION('',(#5779),#5782);
#5779 = B_SPLINE_CURVE_WITH_KNOTS('',1,(#5780,#5781),.UNSPECIFIED.,.F.,
  .F.,(2,2),(-47.0075,2.500000000003E-03),.PIECEWISE_BEZIER_KNOTS.);
#5780 = CARTESIAN_POINT('',(47.005,113.025));
#5781 = CARTESIAN_POINT('',(-5.000000000006E-03,113.025));
#5782 = ( GEOMETRIC_REPRESENTATION_CONTEXT(2) 
PARAMETRIC_REPRESENTATION_CONTEXT() REPRESENTATION_CONTEXT('2D SPACE',''
  ) );
#5783 = PCURVE('',#5380,#5784);
#5784 = DEFINITIONAL_REPRESENTATION('',(#5785),#5788);
#5785 = B_SPLINE_CURVE_WITH_KNOTS('',1,(#5786,#5787),.UNSPECIFIED.,.F.,
  .F.,(2,2),(-47.0075,2.500000000003E-03),.PIECEWISE_BEZIER_KNOTS.);
#5786 = CARTESIAN_POINT('',(9.E-02,47.01));
#5787 = CARTESIAN_POINT('',(9.E-02,0.));
#5788 = ( GEOMETRIC_REPRESENTATION_CONTEXT(2) 
PARAMETRIC_REPRESENTATION_CONTEXT() REPRESENTATION_CONTEXT('2D SPACE',''
  ) );
#5789 = ADVANCED_FACE('',(#5790),#2610,.T.);
#5790 = FACE_BOUND('',#5791,.F.);
#5791 = EDGE_LOOP('',(#5792,#5793,#5794,#5795));
#5792 = ORIENTED_EDGE('',*,*,#3485,.F.);
#5793 = ORIENTED_EDGE('',*,*,#2594,.T.);
#5794 = ORIENTED_EDGE('',*,*,#5467,.T.);
#5795 = ORIENTED_EDGE('',*,*,#5796,.F.);
#5796 = EDGE_CURVE('',#3486,#5468,#5797,.T.);
#5797 = SURFACE_CURVE('',#5798,(#5802,#5809),.PCURVE_S1.);
#5798 = LINE('',#5799,#5800);
#5799 = CARTESIAN_POINT('',(-4.5,99.,-8.5));
#5800 = VECTOR('',#5801,1.);
#5801 = DIRECTION('',(0.,0.,1.));
#5802 = PCURVE('',#2610,#5803);
#5803 = DEFINITIONAL_REPRESENTATION('',(#5804),#5808);
#5804 = LINE('',#5805,#5806);
#5805 = CARTESIAN_POINT('',(-3.14159265359,0.));
#5806 = VECTOR('',#5807,1.);
#5807 = DIRECTION('',(-0.,-1.));
#5808 = ( GEOMETRIC_REPRESENTATION_CONTEXT(2) 
PARAMETRIC_REPRESENTATION_CONTEXT() REPRESENTATION_CONTEXT('2D SPACE',''
  ) );
#5809 = PCURVE('',#3443,#5810);
#5810 = DEFINITIONAL_REPRESENTATION('',(#5811),#5815);
#5811 = LINE('',#5812,#5813);
#5812 = CARTESIAN_POINT('',(0.,-93.));
#5813 = VECTOR('',#5814,1.);
#5814 = DIRECTION('',(1.,0.));
#5815 = ( GEOMETRIC_REPRESENTATION_CONTEXT(2) 
PARAMETRIC_REPRESENTATION_CONTEXT() REPRESENTATION_CONTEXT('2D SPACE',''
  ) );
#5816 = ADVANCED_FACE('',(#5817),#2863,.T.);
#5817 = FACE_BOUND('',#5818,.T.);
#5818 = EDGE_LOOP('',(#5819,#5820,#5821,#5822,#5843,#5864,#5885,#5904));
#5819 = ORIENTED_EDGE('',*,*,#2903,.F.);
#5820 = ORIENTED_EDGE('',*,*,#2847,.T.);
#5821 = ORIENTED_EDGE('',*,*,#4240,.F.);
#5822 = ORIENTED_EDGE('',*,*,#5823,.T.);
#5823 = EDGE_CURVE('',#4220,#5824,#5826,.T.);
#5824 = VERTEX_POINT('',#5825);
#5825 = CARTESIAN_POINT('',(14.79,-2.025,0.2));
#5826 = SURFACE_CURVE('',#5827,(#5831,#5837),.PCURVE_S1.);
#5827 = LINE('',#5828,#5829);
#5828 = CARTESIAN_POINT('',(14.79,0.575,0.2));
#5829 = VECTOR('',#5830,1.);
#5830 = DIRECTION('',(0.,1.,0.));
#5831 = PCURVE('',#2863,#5832);
#5832 = DEFINITIONAL_REPRESENTATION('',(#5833),#5836);
#5833 = B_SPLINE_CURVE_WITH_KNOTS('',1,(#5834,#5835),.UNSPECIFIED.,.F.,
  .F.,(2,2),(-3.775,-0.875),.PIECEWISE_BEZIER_KNOTS.);
#5834 = CARTESIAN_POINT('',(1.5,-1.65));
#5835 = CARTESIAN_POINT('',(1.5,-4.55));
#5836 = ( GEOMETRIC_REPRESENTATION_CONTEXT(2) 
PARAMETRIC_REPRESENTATION_CONTEXT() REPRESENTATION_CONTEXT('2D SPACE',''
  ) );
#5837 = PCURVE('',#3178,#5838);
#5838 = DEFINITIONAL_REPRESENTATION('',(#5839),#5842);
#5839 = B_SPLINE_CURVE_WITH_KNOTS('',1,(#5840,#5841),.UNSPECIFIED.,.F.,
  .F.,(2,2),(-3.775,-0.875),.PIECEWISE_BEZIER_KNOTS.);
#5840 = CARTESIAN_POINT('',(8.29,-9.2));
#5841 = CARTESIAN_POINT('',(8.29,-6.3));
#5842 = ( GEOMETRIC_REPRESENTATION_CONTEXT(2) 
PARAMETRIC_REPRESENTATION_CONTEXT() REPRESENTATION_CONTEXT('2D SPACE',''
  ) );
#5843 = ORIENTED_EDGE('',*,*,#5844,.F.);
#5844 = EDGE_CURVE('',#5845,#5824,#5847,.T.);
#5845 = VERTEX_POINT('',#5846);
#5846 = CARTESIAN_POINT('',(14.79,-2.025,1.5));
#5847 = SURFACE_CURVE('',#5848,(#5852,#5858),.PCURVE_S1.);
#5848 = LINE('',#5849,#5850);
#5849 = CARTESIAN_POINT('',(14.79,-2.025,-0.525));
#5850 = VECTOR('',#5851,1.);
#5851 = DIRECTION('',(0.,0.,-1.));
#5852 = PCURVE('',#2863,#5853);
#5853 = DEFINITIONAL_REPRESENTATION('',(#5854),#5857);
#5854 = B_SPLINE_CURVE_WITH_KNOTS('',1,(#5855,#5856),.UNSPECIFIED.,.F.,
  .F.,(2,2),(-2.025,-0.725),.PIECEWISE_BEZIER_KNOTS.);
#5855 = CARTESIAN_POINT('',(2.8,-2.825));
#5856 = CARTESIAN_POINT('',(1.5,-2.825));
#5857 = ( GEOMETRIC_REPRESENTATION_CONTEXT(2) 
PARAMETRIC_REPRESENTATION_CONTEXT() REPRESENTATION_CONTEXT('2D SPACE',''
  ) );
#5858 = PCURVE('',#3206,#5859);
#5859 = DEFINITIONAL_REPRESENTATION('',(#5860),#5863);
#5860 = B_SPLINE_CURVE_WITH_KNOTS('',1,(#5861,#5862),.UNSPECIFIED.,.F.,
  .F.,(2,2),(-2.025,-0.725),.PIECEWISE_BEZIER_KNOTS.);
#5861 = CARTESIAN_POINT('',(1.25,8.295));
#5862 = CARTESIAN_POINT('',(-5.E-02,8.295));
#5863 = ( GEOMETRIC_REPRESENTATION_CONTEXT(2) 
PARAMETRIC_REPRESENTATION_CONTEXT() REPRESENTATION_CONTEXT('2D SPACE',''
  ) );
#5864 = ORIENTED_EDGE('',*,*,#5865,.F.);
#5865 = EDGE_CURVE('',#5866,#5845,#5868,.T.);
#5866 = VERTEX_POINT('',#5867);
#5867 = CARTESIAN_POINT('',(14.79,-3.025,1.5));
#5868 = SURFACE_CURVE('',#5869,(#5873,#5879),.PCURVE_S1.);
#5869 = LINE('',#5870,#5871);
#5870 = CARTESIAN_POINT('',(14.79,-3.9375,1.5));
#5871 = VECTOR('',#5872,1.);
#5872 = DIRECTION('',(0.,1.,0.));
#5873 = PCURVE('',#2863,#5874);
#5874 = DEFINITIONAL_REPRESENTATION('',(#5875),#5878);
#5875 = B_SPLINE_CURVE_WITH_KNOTS('',1,(#5876,#5877),.UNSPECIFIED.,.F.,
  .F.,(2,2),(0.9125,3.6375),.PIECEWISE_BEZIER_KNOTS.);
#5876 = CARTESIAN_POINT('',(2.8,-1.825));
#5877 = CARTESIAN_POINT('',(2.8,-4.55));
#5878 = ( GEOMETRIC_REPRESENTATION_CONTEXT(2) 
PARAMETRIC_REPRESENTATION_CONTEXT() REPRESENTATION_CONTEXT('2D SPACE',''
  ) );
#5879 = PCURVE('',#3233,#5880);
#5880 = DEFINITIONAL_REPRESENTATION('',(#5881),#5884);
#5881 = B_SPLINE_CURVE_WITH_KNOTS('',1,(#5882,#5883),.UNSPECIFIED.,.F.,
  .F.,(2,2),(0.9125,3.6375),.PIECEWISE_BEZIER_KNOTS.);
#5882 = CARTESIAN_POINT('',(8.295,-3.552713678801E-15));
#5883 = CARTESIAN_POINT('',(8.295,2.725));
#5884 = ( GEOMETRIC_REPRESENTATION_CONTEXT(2) 
PARAMETRIC_REPRESENTATION_CONTEXT() REPRESENTATION_CONTEXT('2D SPACE',''
  ) );
#5885 = ORIENTED_EDGE('',*,*,#5886,.T.);
#5886 = EDGE_CURVE('',#5866,#2980,#5887,.T.);
#5887 = SURFACE_CURVE('',#5888,(#5892,#5898),.PCURVE_S1.);
#5888 = LINE('',#5889,#5890);
#5889 = CARTESIAN_POINT('',(14.79,-3.025,-0.475));
#5890 = VECTOR('',#5891,1.);
#5891 = DIRECTION('',(0.,0.,-1.));
#5892 = PCURVE('',#2863,#5893);
#5893 = DEFINITIONAL_REPRESENTATION('',(#5894),#5897);
#5894 = B_SPLINE_CURVE_WITH_KNOTS('',1,(#5895,#5896),.UNSPECIFIED.,.F.,
  .F.,(2,2),(-1.975,-0.915),.PIECEWISE_BEZIER_KNOTS.);
#5895 = CARTESIAN_POINT('',(2.8,-1.825));
#5896 = CARTESIAN_POINT('',(1.74,-1.825));
#5897 = ( GEOMETRIC_REPRESENTATION_CONTEXT(2) 
PARAMETRIC_REPRESENTATION_CONTEXT() REPRESENTATION_CONTEXT('2D SPACE',''
  ) );
#5898 = PCURVE('',#3013,#5899);
#5899 = DEFINITIONAL_REPRESENTATION('',(#5900),#5903);
#5900 = B_SPLINE_CURVE_WITH_KNOTS('',1,(#5901,#5902),.UNSPECIFIED.,.F.,
  .F.,(2,2),(-1.975,-0.915),.PIECEWISE_BEZIER_KNOTS.);
#5901 = CARTESIAN_POINT('',(1.15,8.295));
#5902 = CARTESIAN_POINT('',(9.E-02,8.295));
#5903 = ( GEOMETRIC_REPRESENTATION_CONTEXT(2) 
PARAMETRIC_REPRESENTATION_CONTEXT() REPRESENTATION_CONTEXT('2D SPACE',''
  ) );
#5904 = ORIENTED_EDGE('',*,*,#2979,.F.);
#5905 = ADVANCED_FACE('',(#5906),#3013,.F.);
#5906 = FACE_BOUND('',#5907,.F.);
#5907 = EDGE_LOOP('',(#5908,#5929,#5930,#5931));
#5908 = ORIENTED_EDGE('',*,*,#5909,.T.);
#5909 = EDGE_CURVE('',#3219,#5866,#5910,.T.);
#5910 = SURFACE_CURVE('',#5911,(#5915,#5922),.PCURVE_S1.);
#5911 = LINE('',#5912,#5913);
#5912 = CARTESIAN_POINT('',(6.495,-3.025,1.5));
#5913 = VECTOR('',#5914,1.);
#5914 = DIRECTION('',(1.,0.,0.));
#5915 = PCURVE('',#3013,#5916);
#5916 = DEFINITIONAL_REPRESENTATION('',(#5917),#5921);
#5917 = LINE('',#5918,#5919);
#5918 = CARTESIAN_POINT('',(1.15,0.));
#5919 = VECTOR('',#5920,1.);
#5920 = DIRECTION('',(0.,1.));
#5921 = ( GEOMETRIC_REPRESENTATION_CONTEXT(2) 
PARAMETRIC_REPRESENTATION_CONTEXT() REPRESENTATION_CONTEXT('2D SPACE',''
  ) );
#5922 = PCURVE('',#3233,#5923);
#5923 = DEFINITIONAL_REPRESENTATION('',(#5924),#5928);
#5924 = LINE('',#5925,#5926);
#5925 = CARTESIAN_POINT('',(0.,0.));
#5926 = VECTOR('',#5927,1.);
#5927 = DIRECTION('',(1.,0.));
#5928 = ( GEOMETRIC_REPRESENTATION_CONTEXT(2) 
PARAMETRIC_REPRESENTATION_CONTEXT() REPRESENTATION_CONTEXT('2D SPACE',''
  ) );
#5929 = ORIENTED_EDGE('',*,*,#5886,.T.);
#5930 = ORIENTED_EDGE('',*,*,#3000,.T.);
#5931 = ORIENTED_EDGE('',*,*,#3244,.F.);
#5932 = ADVANCED_FACE('',(#5933),#3046,.F.);
#5933 = FACE_BOUND('',#5934,.F.);
#5934 = EDGE_LOOP('',(#5935,#5956,#5957,#5978));
#5935 = ORIENTED_EDGE('',*,*,#5936,.T.);
#5936 = EDGE_CURVE('',#5937,#3028,#5939,.T.);
#5937 = VERTEX_POINT('',#5938);
#5938 = CARTESIAN_POINT('',(5.084547944806,-1.9,0.2));
#5939 = SURFACE_CURVE('',#5940,(#5944,#5950),.PCURVE_S1.);
#5940 = LINE('',#5941,#5942);
#5941 = CARTESIAN_POINT('',(7.035,-1.9,0.2));
#5942 = VECTOR('',#5943,1.);
#5943 = DIRECTION('',(-1.,0.,0.));
#5944 = PCURVE('',#3046,#5945);
#5945 = DEFINITIONAL_REPRESENTATION('',(#5946),#5949);
#5946 = B_SPLINE_CURVE_WITH_KNOTS('',1,(#5947,#5948),.UNSPECIFIED.,.F.,
  .F.,(2,2),(-6.035,4.965),.PIECEWISE_BEZIER_KNOTS.);
#5947 = CARTESIAN_POINT('',(-3.9,5.5));
#5948 = CARTESIAN_POINT('',(-3.9,-5.5));
#5949 = ( GEOMETRIC_REPRESENTATION_CONTEXT(2) 
PARAMETRIC_REPRESENTATION_CONTEXT() REPRESENTATION_CONTEXT('2D SPACE',''
  ) );
#5950 = PCURVE('',#3073,#5951);
#5951 = DEFINITIONAL_REPRESENTATION('',(#5952),#5955);
#5952 = B_SPLINE_CURVE_WITH_KNOTS('',1,(#5953,#5954),.UNSPECIFIED.,.F.,
  .F.,(2,2),(-6.035,4.965),.PIECEWISE_BEZIER_KNOTS.);
#5953 = CARTESIAN_POINT('',(6.57,-7.9));
#5954 = CARTESIAN_POINT('',(-4.43,-7.9));
#5955 = ( GEOMETRIC_REPRESENTATION_CONTEXT(2) 
PARAMETRIC_REPRESENTATION_CONTEXT() REPRESENTATION_CONTEXT('2D SPACE',''
  ) );
#5956 = ORIENTED_EDGE('',*,*,#3027,.T.);
#5957 = ORIENTED_EDGE('',*,*,#5958,.F.);
#5958 = EDGE_CURVE('',#5959,#3030,#5961,.T.);
#5959 = VERTEX_POINT('',#5960);
#5960 = CARTESIAN_POINT('',(5.084547944806,-1.9,1.5));
#5961 = SURFACE_CURVE('',#5962,(#5966,#5972),.PCURVE_S1.);
#5962 = LINE('',#5963,#5964);
#5963 = CARTESIAN_POINT('',(7.0325,-1.9,1.5));
#5964 = VECTOR('',#5965,1.);
#5965 = DIRECTION('',(-1.,0.,0.));
#5966 = PCURVE('',#3046,#5967);
#5967 = DEFINITIONAL_REPRESENTATION('',(#5968),#5971);
#5968 = B_SPLINE_CURVE_WITH_KNOTS('',1,(#5969,#5970),.UNSPECIFIED.,.F.,
  .F.,(2,2),(-6.0375,4.9625),.PIECEWISE_BEZIER_KNOTS.);
#5969 = CARTESIAN_POINT('',(-2.6,5.5));
#5970 = CARTESIAN_POINT('',(-2.6,-5.5));
#5971 = ( GEOMETRIC_REPRESENTATION_CONTEXT(2) 
PARAMETRIC_REPRESENTATION_CONTEXT() REPRESENTATION_CONTEXT('2D SPACE',''
  ) );
#5972 = PCURVE('',#3389,#5973);
#5973 = DEFINITIONAL_REPRESENTATION('',(#5974),#5977);
#5974 = B_SPLINE_CURVE_WITH_KNOTS('',1,(#5975,#5976),.UNSPECIFIED.,.F.,
  .F.,(2,2),(-6.0375,4.9625),.PIECEWISE_BEZIER_KNOTS.);
#5975 = CARTESIAN_POINT('',(6.575,1.125));
#5976 = CARTESIAN_POINT('',(-4.425,1.125));
#5977 = ( GEOMETRIC_REPRESENTATION_CONTEXT(2) 
PARAMETRIC_REPRESENTATION_CONTEXT() REPRESENTATION_CONTEXT('2D SPACE',''
  ) );
#5978 = ORIENTED_EDGE('',*,*,#5979,.T.);
#5979 = EDGE_CURVE('',#5959,#5937,#5980,.T.);
#5980 = SURFACE_CURVE('',#5981,(#5985,#5991),.PCURVE_S1.);
#5981 = LINE('',#5982,#5983);
#5982 = CARTESIAN_POINT('',(5.084547944806,-1.9,0.25));
#5983 = VECTOR('',#5984,1.);
#5984 = DIRECTION('',(-0.,-0.,-1.));
#5985 = PCURVE('',#3046,#5986);
#5986 = DEFINITIONAL_REPRESENTATION('',(#5987),#5990);
#5987 = B_SPLINE_CURVE_WITH_KNOTS('',1,(#5988,#5989),.UNSPECIFIED.,.F.,
  .F.,(2,2),(-1.2500006,5.00006E-02),.PIECEWISE_BEZIER_KNOTS.);
#5988 = CARTESIAN_POINT('',(-2.5999994,-2.485452055194));
#5989 = CARTESIAN_POINT('',(-3.9000006,-2.485452055194));
#5990 = ( GEOMETRIC_REPRESENTATION_CONTEXT(2) 
PARAMETRIC_REPRESENTATION_CONTEXT() REPRESENTATION_CONTEXT('2D SPACE',''
  ) );
#5991 = PCURVE('',#5992,#5997);
#5992 = CYLINDRICAL_SURFACE('',#5993,8.02);
#5993 = AXIS2_PLACEMENT_3D('',#5994,#5995,#5996);
#5994 = CARTESIAN_POINT('',(6.495,5.995,0.25));
#5995 = DIRECTION('',(-0.,-0.,-1.));
#5996 = DIRECTION('',(1.,0.,0.));
#5997 = DEFINITIONAL_REPRESENTATION('',(#5998),#6001);
#5998 = B_SPLINE_CURVE_WITH_KNOTS('',1,(#5999,#6000),.UNSPECIFIED.,.F.,
  .F.,(2,2),(-1.2500006,5.00006E-02),.PIECEWISE_BEZIER_KNOTS.);
#5999 = CARTESIAN_POINT('',(-4.535602717053,-1.2500006));
#6000 = CARTESIAN_POINT('',(-4.535602717053,5.00006E-02));
#6001 = ( GEOMETRIC_REPRESENTATION_CONTEXT(2) 
PARAMETRIC_REPRESENTATION_CONTEXT() REPRESENTATION_CONTEXT('2D SPACE',''
  ) );
#6002 = ADVANCED_FACE('',(#6003),#3389,.T.);
#6003 = FACE_BOUND('',#6004,.T.);
#6004 = EDGE_LOOP('',(#6005,#6029,#6030,#6031,#6059));
#6005 = ORIENTED_EDGE('',*,*,#6006,.T.);
#6006 = EDGE_CURVE('',#6007,#3340,#6009,.T.);
#6007 = VERTEX_POINT('',#6008);
#6008 = CARTESIAN_POINT('',(3.486261755988E-02,-0.3,1.5));
#6009 = SURFACE_CURVE('',#6010,(#6015,#6022),.PCURVE_S1.);
#6010 = CIRCLE('',#6011,9.02);
#6011 = AXIS2_PLACEMENT_3D('',#6012,#6013,#6014);
#6012 = CARTESIAN_POINT('',(6.495,5.995,1.5));
#6013 = DIRECTION('',(0.,0.,1.));
#6014 = DIRECTION('',(1.,0.,0.));
#6015 = PCURVE('',#3389,#6016);
#6016 = DEFINITIONAL_REPRESENTATION('',(#6017),#6021);
#6017 = CIRCLE('',#6018,9.02);
#6018 = AXIS2_PLACEMENT_2D('',#6019,#6020);
#6019 = CARTESIAN_POINT('',(0.,9.02));
#6020 = DIRECTION('',(1.,0.));
#6021 = ( GEOMETRIC_REPRESENTATION_CONTEXT(2) 
PARAMETRIC_REPRESENTATION_CONTEXT() REPRESENTATION_CONTEXT('2D SPACE',''
  ) );
#6022 = PCURVE('',#3361,#6023);
#6023 = DEFINITIONAL_REPRESENTATION('',(#6024),#6028);
#6024 = LINE('',#6025,#6026);
#6025 = CARTESIAN_POINT('',(-0.,-1.15));
#6026 = VECTOR('',#6027,1.);
#6027 = DIRECTION('',(-1.,0.));
#6028 = ( GEOMETRIC_REPRESENTATION_CONTEXT(2) 
PARAMETRIC_REPRESENTATION_CONTEXT() REPRESENTATION_CONTEXT('2D SPACE',''
  ) );
#6029 = ORIENTED_EDGE('',*,*,#3376,.T.);
#6030 = ORIENTED_EDGE('',*,*,#5958,.F.);
#6031 = ORIENTED_EDGE('',*,*,#6032,.T.);
#6032 = EDGE_CURVE('',#5959,#6033,#6035,.T.);
#6033 = VERTEX_POINT('',#6034);
#6034 = CARTESIAN_POINT('',(1.52575709992,-0.3,1.5));
#6035 = SURFACE_CURVE('',#6036,(#6041,#6052),.PCURVE_S1.);
#6036 = CIRCLE('',#6037,8.02);
#6037 = AXIS2_PLACEMENT_3D('',#6038,#6039,#6040);
#6038 = CARTESIAN_POINT('',(6.495,5.995,1.5));
#6039 = DIRECTION('',(0.,0.,-1.));
#6040 = DIRECTION('',(1.,0.,0.));
#6041 = PCURVE('',#3389,#6042);
#6042 = DEFINITIONAL_REPRESENTATION('',(#6043),#6051);
#6043 = ( BOUNDED_CURVE() B_SPLINE_CURVE(2,(#6044,#6045,#6046,#6047,
#6048,#6049,#6050),.UNSPECIFIED.,.T.,.F.) B_SPLINE_CURVE_WITH_KNOTS((1,2
    ,2,2,2,1),(-2.094395102393,0.,2.094395102393,4.188790204786,
6.28318530718,8.377580409573),.UNSPECIFIED.) CURVE() 
GEOMETRIC_REPRESENTATION_ITEM() RATIONAL_B_SPLINE_CURVE((1.,0.5,1.,0.5,
1.,0.5,1.)) REPRESENTATION_ITEM('') );
#6044 = CARTESIAN_POINT('',(8.02,9.02));
#6045 = CARTESIAN_POINT('',(8.02,-4.871047476702));
#6046 = CARTESIAN_POINT('',(-4.01,2.074476261649));
#6047 = CARTESIAN_POINT('',(-16.04,9.02));
#6048 = CARTESIAN_POINT('',(-4.01,15.965523738351));
#6049 = CARTESIAN_POINT('',(8.02,22.911047476702));
#6050 = CARTESIAN_POINT('',(8.02,9.02));
#6051 = ( GEOMETRIC_REPRESENTATION_CONTEXT(2) 
PARAMETRIC_REPRESENTATION_CONTEXT() REPRESENTATION_CONTEXT('2D SPACE',''
  ) );
#6052 = PCURVE('',#5992,#6053);
#6053 = DEFINITIONAL_REPRESENTATION('',(#6054),#6058);
#6054 = LINE('',#6055,#6056);
#6055 = CARTESIAN_POINT('',(-6.28318530718,-1.25));
#6056 = VECTOR('',#6057,1.);
#6057 = DIRECTION('',(1.,-0.));
#6058 = ( GEOMETRIC_REPRESENTATION_CONTEXT(2) 
PARAMETRIC_REPRESENTATION_CONTEXT() REPRESENTATION_CONTEXT('2D SPACE',''
  ) );
#6059 = ORIENTED_EDGE('',*,*,#6060,.T.);
#6060 = EDGE_CURVE('',#6033,#6007,#6061,.T.);
#6061 = SURFACE_CURVE('',#6062,(#6066,#6072),.PCURVE_S1.);
#6062 = LINE('',#6063,#6064);
#6063 = CARTESIAN_POINT('',(3.0975,-0.3,1.5));
#6064 = VECTOR('',#6065,1.);
#6065 = DIRECTION('',(-1.,0.,0.));
#6066 = PCURVE('',#3389,#6067);
#6067 = DEFINITIONAL_REPRESENTATION('',(#6068),#6071);
#6068 = B_SPLINE_CURVE_WITH_KNOTS('',1,(#6069,#6070),.UNSPECIFIED.,.F.,
  .F.,(2,2),(-57.2025,3.3975),.PIECEWISE_BEZIER_KNOTS.);
#6069 = CARTESIAN_POINT('',(53.805,2.725));
#6070 = CARTESIAN_POINT('',(-6.795,2.725));
#6071 = ( GEOMETRIC_REPRESENTATION_CONTEXT(2) 
PARAMETRIC_REPRESENTATION_CONTEXT() REPRESENTATION_CONTEXT('2D SPACE',''
  ) );
#6072 = PCURVE('',#5557,#6073);
#6073 = DEFINITIONAL_REPRESENTATION('',(#6074),#6077);
#6074 = B_SPLINE_CURVE_WITH_KNOTS('',1,(#6075,#6076),.UNSPECIFIED.,.F.,
  .F.,(2,2),(-57.2025,3.3975),.PIECEWISE_BEZIER_KNOTS.);
#6075 = CARTESIAN_POINT('',(1.45,60.6));
#6076 = CARTESIAN_POINT('',(1.45,0.));
#6077 = ( GEOMETRIC_REPRESENTATION_CONTEXT(2) 
PARAMETRIC_REPRESENTATION_CONTEXT() REPRESENTATION_CONTEXT('2D SPACE',''
  ) );
#6078 = ADVANCED_FACE('',(#6079),#3361,.T.);
#6079 = FACE_BOUND('',#6080,.F.);
#6080 = EDGE_LOOP('',(#6081,#6082,#6083,#6102));
#6081 = ORIENTED_EDGE('',*,*,#3339,.F.);
#6082 = ORIENTED_EDGE('',*,*,#5514,.T.);
#6083 = ORIENTED_EDGE('',*,*,#6084,.F.);
#6084 = EDGE_CURVE('',#6007,#5515,#6085,.T.);
#6085 = SURFACE_CURVE('',#6086,(#6090,#6096),.PCURVE_S1.);
#6086 = LINE('',#6087,#6088);
#6087 = CARTESIAN_POINT('',(3.486261755988E-02,-0.3,0.35));
#6088 = VECTOR('',#6089,1.);
#6089 = DIRECTION('',(-0.,-0.,-1.));
#6090 = PCURVE('',#3361,#6091);
#6091 = DEFINITIONAL_REPRESENTATION('',(#6092),#6095);
#6092 = B_SPLINE_CURVE_WITH_KNOTS('',1,(#6093,#6094),.UNSPECIFIED.,.F.,
  .F.,(2,2),(-1.1500006,-8.99994E-02),.PIECEWISE_BEZIER_KNOTS.);
#6093 = CARTESIAN_POINT('',(-3.914044805372,-1.1500006));
#6094 = CARTESIAN_POINT('',(-3.914044805372,-8.99994E-02));
#6095 = ( GEOMETRIC_REPRESENTATION_CONTEXT(2) 
PARAMETRIC_REPRESENTATION_CONTEXT() REPRESENTATION_CONTEXT('2D SPACE',''
  ) );
#6096 = PCURVE('',#5557,#6097);
#6097 = DEFINITIONAL_REPRESENTATION('',(#6098),#6101);
#6098 = B_SPLINE_CURVE_WITH_KNOTS('',1,(#6099,#6100),.UNSPECIFIED.,.F.,
  .F.,(2,2),(-1.1500006,-8.99994E-02),.PIECEWISE_BEZIER_KNOTS.);
#6099 = CARTESIAN_POINT('',(1.4500006,0.33486261756));
#6100 = CARTESIAN_POINT('',(0.3899994,0.33486261756));
#6101 = ( GEOMETRIC_REPRESENTATION_CONTEXT(2) 
PARAMETRIC_REPRESENTATION_CONTEXT() REPRESENTATION_CONTEXT('2D SPACE',''
  ) );
#6102 = ORIENTED_EDGE('',*,*,#6006,.T.);
#6103 = ADVANCED_FACE('',(#6104),#3233,.T.);
#6104 = FACE_BOUND('',#6105,.T.);
#6105 = EDGE_LOOP('',(#6106,#6107,#6108,#6109));
#6106 = ORIENTED_EDGE('',*,*,#3218,.F.);
#6107 = ORIENTED_EDGE('',*,*,#5909,.T.);
#6108 = ORIENTED_EDGE('',*,*,#5865,.T.);
#6109 = ORIENTED_EDGE('',*,*,#6110,.T.);
#6110 = EDGE_CURVE('',#5845,#3190,#6111,.T.);
#6111 = SURFACE_CURVE('',#6112,(#6116,#6122),.PCURVE_S1.);
#6112 = LINE('',#6113,#6114);
#6113 = CARTESIAN_POINT('',(6.495,-2.025,1.5));
#6114 = VECTOR('',#6115,1.);
#6115 = DIRECTION('',(-1.,0.,0.));
#6116 = PCURVE('',#3233,#6117);
#6117 = DEFINITIONAL_REPRESENTATION('',(#6118),#6121);
#6118 = B_SPLINE_CURVE_WITH_KNOTS('',1,(#6119,#6120),.UNSPECIFIED.,.F.,
  .F.,(2,2),(-47.01,0.),.PIECEWISE_BEZIER_KNOTS.);
#6119 = CARTESIAN_POINT('',(47.01,1.));
#6120 = CARTESIAN_POINT('',(0.,1.));
#6121 = ( GEOMETRIC_REPRESENTATION_CONTEXT(2) 
PARAMETRIC_REPRESENTATION_CONTEXT() REPRESENTATION_CONTEXT('2D SPACE',''
  ) );
#6122 = PCURVE('',#3206,#6123);
#6123 = DEFINITIONAL_REPRESENTATION('',(#6124),#6128);
#6124 = LINE('',#6125,#6126);
#6125 = CARTESIAN_POINT('',(1.25,0.));
#6126 = VECTOR('',#6127,1.);
#6127 = DIRECTION('',(0.,-1.));
#6128 = ( GEOMETRIC_REPRESENTATION_CONTEXT(2) 
PARAMETRIC_REPRESENTATION_CONTEXT() REPRESENTATION_CONTEXT('2D SPACE',''
  ) );
#6129 = ADVANCED_FACE('',(#6130),#3206,.T.);
#6130 = FACE_BOUND('',#6131,.T.);
#6131 = EDGE_LOOP('',(#6132,#6133,#6134,#6154));
#6132 = ORIENTED_EDGE('',*,*,#6110,.F.);
#6133 = ORIENTED_EDGE('',*,*,#5844,.T.);
#6134 = ORIENTED_EDGE('',*,*,#6135,.T.);
#6135 = EDGE_CURVE('',#5824,#3164,#6136,.T.);
#6136 = SURFACE_CURVE('',#6137,(#6141,#6148),.PCURVE_S1.);
#6137 = LINE('',#6138,#6139);
#6138 = CARTESIAN_POINT('',(6.4975,-2.025,0.2));
#6139 = VECTOR('',#6140,1.);
#6140 = DIRECTION('',(-1.,0.,0.));
#6141 = PCURVE('',#3206,#6142);
#6142 = DEFINITIONAL_REPRESENTATION('',(#6143),#6147);
#6143 = LINE('',#6144,#6145);
#6144 = CARTESIAN_POINT('',(-5.E-02,2.500000000003E-03));
#6145 = VECTOR('',#6146,1.);
#6146 = DIRECTION('',(0.,-1.));
#6147 = ( GEOMETRIC_REPRESENTATION_CONTEXT(2) 
PARAMETRIC_REPRESENTATION_CONTEXT() REPRESENTATION_CONTEXT('2D SPACE',''
  ) );
#6148 = PCURVE('',#3178,#6149);
#6149 = DEFINITIONAL_REPRESENTATION('',(#6150),#6153);
#6150 = B_SPLINE_CURVE_WITH_KNOTS('',1,(#6151,#6152),.UNSPECIFIED.,.F.,
  .F.,(2,2),(-47.0075,2.500000000003E-03),.PIECEWISE_BEZIER_KNOTS.);
#6151 = CARTESIAN_POINT('',(47.005,-8.025));
#6152 = CARTESIAN_POINT('',(-5.000000000005E-03,-8.025));
#6153 = ( GEOMETRIC_REPRESENTATION_CONTEXT(2) 
PARAMETRIC_REPRESENTATION_CONTEXT() REPRESENTATION_CONTEXT('2D SPACE',''
  ) );
#6154 = ORIENTED_EDGE('',*,*,#3189,.F.);
#6155 = ADVANCED_FACE('',(#6156),#3178,.F.);
#6156 = FACE_BOUND('',#6157,.F.);
#6157 = EDGE_LOOP('',(#6158,#6159,#6160,#6161));
#6158 = ORIENTED_EDGE('',*,*,#6135,.T.);
#6159 = ORIENTED_EDGE('',*,*,#3163,.F.);
#6160 = ORIENTED_EDGE('',*,*,#4219,.T.);
#6161 = ORIENTED_EDGE('',*,*,#5823,.T.);
#6162 = ADVANCED_FACE('',(#6163),#3118,.F.);
#6163 = FACE_BOUND('',#6164,.T.);
#6164 = EDGE_LOOP('',(#6165,#6189,#6217,#6250,#6271,#6304,#6325,#6351,
    #6352));
#6165 = ORIENTED_EDGE('',*,*,#6166,.F.);
#6166 = EDGE_CURVE('',#6167,#4170,#6169,.T.);
#6167 = VERTEX_POINT('',#6168);
#6168 = CARTESIAN_POINT('',(-2.7,6.,-6.7));
#6169 = SURFACE_CURVE('',#6170,(#6175,#6182),.PCURVE_S1.);
#6170 = CIRCLE('',#6171,9.2);
#6171 = AXIS2_PLACEMENT_3D('',#6172,#6173,#6174);
#6172 = CARTESIAN_POINT('',(6.5,6.,-6.7));
#6173 = DIRECTION('',(0.,0.,1.));
#6174 = DIRECTION('',(1.,0.,0.));
#6175 = PCURVE('',#3118,#6176);
#6176 = DEFINITIONAL_REPRESENTATION('',(#6177),#6181);
#6177 = LINE('',#6178,#6179);
#6178 = CARTESIAN_POINT('',(-0.,0.));
#6179 = VECTOR('',#6180,1.);
#6180 = DIRECTION('',(-1.,0.));
#6181 = ( GEOMETRIC_REPRESENTATION_CONTEXT(2) 
PARAMETRIC_REPRESENTATION_CONTEXT() REPRESENTATION_CONTEXT('2D SPACE',''
  ) );
#6182 = PCURVE('',#4185,#6183);
#6183 = DEFINITIONAL_REPRESENTATION('',(#6184),#6188);
#6184 = CIRCLE('',#6185,9.2);
#6185 = AXIS2_PLACEMENT_2D('',#6186,#6187);
#6186 = CARTESIAN_POINT('',(8.881784197001E-16,-8.881784197001E-16));
#6187 = DIRECTION('',(1.,0.));
#6188 = ( GEOMETRIC_REPRESENTATION_CONTEXT(2) 
PARAMETRIC_REPRESENTATION_CONTEXT() REPRESENTATION_CONTEXT('2D SPACE',''
  ) );
#6189 = ORIENTED_EDGE('',*,*,#6190,.T.);
#6190 = EDGE_CURVE('',#6167,#6191,#6193,.T.);
#6191 = VERTEX_POINT('',#6192);
#6192 = CARTESIAN_POINT('',(-2.7,6.,0.2));
#6193 = SURFACE_CURVE('',#6194,(#6198,#6205),.PCURVE_S1.);
#6194 = LINE('',#6195,#6196);
#6195 = CARTESIAN_POINT('',(-2.7,6.,-6.7));
#6196 = VECTOR('',#6197,1.);
#6197 = DIRECTION('',(0.,0.,1.));
#6198 = PCURVE('',#3118,#6199);
#6199 = DEFINITIONAL_REPRESENTATION('',(#6200),#6204);
#6200 = LINE('',#6201,#6202);
#6201 = CARTESIAN_POINT('',(-3.14159265359,0.));
#6202 = VECTOR('',#6203,1.);
#6203 = DIRECTION('',(-0.,-1.));
#6204 = ( GEOMETRIC_REPRESENTATION_CONTEXT(2) 
PARAMETRIC_REPRESENTATION_CONTEXT() REPRESENTATION_CONTEXT('2D SPACE',''
  ) );
#6205 = PCURVE('',#6206,#6211);
#6206 = PLANE('',#6207);
#6207 = AXIS2_PLACEMENT_3D('',#6208,#6209,#6210);
#6208 = CARTESIAN_POINT('',(-2.7,6.,-6.7));
#6209 = DIRECTION('',(1.,0.,0.));
#6210 = DIRECTION('',(0.,0.,1.));
#6211 = DEFINITIONAL_REPRESENTATION('',(#6212),#6216);
#6212 = LINE('',#6213,#6214);
#6213 = CARTESIAN_POINT('',(0.,0.));
#6214 = VECTOR('',#6215,1.);
#6215 = DIRECTION('',(1.,0.));
#6216 = ( GEOMETRIC_REPRESENTATION_CONTEXT(2) 
PARAMETRIC_REPRESENTATION_CONTEXT() REPRESENTATION_CONTEXT('2D SPACE',''
  ) );
#6217 = ORIENTED_EDGE('',*,*,#6218,.F.);
#6218 = EDGE_CURVE('',#6219,#6191,#6221,.T.);
#6219 = VERTEX_POINT('',#6220);
#6220 = CARTESIAN_POINT('',(-0.3,-0.196773353932,0.2));
#6221 = SURFACE_CURVE('',#6222,(#6227,#6234),.PCURVE_S1.);
#6222 = CIRCLE('',#6223,9.2);
#6223 = AXIS2_PLACEMENT_3D('',#6224,#6225,#6226);
#6224 = CARTESIAN_POINT('',(6.5,6.,0.2));
#6225 = DIRECTION('',(0.,0.,-1.));
#6226 = DIRECTION('',(1.,0.,0.));
#6227 = PCURVE('',#3118,#6228);
#6228 = DEFINITIONAL_REPRESENTATION('',(#6229),#6233);
#6229 = LINE('',#6230,#6231);
#6230 = CARTESIAN_POINT('',(-6.28318530718,-6.9));
#6231 = VECTOR('',#6232,1.);
#6232 = DIRECTION('',(1.,-0.));
#6233 = ( GEOMETRIC_REPRESENTATION_CONTEXT(2) 
PARAMETRIC_REPRESENTATION_CONTEXT() REPRESENTATION_CONTEXT('2D SPACE',''
  ) );
#6234 = PCURVE('',#6235,#6240);
#6235 = PLANE('',#6236);
#6236 = AXIS2_PLACEMENT_3D('',#6237,#6238,#6239);
#6237 = CARTESIAN_POINT('',(6.5,6.,0.2));
#6238 = DIRECTION('',(0.,0.,1.));
#6239 = DIRECTION('',(1.,0.,-0.));
#6240 = DEFINITIONAL_REPRESENTATION('',(#6241),#6249);
#6241 = ( BOUNDED_CURVE() B_SPLINE_CURVE(2,(#6242,#6243,#6244,#6245,
#6246,#6247,#6248),.UNSPECIFIED.,.T.,.F.) B_SPLINE_CURVE_WITH_KNOTS((1,2
    ,2,2,2,1),(-2.094395102393,0.,2.094395102393,4.188790204786,
6.28318530718,8.377580409573),.UNSPECIFIED.) CURVE() 
GEOMETRIC_REPRESENTATION_ITEM() RATIONAL_B_SPLINE_CURVE((1.,0.5,1.,0.5,
1.,0.5,1.)) REPRESENTATION_ITEM('') );
#6242 = CARTESIAN_POINT('',(9.2,0.));
#6243 = CARTESIAN_POINT('',(9.2,-15.93486742963));
#6244 = CARTESIAN_POINT('',(-4.6,-7.967433714817));
#6245 = CARTESIAN_POINT('',(-18.4,-2.253350110431E-15));
#6246 = CARTESIAN_POINT('',(-4.6,7.967433714817));
#6247 = CARTESIAN_POINT('',(9.2,15.934867429634));
#6248 = CARTESIAN_POINT('',(9.2,0.));
#6249 = ( GEOMETRIC_REPRESENTATION_CONTEXT(2) 
PARAMETRIC_REPRESENTATION_CONTEXT() REPRESENTATION_CONTEXT('2D SPACE',''
  ) );
#6250 = ORIENTED_EDGE('',*,*,#6251,.T.);
#6251 = EDGE_CURVE('',#6219,#6252,#6254,.T.);
#6252 = VERTEX_POINT('',#6253);
#6253 = CARTESIAN_POINT('',(-0.3,-0.196773353932,5.E-02));
#6254 = SURFACE_CURVE('',#6255,(#6259,#6265),.PCURVE_S1.);
#6255 = LINE('',#6256,#6257);
#6256 = CARTESIAN_POINT('',(-0.3,-0.196773353932,-6.7));
#6257 = VECTOR('',#6258,1.);
#6258 = DIRECTION('',(-0.,-0.,-1.));
#6259 = PCURVE('',#3118,#6260);
#6260 = DEFINITIONAL_REPRESENTATION('',(#6261),#6264);
#6261 = B_SPLINE_CURVE_WITH_KNOTS('',1,(#6262,#6263),.UNSPECIFIED.,.F.,
  .F.,(2,2),(-6.9000006,-6.565),.PIECEWISE_BEZIER_KNOTS.);
#6262 = CARTESIAN_POINT('',(-3.880610532604,-6.9000006));
#6263 = CARTESIAN_POINT('',(-3.880610532604,-6.565));
#6264 = ( GEOMETRIC_REPRESENTATION_CONTEXT(2) 
PARAMETRIC_REPRESENTATION_CONTEXT() REPRESENTATION_CONTEXT('2D SPACE',''
  ) );
#6265 = PCURVE('',#5583,#6266);
#6266 = DEFINITIONAL_REPRESENTATION('',(#6267),#6270);
#6267 = B_SPLINE_CURVE_WITH_KNOTS('',1,(#6268,#6269),.UNSPECIFIED.,.F.,
  .F.,(2,2),(-6.9000006,-6.565),.PIECEWISE_BEZIER_KNOTS.);
#6268 = CARTESIAN_POINT('',(0.1500006,-0.103226646068));
#6269 = CARTESIAN_POINT('',(-0.185,-0.103226646068));
#6270 = ( GEOMETRIC_REPRESENTATION_CONTEXT(2) 
PARAMETRIC_REPRESENTATION_CONTEXT() REPRESENTATION_CONTEXT('2D SPACE',''
  ) );
#6271 = ORIENTED_EDGE('',*,*,#6272,.F.);
#6272 = EDGE_CURVE('',#6273,#6252,#6275,.T.);
#6273 = VERTEX_POINT('',#6274);
#6274 = CARTESIAN_POINT('',(-0.204476116745,-0.3,5.E-02));
#6275 = SURFACE_CURVE('',#6276,(#6281,#6288),.PCURVE_S1.);
#6276 = CIRCLE('',#6277,9.2);
#6277 = AXIS2_PLACEMENT_3D('',#6278,#6279,#6280);
#6278 = CARTESIAN_POINT('',(6.5,6.,5.E-02));
#6279 = DIRECTION('',(0.,0.,-1.));
#6280 = DIRECTION('',(1.,0.,0.));
#6281 = PCURVE('',#3118,#6282);
#6282 = DEFINITIONAL_REPRESENTATION('',(#6283),#6287);
#6283 = LINE('',#6284,#6285);
#6284 = CARTESIAN_POINT('',(-6.28318530718,-6.75));
#6285 = VECTOR('',#6286,1.);
#6286 = DIRECTION('',(1.,-0.));
#6287 = ( GEOMETRIC_REPRESENTATION_CONTEXT(2) 
PARAMETRIC_REPRESENTATION_CONTEXT() REPRESENTATION_CONTEXT('2D SPACE',''
  ) );
#6288 = PCURVE('',#6289,#6294);
#6289 = PLANE('',#6290);
#6290 = AXIS2_PLACEMENT_3D('',#6291,#6292,#6293);
#6291 = CARTESIAN_POINT('',(-0.3,-0.3,5.E-02));
#6292 = DIRECTION('',(0.,0.,1.));
#6293 = DIRECTION('',(1.,0.,0.));
#6294 = DEFINITIONAL_REPRESENTATION('',(#6295),#6303);
#6295 = ( BOUNDED_CURVE() B_SPLINE_CURVE(2,(#6296,#6297,#6298,#6299,
#6300,#6301,#6302),.UNSPECIFIED.,.T.,.F.) B_SPLINE_CURVE_WITH_KNOTS((1,2
    ,2,2,2,1),(-2.094395102393,0.,2.094395102393,4.188790204786,
6.28318530718,8.377580409573),.UNSPECIFIED.) CURVE() 
GEOMETRIC_REPRESENTATION_ITEM() RATIONAL_B_SPLINE_CURVE((1.,0.5,1.,0.5,
1.,0.5,1.)) REPRESENTATION_ITEM('') );
#6296 = CARTESIAN_POINT('',(16.,6.3));
#6297 = CARTESIAN_POINT('',(16.,-9.634867429634));
#6298 = CARTESIAN_POINT('',(2.2,-1.667433714817));
#6299 = CARTESIAN_POINT('',(-11.6,6.3));
#6300 = CARTESIAN_POINT('',(2.2,14.267433714817));
#6301 = CARTESIAN_POINT('',(16.,22.234867429634));
#6302 = CARTESIAN_POINT('',(16.,6.3));
#6303 = ( GEOMETRIC_REPRESENTATION_CONTEXT(2) 
PARAMETRIC_REPRESENTATION_CONTEXT() REPRESENTATION_CONTEXT('2D SPACE',''
  ) );
#6304 = ORIENTED_EDGE('',*,*,#6305,.F.);
#6305 = EDGE_CURVE('',#6306,#6273,#6308,.T.);
#6306 = VERTEX_POINT('',#6307);
#6307 = CARTESIAN_POINT('',(-0.204476116745,-0.3,0.2));
#6308 = SURFACE_CURVE('',#6309,(#6313,#6319),.PCURVE_S1.);
#6309 = LINE('',#6310,#6311);
#6310 = CARTESIAN_POINT('',(-0.204476116745,-0.3,-6.7));
#6311 = VECTOR('',#6312,1.);
#6312 = DIRECTION('',(-0.,-0.,-1.));
#6313 = PCURVE('',#3118,#6314);
#6314 = DEFINITIONAL_REPRESENTATION('',(#6315),#6318);
#6315 = B_SPLINE_CURVE_WITH_KNOTS('',1,(#6316,#6317),.UNSPECIFIED.,.F.,
  .F.,(2,2),(-6.9000006,-6.565),.PIECEWISE_BEZIER_KNOTS.);
#6316 = CARTESIAN_POINT('',(-3.895898002443,-6.9000006));
#6317 = CARTESIAN_POINT('',(-3.895898002443,-6.565));
#6318 = ( GEOMETRIC_REPRESENTATION_CONTEXT(2) 
PARAMETRIC_REPRESENTATION_CONTEXT() REPRESENTATION_CONTEXT('2D SPACE',''
  ) );
#6319 = PCURVE('',#5557,#6320);
#6320 = DEFINITIONAL_REPRESENTATION('',(#6321),#6324);
#6321 = B_SPLINE_CURVE_WITH_KNOTS('',1,(#6322,#6323),.UNSPECIFIED.,.F.,
  .F.,(2,2),(-6.9000006,-6.565),.PIECEWISE_BEZIER_KNOTS.);
#6322 = CARTESIAN_POINT('',(0.1500006,9.55238832553E-02));
#6323 = CARTESIAN_POINT('',(-0.185,9.55238832553E-02));
#6324 = ( GEOMETRIC_REPRESENTATION_CONTEXT(2) 
PARAMETRIC_REPRESENTATION_CONTEXT() REPRESENTATION_CONTEXT('2D SPACE',''
  ) );
#6325 = ORIENTED_EDGE('',*,*,#6326,.F.);
#6326 = EDGE_CURVE('',#3059,#6306,#6327,.T.);
#6327 = SURFACE_CURVE('',#6328,(#6333,#6340),.PCURVE_S1.);
#6328 = CIRCLE('',#6329,9.2);
#6329 = AXIS2_PLACEMENT_3D('',#6330,#6331,#6332);
#6330 = CARTESIAN_POINT('',(6.5,6.,0.2));
#6331 = DIRECTION('',(0.,0.,-1.));
#6332 = DIRECTION('',(1.,0.,0.));
#6333 = PCURVE('',#3118,#6334);
#6334 = DEFINITIONAL_REPRESENTATION('',(#6335),#6339);
#6335 = LINE('',#6336,#6337);
#6336 = CARTESIAN_POINT('',(-6.28318530718,-6.9));
#6337 = VECTOR('',#6338,1.);
#6338 = DIRECTION('',(1.,-0.));
#6339 = ( GEOMETRIC_REPRESENTATION_CONTEXT(2) 
PARAMETRIC_REPRESENTATION_CONTEXT() REPRESENTATION_CONTEXT('2D SPACE',''
  ) );
#6340 = PCURVE('',#3073,#6341);
#6341 = DEFINITIONAL_REPRESENTATION('',(#6342),#6350);
#6342 = ( BOUNDED_CURVE() B_SPLINE_CURVE(2,(#6343,#6344,#6345,#6346,
#6347,#6348,#6349),.UNSPECIFIED.,.T.,.F.) B_SPLINE_CURVE_WITH_KNOTS((1,2
    ,2,2,2,1),(-2.094395102393,0.,2.094395102393,4.188790204786,
6.28318530718,8.377580409573),.UNSPECIFIED.) CURVE() 
GEOMETRIC_REPRESENTATION_ITEM() RATIONAL_B_SPLINE_CURVE((1.,0.5,1.,0.5,
1.,0.5,1.)) REPRESENTATION_ITEM('') );
#6343 = CARTESIAN_POINT('',(9.2,0.));
#6344 = CARTESIAN_POINT('',(9.2,-15.93486742963));
#6345 = CARTESIAN_POINT('',(-4.6,-7.967433714817));
#6346 = CARTESIAN_POINT('',(-18.4,-2.253350110431E-15));
#6347 = CARTESIAN_POINT('',(-4.6,7.967433714817));
#6348 = CARTESIAN_POINT('',(9.2,15.934867429634));
#6349 = CARTESIAN_POINT('',(9.2,0.));
#6350 = ( GEOMETRIC_REPRESENTATION_CONTEXT(2) 
PARAMETRIC_REPRESENTATION_CONTEXT() REPRESENTATION_CONTEXT('2D SPACE',''
  ) );
#6351 = ORIENTED_EDGE('',*,*,#3084,.F.);
#6352 = ORIENTED_EDGE('',*,*,#4197,.F.);
#6353 = ADVANCED_FACE('',(#6354),#3073,.F.);
#6354 = FACE_BOUND('',#6355,.F.);
#6355 = EDGE_LOOP('',(#6356,#6357,#6385,#6404,#6405));
#6356 = ORIENTED_EDGE('',*,*,#5936,.F.);
#6357 = ORIENTED_EDGE('',*,*,#6358,.T.);
#6358 = EDGE_CURVE('',#5937,#6359,#6361,.T.);
#6359 = VERTEX_POINT('',#6360);
#6360 = CARTESIAN_POINT('',(1.52575709992,-0.3,0.2));
#6361 = SURFACE_CURVE('',#6362,(#6367,#6378),.PCURVE_S1.);
#6362 = CIRCLE('',#6363,8.02);
#6363 = AXIS2_PLACEMENT_3D('',#6364,#6365,#6366);
#6364 = CARTESIAN_POINT('',(6.495,5.995,0.2));
#6365 = DIRECTION('',(0.,0.,-1.));
#6366 = DIRECTION('',(1.,0.,0.));
#6367 = PCURVE('',#3073,#6368);
#6368 = DEFINITIONAL_REPRESENTATION('',(#6369),#6377);
#6369 = ( BOUNDED_CURVE() B_SPLINE_CURVE(2,(#6370,#6371,#6372,#6373,
#6374,#6375,#6376),.UNSPECIFIED.,.T.,.F.) B_SPLINE_CURVE_WITH_KNOTS((1,2
    ,2,2,2,1),(-2.094395102393,0.,2.094395102393,4.188790204786,
6.28318530718,8.377580409573),.UNSPECIFIED.) CURVE() 
GEOMETRIC_REPRESENTATION_ITEM() RATIONAL_B_SPLINE_CURVE((1.,0.5,1.,0.5,
1.,0.5,1.)) REPRESENTATION_ITEM('') );
#6370 = CARTESIAN_POINT('',(8.015,-5.00000000001E-03));
#6371 = CARTESIAN_POINT('',(8.015,-13.8960474767));
#6372 = CARTESIAN_POINT('',(-4.015,-6.950523738351));
#6373 = CARTESIAN_POINT('',(-16.045,-5.000000000012E-03));
#6374 = CARTESIAN_POINT('',(-4.015,6.940523738351));
#6375 = CARTESIAN_POINT('',(8.015,13.886047476702));
#6376 = CARTESIAN_POINT('',(8.015,-5.00000000001E-03));
#6377 = ( GEOMETRIC_REPRESENTATION_CONTEXT(2) 
PARAMETRIC_REPRESENTATION_CONTEXT() REPRESENTATION_CONTEXT('2D SPACE',''
  ) );
#6378 = PCURVE('',#5992,#6379);
#6379 = DEFINITIONAL_REPRESENTATION('',(#6380),#6384);
#6380 = LINE('',#6381,#6382);
#6381 = CARTESIAN_POINT('',(-6.28318530718,5.E-02));
#6382 = VECTOR('',#6383,1.);
#6383 = DIRECTION('',(1.,-0.));
#6384 = ( GEOMETRIC_REPRESENTATION_CONTEXT(2) 
PARAMETRIC_REPRESENTATION_CONTEXT() REPRESENTATION_CONTEXT('2D SPACE',''
  ) );
#6385 = ORIENTED_EDGE('',*,*,#6386,.T.);
#6386 = EDGE_CURVE('',#6359,#6306,#6387,.T.);
#6387 = SURFACE_CURVE('',#6388,(#6392,#6398),.PCURVE_S1.);
#6388 = LINE('',#6389,#6390);
#6389 = CARTESIAN_POINT('',(3.1,-0.3,0.2));
#6390 = VECTOR('',#6391,1.);
#6391 = DIRECTION('',(-1.,0.,0.));
#6392 = PCURVE('',#3073,#6393);
#6393 = DEFINITIONAL_REPRESENTATION('',(#6394),#6397);
#6394 = B_SPLINE_CURVE_WITH_KNOTS('',1,(#6395,#6396),.UNSPECIFIED.,.F.,
  .F.,(2,2),(-57.2,3.4),.PIECEWISE_BEZIER_KNOTS.);
#6395 = CARTESIAN_POINT('',(53.8,-6.3));
#6396 = CARTESIAN_POINT('',(-6.8,-6.3));
#6397 = ( GEOMETRIC_REPRESENTATION_CONTEXT(2) 
PARAMETRIC_REPRESENTATION_CONTEXT() REPRESENTATION_CONTEXT('2D SPACE',''
  ) );
#6398 = PCURVE('',#5557,#6399);
#6399 = DEFINITIONAL_REPRESENTATION('',(#6400),#6403);
#6400 = B_SPLINE_CURVE_WITH_KNOTS('',1,(#6401,#6402),.UNSPECIFIED.,.F.,
  .F.,(2,2),(-57.2,3.4),.PIECEWISE_BEZIER_KNOTS.);
#6401 = CARTESIAN_POINT('',(0.15,60.6));
#6402 = CARTESIAN_POINT('',(0.15,0.));
#6403 = ( GEOMETRIC_REPRESENTATION_CONTEXT(2) 
PARAMETRIC_REPRESENTATION_CONTEXT() REPRESENTATION_CONTEXT('2D SPACE',''
  ) );
#6404 = ORIENTED_EDGE('',*,*,#6326,.F.);
#6405 = ORIENTED_EDGE('',*,*,#3058,.T.);
#6406 = ADVANCED_FACE('',(#6407),#3443,.F.);
#6407 = FACE_BOUND('',#6408,.F.);
#6408 = EDGE_LOOP('',(#6409,#6410,#6411,#6412,#6436,#6458,#6459));
#6409 = ORIENTED_EDGE('',*,*,#5491,.F.);
#6410 = ORIENTED_EDGE('',*,*,#3427,.F.);
#6411 = ORIENTED_EDGE('',*,*,#3699,.T.);
#6412 = ORIENTED_EDGE('',*,*,#6413,.F.);
#6413 = EDGE_CURVE('',#6414,#3679,#6416,.T.);
#6414 = VERTEX_POINT('',#6415);
#6415 = CARTESIAN_POINT('',(-4.5,18.,0.4));
#6416 = SURFACE_CURVE('',#6417,(#6422,#6429),.PCURVE_S1.);
#6417 = CIRCLE('',#6418,6.);
#6418 = AXIS2_PLACEMENT_3D('',#6419,#6420,#6421);
#6419 = CARTESIAN_POINT('',(-4.5,18.,-5.6));
#6420 = DIRECTION('',(1.,0.,0.));
#6421 = DIRECTION('',(-0.,0.,1.));
#6422 = PCURVE('',#3443,#6423);
#6423 = DEFINITIONAL_REPRESENTATION('',(#6424),#6428);
#6424 = CIRCLE('',#6425,6.);
#6425 = AXIS2_PLACEMENT_2D('',#6426,#6427);
#6426 = CARTESIAN_POINT('',(2.9,-12.));
#6427 = DIRECTION('',(1.,0.));
#6428 = ( GEOMETRIC_REPRESENTATION_CONTEXT(2) 
PARAMETRIC_REPRESENTATION_CONTEXT() REPRESENTATION_CONTEXT('2D SPACE',''
  ) );
#6429 = PCURVE('',#3547,#6430);
#6430 = DEFINITIONAL_REPRESENTATION('',(#6431),#6435);
#6431 = LINE('',#6432,#6433);
#6432 = CARTESIAN_POINT('',(0.,1.2));
#6433 = VECTOR('',#6434,1.);
#6434 = DIRECTION('',(1.,0.));
#6435 = ( GEOMETRIC_REPRESENTATION_CONTEXT(2) 
PARAMETRIC_REPRESENTATION_CONTEXT() REPRESENTATION_CONTEXT('2D SPACE',''
  ) );
#6436 = ORIENTED_EDGE('',*,*,#6437,.F.);
#6437 = EDGE_CURVE('',#3510,#6414,#6438,.T.);
#6438 = SURFACE_CURVE('',#6439,(#6444,#6451),.PCURVE_S1.);
#6439 = CIRCLE('',#6440,6.);
#6440 = AXIS2_PLACEMENT_3D('',#6441,#6442,#6443);
#6441 = CARTESIAN_POINT('',(-4.5,18.,-5.6));
#6442 = DIRECTION('',(1.,0.,0.));
#6443 = DIRECTION('',(-0.,0.,1.));
#6444 = PCURVE('',#3443,#6445);
#6445 = DEFINITIONAL_REPRESENTATION('',(#6446),#6450);
#6446 = CIRCLE('',#6447,6.);
#6447 = AXIS2_PLACEMENT_2D('',#6448,#6449);
#6448 = CARTESIAN_POINT('',(2.9,-12.));
#6449 = DIRECTION('',(1.,0.));
#6450 = ( GEOMETRIC_REPRESENTATION_CONTEXT(2) 
PARAMETRIC_REPRESENTATION_CONTEXT() REPRESENTATION_CONTEXT('2D SPACE',''
  ) );
#6451 = PCURVE('',#3547,#6452);
#6452 = DEFINITIONAL_REPRESENTATION('',(#6453),#6457);
#6453 = LINE('',#6454,#6455);
#6454 = CARTESIAN_POINT('',(0.,1.2));
#6455 = VECTOR('',#6456,1.);
#6456 = DIRECTION('',(1.,0.));
#6457 = ( GEOMETRIC_REPRESENTATION_CONTEXT(2) 
PARAMETRIC_REPRESENTATION_CONTEXT() REPRESENTATION_CONTEXT('2D SPACE',''
  ) );
#6458 = ORIENTED_EDGE('',*,*,#3509,.T.);
#6459 = ORIENTED_EDGE('',*,*,#5796,.T.);
#6460 = ADVANCED_FACE('',(#6461),#3547,.T.);
#6461 = FACE_BOUND('',#6462,.T.);
#6462 = EDGE_LOOP('',(#6463,#6464,#6487,#6514,#6515,#6516,#6517,#6539));
#6463 = ORIENTED_EDGE('',*,*,#6413,.F.);
#6464 = ORIENTED_EDGE('',*,*,#6465,.F.);
#6465 = EDGE_CURVE('',#6466,#6414,#6468,.T.);
#6466 = VERTEX_POINT('',#6467);
#6467 = CARTESIAN_POINT('',(-5.7,18.,0.4));
#6468 = SEAM_CURVE('',#6469,(#6473,#6480),.PCURVE_S1.);
#6469 = LINE('',#6470,#6471);
#6470 = CARTESIAN_POINT('',(-5.7,18.,0.4));
#6471 = VECTOR('',#6472,1.);
#6472 = DIRECTION('',(1.,0.,0.));
#6473 = PCURVE('',#3547,#6474);
#6474 = DEFINITIONAL_REPRESENTATION('',(#6475),#6479);
#6475 = LINE('',#6476,#6477);
#6476 = CARTESIAN_POINT('',(6.28318530718,-0.));
#6477 = VECTOR('',#6478,1.);
#6478 = DIRECTION('',(0.,1.));
#6479 = ( GEOMETRIC_REPRESENTATION_CONTEXT(2) 
PARAMETRIC_REPRESENTATION_CONTEXT() REPRESENTATION_CONTEXT('2D SPACE',''
  ) );
#6480 = PCURVE('',#3547,#6481);
#6481 = DEFINITIONAL_REPRESENTATION('',(#6482),#6486);
#6482 = LINE('',#6483,#6484);
#6483 = CARTESIAN_POINT('',(0.,-0.));
#6484 = VECTOR('',#6485,1.);
#6485 = DIRECTION('',(0.,1.));
#6486 = ( GEOMETRIC_REPRESENTATION_CONTEXT(2) 
PARAMETRIC_REPRESENTATION_CONTEXT() REPRESENTATION_CONTEXT('2D SPACE',''
  ) );
#6487 = ORIENTED_EDGE('',*,*,#6488,.T.);
#6488 = EDGE_CURVE('',#6466,#6466,#6489,.T.);
#6489 = SURFACE_CURVE('',#6490,(#6495,#6502),.PCURVE_S1.);
#6490 = CIRCLE('',#6491,6.);
#6491 = AXIS2_PLACEMENT_3D('',#6492,#6493,#6494);
#6492 = CARTESIAN_POINT('',(-5.7,18.,-5.6));
#6493 = DIRECTION('',(1.,0.,0.));
#6494 = DIRECTION('',(-0.,0.,1.));
#6495 = PCURVE('',#3547,#6496);
#6496 = DEFINITIONAL_REPRESENTATION('',(#6497),#6501);
#6497 = LINE('',#6498,#6499);
#6498 = CARTESIAN_POINT('',(0.,0.));
#6499 = VECTOR('',#6500,1.);
#6500 = DIRECTION('',(1.,0.));
#6501 = ( GEOMETRIC_REPRESENTATION_CONTEXT(2) 
PARAMETRIC_REPRESENTATION_CONTEXT() REPRESENTATION_CONTEXT('2D SPACE',''
  ) );
#6502 = PCURVE('',#6503,#6508);
#6503 = PLANE('',#6504);
#6504 = AXIS2_PLACEMENT_3D('',#6505,#6506,#6507);
#6505 = CARTESIAN_POINT('',(-5.7,18.,-5.6));
#6506 = DIRECTION('',(1.,0.,0.));
#6507 = DIRECTION('',(-0.,0.,1.));
#6508 = DEFINITIONAL_REPRESENTATION('',(#6509),#6513);
#6509 = CIRCLE('',#6510,6.);
#6510 = AXIS2_PLACEMENT_2D('',#6511,#6512);
#6511 = CARTESIAN_POINT('',(0.,0.));
#6512 = DIRECTION('',(1.,0.));
#6513 = ( GEOMETRIC_REPRESENTATION_CONTEXT(2) 
PARAMETRIC_REPRESENTATION_CONTEXT() REPRESENTATION_CONTEXT('2D SPACE',''
  ) );
#6514 = ORIENTED_EDGE('',*,*,#6465,.T.);
#6515 = ORIENTED_EDGE('',*,*,#6437,.F.);
#6516 = ORIENTED_EDGE('',*,*,#3532,.T.);
#6517 = ORIENTED_EDGE('',*,*,#6518,.F.);
#6518 = EDGE_CURVE('',#3658,#3533,#6519,.T.);
#6519 = SURFACE_CURVE('',#6520,(#6525,#6532),.PCURVE_S1.);
#6520 = CIRCLE('',#6521,6.);
#6521 = AXIS2_PLACEMENT_3D('',#6522,#6523,#6524);
#6522 = CARTESIAN_POINT('',(-0.2,18.,-5.6));
#6523 = DIRECTION('',(1.,0.,0.));
#6524 = DIRECTION('',(-0.,0.,1.));
#6525 = PCURVE('',#3547,#6526);
#6526 = DEFINITIONAL_REPRESENTATION('',(#6527),#6531);
#6527 = LINE('',#6528,#6529);
#6528 = CARTESIAN_POINT('',(0.,5.5));
#6529 = VECTOR('',#6530,1.);
#6530 = DIRECTION('',(1.,0.));
#6531 = ( GEOMETRIC_REPRESENTATION_CONTEXT(2) 
PARAMETRIC_REPRESENTATION_CONTEXT() REPRESENTATION_CONTEXT('2D SPACE',''
  ) );
#6532 = PCURVE('',#3573,#6533);
#6533 = DEFINITIONAL_REPRESENTATION('',(#6534),#6538);
#6534 = CIRCLE('',#6535,6.);
#6535 = AXIS2_PLACEMENT_2D('',#6536,#6537);
#6536 = CARTESIAN_POINT('',(0.,0.));
#6537 = DIRECTION('',(1.,0.));
#6538 = ( GEOMETRIC_REPRESENTATION_CONTEXT(2) 
PARAMETRIC_REPRESENTATION_CONTEXT() REPRESENTATION_CONTEXT('2D SPACE',''
  ) );
#6539 = ORIENTED_EDGE('',*,*,#3678,.F.);
#6540 = ADVANCED_FACE('',(#6541),#3573,.T.);
#6541 = FACE_BOUND('',#6542,.T.);
#6542 = EDGE_LOOP('',(#6543,#6544,#6545,#6546));
#6543 = ORIENTED_EDGE('',*,*,#3657,.F.);
#6544 = ORIENTED_EDGE('',*,*,#6518,.T.);
#6545 = ORIENTED_EDGE('',*,*,#3558,.F.);
#6546 = ORIENTED_EDGE('',*,*,#6547,.F.);
#6547 = EDGE_CURVE('',#3637,#3559,#6548,.T.);
#6548 = SURFACE_CURVE('',#6549,(#6554,#6561),.PCURVE_S1.);
#6549 = CIRCLE('',#6550,3.4);
#6550 = AXIS2_PLACEMENT_3D('',#6551,#6552,#6553);
#6551 = CARTESIAN_POINT('',(-0.2,18.,-5.6));
#6552 = DIRECTION('',(1.,0.,0.));
#6553 = DIRECTION('',(-0.,0.,1.));
#6554 = PCURVE('',#3573,#6555);
#6555 = DEFINITIONAL_REPRESENTATION('',(#6556),#6560);
#6556 = CIRCLE('',#6557,3.4);
#6557 = AXIS2_PLACEMENT_2D('',#6558,#6559);
#6558 = CARTESIAN_POINT('',(0.,0.));
#6559 = DIRECTION('',(1.,0.));
#6560 = ( GEOMETRIC_REPRESENTATION_CONTEXT(2) 
PARAMETRIC_REPRESENTATION_CONTEXT() REPRESENTATION_CONTEXT('2D SPACE',''
  ) );
#6561 = PCURVE('',#3599,#6562);
#6562 = DEFINITIONAL_REPRESENTATION('',(#6563),#6567);
#6563 = LINE('',#6564,#6565);
#6564 = CARTESIAN_POINT('',(0.,6.6));
#6565 = VECTOR('',#6566,1.);
#6566 = DIRECTION('',(1.,0.));
#6567 = ( GEOMETRIC_REPRESENTATION_CONTEXT(2) 
PARAMETRIC_REPRESENTATION_CONTEXT() REPRESENTATION_CONTEXT('2D SPACE',''
  ) );
#6568 = ADVANCED_FACE('',(#6569),#3599,.F.);
#6569 = FACE_BOUND('',#6570,.F.);
#6570 = EDGE_LOOP('',(#6571,#6595,#6616,#6645,#6668,#6690,#6691,#6715,
    #6736,#6758,#6759,#6760));
#6571 = ORIENTED_EDGE('',*,*,#6572,.F.);
#6572 = EDGE_CURVE('',#6573,#3611,#6575,.T.);
#6573 = VERTEX_POINT('',#6574);
#6574 = CARTESIAN_POINT('',(2.8,14.782858411571,-6.7));
#6575 = SURFACE_CURVE('',#6576,(#6581,#6588),.PCURVE_S1.);
#6576 = CIRCLE('',#6577,3.4);
#6577 = AXIS2_PLACEMENT_3D('',#6578,#6579,#6580);
#6578 = CARTESIAN_POINT('',(2.8,18.,-5.6));
#6579 = DIRECTION('',(1.,0.,0.));
#6580 = DIRECTION('',(-0.,0.,1.));
#6581 = PCURVE('',#3599,#6582);
#6582 = DEFINITIONAL_REPRESENTATION('',(#6583),#6587);
#6583 = LINE('',#6584,#6585);
#6584 = CARTESIAN_POINT('',(0.,9.6));
#6585 = VECTOR('',#6586,1.);
#6586 = DIRECTION('',(1.,0.));
#6587 = ( GEOMETRIC_REPRESENTATION_CONTEXT(2) 
PARAMETRIC_REPRESENTATION_CONTEXT() REPRESENTATION_CONTEXT('2D SPACE',''
  ) );
#6588 = PCURVE('',#3625,#6589);
#6589 = DEFINITIONAL_REPRESENTATION('',(#6590),#6594);
#6590 = CIRCLE('',#6591,3.4);
#6591 = AXIS2_PLACEMENT_2D('',#6592,#6593);
#6592 = CARTESIAN_POINT('',(0.,0.));
#6593 = DIRECTION('',(1.,0.));
#6594 = ( GEOMETRIC_REPRESENTATION_CONTEXT(2) 
PARAMETRIC_REPRESENTATION_CONTEXT() REPRESENTATION_CONTEXT('2D SPACE',''
  ) );
#6595 = ORIENTED_EDGE('',*,*,#6596,.F.);
#6596 = EDGE_CURVE('',#6597,#6573,#6599,.T.);
#6597 = VERTEX_POINT('',#6598);
#6598 = CARTESIAN_POINT('',(-0.2,14.782858411571,-6.7));
#6599 = SURFACE_CURVE('',#6600,(#6604,#6610),.PCURVE_S1.);
#6600 = LINE('',#6601,#6602);
#6601 = CARTESIAN_POINT('',(-6.8,14.782858411571,-6.7));
#6602 = VECTOR('',#6603,1.);
#6603 = DIRECTION('',(1.,0.,0.));
#6604 = PCURVE('',#3599,#6605);
#6605 = DEFINITIONAL_REPRESENTATION('',(#6606),#6609);
#6606 = B_SPLINE_CURVE_WITH_KNOTS('',1,(#6607,#6608),.UNSPECIFIED.,.F.,
  .F.,(2,2),(-5.999999999062E-07,9.6000006),.PIECEWISE_BEZIER_KNOTS.);
#6607 = CARTESIAN_POINT('',(1.900253466413,-5.999999999062E-07));
#6608 = CARTESIAN_POINT('',(1.900253466413,9.6000006));
#6609 = ( GEOMETRIC_REPRESENTATION_CONTEXT(2) 
PARAMETRIC_REPRESENTATION_CONTEXT() REPRESENTATION_CONTEXT('2D SPACE',''
  ) );
#6610 = PCURVE('',#4185,#6611);
#6611 = DEFINITIONAL_REPRESENTATION('',(#6612),#6615);
#6612 = B_SPLINE_CURVE_WITH_KNOTS('',1,(#6613,#6614),.UNSPECIFIED.,.F.,
  .F.,(2,2),(-5.999999999062E-07,9.6000006),.PIECEWISE_BEZIER_KNOTS.);
#6613 = CARTESIAN_POINT('',(-13.3000006,8.782858411571));
#6614 = CARTESIAN_POINT('',(-3.6999994,8.782858411571));
#6615 = ( GEOMETRIC_REPRESENTATION_CONTEXT(2) 
PARAMETRIC_REPRESENTATION_CONTEXT() REPRESENTATION_CONTEXT('2D SPACE',''
  ) );
#6616 = ORIENTED_EDGE('',*,*,#6617,.F.);
#6617 = EDGE_CURVE('',#6618,#6597,#6620,.T.);
#6618 = VERTEX_POINT('',#6619);
#6619 = CARTESIAN_POINT('',(-0.2,18.,-2.2));
#6620 = SURFACE_CURVE('',#6621,(#6626,#6633),.PCURVE_S1.);
#6621 = CIRCLE('',#6622,3.4);
#6622 = AXIS2_PLACEMENT_3D('',#6623,#6624,#6625);
#6623 = CARTESIAN_POINT('',(-0.2,18.,-5.6));
#6624 = DIRECTION('',(1.,0.,0.));
#6625 = DIRECTION('',(-0.,0.,1.));
#6626 = PCURVE('',#3599,#6627);
#6627 = DEFINITIONAL_REPRESENTATION('',(#6628),#6632);
#6628 = LINE('',#6629,#6630);
#6629 = CARTESIAN_POINT('',(0.,6.6));
#6630 = VECTOR('',#6631,1.);
#6631 = DIRECTION('',(1.,0.));
#6632 = ( GEOMETRIC_REPRESENTATION_CONTEXT(2) 
PARAMETRIC_REPRESENTATION_CONTEXT() REPRESENTATION_CONTEXT('2D SPACE',''
  ) );
#6633 = PCURVE('',#6634,#6639);
#6634 = PLANE('',#6635);
#6635 = AXIS2_PLACEMENT_3D('',#6636,#6637,#6638);
#6636 = CARTESIAN_POINT('',(-0.2,18.,-5.6));
#6637 = DIRECTION('',(1.,0.,0.));
#6638 = DIRECTION('',(-0.,0.,1.));
#6639 = DEFINITIONAL_REPRESENTATION('',(#6640),#6644);
#6640 = CIRCLE('',#6641,3.4);
#6641 = AXIS2_PLACEMENT_2D('',#6642,#6643);
#6642 = CARTESIAN_POINT('',(0.,0.));
#6643 = DIRECTION('',(1.,0.));
#6644 = ( GEOMETRIC_REPRESENTATION_CONTEXT(2) 
PARAMETRIC_REPRESENTATION_CONTEXT() REPRESENTATION_CONTEXT('2D SPACE',''
  ) );
#6645 = ORIENTED_EDGE('',*,*,#6646,.F.);
#6646 = EDGE_CURVE('',#6647,#6618,#6649,.T.);
#6647 = VERTEX_POINT('',#6648);
#6648 = CARTESIAN_POINT('',(-5.7,18.,-2.2));
#6649 = SEAM_CURVE('',#6650,(#6654,#6661),.PCURVE_S1.);
#6650 = LINE('',#6651,#6652);
#6651 = CARTESIAN_POINT('',(-6.8,18.,-2.2));
#6652 = VECTOR('',#6653,1.);
#6653 = DIRECTION('',(1.,0.,0.));
#6654 = PCURVE('',#3599,#6655);
#6655 = DEFINITIONAL_REPRESENTATION('',(#6656),#6660);
#6656 = LINE('',#6657,#6658);
#6657 = CARTESIAN_POINT('',(6.28318530718,-0.));
#6658 = VECTOR('',#6659,1.);
#6659 = DIRECTION('',(0.,1.));
#6660 = ( GEOMETRIC_REPRESENTATION_CONTEXT(2) 
PARAMETRIC_REPRESENTATION_CONTEXT() REPRESENTATION_CONTEXT('2D SPACE',''
  ) );
#6661 = PCURVE('',#3599,#6662);
#6662 = DEFINITIONAL_REPRESENTATION('',(#6663),#6667);
#6663 = LINE('',#6664,#6665);
#6664 = CARTESIAN_POINT('',(0.,-0.));
#6665 = VECTOR('',#6666,1.);
#6666 = DIRECTION('',(0.,1.));
#6667 = ( GEOMETRIC_REPRESENTATION_CONTEXT(2) 
PARAMETRIC_REPRESENTATION_CONTEXT() REPRESENTATION_CONTEXT('2D SPACE',''
  ) );
#6668 = ORIENTED_EDGE('',*,*,#6669,.T.);
#6669 = EDGE_CURVE('',#6647,#6647,#6670,.T.);
#6670 = SURFACE_CURVE('',#6671,(#6676,#6683),.PCURVE_S1.);
#6671 = CIRCLE('',#6672,3.4);
#6672 = AXIS2_PLACEMENT_3D('',#6673,#6674,#6675);
#6673 = CARTESIAN_POINT('',(-5.7,18.,-5.6));
#6674 = DIRECTION('',(1.,0.,0.));
#6675 = DIRECTION('',(-0.,0.,1.));
#6676 = PCURVE('',#3599,#6677);
#6677 = DEFINITIONAL_REPRESENTATION('',(#6678),#6682);
#6678 = LINE('',#6679,#6680);
#6679 = CARTESIAN_POINT('',(0.,1.1));
#6680 = VECTOR('',#6681,1.);
#6681 = DIRECTION('',(1.,0.));
#6682 = ( GEOMETRIC_REPRESENTATION_CONTEXT(2) 
PARAMETRIC_REPRESENTATION_CONTEXT() REPRESENTATION_CONTEXT('2D SPACE',''
  ) );
#6683 = PCURVE('',#6503,#6684);
#6684 = DEFINITIONAL_REPRESENTATION('',(#6685),#6689);
#6685 = CIRCLE('',#6686,3.4);
#6686 = AXIS2_PLACEMENT_2D('',#6687,#6688);
#6687 = CARTESIAN_POINT('',(0.,0.));
#6688 = DIRECTION('',(1.,0.));
#6689 = ( GEOMETRIC_REPRESENTATION_CONTEXT(2) 
PARAMETRIC_REPRESENTATION_CONTEXT() REPRESENTATION_CONTEXT('2D SPACE',''
  ) );
#6690 = ORIENTED_EDGE('',*,*,#6646,.T.);
#6691 = ORIENTED_EDGE('',*,*,#6692,.F.);
#6692 = EDGE_CURVE('',#6693,#6618,#6695,.T.);
#6693 = VERTEX_POINT('',#6694);
#6694 = CARTESIAN_POINT('',(-0.2,21.217141588429,-6.7));
#6695 = SURFACE_CURVE('',#6696,(#6701,#6708),.PCURVE_S1.);
#6696 = CIRCLE('',#6697,3.4);
#6697 = AXIS2_PLACEMENT_3D('',#6698,#6699,#6700);
#6698 = CARTESIAN_POINT('',(-0.2,18.,-5.6));
#6699 = DIRECTION('',(1.,0.,0.));
#6700 = DIRECTION('',(-0.,0.,1.));
#6701 = PCURVE('',#3599,#6702);
#6702 = DEFINITIONAL_REPRESENTATION('',(#6703),#6707);
#6703 = LINE('',#6704,#6705);
#6704 = CARTESIAN_POINT('',(0.,6.6));
#6705 = VECTOR('',#6706,1.);
#6706 = DIRECTION('',(1.,0.));
#6707 = ( GEOMETRIC_REPRESENTATION_CONTEXT(2) 
PARAMETRIC_REPRESENTATION_CONTEXT() REPRESENTATION_CONTEXT('2D SPACE',''
  ) );
#6708 = PCURVE('',#6634,#6709);
#6709 = DEFINITIONAL_REPRESENTATION('',(#6710),#6714);
#6710 = CIRCLE('',#6711,3.4);
#6711 = AXIS2_PLACEMENT_2D('',#6712,#6713);
#6712 = CARTESIAN_POINT('',(0.,0.));
#6713 = DIRECTION('',(1.,0.));
#6714 = ( GEOMETRIC_REPRESENTATION_CONTEXT(2) 
PARAMETRIC_REPRESENTATION_CONTEXT() REPRESENTATION_CONTEXT('2D SPACE',''
  ) );
#6715 = ORIENTED_EDGE('',*,*,#6716,.T.);
#6716 = EDGE_CURVE('',#6693,#6717,#6719,.T.);
#6717 = VERTEX_POINT('',#6718);
#6718 = CARTESIAN_POINT('',(2.8,21.217141588429,-6.7));
#6719 = SURFACE_CURVE('',#6720,(#6724,#6730),.PCURVE_S1.);
#6720 = LINE('',#6721,#6722);
#6721 = CARTESIAN_POINT('',(-6.8,21.217141588429,-6.7));
#6722 = VECTOR('',#6723,1.);
#6723 = DIRECTION('',(1.,0.,0.));
#6724 = PCURVE('',#3599,#6725);
#6725 = DEFINITIONAL_REPRESENTATION('',(#6726),#6729);
#6726 = B_SPLINE_CURVE_WITH_KNOTS('',1,(#6727,#6728),.UNSPECIFIED.,.F.,
  .F.,(2,2),(-5.999999999062E-07,9.6000006),.PIECEWISE_BEZIER_KNOTS.);
#6727 = CARTESIAN_POINT('',(4.382931840767,-5.999999999062E-07));
#6728 = CARTESIAN_POINT('',(4.382931840767,9.6000006));
#6729 = ( GEOMETRIC_REPRESENTATION_CONTEXT(2) 
PARAMETRIC_REPRESENTATION_CONTEXT() REPRESENTATION_CONTEXT('2D SPACE',''
  ) );
#6730 = PCURVE('',#4185,#6731);
#6731 = DEFINITIONAL_REPRESENTATION('',(#6732),#6735);
#6732 = B_SPLINE_CURVE_WITH_KNOTS('',1,(#6733,#6734),.UNSPECIFIED.,.F.,
  .F.,(2,2),(-5.999999999062E-07,9.6000006),.PIECEWISE_BEZIER_KNOTS.);
#6733 = CARTESIAN_POINT('',(-13.3000006,15.217141588429));
#6734 = CARTESIAN_POINT('',(-3.6999994,15.217141588429));
#6735 = ( GEOMETRIC_REPRESENTATION_CONTEXT(2) 
PARAMETRIC_REPRESENTATION_CONTEXT() REPRESENTATION_CONTEXT('2D SPACE',''
  ) );
#6736 = ORIENTED_EDGE('',*,*,#6737,.F.);
#6737 = EDGE_CURVE('',#3585,#6717,#6738,.T.);
#6738 = SURFACE_CURVE('',#6739,(#6744,#6751),.PCURVE_S1.);
#6739 = CIRCLE('',#6740,3.4);
#6740 = AXIS2_PLACEMENT_3D('',#6741,#6742,#6743);
#6741 = CARTESIAN_POINT('',(2.8,18.,-5.6));
#6742 = DIRECTION('',(1.,0.,0.));
#6743 = DIRECTION('',(-0.,0.,1.));
#6744 = PCURVE('',#3599,#6745);
#6745 = DEFINITIONAL_REPRESENTATION('',(#6746),#6750);
#6746 = LINE('',#6747,#6748);
#6747 = CARTESIAN_POINT('',(0.,9.6));
#6748 = VECTOR('',#6749,1.);
#6749 = DIRECTION('',(1.,0.));
#6750 = ( GEOMETRIC_REPRESENTATION_CONTEXT(2) 
PARAMETRIC_REPRESENTATION_CONTEXT() REPRESENTATION_CONTEXT('2D SPACE',''
  ) );
#6751 = PCURVE('',#3625,#6752);
#6752 = DEFINITIONAL_REPRESENTATION('',(#6753),#6757);
#6753 = CIRCLE('',#6754,3.4);
#6754 = AXIS2_PLACEMENT_2D('',#6755,#6756);
#6755 = CARTESIAN_POINT('',(0.,0.));
#6756 = DIRECTION('',(1.,0.));
#6757 = ( GEOMETRIC_REPRESENTATION_CONTEXT(2) 
PARAMETRIC_REPRESENTATION_CONTEXT() REPRESENTATION_CONTEXT('2D SPACE',''
  ) );
#6758 = ORIENTED_EDGE('',*,*,#3584,.F.);
#6759 = ORIENTED_EDGE('',*,*,#6547,.F.);
#6760 = ORIENTED_EDGE('',*,*,#3636,.T.);
#6761 = ADVANCED_FACE('',(#6762),#3625,.F.);
#6762 = FACE_BOUND('',#6763,.F.);
#6763 = EDGE_LOOP('',(#6764,#6783,#6784,#6785));
#6764 = ORIENTED_EDGE('',*,*,#6765,.F.);
#6765 = EDGE_CURVE('',#6573,#6717,#6766,.T.);
#6766 = SURFACE_CURVE('',#6767,(#6771,#6777),.PCURVE_S1.);
#6767 = LINE('',#6768,#6769);
#6768 = CARTESIAN_POINT('',(2.8,12.,-6.7));
#6769 = VECTOR('',#6770,1.);
#6770 = DIRECTION('',(0.,1.,0.));
#6771 = PCURVE('',#3625,#6772);
#6772 = DEFINITIONAL_REPRESENTATION('',(#6773),#6776);
#6773 = B_SPLINE_CURVE_WITH_KNOTS('',1,(#6774,#6775),.UNSPECIFIED.,.F.,
  .F.,(2,2),(2.6,9.4),.PIECEWISE_BEZIER_KNOTS.);
#6774 = CARTESIAN_POINT('',(-1.1,3.4));
#6775 = CARTESIAN_POINT('',(-1.1,-3.4));
#6776 = ( GEOMETRIC_REPRESENTATION_CONTEXT(2) 
PARAMETRIC_REPRESENTATION_CONTEXT() REPRESENTATION_CONTEXT('2D SPACE',''
  ) );
#6777 = PCURVE('',#4185,#6778);
#6778 = DEFINITIONAL_REPRESENTATION('',(#6779),#6782);
#6779 = B_SPLINE_CURVE_WITH_KNOTS('',1,(#6780,#6781),.UNSPECIFIED.,.F.,
  .F.,(2,2),(2.6,9.4),.PIECEWISE_BEZIER_KNOTS.);
#6780 = CARTESIAN_POINT('',(-3.7,8.6));
#6781 = CARTESIAN_POINT('',(-3.7,15.4));
#6782 = ( GEOMETRIC_REPRESENTATION_CONTEXT(2) 
PARAMETRIC_REPRESENTATION_CONTEXT() REPRESENTATION_CONTEXT('2D SPACE',''
  ) );
#6783 = ORIENTED_EDGE('',*,*,#6572,.T.);
#6784 = ORIENTED_EDGE('',*,*,#3610,.T.);
#6785 = ORIENTED_EDGE('',*,*,#6737,.T.);
#6786 = ADVANCED_FACE('',(#6787),#3742,.T.);
#6787 = FACE_BOUND('',#6788,.T.);
#6788 = EDGE_LOOP('',(#6789,#6812,#6840,#6861));
#6789 = ORIENTED_EDGE('',*,*,#6790,.F.);
#6790 = EDGE_CURVE('',#6791,#3726,#6793,.T.);
#6791 = VERTEX_POINT('',#6792);
#6792 = CARTESIAN_POINT('',(41.,97.,-12.));
#6793 = SURFACE_CURVE('',#6794,(#6798,#6805),.PCURVE_S1.);
#6794 = LINE('',#6795,#6796);
#6795 = CARTESIAN_POINT('',(41.,97.,-12.));
#6796 = VECTOR('',#6797,1.);
#6797 = DIRECTION('',(0.,0.,1.));
#6798 = PCURVE('',#3742,#6799);
#6799 = DEFINITIONAL_REPRESENTATION('',(#6800),#6804);
#6800 = LINE('',#6801,#6802);
#6801 = CARTESIAN_POINT('',(0.,22.));
#6802 = VECTOR('',#6803,1.);
#6803 = DIRECTION('',(1.,0.));
#6804 = ( GEOMETRIC_REPRESENTATION_CONTEXT(2) 
PARAMETRIC_REPRESENTATION_CONTEXT() REPRESENTATION_CONTEXT('2D SPACE',''
  ) );
#6805 = PCURVE('',#3774,#6806);
#6806 = DEFINITIONAL_REPRESENTATION('',(#6807),#6811);
#6807 = LINE('',#6808,#6809);
#6808 = CARTESIAN_POINT('',(-1.570796326795,0.));
#6809 = VECTOR('',#6810,1.);
#6810 = DIRECTION('',(-0.,-1.));
#6811 = ( GEOMETRIC_REPRESENTATION_CONTEXT(2) 
PARAMETRIC_REPRESENTATION_CONTEXT() REPRESENTATION_CONTEXT('2D SPACE',''
  ) );
#6812 = ORIENTED_EDGE('',*,*,#6813,.F.);
#6813 = EDGE_CURVE('',#6814,#6791,#6816,.T.);
#6814 = VERTEX_POINT('',#6815);
#6815 = CARTESIAN_POINT('',(19.,97.,-12.));
#6816 = SURFACE_CURVE('',#6817,(#6821,#6828),.PCURVE_S1.);
#6817 = LINE('',#6818,#6819);
#6818 = CARTESIAN_POINT('',(19.,97.,-12.));
#6819 = VECTOR('',#6820,1.);
#6820 = DIRECTION('',(1.,0.,0.));
#6821 = PCURVE('',#3742,#6822);
#6822 = DEFINITIONAL_REPRESENTATION('',(#6823),#6827);
#6823 = LINE('',#6824,#6825);
#6824 = CARTESIAN_POINT('',(0.,0.));
#6825 = VECTOR('',#6826,1.);
#6826 = DIRECTION('',(0.,1.));
#6827 = ( GEOMETRIC_REPRESENTATION_CONTEXT(2) 
PARAMETRIC_REPRESENTATION_CONTEXT() REPRESENTATION_CONTEXT('2D SPACE',''
  ) );
#6828 = PCURVE('',#6829,#6834);
#6829 = PLANE('',#6830);
#6830 = AXIS2_PLACEMENT_3D('',#6831,#6832,#6833);
#6831 = CARTESIAN_POINT('',(19.,51.,-12.));
#6832 = DIRECTION('',(0.,0.,1.));
#6833 = DIRECTION('',(1.,0.,-0.));
#6834 = DEFINITIONAL_REPRESENTATION('',(#6835),#6839);
#6835 = LINE('',#6836,#6837);
#6836 = CARTESIAN_POINT('',(0.,46.));
#6837 = VECTOR('',#6838,1.);
#6838 = DIRECTION('',(1.,0.));
#6839 = ( GEOMETRIC_REPRESENTATION_CONTEXT(2) 
PARAMETRIC_REPRESENTATION_CONTEXT() REPRESENTATION_CONTEXT('2D SPACE',''
  ) );
#6840 = ORIENTED_EDGE('',*,*,#6841,.T.);
#6841 = EDGE_CURVE('',#6814,#3728,#6842,.T.);
#6842 = SURFACE_CURVE('',#6843,(#6847,#6854),.PCURVE_S1.);
#6843 = LINE('',#6844,#6845);
#6844 = CARTESIAN_POINT('',(19.,97.,-12.));
#6845 = VECTOR('',#6846,1.);
#6846 = DIRECTION('',(0.,0.,1.));
#6847 = PCURVE('',#3742,#6848);
#6848 = DEFINITIONAL_REPRESENTATION('',(#6849),#6853);
#6849 = LINE('',#6850,#6851);
#6850 = CARTESIAN_POINT('',(0.,0.));
#6851 = VECTOR('',#6852,1.);
#6852 = DIRECTION('',(1.,0.));
#6853 = ( GEOMETRIC_REPRESENTATION_CONTEXT(2) 
PARAMETRIC_REPRESENTATION_CONTEXT() REPRESENTATION_CONTEXT('2D SPACE',''
  ) );
#6854 = PCURVE('',#3949,#6855);
#6855 = DEFINITIONAL_REPRESENTATION('',(#6856),#6860);
#6856 = LINE('',#6857,#6858);
#6857 = CARTESIAN_POINT('',(-1.570796326795,0.));
#6858 = VECTOR('',#6859,1.);
#6859 = DIRECTION('',(-0.,-1.));
#6860 = ( GEOMETRIC_REPRESENTATION_CONTEXT(2) 
PARAMETRIC_REPRESENTATION_CONTEXT() REPRESENTATION_CONTEXT('2D SPACE',''
  ) );
#6861 = ORIENTED_EDGE('',*,*,#3725,.F.);
#6862 = ADVANCED_FACE('',(#6863),#3774,.T.);
#6863 = FACE_BOUND('',#6864,.F.);
#6864 = EDGE_LOOP('',(#6865,#6889,#6909,#6910));
#6865 = ORIENTED_EDGE('',*,*,#6866,.F.);
#6866 = EDGE_CURVE('',#6867,#6791,#6869,.T.);
#6867 = VERTEX_POINT('',#6868);
#6868 = CARTESIAN_POINT('',(49.,89.,-12.));
#6869 = SURFACE_CURVE('',#6870,(#6875,#6882),.PCURVE_S1.);
#6870 = CIRCLE('',#6871,8.);
#6871 = AXIS2_PLACEMENT_3D('',#6872,#6873,#6874);
#6872 = CARTESIAN_POINT('',(41.,89.,-12.));
#6873 = DIRECTION('',(0.,0.,1.));
#6874 = DIRECTION('',(1.,0.,0.));
#6875 = PCURVE('',#3774,#6876);
#6876 = DEFINITIONAL_REPRESENTATION('',(#6877),#6881);
#6877 = LINE('',#6878,#6879);
#6878 = CARTESIAN_POINT('',(-0.,0.));
#6879 = VECTOR('',#6880,1.);
#6880 = DIRECTION('',(-1.,0.));
#6881 = ( GEOMETRIC_REPRESENTATION_CONTEXT(2) 
PARAMETRIC_REPRESENTATION_CONTEXT() REPRESENTATION_CONTEXT('2D SPACE',''
  ) );
#6882 = PCURVE('',#6829,#6883);
#6883 = DEFINITIONAL_REPRESENTATION('',(#6884),#6888);
#6884 = CIRCLE('',#6885,8.);
#6885 = AXIS2_PLACEMENT_2D('',#6886,#6887);
#6886 = CARTESIAN_POINT('',(22.,38.));
#6887 = DIRECTION('',(1.,0.));
#6888 = ( GEOMETRIC_REPRESENTATION_CONTEXT(2) 
PARAMETRIC_REPRESENTATION_CONTEXT() REPRESENTATION_CONTEXT('2D SPACE',''
  ) );
#6889 = ORIENTED_EDGE('',*,*,#6890,.T.);
#6890 = EDGE_CURVE('',#6867,#3754,#6891,.T.);
#6891 = SURFACE_CURVE('',#6892,(#6896,#6902),.PCURVE_S1.);
#6892 = LINE('',#6893,#6894);
#6893 = CARTESIAN_POINT('',(49.,89.,-12.));
#6894 = VECTOR('',#6895,1.);
#6895 = DIRECTION('',(0.,0.,1.));
#6896 = PCURVE('',#3774,#6897);
#6897 = DEFINITIONAL_REPRESENTATION('',(#6898),#6901);
#6898 = B_SPLINE_CURVE_WITH_KNOTS('',1,(#6899,#6900),.UNSPECIFIED.,.F.,
  .F.,(2,2),(0.,11.85),.PIECEWISE_BEZIER_KNOTS.);
#6899 = CARTESIAN_POINT('',(0.,0.));
#6900 = CARTESIAN_POINT('',(0.,-11.85));
#6901 = ( GEOMETRIC_REPRESENTATION_CONTEXT(2) 
PARAMETRIC_REPRESENTATION_CONTEXT() REPRESENTATION_CONTEXT('2D SPACE',''
  ) );
#6902 = PCURVE('',#3801,#6903);
#6903 = DEFINITIONAL_REPRESENTATION('',(#6904),#6908);
#6904 = LINE('',#6905,#6906);
#6905 = CARTESIAN_POINT('',(0.,-38.));
#6906 = VECTOR('',#6907,1.);
#6907 = DIRECTION('',(1.,0.));
#6908 = ( GEOMETRIC_REPRESENTATION_CONTEXT(2) 
PARAMETRIC_REPRESENTATION_CONTEXT() REPRESENTATION_CONTEXT('2D SPACE',''
  ) );
#6909 = ORIENTED_EDGE('',*,*,#3753,.F.);
#6910 = ORIENTED_EDGE('',*,*,#6790,.F.);
#6911 = ADVANCED_FACE('',(#6912),#3949,.T.);
#6912 = FACE_BOUND('',#6913,.F.);
#6913 = EDGE_LOOP('',(#6914,#6938,#6939,#6940));
#6914 = ORIENTED_EDGE('',*,*,#6915,.F.);
#6915 = EDGE_CURVE('',#6814,#6916,#6918,.T.);
#6916 = VERTEX_POINT('',#6917);
#6917 = CARTESIAN_POINT('',(11.,89.,-12.));
#6918 = SURFACE_CURVE('',#6919,(#6924,#6931),.PCURVE_S1.);
#6919 = CIRCLE('',#6920,8.);
#6920 = AXIS2_PLACEMENT_3D('',#6921,#6922,#6923);
#6921 = CARTESIAN_POINT('',(19.,89.,-12.));
#6922 = DIRECTION('',(0.,0.,1.));
#6923 = DIRECTION('',(1.,0.,0.));
#6924 = PCURVE('',#3949,#6925);
#6925 = DEFINITIONAL_REPRESENTATION('',(#6926),#6930);
#6926 = LINE('',#6927,#6928);
#6927 = CARTESIAN_POINT('',(-0.,0.));
#6928 = VECTOR('',#6929,1.);
#6929 = DIRECTION('',(-1.,0.));
#6930 = ( GEOMETRIC_REPRESENTATION_CONTEXT(2) 
PARAMETRIC_REPRESENTATION_CONTEXT() REPRESENTATION_CONTEXT('2D SPACE',''
  ) );
#6931 = PCURVE('',#6829,#6932);
#6932 = DEFINITIONAL_REPRESENTATION('',(#6933),#6937);
#6933 = CIRCLE('',#6934,8.);
#6934 = AXIS2_PLACEMENT_2D('',#6935,#6936);
#6935 = CARTESIAN_POINT('',(0.,38.));
#6936 = DIRECTION('',(1.,0.));
#6937 = ( GEOMETRIC_REPRESENTATION_CONTEXT(2) 
PARAMETRIC_REPRESENTATION_CONTEXT() REPRESENTATION_CONTEXT('2D SPACE',''
  ) );
#6938 = ORIENTED_EDGE('',*,*,#6841,.T.);
#6939 = ORIENTED_EDGE('',*,*,#3930,.F.);
#6940 = ORIENTED_EDGE('',*,*,#6941,.F.);
#6941 = EDGE_CURVE('',#6916,#3905,#6942,.T.);
#6942 = SURFACE_CURVE('',#6943,(#6947,#6954),.PCURVE_S1.);
#6943 = LINE('',#6944,#6945);
#6944 = CARTESIAN_POINT('',(11.,89.,-12.));
#6945 = VECTOR('',#6946,1.);
#6946 = DIRECTION('',(0.,0.,1.));
#6947 = PCURVE('',#3949,#6948);
#6948 = DEFINITIONAL_REPRESENTATION('',(#6949),#6953);
#6949 = LINE('',#6950,#6951);
#6950 = CARTESIAN_POINT('',(-3.14159265359,0.));
#6951 = VECTOR('',#6952,1.);
#6952 = DIRECTION('',(-0.,-1.));
#6953 = ( GEOMETRIC_REPRESENTATION_CONTEXT(2) 
PARAMETRIC_REPRESENTATION_CONTEXT() REPRESENTATION_CONTEXT('2D SPACE',''
  ) );
#6954 = PCURVE('',#3919,#6955);
#6955 = DEFINITIONAL_REPRESENTATION('',(#6956),#6960);
#6956 = LINE('',#6957,#6958);
#6957 = CARTESIAN_POINT('',(0.,-38.));
#6958 = VECTOR('',#6959,1.);
#6959 = DIRECTION('',(1.,0.));
#6960 = ( GEOMETRIC_REPRESENTATION_CONTEXT(2) 
PARAMETRIC_REPRESENTATION_CONTEXT() REPRESENTATION_CONTEXT('2D SPACE',''
  ) );
#6961 = ADVANCED_FACE('',(#6962),#3801,.T.);
#6962 = FACE_BOUND('',#6963,.T.);
#6963 = EDGE_LOOP('',(#6964,#6986,#7007,#7008));
#6964 = ORIENTED_EDGE('',*,*,#6965,.F.);
#6965 = EDGE_CURVE('',#6966,#3787,#6968,.T.);
#6966 = VERTEX_POINT('',#6967);
#6967 = CARTESIAN_POINT('',(49.,51.,-12.));
#6968 = SURFACE_CURVE('',#6969,(#6973,#6980),.PCURVE_S1.);
#6969 = LINE('',#6970,#6971);
#6970 = CARTESIAN_POINT('',(49.,51.,-12.));
#6971 = VECTOR('',#6972,1.);
#6972 = DIRECTION('',(0.,0.,1.));
#6973 = PCURVE('',#3801,#6974);
#6974 = DEFINITIONAL_REPRESENTATION('',(#6975),#6979);
#6975 = LINE('',#6976,#6977);
#6976 = CARTESIAN_POINT('',(0.,0.));
#6977 = VECTOR('',#6978,1.);
#6978 = DIRECTION('',(1.,0.));
#6979 = ( GEOMETRIC_REPRESENTATION_CONTEXT(2) 
PARAMETRIC_REPRESENTATION_CONTEXT() REPRESENTATION_CONTEXT('2D SPACE',''
  ) );
#6980 = PCURVE('',#3833,#6981);
#6981 = DEFINITIONAL_REPRESENTATION('',(#6982),#6985);
#6982 = B_SPLINE_CURVE_WITH_KNOTS('',1,(#6983,#6984),.UNSPECIFIED.,.F.,
  .F.,(2,2),(0.,11.85),.PIECEWISE_BEZIER_KNOTS.);
#6983 = CARTESIAN_POINT('',(-6.28318530718,0.));
#6984 = CARTESIAN_POINT('',(-6.28318530718,-11.85));
#6985 = ( GEOMETRIC_REPRESENTATION_CONTEXT(2) 
PARAMETRIC_REPRESENTATION_CONTEXT() REPRESENTATION_CONTEXT('2D SPACE',''
  ) );
#6986 = ORIENTED_EDGE('',*,*,#6987,.T.);
#6987 = EDGE_CURVE('',#6966,#6867,#6988,.T.);
#6988 = SURFACE_CURVE('',#6989,(#6993,#7000),.PCURVE_S1.);
#6989 = LINE('',#6990,#6991);
#6990 = CARTESIAN_POINT('',(49.,51.,-12.));
#6991 = VECTOR('',#6992,1.);
#6992 = DIRECTION('',(0.,1.,0.));
#6993 = PCURVE('',#3801,#6994);
#6994 = DEFINITIONAL_REPRESENTATION('',(#6995),#6999);
#6995 = LINE('',#6996,#6997);
#6996 = CARTESIAN_POINT('',(0.,0.));
#6997 = VECTOR('',#6998,1.);
#6998 = DIRECTION('',(0.,-1.));
#6999 = ( GEOMETRIC_REPRESENTATION_CONTEXT(2) 
PARAMETRIC_REPRESENTATION_CONTEXT() REPRESENTATION_CONTEXT('2D SPACE',''
  ) );
#7000 = PCURVE('',#6829,#7001);
#7001 = DEFINITIONAL_REPRESENTATION('',(#7002),#7006);
#7002 = LINE('',#7003,#7004);
#7003 = CARTESIAN_POINT('',(30.,0.));
#7004 = VECTOR('',#7005,1.);
#7005 = DIRECTION('',(0.,1.));
#7006 = ( GEOMETRIC_REPRESENTATION_CONTEXT(2) 
PARAMETRIC_REPRESENTATION_CONTEXT() REPRESENTATION_CONTEXT('2D SPACE',''
  ) );
#7007 = ORIENTED_EDGE('',*,*,#6890,.T.);
#7008 = ORIENTED_EDGE('',*,*,#3786,.F.);
#7009 = ADVANCED_FACE('',(#7010),#3919,.F.);
#7010 = FACE_BOUND('',#7011,.F.);
#7011 = EDGE_LOOP('',(#7012,#7035,#7056,#7057));
#7012 = ORIENTED_EDGE('',*,*,#7013,.F.);
#7013 = EDGE_CURVE('',#7014,#3872,#7016,.T.);
#7014 = VERTEX_POINT('',#7015);
#7015 = CARTESIAN_POINT('',(11.,51.,-12.));
#7016 = SURFACE_CURVE('',#7017,(#7021,#7028),.PCURVE_S1.);
#7017 = LINE('',#7018,#7019);
#7018 = CARTESIAN_POINT('',(11.,51.,-12.));
#7019 = VECTOR('',#7020,1.);
#7020 = DIRECTION('',(0.,0.,1.));
#7021 = PCURVE('',#3919,#7022);
#7022 = DEFINITIONAL_REPRESENTATION('',(#7023),#7027);
#7023 = LINE('',#7024,#7025);
#7024 = CARTESIAN_POINT('',(0.,0.));
#7025 = VECTOR('',#7026,1.);
#7026 = DIRECTION('',(1.,0.));
#7027 = ( GEOMETRIC_REPRESENTATION_CONTEXT(2) 
PARAMETRIC_REPRESENTATION_CONTEXT() REPRESENTATION_CONTEXT('2D SPACE',''
  ) );
#7028 = PCURVE('',#3892,#7029);
#7029 = DEFINITIONAL_REPRESENTATION('',(#7030),#7034);
#7030 = LINE('',#7031,#7032);
#7031 = CARTESIAN_POINT('',(-3.14159265359,0.));
#7032 = VECTOR('',#7033,1.);
#7033 = DIRECTION('',(-0.,-1.));
#7034 = ( GEOMETRIC_REPRESENTATION_CONTEXT(2) 
PARAMETRIC_REPRESENTATION_CONTEXT() REPRESENTATION_CONTEXT('2D SPACE',''
  ) );
#7035 = ORIENTED_EDGE('',*,*,#7036,.T.);
#7036 = EDGE_CURVE('',#7014,#6916,#7037,.T.);
#7037 = SURFACE_CURVE('',#7038,(#7042,#7049),.PCURVE_S1.);
#7038 = LINE('',#7039,#7040);
#7039 = CARTESIAN_POINT('',(11.,51.,-12.));
#7040 = VECTOR('',#7041,1.);
#7041 = DIRECTION('',(0.,1.,0.));
#7042 = PCURVE('',#3919,#7043);
#7043 = DEFINITIONAL_REPRESENTATION('',(#7044),#7048);
#7044 = LINE('',#7045,#7046);
#7045 = CARTESIAN_POINT('',(0.,0.));
#7046 = VECTOR('',#7047,1.);
#7047 = DIRECTION('',(0.,-1.));
#7048 = ( GEOMETRIC_REPRESENTATION_CONTEXT(2) 
PARAMETRIC_REPRESENTATION_CONTEXT() REPRESENTATION_CONTEXT('2D SPACE',''
  ) );
#7049 = PCURVE('',#6829,#7050);
#7050 = DEFINITIONAL_REPRESENTATION('',(#7051),#7055);
#7051 = LINE('',#7052,#7053);
#7052 = CARTESIAN_POINT('',(-8.,0.));
#7053 = VECTOR('',#7054,1.);
#7054 = DIRECTION('',(0.,1.));
#7055 = ( GEOMETRIC_REPRESENTATION_CONTEXT(2) 
PARAMETRIC_REPRESENTATION_CONTEXT() REPRESENTATION_CONTEXT('2D SPACE',''
  ) );
#7056 = ORIENTED_EDGE('',*,*,#6941,.T.);
#7057 = ORIENTED_EDGE('',*,*,#3904,.F.);
#7058 = ADVANCED_FACE('',(#7059),#3833,.T.);
#7059 = FACE_BOUND('',#7060,.F.);
#7060 = EDGE_LOOP('',(#7061,#7062,#7086,#7107));
#7061 = ORIENTED_EDGE('',*,*,#6965,.F.);
#7062 = ORIENTED_EDGE('',*,*,#7063,.F.);
#7063 = EDGE_CURVE('',#7064,#6966,#7066,.T.);
#7064 = VERTEX_POINT('',#7065);
#7065 = CARTESIAN_POINT('',(41.,43.,-12.));
#7066 = SURFACE_CURVE('',#7067,(#7072,#7079),.PCURVE_S1.);
#7067 = CIRCLE('',#7068,8.);
#7068 = AXIS2_PLACEMENT_3D('',#7069,#7070,#7071);
#7069 = CARTESIAN_POINT('',(41.,51.,-12.));
#7070 = DIRECTION('',(0.,0.,1.));
#7071 = DIRECTION('',(1.,0.,0.));
#7072 = PCURVE('',#3833,#7073);
#7073 = DEFINITIONAL_REPRESENTATION('',(#7074),#7078);
#7074 = LINE('',#7075,#7076);
#7075 = CARTESIAN_POINT('',(-0.,0.));
#7076 = VECTOR('',#7077,1.);
#7077 = DIRECTION('',(-1.,0.));
#7078 = ( GEOMETRIC_REPRESENTATION_CONTEXT(2) 
PARAMETRIC_REPRESENTATION_CONTEXT() REPRESENTATION_CONTEXT('2D SPACE',''
  ) );
#7079 = PCURVE('',#6829,#7080);
#7080 = DEFINITIONAL_REPRESENTATION('',(#7081),#7085);
#7081 = CIRCLE('',#7082,8.);
#7082 = AXIS2_PLACEMENT_2D('',#7083,#7084);
#7083 = CARTESIAN_POINT('',(22.,0.));
#7084 = DIRECTION('',(1.,0.));
#7085 = ( GEOMETRIC_REPRESENTATION_CONTEXT(2) 
PARAMETRIC_REPRESENTATION_CONTEXT() REPRESENTATION_CONTEXT('2D SPACE',''
  ) );
#7086 = ORIENTED_EDGE('',*,*,#7087,.T.);
#7087 = EDGE_CURVE('',#7064,#3813,#7088,.T.);
#7088 = SURFACE_CURVE('',#7089,(#7093,#7100),.PCURVE_S1.);
#7089 = LINE('',#7090,#7091);
#7090 = CARTESIAN_POINT('',(41.,43.,-12.));
#7091 = VECTOR('',#7092,1.);
#7092 = DIRECTION('',(0.,0.,1.));
#7093 = PCURVE('',#3833,#7094);
#7094 = DEFINITIONAL_REPRESENTATION('',(#7095),#7099);
#7095 = LINE('',#7096,#7097);
#7096 = CARTESIAN_POINT('',(-4.712388980385,0.));
#7097 = VECTOR('',#7098,1.);
#7098 = DIRECTION('',(-0.,-1.));
#7099 = ( GEOMETRIC_REPRESENTATION_CONTEXT(2) 
PARAMETRIC_REPRESENTATION_CONTEXT() REPRESENTATION_CONTEXT('2D SPACE',''
  ) );
#7100 = PCURVE('',#3860,#7101);
#7101 = DEFINITIONAL_REPRESENTATION('',(#7102),#7106);
#7102 = LINE('',#7103,#7104);
#7103 = CARTESIAN_POINT('',(0.,22.));
#7104 = VECTOR('',#7105,1.);
#7105 = DIRECTION('',(1.,0.));
#7106 = ( GEOMETRIC_REPRESENTATION_CONTEXT(2) 
PARAMETRIC_REPRESENTATION_CONTEXT() REPRESENTATION_CONTEXT('2D SPACE',''
  ) );
#7107 = ORIENTED_EDGE('',*,*,#3812,.F.);
#7108 = ADVANCED_FACE('',(#7109),#3892,.T.);
#7109 = FACE_BOUND('',#7110,.F.);
#7110 = EDGE_LOOP('',(#7111,#7135,#7136,#7137));
#7111 = ORIENTED_EDGE('',*,*,#7112,.F.);
#7112 = EDGE_CURVE('',#7014,#7113,#7115,.T.);
#7113 = VERTEX_POINT('',#7114);
#7114 = CARTESIAN_POINT('',(19.,43.,-12.));
#7115 = SURFACE_CURVE('',#7116,(#7121,#7128),.PCURVE_S1.);
#7116 = CIRCLE('',#7117,8.);
#7117 = AXIS2_PLACEMENT_3D('',#7118,#7119,#7120);
#7118 = CARTESIAN_POINT('',(19.,51.,-12.));
#7119 = DIRECTION('',(0.,0.,1.));
#7120 = DIRECTION('',(1.,0.,0.));
#7121 = PCURVE('',#3892,#7122);
#7122 = DEFINITIONAL_REPRESENTATION('',(#7123),#7127);
#7123 = LINE('',#7124,#7125);
#7124 = CARTESIAN_POINT('',(-0.,0.));
#7125 = VECTOR('',#7126,1.);
#7126 = DIRECTION('',(-1.,0.));
#7127 = ( GEOMETRIC_REPRESENTATION_CONTEXT(2) 
PARAMETRIC_REPRESENTATION_CONTEXT() REPRESENTATION_CONTEXT('2D SPACE',''
  ) );
#7128 = PCURVE('',#6829,#7129);
#7129 = DEFINITIONAL_REPRESENTATION('',(#7130),#7134);
#7130 = CIRCLE('',#7131,8.);
#7131 = AXIS2_PLACEMENT_2D('',#7132,#7133);
#7132 = CARTESIAN_POINT('',(0.,0.));
#7133 = DIRECTION('',(1.,0.));
#7134 = ( GEOMETRIC_REPRESENTATION_CONTEXT(2) 
PARAMETRIC_REPRESENTATION_CONTEXT() REPRESENTATION_CONTEXT('2D SPACE',''
  ) );
#7135 = ORIENTED_EDGE('',*,*,#7013,.T.);
#7136 = ORIENTED_EDGE('',*,*,#3871,.F.);
#7137 = ORIENTED_EDGE('',*,*,#7138,.F.);
#7138 = EDGE_CURVE('',#7113,#3846,#7139,.T.);
#7139 = SURFACE_CURVE('',#7140,(#7144,#7151),.PCURVE_S1.);
#7140 = LINE('',#7141,#7142);
#7141 = CARTESIAN_POINT('',(19.,43.,-12.));
#7142 = VECTOR('',#7143,1.);
#7143 = DIRECTION('',(0.,0.,1.));
#7144 = PCURVE('',#3892,#7145);
#7145 = DEFINITIONAL_REPRESENTATION('',(#7146),#7150);
#7146 = LINE('',#7147,#7148);
#7147 = CARTESIAN_POINT('',(-4.712388980385,0.));
#7148 = VECTOR('',#7149,1.);
#7149 = DIRECTION('',(-0.,-1.));
#7150 = ( GEOMETRIC_REPRESENTATION_CONTEXT(2) 
PARAMETRIC_REPRESENTATION_CONTEXT() REPRESENTATION_CONTEXT('2D SPACE',''
  ) );
#7151 = PCURVE('',#3860,#7152);
#7152 = DEFINITIONAL_REPRESENTATION('',(#7153),#7157);
#7153 = LINE('',#7154,#7155);
#7154 = CARTESIAN_POINT('',(0.,0.));
#7155 = VECTOR('',#7156,1.);
#7156 = DIRECTION('',(1.,0.));
#7157 = ( GEOMETRIC_REPRESENTATION_CONTEXT(2) 
PARAMETRIC_REPRESENTATION_CONTEXT() REPRESENTATION_CONTEXT('2D SPACE',''
  ) );
#7158 = ADVANCED_FACE('',(#7159),#3860,.F.);
#7159 = FACE_BOUND('',#7160,.F.);
#7160 = EDGE_LOOP('',(#7161,#7162,#7183,#7184));
#7161 = ORIENTED_EDGE('',*,*,#7087,.F.);
#7162 = ORIENTED_EDGE('',*,*,#7163,.F.);
#7163 = EDGE_CURVE('',#7113,#7064,#7164,.T.);
#7164 = SURFACE_CURVE('',#7165,(#7169,#7176),.PCURVE_S1.);
#7165 = LINE('',#7166,#7167);
#7166 = CARTESIAN_POINT('',(19.,43.,-12.));
#7167 = VECTOR('',#7168,1.);
#7168 = DIRECTION('',(1.,0.,0.));
#7169 = PCURVE('',#3860,#7170);
#7170 = DEFINITIONAL_REPRESENTATION('',(#7171),#7175);
#7171 = LINE('',#7172,#7173);
#7172 = CARTESIAN_POINT('',(0.,0.));
#7173 = VECTOR('',#7174,1.);
#7174 = DIRECTION('',(0.,1.));
#7175 = ( GEOMETRIC_REPRESENTATION_CONTEXT(2) 
PARAMETRIC_REPRESENTATION_CONTEXT() REPRESENTATION_CONTEXT('2D SPACE',''
  ) );
#7176 = PCURVE('',#6829,#7177);
#7177 = DEFINITIONAL_REPRESENTATION('',(#7178),#7182);
#7178 = LINE('',#7179,#7180);
#7179 = CARTESIAN_POINT('',(0.,-8.));
#7180 = VECTOR('',#7181,1.);
#7181 = DIRECTION('',(1.,0.));
#7182 = ( GEOMETRIC_REPRESENTATION_CONTEXT(2) 
PARAMETRIC_REPRESENTATION_CONTEXT() REPRESENTATION_CONTEXT('2D SPACE',''
  ) );
#7183 = ORIENTED_EDGE('',*,*,#7138,.T.);
#7184 = ORIENTED_EDGE('',*,*,#3845,.F.);
#7185 = ADVANCED_FACE('',(#7186,#7362,#7468,#7564,#7599,#7705,#7801,
    #7907,#8003,#8038,#8144,#8240,#8346,#8442,#8680,#8715),#4185,.T.);
#7186 = FACE_BOUND('',#7187,.T.);
#7187 = EDGE_LOOP('',(#7188,#7189,#7190,#7191,#7215,#7243,#7269,#7288,
    #7289,#7290,#7291,#7312,#7338,#7359,#7360,#7361));
#7188 = ORIENTED_EDGE('',*,*,#4571,.T.);
#7189 = ORIENTED_EDGE('',*,*,#4910,.T.);
#7190 = ORIENTED_EDGE('',*,*,#5185,.F.);
#7191 = ORIENTED_EDGE('',*,*,#7192,.T.);
#7192 = EDGE_CURVE('',#5186,#7193,#7195,.T.);
#7193 = VERTEX_POINT('',#7194);
#7194 = CARTESIAN_POINT('',(-2.7,99.,-6.7));
#7195 = SURFACE_CURVE('',#7196,(#7201,#7208),.PCURVE_S1.);
#7196 = CIRCLE('',#7197,9.2);
#7197 = AXIS2_PLACEMENT_3D('',#7198,#7199,#7200);
#7198 = CARTESIAN_POINT('',(6.5,99.,-6.7));
#7199 = DIRECTION('',(0.,0.,1.));
#7200 = DIRECTION('',(1.,0.,0.));
#7201 = PCURVE('',#4185,#7202);
#7202 = DEFINITIONAL_REPRESENTATION('',(#7203),#7207);
#7203 = CIRCLE('',#7204,9.2);
#7204 = AXIS2_PLACEMENT_2D('',#7205,#7206);
#7205 = CARTESIAN_POINT('',(8.881784197001E-16,93.));
#7206 = DIRECTION('',(1.,0.));
#7207 = ( GEOMETRIC_REPRESENTATION_CONTEXT(2) 
PARAMETRIC_REPRESENTATION_CONTEXT() REPRESENTATION_CONTEXT('2D SPACE',''
  ) );
#7208 = PCURVE('',#5224,#7209);
#7209 = DEFINITIONAL_REPRESENTATION('',(#7210),#7214);
#7210 = LINE('',#7211,#7212);
#7211 = CARTESIAN_POINT('',(-0.,0.));
#7212 = VECTOR('',#7213,1.);
#7213 = DIRECTION('',(-1.,0.));
#7214 = ( GEOMETRIC_REPRESENTATION_CONTEXT(2) 
PARAMETRIC_REPRESENTATION_CONTEXT() REPRESENTATION_CONTEXT('2D SPACE',''
  ) );
#7215 = ORIENTED_EDGE('',*,*,#7216,.F.);
#7216 = EDGE_CURVE('',#7217,#7193,#7219,.T.);
#7217 = VERTEX_POINT('',#7218);
#7218 = CARTESIAN_POINT('',(-2.7,23.898304841223,-6.7));
#7219 = SURFACE_CURVE('',#7220,(#7224,#7231),.PCURVE_S1.);
#7220 = LINE('',#7221,#7222);
#7221 = CARTESIAN_POINT('',(-2.7,6.,-6.7));
#7222 = VECTOR('',#7223,1.);
#7223 = DIRECTION('',(0.,1.,0.));
#7224 = PCURVE('',#4185,#7225);
#7225 = DEFINITIONAL_REPRESENTATION('',(#7226),#7230);
#7226 = LINE('',#7227,#7228);
#7227 = CARTESIAN_POINT('',(-9.2,-8.881784197001E-16));
#7228 = VECTOR('',#7229,1.);
#7229 = DIRECTION('',(0.,1.));
#7230 = ( GEOMETRIC_REPRESENTATION_CONTEXT(2) 
PARAMETRIC_REPRESENTATION_CONTEXT() REPRESENTATION_CONTEXT('2D SPACE',''
  ) );
#7231 = PCURVE('',#7232,#7237);
#7232 = PLANE('',#7233);
#7233 = AXIS2_PLACEMENT_3D('',#7234,#7235,#7236);
#7234 = CARTESIAN_POINT('',(-2.7,6.,-6.7));
#7235 = DIRECTION('',(1.,0.,0.));
#7236 = DIRECTION('',(0.,0.,1.));
#7237 = DEFINITIONAL_REPRESENTATION('',(#7238),#7242);
#7238 = LINE('',#7239,#7240);
#7239 = CARTESIAN_POINT('',(0.,0.));
#7240 = VECTOR('',#7241,1.);
#7241 = DIRECTION('',(0.,-1.));
#7242 = ( GEOMETRIC_REPRESENTATION_CONTEXT(2) 
PARAMETRIC_REPRESENTATION_CONTEXT() REPRESENTATION_CONTEXT('2D SPACE',''
  ) );
#7243 = ORIENTED_EDGE('',*,*,#7244,.T.);
#7244 = EDGE_CURVE('',#7217,#7245,#7247,.T.);
#7245 = VERTEX_POINT('',#7246);
#7246 = CARTESIAN_POINT('',(-0.2,23.898304841223,-6.7));
#7247 = SURFACE_CURVE('',#7248,(#7252,#7258),.PCURVE_S1.);
#7248 = LINE('',#7249,#7250);
#7249 = CARTESIAN_POINT('',(-5.7,23.898304841223,-6.7));
#7250 = VECTOR('',#7251,1.);
#7251 = DIRECTION('',(1.,0.,0.));
#7252 = PCURVE('',#4185,#7253);
#7253 = DEFINITIONAL_REPRESENTATION('',(#7254),#7257);
#7254 = B_SPLINE_CURVE_WITH_KNOTS('',1,(#7255,#7256),.UNSPECIFIED.,.F.,
  .F.,(2,2),(-5.999999999062E-07,5.5000006),.PIECEWISE_BEZIER_KNOTS.);
#7255 = CARTESIAN_POINT('',(-12.2000006,17.898304841223));
#7256 = CARTESIAN_POINT('',(-6.6999994,17.898304841223));
#7257 = ( GEOMETRIC_REPRESENTATION_CONTEXT(2) 
PARAMETRIC_REPRESENTATION_CONTEXT() REPRESENTATION_CONTEXT('2D SPACE',''
  ) );
#7258 = PCURVE('',#7259,#7264);
#7259 = CYLINDRICAL_SURFACE('',#7260,6.);
#7260 = AXIS2_PLACEMENT_3D('',#7261,#7262,#7263);
#7261 = CARTESIAN_POINT('',(-5.7,18.,-5.6));
#7262 = DIRECTION('',(1.,0.,0.));
#7263 = DIRECTION('',(-0.,0.,1.));
#7264 = DEFINITIONAL_REPRESENTATION('',(#7265),#7268);
#7265 = B_SPLINE_CURVE_WITH_KNOTS('',1,(#7266,#7267),.UNSPECIFIED.,.F.,
  .F.,(2,2),(-5.999999999062E-07,5.5000006),.PIECEWISE_BEZIER_KNOTS.);
#7266 = CARTESIAN_POINT('',(4.528012789349,-5.999999999062E-07));
#7267 = CARTESIAN_POINT('',(4.528012789349,5.5000006));
#7268 = ( GEOMETRIC_REPRESENTATION_CONTEXT(2) 
PARAMETRIC_REPRESENTATION_CONTEXT() REPRESENTATION_CONTEXT('2D SPACE',''
  ) );
#7269 = ORIENTED_EDGE('',*,*,#7270,.F.);
#7270 = EDGE_CURVE('',#6693,#7245,#7271,.T.);
#7271 = SURFACE_CURVE('',#7272,(#7276,#7282),.PCURVE_S1.);
#7272 = LINE('',#7273,#7274);
#7273 = CARTESIAN_POINT('',(-0.2,12.,-6.7));
#7274 = VECTOR('',#7275,1.);
#7275 = DIRECTION('',(0.,1.,0.));
#7276 = PCURVE('',#4185,#7277);
#7277 = DEFINITIONAL_REPRESENTATION('',(#7278),#7281);
#7278 = B_SPLINE_CURVE_WITH_KNOTS('',1,(#7279,#7280),.UNSPECIFIED.,.F.,
  .F.,(2,2),(0.,12.),.PIECEWISE_BEZIER_KNOTS.);
#7279 = CARTESIAN_POINT('',(-6.7,6.));
#7280 = CARTESIAN_POINT('',(-6.7,18.));
#7281 = ( GEOMETRIC_REPRESENTATION_CONTEXT(2) 
PARAMETRIC_REPRESENTATION_CONTEXT() REPRESENTATION_CONTEXT('2D SPACE',''
  ) );
#7282 = PCURVE('',#6634,#7283);
#7283 = DEFINITIONAL_REPRESENTATION('',(#7284),#7287);
#7284 = B_SPLINE_CURVE_WITH_KNOTS('',1,(#7285,#7286),.UNSPECIFIED.,.F.,
  .F.,(2,2),(0.,12.),.PIECEWISE_BEZIER_KNOTS.);
#7285 = CARTESIAN_POINT('',(-1.1,6.));
#7286 = CARTESIAN_POINT('',(-1.1,-6.));
#7287 = ( GEOMETRIC_REPRESENTATION_CONTEXT(2) 
PARAMETRIC_REPRESENTATION_CONTEXT() REPRESENTATION_CONTEXT('2D SPACE',''
  ) );
#7288 = ORIENTED_EDGE('',*,*,#6716,.T.);
#7289 = ORIENTED_EDGE('',*,*,#6765,.F.);
#7290 = ORIENTED_EDGE('',*,*,#6596,.F.);
#7291 = ORIENTED_EDGE('',*,*,#7292,.F.);
#7292 = EDGE_CURVE('',#7293,#6597,#7295,.T.);
#7293 = VERTEX_POINT('',#7294);
#7294 = CARTESIAN_POINT('',(-0.2,12.101695158777,-6.7));
#7295 = SURFACE_CURVE('',#7296,(#7300,#7306),.PCURVE_S1.);
#7296 = LINE('',#7297,#7298);
#7297 = CARTESIAN_POINT('',(-0.2,12.,-6.7));
#7298 = VECTOR('',#7299,1.);
#7299 = DIRECTION('',(0.,1.,0.));
#7300 = PCURVE('',#4185,#7301);
#7301 = DEFINITIONAL_REPRESENTATION('',(#7302),#7305);
#7302 = B_SPLINE_CURVE_WITH_KNOTS('',1,(#7303,#7304),.UNSPECIFIED.,.F.,
  .F.,(2,2),(0.,12.),.PIECEWISE_BEZIER_KNOTS.);
#7303 = CARTESIAN_POINT('',(-6.7,6.));
#7304 = CARTESIAN_POINT('',(-6.7,18.));
#7305 = ( GEOMETRIC_REPRESENTATION_CONTEXT(2) 
PARAMETRIC_REPRESENTATION_CONTEXT() REPRESENTATION_CONTEXT('2D SPACE',''
  ) );
#7306 = PCURVE('',#6634,#7307);
#7307 = DEFINITIONAL_REPRESENTATION('',(#7308),#7311);
#7308 = B_SPLINE_CURVE_WITH_KNOTS('',1,(#7309,#7310),.UNSPECIFIED.,.F.,
  .F.,(2,2),(0.,12.),.PIECEWISE_BEZIER_KNOTS.);
#7309 = CARTESIAN_POINT('',(-1.1,6.));
#7310 = CARTESIAN_POINT('',(-1.1,-6.));
#7311 = ( GEOMETRIC_REPRESENTATION_CONTEXT(2) 
PARAMETRIC_REPRESENTATION_CONTEXT() REPRESENTATION_CONTEXT('2D SPACE',''
  ) );
#7312 = ORIENTED_EDGE('',*,*,#7313,.F.);
#7313 = EDGE_CURVE('',#7314,#7293,#7316,.T.);
#7314 = VERTEX_POINT('',#7315);
#7315 = CARTESIAN_POINT('',(-2.7,12.101695158777,-6.7));
#7316 = SURFACE_CURVE('',#7317,(#7321,#7327),.PCURVE_S1.);
#7317 = LINE('',#7318,#7319);
#7318 = CARTESIAN_POINT('',(-5.7,12.101695158777,-6.7));
#7319 = VECTOR('',#7320,1.);
#7320 = DIRECTION('',(1.,0.,0.));
#7321 = PCURVE('',#4185,#7322);
#7322 = DEFINITIONAL_REPRESENTATION('',(#7323),#7326);
#7323 = B_SPLINE_CURVE_WITH_KNOTS('',1,(#7324,#7325),.UNSPECIFIED.,.F.,
  .F.,(2,2),(-5.999999999062E-07,5.5000006),.PIECEWISE_BEZIER_KNOTS.);
#7324 = CARTESIAN_POINT('',(-12.2000006,6.101695158777));
#7325 = CARTESIAN_POINT('',(-6.6999994,6.101695158777));
#7326 = ( GEOMETRIC_REPRESENTATION_CONTEXT(2) 
PARAMETRIC_REPRESENTATION_CONTEXT() REPRESENTATION_CONTEXT('2D SPACE',''
  ) );
#7327 = PCURVE('',#7328,#7333);
#7328 = CYLINDRICAL_SURFACE('',#7329,6.);
#7329 = AXIS2_PLACEMENT_3D('',#7330,#7331,#7332);
#7330 = CARTESIAN_POINT('',(-5.7,18.,-5.6));
#7331 = DIRECTION('',(1.,0.,0.));
#7332 = DIRECTION('',(-0.,0.,1.));
#7333 = DEFINITIONAL_REPRESENTATION('',(#7334),#7337);
#7334 = B_SPLINE_CURVE_WITH_KNOTS('',1,(#7335,#7336),.UNSPECIFIED.,.F.,
  .F.,(2,2),(-5.999999999062E-07,5.5000006),.PIECEWISE_BEZIER_KNOTS.);
#7335 = CARTESIAN_POINT('',(1.755172517831,-5.999999999062E-07));
#7336 = CARTESIAN_POINT('',(1.755172517831,5.5000006));
#7337 = ( GEOMETRIC_REPRESENTATION_CONTEXT(2) 
PARAMETRIC_REPRESENTATION_CONTEXT() REPRESENTATION_CONTEXT('2D SPACE',''
  ) );
#7338 = ORIENTED_EDGE('',*,*,#7339,.F.);
#7339 = EDGE_CURVE('',#6167,#7314,#7340,.T.);
#7340 = SURFACE_CURVE('',#7341,(#7345,#7352),.PCURVE_S1.);
#7341 = LINE('',#7342,#7343);
#7342 = CARTESIAN_POINT('',(-2.7,6.,-6.7));
#7343 = VECTOR('',#7344,1.);
#7344 = DIRECTION('',(0.,1.,0.));
#7345 = PCURVE('',#4185,#7346);
#7346 = DEFINITIONAL_REPRESENTATION('',(#7347),#7351);
#7347 = LINE('',#7348,#7349);
#7348 = CARTESIAN_POINT('',(-9.2,-8.881784197001E-16));
#7349 = VECTOR('',#7350,1.);
#7350 = DIRECTION('',(0.,1.));
#7351 = ( GEOMETRIC_REPRESENTATION_CONTEXT(2) 
PARAMETRIC_REPRESENTATION_CONTEXT() REPRESENTATION_CONTEXT('2D SPACE',''
  ) );
#7352 = PCURVE('',#6206,#7353);
#7353 = DEFINITIONAL_REPRESENTATION('',(#7354),#7358);
#7354 = LINE('',#7355,#7356);
#7355 = CARTESIAN_POINT('',(0.,0.));
#7356 = VECTOR('',#7357,1.);
#7357 = DIRECTION('',(0.,-1.));
#7358 = ( GEOMETRIC_REPRESENTATION_CONTEXT(2) 
PARAMETRIC_REPRESENTATION_CONTEXT() REPRESENTATION_CONTEXT('2D SPACE',''
  ) );
#7359 = ORIENTED_EDGE('',*,*,#6166,.T.);
#7360 = ORIENTED_EDGE('',*,*,#4169,.T.);
#7361 = ORIENTED_EDGE('',*,*,#4327,.T.);
#7362 = FACE_BOUND('',#7363,.T.);
#7363 = EDGE_LOOP('',(#7364,#7392,#7418,#7444));
#7364 = ORIENTED_EDGE('',*,*,#7365,.T.);
#7365 = EDGE_CURVE('',#7366,#7368,#7370,.T.);
#7366 = VERTEX_POINT('',#7367);
#7367 = CARTESIAN_POINT('',(14.,25.6,-6.7));
#7368 = VERTEX_POINT('',#7369);
#7369 = CARTESIAN_POINT('',(13.2,25.6,-6.7));
#7370 = SURFACE_CURVE('',#7371,(#7375,#7381),.PCURVE_S1.);
#7371 = LINE('',#7372,#7373);
#7372 = CARTESIAN_POINT('',(9.85,25.6,-6.7));
#7373 = VECTOR('',#7374,1.);
#7374 = DIRECTION('',(-1.,0.,0.));
#7375 = PCURVE('',#4185,#7376);
#7376 = DEFINITIONAL_REPRESENTATION('',(#7377),#7380);
#7377 = B_SPLINE_CURVE_WITH_KNOTS('',1,(#7378,#7379),.UNSPECIFIED.,.F.,
  .F.,(2,2),(-7.95,-3.35),.PIECEWISE_BEZIER_KNOTS.);
#7378 = CARTESIAN_POINT('',(11.3,19.6));
#7379 = CARTESIAN_POINT('',(6.7,19.6));
#7380 = ( GEOMETRIC_REPRESENTATION_CONTEXT(2) 
PARAMETRIC_REPRESENTATION_CONTEXT() REPRESENTATION_CONTEXT('2D SPACE',''
  ) );
#7381 = PCURVE('',#7382,#7387);
#7382 = PLANE('',#7383);
#7383 = AXIS2_PLACEMENT_3D('',#7384,#7385,#7386);
#7384 = CARTESIAN_POINT('',(13.2,25.6,-6.75));
#7385 = DIRECTION('',(0.,1.,0.));
#7386 = DIRECTION('',(0.,0.,1.));
#7387 = DEFINITIONAL_REPRESENTATION('',(#7388),#7391);
#7388 = B_SPLINE_CURVE_WITH_KNOTS('',1,(#7389,#7390),.UNSPECIFIED.,.F.,
  .F.,(2,2),(-7.95,-3.35),.PIECEWISE_BEZIER_KNOTS.);
#7389 = CARTESIAN_POINT('',(5.E-02,4.6));
#7390 = CARTESIAN_POINT('',(5.E-02,0.));
#7391 = ( GEOMETRIC_REPRESENTATION_CONTEXT(2) 
PARAMETRIC_REPRESENTATION_CONTEXT() REPRESENTATION_CONTEXT('2D SPACE',''
  ) );
#7392 = ORIENTED_EDGE('',*,*,#7393,.T.);
#7393 = EDGE_CURVE('',#7368,#7394,#7396,.T.);
#7394 = VERTEX_POINT('',#7395);
#7395 = CARTESIAN_POINT('',(13.2,28.,-6.7));
#7396 = SURFACE_CURVE('',#7397,(#7401,#7407),.PCURVE_S1.);
#7397 = LINE('',#7398,#7399);
#7398 = CARTESIAN_POINT('',(13.2,15.8,-6.7));
#7399 = VECTOR('',#7400,1.);
#7400 = DIRECTION('',(0.,1.,0.));
#7401 = PCURVE('',#4185,#7402);
#7402 = DEFINITIONAL_REPRESENTATION('',(#7403),#7406);
#7403 = B_SPLINE_CURVE_WITH_KNOTS('',1,(#7404,#7405),.UNSPECIFIED.,.F.,
  .F.,(2,2),(9.8,12.2),.PIECEWISE_BEZIER_KNOTS.);
#7404 = CARTESIAN_POINT('',(6.7,19.6));
#7405 = CARTESIAN_POINT('',(6.7,22.));
#7406 = ( GEOMETRIC_REPRESENTATION_CONTEXT(2) 
PARAMETRIC_REPRESENTATION_CONTEXT() REPRESENTATION_CONTEXT('2D SPACE',''
  ) );
#7407 = PCURVE('',#7408,#7413);
#7408 = PLANE('',#7409);
#7409 = AXIS2_PLACEMENT_3D('',#7410,#7411,#7412);
#7410 = CARTESIAN_POINT('',(13.2,25.6,-6.75));
#7411 = DIRECTION('',(1.,0.,0.));
#7412 = DIRECTION('',(0.,0.,1.));
#7413 = DEFINITIONAL_REPRESENTATION('',(#7414),#7417);
#7414 = B_SPLINE_CURVE_WITH_KNOTS('',1,(#7415,#7416),.UNSPECIFIED.,.F.,
  .F.,(2,2),(9.8,12.2),.PIECEWISE_BEZIER_KNOTS.);
#7415 = CARTESIAN_POINT('',(5.E-02,0.));
#7416 = CARTESIAN_POINT('',(5.E-02,-2.4));
#7417 = ( GEOMETRIC_REPRESENTATION_CONTEXT(2) 
PARAMETRIC_REPRESENTATION_CONTEXT() REPRESENTATION_CONTEXT('2D SPACE',''
  ) );
#7418 = ORIENTED_EDGE('',*,*,#7419,.F.);
#7419 = EDGE_CURVE('',#7420,#7394,#7422,.T.);
#7420 = VERTEX_POINT('',#7421);
#7421 = CARTESIAN_POINT('',(14.,28.,-6.7));
#7422 = SURFACE_CURVE('',#7423,(#7427,#7433),.PCURVE_S1.);
#7423 = LINE('',#7424,#7425);
#7424 = CARTESIAN_POINT('',(9.85,28.,-6.7));
#7425 = VECTOR('',#7426,1.);
#7426 = DIRECTION('',(-1.,0.,0.));
#7427 = PCURVE('',#4185,#7428);
#7428 = DEFINITIONAL_REPRESENTATION('',(#7429),#7432);
#7429 = B_SPLINE_CURVE_WITH_KNOTS('',1,(#7430,#7431),.UNSPECIFIED.,.F.,
  .F.,(2,2),(-7.95,-3.35),.PIECEWISE_BEZIER_KNOTS.);
#7430 = CARTESIAN_POINT('',(11.3,22.));
#7431 = CARTESIAN_POINT('',(6.7,22.));
#7432 = ( GEOMETRIC_REPRESENTATION_CONTEXT(2) 
PARAMETRIC_REPRESENTATION_CONTEXT() REPRESENTATION_CONTEXT('2D SPACE',''
  ) );
#7433 = PCURVE('',#7434,#7439);
#7434 = PLANE('',#7435);
#7435 = AXIS2_PLACEMENT_3D('',#7436,#7437,#7438);
#7436 = CARTESIAN_POINT('',(13.2,28.,-6.75));
#7437 = DIRECTION('',(0.,1.,0.));
#7438 = DIRECTION('',(0.,0.,1.));
#7439 = DEFINITIONAL_REPRESENTATION('',(#7440),#7443);
#7440 = B_SPLINE_CURVE_WITH_KNOTS('',1,(#7441,#7442),.UNSPECIFIED.,.F.,
  .F.,(2,2),(-7.95,-3.35),.PIECEWISE_BEZIER_KNOTS.);
#7441 = CARTESIAN_POINT('',(5.E-02,4.6));
#7442 = CARTESIAN_POINT('',(5.E-02,0.));
#7443 = ( GEOMETRIC_REPRESENTATION_CONTEXT(2) 
PARAMETRIC_REPRESENTATION_CONTEXT() REPRESENTATION_CONTEXT('2D SPACE',''
  ) );
#7444 = ORIENTED_EDGE('',*,*,#7445,.F.);
#7445 = EDGE_CURVE('',#7366,#7420,#7446,.T.);
#7446 = SURFACE_CURVE('',#7447,(#7451,#7457),.PCURVE_S1.);
#7447 = LINE('',#7448,#7449);
#7448 = CARTESIAN_POINT('',(14.,15.8,-6.7));
#7449 = VECTOR('',#7450,1.);
#7450 = DIRECTION('',(0.,1.,0.));
#7451 = PCURVE('',#4185,#7452);
#7452 = DEFINITIONAL_REPRESENTATION('',(#7453),#7456);
#7453 = B_SPLINE_CURVE_WITH_KNOTS('',1,(#7454,#7455),.UNSPECIFIED.,.F.,
  .F.,(2,2),(9.8,12.2),.PIECEWISE_BEZIER_KNOTS.);
#7454 = CARTESIAN_POINT('',(7.5,19.6));
#7455 = CARTESIAN_POINT('',(7.5,22.));
#7456 = ( GEOMETRIC_REPRESENTATION_CONTEXT(2) 
PARAMETRIC_REPRESENTATION_CONTEXT() REPRESENTATION_CONTEXT('2D SPACE',''
  ) );
#7457 = PCURVE('',#7458,#7463);
#7458 = PLANE('',#7459);
#7459 = AXIS2_PLACEMENT_3D('',#7460,#7461,#7462);
#7460 = CARTESIAN_POINT('',(14.,25.6,-6.75));
#7461 = DIRECTION('',(1.,0.,0.));
#7462 = DIRECTION('',(0.,0.,1.));
#7463 = DEFINITIONAL_REPRESENTATION('',(#7464),#7467);
#7464 = B_SPLINE_CURVE_WITH_KNOTS('',1,(#7465,#7466),.UNSPECIFIED.,.F.,
  .F.,(2,2),(9.8,12.2),.PIECEWISE_BEZIER_KNOTS.);
#7465 = CARTESIAN_POINT('',(5.E-02,0.));
#7466 = CARTESIAN_POINT('',(5.E-02,-2.4));
#7467 = ( GEOMETRIC_REPRESENTATION_CONTEXT(2) 
PARAMETRIC_REPRESENTATION_CONTEXT() REPRESENTATION_CONTEXT('2D SPACE',''
  ) );
#7468 = FACE_BOUND('',#7469,.T.);
#7469 = EDGE_LOOP('',(#7470,#7498,#7519,#7545));
#7470 = ORIENTED_EDGE('',*,*,#7471,.F.);
#7471 = EDGE_CURVE('',#7472,#7474,#7476,.T.);
#7472 = VERTEX_POINT('',#7473);
#7473 = CARTESIAN_POINT('',(17.8,25.6,-6.7));
#7474 = VERTEX_POINT('',#7475);
#7475 = CARTESIAN_POINT('',(17.8,28.,-6.7));
#7476 = SURFACE_CURVE('',#7477,(#7481,#7487),.PCURVE_S1.);
#7477 = LINE('',#7478,#7479);
#7478 = CARTESIAN_POINT('',(17.8,15.8,-6.7));
#7479 = VECTOR('',#7480,1.);
#7480 = DIRECTION('',(0.,1.,0.));
#7481 = PCURVE('',#4185,#7482);
#7482 = DEFINITIONAL_REPRESENTATION('',(#7483),#7486);
#7483 = B_SPLINE_CURVE_WITH_KNOTS('',1,(#7484,#7485),.UNSPECIFIED.,.F.,
  .F.,(2,2),(9.8,12.2),.PIECEWISE_BEZIER_KNOTS.);
#7484 = CARTESIAN_POINT('',(11.3,19.6));
#7485 = CARTESIAN_POINT('',(11.3,22.));
#7486 = ( GEOMETRIC_REPRESENTATION_CONTEXT(2) 
PARAMETRIC_REPRESENTATION_CONTEXT() REPRESENTATION_CONTEXT('2D SPACE',''
  ) );
#7487 = PCURVE('',#7488,#7493);
#7488 = PLANE('',#7489);
#7489 = AXIS2_PLACEMENT_3D('',#7490,#7491,#7492);
#7490 = CARTESIAN_POINT('',(17.8,25.6,-4.75));
#7491 = DIRECTION('',(1.,0.,0.));
#7492 = DIRECTION('',(0.,0.,1.));
#7493 = DEFINITIONAL_REPRESENTATION('',(#7494),#7497);
#7494 = B_SPLINE_CURVE_WITH_KNOTS('',1,(#7495,#7496),.UNSPECIFIED.,.F.,
  .F.,(2,2),(9.8,12.2),.PIECEWISE_BEZIER_KNOTS.);
#7495 = CARTESIAN_POINT('',(-1.95,0.));
#7496 = CARTESIAN_POINT('',(-1.95,-2.4));
#7497 = ( GEOMETRIC_REPRESENTATION_CONTEXT(2) 
PARAMETRIC_REPRESENTATION_CONTEXT() REPRESENTATION_CONTEXT('2D SPACE',''
  ) );
#7498 = ORIENTED_EDGE('',*,*,#7499,.T.);
#7499 = EDGE_CURVE('',#7472,#7500,#7502,.T.);
#7500 = VERTEX_POINT('',#7501);
#7501 = CARTESIAN_POINT('',(17.,25.6,-6.7));
#7502 = SURFACE_CURVE('',#7503,(#7507,#7513),.PCURVE_S1.);
#7503 = LINE('',#7504,#7505);
#7504 = CARTESIAN_POINT('',(9.85,25.6,-6.7));
#7505 = VECTOR('',#7506,1.);
#7506 = DIRECTION('',(-1.,0.,0.));
#7507 = PCURVE('',#4185,#7508);
#7508 = DEFINITIONAL_REPRESENTATION('',(#7509),#7512);
#7509 = B_SPLINE_CURVE_WITH_KNOTS('',1,(#7510,#7511),.UNSPECIFIED.,.F.,
  .F.,(2,2),(-7.95,-3.35),.PIECEWISE_BEZIER_KNOTS.);
#7510 = CARTESIAN_POINT('',(11.3,19.6));
#7511 = CARTESIAN_POINT('',(6.7,19.6));
#7512 = ( GEOMETRIC_REPRESENTATION_CONTEXT(2) 
PARAMETRIC_REPRESENTATION_CONTEXT() REPRESENTATION_CONTEXT('2D SPACE',''
  ) );
#7513 = PCURVE('',#7382,#7514);
#7514 = DEFINITIONAL_REPRESENTATION('',(#7515),#7518);
#7515 = B_SPLINE_CURVE_WITH_KNOTS('',1,(#7516,#7517),.UNSPECIFIED.,.F.,
  .F.,(2,2),(-7.95,-3.35),.PIECEWISE_BEZIER_KNOTS.);
#7516 = CARTESIAN_POINT('',(5.E-02,4.6));
#7517 = CARTESIAN_POINT('',(5.E-02,0.));
#7518 = ( GEOMETRIC_REPRESENTATION_CONTEXT(2) 
PARAMETRIC_REPRESENTATION_CONTEXT() REPRESENTATION_CONTEXT('2D SPACE',''
  ) );
#7519 = ORIENTED_EDGE('',*,*,#7520,.T.);
#7520 = EDGE_CURVE('',#7500,#7521,#7523,.T.);
#7521 = VERTEX_POINT('',#7522);
#7522 = CARTESIAN_POINT('',(17.,28.,-6.7));
#7523 = SURFACE_CURVE('',#7524,(#7528,#7534),.PCURVE_S1.);
#7524 = LINE('',#7525,#7526);
#7525 = CARTESIAN_POINT('',(17.,15.8,-6.7));
#7526 = VECTOR('',#7527,1.);
#7527 = DIRECTION('',(0.,1.,0.));
#7528 = PCURVE('',#4185,#7529);
#7529 = DEFINITIONAL_REPRESENTATION('',(#7530),#7533);
#7530 = B_SPLINE_CURVE_WITH_KNOTS('',1,(#7531,#7532),.UNSPECIFIED.,.F.,
  .F.,(2,2),(9.8,12.2),.PIECEWISE_BEZIER_KNOTS.);
#7531 = CARTESIAN_POINT('',(10.5,19.6));
#7532 = CARTESIAN_POINT('',(10.5,22.));
#7533 = ( GEOMETRIC_REPRESENTATION_CONTEXT(2) 
PARAMETRIC_REPRESENTATION_CONTEXT() REPRESENTATION_CONTEXT('2D SPACE',''
  ) );
#7534 = PCURVE('',#7535,#7540);
#7535 = PLANE('',#7536);
#7536 = AXIS2_PLACEMENT_3D('',#7537,#7538,#7539);
#7537 = CARTESIAN_POINT('',(17.,25.6,-6.75));
#7538 = DIRECTION('',(1.,0.,0.));
#7539 = DIRECTION('',(0.,0.,1.));
#7540 = DEFINITIONAL_REPRESENTATION('',(#7541),#7544);
#7541 = B_SPLINE_CURVE_WITH_KNOTS('',1,(#7542,#7543),.UNSPECIFIED.,.F.,
  .F.,(2,2),(9.8,12.2),.PIECEWISE_BEZIER_KNOTS.);
#7542 = CARTESIAN_POINT('',(5.E-02,0.));
#7543 = CARTESIAN_POINT('',(5.E-02,-2.4));
#7544 = ( GEOMETRIC_REPRESENTATION_CONTEXT(2) 
PARAMETRIC_REPRESENTATION_CONTEXT() REPRESENTATION_CONTEXT('2D SPACE',''
  ) );
#7545 = ORIENTED_EDGE('',*,*,#7546,.F.);
#7546 = EDGE_CURVE('',#7474,#7521,#7547,.T.);
#7547 = SURFACE_CURVE('',#7548,(#7552,#7558),.PCURVE_S1.);
#7548 = LINE('',#7549,#7550);
#7549 = CARTESIAN_POINT('',(9.85,28.,-6.7));
#7550 = VECTOR('',#7551,1.);
#7551 = DIRECTION('',(-1.,0.,0.));
#7552 = PCURVE('',#4185,#7553);
#7553 = DEFINITIONAL_REPRESENTATION('',(#7554),#7557);
#7554 = B_SPLINE_CURVE_WITH_KNOTS('',1,(#7555,#7556),.UNSPECIFIED.,.F.,
  .F.,(2,2),(-7.95,-3.35),.PIECEWISE_BEZIER_KNOTS.);
#7555 = CARTESIAN_POINT('',(11.3,22.));
#7556 = CARTESIAN_POINT('',(6.7,22.));
#7557 = ( GEOMETRIC_REPRESENTATION_CONTEXT(2) 
PARAMETRIC_REPRESENTATION_CONTEXT() REPRESENTATION_CONTEXT('2D SPACE',''
  ) );
#7558 = PCURVE('',#7434,#7559);
#7559 = DEFINITIONAL_REPRESENTATION('',(#7560),#7563);
#7560 = B_SPLINE_CURVE_WITH_KNOTS('',1,(#7561,#7562),.UNSPECIFIED.,.F.,
  .F.,(2,2),(-7.95,-3.35),.PIECEWISE_BEZIER_KNOTS.);
#7561 = CARTESIAN_POINT('',(5.E-02,4.6));
#7562 = CARTESIAN_POINT('',(5.E-02,0.));
#7563 = ( GEOMETRIC_REPRESENTATION_CONTEXT(2) 
PARAMETRIC_REPRESENTATION_CONTEXT() REPRESENTATION_CONTEXT('2D SPACE',''
  ) );
#7564 = FACE_BOUND('',#7565,.T.);
#7565 = EDGE_LOOP('',(#7566));
#7566 = ORIENTED_EDGE('',*,*,#7567,.T.);
#7567 = EDGE_CURVE('',#7568,#7568,#7570,.T.);
#7568 = VERTEX_POINT('',#7569);
#7569 = CARTESIAN_POINT('',(9.,37.,-6.7));
#7570 = SURFACE_CURVE('',#7571,(#7576,#7587),.PCURVE_S1.);
#7571 = CIRCLE('',#7572,3.);
#7572 = AXIS2_PLACEMENT_3D('',#7573,#7574,#7575);
#7573 = CARTESIAN_POINT('',(6.,37.,-6.7));
#7574 = DIRECTION('',(0.,0.,-1.));
#7575 = DIRECTION('',(1.,0.,0.));
#7576 = PCURVE('',#4185,#7577);
#7577 = DEFINITIONAL_REPRESENTATION('',(#7578),#7586);
#7578 = ( BOUNDED_CURVE() B_SPLINE_CURVE(2,(#7579,#7580,#7581,#7582,
#7583,#7584,#7585),.UNSPECIFIED.,.T.,.F.) B_SPLINE_CURVE_WITH_KNOTS((1,2
    ,2,2,2,1),(-2.094395102393,0.,2.094395102393,4.188790204786,
6.28318530718,8.377580409573),.UNSPECIFIED.) CURVE() 
GEOMETRIC_REPRESENTATION_ITEM() RATIONAL_B_SPLINE_CURVE((1.,0.5,1.,0.5,
1.,0.5,1.)) REPRESENTATION_ITEM('') );
#7579 = CARTESIAN_POINT('',(2.5,31.));
#7580 = CARTESIAN_POINT('',(2.5,25.803847577293));
#7581 = CARTESIAN_POINT('',(-2.,28.401923788647));
#7582 = CARTESIAN_POINT('',(-6.5,31.));
#7583 = CARTESIAN_POINT('',(-2.,33.598076211353));
#7584 = CARTESIAN_POINT('',(2.5,36.196152422707));
#7585 = CARTESIAN_POINT('',(2.5,31.));
#7586 = ( GEOMETRIC_REPRESENTATION_CONTEXT(2) 
PARAMETRIC_REPRESENTATION_CONTEXT() REPRESENTATION_CONTEXT('2D SPACE',''
  ) );
#7587 = PCURVE('',#7588,#7593);
#7588 = CYLINDRICAL_SURFACE('',#7589,3.);
#7589 = AXIS2_PLACEMENT_3D('',#7590,#7591,#7592);
#7590 = CARTESIAN_POINT('',(6.,37.,-7.));
#7591 = DIRECTION('',(-0.,-0.,-1.));
#7592 = DIRECTION('',(1.,0.,0.));
#7593 = DEFINITIONAL_REPRESENTATION('',(#7594),#7598);
#7594 = LINE('',#7595,#7596);
#7595 = CARTESIAN_POINT('',(-6.28318530718,-0.3));
#7596 = VECTOR('',#7597,1.);
#7597 = DIRECTION('',(1.,-0.));
#7598 = ( GEOMETRIC_REPRESENTATION_CONTEXT(2) 
PARAMETRIC_REPRESENTATION_CONTEXT() REPRESENTATION_CONTEXT('2D SPACE',''
  ) );
#7599 = FACE_BOUND('',#7600,.T.);
#7600 = EDGE_LOOP('',(#7601,#7629,#7655,#7681));
#7601 = ORIENTED_EDGE('',*,*,#7602,.T.);
#7602 = EDGE_CURVE('',#7603,#7605,#7607,.T.);
#7603 = VERTEX_POINT('',#7604);
#7604 = CARTESIAN_POINT('',(30.,32.6,-6.7));
#7605 = VERTEX_POINT('',#7606);
#7606 = CARTESIAN_POINT('',(29.2,32.6,-6.7));
#7607 = SURFACE_CURVE('',#7608,(#7612,#7618),.PCURVE_S1.);
#7608 = LINE('',#7609,#7610);
#7609 = CARTESIAN_POINT('',(17.85,32.6,-6.7));
#7610 = VECTOR('',#7611,1.);
#7611 = DIRECTION('',(-1.,0.,0.));
#7612 = PCURVE('',#4185,#7613);
#7613 = DEFINITIONAL_REPRESENTATION('',(#7614),#7617);
#7614 = B_SPLINE_CURVE_WITH_KNOTS('',1,(#7615,#7616),.UNSPECIFIED.,.F.,
  .F.,(2,2),(-15.95,-11.35),.PIECEWISE_BEZIER_KNOTS.);
#7615 = CARTESIAN_POINT('',(27.3,26.6));
#7616 = CARTESIAN_POINT('',(22.7,26.6));
#7617 = ( GEOMETRIC_REPRESENTATION_CONTEXT(2) 
PARAMETRIC_REPRESENTATION_CONTEXT() REPRESENTATION_CONTEXT('2D SPACE',''
  ) );
#7618 = PCURVE('',#7619,#7624);
#7619 = PLANE('',#7620);
#7620 = AXIS2_PLACEMENT_3D('',#7621,#7622,#7623);
#7621 = CARTESIAN_POINT('',(29.2,32.6,-6.75));
#7622 = DIRECTION('',(0.,1.,0.));
#7623 = DIRECTION('',(0.,0.,1.));
#7624 = DEFINITIONAL_REPRESENTATION('',(#7625),#7628);
#7625 = B_SPLINE_CURVE_WITH_KNOTS('',1,(#7626,#7627),.UNSPECIFIED.,.F.,
  .F.,(2,2),(-15.95,-11.35),.PIECEWISE_BEZIER_KNOTS.);
#7626 = CARTESIAN_POINT('',(5.E-02,4.6));
#7627 = CARTESIAN_POINT('',(5.E-02,-3.552713678801E-15));
#7628 = ( GEOMETRIC_REPRESENTATION_CONTEXT(2) 
PARAMETRIC_REPRESENTATION_CONTEXT() REPRESENTATION_CONTEXT('2D SPACE',''
  ) );
#7629 = ORIENTED_EDGE('',*,*,#7630,.T.);
#7630 = EDGE_CURVE('',#7605,#7631,#7633,.T.);
#7631 = VERTEX_POINT('',#7632);
#7632 = CARTESIAN_POINT('',(29.2,35.,-6.7));
#7633 = SURFACE_CURVE('',#7634,(#7638,#7644),.PCURVE_S1.);
#7634 = LINE('',#7635,#7636);
#7635 = CARTESIAN_POINT('',(29.2,19.3,-6.7));
#7636 = VECTOR('',#7637,1.);
#7637 = DIRECTION('',(0.,1.,0.));
#7638 = PCURVE('',#4185,#7639);
#7639 = DEFINITIONAL_REPRESENTATION('',(#7640),#7643);
#7640 = B_SPLINE_CURVE_WITH_KNOTS('',1,(#7641,#7642),.UNSPECIFIED.,.F.,
  .F.,(2,2),(13.3,15.7),.PIECEWISE_BEZIER_KNOTS.);
#7641 = CARTESIAN_POINT('',(22.7,26.6));
#7642 = CARTESIAN_POINT('',(22.7,29.));
#7643 = ( GEOMETRIC_REPRESENTATION_CONTEXT(2) 
PARAMETRIC_REPRESENTATION_CONTEXT() REPRESENTATION_CONTEXT('2D SPACE',''
  ) );
#7644 = PCURVE('',#7645,#7650);
#7645 = PLANE('',#7646);
#7646 = AXIS2_PLACEMENT_3D('',#7647,#7648,#7649);
#7647 = CARTESIAN_POINT('',(29.2,32.6,-6.75));
#7648 = DIRECTION('',(1.,0.,0.));
#7649 = DIRECTION('',(0.,0.,1.));
#7650 = DEFINITIONAL_REPRESENTATION('',(#7651),#7654);
#7651 = B_SPLINE_CURVE_WITH_KNOTS('',1,(#7652,#7653),.UNSPECIFIED.,.F.,
  .F.,(2,2),(13.3,15.7),.PIECEWISE_BEZIER_KNOTS.);
#7652 = CARTESIAN_POINT('',(5.E-02,0.));
#7653 = CARTESIAN_POINT('',(5.E-02,-2.4));
#7654 = ( GEOMETRIC_REPRESENTATION_CONTEXT(2) 
PARAMETRIC_REPRESENTATION_CONTEXT() REPRESENTATION_CONTEXT('2D SPACE',''
  ) );
#7655 = ORIENTED_EDGE('',*,*,#7656,.F.);
#7656 = EDGE_CURVE('',#7657,#7631,#7659,.T.);
#7657 = VERTEX_POINT('',#7658);
#7658 = CARTESIAN_POINT('',(30.,35.,-6.7));
#7659 = SURFACE_CURVE('',#7660,(#7664,#7670),.PCURVE_S1.);
#7660 = LINE('',#7661,#7662);
#7661 = CARTESIAN_POINT('',(17.85,35.,-6.7));
#7662 = VECTOR('',#7663,1.);
#7663 = DIRECTION('',(-1.,0.,0.));
#7664 = PCURVE('',#4185,#7665);
#7665 = DEFINITIONAL_REPRESENTATION('',(#7666),#7669);
#7666 = B_SPLINE_CURVE_WITH_KNOTS('',1,(#7667,#7668),.UNSPECIFIED.,.F.,
  .F.,(2,2),(-15.95,-11.35),.PIECEWISE_BEZIER_KNOTS.);
#7667 = CARTESIAN_POINT('',(27.3,29.));
#7668 = CARTESIAN_POINT('',(22.7,29.));
#7669 = ( GEOMETRIC_REPRESENTATION_CONTEXT(2) 
PARAMETRIC_REPRESENTATION_CONTEXT() REPRESENTATION_CONTEXT('2D SPACE',''
  ) );
#7670 = PCURVE('',#7671,#7676);
#7671 = PLANE('',#7672);
#7672 = AXIS2_PLACEMENT_3D('',#7673,#7674,#7675);
#7673 = CARTESIAN_POINT('',(29.2,35.,-6.75));
#7674 = DIRECTION('',(0.,1.,0.));
#7675 = DIRECTION('',(0.,0.,1.));
#7676 = DEFINITIONAL_REPRESENTATION('',(#7677),#7680);
#7677 = B_SPLINE_CURVE_WITH_KNOTS('',1,(#7678,#7679),.UNSPECIFIED.,.F.,
  .F.,(2,2),(-15.95,-11.35),.PIECEWISE_BEZIER_KNOTS.);
#7678 = CARTESIAN_POINT('',(5.E-02,4.6));
#7679 = CARTESIAN_POINT('',(5.E-02,-3.552713678801E-15));
#7680 = ( GEOMETRIC_REPRESENTATION_CONTEXT(2) 
PARAMETRIC_REPRESENTATION_CONTEXT() REPRESENTATION_CONTEXT('2D SPACE',''
  ) );
#7681 = ORIENTED_EDGE('',*,*,#7682,.F.);
#7682 = EDGE_CURVE('',#7603,#7657,#7683,.T.);
#7683 = SURFACE_CURVE('',#7684,(#7688,#7694),.PCURVE_S1.);
#7684 = LINE('',#7685,#7686);
#7685 = CARTESIAN_POINT('',(30.,19.3,-6.7));
#7686 = VECTOR('',#7687,1.);
#7687 = DIRECTION('',(0.,1.,0.));
#7688 = PCURVE('',#4185,#7689);
#7689 = DEFINITIONAL_REPRESENTATION('',(#7690),#7693);
#7690 = B_SPLINE_CURVE_WITH_KNOTS('',1,(#7691,#7692),.UNSPECIFIED.,.F.,
  .F.,(2,2),(13.3,15.7),.PIECEWISE_BEZIER_KNOTS.);
#7691 = CARTESIAN_POINT('',(23.5,26.6));
#7692 = CARTESIAN_POINT('',(23.5,29.));
#7693 = ( GEOMETRIC_REPRESENTATION_CONTEXT(2) 
PARAMETRIC_REPRESENTATION_CONTEXT() REPRESENTATION_CONTEXT('2D SPACE',''
  ) );
#7694 = PCURVE('',#7695,#7700);
#7695 = PLANE('',#7696);
#7696 = AXIS2_PLACEMENT_3D('',#7697,#7698,#7699);
#7697 = CARTESIAN_POINT('',(30.,32.6,-6.75));
#7698 = DIRECTION('',(1.,0.,0.));
#7699 = DIRECTION('',(0.,0.,1.));
#7700 = DEFINITIONAL_REPRESENTATION('',(#7701),#7704);
#7701 = B_SPLINE_CURVE_WITH_KNOTS('',1,(#7702,#7703),.UNSPECIFIED.,.F.,
  .F.,(2,2),(13.3,15.7),.PIECEWISE_BEZIER_KNOTS.);
#7702 = CARTESIAN_POINT('',(5.E-02,0.));
#7703 = CARTESIAN_POINT('',(5.E-02,-2.4));
#7704 = ( GEOMETRIC_REPRESENTATION_CONTEXT(2) 
PARAMETRIC_REPRESENTATION_CONTEXT() REPRESENTATION_CONTEXT('2D SPACE',''
  ) );
#7705 = FACE_BOUND('',#7706,.T.);
#7706 = EDGE_LOOP('',(#7707,#7735,#7756,#7782));
#7707 = ORIENTED_EDGE('',*,*,#7708,.F.);
#7708 = EDGE_CURVE('',#7709,#7711,#7713,.T.);
#7709 = VERTEX_POINT('',#7710);
#7710 = CARTESIAN_POINT('',(33.8,32.6,-6.7));
#7711 = VERTEX_POINT('',#7712);
#7712 = CARTESIAN_POINT('',(33.8,35.,-6.7));
#7713 = SURFACE_CURVE('',#7714,(#7718,#7724),.PCURVE_S1.);
#7714 = LINE('',#7715,#7716);
#7715 = CARTESIAN_POINT('',(33.8,19.3,-6.7));
#7716 = VECTOR('',#7717,1.);
#7717 = DIRECTION('',(0.,1.,0.));
#7718 = PCURVE('',#4185,#7719);
#7719 = DEFINITIONAL_REPRESENTATION('',(#7720),#7723);
#7720 = B_SPLINE_CURVE_WITH_KNOTS('',1,(#7721,#7722),.UNSPECIFIED.,.F.,
  .F.,(2,2),(13.3,15.7),.PIECEWISE_BEZIER_KNOTS.);
#7721 = CARTESIAN_POINT('',(27.3,26.6));
#7722 = CARTESIAN_POINT('',(27.3,29.));
#7723 = ( GEOMETRIC_REPRESENTATION_CONTEXT(2) 
PARAMETRIC_REPRESENTATION_CONTEXT() REPRESENTATION_CONTEXT('2D SPACE',''
  ) );
#7724 = PCURVE('',#7725,#7730);
#7725 = PLANE('',#7726);
#7726 = AXIS2_PLACEMENT_3D('',#7727,#7728,#7729);
#7727 = CARTESIAN_POINT('',(33.8,32.6,-4.75));
#7728 = DIRECTION('',(1.,0.,0.));
#7729 = DIRECTION('',(0.,0.,1.));
#7730 = DEFINITIONAL_REPRESENTATION('',(#7731),#7734);
#7731 = B_SPLINE_CURVE_WITH_KNOTS('',1,(#7732,#7733),.UNSPECIFIED.,.F.,
  .F.,(2,2),(13.3,15.7),.PIECEWISE_BEZIER_KNOTS.);
#7732 = CARTESIAN_POINT('',(-1.95,0.));
#7733 = CARTESIAN_POINT('',(-1.95,-2.4));
#7734 = ( GEOMETRIC_REPRESENTATION_CONTEXT(2) 
PARAMETRIC_REPRESENTATION_CONTEXT() REPRESENTATION_CONTEXT('2D SPACE',''
  ) );
#7735 = ORIENTED_EDGE('',*,*,#7736,.T.);
#7736 = EDGE_CURVE('',#7709,#7737,#7739,.T.);
#7737 = VERTEX_POINT('',#7738);
#7738 = CARTESIAN_POINT('',(33.,32.6,-6.7));
#7739 = SURFACE_CURVE('',#7740,(#7744,#7750),.PCURVE_S1.);
#7740 = LINE('',#7741,#7742);
#7741 = CARTESIAN_POINT('',(17.85,32.6,-6.7));
#7742 = VECTOR('',#7743,1.);
#7743 = DIRECTION('',(-1.,0.,0.));
#7744 = PCURVE('',#4185,#7745);
#7745 = DEFINITIONAL_REPRESENTATION('',(#7746),#7749);
#7746 = B_SPLINE_CURVE_WITH_KNOTS('',1,(#7747,#7748),.UNSPECIFIED.,.F.,
  .F.,(2,2),(-15.95,-11.35),.PIECEWISE_BEZIER_KNOTS.);
#7747 = CARTESIAN_POINT('',(27.3,26.6));
#7748 = CARTESIAN_POINT('',(22.7,26.6));
#7749 = ( GEOMETRIC_REPRESENTATION_CONTEXT(2) 
PARAMETRIC_REPRESENTATION_CONTEXT() REPRESENTATION_CONTEXT('2D SPACE',''
  ) );
#7750 = PCURVE('',#7619,#7751);
#7751 = DEFINITIONAL_REPRESENTATION('',(#7752),#7755);
#7752 = B_SPLINE_CURVE_WITH_KNOTS('',1,(#7753,#7754),.UNSPECIFIED.,.F.,
  .F.,(2,2),(-15.95,-11.35),.PIECEWISE_BEZIER_KNOTS.);
#7753 = CARTESIAN_POINT('',(5.E-02,4.6));
#7754 = CARTESIAN_POINT('',(5.E-02,-3.552713678801E-15));
#7755 = ( GEOMETRIC_REPRESENTATION_CONTEXT(2) 
PARAMETRIC_REPRESENTATION_CONTEXT() REPRESENTATION_CONTEXT('2D SPACE',''
  ) );
#7756 = ORIENTED_EDGE('',*,*,#7757,.T.);
#7757 = EDGE_CURVE('',#7737,#7758,#7760,.T.);
#7758 = VERTEX_POINT('',#7759);
#7759 = CARTESIAN_POINT('',(33.,35.,-6.7));
#7760 = SURFACE_CURVE('',#7761,(#7765,#7771),.PCURVE_S1.);
#7761 = LINE('',#7762,#7763);
#7762 = CARTESIAN_POINT('',(33.,19.3,-6.7));
#7763 = VECTOR('',#7764,1.);
#7764 = DIRECTION('',(0.,1.,0.));
#7765 = PCURVE('',#4185,#7766);
#7766 = DEFINITIONAL_REPRESENTATION('',(#7767),#7770);
#7767 = B_SPLINE_CURVE_WITH_KNOTS('',1,(#7768,#7769),.UNSPECIFIED.,.F.,
  .F.,(2,2),(13.3,15.7),.PIECEWISE_BEZIER_KNOTS.);
#7768 = CARTESIAN_POINT('',(26.5,26.6));
#7769 = CARTESIAN_POINT('',(26.5,29.));
#7770 = ( GEOMETRIC_REPRESENTATION_CONTEXT(2) 
PARAMETRIC_REPRESENTATION_CONTEXT() REPRESENTATION_CONTEXT('2D SPACE',''
  ) );
#7771 = PCURVE('',#7772,#7777);
#7772 = PLANE('',#7773);
#7773 = AXIS2_PLACEMENT_3D('',#7774,#7775,#7776);
#7774 = CARTESIAN_POINT('',(33.,32.6,-6.75));
#7775 = DIRECTION('',(1.,0.,0.));
#7776 = DIRECTION('',(0.,0.,1.));
#7777 = DEFINITIONAL_REPRESENTATION('',(#7778),#7781);
#7778 = B_SPLINE_CURVE_WITH_KNOTS('',1,(#7779,#7780),.UNSPECIFIED.,.F.,
  .F.,(2,2),(13.3,15.7),.PIECEWISE_BEZIER_KNOTS.);
#7779 = CARTESIAN_POINT('',(5.E-02,0.));
#7780 = CARTESIAN_POINT('',(5.E-02,-2.4));
#7781 = ( GEOMETRIC_REPRESENTATION_CONTEXT(2) 
PARAMETRIC_REPRESENTATION_CONTEXT() REPRESENTATION_CONTEXT('2D SPACE',''
  ) );
#7782 = ORIENTED_EDGE('',*,*,#7783,.F.);
#7783 = EDGE_CURVE('',#7711,#7758,#7784,.T.);
#7784 = SURFACE_CURVE('',#7785,(#7789,#7795),.PCURVE_S1.);
#7785 = LINE('',#7786,#7787);
#7786 = CARTESIAN_POINT('',(17.85,35.,-6.7));
#7787 = VECTOR('',#7788,1.);
#7788 = DIRECTION('',(-1.,0.,0.));
#7789 = PCURVE('',#4185,#7790);
#7790 = DEFINITIONAL_REPRESENTATION('',(#7791),#7794);
#7791 = B_SPLINE_CURVE_WITH_KNOTS('',1,(#7792,#7793),.UNSPECIFIED.,.F.,
  .F.,(2,2),(-15.95,-11.35),.PIECEWISE_BEZIER_KNOTS.);
#7792 = CARTESIAN_POINT('',(27.3,29.));
#7793 = CARTESIAN_POINT('',(22.7,29.));
#7794 = ( GEOMETRIC_REPRESENTATION_CONTEXT(2) 
PARAMETRIC_REPRESENTATION_CONTEXT() REPRESENTATION_CONTEXT('2D SPACE',''
  ) );
#7795 = PCURVE('',#7671,#7796);
#7796 = DEFINITIONAL_REPRESENTATION('',(#7797),#7800);
#7797 = B_SPLINE_CURVE_WITH_KNOTS('',1,(#7798,#7799),.UNSPECIFIED.,.F.,
  .F.,(2,2),(-15.95,-11.35),.PIECEWISE_BEZIER_KNOTS.);
#7798 = CARTESIAN_POINT('',(5.E-02,4.6));
#7799 = CARTESIAN_POINT('',(5.E-02,-3.552713678801E-15));
#7800 = ( GEOMETRIC_REPRESENTATION_CONTEXT(2) 
PARAMETRIC_REPRESENTATION_CONTEXT() REPRESENTATION_CONTEXT('2D SPACE',''
  ) );
#7801 = FACE_BOUND('',#7802,.T.);
#7802 = EDGE_LOOP('',(#7803,#7831,#7857,#7883));
#7803 = ORIENTED_EDGE('',*,*,#7804,.T.);
#7804 = EDGE_CURVE('',#7805,#7807,#7809,.T.);
#7805 = VERTEX_POINT('',#7806);
#7806 = CARTESIAN_POINT('',(46.5,38.1,-6.7));
#7807 = VERTEX_POINT('',#7808);
#7808 = CARTESIAN_POINT('',(45.7,38.1,-6.7));
#7809 = SURFACE_CURVE('',#7810,(#7814,#7820),.PCURVE_S1.);
#7810 = LINE('',#7811,#7812);
#7811 = CARTESIAN_POINT('',(26.1,38.1,-6.7));
#7812 = VECTOR('',#7813,1.);
#7813 = DIRECTION('',(-1.,0.,0.));
#7814 = PCURVE('',#4185,#7815);
#7815 = DEFINITIONAL_REPRESENTATION('',(#7816),#7819);
#7816 = B_SPLINE_CURVE_WITH_KNOTS('',1,(#7817,#7818),.UNSPECIFIED.,.F.,
  .F.,(2,2),(-24.2,-19.6),.PIECEWISE_BEZIER_KNOTS.);
#7817 = CARTESIAN_POINT('',(43.8,32.1));
#7818 = CARTESIAN_POINT('',(39.2,32.1));
#7819 = ( GEOMETRIC_REPRESENTATION_CONTEXT(2) 
PARAMETRIC_REPRESENTATION_CONTEXT() REPRESENTATION_CONTEXT('2D SPACE',''
  ) );
#7820 = PCURVE('',#7821,#7826);
#7821 = PLANE('',#7822);
#7822 = AXIS2_PLACEMENT_3D('',#7823,#7824,#7825);
#7823 = CARTESIAN_POINT('',(45.7,38.1,-6.75));
#7824 = DIRECTION('',(0.,1.,0.));
#7825 = DIRECTION('',(0.,0.,1.));
#7826 = DEFINITIONAL_REPRESENTATION('',(#7827),#7830);
#7827 = B_SPLINE_CURVE_WITH_KNOTS('',1,(#7828,#7829),.UNSPECIFIED.,.F.,
  .F.,(2,2),(-24.2,-19.6),.PIECEWISE_BEZIER_KNOTS.);
#7828 = CARTESIAN_POINT('',(5.E-02,4.6));
#7829 = CARTESIAN_POINT('',(5.E-02,0.));
#7830 = ( GEOMETRIC_REPRESENTATION_CONTEXT(2) 
PARAMETRIC_REPRESENTATION_CONTEXT() REPRESENTATION_CONTEXT('2D SPACE',''
  ) );
#7831 = ORIENTED_EDGE('',*,*,#7832,.T.);
#7832 = EDGE_CURVE('',#7807,#7833,#7835,.T.);
#7833 = VERTEX_POINT('',#7834);
#7834 = CARTESIAN_POINT('',(45.7,40.5,-6.7));
#7835 = SURFACE_CURVE('',#7836,(#7840,#7846),.PCURVE_S1.);
#7836 = LINE('',#7837,#7838);
#7837 = CARTESIAN_POINT('',(45.7,22.05,-6.7));
#7838 = VECTOR('',#7839,1.);
#7839 = DIRECTION('',(0.,1.,0.));
#7840 = PCURVE('',#4185,#7841);
#7841 = DEFINITIONAL_REPRESENTATION('',(#7842),#7845);
#7842 = B_SPLINE_CURVE_WITH_KNOTS('',1,(#7843,#7844),.UNSPECIFIED.,.F.,
  .F.,(2,2),(16.05,18.45),.PIECEWISE_BEZIER_KNOTS.);
#7843 = CARTESIAN_POINT('',(39.2,32.1));
#7844 = CARTESIAN_POINT('',(39.2,34.5));
#7845 = ( GEOMETRIC_REPRESENTATION_CONTEXT(2) 
PARAMETRIC_REPRESENTATION_CONTEXT() REPRESENTATION_CONTEXT('2D SPACE',''
  ) );
#7846 = PCURVE('',#7847,#7852);
#7847 = PLANE('',#7848);
#7848 = AXIS2_PLACEMENT_3D('',#7849,#7850,#7851);
#7849 = CARTESIAN_POINT('',(45.7,38.1,-6.75));
#7850 = DIRECTION('',(1.,0.,0.));
#7851 = DIRECTION('',(0.,0.,1.));
#7852 = DEFINITIONAL_REPRESENTATION('',(#7853),#7856);
#7853 = B_SPLINE_CURVE_WITH_KNOTS('',1,(#7854,#7855),.UNSPECIFIED.,.F.,
  .F.,(2,2),(16.05,18.45),.PIECEWISE_BEZIER_KNOTS.);
#7854 = CARTESIAN_POINT('',(5.E-02,0.));
#7855 = CARTESIAN_POINT('',(5.E-02,-2.4));
#7856 = ( GEOMETRIC_REPRESENTATION_CONTEXT(2) 
PARAMETRIC_REPRESENTATION_CONTEXT() REPRESENTATION_CONTEXT('2D SPACE',''
  ) );
#7857 = ORIENTED_EDGE('',*,*,#7858,.F.);
#7858 = EDGE_CURVE('',#7859,#7833,#7861,.T.);
#7859 = VERTEX_POINT('',#7860);
#7860 = CARTESIAN_POINT('',(46.5,40.5,-6.7));
#7861 = SURFACE_CURVE('',#7862,(#7866,#7872),.PCURVE_S1.);
#7862 = LINE('',#7863,#7864);
#7863 = CARTESIAN_POINT('',(26.1,40.5,-6.7));
#7864 = VECTOR('',#7865,1.);
#7865 = DIRECTION('',(-1.,0.,0.));
#7866 = PCURVE('',#4185,#7867);
#7867 = DEFINITIONAL_REPRESENTATION('',(#7868),#7871);
#7868 = B_SPLINE_CURVE_WITH_KNOTS('',1,(#7869,#7870),.UNSPECIFIED.,.F.,
  .F.,(2,2),(-24.2,-19.6),.PIECEWISE_BEZIER_KNOTS.);
#7869 = CARTESIAN_POINT('',(43.8,34.5));
#7870 = CARTESIAN_POINT('',(39.2,34.5));
#7871 = ( GEOMETRIC_REPRESENTATION_CONTEXT(2) 
PARAMETRIC_REPRESENTATION_CONTEXT() REPRESENTATION_CONTEXT('2D SPACE',''
  ) );
#7872 = PCURVE('',#7873,#7878);
#7873 = PLANE('',#7874);
#7874 = AXIS2_PLACEMENT_3D('',#7875,#7876,#7877);
#7875 = CARTESIAN_POINT('',(45.7,40.5,-6.75));
#7876 = DIRECTION('',(0.,1.,0.));
#7877 = DIRECTION('',(0.,0.,1.));
#7878 = DEFINITIONAL_REPRESENTATION('',(#7879),#7882);
#7879 = B_SPLINE_CURVE_WITH_KNOTS('',1,(#7880,#7881),.UNSPECIFIED.,.F.,
  .F.,(2,2),(-24.2,-19.6),.PIECEWISE_BEZIER_KNOTS.);
#7880 = CARTESIAN_POINT('',(5.E-02,4.6));
#7881 = CARTESIAN_POINT('',(5.E-02,0.));
#7882 = ( GEOMETRIC_REPRESENTATION_CONTEXT(2) 
PARAMETRIC_REPRESENTATION_CONTEXT() REPRESENTATION_CONTEXT('2D SPACE',''
  ) );
#7883 = ORIENTED_EDGE('',*,*,#7884,.F.);
#7884 = EDGE_CURVE('',#7805,#7859,#7885,.T.);
#7885 = SURFACE_CURVE('',#7886,(#7890,#7896),.PCURVE_S1.);
#7886 = LINE('',#7887,#7888);
#7887 = CARTESIAN_POINT('',(46.5,22.05,-6.7));
#7888 = VECTOR('',#7889,1.);
#7889 = DIRECTION('',(0.,1.,0.));
#7890 = PCURVE('',#4185,#7891);
#7891 = DEFINITIONAL_REPRESENTATION('',(#7892),#7895);
#7892 = B_SPLINE_CURVE_WITH_KNOTS('',1,(#7893,#7894),.UNSPECIFIED.,.F.,
  .F.,(2,2),(16.05,18.45),.PIECEWISE_BEZIER_KNOTS.);
#7893 = CARTESIAN_POINT('',(40.,32.1));
#7894 = CARTESIAN_POINT('',(40.,34.5));
#7895 = ( GEOMETRIC_REPRESENTATION_CONTEXT(2) 
PARAMETRIC_REPRESENTATION_CONTEXT() REPRESENTATION_CONTEXT('2D SPACE',''
  ) );
#7896 = PCURVE('',#7897,#7902);
#7897 = PLANE('',#7898);
#7898 = AXIS2_PLACEMENT_3D('',#7899,#7900,#7901);
#7899 = CARTESIAN_POINT('',(46.5,38.1,-6.75));
#7900 = DIRECTION('',(1.,0.,0.));
#7901 = DIRECTION('',(0.,0.,1.));
#7902 = DEFINITIONAL_REPRESENTATION('',(#7903),#7906);
#7903 = B_SPLINE_CURVE_WITH_KNOTS('',1,(#7904,#7905),.UNSPECIFIED.,.F.,
  .F.,(2,2),(16.05,18.45),.PIECEWISE_BEZIER_KNOTS.);
#7904 = CARTESIAN_POINT('',(5.E-02,0.));
#7905 = CARTESIAN_POINT('',(5.E-02,-2.4));
#7906 = ( GEOMETRIC_REPRESENTATION_CONTEXT(2) 
PARAMETRIC_REPRESENTATION_CONTEXT() REPRESENTATION_CONTEXT('2D SPACE',''
  ) );
#7907 = FACE_BOUND('',#7908,.T.);
#7908 = EDGE_LOOP('',(#7909,#7937,#7958,#7984));
#7909 = ORIENTED_EDGE('',*,*,#7910,.F.);
#7910 = EDGE_CURVE('',#7911,#7913,#7915,.T.);
#7911 = VERTEX_POINT('',#7912);
#7912 = CARTESIAN_POINT('',(50.3,38.1,-6.7));
#7913 = VERTEX_POINT('',#7914);
#7914 = CARTESIAN_POINT('',(50.3,40.5,-6.7));
#7915 = SURFACE_CURVE('',#7916,(#7920,#7926),.PCURVE_S1.);
#7916 = LINE('',#7917,#7918);
#7917 = CARTESIAN_POINT('',(50.3,22.05,-6.7));
#7918 = VECTOR('',#7919,1.);
#7919 = DIRECTION('',(0.,1.,0.));
#7920 = PCURVE('',#4185,#7921);
#7921 = DEFINITIONAL_REPRESENTATION('',(#7922),#7925);
#7922 = B_SPLINE_CURVE_WITH_KNOTS('',1,(#7923,#7924),.UNSPECIFIED.,.F.,
  .F.,(2,2),(16.05,18.45),.PIECEWISE_BEZIER_KNOTS.);
#7923 = CARTESIAN_POINT('',(43.8,32.1));
#7924 = CARTESIAN_POINT('',(43.8,34.5));
#7925 = ( GEOMETRIC_REPRESENTATION_CONTEXT(2) 
PARAMETRIC_REPRESENTATION_CONTEXT() REPRESENTATION_CONTEXT('2D SPACE',''
  ) );
#7926 = PCURVE('',#7927,#7932);
#7927 = PLANE('',#7928);
#7928 = AXIS2_PLACEMENT_3D('',#7929,#7930,#7931);
#7929 = CARTESIAN_POINT('',(50.3,38.1,-4.75));
#7930 = DIRECTION('',(1.,0.,0.));
#7931 = DIRECTION('',(0.,0.,1.));
#7932 = DEFINITIONAL_REPRESENTATION('',(#7933),#7936);
#7933 = B_SPLINE_CURVE_WITH_KNOTS('',1,(#7934,#7935),.UNSPECIFIED.,.F.,
  .F.,(2,2),(16.05,18.45),.PIECEWISE_BEZIER_KNOTS.);
#7934 = CARTESIAN_POINT('',(-1.95,0.));
#7935 = CARTESIAN_POINT('',(-1.95,-2.4));
#7936 = ( GEOMETRIC_REPRESENTATION_CONTEXT(2) 
PARAMETRIC_REPRESENTATION_CONTEXT() REPRESENTATION_CONTEXT('2D SPACE',''
  ) );
#7937 = ORIENTED_EDGE('',*,*,#7938,.T.);
#7938 = EDGE_CURVE('',#7911,#7939,#7941,.T.);
#7939 = VERTEX_POINT('',#7940);
#7940 = CARTESIAN_POINT('',(49.5,38.1,-6.7));
#7941 = SURFACE_CURVE('',#7942,(#7946,#7952),.PCURVE_S1.);
#7942 = LINE('',#7943,#7944);
#7943 = CARTESIAN_POINT('',(26.1,38.1,-6.7));
#7944 = VECTOR('',#7945,1.);
#7945 = DIRECTION('',(-1.,0.,0.));
#7946 = PCURVE('',#4185,#7947);
#7947 = DEFINITIONAL_REPRESENTATION('',(#7948),#7951);
#7948 = B_SPLINE_CURVE_WITH_KNOTS('',1,(#7949,#7950),.UNSPECIFIED.,.F.,
  .F.,(2,2),(-24.2,-19.6),.PIECEWISE_BEZIER_KNOTS.);
#7949 = CARTESIAN_POINT('',(43.8,32.1));
#7950 = CARTESIAN_POINT('',(39.2,32.1));
#7951 = ( GEOMETRIC_REPRESENTATION_CONTEXT(2) 
PARAMETRIC_REPRESENTATION_CONTEXT() REPRESENTATION_CONTEXT('2D SPACE',''
  ) );
#7952 = PCURVE('',#7821,#7953);
#7953 = DEFINITIONAL_REPRESENTATION('',(#7954),#7957);
#7954 = B_SPLINE_CURVE_WITH_KNOTS('',1,(#7955,#7956),.UNSPECIFIED.,.F.,
  .F.,(2,2),(-24.2,-19.6),.PIECEWISE_BEZIER_KNOTS.);
#7955 = CARTESIAN_POINT('',(5.E-02,4.6));
#7956 = CARTESIAN_POINT('',(5.E-02,0.));
#7957 = ( GEOMETRIC_REPRESENTATION_CONTEXT(2) 
PARAMETRIC_REPRESENTATION_CONTEXT() REPRESENTATION_CONTEXT('2D SPACE',''
  ) );
#7958 = ORIENTED_EDGE('',*,*,#7959,.T.);
#7959 = EDGE_CURVE('',#7939,#7960,#7962,.T.);
#7960 = VERTEX_POINT('',#7961);
#7961 = CARTESIAN_POINT('',(49.5,40.5,-6.7));
#7962 = SURFACE_CURVE('',#7963,(#7967,#7973),.PCURVE_S1.);
#7963 = LINE('',#7964,#7965);
#7964 = CARTESIAN_POINT('',(49.5,22.05,-6.7));
#7965 = VECTOR('',#7966,1.);
#7966 = DIRECTION('',(0.,1.,0.));
#7967 = PCURVE('',#4185,#7968);
#7968 = DEFINITIONAL_REPRESENTATION('',(#7969),#7972);
#7969 = B_SPLINE_CURVE_WITH_KNOTS('',1,(#7970,#7971),.UNSPECIFIED.,.F.,
  .F.,(2,2),(16.05,18.45),.PIECEWISE_BEZIER_KNOTS.);
#7970 = CARTESIAN_POINT('',(43.,32.1));
#7971 = CARTESIAN_POINT('',(43.,34.5));
#7972 = ( GEOMETRIC_REPRESENTATION_CONTEXT(2) 
PARAMETRIC_REPRESENTATION_CONTEXT() REPRESENTATION_CONTEXT('2D SPACE',''
  ) );
#7973 = PCURVE('',#7974,#7979);
#7974 = PLANE('',#7975);
#7975 = AXIS2_PLACEMENT_3D('',#7976,#7977,#7978);
#7976 = CARTESIAN_POINT('',(49.5,38.1,-6.75));
#7977 = DIRECTION('',(1.,0.,0.));
#7978 = DIRECTION('',(0.,0.,1.));
#7979 = DEFINITIONAL_REPRESENTATION('',(#7980),#7983);
#7980 = B_SPLINE_CURVE_WITH_KNOTS('',1,(#7981,#7982),.UNSPECIFIED.,.F.,
  .F.,(2,2),(16.05,18.45),.PIECEWISE_BEZIER_KNOTS.);
#7981 = CARTESIAN_POINT('',(5.E-02,0.));
#7982 = CARTESIAN_POINT('',(5.E-02,-2.4));
#7983 = ( GEOMETRIC_REPRESENTATION_CONTEXT(2) 
PARAMETRIC_REPRESENTATION_CONTEXT() REPRESENTATION_CONTEXT('2D SPACE',''
  ) );
#7984 = ORIENTED_EDGE('',*,*,#7985,.F.);
#7985 = EDGE_CURVE('',#7913,#7960,#7986,.T.);
#7986 = SURFACE_CURVE('',#7987,(#7991,#7997),.PCURVE_S1.);
#7987 = LINE('',#7988,#7989);
#7988 = CARTESIAN_POINT('',(26.1,40.5,-6.7));
#7989 = VECTOR('',#7990,1.);
#7990 = DIRECTION('',(-1.,0.,0.));
#7991 = PCURVE('',#4185,#7992);
#7992 = DEFINITIONAL_REPRESENTATION('',(#7993),#7996);
#7993 = B_SPLINE_CURVE_WITH_KNOTS('',1,(#7994,#7995),.UNSPECIFIED.,.F.,
  .F.,(2,2),(-24.2,-19.6),.PIECEWISE_BEZIER_KNOTS.);
#7994 = CARTESIAN_POINT('',(43.8,34.5));
#7995 = CARTESIAN_POINT('',(39.2,34.5));
#7996 = ( GEOMETRIC_REPRESENTATION_CONTEXT(2) 
PARAMETRIC_REPRESENTATION_CONTEXT() REPRESENTATION_CONTEXT('2D SPACE',''
  ) );
#7997 = PCURVE('',#7873,#7998);
#7998 = DEFINITIONAL_REPRESENTATION('',(#7999),#8002);
#7999 = B_SPLINE_CURVE_WITH_KNOTS('',1,(#8000,#8001),.UNSPECIFIED.,.F.,
  .F.,(2,2),(-24.2,-19.6),.PIECEWISE_BEZIER_KNOTS.);
#8000 = CARTESIAN_POINT('',(5.E-02,4.6));
#8001 = CARTESIAN_POINT('',(5.E-02,0.));
#8002 = ( GEOMETRIC_REPRESENTATION_CONTEXT(2) 
PARAMETRIC_REPRESENTATION_CONTEXT() REPRESENTATION_CONTEXT('2D SPACE',''
  ) );
#8003 = FACE_BOUND('',#8004,.T.);
#8004 = EDGE_LOOP('',(#8005));
#8005 = ORIENTED_EDGE('',*,*,#8006,.T.);
#8006 = EDGE_CURVE('',#8007,#8007,#8009,.T.);
#8007 = VERTEX_POINT('',#8008);
#8008 = CARTESIAN_POINT('',(57.,37.,-6.7));
#8009 = SURFACE_CURVE('',#8010,(#8015,#8026),.PCURVE_S1.);
#8010 = CIRCLE('',#8011,3.);
#8011 = AXIS2_PLACEMENT_3D('',#8012,#8013,#8014);
#8012 = CARTESIAN_POINT('',(54.,37.,-6.7));
#8013 = DIRECTION('',(0.,0.,-1.));
#8014 = DIRECTION('',(1.,0.,0.));
#8015 = PCURVE('',#4185,#8016);
#8016 = DEFINITIONAL_REPRESENTATION('',(#8017),#8025);
#8017 = ( BOUNDED_CURVE() B_SPLINE_CURVE(2,(#8018,#8019,#8020,#8021,
#8022,#8023,#8024),.UNSPECIFIED.,.T.,.F.) B_SPLINE_CURVE_WITH_KNOTS((1,2
    ,2,2,2,1),(-2.094395102393,0.,2.094395102393,4.188790204786,
6.28318530718,8.377580409573),.UNSPECIFIED.) CURVE() 
GEOMETRIC_REPRESENTATION_ITEM() RATIONAL_B_SPLINE_CURVE((1.,0.5,1.,0.5,
1.,0.5,1.)) REPRESENTATION_ITEM('') );
#8018 = CARTESIAN_POINT('',(50.5,31.));
#8019 = CARTESIAN_POINT('',(50.5,25.803847577293));
#8020 = CARTESIAN_POINT('',(46.,28.401923788647));
#8021 = CARTESIAN_POINT('',(41.5,31.));
#8022 = CARTESIAN_POINT('',(46.,33.598076211353));
#8023 = CARTESIAN_POINT('',(50.5,36.196152422707));
#8024 = CARTESIAN_POINT('',(50.5,31.));
#8025 = ( GEOMETRIC_REPRESENTATION_CONTEXT(2) 
PARAMETRIC_REPRESENTATION_CONTEXT() REPRESENTATION_CONTEXT('2D SPACE',''
  ) );
#8026 = PCURVE('',#8027,#8032);
#8027 = CYLINDRICAL_SURFACE('',#8028,3.);
#8028 = AXIS2_PLACEMENT_3D('',#8029,#8030,#8031);
#8029 = CARTESIAN_POINT('',(54.,37.,-7.));
#8030 = DIRECTION('',(-0.,-0.,-1.));
#8031 = DIRECTION('',(1.,0.,0.));
#8032 = DEFINITIONAL_REPRESENTATION('',(#8033),#8037);
#8033 = LINE('',#8034,#8035);
#8034 = CARTESIAN_POINT('',(-6.28318530718,-0.3));
#8035 = VECTOR('',#8036,1.);
#8036 = DIRECTION('',(1.,-0.));
#8037 = ( GEOMETRIC_REPRESENTATION_CONTEXT(2) 
PARAMETRIC_REPRESENTATION_CONTEXT() REPRESENTATION_CONTEXT('2D SPACE',''
  ) );
#8038 = FACE_BOUND('',#8039,.T.);
#8039 = EDGE_LOOP('',(#8040,#8068,#8094,#8120));
#8040 = ORIENTED_EDGE('',*,*,#8041,.T.);
#8041 = EDGE_CURVE('',#8042,#8044,#8046,.T.);
#8042 = VERTEX_POINT('',#8043);
#8043 = CARTESIAN_POINT('',(58.1,44.8,-6.7));
#8044 = VERTEX_POINT('',#8045);
#8045 = CARTESIAN_POINT('',(57.3,44.8,-6.7));
#8046 = SURFACE_CURVE('',#8047,(#8051,#8057),.PCURVE_S1.);
#8047 = LINE('',#8048,#8049);
#8048 = CARTESIAN_POINT('',(31.9,44.8,-6.7));
#8049 = VECTOR('',#8050,1.);
#8050 = DIRECTION('',(-1.,0.,0.));
#8051 = PCURVE('',#4185,#8052);
#8052 = DEFINITIONAL_REPRESENTATION('',(#8053),#8056);
#8053 = B_SPLINE_CURVE_WITH_KNOTS('',1,(#8054,#8055),.UNSPECIFIED.,.F.,
  .F.,(2,2),(-30.,-25.4),.PIECEWISE_BEZIER_KNOTS.);
#8054 = CARTESIAN_POINT('',(55.4,38.8));
#8055 = CARTESIAN_POINT('',(50.8,38.8));
#8056 = ( GEOMETRIC_REPRESENTATION_CONTEXT(2) 
PARAMETRIC_REPRESENTATION_CONTEXT() REPRESENTATION_CONTEXT('2D SPACE',''
  ) );
#8057 = PCURVE('',#8058,#8063);
#8058 = PLANE('',#8059);
#8059 = AXIS2_PLACEMENT_3D('',#8060,#8061,#8062);
#8060 = CARTESIAN_POINT('',(57.3,44.8,-6.75));
#8061 = DIRECTION('',(0.,1.,0.));
#8062 = DIRECTION('',(0.,0.,1.));
#8063 = DEFINITIONAL_REPRESENTATION('',(#8064),#8067);
#8064 = B_SPLINE_CURVE_WITH_KNOTS('',1,(#8065,#8066),.UNSPECIFIED.,.F.,
  .F.,(2,2),(-30.,-25.4),.PIECEWISE_BEZIER_KNOTS.);
#8065 = CARTESIAN_POINT('',(5.E-02,4.6));
#8066 = CARTESIAN_POINT('',(5.E-02,0.));
#8067 = ( GEOMETRIC_REPRESENTATION_CONTEXT(2) 
PARAMETRIC_REPRESENTATION_CONTEXT() REPRESENTATION_CONTEXT('2D SPACE',''
  ) );
#8068 = ORIENTED_EDGE('',*,*,#8069,.T.);
#8069 = EDGE_CURVE('',#8044,#8070,#8072,.T.);
#8070 = VERTEX_POINT('',#8071);
#8071 = CARTESIAN_POINT('',(57.3,47.2,-6.7));
#8072 = SURFACE_CURVE('',#8073,(#8077,#8083),.PCURVE_S1.);
#8073 = LINE('',#8074,#8075);
#8074 = CARTESIAN_POINT('',(57.3,25.4,-6.7));
#8075 = VECTOR('',#8076,1.);
#8076 = DIRECTION('',(0.,1.,0.));
#8077 = PCURVE('',#4185,#8078);
#8078 = DEFINITIONAL_REPRESENTATION('',(#8079),#8082);
#8079 = B_SPLINE_CURVE_WITH_KNOTS('',1,(#8080,#8081),.UNSPECIFIED.,.F.,
  .F.,(2,2),(19.4,21.8),.PIECEWISE_BEZIER_KNOTS.);
#8080 = CARTESIAN_POINT('',(50.8,38.8));
#8081 = CARTESIAN_POINT('',(50.8,41.2));
#8082 = ( GEOMETRIC_REPRESENTATION_CONTEXT(2) 
PARAMETRIC_REPRESENTATION_CONTEXT() REPRESENTATION_CONTEXT('2D SPACE',''
  ) );
#8083 = PCURVE('',#8084,#8089);
#8084 = PLANE('',#8085);
#8085 = AXIS2_PLACEMENT_3D('',#8086,#8087,#8088);
#8086 = CARTESIAN_POINT('',(57.3,44.8,-6.75));
#8087 = DIRECTION('',(1.,0.,0.));
#8088 = DIRECTION('',(0.,0.,1.));
#8089 = DEFINITIONAL_REPRESENTATION('',(#8090),#8093);
#8090 = B_SPLINE_CURVE_WITH_KNOTS('',1,(#8091,#8092),.UNSPECIFIED.,.F.,
  .F.,(2,2),(19.4,21.8),.PIECEWISE_BEZIER_KNOTS.);
#8091 = CARTESIAN_POINT('',(5.E-02,0.));
#8092 = CARTESIAN_POINT('',(5.E-02,-2.4));
#8093 = ( GEOMETRIC_REPRESENTATION_CONTEXT(2) 
PARAMETRIC_REPRESENTATION_CONTEXT() REPRESENTATION_CONTEXT('2D SPACE',''
  ) );
#8094 = ORIENTED_EDGE('',*,*,#8095,.F.);
#8095 = EDGE_CURVE('',#8096,#8070,#8098,.T.);
#8096 = VERTEX_POINT('',#8097);
#8097 = CARTESIAN_POINT('',(58.1,47.2,-6.7));
#8098 = SURFACE_CURVE('',#8099,(#8103,#8109),.PCURVE_S1.);
#8099 = LINE('',#8100,#8101);
#8100 = CARTESIAN_POINT('',(31.9,47.2,-6.7));
#8101 = VECTOR('',#8102,1.);
#8102 = DIRECTION('',(-1.,0.,0.));
#8103 = PCURVE('',#4185,#8104);
#8104 = DEFINITIONAL_REPRESENTATION('',(#8105),#8108);
#8105 = B_SPLINE_CURVE_WITH_KNOTS('',1,(#8106,#8107),.UNSPECIFIED.,.F.,
  .F.,(2,2),(-30.,-25.4),.PIECEWISE_BEZIER_KNOTS.);
#8106 = CARTESIAN_POINT('',(55.4,41.2));
#8107 = CARTESIAN_POINT('',(50.8,41.2));
#8108 = ( GEOMETRIC_REPRESENTATION_CONTEXT(2) 
PARAMETRIC_REPRESENTATION_CONTEXT() REPRESENTATION_CONTEXT('2D SPACE',''
  ) );
#8109 = PCURVE('',#8110,#8115);
#8110 = PLANE('',#8111);
#8111 = AXIS2_PLACEMENT_3D('',#8112,#8113,#8114);
#8112 = CARTESIAN_POINT('',(57.3,47.2,-6.75));
#8113 = DIRECTION('',(0.,1.,0.));
#8114 = DIRECTION('',(0.,0.,1.));
#8115 = DEFINITIONAL_REPRESENTATION('',(#8116),#8119);
#8116 = B_SPLINE_CURVE_WITH_KNOTS('',1,(#8117,#8118),.UNSPECIFIED.,.F.,
  .F.,(2,2),(-30.,-25.4),.PIECEWISE_BEZIER_KNOTS.);
#8117 = CARTESIAN_POINT('',(5.E-02,4.6));
#8118 = CARTESIAN_POINT('',(5.E-02,0.));
#8119 = ( GEOMETRIC_REPRESENTATION_CONTEXT(2) 
PARAMETRIC_REPRESENTATION_CONTEXT() REPRESENTATION_CONTEXT('2D SPACE',''
  ) );
#8120 = ORIENTED_EDGE('',*,*,#8121,.F.);
#8121 = EDGE_CURVE('',#8042,#8096,#8122,.T.);
#8122 = SURFACE_CURVE('',#8123,(#8127,#8133),.PCURVE_S1.);
#8123 = LINE('',#8124,#8125);
#8124 = CARTESIAN_POINT('',(58.1,25.4,-6.7));
#8125 = VECTOR('',#8126,1.);
#8126 = DIRECTION('',(0.,1.,0.));
#8127 = PCURVE('',#4185,#8128);
#8128 = DEFINITIONAL_REPRESENTATION('',(#8129),#8132);
#8129 = B_SPLINE_CURVE_WITH_KNOTS('',1,(#8130,#8131),.UNSPECIFIED.,.F.,
  .F.,(2,2),(19.4,21.8),.PIECEWISE_BEZIER_KNOTS.);
#8130 = CARTESIAN_POINT('',(51.6,38.8));
#8131 = CARTESIAN_POINT('',(51.6,41.2));
#8132 = ( GEOMETRIC_REPRESENTATION_CONTEXT(2) 
PARAMETRIC_REPRESENTATION_CONTEXT() REPRESENTATION_CONTEXT('2D SPACE',''
  ) );
#8133 = PCURVE('',#8134,#8139);
#8134 = PLANE('',#8135);
#8135 = AXIS2_PLACEMENT_3D('',#8136,#8137,#8138);
#8136 = CARTESIAN_POINT('',(58.1,44.8,-6.75));
#8137 = DIRECTION('',(1.,0.,0.));
#8138 = DIRECTION('',(0.,0.,1.));
#8139 = DEFINITIONAL_REPRESENTATION('',(#8140),#8143);
#8140 = B_SPLINE_CURVE_WITH_KNOTS('',1,(#8141,#8142),.UNSPECIFIED.,.F.,
  .F.,(2,2),(19.4,21.8),.PIECEWISE_BEZIER_KNOTS.);
#8141 = CARTESIAN_POINT('',(5.E-02,0.));
#8142 = CARTESIAN_POINT('',(5.E-02,-2.4));
#8143 = ( GEOMETRIC_REPRESENTATION_CONTEXT(2) 
PARAMETRIC_REPRESENTATION_CONTEXT() REPRESENTATION_CONTEXT('2D SPACE',''
  ) );
#8144 = FACE_BOUND('',#8145,.T.);
#8145 = EDGE_LOOP('',(#8146,#8174,#8195,#8221));
#8146 = ORIENTED_EDGE('',*,*,#8147,.F.);
#8147 = EDGE_CURVE('',#8148,#8150,#8152,.T.);
#8148 = VERTEX_POINT('',#8149);
#8149 = CARTESIAN_POINT('',(61.9,44.8,-6.7));
#8150 = VERTEX_POINT('',#8151);
#8151 = CARTESIAN_POINT('',(61.9,47.2,-6.7));
#8152 = SURFACE_CURVE('',#8153,(#8157,#8163),.PCURVE_S1.);
#8153 = LINE('',#8154,#8155);
#8154 = CARTESIAN_POINT('',(61.9,25.4,-6.7));
#8155 = VECTOR('',#8156,1.);
#8156 = DIRECTION('',(0.,1.,0.));
#8157 = PCURVE('',#4185,#8158);
#8158 = DEFINITIONAL_REPRESENTATION('',(#8159),#8162);
#8159 = B_SPLINE_CURVE_WITH_KNOTS('',1,(#8160,#8161),.UNSPECIFIED.,.F.,
  .F.,(2,2),(19.4,21.8),.PIECEWISE_BEZIER_KNOTS.);
#8160 = CARTESIAN_POINT('',(55.4,38.8));
#8161 = CARTESIAN_POINT('',(55.4,41.2));
#8162 = ( GEOMETRIC_REPRESENTATION_CONTEXT(2) 
PARAMETRIC_REPRESENTATION_CONTEXT() REPRESENTATION_CONTEXT('2D SPACE',''
  ) );
#8163 = PCURVE('',#8164,#8169);
#8164 = PLANE('',#8165);
#8165 = AXIS2_PLACEMENT_3D('',#8166,#8167,#8168);
#8166 = CARTESIAN_POINT('',(61.9,44.8,-4.75));
#8167 = DIRECTION('',(1.,0.,0.));
#8168 = DIRECTION('',(0.,0.,1.));
#8169 = DEFINITIONAL_REPRESENTATION('',(#8170),#8173);
#8170 = B_SPLINE_CURVE_WITH_KNOTS('',1,(#8171,#8172),.UNSPECIFIED.,.F.,
  .F.,(2,2),(19.4,21.8),.PIECEWISE_BEZIER_KNOTS.);
#8171 = CARTESIAN_POINT('',(-1.95,0.));
#8172 = CARTESIAN_POINT('',(-1.95,-2.4));
#8173 = ( GEOMETRIC_REPRESENTATION_CONTEXT(2) 
PARAMETRIC_REPRESENTATION_CONTEXT() REPRESENTATION_CONTEXT('2D SPACE',''
  ) );
#8174 = ORIENTED_EDGE('',*,*,#8175,.T.);
#8175 = EDGE_CURVE('',#8148,#8176,#8178,.T.);
#8176 = VERTEX_POINT('',#8177);
#8177 = CARTESIAN_POINT('',(61.1,44.8,-6.7));
#8178 = SURFACE_CURVE('',#8179,(#8183,#8189),.PCURVE_S1.);
#8179 = LINE('',#8180,#8181);
#8180 = CARTESIAN_POINT('',(31.9,44.8,-6.7));
#8181 = VECTOR('',#8182,1.);
#8182 = DIRECTION('',(-1.,0.,0.));
#8183 = PCURVE('',#4185,#8184);
#8184 = DEFINITIONAL_REPRESENTATION('',(#8185),#8188);
#8185 = B_SPLINE_CURVE_WITH_KNOTS('',1,(#8186,#8187),.UNSPECIFIED.,.F.,
  .F.,(2,2),(-30.,-25.4),.PIECEWISE_BEZIER_KNOTS.);
#8186 = CARTESIAN_POINT('',(55.4,38.8));
#8187 = CARTESIAN_POINT('',(50.8,38.8));
#8188 = ( GEOMETRIC_REPRESENTATION_CONTEXT(2) 
PARAMETRIC_REPRESENTATION_CONTEXT() REPRESENTATION_CONTEXT('2D SPACE',''
  ) );
#8189 = PCURVE('',#8058,#8190);
#8190 = DEFINITIONAL_REPRESENTATION('',(#8191),#8194);
#8191 = B_SPLINE_CURVE_WITH_KNOTS('',1,(#8192,#8193),.UNSPECIFIED.,.F.,
  .F.,(2,2),(-30.,-25.4),.PIECEWISE_BEZIER_KNOTS.);
#8192 = CARTESIAN_POINT('',(5.E-02,4.6));
#8193 = CARTESIAN_POINT('',(5.E-02,0.));
#8194 = ( GEOMETRIC_REPRESENTATION_CONTEXT(2) 
PARAMETRIC_REPRESENTATION_CONTEXT() REPRESENTATION_CONTEXT('2D SPACE',''
  ) );
#8195 = ORIENTED_EDGE('',*,*,#8196,.T.);
#8196 = EDGE_CURVE('',#8176,#8197,#8199,.T.);
#8197 = VERTEX_POINT('',#8198);
#8198 = CARTESIAN_POINT('',(61.1,47.2,-6.7));
#8199 = SURFACE_CURVE('',#8200,(#8204,#8210),.PCURVE_S1.);
#8200 = LINE('',#8201,#8202);
#8201 = CARTESIAN_POINT('',(61.1,25.4,-6.7));
#8202 = VECTOR('',#8203,1.);
#8203 = DIRECTION('',(0.,1.,0.));
#8204 = PCURVE('',#4185,#8205);
#8205 = DEFINITIONAL_REPRESENTATION('',(#8206),#8209);
#8206 = B_SPLINE_CURVE_WITH_KNOTS('',1,(#8207,#8208),.UNSPECIFIED.,.F.,
  .F.,(2,2),(19.4,21.8),.PIECEWISE_BEZIER_KNOTS.);
#8207 = CARTESIAN_POINT('',(54.6,38.8));
#8208 = CARTESIAN_POINT('',(54.6,41.2));
#8209 = ( GEOMETRIC_REPRESENTATION_CONTEXT(2) 
PARAMETRIC_REPRESENTATION_CONTEXT() REPRESENTATION_CONTEXT('2D SPACE',''
  ) );
#8210 = PCURVE('',#8211,#8216);
#8211 = PLANE('',#8212);
#8212 = AXIS2_PLACEMENT_3D('',#8213,#8214,#8215);
#8213 = CARTESIAN_POINT('',(61.1,44.8,-6.75));
#8214 = DIRECTION('',(1.,0.,0.));
#8215 = DIRECTION('',(0.,0.,1.));
#8216 = DEFINITIONAL_REPRESENTATION('',(#8217),#8220);
#8217 = B_SPLINE_CURVE_WITH_KNOTS('',1,(#8218,#8219),.UNSPECIFIED.,.F.,
  .F.,(2,2),(19.4,21.8),.PIECEWISE_BEZIER_KNOTS.);
#8218 = CARTESIAN_POINT('',(5.E-02,0.));
#8219 = CARTESIAN_POINT('',(5.E-02,-2.4));
#8220 = ( GEOMETRIC_REPRESENTATION_CONTEXT(2) 
PARAMETRIC_REPRESENTATION_CONTEXT() REPRESENTATION_CONTEXT('2D SPACE',''
  ) );
#8221 = ORIENTED_EDGE('',*,*,#8222,.F.);
#8222 = EDGE_CURVE('',#8150,#8197,#8223,.T.);
#8223 = SURFACE_CURVE('',#8224,(#8228,#8234),.PCURVE_S1.);
#8224 = LINE('',#8225,#8226);
#8225 = CARTESIAN_POINT('',(31.9,47.2,-6.7));
#8226 = VECTOR('',#8227,1.);
#8227 = DIRECTION('',(-1.,0.,0.));
#8228 = PCURVE('',#4185,#8229);
#8229 = DEFINITIONAL_REPRESENTATION('',(#8230),#8233);
#8230 = B_SPLINE_CURVE_WITH_KNOTS('',1,(#8231,#8232),.UNSPECIFIED.,.F.,
  .F.,(2,2),(-30.,-25.4),.PIECEWISE_BEZIER_KNOTS.);
#8231 = CARTESIAN_POINT('',(55.4,41.2));
#8232 = CARTESIAN_POINT('',(50.8,41.2));
#8233 = ( GEOMETRIC_REPRESENTATION_CONTEXT(2) 
PARAMETRIC_REPRESENTATION_CONTEXT() REPRESENTATION_CONTEXT('2D SPACE',''
  ) );
#8234 = PCURVE('',#8110,#8235);
#8235 = DEFINITIONAL_REPRESENTATION('',(#8236),#8239);
#8236 = B_SPLINE_CURVE_WITH_KNOTS('',1,(#8237,#8238),.UNSPECIFIED.,.F.,
  .F.,(2,2),(-30.,-25.4),.PIECEWISE_BEZIER_KNOTS.);
#8237 = CARTESIAN_POINT('',(5.E-02,4.6));
#8238 = CARTESIAN_POINT('',(5.E-02,0.));
#8239 = ( GEOMETRIC_REPRESENTATION_CONTEXT(2) 
PARAMETRIC_REPRESENTATION_CONTEXT() REPRESENTATION_CONTEXT('2D SPACE',''
  ) );
#8240 = FACE_BOUND('',#8241,.T.);
#8241 = EDGE_LOOP('',(#8242,#8270,#8296,#8322));
#8242 = ORIENTED_EDGE('',*,*,#8243,.T.);
#8243 = EDGE_CURVE('',#8244,#8246,#8248,.T.);
#8244 = VERTEX_POINT('',#8245);
#8245 = CARTESIAN_POINT('',(58.1,56.8,-6.7));
#8246 = VERTEX_POINT('',#8247);
#8247 = CARTESIAN_POINT('',(57.3,56.8,-6.7));
#8248 = SURFACE_CURVE('',#8249,(#8253,#8259),.PCURVE_S1.);
#8249 = LINE('',#8250,#8251);
#8250 = CARTESIAN_POINT('',(31.9,56.8,-6.7));
#8251 = VECTOR('',#8252,1.);
#8252 = DIRECTION('',(-1.,0.,0.));
#8253 = PCURVE('',#4185,#8254);
#8254 = DEFINITIONAL_REPRESENTATION('',(#8255),#8258);
#8255 = B_SPLINE_CURVE_WITH_KNOTS('',1,(#8256,#8257),.UNSPECIFIED.,.F.,
  .F.,(2,2),(-30.,-25.4),.PIECEWISE_BEZIER_KNOTS.);
#8256 = CARTESIAN_POINT('',(55.4,50.8));
#8257 = CARTESIAN_POINT('',(50.8,50.8));
#8258 = ( GEOMETRIC_REPRESENTATION_CONTEXT(2) 
PARAMETRIC_REPRESENTATION_CONTEXT() REPRESENTATION_CONTEXT('2D SPACE',''
  ) );
#8259 = PCURVE('',#8260,#8265);
#8260 = PLANE('',#8261);
#8261 = AXIS2_PLACEMENT_3D('',#8262,#8263,#8264);
#8262 = CARTESIAN_POINT('',(57.3,56.8,-6.75));
#8263 = DIRECTION('',(0.,1.,0.));
#8264 = DIRECTION('',(0.,0.,1.));
#8265 = DEFINITIONAL_REPRESENTATION('',(#8266),#8269);
#8266 = B_SPLINE_CURVE_WITH_KNOTS('',1,(#8267,#8268),.UNSPECIFIED.,.F.,
  .F.,(2,2),(-30.,-25.4),.PIECEWISE_BEZIER_KNOTS.);
#8267 = CARTESIAN_POINT('',(5.E-02,4.6));
#8268 = CARTESIAN_POINT('',(5.E-02,0.));
#8269 = ( GEOMETRIC_REPRESENTATION_CONTEXT(2) 
PARAMETRIC_REPRESENTATION_CONTEXT() REPRESENTATION_CONTEXT('2D SPACE',''
  ) );
#8270 = ORIENTED_EDGE('',*,*,#8271,.T.);
#8271 = EDGE_CURVE('',#8246,#8272,#8274,.T.);
#8272 = VERTEX_POINT('',#8273);
#8273 = CARTESIAN_POINT('',(57.3,59.2,-6.7));
#8274 = SURFACE_CURVE('',#8275,(#8279,#8285),.PCURVE_S1.);
#8275 = LINE('',#8276,#8277);
#8276 = CARTESIAN_POINT('',(57.3,31.4,-6.7));
#8277 = VECTOR('',#8278,1.);
#8278 = DIRECTION('',(0.,1.,0.));
#8279 = PCURVE('',#4185,#8280);
#8280 = DEFINITIONAL_REPRESENTATION('',(#8281),#8284);
#8281 = B_SPLINE_CURVE_WITH_KNOTS('',1,(#8282,#8283),.UNSPECIFIED.,.F.,
  .F.,(2,2),(25.4,27.8),.PIECEWISE_BEZIER_KNOTS.);
#8282 = CARTESIAN_POINT('',(50.8,50.8));
#8283 = CARTESIAN_POINT('',(50.8,53.2));
#8284 = ( GEOMETRIC_REPRESENTATION_CONTEXT(2) 
PARAMETRIC_REPRESENTATION_CONTEXT() REPRESENTATION_CONTEXT('2D SPACE',''
  ) );
#8285 = PCURVE('',#8286,#8291);
#8286 = PLANE('',#8287);
#8287 = AXIS2_PLACEMENT_3D('',#8288,#8289,#8290);
#8288 = CARTESIAN_POINT('',(57.3,56.8,-6.75));
#8289 = DIRECTION('',(1.,0.,0.));
#8290 = DIRECTION('',(0.,0.,1.));
#8291 = DEFINITIONAL_REPRESENTATION('',(#8292),#8295);
#8292 = B_SPLINE_CURVE_WITH_KNOTS('',1,(#8293,#8294),.UNSPECIFIED.,.F.,
  .F.,(2,2),(25.4,27.8),.PIECEWISE_BEZIER_KNOTS.);
#8293 = CARTESIAN_POINT('',(5.E-02,0.));
#8294 = CARTESIAN_POINT('',(5.E-02,-2.4));
#8295 = ( GEOMETRIC_REPRESENTATION_CONTEXT(2) 
PARAMETRIC_REPRESENTATION_CONTEXT() REPRESENTATION_CONTEXT('2D SPACE',''
  ) );
#8296 = ORIENTED_EDGE('',*,*,#8297,.F.);
#8297 = EDGE_CURVE('',#8298,#8272,#8300,.T.);
#8298 = VERTEX_POINT('',#8299);
#8299 = CARTESIAN_POINT('',(58.1,59.2,-6.7));
#8300 = SURFACE_CURVE('',#8301,(#8305,#8311),.PCURVE_S1.);
#8301 = LINE('',#8302,#8303);
#8302 = CARTESIAN_POINT('',(31.9,59.2,-6.7));
#8303 = VECTOR('',#8304,1.);
#8304 = DIRECTION('',(-1.,0.,0.));
#8305 = PCURVE('',#4185,#8306);
#8306 = DEFINITIONAL_REPRESENTATION('',(#8307),#8310);
#8307 = B_SPLINE_CURVE_WITH_KNOTS('',1,(#8308,#8309),.UNSPECIFIED.,.F.,
  .F.,(2,2),(-30.,-25.4),.PIECEWISE_BEZIER_KNOTS.);
#8308 = CARTESIAN_POINT('',(55.4,53.2));
#8309 = CARTESIAN_POINT('',(50.8,53.2));
#8310 = ( GEOMETRIC_REPRESENTATION_CONTEXT(2) 
PARAMETRIC_REPRESENTATION_CONTEXT() REPRESENTATION_CONTEXT('2D SPACE',''
  ) );
#8311 = PCURVE('',#8312,#8317);
#8312 = PLANE('',#8313);
#8313 = AXIS2_PLACEMENT_3D('',#8314,#8315,#8316);
#8314 = CARTESIAN_POINT('',(57.3,59.2,-6.75));
#8315 = DIRECTION('',(0.,1.,0.));
#8316 = DIRECTION('',(0.,0.,1.));
#8317 = DEFINITIONAL_REPRESENTATION('',(#8318),#8321);
#8318 = B_SPLINE_CURVE_WITH_KNOTS('',1,(#8319,#8320),.UNSPECIFIED.,.F.,
  .F.,(2,2),(-30.,-25.4),.PIECEWISE_BEZIER_KNOTS.);
#8319 = CARTESIAN_POINT('',(5.E-02,4.6));
#8320 = CARTESIAN_POINT('',(5.E-02,0.));
#8321 = ( GEOMETRIC_REPRESENTATION_CONTEXT(2) 
PARAMETRIC_REPRESENTATION_CONTEXT() REPRESENTATION_CONTEXT('2D SPACE',''
  ) );
#8322 = ORIENTED_EDGE('',*,*,#8323,.F.);
#8323 = EDGE_CURVE('',#8244,#8298,#8324,.T.);
#8324 = SURFACE_CURVE('',#8325,(#8329,#8335),.PCURVE_S1.);
#8325 = LINE('',#8326,#8327);
#8326 = CARTESIAN_POINT('',(58.1,31.4,-6.7));
#8327 = VECTOR('',#8328,1.);
#8328 = DIRECTION('',(0.,1.,0.));
#8329 = PCURVE('',#4185,#8330);
#8330 = DEFINITIONAL_REPRESENTATION('',(#8331),#8334);
#8331 = B_SPLINE_CURVE_WITH_KNOTS('',1,(#8332,#8333),.UNSPECIFIED.,.F.,
  .F.,(2,2),(25.4,27.8),.PIECEWISE_BEZIER_KNOTS.);
#8332 = CARTESIAN_POINT('',(51.6,50.8));
#8333 = CARTESIAN_POINT('',(51.6,53.2));
#8334 = ( GEOMETRIC_REPRESENTATION_CONTEXT(2) 
PARAMETRIC_REPRESENTATION_CONTEXT() REPRESENTATION_CONTEXT('2D SPACE',''
  ) );
#8335 = PCURVE('',#8336,#8341);
#8336 = PLANE('',#8337);
#8337 = AXIS2_PLACEMENT_3D('',#8338,#8339,#8340);
#8338 = CARTESIAN_POINT('',(58.1,56.8,-6.75));
#8339 = DIRECTION('',(1.,0.,0.));
#8340 = DIRECTION('',(0.,0.,1.));
#8341 = DEFINITIONAL_REPRESENTATION('',(#8342),#8345);
#8342 = B_SPLINE_CURVE_WITH_KNOTS('',1,(#8343,#8344),.UNSPECIFIED.,.F.,
  .F.,(2,2),(25.4,27.8),.PIECEWISE_BEZIER_KNOTS.);
#8343 = CARTESIAN_POINT('',(5.E-02,0.));
#8344 = CARTESIAN_POINT('',(5.E-02,-2.4));
#8345 = ( GEOMETRIC_REPRESENTATION_CONTEXT(2) 
PARAMETRIC_REPRESENTATION_CONTEXT() REPRESENTATION_CONTEXT('2D SPACE',''
  ) );
#8346 = FACE_BOUND('',#8347,.T.);
#8347 = EDGE_LOOP('',(#8348,#8376,#8397,#8423));
#8348 = ORIENTED_EDGE('',*,*,#8349,.F.);
#8349 = EDGE_CURVE('',#8350,#8352,#8354,.T.);
#8350 = VERTEX_POINT('',#8351);
#8351 = CARTESIAN_POINT('',(61.9,56.8,-6.7));
#8352 = VERTEX_POINT('',#8353);
#8353 = CARTESIAN_POINT('',(61.9,59.2,-6.7));
#8354 = SURFACE_CURVE('',#8355,(#8359,#8365),.PCURVE_S1.);
#8355 = LINE('',#8356,#8357);
#8356 = CARTESIAN_POINT('',(61.9,31.4,-6.7));
#8357 = VECTOR('',#8358,1.);
#8358 = DIRECTION('',(0.,1.,0.));
#8359 = PCURVE('',#4185,#8360);
#8360 = DEFINITIONAL_REPRESENTATION('',(#8361),#8364);
#8361 = B_SPLINE_CURVE_WITH_KNOTS('',1,(#8362,#8363),.UNSPECIFIED.,.F.,
  .F.,(2,2),(25.4,27.8),.PIECEWISE_BEZIER_KNOTS.);
#8362 = CARTESIAN_POINT('',(55.4,50.8));
#8363 = CARTESIAN_POINT('',(55.4,53.2));
#8364 = ( GEOMETRIC_REPRESENTATION_CONTEXT(2) 
PARAMETRIC_REPRESENTATION_CONTEXT() REPRESENTATION_CONTEXT('2D SPACE',''
  ) );
#8365 = PCURVE('',#8366,#8371);
#8366 = PLANE('',#8367);
#8367 = AXIS2_PLACEMENT_3D('',#8368,#8369,#8370);
#8368 = CARTESIAN_POINT('',(61.9,56.8,-4.75));
#8369 = DIRECTION('',(1.,0.,0.));
#8370 = DIRECTION('',(0.,0.,1.));
#8371 = DEFINITIONAL_REPRESENTATION('',(#8372),#8375);
#8372 = B_SPLINE_CURVE_WITH_KNOTS('',1,(#8373,#8374),.UNSPECIFIED.,.F.,
  .F.,(2,2),(25.4,27.8),.PIECEWISE_BEZIER_KNOTS.);
#8373 = CARTESIAN_POINT('',(-1.95,0.));
#8374 = CARTESIAN_POINT('',(-1.95,-2.4));
#8375 = ( GEOMETRIC_REPRESENTATION_CONTEXT(2) 
PARAMETRIC_REPRESENTATION_CONTEXT() REPRESENTATION_CONTEXT('2D SPACE',''
  ) );
#8376 = ORIENTED_EDGE('',*,*,#8377,.T.);
#8377 = EDGE_CURVE('',#8350,#8378,#8380,.T.);
#8378 = VERTEX_POINT('',#8379);
#8379 = CARTESIAN_POINT('',(61.1,56.8,-6.7));
#8380 = SURFACE_CURVE('',#8381,(#8385,#8391),.PCURVE_S1.);
#8381 = LINE('',#8382,#8383);
#8382 = CARTESIAN_POINT('',(31.9,56.8,-6.7));
#8383 = VECTOR('',#8384,1.);
#8384 = DIRECTION('',(-1.,0.,0.));
#8385 = PCURVE('',#4185,#8386);
#8386 = DEFINITIONAL_REPRESENTATION('',(#8387),#8390);
#8387 = B_SPLINE_CURVE_WITH_KNOTS('',1,(#8388,#8389),.UNSPECIFIED.,.F.,
  .F.,(2,2),(-30.,-25.4),.PIECEWISE_BEZIER_KNOTS.);
#8388 = CARTESIAN_POINT('',(55.4,50.8));
#8389 = CARTESIAN_POINT('',(50.8,50.8));
#8390 = ( GEOMETRIC_REPRESENTATION_CONTEXT(2) 
PARAMETRIC_REPRESENTATION_CONTEXT() REPRESENTATION_CONTEXT('2D SPACE',''
  ) );
#8391 = PCURVE('',#8260,#8392);
#8392 = DEFINITIONAL_REPRESENTATION('',(#8393),#8396);
#8393 = B_SPLINE_CURVE_WITH_KNOTS('',1,(#8394,#8395),.UNSPECIFIED.,.F.,
  .F.,(2,2),(-30.,-25.4),.PIECEWISE_BEZIER_KNOTS.);
#8394 = CARTESIAN_POINT('',(5.E-02,4.6));
#8395 = CARTESIAN_POINT('',(5.E-02,0.));
#8396 = ( GEOMETRIC_REPRESENTATION_CONTEXT(2) 
PARAMETRIC_REPRESENTATION_CONTEXT() REPRESENTATION_CONTEXT('2D SPACE',''
  ) );
#8397 = ORIENTED_EDGE('',*,*,#8398,.T.);
#8398 = EDGE_CURVE('',#8378,#8399,#8401,.T.);
#8399 = VERTEX_POINT('',#8400);
#8400 = CARTESIAN_POINT('',(61.1,59.2,-6.7));
#8401 = SURFACE_CURVE('',#8402,(#8406,#8412),.PCURVE_S1.);
#8402 = LINE('',#8403,#8404);
#8403 = CARTESIAN_POINT('',(61.1,31.4,-6.7));
#8404 = VECTOR('',#8405,1.);
#8405 = DIRECTION('',(0.,1.,0.));
#8406 = PCURVE('',#4185,#8407);
#8407 = DEFINITIONAL_REPRESENTATION('',(#8408),#8411);
#8408 = B_SPLINE_CURVE_WITH_KNOTS('',1,(#8409,#8410),.UNSPECIFIED.,.F.,
  .F.,(2,2),(25.4,27.8),.PIECEWISE_BEZIER_KNOTS.);
#8409 = CARTESIAN_POINT('',(54.6,50.8));
#8410 = CARTESIAN_POINT('',(54.6,53.2));
#8411 = ( GEOMETRIC_REPRESENTATION_CONTEXT(2) 
PARAMETRIC_REPRESENTATION_CONTEXT() REPRESENTATION_CONTEXT('2D SPACE',''
  ) );
#8412 = PCURVE('',#8413,#8418);
#8413 = PLANE('',#8414);
#8414 = AXIS2_PLACEMENT_3D('',#8415,#8416,#8417);
#8415 = CARTESIAN_POINT('',(61.1,56.8,-6.75));
#8416 = DIRECTION('',(1.,0.,0.));
#8417 = DIRECTION('',(0.,0.,1.));
#8418 = DEFINITIONAL_REPRESENTATION('',(#8419),#8422);
#8419 = B_SPLINE_CURVE_WITH_KNOTS('',1,(#8420,#8421),.UNSPECIFIED.,.F.,
  .F.,(2,2),(25.4,27.8),.PIECEWISE_BEZIER_KNOTS.);
#8420 = CARTESIAN_POINT('',(5.E-02,0.));
#8421 = CARTESIAN_POINT('',(5.E-02,-2.4));
#8422 = ( GEOMETRIC_REPRESENTATION_CONTEXT(2) 
PARAMETRIC_REPRESENTATION_CONTEXT() REPRESENTATION_CONTEXT('2D SPACE',''
  ) );
#8423 = ORIENTED_EDGE('',*,*,#8424,.F.);
#8424 = EDGE_CURVE('',#8352,#8399,#8425,.T.);
#8425 = SURFACE_CURVE('',#8426,(#8430,#8436),.PCURVE_S1.);
#8426 = LINE('',#8427,#8428);
#8427 = CARTESIAN_POINT('',(31.9,59.2,-6.7));
#8428 = VECTOR('',#8429,1.);
#8429 = DIRECTION('',(-1.,0.,0.));
#8430 = PCURVE('',#4185,#8431);
#8431 = DEFINITIONAL_REPRESENTATION('',(#8432),#8435);
#8432 = B_SPLINE_CURVE_WITH_KNOTS('',1,(#8433,#8434),.UNSPECIFIED.,.F.,
  .F.,(2,2),(-30.,-25.4),.PIECEWISE_BEZIER_KNOTS.);
#8433 = CARTESIAN_POINT('',(55.4,53.2));
#8434 = CARTESIAN_POINT('',(50.8,53.2));
#8435 = ( GEOMETRIC_REPRESENTATION_CONTEXT(2) 
PARAMETRIC_REPRESENTATION_CONTEXT() REPRESENTATION_CONTEXT('2D SPACE',''
  ) );
#8436 = PCURVE('',#8312,#8437);
#8437 = DEFINITIONAL_REPRESENTATION('',(#8438),#8441);
#8438 = B_SPLINE_CURVE_WITH_KNOTS('',1,(#8439,#8440),.UNSPECIFIED.,.F.,
  .F.,(2,2),(-30.,-25.4),.PIECEWISE_BEZIER_KNOTS.);
#8439 = CARTESIAN_POINT('',(5.E-02,4.6));
#8440 = CARTESIAN_POINT('',(5.E-02,0.));
#8441 = ( GEOMETRIC_REPRESENTATION_CONTEXT(2) 
PARAMETRIC_REPRESENTATION_CONTEXT() REPRESENTATION_CONTEXT('2D SPACE',''
  ) );
#8442 = FACE_BOUND('',#8443,.T.);
#8443 = EDGE_LOOP('',(#8444,#8472,#8505,#8531,#8564,#8590,#8623,#8649));
#8444 = ORIENTED_EDGE('',*,*,#8445,.F.);
#8445 = EDGE_CURVE('',#8446,#8448,#8450,.T.);
#8446 = VERTEX_POINT('',#8447);
#8447 = CARTESIAN_POINT('',(41.,97.,-6.7));
#8448 = VERTEX_POINT('',#8449);
#8449 = CARTESIAN_POINT('',(19.,97.,-6.7));
#8450 = SURFACE_CURVE('',#8451,(#8455,#8461),.PCURVE_S1.);
#8451 = LINE('',#8452,#8453);
#8452 = CARTESIAN_POINT('',(12.75,97.,-6.7));
#8453 = VECTOR('',#8454,1.);
#8454 = DIRECTION('',(-1.,0.,0.));
#8455 = PCURVE('',#4185,#8456);
#8456 = DEFINITIONAL_REPRESENTATION('',(#8457),#8460);
#8457 = B_SPLINE_CURVE_WITH_KNOTS('',1,(#8458,#8459),.UNSPECIFIED.,.F.,
  .F.,(2,2),(-28.25,-6.25),.PIECEWISE_BEZIER_KNOTS.);
#8458 = CARTESIAN_POINT('',(34.5,91.));
#8459 = CARTESIAN_POINT('',(12.5,91.));
#8460 = ( GEOMETRIC_REPRESENTATION_CONTEXT(2) 
PARAMETRIC_REPRESENTATION_CONTEXT() REPRESENTATION_CONTEXT('2D SPACE',''
  ) );
#8461 = PCURVE('',#8462,#8467);
#8462 = PLANE('',#8463);
#8463 = AXIS2_PLACEMENT_3D('',#8464,#8465,#8466);
#8464 = CARTESIAN_POINT('',(19.,97.,-12.));
#8465 = DIRECTION('',(0.,1.,0.));
#8466 = DIRECTION('',(0.,0.,1.));
#8467 = DEFINITIONAL_REPRESENTATION('',(#8468),#8471);
#8468 = B_SPLINE_CURVE_WITH_KNOTS('',1,(#8469,#8470),.UNSPECIFIED.,.F.,
  .F.,(2,2),(-28.25,-6.25),.PIECEWISE_BEZIER_KNOTS.);
#8469 = CARTESIAN_POINT('',(5.3,22.));
#8470 = CARTESIAN_POINT('',(5.3,0.));
#8471 = ( GEOMETRIC_REPRESENTATION_CONTEXT(2) 
PARAMETRIC_REPRESENTATION_CONTEXT() REPRESENTATION_CONTEXT('2D SPACE',''
  ) );
#8472 = ORIENTED_EDGE('',*,*,#8473,.T.);
#8473 = EDGE_CURVE('',#8446,#8474,#8476,.T.);
#8474 = VERTEX_POINT('',#8475);
#8475 = CARTESIAN_POINT('',(49.,89.,-6.7));
#8476 = SURFACE_CURVE('',#8477,(#8482,#8493),.PCURVE_S1.);
#8477 = CIRCLE('',#8478,8.);
#8478 = AXIS2_PLACEMENT_3D('',#8479,#8480,#8481);
#8479 = CARTESIAN_POINT('',(41.,89.,-6.7));
#8480 = DIRECTION('',(0.,0.,-1.));
#8481 = DIRECTION('',(1.,0.,0.));
#8482 = PCURVE('',#4185,#8483);
#8483 = DEFINITIONAL_REPRESENTATION('',(#8484),#8492);
#8484 = ( BOUNDED_CURVE() B_SPLINE_CURVE(2,(#8485,#8486,#8487,#8488,
#8489,#8490,#8491),.UNSPECIFIED.,.T.,.F.) B_SPLINE_CURVE_WITH_KNOTS((1,2
    ,2,2,2,1),(-2.094395102393,0.,2.094395102393,4.188790204786,
6.28318530718,8.377580409573),.UNSPECIFIED.) CURVE() 
GEOMETRIC_REPRESENTATION_ITEM() RATIONAL_B_SPLINE_CURVE((1.,0.5,1.,0.5,
1.,0.5,1.)) REPRESENTATION_ITEM('') );
#8485 = CARTESIAN_POINT('',(42.5,83.));
#8486 = CARTESIAN_POINT('',(42.5,69.143593539449));
#8487 = CARTESIAN_POINT('',(30.5,76.071796769724));
#8488 = CARTESIAN_POINT('',(18.5,83.));
#8489 = CARTESIAN_POINT('',(30.5,89.928203230276));
#8490 = CARTESIAN_POINT('',(42.5,96.856406460551));
#8491 = CARTESIAN_POINT('',(42.5,83.));
#8492 = ( GEOMETRIC_REPRESENTATION_CONTEXT(2) 
PARAMETRIC_REPRESENTATION_CONTEXT() REPRESENTATION_CONTEXT('2D SPACE',''
  ) );
#8493 = PCURVE('',#8494,#8499);
#8494 = CYLINDRICAL_SURFACE('',#8495,8.);
#8495 = AXIS2_PLACEMENT_3D('',#8496,#8497,#8498);
#8496 = CARTESIAN_POINT('',(41.,89.,-12.));
#8497 = DIRECTION('',(-0.,-0.,-1.));
#8498 = DIRECTION('',(1.,0.,0.));
#8499 = DEFINITIONAL_REPRESENTATION('',(#8500),#8504);
#8500 = LINE('',#8501,#8502);
#8501 = CARTESIAN_POINT('',(-6.28318530718,-5.3));
#8502 = VECTOR('',#8503,1.);
#8503 = DIRECTION('',(1.,-0.));
#8504 = ( GEOMETRIC_REPRESENTATION_CONTEXT(2) 
PARAMETRIC_REPRESENTATION_CONTEXT() REPRESENTATION_CONTEXT('2D SPACE',''
  ) );
#8505 = ORIENTED_EDGE('',*,*,#8506,.F.);
#8506 = EDGE_CURVE('',#8507,#8474,#8509,.T.);
#8507 = VERTEX_POINT('',#8508);
#8508 = CARTESIAN_POINT('',(49.,51.,-6.7));
#8509 = SURFACE_CURVE('',#8510,(#8514,#8520),.PCURVE_S1.);
#8510 = LINE('',#8511,#8512);
#8511 = CARTESIAN_POINT('',(49.,28.5,-6.7));
#8512 = VECTOR('',#8513,1.);
#8513 = DIRECTION('',(0.,1.,0.));
#8514 = PCURVE('',#4185,#8515);
#8515 = DEFINITIONAL_REPRESENTATION('',(#8516),#8519);
#8516 = B_SPLINE_CURVE_WITH_KNOTS('',1,(#8517,#8518),.UNSPECIFIED.,.F.,
  .F.,(2,2),(22.5,60.5),.PIECEWISE_BEZIER_KNOTS.);
#8517 = CARTESIAN_POINT('',(42.5,45.));
#8518 = CARTESIAN_POINT('',(42.5,83.));
#8519 = ( GEOMETRIC_REPRESENTATION_CONTEXT(2) 
PARAMETRIC_REPRESENTATION_CONTEXT() REPRESENTATION_CONTEXT('2D SPACE',''
  ) );
#8520 = PCURVE('',#8521,#8526);
#8521 = PLANE('',#8522);
#8522 = AXIS2_PLACEMENT_3D('',#8523,#8524,#8525);
#8523 = CARTESIAN_POINT('',(49.,51.,-12.));
#8524 = DIRECTION('',(1.,0.,0.));
#8525 = DIRECTION('',(0.,0.,1.));
#8526 = DEFINITIONAL_REPRESENTATION('',(#8527),#8530);
#8527 = B_SPLINE_CURVE_WITH_KNOTS('',1,(#8528,#8529),.UNSPECIFIED.,.F.,
  .F.,(2,2),(22.5,60.5),.PIECEWISE_BEZIER_KNOTS.);
#8528 = CARTESIAN_POINT('',(5.3,0.));
#8529 = CARTESIAN_POINT('',(5.3,-38.));
#8530 = ( GEOMETRIC_REPRESENTATION_CONTEXT(2) 
PARAMETRIC_REPRESENTATION_CONTEXT() REPRESENTATION_CONTEXT('2D SPACE',''
  ) );
#8531 = ORIENTED_EDGE('',*,*,#8532,.T.);
#8532 = EDGE_CURVE('',#8507,#8533,#8535,.T.);
#8533 = VERTEX_POINT('',#8534);
#8534 = CARTESIAN_POINT('',(41.,43.,-6.7));
#8535 = SURFACE_CURVE('',#8536,(#8541,#8552),.PCURVE_S1.);
#8536 = CIRCLE('',#8537,8.);
#8537 = AXIS2_PLACEMENT_3D('',#8538,#8539,#8540);
#8538 = CARTESIAN_POINT('',(41.,51.,-6.7));
#8539 = DIRECTION('',(0.,0.,-1.));
#8540 = DIRECTION('',(1.,0.,0.));
#8541 = PCURVE('',#4185,#8542);
#8542 = DEFINITIONAL_REPRESENTATION('',(#8543),#8551);
#8543 = ( BOUNDED_CURVE() B_SPLINE_CURVE(2,(#8544,#8545,#8546,#8547,
#8548,#8549,#8550),.UNSPECIFIED.,.T.,.F.) B_SPLINE_CURVE_WITH_KNOTS((1,2
    ,2,2,2,1),(-2.094395102393,0.,2.094395102393,4.188790204786,
6.28318530718,8.377580409573),.UNSPECIFIED.) CURVE() 
GEOMETRIC_REPRESENTATION_ITEM() RATIONAL_B_SPLINE_CURVE((1.,0.5,1.,0.5,
1.,0.5,1.)) REPRESENTATION_ITEM('') );
#8544 = CARTESIAN_POINT('',(42.5,45.));
#8545 = CARTESIAN_POINT('',(42.5,31.143593539449));
#8546 = CARTESIAN_POINT('',(30.5,38.071796769724));
#8547 = CARTESIAN_POINT('',(18.5,45.));
#8548 = CARTESIAN_POINT('',(30.5,51.928203230276));
#8549 = CARTESIAN_POINT('',(42.5,58.856406460551));
#8550 = CARTESIAN_POINT('',(42.5,45.));
#8551 = ( GEOMETRIC_REPRESENTATION_CONTEXT(2) 
PARAMETRIC_REPRESENTATION_CONTEXT() REPRESENTATION_CONTEXT('2D SPACE',''
  ) );
#8552 = PCURVE('',#8553,#8558);
#8553 = CYLINDRICAL_SURFACE('',#8554,8.);
#8554 = AXIS2_PLACEMENT_3D('',#8555,#8556,#8557);
#8555 = CARTESIAN_POINT('',(41.,51.,-12.));
#8556 = DIRECTION('',(-0.,-0.,-1.));
#8557 = DIRECTION('',(1.,0.,0.));
#8558 = DEFINITIONAL_REPRESENTATION('',(#8559),#8563);
#8559 = LINE('',#8560,#8561);
#8560 = CARTESIAN_POINT('',(-6.28318530718,-5.3));
#8561 = VECTOR('',#8562,1.);
#8562 = DIRECTION('',(1.,-0.));
#8563 = ( GEOMETRIC_REPRESENTATION_CONTEXT(2) 
PARAMETRIC_REPRESENTATION_CONTEXT() REPRESENTATION_CONTEXT('2D SPACE',''
  ) );
#8564 = ORIENTED_EDGE('',*,*,#8565,.T.);
#8565 = EDGE_CURVE('',#8533,#8566,#8568,.T.);
#8566 = VERTEX_POINT('',#8567);
#8567 = CARTESIAN_POINT('',(19.,43.,-6.7));
#8568 = SURFACE_CURVE('',#8569,(#8573,#8579),.PCURVE_S1.);
#8569 = LINE('',#8570,#8571);
#8570 = CARTESIAN_POINT('',(12.75,43.,-6.7));
#8571 = VECTOR('',#8572,1.);
#8572 = DIRECTION('',(-1.,0.,0.));
#8573 = PCURVE('',#4185,#8574);
#8574 = DEFINITIONAL_REPRESENTATION('',(#8575),#8578);
#8575 = B_SPLINE_CURVE_WITH_KNOTS('',1,(#8576,#8577),.UNSPECIFIED.,.F.,
  .F.,(2,2),(-28.25,-6.25),.PIECEWISE_BEZIER_KNOTS.);
#8576 = CARTESIAN_POINT('',(34.5,37.));
#8577 = CARTESIAN_POINT('',(12.5,37.));
#8578 = ( GEOMETRIC_REPRESENTATION_CONTEXT(2) 
PARAMETRIC_REPRESENTATION_CONTEXT() REPRESENTATION_CONTEXT('2D SPACE',''
  ) );
#8579 = PCURVE('',#8580,#8585);
#8580 = PLANE('',#8581);
#8581 = AXIS2_PLACEMENT_3D('',#8582,#8583,#8584);
#8582 = CARTESIAN_POINT('',(19.,43.,-12.));
#8583 = DIRECTION('',(0.,1.,0.));
#8584 = DIRECTION('',(0.,0.,1.));
#8585 = DEFINITIONAL_REPRESENTATION('',(#8586),#8589);
#8586 = B_SPLINE_CURVE_WITH_KNOTS('',1,(#8587,#8588),.UNSPECIFIED.,.F.,
  .F.,(2,2),(-28.25,-6.25),.PIECEWISE_BEZIER_KNOTS.);
#8587 = CARTESIAN_POINT('',(5.3,22.));
#8588 = CARTESIAN_POINT('',(5.3,0.));
#8589 = ( GEOMETRIC_REPRESENTATION_CONTEXT(2) 
PARAMETRIC_REPRESENTATION_CONTEXT() REPRESENTATION_CONTEXT('2D SPACE',''
  ) );
#8590 = ORIENTED_EDGE('',*,*,#8591,.T.);
#8591 = EDGE_CURVE('',#8566,#8592,#8594,.T.);
#8592 = VERTEX_POINT('',#8593);
#8593 = CARTESIAN_POINT('',(11.,51.,-6.7));
#8594 = SURFACE_CURVE('',#8595,(#8600,#8611),.PCURVE_S1.);
#8595 = CIRCLE('',#8596,8.);
#8596 = AXIS2_PLACEMENT_3D('',#8597,#8598,#8599);
#8597 = CARTESIAN_POINT('',(19.,51.,-6.7));
#8598 = DIRECTION('',(0.,0.,-1.));
#8599 = DIRECTION('',(1.,0.,0.));
#8600 = PCURVE('',#4185,#8601);
#8601 = DEFINITIONAL_REPRESENTATION('',(#8602),#8610);
#8602 = ( BOUNDED_CURVE() B_SPLINE_CURVE(2,(#8603,#8604,#8605,#8606,
#8607,#8608,#8609),.UNSPECIFIED.,.T.,.F.) B_SPLINE_CURVE_WITH_KNOTS((1,2
    ,2,2,2,1),(-2.094395102393,0.,2.094395102393,4.188790204786,
6.28318530718,8.377580409573),.UNSPECIFIED.) CURVE() 
GEOMETRIC_REPRESENTATION_ITEM() RATIONAL_B_SPLINE_CURVE((1.,0.5,1.,0.5,
1.,0.5,1.)) REPRESENTATION_ITEM('') );
#8603 = CARTESIAN_POINT('',(20.5,45.));
#8604 = CARTESIAN_POINT('',(20.5,31.143593539449));
#8605 = CARTESIAN_POINT('',(8.5,38.071796769724));
#8606 = CARTESIAN_POINT('',(-3.5,45.));
#8607 = CARTESIAN_POINT('',(8.5,51.928203230276));
#8608 = CARTESIAN_POINT('',(20.5,58.856406460551));
#8609 = CARTESIAN_POINT('',(20.5,45.));
#8610 = ( GEOMETRIC_REPRESENTATION_CONTEXT(2) 
PARAMETRIC_REPRESENTATION_CONTEXT() REPRESENTATION_CONTEXT('2D SPACE',''
  ) );
#8611 = PCURVE('',#8612,#8617);
#8612 = CYLINDRICAL_SURFACE('',#8613,8.);
#8613 = AXIS2_PLACEMENT_3D('',#8614,#8615,#8616);
#8614 = CARTESIAN_POINT('',(19.,51.,-12.));
#8615 = DIRECTION('',(-0.,-0.,-1.));
#8616 = DIRECTION('',(1.,0.,0.));
#8617 = DEFINITIONAL_REPRESENTATION('',(#8618),#8622);
#8618 = LINE('',#8619,#8620);
#8619 = CARTESIAN_POINT('',(-6.28318530718,-5.3));
#8620 = VECTOR('',#8621,1.);
#8621 = DIRECTION('',(1.,-0.));
#8622 = ( GEOMETRIC_REPRESENTATION_CONTEXT(2) 
PARAMETRIC_REPRESENTATION_CONTEXT() REPRESENTATION_CONTEXT('2D SPACE',''
  ) );
#8623 = ORIENTED_EDGE('',*,*,#8624,.T.);
#8624 = EDGE_CURVE('',#8592,#8625,#8627,.T.);
#8625 = VERTEX_POINT('',#8626);
#8626 = CARTESIAN_POINT('',(11.,89.,-6.7));
#8627 = SURFACE_CURVE('',#8628,(#8632,#8638),.PCURVE_S1.);
#8628 = LINE('',#8629,#8630);
#8629 = CARTESIAN_POINT('',(11.,28.5,-6.7));
#8630 = VECTOR('',#8631,1.);
#8631 = DIRECTION('',(0.,1.,0.));
#8632 = PCURVE('',#4185,#8633);
#8633 = DEFINITIONAL_REPRESENTATION('',(#8634),#8637);
#8634 = B_SPLINE_CURVE_WITH_KNOTS('',1,(#8635,#8636),.UNSPECIFIED.,.F.,
  .F.,(2,2),(22.5,60.5),.PIECEWISE_BEZIER_KNOTS.);
#8635 = CARTESIAN_POINT('',(4.5,45.));
#8636 = CARTESIAN_POINT('',(4.5,83.));
#8637 = ( GEOMETRIC_REPRESENTATION_CONTEXT(2) 
PARAMETRIC_REPRESENTATION_CONTEXT() REPRESENTATION_CONTEXT('2D SPACE',''
  ) );
#8638 = PCURVE('',#8639,#8644);
#8639 = PLANE('',#8640);
#8640 = AXIS2_PLACEMENT_3D('',#8641,#8642,#8643);
#8641 = CARTESIAN_POINT('',(11.,51.,-12.));
#8642 = DIRECTION('',(1.,0.,0.));
#8643 = DIRECTION('',(0.,0.,1.));
#8644 = DEFINITIONAL_REPRESENTATION('',(#8645),#8648);
#8645 = B_SPLINE_CURVE_WITH_KNOTS('',1,(#8646,#8647),.UNSPECIFIED.,.F.,
  .F.,(2,2),(22.5,60.5),.PIECEWISE_BEZIER_KNOTS.);
#8646 = CARTESIAN_POINT('',(5.3,0.));
#8647 = CARTESIAN_POINT('',(5.3,-38.));
#8648 = ( GEOMETRIC_REPRESENTATION_CONTEXT(2) 
PARAMETRIC_REPRESENTATION_CONTEXT() REPRESENTATION_CONTEXT('2D SPACE',''
  ) );
#8649 = ORIENTED_EDGE('',*,*,#8650,.T.);
#8650 = EDGE_CURVE('',#8625,#8448,#8651,.T.);
#8651 = SURFACE_CURVE('',#8652,(#8657,#8668),.PCURVE_S1.);
#8652 = CIRCLE('',#8653,8.);
#8653 = AXIS2_PLACEMENT_3D('',#8654,#8655,#8656);
#8654 = CARTESIAN_POINT('',(19.,89.,-6.7));
#8655 = DIRECTION('',(0.,0.,-1.));
#8656 = DIRECTION('',(1.,0.,0.));
#8657 = PCURVE('',#4185,#8658);
#8658 = DEFINITIONAL_REPRESENTATION('',(#8659),#8667);
#8659 = ( BOUNDED_CURVE() B_SPLINE_CURVE(2,(#8660,#8661,#8662,#8663,
#8664,#8665,#8666),.UNSPECIFIED.,.T.,.F.) B_SPLINE_CURVE_WITH_KNOTS((1,2
    ,2,2,2,1),(-2.094395102393,0.,2.094395102393,4.188790204786,
6.28318530718,8.377580409573),.UNSPECIFIED.) CURVE() 
GEOMETRIC_REPRESENTATION_ITEM() RATIONAL_B_SPLINE_CURVE((1.,0.5,1.,0.5,
1.,0.5,1.)) REPRESENTATION_ITEM('') );
#8660 = CARTESIAN_POINT('',(20.5,83.));
#8661 = CARTESIAN_POINT('',(20.5,69.143593539449));
#8662 = CARTESIAN_POINT('',(8.5,76.071796769724));
#8663 = CARTESIAN_POINT('',(-3.5,83.));
#8664 = CARTESIAN_POINT('',(8.5,89.928203230276));
#8665 = CARTESIAN_POINT('',(20.5,96.856406460551));
#8666 = CARTESIAN_POINT('',(20.5,83.));
#8667 = ( GEOMETRIC_REPRESENTATION_CONTEXT(2) 
PARAMETRIC_REPRESENTATION_CONTEXT() REPRESENTATION_CONTEXT('2D SPACE',''
  ) );
#8668 = PCURVE('',#8669,#8674);
#8669 = CYLINDRICAL_SURFACE('',#8670,8.);
#8670 = AXIS2_PLACEMENT_3D('',#8671,#8672,#8673);
#8671 = CARTESIAN_POINT('',(19.,89.,-12.));
#8672 = DIRECTION('',(-0.,-0.,-1.));
#8673 = DIRECTION('',(1.,0.,0.));
#8674 = DEFINITIONAL_REPRESENTATION('',(#8675),#8679);
#8675 = LINE('',#8676,#8677);
#8676 = CARTESIAN_POINT('',(-6.28318530718,-5.3));
#8677 = VECTOR('',#8678,1.);
#8678 = DIRECTION('',(1.,-0.));
#8679 = ( GEOMETRIC_REPRESENTATION_CONTEXT(2) 
PARAMETRIC_REPRESENTATION_CONTEXT() REPRESENTATION_CONTEXT('2D SPACE',''
  ) );
#8680 = FACE_BOUND('',#8681,.T.);
#8681 = EDGE_LOOP('',(#8682));
#8682 = ORIENTED_EDGE('',*,*,#8683,.T.);
#8683 = EDGE_CURVE('',#8684,#8684,#8686,.T.);
#8684 = VERTEX_POINT('',#8685);
#8685 = CARTESIAN_POINT('',(9.,99.,-6.7));
#8686 = SURFACE_CURVE('',#8687,(#8692,#8703),.PCURVE_S1.);
#8687 = CIRCLE('',#8688,3.);
#8688 = AXIS2_PLACEMENT_3D('',#8689,#8690,#8691);
#8689 = CARTESIAN_POINT('',(6.,99.,-6.7));
#8690 = DIRECTION('',(0.,0.,-1.));
#8691 = DIRECTION('',(1.,0.,0.));
#8692 = PCURVE('',#4185,#8693);
#8693 = DEFINITIONAL_REPRESENTATION('',(#8694),#8702);
#8694 = ( BOUNDED_CURVE() B_SPLINE_CURVE(2,(#8695,#8696,#8697,#8698,
#8699,#8700,#8701),.UNSPECIFIED.,.T.,.F.) B_SPLINE_CURVE_WITH_KNOTS((1,2
    ,2,2,2,1),(-2.094395102393,0.,2.094395102393,4.188790204786,
6.28318530718,8.377580409573),.UNSPECIFIED.) CURVE() 
GEOMETRIC_REPRESENTATION_ITEM() RATIONAL_B_SPLINE_CURVE((1.,0.5,1.,0.5,
1.,0.5,1.)) REPRESENTATION_ITEM('') );
#8695 = CARTESIAN_POINT('',(2.5,93.));
#8696 = CARTESIAN_POINT('',(2.5,87.803847577293));
#8697 = CARTESIAN_POINT('',(-2.,90.401923788647));
#8698 = CARTESIAN_POINT('',(-6.5,93.));
#8699 = CARTESIAN_POINT('',(-2.,95.598076211353));
#8700 = CARTESIAN_POINT('',(2.5,98.196152422707));
#8701 = CARTESIAN_POINT('',(2.5,93.));
#8702 = ( GEOMETRIC_REPRESENTATION_CONTEXT(2) 
PARAMETRIC_REPRESENTATION_CONTEXT() REPRESENTATION_CONTEXT('2D SPACE',''
  ) );
#8703 = PCURVE('',#8704,#8709);
#8704 = CYLINDRICAL_SURFACE('',#8705,3.);
#8705 = AXIS2_PLACEMENT_3D('',#8706,#8707,#8708);
#8706 = CARTESIAN_POINT('',(6.,99.,-7.));
#8707 = DIRECTION('',(-0.,-0.,-1.));
#8708 = DIRECTION('',(1.,0.,0.));
#8709 = DEFINITIONAL_REPRESENTATION('',(#8710),#8714);
#8710 = LINE('',#8711,#8712);
#8711 = CARTESIAN_POINT('',(-6.28318530718,-0.3));
#8712 = VECTOR('',#8713,1.);
#8713 = DIRECTION('',(1.,-0.));
#8714 = ( GEOMETRIC_REPRESENTATION_CONTEXT(2) 
PARAMETRIC_REPRESENTATION_CONTEXT() REPRESENTATION_CONTEXT('2D SPACE',''
  ) );
#8715 = FACE_BOUND('',#8716,.T.);
#8716 = EDGE_LOOP('',(#8717));
#8717 = ORIENTED_EDGE('',*,*,#8718,.T.);
#8718 = EDGE_CURVE('',#8719,#8719,#8721,.T.);
#8719 = VERTEX_POINT('',#8720);
#8720 = CARTESIAN_POINT('',(57.,99.,-6.7));
#8721 = SURFACE_CURVE('',#8722,(#8727,#8738),.PCURVE_S1.);
#8722 = CIRCLE('',#8723,3.);
#8723 = AXIS2_PLACEMENT_3D('',#8724,#8725,#8726);
#8724 = CARTESIAN_POINT('',(54.,99.,-6.7));
#8725 = DIRECTION('',(0.,0.,-1.));
#8726 = DIRECTION('',(1.,0.,0.));
#8727 = PCURVE('',#4185,#8728);
#8728 = DEFINITIONAL_REPRESENTATION('',(#8729),#8737);
#8729 = ( BOUNDED_CURVE() B_SPLINE_CURVE(2,(#8730,#8731,#8732,#8733,
#8734,#8735,#8736),.UNSPECIFIED.,.T.,.F.) B_SPLINE_CURVE_WITH_KNOTS((1,2
    ,2,2,2,1),(-2.094395102393,0.,2.094395102393,4.188790204786,
6.28318530718,8.377580409573),.UNSPECIFIED.) CURVE() 
GEOMETRIC_REPRESENTATION_ITEM() RATIONAL_B_SPLINE_CURVE((1.,0.5,1.,0.5,
1.,0.5,1.)) REPRESENTATION_ITEM('') );
#8730 = CARTESIAN_POINT('',(50.5,93.));
#8731 = CARTESIAN_POINT('',(50.5,87.803847577293));
#8732 = CARTESIAN_POINT('',(46.,90.401923788647));
#8733 = CARTESIAN_POINT('',(41.5,93.));
#8734 = CARTESIAN_POINT('',(46.,95.598076211353));
#8735 = CARTESIAN_POINT('',(50.5,98.196152422707));
#8736 = CARTESIAN_POINT('',(50.5,93.));
#8737 = ( GEOMETRIC_REPRESENTATION_CONTEXT(2) 
PARAMETRIC_REPRESENTATION_CONTEXT() REPRESENTATION_CONTEXT('2D SPACE',''
  ) );
#8738 = PCURVE('',#8739,#8744);
#8739 = CYLINDRICAL_SURFACE('',#8740,3.);
#8740 = AXIS2_PLACEMENT_3D('',#8741,#8742,#8743);
#8741 = CARTESIAN_POINT('',(54.,99.,-7.));
#8742 = DIRECTION('',(-0.,-0.,-1.));
#8743 = DIRECTION('',(1.,0.,0.));
#8744 = DEFINITIONAL_REPRESENTATION('',(#8745),#8749);
#8745 = LINE('',#8746,#8747);
#8746 = CARTESIAN_POINT('',(-6.28318530718,-0.3));
#8747 = VECTOR('',#8748,1.);
#8748 = DIRECTION('',(1.,-0.));
#8749 = ( GEOMETRIC_REPRESENTATION_CONTEXT(2) 
PARAMETRIC_REPRESENTATION_CONTEXT() REPRESENTATION_CONTEXT('2D SPACE',''
  ) );
#8750 = ADVANCED_FACE('',(#8751),#4658,.T.);
#8751 = FACE_BOUND('',#8752,.T.);
#8752 = EDGE_LOOP('',(#8753,#8777,#8805,#8834,#8862,#8891,#8919,#8941));
#8753 = ORIENTED_EDGE('',*,*,#8754,.T.);
#8754 = EDGE_CURVE('',#4642,#8755,#8757,.T.);
#8755 = VERTEX_POINT('',#8756);
#8756 = CARTESIAN_POINT('',(62.3,28.5,-8.E-02));
#8757 = SURFACE_CURVE('',#8758,(#8763,#8770),.PCURVE_S1.);
#8758 = CIRCLE('',#8759,0.7);
#8759 = AXIS2_PLACEMENT_3D('',#8760,#8761,#8762);
#8760 = CARTESIAN_POINT('',(62.3,27.8,-8.E-02));
#8761 = DIRECTION('',(0.,0.,1.));
#8762 = DIRECTION('',(1.,0.,0.));
#8763 = PCURVE('',#4658,#8764);
#8764 = DEFINITIONAL_REPRESENTATION('',(#8765),#8769);
#8765 = CIRCLE('',#8766,0.7);
#8766 = AXIS2_PLACEMENT_2D('',#8767,#8768);
#8767 = CARTESIAN_POINT('',(5.,16.3));
#8768 = DIRECTION('',(1.,0.));
#8769 = ( GEOMETRIC_REPRESENTATION_CONTEXT(2) 
PARAMETRIC_REPRESENTATION_CONTEXT() REPRESENTATION_CONTEXT('2D SPACE',''
  ) );
#8770 = PCURVE('',#4684,#8771);
#8771 = DEFINITIONAL_REPRESENTATION('',(#8772),#8776);
#8772 = LINE('',#8773,#8774);
#8773 = CARTESIAN_POINT('',(-0.,-0.92));
#8774 = VECTOR('',#8775,1.);
#8775 = DIRECTION('',(-1.,0.));
#8776 = ( GEOMETRIC_REPRESENTATION_CONTEXT(2) 
PARAMETRIC_REPRESENTATION_CONTEXT() REPRESENTATION_CONTEXT('2D SPACE',''
  ) );
#8777 = ORIENTED_EDGE('',*,*,#8778,.F.);
#8778 = EDGE_CURVE('',#8779,#8755,#8781,.T.);
#8779 = VERTEX_POINT('',#8780);
#8780 = CARTESIAN_POINT('',(57.3,28.5,-8.E-02));
#8781 = SURFACE_CURVE('',#8782,(#8786,#8793),.PCURVE_S1.);
#8782 = LINE('',#8783,#8784);
#8783 = CARTESIAN_POINT('',(57.3,28.5,-8.E-02));
#8784 = VECTOR('',#8785,1.);
#8785 = DIRECTION('',(1.,0.,0.));
#8786 = PCURVE('',#4658,#8787);
#8787 = DEFINITIONAL_REPRESENTATION('',(#8788),#8792);
#8788 = LINE('',#8789,#8790);
#8789 = CARTESIAN_POINT('',(0.,17.));
#8790 = VECTOR('',#8791,1.);
#8791 = DIRECTION('',(1.,0.));
#8792 = ( GEOMETRIC_REPRESENTATION_CONTEXT(2) 
PARAMETRIC_REPRESENTATION_CONTEXT() REPRESENTATION_CONTEXT('2D SPACE',''
  ) );
#8793 = PCURVE('',#8794,#8799);
#8794 = PLANE('',#8795);
#8795 = AXIS2_PLACEMENT_3D('',#8796,#8797,#8798);
#8796 = CARTESIAN_POINT('',(57.3,28.5,-1.));
#8797 = DIRECTION('',(0.,1.,0.));
#8798 = DIRECTION('',(0.,0.,1.));
#8799 = DEFINITIONAL_REPRESENTATION('',(#8800),#8804);
#8800 = LINE('',#8801,#8802);
#8801 = CARTESIAN_POINT('',(0.92,0.));
#8802 = VECTOR('',#8803,1.);
#8803 = DIRECTION('',(0.,1.));
#8804 = ( GEOMETRIC_REPRESENTATION_CONTEXT(2) 
PARAMETRIC_REPRESENTATION_CONTEXT() REPRESENTATION_CONTEXT('2D SPACE',''
  ) );
#8805 = ORIENTED_EDGE('',*,*,#8806,.T.);
#8806 = EDGE_CURVE('',#8779,#8807,#8809,.T.);
#8807 = VERTEX_POINT('',#8808);
#8808 = CARTESIAN_POINT('',(56.6,27.8,-8.E-02));
#8809 = SURFACE_CURVE('',#8810,(#8815,#8822),.PCURVE_S1.);
#8810 = CIRCLE('',#8811,0.7);
#8811 = AXIS2_PLACEMENT_3D('',#8812,#8813,#8814);
#8812 = CARTESIAN_POINT('',(57.3,27.8,-8.E-02));
#8813 = DIRECTION('',(0.,0.,1.));
#8814 = DIRECTION('',(1.,0.,0.));
#8815 = PCURVE('',#4658,#8816);
#8816 = DEFINITIONAL_REPRESENTATION('',(#8817),#8821);
#8817 = CIRCLE('',#8818,0.7);
#8818 = AXIS2_PLACEMENT_2D('',#8819,#8820);
#8819 = CARTESIAN_POINT('',(0.,16.3));
#8820 = DIRECTION('',(1.,0.));
#8821 = ( GEOMETRIC_REPRESENTATION_CONTEXT(2) 
PARAMETRIC_REPRESENTATION_CONTEXT() REPRESENTATION_CONTEXT('2D SPACE',''
  ) );
#8822 = PCURVE('',#8823,#8828);
#8823 = CYLINDRICAL_SURFACE('',#8824,0.7);
#8824 = AXIS2_PLACEMENT_3D('',#8825,#8826,#8827);
#8825 = CARTESIAN_POINT('',(57.3,27.8,-1.));
#8826 = DIRECTION('',(-0.,-0.,-1.));
#8827 = DIRECTION('',(1.,0.,0.));
#8828 = DEFINITIONAL_REPRESENTATION('',(#8829),#8833);
#8829 = LINE('',#8830,#8831);
#8830 = CARTESIAN_POINT('',(-0.,-0.92));
#8831 = VECTOR('',#8832,1.);
#8832 = DIRECTION('',(-1.,0.));
#8833 = ( GEOMETRIC_REPRESENTATION_CONTEXT(2) 
PARAMETRIC_REPRESENTATION_CONTEXT() REPRESENTATION_CONTEXT('2D SPACE',''
  ) );
#8834 = ORIENTED_EDGE('',*,*,#8835,.F.);
#8835 = EDGE_CURVE('',#8836,#8807,#8838,.T.);
#8836 = VERTEX_POINT('',#8837);
#8837 = CARTESIAN_POINT('',(56.6,12.2,-8.E-02));
#8838 = SURFACE_CURVE('',#8839,(#8843,#8850),.PCURVE_S1.);
#8839 = LINE('',#8840,#8841);
#8840 = CARTESIAN_POINT('',(56.6,12.2,-8.E-02));
#8841 = VECTOR('',#8842,1.);
#8842 = DIRECTION('',(0.,1.,0.));
#8843 = PCURVE('',#4658,#8844);
#8844 = DEFINITIONAL_REPRESENTATION('',(#8845),#8849);
#8845 = LINE('',#8846,#8847);
#8846 = CARTESIAN_POINT('',(-0.7,0.7));
#8847 = VECTOR('',#8848,1.);
#8848 = DIRECTION('',(0.,1.));
#8849 = ( GEOMETRIC_REPRESENTATION_CONTEXT(2) 
PARAMETRIC_REPRESENTATION_CONTEXT() REPRESENTATION_CONTEXT('2D SPACE',''
  ) );
#8850 = PCURVE('',#8851,#8856);
#8851 = PLANE('',#8852);
#8852 = AXIS2_PLACEMENT_3D('',#8853,#8854,#8855);
#8853 = CARTESIAN_POINT('',(56.6,12.2,-1.));
#8854 = DIRECTION('',(1.,0.,0.));
#8855 = DIRECTION('',(0.,0.,1.));
#8856 = DEFINITIONAL_REPRESENTATION('',(#8857),#8861);
#8857 = LINE('',#8858,#8859);
#8858 = CARTESIAN_POINT('',(0.92,0.));
#8859 = VECTOR('',#8860,1.);
#8860 = DIRECTION('',(0.,-1.));
#8861 = ( GEOMETRIC_REPRESENTATION_CONTEXT(2) 
PARAMETRIC_REPRESENTATION_CONTEXT() REPRESENTATION_CONTEXT('2D SPACE',''
  ) );
#8862 = ORIENTED_EDGE('',*,*,#8863,.T.);
#8863 = EDGE_CURVE('',#8836,#8864,#8866,.T.);
#8864 = VERTEX_POINT('',#8865);
#8865 = CARTESIAN_POINT('',(57.3,11.5,-8.E-02));
#8866 = SURFACE_CURVE('',#8867,(#8872,#8879),.PCURVE_S1.);
#8867 = CIRCLE('',#8868,0.7);
#8868 = AXIS2_PLACEMENT_3D('',#8869,#8870,#8871);
#8869 = CARTESIAN_POINT('',(57.3,12.2,-8.E-02));
#8870 = DIRECTION('',(0.,0.,1.));
#8871 = DIRECTION('',(1.,0.,0.));
#8872 = PCURVE('',#4658,#8873);
#8873 = DEFINITIONAL_REPRESENTATION('',(#8874),#8878);
#8874 = CIRCLE('',#8875,0.7);
#8875 = AXIS2_PLACEMENT_2D('',#8876,#8877);
#8876 = CARTESIAN_POINT('',(0.,0.7));
#8877 = DIRECTION('',(1.,0.));
#8878 = ( GEOMETRIC_REPRESENTATION_CONTEXT(2) 
PARAMETRIC_REPRESENTATION_CONTEXT() REPRESENTATION_CONTEXT('2D SPACE',''
  ) );
#8879 = PCURVE('',#8880,#8885);
#8880 = CYLINDRICAL_SURFACE('',#8881,0.7);
#8881 = AXIS2_PLACEMENT_3D('',#8882,#8883,#8884);
#8882 = CARTESIAN_POINT('',(57.3,12.2,-1.));
#8883 = DIRECTION('',(-0.,-0.,-1.));
#8884 = DIRECTION('',(1.,0.,0.));
#8885 = DEFINITIONAL_REPRESENTATION('',(#8886),#8890);
#8886 = LINE('',#8887,#8888);
#8887 = CARTESIAN_POINT('',(-0.,-0.92));
#8888 = VECTOR('',#8889,1.);
#8889 = DIRECTION('',(-1.,0.));
#8890 = ( GEOMETRIC_REPRESENTATION_CONTEXT(2) 
PARAMETRIC_REPRESENTATION_CONTEXT() REPRESENTATION_CONTEXT('2D SPACE',''
  ) );
#8891 = ORIENTED_EDGE('',*,*,#8892,.T.);
#8892 = EDGE_CURVE('',#8864,#8893,#8895,.T.);
#8893 = VERTEX_POINT('',#8894);
#8894 = CARTESIAN_POINT('',(62.3,11.5,-8.E-02));
#8895 = SURFACE_CURVE('',#8896,(#8900,#8907),.PCURVE_S1.);
#8896 = LINE('',#8897,#8898);
#8897 = CARTESIAN_POINT('',(57.3,11.5,-8.E-02));
#8898 = VECTOR('',#8899,1.);
#8899 = DIRECTION('',(1.,0.,0.));
#8900 = PCURVE('',#4658,#8901);
#8901 = DEFINITIONAL_REPRESENTATION('',(#8902),#8906);
#8902 = LINE('',#8903,#8904);
#8903 = CARTESIAN_POINT('',(0.,0.));
#8904 = VECTOR('',#8905,1.);
#8905 = DIRECTION('',(1.,0.));
#8906 = ( GEOMETRIC_REPRESENTATION_CONTEXT(2) 
PARAMETRIC_REPRESENTATION_CONTEXT() REPRESENTATION_CONTEXT('2D SPACE',''
  ) );
#8907 = PCURVE('',#8908,#8913);
#8908 = PLANE('',#8909);
#8909 = AXIS2_PLACEMENT_3D('',#8910,#8911,#8912);
#8910 = CARTESIAN_POINT('',(57.3,11.5,-1.));
#8911 = DIRECTION('',(0.,1.,0.));
#8912 = DIRECTION('',(0.,0.,1.));
#8913 = DEFINITIONAL_REPRESENTATION('',(#8914),#8918);
#8914 = LINE('',#8915,#8916);
#8915 = CARTESIAN_POINT('',(0.92,0.));
#8916 = VECTOR('',#8917,1.);
#8917 = DIRECTION('',(0.,1.));
#8918 = ( GEOMETRIC_REPRESENTATION_CONTEXT(2) 
PARAMETRIC_REPRESENTATION_CONTEXT() REPRESENTATION_CONTEXT('2D SPACE',''
  ) );
#8919 = ORIENTED_EDGE('',*,*,#8920,.T.);
#8920 = EDGE_CURVE('',#8893,#4644,#8921,.T.);
#8921 = SURFACE_CURVE('',#8922,(#8927,#8934),.PCURVE_S1.);
#8922 = CIRCLE('',#8923,0.7);
#8923 = AXIS2_PLACEMENT_3D('',#8924,#8925,#8926);
#8924 = CARTESIAN_POINT('',(62.3,12.2,-8.E-02));
#8925 = DIRECTION('',(0.,0.,1.));
#8926 = DIRECTION('',(1.,0.,0.));
#8927 = PCURVE('',#4658,#8928);
#8928 = DEFINITIONAL_REPRESENTATION('',(#8929),#8933);
#8929 = CIRCLE('',#8930,0.7);
#8930 = AXIS2_PLACEMENT_2D('',#8931,#8932);
#8931 = CARTESIAN_POINT('',(5.,0.7));
#8932 = DIRECTION('',(1.,0.));
#8933 = ( GEOMETRIC_REPRESENTATION_CONTEXT(2) 
PARAMETRIC_REPRESENTATION_CONTEXT() REPRESENTATION_CONTEXT('2D SPACE',''
  ) );
#8934 = PCURVE('',#4734,#8935);
#8935 = DEFINITIONAL_REPRESENTATION('',(#8936),#8940);
#8936 = LINE('',#8937,#8938);
#8937 = CARTESIAN_POINT('',(-0.,-0.92));
#8938 = VECTOR('',#8939,1.);
#8939 = DIRECTION('',(-1.,0.));
#8940 = ( GEOMETRIC_REPRESENTATION_CONTEXT(2) 
PARAMETRIC_REPRESENTATION_CONTEXT() REPRESENTATION_CONTEXT('2D SPACE',''
  ) );
#8941 = ORIENTED_EDGE('',*,*,#4641,.F.);
#8942 = ADVANCED_FACE('',(#8943),#4684,.T.);
#8943 = FACE_BOUND('',#8944,.F.);
#8944 = EDGE_LOOP('',(#8945,#8969,#8970,#8971));
#8945 = ORIENTED_EDGE('',*,*,#8946,.F.);
#8946 = EDGE_CURVE('',#4670,#8947,#8949,.T.);
#8947 = VERTEX_POINT('',#8948);
#8948 = CARTESIAN_POINT('',(62.3,28.5,-1.));
#8949 = SURFACE_CURVE('',#8950,(#8955,#8962),.PCURVE_S1.);
#8950 = CIRCLE('',#8951,0.7);
#8951 = AXIS2_PLACEMENT_3D('',#8952,#8953,#8954);
#8952 = CARTESIAN_POINT('',(62.3,27.8,-1.));
#8953 = DIRECTION('',(0.,0.,1.));
#8954 = DIRECTION('',(1.,0.,0.));
#8955 = PCURVE('',#4684,#8956);
#8956 = DEFINITIONAL_REPRESENTATION('',(#8957),#8961);
#8957 = LINE('',#8958,#8959);
#8958 = CARTESIAN_POINT('',(-0.,0.));
#8959 = VECTOR('',#8960,1.);
#8960 = DIRECTION('',(-1.,0.));
#8961 = ( GEOMETRIC_REPRESENTATION_CONTEXT(2) 
PARAMETRIC_REPRESENTATION_CONTEXT() REPRESENTATION_CONTEXT('2D SPACE',''
  ) );
#8962 = PCURVE('',#4710,#8963);
#8963 = DEFINITIONAL_REPRESENTATION('',(#8964),#8968);
#8964 = CIRCLE('',#8965,0.7);
#8965 = AXIS2_PLACEMENT_2D('',#8966,#8967);
#8966 = CARTESIAN_POINT('',(5.,15.6));
#8967 = DIRECTION('',(1.,0.));
#8968 = ( GEOMETRIC_REPRESENTATION_CONTEXT(2) 
PARAMETRIC_REPRESENTATION_CONTEXT() REPRESENTATION_CONTEXT('2D SPACE',''
  ) );
#8969 = ORIENTED_EDGE('',*,*,#4669,.F.);
#8970 = ORIENTED_EDGE('',*,*,#8754,.T.);
#8971 = ORIENTED_EDGE('',*,*,#8972,.F.);
#8972 = EDGE_CURVE('',#8947,#8755,#8973,.T.);
#8973 = SURFACE_CURVE('',#8974,(#8978,#8985),.PCURVE_S1.);
#8974 = LINE('',#8975,#8976);
#8975 = CARTESIAN_POINT('',(62.3,28.5,-1.));
#8976 = VECTOR('',#8977,1.);
#8977 = DIRECTION('',(0.,0.,1.));
#8978 = PCURVE('',#4684,#8979);
#8979 = DEFINITIONAL_REPRESENTATION('',(#8980),#8984);
#8980 = LINE('',#8981,#8982);
#8981 = CARTESIAN_POINT('',(-1.570796326795,0.));
#8982 = VECTOR('',#8983,1.);
#8983 = DIRECTION('',(-0.,-1.));
#8984 = ( GEOMETRIC_REPRESENTATION_CONTEXT(2) 
PARAMETRIC_REPRESENTATION_CONTEXT() REPRESENTATION_CONTEXT('2D SPACE',''
  ) );
#8985 = PCURVE('',#8794,#8986);
#8986 = DEFINITIONAL_REPRESENTATION('',(#8987),#8991);
#8987 = LINE('',#8988,#8989);
#8988 = CARTESIAN_POINT('',(0.,5.));
#8989 = VECTOR('',#8990,1.);
#8990 = DIRECTION('',(1.,0.));
#8991 = ( GEOMETRIC_REPRESENTATION_CONTEXT(2) 
PARAMETRIC_REPRESENTATION_CONTEXT() REPRESENTATION_CONTEXT('2D SPACE',''
  ) );
#8992 = ADVANCED_FACE('',(#8993),#4734,.T.);
#8993 = FACE_BOUND('',#8994,.F.);
#8994 = EDGE_LOOP('',(#8995,#8996,#9020,#9041));
#8995 = ORIENTED_EDGE('',*,*,#4721,.T.);
#8996 = ORIENTED_EDGE('',*,*,#8997,.F.);
#8997 = EDGE_CURVE('',#8998,#4696,#9000,.T.);
#8998 = VERTEX_POINT('',#8999);
#8999 = CARTESIAN_POINT('',(62.3,11.5,-1.));
#9000 = SURFACE_CURVE('',#9001,(#9006,#9013),.PCURVE_S1.);
#9001 = CIRCLE('',#9002,0.7);
#9002 = AXIS2_PLACEMENT_3D('',#9003,#9004,#9005);
#9003 = CARTESIAN_POINT('',(62.3,12.2,-1.));
#9004 = DIRECTION('',(0.,0.,1.));
#9005 = DIRECTION('',(1.,0.,0.));
#9006 = PCURVE('',#4734,#9007);
#9007 = DEFINITIONAL_REPRESENTATION('',(#9008),#9012);
#9008 = LINE('',#9009,#9010);
#9009 = CARTESIAN_POINT('',(-0.,0.));
#9010 = VECTOR('',#9011,1.);
#9011 = DIRECTION('',(-1.,0.));
#9012 = ( GEOMETRIC_REPRESENTATION_CONTEXT(2) 
PARAMETRIC_REPRESENTATION_CONTEXT() REPRESENTATION_CONTEXT('2D SPACE',''
  ) );
#9013 = PCURVE('',#4710,#9014);
#9014 = DEFINITIONAL_REPRESENTATION('',(#9015),#9019);
#9015 = CIRCLE('',#9016,0.7);
#9016 = AXIS2_PLACEMENT_2D('',#9017,#9018);
#9017 = CARTESIAN_POINT('',(5.,0.));
#9018 = DIRECTION('',(1.,0.));
#9019 = ( GEOMETRIC_REPRESENTATION_CONTEXT(2) 
PARAMETRIC_REPRESENTATION_CONTEXT() REPRESENTATION_CONTEXT('2D SPACE',''
  ) );
#9020 = ORIENTED_EDGE('',*,*,#9021,.T.);
#9021 = EDGE_CURVE('',#8998,#8893,#9022,.T.);
#9022 = SURFACE_CURVE('',#9023,(#9027,#9034),.PCURVE_S1.);
#9023 = LINE('',#9024,#9025);
#9024 = CARTESIAN_POINT('',(62.3,11.5,-1.));
#9025 = VECTOR('',#9026,1.);
#9026 = DIRECTION('',(0.,0.,1.));
#9027 = PCURVE('',#4734,#9028);
#9028 = DEFINITIONAL_REPRESENTATION('',(#9029),#9033);
#9029 = LINE('',#9030,#9031);
#9030 = CARTESIAN_POINT('',(-4.712388980385,0.));
#9031 = VECTOR('',#9032,1.);
#9032 = DIRECTION('',(-0.,-1.));
#9033 = ( GEOMETRIC_REPRESENTATION_CONTEXT(2) 
PARAMETRIC_REPRESENTATION_CONTEXT() REPRESENTATION_CONTEXT('2D SPACE',''
  ) );
#9034 = PCURVE('',#8908,#9035);
#9035 = DEFINITIONAL_REPRESENTATION('',(#9036),#9040);
#9036 = LINE('',#9037,#9038);
#9037 = CARTESIAN_POINT('',(0.,5.));
#9038 = VECTOR('',#9039,1.);
#9039 = DIRECTION('',(1.,0.));
#9040 = ( GEOMETRIC_REPRESENTATION_CONTEXT(2) 
PARAMETRIC_REPRESENTATION_CONTEXT() REPRESENTATION_CONTEXT('2D SPACE',''
  ) );
#9041 = ORIENTED_EDGE('',*,*,#8920,.T.);
#9042 = ADVANCED_FACE('',(#9043),#4710,.F.);
#9043 = FACE_BOUND('',#9044,.F.);
#9044 = EDGE_LOOP('',(#9045,#9046,#9069,#9093,#9116,#9140,#9161,#9162));
#9045 = ORIENTED_EDGE('',*,*,#8946,.T.);
#9046 = ORIENTED_EDGE('',*,*,#9047,.F.);
#9047 = EDGE_CURVE('',#9048,#8947,#9050,.T.);
#9048 = VERTEX_POINT('',#9049);
#9049 = CARTESIAN_POINT('',(57.3,28.5,-1.));
#9050 = SURFACE_CURVE('',#9051,(#9055,#9062),.PCURVE_S1.);
#9051 = LINE('',#9052,#9053);
#9052 = CARTESIAN_POINT('',(57.3,28.5,-1.));
#9053 = VECTOR('',#9054,1.);
#9054 = DIRECTION('',(1.,0.,0.));
#9055 = PCURVE('',#4710,#9056);
#9056 = DEFINITIONAL_REPRESENTATION('',(#9057),#9061);
#9057 = LINE('',#9058,#9059);
#9058 = CARTESIAN_POINT('',(0.,16.3));
#9059 = VECTOR('',#9060,1.);
#9060 = DIRECTION('',(1.,0.));
#9061 = ( GEOMETRIC_REPRESENTATION_CONTEXT(2) 
PARAMETRIC_REPRESENTATION_CONTEXT() REPRESENTATION_CONTEXT('2D SPACE',''
  ) );
#9062 = PCURVE('',#8794,#9063);
#9063 = DEFINITIONAL_REPRESENTATION('',(#9064),#9068);
#9064 = LINE('',#9065,#9066);
#9065 = CARTESIAN_POINT('',(0.,0.));
#9066 = VECTOR('',#9067,1.);
#9067 = DIRECTION('',(0.,1.));
#9068 = ( GEOMETRIC_REPRESENTATION_CONTEXT(2) 
PARAMETRIC_REPRESENTATION_CONTEXT() REPRESENTATION_CONTEXT('2D SPACE',''
  ) );
#9069 = ORIENTED_EDGE('',*,*,#9070,.T.);
#9070 = EDGE_CURVE('',#9048,#9071,#9073,.T.);
#9071 = VERTEX_POINT('',#9072);
#9072 = CARTESIAN_POINT('',(56.6,27.8,-1.));
#9073 = SURFACE_CURVE('',#9074,(#9079,#9086),.PCURVE_S1.);
#9074 = CIRCLE('',#9075,0.7);
#9075 = AXIS2_PLACEMENT_3D('',#9076,#9077,#9078);
#9076 = CARTESIAN_POINT('',(57.3,27.8,-1.));
#9077 = DIRECTION('',(0.,0.,1.));
#9078 = DIRECTION('',(1.,0.,0.));
#9079 = PCURVE('',#4710,#9080);
#9080 = DEFINITIONAL_REPRESENTATION('',(#9081),#9085);
#9081 = CIRCLE('',#9082,0.7);
#9082 = AXIS2_PLACEMENT_2D('',#9083,#9084);
#9083 = CARTESIAN_POINT('',(0.,15.6));
#9084 = DIRECTION('',(1.,0.));
#9085 = ( GEOMETRIC_REPRESENTATION_CONTEXT(2) 
PARAMETRIC_REPRESENTATION_CONTEXT() REPRESENTATION_CONTEXT('2D SPACE',''
  ) );
#9086 = PCURVE('',#8823,#9087);
#9087 = DEFINITIONAL_REPRESENTATION('',(#9088),#9092);
#9088 = LINE('',#9089,#9090);
#9089 = CARTESIAN_POINT('',(-0.,0.));
#9090 = VECTOR('',#9091,1.);
#9091 = DIRECTION('',(-1.,0.));
#9092 = ( GEOMETRIC_REPRESENTATION_CONTEXT(2) 
PARAMETRIC_REPRESENTATION_CONTEXT() REPRESENTATION_CONTEXT('2D SPACE',''
  ) );
#9093 = ORIENTED_EDGE('',*,*,#9094,.F.);
#9094 = EDGE_CURVE('',#9095,#9071,#9097,.T.);
#9095 = VERTEX_POINT('',#9096);
#9096 = CARTESIAN_POINT('',(56.6,12.2,-1.));
#9097 = SURFACE_CURVE('',#9098,(#9102,#9109),.PCURVE_S1.);
#9098 = LINE('',#9099,#9100);
#9099 = CARTESIAN_POINT('',(56.6,12.2,-1.));
#9100 = VECTOR('',#9101,1.);
#9101 = DIRECTION('',(0.,1.,0.));
#9102 = PCURVE('',#4710,#9103);
#9103 = DEFINITIONAL_REPRESENTATION('',(#9104),#9108);
#9104 = LINE('',#9105,#9106);
#9105 = CARTESIAN_POINT('',(-0.7,0.));
#9106 = VECTOR('',#9107,1.);
#9107 = DIRECTION('',(0.,1.));
#9108 = ( GEOMETRIC_REPRESENTATION_CONTEXT(2) 
PARAMETRIC_REPRESENTATION_CONTEXT() REPRESENTATION_CONTEXT('2D SPACE',''
  ) );
#9109 = PCURVE('',#8851,#9110);
#9110 = DEFINITIONAL_REPRESENTATION('',(#9111),#9115);
#9111 = LINE('',#9112,#9113);
#9112 = CARTESIAN_POINT('',(0.,0.));
#9113 = VECTOR('',#9114,1.);
#9114 = DIRECTION('',(0.,-1.));
#9115 = ( GEOMETRIC_REPRESENTATION_CONTEXT(2) 
PARAMETRIC_REPRESENTATION_CONTEXT() REPRESENTATION_CONTEXT('2D SPACE',''
  ) );
#9116 = ORIENTED_EDGE('',*,*,#9117,.T.);
#9117 = EDGE_CURVE('',#9095,#9118,#9120,.T.);
#9118 = VERTEX_POINT('',#9119);
#9119 = CARTESIAN_POINT('',(57.3,11.5,-1.));
#9120 = SURFACE_CURVE('',#9121,(#9126,#9133),.PCURVE_S1.);
#9121 = CIRCLE('',#9122,0.7);
#9122 = AXIS2_PLACEMENT_3D('',#9123,#9124,#9125);
#9123 = CARTESIAN_POINT('',(57.3,12.2,-1.));
#9124 = DIRECTION('',(0.,0.,1.));
#9125 = DIRECTION('',(1.,0.,0.));
#9126 = PCURVE('',#4710,#9127);
#9127 = DEFINITIONAL_REPRESENTATION('',(#9128),#9132);
#9128 = CIRCLE('',#9129,0.7);
#9129 = AXIS2_PLACEMENT_2D('',#9130,#9131);
#9130 = CARTESIAN_POINT('',(0.,0.));
#9131 = DIRECTION('',(1.,0.));
#9132 = ( GEOMETRIC_REPRESENTATION_CONTEXT(2) 
PARAMETRIC_REPRESENTATION_CONTEXT() REPRESENTATION_CONTEXT('2D SPACE',''
  ) );
#9133 = PCURVE('',#8880,#9134);
#9134 = DEFINITIONAL_REPRESENTATION('',(#9135),#9139);
#9135 = LINE('',#9136,#9137);
#9136 = CARTESIAN_POINT('',(-0.,0.));
#9137 = VECTOR('',#9138,1.);
#9138 = DIRECTION('',(-1.,0.));
#9139 = ( GEOMETRIC_REPRESENTATION_CONTEXT(2) 
PARAMETRIC_REPRESENTATION_CONTEXT() REPRESENTATION_CONTEXT('2D SPACE',''
  ) );
#9140 = ORIENTED_EDGE('',*,*,#9141,.T.);
#9141 = EDGE_CURVE('',#9118,#8998,#9142,.T.);
#9142 = SURFACE_CURVE('',#9143,(#9147,#9154),.PCURVE_S1.);
#9143 = LINE('',#9144,#9145);
#9144 = CARTESIAN_POINT('',(57.3,11.5,-1.));
#9145 = VECTOR('',#9146,1.);
#9146 = DIRECTION('',(1.,0.,0.));
#9147 = PCURVE('',#4710,#9148);
#9148 = DEFINITIONAL_REPRESENTATION('',(#9149),#9153);
#9149 = LINE('',#9150,#9151);
#9150 = CARTESIAN_POINT('',(0.,-0.7));
#9151 = VECTOR('',#9152,1.);
#9152 = DIRECTION('',(1.,0.));
#9153 = ( GEOMETRIC_REPRESENTATION_CONTEXT(2) 
PARAMETRIC_REPRESENTATION_CONTEXT() REPRESENTATION_CONTEXT('2D SPACE',''
  ) );
#9154 = PCURVE('',#8908,#9155);
#9155 = DEFINITIONAL_REPRESENTATION('',(#9156),#9160);
#9156 = LINE('',#9157,#9158);
#9157 = CARTESIAN_POINT('',(0.,0.));
#9158 = VECTOR('',#9159,1.);
#9159 = DIRECTION('',(0.,1.));
#9160 = ( GEOMETRIC_REPRESENTATION_CONTEXT(2) 
PARAMETRIC_REPRESENTATION_CONTEXT() REPRESENTATION_CONTEXT('2D SPACE',''
  ) );
#9161 = ORIENTED_EDGE('',*,*,#8997,.T.);
#9162 = ORIENTED_EDGE('',*,*,#4695,.F.);
#9163 = ADVANCED_FACE('',(#9164),#5251,.F.);
#9164 = FACE_BOUND('',#9165,.F.);
#9165 = EDGE_LOOP('',(#9166,#9167,#9195,#9216,#9249,#9269));
#9166 = ORIENTED_EDGE('',*,*,#5236,.F.);
#9167 = ORIENTED_EDGE('',*,*,#9168,.F.);
#9168 = EDGE_CURVE('',#9169,#5209,#9171,.T.);
#9169 = VERTEX_POINT('',#9170);
#9170 = CARTESIAN_POINT('',(-0.204476116745,105.3,0.2));
#9171 = SURFACE_CURVE('',#9172,(#9177,#9188),.PCURVE_S1.);
#9172 = CIRCLE('',#9173,9.2);
#9173 = AXIS2_PLACEMENT_3D('',#9174,#9175,#9176);
#9174 = CARTESIAN_POINT('',(6.5,99.,0.2));
#9175 = DIRECTION('',(0.,0.,-1.));
#9176 = DIRECTION('',(1.,0.,0.));
#9177 = PCURVE('',#5251,#9178);
#9178 = DEFINITIONAL_REPRESENTATION('',(#9179),#9187);
#9179 = ( BOUNDED_CURVE() B_SPLINE_CURVE(2,(#9180,#9181,#9182,#9183,
#9184,#9185,#9186),.UNSPECIFIED.,.T.,.F.) B_SPLINE_CURVE_WITH_KNOTS((1,2
    ,2,2,2,1),(-2.094395102393,0.,2.094395102393,4.188790204786,
6.28318530718,8.377580409573),.UNSPECIFIED.) CURVE() 
GEOMETRIC_REPRESENTATION_ITEM() RATIONAL_B_SPLINE_CURVE((1.,0.5,1.,0.5,
1.,0.5,1.)) REPRESENTATION_ITEM('') );
#9180 = CARTESIAN_POINT('',(9.2,93.));
#9181 = CARTESIAN_POINT('',(9.2,77.065132570366));
#9182 = CARTESIAN_POINT('',(-4.6,85.032566285183));
#9183 = CARTESIAN_POINT('',(-18.4,93.));
#9184 = CARTESIAN_POINT('',(-4.6,100.96743371481));
#9185 = CARTESIAN_POINT('',(9.2,108.93486742963));
#9186 = CARTESIAN_POINT('',(9.2,93.));
#9187 = ( GEOMETRIC_REPRESENTATION_CONTEXT(2) 
PARAMETRIC_REPRESENTATION_CONTEXT() REPRESENTATION_CONTEXT('2D SPACE',''
  ) );
#9188 = PCURVE('',#5224,#9189);
#9189 = DEFINITIONAL_REPRESENTATION('',(#9190),#9194);
#9190 = LINE('',#9191,#9192);
#9191 = CARTESIAN_POINT('',(-6.28318530718,-6.9));
#9192 = VECTOR('',#9193,1.);
#9193 = DIRECTION('',(1.,-0.));
#9194 = ( GEOMETRIC_REPRESENTATION_CONTEXT(2) 
PARAMETRIC_REPRESENTATION_CONTEXT() REPRESENTATION_CONTEXT('2D SPACE',''
  ) );
#9195 = ORIENTED_EDGE('',*,*,#9196,.F.);
#9196 = EDGE_CURVE('',#9197,#9169,#9199,.T.);
#9197 = VERTEX_POINT('',#9198);
#9198 = CARTESIAN_POINT('',(1.52575709992,105.3,0.2));
#9199 = SURFACE_CURVE('',#9200,(#9204,#9210),.PCURVE_S1.);
#9200 = LINE('',#9201,#9202);
#9201 = CARTESIAN_POINT('',(3.1,105.3,0.2));
#9202 = VECTOR('',#9203,1.);
#9203 = DIRECTION('',(-1.,0.,0.));
#9204 = PCURVE('',#5251,#9205);
#9205 = DEFINITIONAL_REPRESENTATION('',(#9206),#9209);
#9206 = B_SPLINE_CURVE_WITH_KNOTS('',1,(#9207,#9208),.UNSPECIFIED.,.F.,
  .F.,(2,2),(-57.2,3.4),.PIECEWISE_BEZIER_KNOTS.);
#9207 = CARTESIAN_POINT('',(53.8,99.3));
#9208 = CARTESIAN_POINT('',(-6.8,99.3));
#9209 = ( GEOMETRIC_REPRESENTATION_CONTEXT(2) 
PARAMETRIC_REPRESENTATION_CONTEXT() REPRESENTATION_CONTEXT('2D SPACE',''
  ) );
#9210 = PCURVE('',#5727,#9211);
#9211 = DEFINITIONAL_REPRESENTATION('',(#9212),#9215);
#9212 = B_SPLINE_CURVE_WITH_KNOTS('',1,(#9213,#9214),.UNSPECIFIED.,.F.,
  .F.,(2,2),(-57.2,3.4),.PIECEWISE_BEZIER_KNOTS.);
#9213 = CARTESIAN_POINT('',(0.15,60.6));
#9214 = CARTESIAN_POINT('',(0.15,0.));
#9215 = ( GEOMETRIC_REPRESENTATION_CONTEXT(2) 
PARAMETRIC_REPRESENTATION_CONTEXT() REPRESENTATION_CONTEXT('2D SPACE',''
  ) );
#9216 = ORIENTED_EDGE('',*,*,#9217,.T.);
#9217 = EDGE_CURVE('',#9197,#9218,#9220,.T.);
#9218 = VERTEX_POINT('',#9219);
#9219 = CARTESIAN_POINT('',(6.495,107.025,0.2));
#9220 = SURFACE_CURVE('',#9221,(#9226,#9237),.PCURVE_S1.);
#9221 = CIRCLE('',#9222,8.02);
#9222 = AXIS2_PLACEMENT_3D('',#9223,#9224,#9225);
#9223 = CARTESIAN_POINT('',(6.495,99.005,0.2));
#9224 = DIRECTION('',(0.,0.,-1.));
#9225 = DIRECTION('',(1.,0.,0.));
#9226 = PCURVE('',#5251,#9227);
#9227 = DEFINITIONAL_REPRESENTATION('',(#9228),#9236);
#9228 = ( BOUNDED_CURVE() B_SPLINE_CURVE(2,(#9229,#9230,#9231,#9232,
#9233,#9234,#9235),.UNSPECIFIED.,.T.,.F.) B_SPLINE_CURVE_WITH_KNOTS((1,2
    ,2,2,2,1),(-2.094395102393,0.,2.094395102393,4.188790204786,
6.28318530718,8.377580409573),.UNSPECIFIED.) CURVE() 
GEOMETRIC_REPRESENTATION_ITEM() RATIONAL_B_SPLINE_CURVE((1.,0.5,1.,0.5,
1.,0.5,1.)) REPRESENTATION_ITEM('') );
#9229 = CARTESIAN_POINT('',(8.015,93.005));
#9230 = CARTESIAN_POINT('',(8.015,79.113952523298));
#9231 = CARTESIAN_POINT('',(-4.015,86.059476261649));
#9232 = CARTESIAN_POINT('',(-16.045,93.005));
#9233 = CARTESIAN_POINT('',(-4.015,99.950523738351));
#9234 = CARTESIAN_POINT('',(8.015,106.8960474767));
#9235 = CARTESIAN_POINT('',(8.015,93.005));
#9236 = ( GEOMETRIC_REPRESENTATION_CONTEXT(2) 
PARAMETRIC_REPRESENTATION_CONTEXT() REPRESENTATION_CONTEXT('2D SPACE',''
  ) );
#9237 = PCURVE('',#9238,#9243);
#9238 = CYLINDRICAL_SURFACE('',#9239,8.02);
#9239 = AXIS2_PLACEMENT_3D('',#9240,#9241,#9242);
#9240 = CARTESIAN_POINT('',(6.495,99.005,0.25));
#9241 = DIRECTION('',(-0.,-0.,-1.));
#9242 = DIRECTION('',(1.,0.,0.));
#9243 = DEFINITIONAL_REPRESENTATION('',(#9244),#9248);
#9244 = LINE('',#9245,#9246);
#9245 = CARTESIAN_POINT('',(-6.28318530718,5.E-02));
#9246 = VECTOR('',#9247,1.);
#9247 = DIRECTION('',(1.,-0.));
#9248 = ( GEOMETRIC_REPRESENTATION_CONTEXT(2) 
PARAMETRIC_REPRESENTATION_CONTEXT() REPRESENTATION_CONTEXT('2D SPACE',''
  ) );
#9249 = ORIENTED_EDGE('',*,*,#9250,.F.);
#9250 = EDGE_CURVE('',#5418,#9218,#9251,.T.);
#9251 = SURFACE_CURVE('',#9252,(#9256,#9262),.PCURVE_S1.);
#9252 = LINE('',#9253,#9254);
#9253 = CARTESIAN_POINT('',(6.4975,107.025,0.2));
#9254 = VECTOR('',#9255,1.);
#9255 = DIRECTION('',(-1.,0.,0.));
#9256 = PCURVE('',#5251,#9257);
#9257 = DEFINITIONAL_REPRESENTATION('',(#9258),#9261);
#9258 = B_SPLINE_CURVE_WITH_KNOTS('',1,(#9259,#9260),.UNSPECIFIED.,.F.,
  .F.,(2,2),(-47.0075,2.500000000003E-03),.PIECEWISE_BEZIER_KNOTS.);
#9259 = CARTESIAN_POINT('',(47.005,101.025));
#9260 = CARTESIAN_POINT('',(-5.000000000005E-03,101.025));
#9261 = ( GEOMETRIC_REPRESENTATION_CONTEXT(2) 
PARAMETRIC_REPRESENTATION_CONTEXT() REPRESENTATION_CONTEXT('2D SPACE',''
  ) );
#9262 = PCURVE('',#5432,#9263);
#9263 = DEFINITIONAL_REPRESENTATION('',(#9264),#9268);
#9264 = LINE('',#9265,#9266);
#9265 = CARTESIAN_POINT('',(-5.E-02,2.500000000003E-03));
#9266 = VECTOR('',#9267,1.);
#9267 = DIRECTION('',(0.,-1.));
#9268 = ( GEOMETRIC_REPRESENTATION_CONTEXT(2) 
PARAMETRIC_REPRESENTATION_CONTEXT() REPRESENTATION_CONTEXT('2D SPACE',''
  ) );
#9269 = ORIENTED_EDGE('',*,*,#5443,.T.);
#9270 = ADVANCED_FACE('',(#9271),#5224,.F.);
#9271 = FACE_BOUND('',#9272,.T.);
#9272 = EDGE_LOOP('',(#9273,#9274,#9275,#9276,#9297,#9330,#9351,#9384));
#9273 = ORIENTED_EDGE('',*,*,#7192,.F.);
#9274 = ORIENTED_EDGE('',*,*,#5208,.T.);
#9275 = ORIENTED_EDGE('',*,*,#9168,.F.);
#9276 = ORIENTED_EDGE('',*,*,#9277,.T.);
#9277 = EDGE_CURVE('',#9169,#9278,#9280,.T.);
#9278 = VERTEX_POINT('',#9279);
#9279 = CARTESIAN_POINT('',(-0.204476116744,105.3,5.E-02));
#9280 = SURFACE_CURVE('',#9281,(#9285,#9291),.PCURVE_S1.);
#9281 = LINE('',#9282,#9283);
#9282 = CARTESIAN_POINT('',(-0.204476116745,105.3,-6.7));
#9283 = VECTOR('',#9284,1.);
#9284 = DIRECTION('',(-0.,-0.,-1.));
#9285 = PCURVE('',#5224,#9286);
#9286 = DEFINITIONAL_REPRESENTATION('',(#9287),#9290);
#9287 = B_SPLINE_CURVE_WITH_KNOTS('',1,(#9288,#9289),.UNSPECIFIED.,.F.,
  .F.,(2,2),(-6.9000006,-6.565),.PIECEWISE_BEZIER_KNOTS.);
#9288 = CARTESIAN_POINT('',(-2.387287304737,-6.9000006));
#9289 = CARTESIAN_POINT('',(-2.387287304737,-6.565));
#9290 = ( GEOMETRIC_REPRESENTATION_CONTEXT(2) 
PARAMETRIC_REPRESENTATION_CONTEXT() REPRESENTATION_CONTEXT('2D SPACE',''
  ) );
#9291 = PCURVE('',#5727,#9292);
#9292 = DEFINITIONAL_REPRESENTATION('',(#9293),#9296);
#9293 = B_SPLINE_CURVE_WITH_KNOTS('',1,(#9294,#9295),.UNSPECIFIED.,.F.,
  .F.,(2,2),(-6.9000006,-6.565),.PIECEWISE_BEZIER_KNOTS.);
#9294 = CARTESIAN_POINT('',(0.1500006,9.55238832553E-02));
#9295 = CARTESIAN_POINT('',(-0.185,9.55238832553E-02));
#9296 = ( GEOMETRIC_REPRESENTATION_CONTEXT(2) 
PARAMETRIC_REPRESENTATION_CONTEXT() REPRESENTATION_CONTEXT('2D SPACE',''
  ) );
#9297 = ORIENTED_EDGE('',*,*,#9298,.F.);
#9298 = EDGE_CURVE('',#9299,#9278,#9301,.T.);
#9299 = VERTEX_POINT('',#9300);
#9300 = CARTESIAN_POINT('',(-0.3,105.19677335393,5.E-02));
#9301 = SURFACE_CURVE('',#9302,(#9307,#9314),.PCURVE_S1.);
#9302 = CIRCLE('',#9303,9.2);
#9303 = AXIS2_PLACEMENT_3D('',#9304,#9305,#9306);
#9304 = CARTESIAN_POINT('',(6.5,99.,5.E-02));
#9305 = DIRECTION('',(0.,0.,-1.));
#9306 = DIRECTION('',(1.,0.,0.));
#9307 = PCURVE('',#5224,#9308);
#9308 = DEFINITIONAL_REPRESENTATION('',(#9309),#9313);
#9309 = LINE('',#9310,#9311);
#9310 = CARTESIAN_POINT('',(-6.28318530718,-6.75));
#9311 = VECTOR('',#9312,1.);
#9312 = DIRECTION('',(1.,-0.));
#9313 = ( GEOMETRIC_REPRESENTATION_CONTEXT(2) 
PARAMETRIC_REPRESENTATION_CONTEXT() REPRESENTATION_CONTEXT('2D SPACE',''
  ) );
#9314 = PCURVE('',#9315,#9320);
#9315 = PLANE('',#9316);
#9316 = AXIS2_PLACEMENT_3D('',#9317,#9318,#9319);
#9317 = CARTESIAN_POINT('',(-0.3,-0.3,5.E-02));
#9318 = DIRECTION('',(0.,0.,1.));
#9319 = DIRECTION('',(1.,0.,0.));
#9320 = DEFINITIONAL_REPRESENTATION('',(#9321),#9329);
#9321 = ( BOUNDED_CURVE() B_SPLINE_CURVE(2,(#9322,#9323,#9324,#9325,
#9326,#9327,#9328),.UNSPECIFIED.,.T.,.F.) B_SPLINE_CURVE_WITH_KNOTS((1,2
    ,2,2,2,1),(-2.094395102393,0.,2.094395102393,4.188790204786,
6.28318530718,8.377580409573),.UNSPECIFIED.) CURVE() 
GEOMETRIC_REPRESENTATION_ITEM() RATIONAL_B_SPLINE_CURVE((1.,0.5,1.,0.5,
1.,0.5,1.)) REPRESENTATION_ITEM('') );
#9322 = CARTESIAN_POINT('',(16.,99.3));
#9323 = CARTESIAN_POINT('',(16.,83.365132570366));
#9324 = CARTESIAN_POINT('',(2.2,91.332566285183));
#9325 = CARTESIAN_POINT('',(-11.6,99.3));
#9326 = CARTESIAN_POINT('',(2.2,107.26743371481));
#9327 = CARTESIAN_POINT('',(16.,115.23486742963));
#9328 = CARTESIAN_POINT('',(16.,99.3));
#9329 = ( GEOMETRIC_REPRESENTATION_CONTEXT(2) 
PARAMETRIC_REPRESENTATION_CONTEXT() REPRESENTATION_CONTEXT('2D SPACE',''
  ) );
#9330 = ORIENTED_EDGE('',*,*,#9331,.F.);
#9331 = EDGE_CURVE('',#9332,#9299,#9334,.T.);
#9332 = VERTEX_POINT('',#9333);
#9333 = CARTESIAN_POINT('',(-0.3,105.19677335393,0.2));
#9334 = SURFACE_CURVE('',#9335,(#9339,#9345),.PCURVE_S1.);
#9335 = LINE('',#9336,#9337);
#9336 = CARTESIAN_POINT('',(-0.3,105.19677335393,-6.7));
#9337 = VECTOR('',#9338,1.);
#9338 = DIRECTION('',(-0.,-0.,-1.));
#9339 = PCURVE('',#5224,#9340);
#9340 = DEFINITIONAL_REPRESENTATION('',(#9341),#9344);
#9341 = B_SPLINE_CURVE_WITH_KNOTS('',1,(#9342,#9343),.UNSPECIFIED.,.F.,
  .F.,(2,2),(-6.9000006,-6.565),.PIECEWISE_BEZIER_KNOTS.);
#9342 = CARTESIAN_POINT('',(-2.402574774576,-6.9000006));
#9343 = CARTESIAN_POINT('',(-2.402574774576,-6.565));
#9344 = ( GEOMETRIC_REPRESENTATION_CONTEXT(2) 
PARAMETRIC_REPRESENTATION_CONTEXT() REPRESENTATION_CONTEXT('2D SPACE',''
  ) );
#9345 = PCURVE('',#5701,#9346);
#9346 = DEFINITIONAL_REPRESENTATION('',(#9347),#9350);
#9347 = B_SPLINE_CURVE_WITH_KNOTS('',1,(#9348,#9349),.UNSPECIFIED.,.F.,
  .F.,(2,2),(-6.9000006,-6.565),.PIECEWISE_BEZIER_KNOTS.);
#9348 = CARTESIAN_POINT('',(0.1500006,-105.4967733539));
#9349 = CARTESIAN_POINT('',(-0.185,-105.4967733539));
#9350 = ( GEOMETRIC_REPRESENTATION_CONTEXT(2) 
PARAMETRIC_REPRESENTATION_CONTEXT() REPRESENTATION_CONTEXT('2D SPACE',''
  ) );
#9351 = ORIENTED_EDGE('',*,*,#9352,.F.);
#9352 = EDGE_CURVE('',#9353,#9332,#9355,.T.);
#9353 = VERTEX_POINT('',#9354);
#9354 = CARTESIAN_POINT('',(-2.7,99.,0.2));
#9355 = SURFACE_CURVE('',#9356,(#9361,#9368),.PCURVE_S1.);
#9356 = CIRCLE('',#9357,9.2);
#9357 = AXIS2_PLACEMENT_3D('',#9358,#9359,#9360);
#9358 = CARTESIAN_POINT('',(6.5,99.,0.2));
#9359 = DIRECTION('',(0.,0.,-1.));
#9360 = DIRECTION('',(1.,0.,0.));
#9361 = PCURVE('',#5224,#9362);
#9362 = DEFINITIONAL_REPRESENTATION('',(#9363),#9367);
#9363 = LINE('',#9364,#9365);
#9364 = CARTESIAN_POINT('',(-6.28318530718,-6.9));
#9365 = VECTOR('',#9366,1.);
#9366 = DIRECTION('',(1.,-0.));
#9367 = ( GEOMETRIC_REPRESENTATION_CONTEXT(2) 
PARAMETRIC_REPRESENTATION_CONTEXT() REPRESENTATION_CONTEXT('2D SPACE',''
  ) );
#9368 = PCURVE('',#9369,#9374);
#9369 = PLANE('',#9370);
#9370 = AXIS2_PLACEMENT_3D('',#9371,#9372,#9373);
#9371 = CARTESIAN_POINT('',(6.5,6.,0.2));
#9372 = DIRECTION('',(0.,0.,1.));
#9373 = DIRECTION('',(1.,0.,-0.));
#9374 = DEFINITIONAL_REPRESENTATION('',(#9375),#9383);
#9375 = ( BOUNDED_CURVE() B_SPLINE_CURVE(2,(#9376,#9377,#9378,#9379,
#9380,#9381,#9382),.UNSPECIFIED.,.T.,.F.) B_SPLINE_CURVE_WITH_KNOTS((1,2
    ,2,2,2,1),(-2.094395102393,0.,2.094395102393,4.188790204786,
6.28318530718,8.377580409573),.UNSPECIFIED.) CURVE() 
GEOMETRIC_REPRESENTATION_ITEM() RATIONAL_B_SPLINE_CURVE((1.,0.5,1.,0.5,
1.,0.5,1.)) REPRESENTATION_ITEM('') );
#9376 = CARTESIAN_POINT('',(9.2,93.));
#9377 = CARTESIAN_POINT('',(9.2,77.065132570366));
#9378 = CARTESIAN_POINT('',(-4.6,85.032566285183));
#9379 = CARTESIAN_POINT('',(-18.4,93.));
#9380 = CARTESIAN_POINT('',(-4.6,100.96743371481));
#9381 = CARTESIAN_POINT('',(9.2,108.93486742963));
#9382 = CARTESIAN_POINT('',(9.2,93.));
#9383 = ( GEOMETRIC_REPRESENTATION_CONTEXT(2) 
PARAMETRIC_REPRESENTATION_CONTEXT() REPRESENTATION_CONTEXT('2D SPACE',''
  ) );
#9384 = ORIENTED_EDGE('',*,*,#9385,.F.);
#9385 = EDGE_CURVE('',#7193,#9353,#9386,.T.);
#9386 = SURFACE_CURVE('',#9387,(#9391,#9398),.PCURVE_S1.);
#9387 = LINE('',#9388,#9389);
#9388 = CARTESIAN_POINT('',(-2.7,99.,-6.7));
#9389 = VECTOR('',#9390,1.);
#9390 = DIRECTION('',(0.,0.,1.));
#9391 = PCURVE('',#5224,#9392);
#9392 = DEFINITIONAL_REPRESENTATION('',(#9393),#9397);
#9393 = LINE('',#9394,#9395);
#9394 = CARTESIAN_POINT('',(-3.14159265359,0.));
#9395 = VECTOR('',#9396,1.);
#9396 = DIRECTION('',(-0.,-1.));
#9397 = ( GEOMETRIC_REPRESENTATION_CONTEXT(2) 
PARAMETRIC_REPRESENTATION_CONTEXT() REPRESENTATION_CONTEXT('2D SPACE',''
  ) );
#9398 = PCURVE('',#7232,#9399);
#9399 = DEFINITIONAL_REPRESENTATION('',(#9400),#9404);
#9400 = LINE('',#9401,#9402);
#9401 = CARTESIAN_POINT('',(0.,-93.));
#9402 = VECTOR('',#9403,1.);
#9403 = DIRECTION('',(1.,0.));
#9404 = ( GEOMETRIC_REPRESENTATION_CONTEXT(2) 
PARAMETRIC_REPRESENTATION_CONTEXT() REPRESENTATION_CONTEXT('2D SPACE',''
  ) );
#9405 = ADVANCED_FACE('',(#9406),#5432,.F.);
#9406 = FACE_BOUND('',#9407,.F.);
#9407 = EDGE_LOOP('',(#9408,#9409,#9410,#9433));
#9408 = ORIENTED_EDGE('',*,*,#5417,.T.);
#9409 = ORIENTED_EDGE('',*,*,#9250,.T.);
#9410 = ORIENTED_EDGE('',*,*,#9411,.F.);
#9411 = EDGE_CURVE('',#9412,#9218,#9414,.T.);
#9412 = VERTEX_POINT('',#9413);
#9413 = CARTESIAN_POINT('',(6.495,107.025,1.5));
#9414 = SURFACE_CURVE('',#9415,(#9419,#9426),.PCURVE_S1.);
#9415 = LINE('',#9416,#9417);
#9416 = CARTESIAN_POINT('',(6.495,107.025,1.5));
#9417 = VECTOR('',#9418,1.);
#9418 = DIRECTION('',(0.,0.,-1.));
#9419 = PCURVE('',#5432,#9420);
#9420 = DEFINITIONAL_REPRESENTATION('',(#9421),#9425);
#9421 = LINE('',#9422,#9423);
#9422 = CARTESIAN_POINT('',(1.25,0.));
#9423 = VECTOR('',#9424,1.);
#9424 = DIRECTION('',(-1.,0.));
#9425 = ( GEOMETRIC_REPRESENTATION_CONTEXT(2) 
PARAMETRIC_REPRESENTATION_CONTEXT() REPRESENTATION_CONTEXT('2D SPACE',''
  ) );
#9426 = PCURVE('',#9238,#9427);
#9427 = DEFINITIONAL_REPRESENTATION('',(#9428),#9432);
#9428 = LINE('',#9429,#9430);
#9429 = CARTESIAN_POINT('',(-1.570796326795,-1.25));
#9430 = VECTOR('',#9431,1.);
#9431 = DIRECTION('',(0.,1.));
#9432 = ( GEOMETRIC_REPRESENTATION_CONTEXT(2) 
PARAMETRIC_REPRESENTATION_CONTEXT() REPRESENTATION_CONTEXT('2D SPACE',''
  ) );
#9433 = ORIENTED_EDGE('',*,*,#9434,.F.);
#9434 = EDGE_CURVE('',#5392,#9412,#9435,.T.);
#9435 = SURFACE_CURVE('',#9436,(#9440,#9447),.PCURVE_S1.);
#9436 = LINE('',#9437,#9438);
#9437 = CARTESIAN_POINT('',(6.495,107.025,1.5));
#9438 = VECTOR('',#9439,1.);
#9439 = DIRECTION('',(-1.,0.,0.));
#9440 = PCURVE('',#5432,#9441);
#9441 = DEFINITIONAL_REPRESENTATION('',(#9442),#9446);
#9442 = LINE('',#9443,#9444);
#9443 = CARTESIAN_POINT('',(1.25,0.));
#9444 = VECTOR('',#9445,1.);
#9445 = DIRECTION('',(0.,-1.));
#9446 = ( GEOMETRIC_REPRESENTATION_CONTEXT(2) 
PARAMETRIC_REPRESENTATION_CONTEXT() REPRESENTATION_CONTEXT('2D SPACE',''
  ) );
#9447 = PCURVE('',#5406,#9448);
#9448 = DEFINITIONAL_REPRESENTATION('',(#9449),#9452);
#9449 = B_SPLINE_CURVE_WITH_KNOTS('',1,(#9450,#9451),.UNSPECIFIED.,.F.,
  .F.,(2,2),(-47.01,0.),.PIECEWISE_BEZIER_KNOTS.);
#9450 = CARTESIAN_POINT('',(47.01,110.05));
#9451 = CARTESIAN_POINT('',(0.,110.05));
#9452 = ( GEOMETRIC_REPRESENTATION_CONTEXT(2) 
PARAMETRIC_REPRESENTATION_CONTEXT() REPRESENTATION_CONTEXT('2D SPACE',''
  ) );
#9453 = ADVANCED_FACE('',(#9454),#5406,.T.);
#9454 = FACE_BOUND('',#9455,.T.);
#9455 = EDGE_LOOP('',(#9456,#9457,#9480,#9504,#9525,#9551));
#9456 = ORIENTED_EDGE('',*,*,#5391,.T.);
#9457 = ORIENTED_EDGE('',*,*,#9458,.F.);
#9458 = EDGE_CURVE('',#9459,#5366,#9461,.T.);
#9459 = VERTEX_POINT('',#9460);
#9460 = CARTESIAN_POINT('',(6.495,108.025,1.5));
#9461 = SURFACE_CURVE('',#9462,(#9466,#9473),.PCURVE_S1.);
#9462 = LINE('',#9463,#9464);
#9463 = CARTESIAN_POINT('',(6.495,108.025,1.5));
#9464 = VECTOR('',#9465,1.);
#9465 = DIRECTION('',(1.,0.,0.));
#9466 = PCURVE('',#5406,#9467);
#9467 = DEFINITIONAL_REPRESENTATION('',(#9468),#9472);
#9468 = LINE('',#9469,#9470);
#9469 = CARTESIAN_POINT('',(0.,111.05));
#9470 = VECTOR('',#9471,1.);
#9471 = DIRECTION('',(1.,0.));
#9472 = ( GEOMETRIC_REPRESENTATION_CONTEXT(2) 
PARAMETRIC_REPRESENTATION_CONTEXT() REPRESENTATION_CONTEXT('2D SPACE',''
  ) );
#9473 = PCURVE('',#5380,#9474);
#9474 = DEFINITIONAL_REPRESENTATION('',(#9475),#9479);
#9475 = LINE('',#9476,#9477);
#9476 = CARTESIAN_POINT('',(1.15,0.));
#9477 = VECTOR('',#9478,1.);
#9478 = DIRECTION('',(0.,1.));
#9479 = ( GEOMETRIC_REPRESENTATION_CONTEXT(2) 
PARAMETRIC_REPRESENTATION_CONTEXT() REPRESENTATION_CONTEXT('2D SPACE',''
  ) );
#9480 = ORIENTED_EDGE('',*,*,#9481,.T.);
#9481 = EDGE_CURVE('',#9459,#9482,#9484,.T.);
#9482 = VERTEX_POINT('',#9483);
#9483 = CARTESIAN_POINT('',(3.486261755989E-02,105.3,1.5));
#9484 = SURFACE_CURVE('',#9485,(#9490,#9497),.PCURVE_S1.);
#9485 = CIRCLE('',#9486,9.02);
#9486 = AXIS2_PLACEMENT_3D('',#9487,#9488,#9489);
#9487 = CARTESIAN_POINT('',(6.495,99.005,1.5));
#9488 = DIRECTION('',(0.,0.,1.));
#9489 = DIRECTION('',(1.,0.,0.));
#9490 = PCURVE('',#5406,#9491);
#9491 = DEFINITIONAL_REPRESENTATION('',(#9492),#9496);
#9492 = CIRCLE('',#9493,9.02);
#9493 = AXIS2_PLACEMENT_2D('',#9494,#9495);
#9494 = CARTESIAN_POINT('',(0.,102.03));
#9495 = DIRECTION('',(1.,0.));
#9496 = ( GEOMETRIC_REPRESENTATION_CONTEXT(2) 
PARAMETRIC_REPRESENTATION_CONTEXT() REPRESENTATION_CONTEXT('2D SPACE',''
  ) );
#9497 = PCURVE('',#5759,#9498);
#9498 = DEFINITIONAL_REPRESENTATION('',(#9499),#9503);
#9499 = LINE('',#9500,#9501);
#9500 = CARTESIAN_POINT('',(-0.,-1.15));
#9501 = VECTOR('',#9502,1.);
#9502 = DIRECTION('',(-1.,0.));
#9503 = ( GEOMETRIC_REPRESENTATION_CONTEXT(2) 
PARAMETRIC_REPRESENTATION_CONTEXT() REPRESENTATION_CONTEXT('2D SPACE',''
  ) );
#9504 = ORIENTED_EDGE('',*,*,#9505,.F.);
#9505 = EDGE_CURVE('',#9506,#9482,#9508,.T.);
#9506 = VERTEX_POINT('',#9507);
#9507 = CARTESIAN_POINT('',(1.52575709992,105.3,1.5));
#9508 = SURFACE_CURVE('',#9509,(#9513,#9519),.PCURVE_S1.);
#9509 = LINE('',#9510,#9511);
#9510 = CARTESIAN_POINT('',(3.0975,105.3,1.5));
#9511 = VECTOR('',#9512,1.);
#9512 = DIRECTION('',(-1.,0.,0.));
#9513 = PCURVE('',#5406,#9514);
#9514 = DEFINITIONAL_REPRESENTATION('',(#9515),#9518);
#9515 = B_SPLINE_CURVE_WITH_KNOTS('',1,(#9516,#9517),.UNSPECIFIED.,.F.,
  .F.,(2,2),(-57.2025,3.3975),.PIECEWISE_BEZIER_KNOTS.);
#9516 = CARTESIAN_POINT('',(53.805,108.325));
#9517 = CARTESIAN_POINT('',(-6.795,108.325));
#9518 = ( GEOMETRIC_REPRESENTATION_CONTEXT(2) 
PARAMETRIC_REPRESENTATION_CONTEXT() REPRESENTATION_CONTEXT('2D SPACE',''
  ) );
#9519 = PCURVE('',#5727,#9520);
#9520 = DEFINITIONAL_REPRESENTATION('',(#9521),#9524);
#9521 = B_SPLINE_CURVE_WITH_KNOTS('',1,(#9522,#9523),.UNSPECIFIED.,.F.,
  .F.,(2,2),(-57.2025,3.3975),.PIECEWISE_BEZIER_KNOTS.);
#9522 = CARTESIAN_POINT('',(1.45,60.6));
#9523 = CARTESIAN_POINT('',(1.45,0.));
#9524 = ( GEOMETRIC_REPRESENTATION_CONTEXT(2) 
PARAMETRIC_REPRESENTATION_CONTEXT() REPRESENTATION_CONTEXT('2D SPACE',''
  ) );
#9525 = ORIENTED_EDGE('',*,*,#9526,.T.);
#9526 = EDGE_CURVE('',#9506,#9412,#9527,.T.);
#9527 = SURFACE_CURVE('',#9528,(#9533,#9544),.PCURVE_S1.);
#9528 = CIRCLE('',#9529,8.02);
#9529 = AXIS2_PLACEMENT_3D('',#9530,#9531,#9532);
#9530 = CARTESIAN_POINT('',(6.495,99.005,1.5));
#9531 = DIRECTION('',(0.,0.,-1.));
#9532 = DIRECTION('',(1.,0.,0.));
#9533 = PCURVE('',#5406,#9534);
#9534 = DEFINITIONAL_REPRESENTATION('',(#9535),#9543);
#9535 = ( BOUNDED_CURVE() B_SPLINE_CURVE(2,(#9536,#9537,#9538,#9539,
#9540,#9541,#9542),.UNSPECIFIED.,.T.,.F.) B_SPLINE_CURVE_WITH_KNOTS((1,2
    ,2,2,2,1),(-2.094395102393,0.,2.094395102393,4.188790204786,
6.28318530718,8.377580409573),.UNSPECIFIED.) CURVE() 
GEOMETRIC_REPRESENTATION_ITEM() RATIONAL_B_SPLINE_CURVE((1.,0.5,1.,0.5,
1.,0.5,1.)) REPRESENTATION_ITEM('') );
#9536 = CARTESIAN_POINT('',(8.02,102.03));
#9537 = CARTESIAN_POINT('',(8.02,88.138952523298));
#9538 = CARTESIAN_POINT('',(-4.01,95.084476261649));
#9539 = CARTESIAN_POINT('',(-16.04,102.03));
#9540 = CARTESIAN_POINT('',(-4.01,108.97552373835));
#9541 = CARTESIAN_POINT('',(8.02,115.9210474767));
#9542 = CARTESIAN_POINT('',(8.02,102.03));
#9543 = ( GEOMETRIC_REPRESENTATION_CONTEXT(2) 
PARAMETRIC_REPRESENTATION_CONTEXT() REPRESENTATION_CONTEXT('2D SPACE',''
  ) );
#9544 = PCURVE('',#9238,#9545);
#9545 = DEFINITIONAL_REPRESENTATION('',(#9546),#9550);
#9546 = LINE('',#9547,#9548);
#9547 = CARTESIAN_POINT('',(-6.28318530718,-1.25));
#9548 = VECTOR('',#9549,1.);
#9549 = DIRECTION('',(1.,-0.));
#9550 = ( GEOMETRIC_REPRESENTATION_CONTEXT(2) 
PARAMETRIC_REPRESENTATION_CONTEXT() REPRESENTATION_CONTEXT('2D SPACE',''
  ) );
#9551 = ORIENTED_EDGE('',*,*,#9434,.F.);
#9552 = ADVANCED_FACE('',(#9553),#5380,.T.);
#9553 = FACE_BOUND('',#9554,.T.);
#9554 = EDGE_LOOP('',(#9555,#9556,#9557,#9578));
#9555 = ORIENTED_EDGE('',*,*,#5365,.T.);
#9556 = ORIENTED_EDGE('',*,*,#5771,.T.);
#9557 = ORIENTED_EDGE('',*,*,#9558,.T.);
#9558 = EDGE_CURVE('',#5739,#9459,#9559,.T.);
#9559 = SURFACE_CURVE('',#9560,(#9564,#9571),.PCURVE_S1.);
#9560 = LINE('',#9561,#9562);
#9561 = CARTESIAN_POINT('',(6.495,108.025,0.35));
#9562 = VECTOR('',#9563,1.);
#9563 = DIRECTION('',(0.,0.,1.));
#9564 = PCURVE('',#5380,#9565);
#9565 = DEFINITIONAL_REPRESENTATION('',(#9566),#9570);
#9566 = LINE('',#9567,#9568);
#9567 = CARTESIAN_POINT('',(0.,0.));
#9568 = VECTOR('',#9569,1.);
#9569 = DIRECTION('',(1.,0.));
#9570 = ( GEOMETRIC_REPRESENTATION_CONTEXT(2) 
PARAMETRIC_REPRESENTATION_CONTEXT() REPRESENTATION_CONTEXT('2D SPACE',''
  ) );
#9571 = PCURVE('',#5759,#9572);
#9572 = DEFINITIONAL_REPRESENTATION('',(#9573),#9577);
#9573 = LINE('',#9574,#9575);
#9574 = CARTESIAN_POINT('',(-1.570796326795,-1.110223024625E-16));
#9575 = VECTOR('',#9576,1.);
#9576 = DIRECTION('',(-0.,-1.));
#9577 = ( GEOMETRIC_REPRESENTATION_CONTEXT(2) 
PARAMETRIC_REPRESENTATION_CONTEXT() REPRESENTATION_CONTEXT('2D SPACE',''
  ) );
#9578 = ORIENTED_EDGE('',*,*,#9458,.T.);
#9579 = ADVANCED_FACE('',(#9580),#5759,.T.);
#9580 = FACE_BOUND('',#9581,.F.);
#9581 = EDGE_LOOP('',(#9582,#9601,#9602,#9603));
#9582 = ORIENTED_EDGE('',*,*,#9583,.T.);
#9583 = EDGE_CURVE('',#9482,#5713,#9584,.T.);
#9584 = SURFACE_CURVE('',#9585,(#9589,#9595),.PCURVE_S1.);
#9585 = LINE('',#9586,#9587);
#9586 = CARTESIAN_POINT('',(3.486261755988E-02,105.3,0.35));
#9587 = VECTOR('',#9588,1.);
#9588 = DIRECTION('',(-0.,-0.,-1.));
#9589 = PCURVE('',#5759,#9590);
#9590 = DEFINITIONAL_REPRESENTATION('',(#9591),#9594);
#9591 = B_SPLINE_CURVE_WITH_KNOTS('',1,(#9592,#9593),.UNSPECIFIED.,.F.,
  .F.,(2,2),(-1.1500006,-8.99994E-02),.PIECEWISE_BEZIER_KNOTS.);
#9592 = CARTESIAN_POINT('',(-2.369140501807,-1.1500006));
#9593 = CARTESIAN_POINT('',(-2.369140501807,-8.99994E-02));
#9594 = ( GEOMETRIC_REPRESENTATION_CONTEXT(2) 
PARAMETRIC_REPRESENTATION_CONTEXT() REPRESENTATION_CONTEXT('2D SPACE',''
  ) );
#9595 = PCURVE('',#5727,#9596);
#9596 = DEFINITIONAL_REPRESENTATION('',(#9597),#9600);
#9597 = B_SPLINE_CURVE_WITH_KNOTS('',1,(#9598,#9599),.UNSPECIFIED.,.F.,
  .F.,(2,2),(-1.1500006,-8.99994E-02),.PIECEWISE_BEZIER_KNOTS.);
#9598 = CARTESIAN_POINT('',(1.4500006,0.33486261756));
#9599 = CARTESIAN_POINT('',(0.3899994,0.33486261756));
#9600 = ( GEOMETRIC_REPRESENTATION_CONTEXT(2) 
PARAMETRIC_REPRESENTATION_CONTEXT() REPRESENTATION_CONTEXT('2D SPACE',''
  ) );
#9601 = ORIENTED_EDGE('',*,*,#5738,.T.);
#9602 = ORIENTED_EDGE('',*,*,#9558,.T.);
#9603 = ORIENTED_EDGE('',*,*,#9481,.T.);
#9604 = ADVANCED_FACE('',(#9605),#5727,.F.);
#9605 = FACE_BOUND('',#9606,.F.);
#9606 = EDGE_LOOP('',(#9607,#9630,#9651,#9652,#9653,#9654,#9673,#9674));
#9607 = ORIENTED_EDGE('',*,*,#9608,.F.);
#9608 = EDGE_CURVE('',#9609,#9278,#9611,.T.);
#9609 = VERTEX_POINT('',#9610);
#9610 = CARTESIAN_POINT('',(-0.3,105.3,5.E-02));
#9611 = SURFACE_CURVE('',#9612,(#9616,#9623),.PCURVE_S1.);
#9612 = LINE('',#9613,#9614);
#9613 = CARTESIAN_POINT('',(-0.3,105.3,5.E-02));
#9614 = VECTOR('',#9615,1.);
#9615 = DIRECTION('',(1.,0.,0.));
#9616 = PCURVE('',#5727,#9617);
#9617 = DEFINITIONAL_REPRESENTATION('',(#9618),#9622);
#9618 = LINE('',#9619,#9620);
#9619 = CARTESIAN_POINT('',(0.,0.));
#9620 = VECTOR('',#9621,1.);
#9621 = DIRECTION('',(0.,1.));
#9622 = ( GEOMETRIC_REPRESENTATION_CONTEXT(2) 
PARAMETRIC_REPRESENTATION_CONTEXT() REPRESENTATION_CONTEXT('2D SPACE',''
  ) );
#9623 = PCURVE('',#9315,#9624);
#9624 = DEFINITIONAL_REPRESENTATION('',(#9625),#9629);
#9625 = LINE('',#9626,#9627);
#9626 = CARTESIAN_POINT('',(0.,105.6));
#9627 = VECTOR('',#9628,1.);
#9628 = DIRECTION('',(1.,0.));
#9629 = ( GEOMETRIC_REPRESENTATION_CONTEXT(2) 
PARAMETRIC_REPRESENTATION_CONTEXT() REPRESENTATION_CONTEXT('2D SPACE',''
  ) );
#9630 = ORIENTED_EDGE('',*,*,#9631,.T.);
#9631 = EDGE_CURVE('',#9609,#5687,#9632,.T.);
#9632 = SURFACE_CURVE('',#9633,(#9637,#9644),.PCURVE_S1.);
#9633 = LINE('',#9634,#9635);
#9634 = CARTESIAN_POINT('',(-0.3,105.3,5.E-02));
#9635 = VECTOR('',#9636,1.);
#9636 = DIRECTION('',(0.,0.,1.));
#9637 = PCURVE('',#5727,#9638);
#9638 = DEFINITIONAL_REPRESENTATION('',(#9639),#9643);
#9639 = LINE('',#9640,#9641);
#9640 = CARTESIAN_POINT('',(0.,0.));
#9641 = VECTOR('',#9642,1.);
#9642 = DIRECTION('',(1.,0.));
#9643 = ( GEOMETRIC_REPRESENTATION_CONTEXT(2) 
PARAMETRIC_REPRESENTATION_CONTEXT() REPRESENTATION_CONTEXT('2D SPACE',''
  ) );
#9644 = PCURVE('',#5701,#9645);
#9645 = DEFINITIONAL_REPRESENTATION('',(#9646),#9650);
#9646 = LINE('',#9647,#9648);
#9647 = CARTESIAN_POINT('',(0.,-105.6));
#9648 = VECTOR('',#9649,1.);
#9649 = DIRECTION('',(1.,0.));
#9650 = ( GEOMETRIC_REPRESENTATION_CONTEXT(2) 
PARAMETRIC_REPRESENTATION_CONTEXT() REPRESENTATION_CONTEXT('2D SPACE',''
  ) );
#9651 = ORIENTED_EDGE('',*,*,#5712,.F.);
#9652 = ORIENTED_EDGE('',*,*,#9583,.F.);
#9653 = ORIENTED_EDGE('',*,*,#9505,.F.);
#9654 = ORIENTED_EDGE('',*,*,#9655,.T.);
#9655 = EDGE_CURVE('',#9506,#9197,#9656,.T.);
#9656 = SURFACE_CURVE('',#9657,(#9661,#9667),.PCURVE_S1.);
#9657 = LINE('',#9658,#9659);
#9658 = CARTESIAN_POINT('',(1.52575709992,105.3,0.25));
#9659 = VECTOR('',#9660,1.);
#9660 = DIRECTION('',(-0.,-0.,-1.));
#9661 = PCURVE('',#5727,#9662);
#9662 = DEFINITIONAL_REPRESENTATION('',(#9663),#9666);
#9663 = B_SPLINE_CURVE_WITH_KNOTS('',1,(#9664,#9665),.UNSPECIFIED.,.F.,
  .F.,(2,2),(-1.2500006,5.00006E-02),.PIECEWISE_BEZIER_KNOTS.);
#9664 = CARTESIAN_POINT('',(1.4500006,1.82575709992));
#9665 = CARTESIAN_POINT('',(0.1499994,1.82575709992));
#9666 = ( GEOMETRIC_REPRESENTATION_CONTEXT(2) 
PARAMETRIC_REPRESENTATION_CONTEXT() REPRESENTATION_CONTEXT('2D SPACE',''
  ) );
#9667 = PCURVE('',#9238,#9668);
#9668 = DEFINITIONAL_REPRESENTATION('',(#9669),#9672);
#9669 = B_SPLINE_CURVE_WITH_KNOTS('',1,(#9670,#9671),.UNSPECIFIED.,.F.,
  .F.,(2,2),(-1.2500006,5.00006E-02),.PIECEWISE_BEZIER_KNOTS.);
#9670 = CARTESIAN_POINT('',(-2.239037405653,-1.2500006));
#9671 = CARTESIAN_POINT('',(-2.239037405653,5.00006E-02));
#9672 = ( GEOMETRIC_REPRESENTATION_CONTEXT(2) 
PARAMETRIC_REPRESENTATION_CONTEXT() REPRESENTATION_CONTEXT('2D SPACE',''
  ) );
#9673 = ORIENTED_EDGE('',*,*,#9196,.T.);
#9674 = ORIENTED_EDGE('',*,*,#9277,.T.);
#9675 = ADVANCED_FACE('',(#9676),#5701,.T.);
#9676 = FACE_BOUND('',#9677,.T.);
#9677 = EDGE_LOOP('',(#9678,#9679,#9700,#9701,#9702,#9723,#9749,#9775));
#9678 = ORIENTED_EDGE('',*,*,#9331,.T.);
#9679 = ORIENTED_EDGE('',*,*,#9680,.T.);
#9680 = EDGE_CURVE('',#9299,#9609,#9681,.T.);
#9681 = SURFACE_CURVE('',#9682,(#9686,#9693),.PCURVE_S1.);
#9682 = LINE('',#9683,#9684);
#9683 = CARTESIAN_POINT('',(-0.3,-0.3,5.E-02));
#9684 = VECTOR('',#9685,1.);
#9685 = DIRECTION('',(0.,1.,0.));
#9686 = PCURVE('',#5701,#9687);
#9687 = DEFINITIONAL_REPRESENTATION('',(#9688),#9692);
#9688 = LINE('',#9689,#9690);
#9689 = CARTESIAN_POINT('',(0.,0.));
#9690 = VECTOR('',#9691,1.);
#9691 = DIRECTION('',(0.,-1.));
#9692 = ( GEOMETRIC_REPRESENTATION_CONTEXT(2) 
PARAMETRIC_REPRESENTATION_CONTEXT() REPRESENTATION_CONTEXT('2D SPACE',''
  ) );
#9693 = PCURVE('',#9315,#9694);
#9694 = DEFINITIONAL_REPRESENTATION('',(#9695),#9699);
#9695 = LINE('',#9696,#9697);
#9696 = CARTESIAN_POINT('',(0.,0.));
#9697 = VECTOR('',#9698,1.);
#9698 = DIRECTION('',(0.,1.));
#9699 = ( GEOMETRIC_REPRESENTATION_CONTEXT(2) 
PARAMETRIC_REPRESENTATION_CONTEXT() REPRESENTATION_CONTEXT('2D SPACE',''
  ) );
#9700 = ORIENTED_EDGE('',*,*,#9631,.T.);
#9701 = ORIENTED_EDGE('',*,*,#5686,.F.);
#9702 = ORIENTED_EDGE('',*,*,#9703,.F.);
#9703 = EDGE_CURVE('',#9704,#5654,#9706,.T.);
#9704 = VERTEX_POINT('',#9705);
#9705 = CARTESIAN_POINT('',(-0.3,104.9369790121,1.5));
#9706 = SURFACE_CURVE('',#9707,(#9711,#9717),.PCURVE_S1.);
#9707 = LINE('',#9708,#9709);
#9708 = CARTESIAN_POINT('',(-0.3,104.9369790121,0.35));
#9709 = VECTOR('',#9710,1.);
#9710 = DIRECTION('',(-0.,-0.,-1.));
#9711 = PCURVE('',#5701,#9712);
#9712 = DEFINITIONAL_REPRESENTATION('',(#9713),#9716);
#9713 = B_SPLINE_CURVE_WITH_KNOTS('',1,(#9714,#9715),.UNSPECIFIED.,.F.,
  .F.,(2,2),(-1.1500006,-8.99994E-02),.PIECEWISE_BEZIER_KNOTS.);
#9714 = CARTESIAN_POINT('',(1.4500006,-105.2369790121));
#9715 = CARTESIAN_POINT('',(0.3899994,-105.2369790121));
#9716 = ( GEOMETRIC_REPRESENTATION_CONTEXT(2) 
PARAMETRIC_REPRESENTATION_CONTEXT() REPRESENTATION_CONTEXT('2D SPACE',''
  ) );
#9717 = PCURVE('',#5674,#9718);
#9718 = DEFINITIONAL_REPRESENTATION('',(#9719),#9722);
#9719 = B_SPLINE_CURVE_WITH_KNOTS('',1,(#9720,#9721),.UNSPECIFIED.,.F.,
  .F.,(2,2),(-1.1500006,-8.99994E-02),.PIECEWISE_BEZIER_KNOTS.);
#9720 = CARTESIAN_POINT('',(-2.423901196617,-1.1500006));
#9721 = CARTESIAN_POINT('',(-2.423901196617,-8.99994E-02));
#9722 = ( GEOMETRIC_REPRESENTATION_CONTEXT(2) 
PARAMETRIC_REPRESENTATION_CONTEXT() REPRESENTATION_CONTEXT('2D SPACE',''
  ) );
#9723 = ORIENTED_EDGE('',*,*,#9724,.F.);
#9724 = EDGE_CURVE('',#9725,#9704,#9727,.T.);
#9725 = VERTEX_POINT('',#9726);
#9726 = CARTESIAN_POINT('',(-0.3,103.26509096147,1.5));
#9727 = SURFACE_CURVE('',#9728,(#9732,#9738),.PCURVE_S1.);
#9728 = LINE('',#9729,#9730);
#9729 = CARTESIAN_POINT('',(-0.3,-1.6625,1.5));
#9730 = VECTOR('',#9731,1.);
#9731 = DIRECTION('',(0.,1.,0.));
#9732 = PCURVE('',#5701,#9733);
#9733 = DEFINITIONAL_REPRESENTATION('',(#9734),#9737);
#9734 = B_SPLINE_CURVE_WITH_KNOTS('',1,(#9735,#9736),.UNSPECIFIED.,.F.,
  .F.,(2,2),(1.3625,106.9625),.PIECEWISE_BEZIER_KNOTS.);
#9735 = CARTESIAN_POINT('',(1.45,0.));
#9736 = CARTESIAN_POINT('',(1.45,-105.6));
#9737 = ( GEOMETRIC_REPRESENTATION_CONTEXT(2) 
PARAMETRIC_REPRESENTATION_CONTEXT() REPRESENTATION_CONTEXT('2D SPACE',''
  ) );
#9738 = PCURVE('',#9739,#9744);
#9739 = PLANE('',#9740);
#9740 = AXIS2_PLACEMENT_3D('',#9741,#9742,#9743);
#9741 = CARTESIAN_POINT('',(6.495,-3.025,1.5));
#9742 = DIRECTION('',(0.,0.,1.));
#9743 = DIRECTION('',(1.,0.,0.));
#9744 = DEFINITIONAL_REPRESENTATION('',(#9745),#9748);
#9745 = B_SPLINE_CURVE_WITH_KNOTS('',1,(#9746,#9747),.UNSPECIFIED.,.F.,
  .F.,(2,2),(1.3625,106.9625),.PIECEWISE_BEZIER_KNOTS.);
#9746 = CARTESIAN_POINT('',(-6.795,2.725));
#9747 = CARTESIAN_POINT('',(-6.795,108.325));
#9748 = ( GEOMETRIC_REPRESENTATION_CONTEXT(2) 
PARAMETRIC_REPRESENTATION_CONTEXT() REPRESENTATION_CONTEXT('2D SPACE',''
  ) );
#9749 = ORIENTED_EDGE('',*,*,#9750,.T.);
#9750 = EDGE_CURVE('',#9725,#9751,#9753,.T.);
#9751 = VERTEX_POINT('',#9752);
#9752 = CARTESIAN_POINT('',(-0.3,103.26509096147,0.2));
#9753 = SURFACE_CURVE('',#9754,(#9758,#9764),.PCURVE_S1.);
#9754 = LINE('',#9755,#9756);
#9755 = CARTESIAN_POINT('',(-0.3,103.26509096147,0.25));
#9756 = VECTOR('',#9757,1.);
#9757 = DIRECTION('',(-0.,-0.,-1.));
#9758 = PCURVE('',#5701,#9759);
#9759 = DEFINITIONAL_REPRESENTATION('',(#9760),#9763);
#9760 = B_SPLINE_CURVE_WITH_KNOTS('',1,(#9761,#9762),.UNSPECIFIED.,.F.,
  .F.,(2,2),(-1.2500006,5.00006E-02),.PIECEWISE_BEZIER_KNOTS.);
#9761 = CARTESIAN_POINT('',(1.4500006,-103.5650909614));
#9762 = CARTESIAN_POINT('',(0.1499994,-103.5650909614));
#9763 = ( GEOMETRIC_REPRESENTATION_CONTEXT(2) 
PARAMETRIC_REPRESENTATION_CONTEXT() REPRESENTATION_CONTEXT('2D SPACE',''
  ) );
#9764 = PCURVE('',#9765,#9770);
#9765 = CYLINDRICAL_SURFACE('',#9766,8.02);
#9766 = AXIS2_PLACEMENT_3D('',#9767,#9768,#9769);
#9767 = CARTESIAN_POINT('',(6.495,99.005,0.25));
#9768 = DIRECTION('',(-0.,-0.,-1.));
#9769 = DIRECTION('',(1.,0.,0.));
#9770 = DEFINITIONAL_REPRESENTATION('',(#9771),#9774);
#9771 = B_SPLINE_CURVE_WITH_KNOTS('',1,(#9772,#9773),.UNSPECIFIED.,.F.,
  .F.,(2,2),(-1.2500006,5.00006E-02),.PIECEWISE_BEZIER_KNOTS.);
#9772 = CARTESIAN_POINT('',(-2.581595942166,-1.2500006));
#9773 = CARTESIAN_POINT('',(-2.581595942166,5.00006E-02));
#9774 = ( GEOMETRIC_REPRESENTATION_CONTEXT(2) 
PARAMETRIC_REPRESENTATION_CONTEXT() REPRESENTATION_CONTEXT('2D SPACE',''
  ) );
#9775 = ORIENTED_EDGE('',*,*,#9776,.T.);
#9776 = EDGE_CURVE('',#9751,#9332,#9777,.T.);
#9777 = SURFACE_CURVE('',#9778,(#9782,#9788),.PCURVE_S1.);
#9778 = LINE('',#9779,#9780);
#9779 = CARTESIAN_POINT('',(-0.3,2.85,0.2));
#9780 = VECTOR('',#9781,1.);
#9781 = DIRECTION('',(0.,1.,0.));
#9782 = PCURVE('',#5701,#9783);
#9783 = DEFINITIONAL_REPRESENTATION('',(#9784),#9787);
#9784 = B_SPLINE_CURVE_WITH_KNOTS('',1,(#9785,#9786),.UNSPECIFIED.,.F.,
  .F.,(2,2),(-3.15,102.45),.PIECEWISE_BEZIER_KNOTS.);
#9785 = CARTESIAN_POINT('',(0.15,0.));
#9786 = CARTESIAN_POINT('',(0.15,-105.6));
#9787 = ( GEOMETRIC_REPRESENTATION_CONTEXT(2) 
PARAMETRIC_REPRESENTATION_CONTEXT() REPRESENTATION_CONTEXT('2D SPACE',''
  ) );
#9788 = PCURVE('',#9369,#9789);
#9789 = DEFINITIONAL_REPRESENTATION('',(#9790),#9793);
#9790 = B_SPLINE_CURVE_WITH_KNOTS('',1,(#9791,#9792),.UNSPECIFIED.,.F.,
  .F.,(2,2),(-3.15,102.45),.PIECEWISE_BEZIER_KNOTS.);
#9791 = CARTESIAN_POINT('',(-6.8,-6.3));
#9792 = CARTESIAN_POINT('',(-6.8,99.3));
#9793 = ( GEOMETRIC_REPRESENTATION_CONTEXT(2) 
PARAMETRIC_REPRESENTATION_CONTEXT() REPRESENTATION_CONTEXT('2D SPACE',''
  ) );
#9794 = ADVANCED_FACE('',(#9795),#5674,.T.);
#9795 = FACE_BOUND('',#9796,.F.);
#9796 = EDGE_LOOP('',(#9797,#9820,#9821,#9822));
#9797 = ORIENTED_EDGE('',*,*,#9798,.F.);
#9798 = EDGE_CURVE('',#5628,#9799,#9801,.T.);
#9799 = VERTEX_POINT('',#9800);
#9800 = CARTESIAN_POINT('',(-2.525,99.005,1.5));
#9801 = SURFACE_CURVE('',#9802,(#9806,#9813),.PCURVE_S1.);
#9802 = LINE('',#9803,#9804);
#9803 = CARTESIAN_POINT('',(-2.525,99.005,0.35));
#9804 = VECTOR('',#9805,1.);
#9805 = DIRECTION('',(0.,0.,1.));
#9806 = PCURVE('',#5674,#9807);
#9807 = DEFINITIONAL_REPRESENTATION('',(#9808),#9812);
#9808 = LINE('',#9809,#9810);
#9809 = CARTESIAN_POINT('',(-3.14159265359,-1.110223024625E-16));
#9810 = VECTOR('',#9811,1.);
#9811 = DIRECTION('',(-0.,-1.));
#9812 = ( GEOMETRIC_REPRESENTATION_CONTEXT(2) 
PARAMETRIC_REPRESENTATION_CONTEXT() REPRESENTATION_CONTEXT('2D SPACE',''
  ) );
#9813 = PCURVE('',#5642,#9814);
#9814 = DEFINITIONAL_REPRESENTATION('',(#9815),#9819);
#9815 = LINE('',#9816,#9817);
#9816 = CARTESIAN_POINT('',(0.,-93.01));
#9817 = VECTOR('',#9818,1.);
#9818 = DIRECTION('',(1.,0.));
#9819 = ( GEOMETRIC_REPRESENTATION_CONTEXT(2) 
PARAMETRIC_REPRESENTATION_CONTEXT() REPRESENTATION_CONTEXT('2D SPACE',''
  ) );
#9820 = ORIENTED_EDGE('',*,*,#5653,.T.);
#9821 = ORIENTED_EDGE('',*,*,#9703,.F.);
#9822 = ORIENTED_EDGE('',*,*,#9823,.T.);
#9823 = EDGE_CURVE('',#9704,#9799,#9824,.T.);
#9824 = SURFACE_CURVE('',#9825,(#9830,#9837),.PCURVE_S1.);
#9825 = CIRCLE('',#9826,9.02);
#9826 = AXIS2_PLACEMENT_3D('',#9827,#9828,#9829);
#9827 = CARTESIAN_POINT('',(6.495,99.005,1.5));
#9828 = DIRECTION('',(0.,0.,1.));
#9829 = DIRECTION('',(1.,0.,0.));
#9830 = PCURVE('',#5674,#9831);
#9831 = DEFINITIONAL_REPRESENTATION('',(#9832),#9836);
#9832 = LINE('',#9833,#9834);
#9833 = CARTESIAN_POINT('',(-0.,-1.15));
#9834 = VECTOR('',#9835,1.);
#9835 = DIRECTION('',(-1.,0.));
#9836 = ( GEOMETRIC_REPRESENTATION_CONTEXT(2) 
PARAMETRIC_REPRESENTATION_CONTEXT() REPRESENTATION_CONTEXT('2D SPACE',''
  ) );
#9837 = PCURVE('',#9739,#9838);
#9838 = DEFINITIONAL_REPRESENTATION('',(#9839),#9843);
#9839 = CIRCLE('',#9840,9.02);
#9840 = AXIS2_PLACEMENT_2D('',#9841,#9842);
#9841 = CARTESIAN_POINT('',(0.,102.03));
#9842 = DIRECTION('',(1.,0.));
#9843 = ( GEOMETRIC_REPRESENTATION_CONTEXT(2) 
PARAMETRIC_REPRESENTATION_CONTEXT() REPRESENTATION_CONTEXT('2D SPACE',''
  ) );
#9844 = ADVANCED_FACE('',(#9845),#5642,.F.);
#9845 = FACE_BOUND('',#9846,.F.);
#9846 = EDGE_LOOP('',(#9847,#9870,#9871,#9872));
#9847 = ORIENTED_EDGE('',*,*,#9848,.F.);
#9848 = EDGE_CURVE('',#5595,#9849,#9851,.T.);
#9849 = VERTEX_POINT('',#9850);
#9850 = CARTESIAN_POINT('',(-2.525,5.995,1.5));
#9851 = SURFACE_CURVE('',#9852,(#9856,#9863),.PCURVE_S1.);
#9852 = LINE('',#9853,#9854);
#9853 = CARTESIAN_POINT('',(-2.525,5.995,0.35));
#9854 = VECTOR('',#9855,1.);
#9855 = DIRECTION('',(0.,0.,1.));
#9856 = PCURVE('',#5642,#9857);
#9857 = DEFINITIONAL_REPRESENTATION('',(#9858),#9862);
#9858 = LINE('',#9859,#9860);
#9859 = CARTESIAN_POINT('',(0.,0.));
#9860 = VECTOR('',#9861,1.);
#9861 = DIRECTION('',(1.,0.));
#9862 = ( GEOMETRIC_REPRESENTATION_CONTEXT(2) 
PARAMETRIC_REPRESENTATION_CONTEXT() REPRESENTATION_CONTEXT('2D SPACE',''
  ) );
#9863 = PCURVE('',#5615,#9864);
#9864 = DEFINITIONAL_REPRESENTATION('',(#9865),#9869);
#9865 = LINE('',#9866,#9867);
#9866 = CARTESIAN_POINT('',(-3.14159265359,-1.110223024625E-16));
#9867 = VECTOR('',#9868,1.);
#9868 = DIRECTION('',(-0.,-1.));
#9869 = ( GEOMETRIC_REPRESENTATION_CONTEXT(2) 
PARAMETRIC_REPRESENTATION_CONTEXT() REPRESENTATION_CONTEXT('2D SPACE',''
  ) );
#9870 = ORIENTED_EDGE('',*,*,#5627,.T.);
#9871 = ORIENTED_EDGE('',*,*,#9798,.T.);
#9872 = ORIENTED_EDGE('',*,*,#9873,.F.);
#9873 = EDGE_CURVE('',#9849,#9799,#9874,.T.);
#9874 = SURFACE_CURVE('',#9875,(#9879,#9886),.PCURVE_S1.);
#9875 = LINE('',#9876,#9877);
#9876 = CARTESIAN_POINT('',(-2.525,5.995,1.5));
#9877 = VECTOR('',#9878,1.);
#9878 = DIRECTION('',(0.,1.,0.));
#9879 = PCURVE('',#5642,#9880);
#9880 = DEFINITIONAL_REPRESENTATION('',(#9881),#9885);
#9881 = LINE('',#9882,#9883);
#9882 = CARTESIAN_POINT('',(1.15,0.));
#9883 = VECTOR('',#9884,1.);
#9884 = DIRECTION('',(0.,-1.));
#9885 = ( GEOMETRIC_REPRESENTATION_CONTEXT(2) 
PARAMETRIC_REPRESENTATION_CONTEXT() REPRESENTATION_CONTEXT('2D SPACE',''
  ) );
#9886 = PCURVE('',#9739,#9887);
#9887 = DEFINITIONAL_REPRESENTATION('',(#9888),#9892);
#9888 = LINE('',#9889,#9890);
#9889 = CARTESIAN_POINT('',(-9.02,9.02));
#9890 = VECTOR('',#9891,1.);
#9891 = DIRECTION('',(0.,1.));
#9892 = ( GEOMETRIC_REPRESENTATION_CONTEXT(2) 
PARAMETRIC_REPRESENTATION_CONTEXT() REPRESENTATION_CONTEXT('2D SPACE',''
  ) );
#9893 = ADVANCED_FACE('',(#9894),#5615,.T.);
#9894 = FACE_BOUND('',#9895,.F.);
#9895 = EDGE_LOOP('',(#9896,#9917,#9918,#9919));
#9896 = ORIENTED_EDGE('',*,*,#9897,.T.);
#9897 = EDGE_CURVE('',#9898,#5569,#9900,.T.);
#9898 = VERTEX_POINT('',#9899);
#9899 = CARTESIAN_POINT('',(-0.3,6.302098789955E-02,1.5));
#9900 = SURFACE_CURVE('',#9901,(#9905,#9911),.PCURVE_S1.);
#9901 = LINE('',#9902,#9903);
#9902 = CARTESIAN_POINT('',(-0.3,6.302098789955E-02,0.35));
#9903 = VECTOR('',#9904,1.);
#9904 = DIRECTION('',(-0.,-0.,-1.));
#9905 = PCURVE('',#5615,#9906);
#9906 = DEFINITIONAL_REPRESENTATION('',(#9907),#9910);
#9907 = B_SPLINE_CURVE_WITH_KNOTS('',1,(#9908,#9909),.UNSPECIFIED.,.F.,
  .F.,(2,2),(-1.1500006,-8.99994E-02),.PIECEWISE_BEZIER_KNOTS.);
#9908 = CARTESIAN_POINT('',(-3.859284110563,-1.1500006));
#9909 = CARTESIAN_POINT('',(-3.859284110563,-8.99994E-02));
#9910 = ( GEOMETRIC_REPRESENTATION_CONTEXT(2) 
PARAMETRIC_REPRESENTATION_CONTEXT() REPRESENTATION_CONTEXT('2D SPACE',''
  ) );
#9911 = PCURVE('',#5583,#9912);
#9912 = DEFINITIONAL_REPRESENTATION('',(#9913),#9916);
#9913 = B_SPLINE_CURVE_WITH_KNOTS('',1,(#9914,#9915),.UNSPECIFIED.,.F.,
  .F.,(2,2),(-1.1500006,-8.99994E-02),.PIECEWISE_BEZIER_KNOTS.);
#9914 = CARTESIAN_POINT('',(1.4500006,-0.3630209879));
#9915 = CARTESIAN_POINT('',(0.3899994,-0.3630209879));
#9916 = ( GEOMETRIC_REPRESENTATION_CONTEXT(2) 
PARAMETRIC_REPRESENTATION_CONTEXT() REPRESENTATION_CONTEXT('2D SPACE',''
  ) );
#9917 = ORIENTED_EDGE('',*,*,#5594,.T.);
#9918 = ORIENTED_EDGE('',*,*,#9848,.T.);
#9919 = ORIENTED_EDGE('',*,*,#9920,.T.);
#9920 = EDGE_CURVE('',#9849,#9898,#9921,.T.);
#9921 = SURFACE_CURVE('',#9922,(#9927,#9934),.PCURVE_S1.);
#9922 = CIRCLE('',#9923,9.02);
#9923 = AXIS2_PLACEMENT_3D('',#9924,#9925,#9926);
#9924 = CARTESIAN_POINT('',(6.495,5.995,1.5));
#9925 = DIRECTION('',(0.,0.,1.));
#9926 = DIRECTION('',(1.,0.,0.));
#9927 = PCURVE('',#5615,#9928);
#9928 = DEFINITIONAL_REPRESENTATION('',(#9929),#9933);
#9929 = LINE('',#9930,#9931);
#9930 = CARTESIAN_POINT('',(-0.,-1.15));
#9931 = VECTOR('',#9932,1.);
#9932 = DIRECTION('',(-1.,0.));
#9933 = ( GEOMETRIC_REPRESENTATION_CONTEXT(2) 
PARAMETRIC_REPRESENTATION_CONTEXT() REPRESENTATION_CONTEXT('2D SPACE',''
  ) );
#9934 = PCURVE('',#9739,#9935);
#9935 = DEFINITIONAL_REPRESENTATION('',(#9936),#9940);
#9936 = CIRCLE('',#9937,9.02);
#9937 = AXIS2_PLACEMENT_2D('',#9938,#9939);
#9938 = CARTESIAN_POINT('',(0.,9.02));
#9939 = DIRECTION('',(1.,0.));
#9940 = ( GEOMETRIC_REPRESENTATION_CONTEXT(2) 
PARAMETRIC_REPRESENTATION_CONTEXT() REPRESENTATION_CONTEXT('2D SPACE',''
  ) );
#9941 = ADVANCED_FACE('',(#9942),#5583,.T.);
#9942 = FACE_BOUND('',#9943,.T.);
#9943 = EDGE_LOOP('',(#9944,#9967,#9988,#9989,#10010,#10036,#10055,
    #10056));
#9944 = ORIENTED_EDGE('',*,*,#9945,.F.);
#9945 = EDGE_CURVE('',#9946,#5543,#9948,.T.);
#9946 = VERTEX_POINT('',#9947);
#9947 = CARTESIAN_POINT('',(-0.3,-0.3,5.E-02));
#9948 = SURFACE_CURVE('',#9949,(#9953,#9960),.PCURVE_S1.);
#9949 = LINE('',#9950,#9951);
#9950 = CARTESIAN_POINT('',(-0.3,-0.3,5.E-02));
#9951 = VECTOR('',#9952,1.);
#9952 = DIRECTION('',(0.,0.,1.));
#9953 = PCURVE('',#5583,#9954);
#9954 = DEFINITIONAL_REPRESENTATION('',(#9955),#9959);
#9955 = LINE('',#9956,#9957);
#9956 = CARTESIAN_POINT('',(0.,0.));
#9957 = VECTOR('',#9958,1.);
#9958 = DIRECTION('',(1.,0.));
#9959 = ( GEOMETRIC_REPRESENTATION_CONTEXT(2) 
PARAMETRIC_REPRESENTATION_CONTEXT() REPRESENTATION_CONTEXT('2D SPACE',''
  ) );
#9960 = PCURVE('',#5557,#9961);
#9961 = DEFINITIONAL_REPRESENTATION('',(#9962),#9966);
#9962 = LINE('',#9963,#9964);
#9963 = CARTESIAN_POINT('',(0.,0.));
#9964 = VECTOR('',#9965,1.);
#9965 = DIRECTION('',(1.,0.));
#9966 = ( GEOMETRIC_REPRESENTATION_CONTEXT(2) 
PARAMETRIC_REPRESENTATION_CONTEXT() REPRESENTATION_CONTEXT('2D SPACE',''
  ) );
#9967 = ORIENTED_EDGE('',*,*,#9968,.T.);
#9968 = EDGE_CURVE('',#9946,#6252,#9969,.T.);
#9969 = SURFACE_CURVE('',#9970,(#9974,#9981),.PCURVE_S1.);
#9970 = LINE('',#9971,#9972);
#9971 = CARTESIAN_POINT('',(-0.3,-0.3,5.E-02));
#9972 = VECTOR('',#9973,1.);
#9973 = DIRECTION('',(0.,1.,0.));
#9974 = PCURVE('',#5583,#9975);
#9975 = DEFINITIONAL_REPRESENTATION('',(#9976),#9980);
#9976 = LINE('',#9977,#9978);
#9977 = CARTESIAN_POINT('',(0.,0.));
#9978 = VECTOR('',#9979,1.);
#9979 = DIRECTION('',(0.,-1.));
#9980 = ( GEOMETRIC_REPRESENTATION_CONTEXT(2) 
PARAMETRIC_REPRESENTATION_CONTEXT() REPRESENTATION_CONTEXT('2D SPACE',''
  ) );
#9981 = PCURVE('',#6289,#9982);
#9982 = DEFINITIONAL_REPRESENTATION('',(#9983),#9987);
#9983 = LINE('',#9984,#9985);
#9984 = CARTESIAN_POINT('',(0.,0.));
#9985 = VECTOR('',#9986,1.);
#9986 = DIRECTION('',(0.,1.));
#9987 = ( GEOMETRIC_REPRESENTATION_CONTEXT(2) 
PARAMETRIC_REPRESENTATION_CONTEXT() REPRESENTATION_CONTEXT('2D SPACE',''
  ) );
#9988 = ORIENTED_EDGE('',*,*,#6251,.F.);
#9989 = ORIENTED_EDGE('',*,*,#9990,.T.);
#9990 = EDGE_CURVE('',#6219,#9991,#9993,.T.);
#9991 = VERTEX_POINT('',#9992);
#9992 = CARTESIAN_POINT('',(-0.3,1.73490903853,0.2));
#9993 = SURFACE_CURVE('',#9994,(#9998,#10004),.PCURVE_S1.);
#9994 = LINE('',#9995,#9996);
#9995 = CARTESIAN_POINT('',(-0.3,2.85,0.2));
#9996 = VECTOR('',#9997,1.);
#9997 = DIRECTION('',(0.,1.,0.));
#9998 = PCURVE('',#5583,#9999);
#9999 = DEFINITIONAL_REPRESENTATION('',(#10000),#10003);
#10000 = B_SPLINE_CURVE_WITH_KNOTS('',1,(#10001,#10002),.UNSPECIFIED.,
  .F.,.F.,(2,2),(-3.15,102.45),.PIECEWISE_BEZIER_KNOTS.);
#10001 = CARTESIAN_POINT('',(0.15,0.));
#10002 = CARTESIAN_POINT('',(0.15,-105.6));
#10003 = ( GEOMETRIC_REPRESENTATION_CONTEXT(2) 
PARAMETRIC_REPRESENTATION_CONTEXT() REPRESENTATION_CONTEXT('2D SPACE',''
  ) );
#10004 = PCURVE('',#6235,#10005);
#10005 = DEFINITIONAL_REPRESENTATION('',(#10006),#10009);
#10006 = B_SPLINE_CURVE_WITH_KNOTS('',1,(#10007,#10008),.UNSPECIFIED.,
  .F.,.F.,(2,2),(-3.15,102.45),.PIECEWISE_BEZIER_KNOTS.);
#10007 = CARTESIAN_POINT('',(-6.8,-6.3));
#10008 = CARTESIAN_POINT('',(-6.8,99.3));
#10009 = ( GEOMETRIC_REPRESENTATION_CONTEXT(2) 
PARAMETRIC_REPRESENTATION_CONTEXT() REPRESENTATION_CONTEXT('2D SPACE',''
  ) );
#10010 = ORIENTED_EDGE('',*,*,#10011,.F.);
#10011 = EDGE_CURVE('',#10012,#9991,#10014,.T.);
#10012 = VERTEX_POINT('',#10013);
#10013 = CARTESIAN_POINT('',(-0.3,1.73490903853,1.5));
#10014 = SURFACE_CURVE('',#10015,(#10019,#10025),.PCURVE_S1.);
#10015 = LINE('',#10016,#10017);
#10016 = CARTESIAN_POINT('',(-0.3,1.73490903853,0.25));
#10017 = VECTOR('',#10018,1.);
#10018 = DIRECTION('',(-0.,-0.,-1.));
#10019 = PCURVE('',#5583,#10020);
#10020 = DEFINITIONAL_REPRESENTATION('',(#10021),#10024);
#10021 = B_SPLINE_CURVE_WITH_KNOTS('',1,(#10022,#10023),.UNSPECIFIED.,
  .F.,.F.,(2,2),(-1.2500006,5.00006E-02),.PIECEWISE_BEZIER_KNOTS.);
#10022 = CARTESIAN_POINT('',(1.4500006,-2.03490903853));
#10023 = CARTESIAN_POINT('',(0.1499994,-2.03490903853));
#10024 = ( GEOMETRIC_REPRESENTATION_CONTEXT(2) 
PARAMETRIC_REPRESENTATION_CONTEXT() REPRESENTATION_CONTEXT('2D SPACE',''
  ) );
#10025 = PCURVE('',#10026,#10031);
#10026 = CYLINDRICAL_SURFACE('',#10027,8.02);
#10027 = AXIS2_PLACEMENT_3D('',#10028,#10029,#10030);
#10028 = CARTESIAN_POINT('',(6.495,5.995,0.25));
#10029 = DIRECTION('',(-0.,-0.,-1.));
#10030 = DIRECTION('',(1.,0.,0.));
#10031 = DEFINITIONAL_REPRESENTATION('',(#10032),#10035);
#10032 = B_SPLINE_CURVE_WITH_KNOTS('',1,(#10033,#10034),.UNSPECIFIED.,
  .F.,.F.,(2,2),(-1.2500006,5.00006E-02),.PIECEWISE_BEZIER_KNOTS.);
#10033 = CARTESIAN_POINT('',(-3.701589365013,-1.2500006));
#10034 = CARTESIAN_POINT('',(-3.701589365013,5.00006E-02));
#10035 = ( GEOMETRIC_REPRESENTATION_CONTEXT(2) 
PARAMETRIC_REPRESENTATION_CONTEXT() REPRESENTATION_CONTEXT('2D SPACE',''
  ) );
#10036 = ORIENTED_EDGE('',*,*,#10037,.F.);
#10037 = EDGE_CURVE('',#9898,#10012,#10038,.T.);
#10038 = SURFACE_CURVE('',#10039,(#10043,#10049),.PCURVE_S1.);
#10039 = LINE('',#10040,#10041);
#10040 = CARTESIAN_POINT('',(-0.3,-1.6625,1.5));
#10041 = VECTOR('',#10042,1.);
#10042 = DIRECTION('',(0.,1.,0.));
#10043 = PCURVE('',#5583,#10044);
#10044 = DEFINITIONAL_REPRESENTATION('',(#10045),#10048);
#10045 = B_SPLINE_CURVE_WITH_KNOTS('',1,(#10046,#10047),.UNSPECIFIED.,
  .F.,.F.,(2,2),(1.3625,106.9625),.PIECEWISE_BEZIER_KNOTS.);
#10046 = CARTESIAN_POINT('',(1.45,0.));
#10047 = CARTESIAN_POINT('',(1.45,-105.6));
#10048 = ( GEOMETRIC_REPRESENTATION_CONTEXT(2) 
PARAMETRIC_REPRESENTATION_CONTEXT() REPRESENTATION_CONTEXT('2D SPACE',''
  ) );
#10049 = PCURVE('',#9739,#10050);
#10050 = DEFINITIONAL_REPRESENTATION('',(#10051),#10054);
#10051 = B_SPLINE_CURVE_WITH_KNOTS('',1,(#10052,#10053),.UNSPECIFIED.,
  .F.,.F.,(2,2),(1.3625,106.9625),.PIECEWISE_BEZIER_KNOTS.);
#10052 = CARTESIAN_POINT('',(-6.795,2.725));
#10053 = CARTESIAN_POINT('',(-6.795,108.325));
#10054 = ( GEOMETRIC_REPRESENTATION_CONTEXT(2) 
PARAMETRIC_REPRESENTATION_CONTEXT() REPRESENTATION_CONTEXT('2D SPACE',''
  ) );
#10055 = ORIENTED_EDGE('',*,*,#9897,.T.);
#10056 = ORIENTED_EDGE('',*,*,#5568,.F.);
#10057 = ADVANCED_FACE('',(#10058),#5557,.T.);
#10058 = FACE_BOUND('',#10059,.T.);
#10059 = EDGE_LOOP('',(#10060,#10081,#10082,#10083,#10084,#10085,#10104,
    #10105));
#10060 = ORIENTED_EDGE('',*,*,#10061,.F.);
#10061 = EDGE_CURVE('',#9946,#6273,#10062,.T.);
#10062 = SURFACE_CURVE('',#10063,(#10067,#10074),.PCURVE_S1.);
#10063 = LINE('',#10064,#10065);
#10064 = CARTESIAN_POINT('',(-0.3,-0.3,5.E-02));
#10065 = VECTOR('',#10066,1.);
#10066 = DIRECTION('',(1.,0.,0.));
#10067 = PCURVE('',#5557,#10068);
#10068 = DEFINITIONAL_REPRESENTATION('',(#10069),#10073);
#10069 = LINE('',#10070,#10071);
#10070 = CARTESIAN_POINT('',(0.,0.));
#10071 = VECTOR('',#10072,1.);
#10072 = DIRECTION('',(0.,1.));
#10073 = ( GEOMETRIC_REPRESENTATION_CONTEXT(2) 
PARAMETRIC_REPRESENTATION_CONTEXT() REPRESENTATION_CONTEXT('2D SPACE',''
  ) );
#10074 = PCURVE('',#6289,#10075);
#10075 = DEFINITIONAL_REPRESENTATION('',(#10076),#10080);
#10076 = LINE('',#10077,#10078);
#10077 = CARTESIAN_POINT('',(0.,0.));
#10078 = VECTOR('',#10079,1.);
#10079 = DIRECTION('',(1.,0.));
#10080 = ( GEOMETRIC_REPRESENTATION_CONTEXT(2) 
PARAMETRIC_REPRESENTATION_CONTEXT() REPRESENTATION_CONTEXT('2D SPACE',''
  ) );
#10081 = ORIENTED_EDGE('',*,*,#9945,.T.);
#10082 = ORIENTED_EDGE('',*,*,#5542,.F.);
#10083 = ORIENTED_EDGE('',*,*,#6084,.F.);
#10084 = ORIENTED_EDGE('',*,*,#6060,.F.);
#10085 = ORIENTED_EDGE('',*,*,#10086,.T.);
#10086 = EDGE_CURVE('',#6033,#6359,#10087,.T.);
#10087 = SURFACE_CURVE('',#10088,(#10092,#10098),.PCURVE_S1.);
#10088 = LINE('',#10089,#10090);
#10089 = CARTESIAN_POINT('',(1.52575709992,-0.3,0.25));
#10090 = VECTOR('',#10091,1.);
#10091 = DIRECTION('',(-0.,-0.,-1.));
#10092 = PCURVE('',#5557,#10093);
#10093 = DEFINITIONAL_REPRESENTATION('',(#10094),#10097);
#10094 = B_SPLINE_CURVE_WITH_KNOTS('',1,(#10095,#10096),.UNSPECIFIED.,
  .F.,.F.,(2,2),(-1.2500006,5.00006E-02),.PIECEWISE_BEZIER_KNOTS.);
#10095 = CARTESIAN_POINT('',(1.4500006,1.82575709992));
#10096 = CARTESIAN_POINT('',(0.1499994,1.82575709992));
#10097 = ( GEOMETRIC_REPRESENTATION_CONTEXT(2) 
PARAMETRIC_REPRESENTATION_CONTEXT() REPRESENTATION_CONTEXT('2D SPACE',''
  ) );
#10098 = PCURVE('',#5992,#10099);
#10099 = DEFINITIONAL_REPRESENTATION('',(#10100),#10103);
#10100 = B_SPLINE_CURVE_WITH_KNOTS('',1,(#10101,#10102),.UNSPECIFIED.,
  .F.,.F.,(2,2),(-1.2500006,5.00006E-02),.PIECEWISE_BEZIER_KNOTS.);
#10101 = CARTESIAN_POINT('',(-4.044147901527,-1.2500006));
#10102 = CARTESIAN_POINT('',(-4.044147901527,5.00006E-02));
#10103 = ( GEOMETRIC_REPRESENTATION_CONTEXT(2) 
PARAMETRIC_REPRESENTATION_CONTEXT() REPRESENTATION_CONTEXT('2D SPACE',''
  ) );
#10104 = ORIENTED_EDGE('',*,*,#6386,.T.);
#10105 = ORIENTED_EDGE('',*,*,#6305,.T.);
#10106 = ADVANCED_FACE('',(#10107),#5992,.F.);
#10107 = FACE_BOUND('',#10108,.T.);
#10108 = EDGE_LOOP('',(#10109,#10110,#10111,#10112));
#10109 = ORIENTED_EDGE('',*,*,#6032,.F.);
#10110 = ORIENTED_EDGE('',*,*,#5979,.T.);
#10111 = ORIENTED_EDGE('',*,*,#6358,.T.);
#10112 = ORIENTED_EDGE('',*,*,#10086,.F.);
#10113 = ADVANCED_FACE('',(#10114),#6289,.T.);
#10114 = FACE_BOUND('',#10115,.T.);
#10115 = EDGE_LOOP('',(#10116,#10117,#10118));
#10116 = ORIENTED_EDGE('',*,*,#9968,.F.);
#10117 = ORIENTED_EDGE('',*,*,#10061,.T.);
#10118 = ORIENTED_EDGE('',*,*,#6272,.T.);
#10119 = ADVANCED_FACE('',(#10120),#6235,.F.);
#10120 = FACE_BOUND('',#10121,.F.);
#10121 = EDGE_LOOP('',(#10122,#10151,#10177,#10196,#10197,#10198));
#10122 = ORIENTED_EDGE('',*,*,#10123,.T.);
#10123 = EDGE_CURVE('',#10124,#10126,#10128,.T.);
#10124 = VERTEX_POINT('',#10125);
#10125 = CARTESIAN_POINT('',(-1.525,5.995,0.2));
#10126 = VERTEX_POINT('',#10127);
#10127 = CARTESIAN_POINT('',(-1.525,16.463770850426,0.2));
#10128 = SURFACE_CURVE('',#10129,(#10133,#10139),.PCURVE_S1.);
#10129 = LINE('',#10130,#10131);
#10130 = CARTESIAN_POINT('',(-1.525,5.9975,0.2));
#10131 = VECTOR('',#10132,1.);
#10132 = DIRECTION('',(0.,1.,0.));
#10133 = PCURVE('',#6235,#10134);
#10134 = DEFINITIONAL_REPRESENTATION('',(#10135),#10138);
#10135 = B_SPLINE_CURVE_WITH_KNOTS('',1,(#10136,#10137),.UNSPECIFIED.,
  .F.,.F.,(2,2),(-2.500000000005E-03,93.0075),.PIECEWISE_BEZIER_KNOTS.);
#10136 = CARTESIAN_POINT('',(-8.025,-5.00000000001E-03));
#10137 = CARTESIAN_POINT('',(-8.025,93.005));
#10138 = ( GEOMETRIC_REPRESENTATION_CONTEXT(2) 
PARAMETRIC_REPRESENTATION_CONTEXT() REPRESENTATION_CONTEXT('2D SPACE',''
  ) );
#10139 = PCURVE('',#10140,#10145);
#10140 = PLANE('',#10141);
#10141 = AXIS2_PLACEMENT_3D('',#10142,#10143,#10144);
#10142 = CARTESIAN_POINT('',(-1.525,5.995,0.25));
#10143 = DIRECTION('',(1.,0.,0.));
#10144 = DIRECTION('',(0.,0.,1.));
#10145 = DEFINITIONAL_REPRESENTATION('',(#10146),#10150);
#10146 = LINE('',#10147,#10148);
#10147 = CARTESIAN_POINT('',(-5.E-02,-2.500000000005E-03));
#10148 = VECTOR('',#10149,1.);
#10149 = DIRECTION('',(0.,-1.));
#10150 = ( GEOMETRIC_REPRESENTATION_CONTEXT(2) 
PARAMETRIC_REPRESENTATION_CONTEXT() REPRESENTATION_CONTEXT('2D SPACE',''
  ) );
#10151 = ORIENTED_EDGE('',*,*,#10152,.F.);
#10152 = EDGE_CURVE('',#10153,#10126,#10155,.T.);
#10153 = VERTEX_POINT('',#10154);
#10154 = CARTESIAN_POINT('',(-2.7,16.463770850426,0.2));
#10155 = SURFACE_CURVE('',#10156,(#10160,#10166),.PCURVE_S1.);
#10156 = LINE('',#10157,#10158);
#10157 = CARTESIAN_POINT('',(-5.7,16.463770850426,0.2));
#10158 = VECTOR('',#10159,1.);
#10159 = DIRECTION('',(1.,0.,0.));
#10160 = PCURVE('',#6235,#10161);
#10161 = DEFINITIONAL_REPRESENTATION('',(#10162),#10165);
#10162 = B_SPLINE_CURVE_WITH_KNOTS('',1,(#10163,#10164),.UNSPECIFIED.,
  .F.,.F.,(2,2),(2.76,5.5000006),.PIECEWISE_BEZIER_KNOTS.);
#10163 = CARTESIAN_POINT('',(-9.44,10.463770850426));
#10164 = CARTESIAN_POINT('',(-6.6999994,10.463770850426));
#10165 = ( GEOMETRIC_REPRESENTATION_CONTEXT(2) 
PARAMETRIC_REPRESENTATION_CONTEXT() REPRESENTATION_CONTEXT('2D SPACE',''
  ) );
#10166 = PCURVE('',#10167,#10172);
#10167 = CYLINDRICAL_SURFACE('',#10168,6.);
#10168 = AXIS2_PLACEMENT_3D('',#10169,#10170,#10171);
#10169 = CARTESIAN_POINT('',(-5.7,18.,-5.6));
#10170 = DIRECTION('',(1.,0.,0.));
#10171 = DIRECTION('',(-0.,0.,1.));
#10172 = DEFINITIONAL_REPRESENTATION('',(#10173),#10176);
#10173 = B_SPLINE_CURVE_WITH_KNOTS('',1,(#10174,#10175),.UNSPECIFIED.,
  .F.,.F.,(2,2),(3.,4.175),.PIECEWISE_BEZIER_KNOTS.);
#10174 = CARTESIAN_POINT('',(6.542106849186,3.));
#10175 = CARTESIAN_POINT('',(6.542106849186,4.175));
#10176 = ( GEOMETRIC_REPRESENTATION_CONTEXT(2) 
PARAMETRIC_REPRESENTATION_CONTEXT() REPRESENTATION_CONTEXT('2D SPACE',''
  ) );
#10177 = ORIENTED_EDGE('',*,*,#10178,.T.);
#10178 = EDGE_CURVE('',#10153,#6191,#10179,.T.);
#10179 = SURFACE_CURVE('',#10180,(#10184,#10190),.PCURVE_S1.);
#10180 = LINE('',#10181,#10182);
#10181 = CARTESIAN_POINT('',(-2.7,6.,0.2));
#10182 = VECTOR('',#10183,1.);
#10183 = DIRECTION('',(0.,-1.,0.));
#10184 = PCURVE('',#6235,#10185);
#10185 = DEFINITIONAL_REPRESENTATION('',(#10186),#10189);
#10186 = B_SPLINE_CURVE_WITH_KNOTS('',1,(#10187,#10188),.UNSPECIFIED.,
  .F.,.F.,(2,2),(-93.,0.),.PIECEWISE_BEZIER_KNOTS.);
#10187 = CARTESIAN_POINT('',(-9.2,93.));
#10188 = CARTESIAN_POINT('',(-9.2,0.));
#10189 = ( GEOMETRIC_REPRESENTATION_CONTEXT(2) 
PARAMETRIC_REPRESENTATION_CONTEXT() REPRESENTATION_CONTEXT('2D SPACE',''
  ) );
#10190 = PCURVE('',#6206,#10191);
#10191 = DEFINITIONAL_REPRESENTATION('',(#10192),#10195);
#10192 = B_SPLINE_CURVE_WITH_KNOTS('',1,(#10193,#10194),.UNSPECIFIED.,
  .F.,.F.,(2,2),(-93.,0.),.PIECEWISE_BEZIER_KNOTS.);
#10193 = CARTESIAN_POINT('',(6.9,-93.));
#10194 = CARTESIAN_POINT('',(6.9,0.));
#10195 = ( GEOMETRIC_REPRESENTATION_CONTEXT(2) 
PARAMETRIC_REPRESENTATION_CONTEXT() REPRESENTATION_CONTEXT('2D SPACE',''
  ) );
#10196 = ORIENTED_EDGE('',*,*,#6218,.F.);
#10197 = ORIENTED_EDGE('',*,*,#9990,.T.);
#10198 = ORIENTED_EDGE('',*,*,#10199,.T.);
#10199 = EDGE_CURVE('',#9991,#10124,#10200,.T.);
#10200 = SURFACE_CURVE('',#10201,(#10206,#10217),.PCURVE_S1.);
#10201 = CIRCLE('',#10202,8.02);
#10202 = AXIS2_PLACEMENT_3D('',#10203,#10204,#10205);
#10203 = CARTESIAN_POINT('',(6.495,5.995,0.2));
#10204 = DIRECTION('',(0.,0.,-1.));
#10205 = DIRECTION('',(1.,0.,0.));
#10206 = PCURVE('',#6235,#10207);
#10207 = DEFINITIONAL_REPRESENTATION('',(#10208),#10216);
#10208 = ( BOUNDED_CURVE() B_SPLINE_CURVE(2,(#10209,#10210,#10211,#10212
    ,#10213,#10214,#10215),.UNSPECIFIED.,.T.,.F.) 
B_SPLINE_CURVE_WITH_KNOTS((1,2,2,2,2,1),(-2.094395102393,0.,
    2.094395102393,4.188790204786,6.28318530718,8.377580409573),
.UNSPECIFIED.) CURVE() GEOMETRIC_REPRESENTATION_ITEM() 
RATIONAL_B_SPLINE_CURVE((1.,0.5,1.,0.5,1.,0.5,1.)) REPRESENTATION_ITEM(
  '') );
#10209 = CARTESIAN_POINT('',(8.015,-5.00000000001E-03));
#10210 = CARTESIAN_POINT('',(8.015,-13.8960474767));
#10211 = CARTESIAN_POINT('',(-4.015,-6.950523738351));
#10212 = CARTESIAN_POINT('',(-16.045,-5.000000000012E-03));
#10213 = CARTESIAN_POINT('',(-4.015,6.940523738351));
#10214 = CARTESIAN_POINT('',(8.015,13.886047476702));
#10215 = CARTESIAN_POINT('',(8.015,-5.00000000001E-03));
#10216 = ( GEOMETRIC_REPRESENTATION_CONTEXT(2) 
PARAMETRIC_REPRESENTATION_CONTEXT() REPRESENTATION_CONTEXT('2D SPACE',''
  ) );
#10217 = PCURVE('',#10026,#10218);
#10218 = DEFINITIONAL_REPRESENTATION('',(#10219),#10223);
#10219 = LINE('',#10220,#10221);
#10220 = CARTESIAN_POINT('',(-6.28318530718,5.E-02));
#10221 = VECTOR('',#10222,1.);
#10222 = DIRECTION('',(1.,-0.));
#10223 = ( GEOMETRIC_REPRESENTATION_CONTEXT(2) 
PARAMETRIC_REPRESENTATION_CONTEXT() REPRESENTATION_CONTEXT('2D SPACE',''
  ) );
#10224 = ADVANCED_FACE('',(#10225),#6206,.T.);
#10225 = FACE_BOUND('',#10226,.T.);
#10226 = EDGE_LOOP('',(#10227,#10228,#10229,#10253,#10279,#10305,#10331,
    #10352));
#10227 = ORIENTED_EDGE('',*,*,#6190,.F.);
#10228 = ORIENTED_EDGE('',*,*,#7339,.T.);
#10229 = ORIENTED_EDGE('',*,*,#10230,.F.);
#10230 = EDGE_CURVE('',#10231,#7314,#10233,.T.);
#10231 = VERTEX_POINT('',#10232);
#10232 = CARTESIAN_POINT('',(-2.7,14.147727943148,-1.));
#10233 = SURFACE_CURVE('',#10234,(#10239,#10246),.PCURVE_S1.);
#10234 = CIRCLE('',#10235,6.);
#10235 = AXIS2_PLACEMENT_3D('',#10236,#10237,#10238);
#10236 = CARTESIAN_POINT('',(-2.7,18.,-5.6));
#10237 = DIRECTION('',(1.,0.,0.));
#10238 = DIRECTION('',(-0.,0.,1.));
#10239 = PCURVE('',#6206,#10240);
#10240 = DEFINITIONAL_REPRESENTATION('',(#10241),#10245);
#10241 = CIRCLE('',#10242,6.);
#10242 = AXIS2_PLACEMENT_2D('',#10243,#10244);
#10243 = CARTESIAN_POINT('',(1.1,-12.));
#10244 = DIRECTION('',(1.,0.));
#10245 = ( GEOMETRIC_REPRESENTATION_CONTEXT(2) 
PARAMETRIC_REPRESENTATION_CONTEXT() REPRESENTATION_CONTEXT('2D SPACE',''
  ) );
#10246 = PCURVE('',#7328,#10247);
#10247 = DEFINITIONAL_REPRESENTATION('',(#10248),#10252);
#10248 = LINE('',#10249,#10250);
#10249 = CARTESIAN_POINT('',(0.,3.));
#10250 = VECTOR('',#10251,1.);
#10251 = DIRECTION('',(1.,0.));
#10252 = ( GEOMETRIC_REPRESENTATION_CONTEXT(2) 
PARAMETRIC_REPRESENTATION_CONTEXT() REPRESENTATION_CONTEXT('2D SPACE',''
  ) );
#10253 = ORIENTED_EDGE('',*,*,#10254,.T.);
#10254 = EDGE_CURVE('',#10231,#10255,#10257,.T.);
#10255 = VERTEX_POINT('',#10256);
#10256 = CARTESIAN_POINT('',(-2.7,11.625543735346,-1.));
#10257 = SURFACE_CURVE('',#10258,(#10262,#10268),.PCURVE_S1.);
#10258 = LINE('',#10259,#10260);
#10259 = CARTESIAN_POINT('',(-2.7,9.1,-1.));
#10260 = VECTOR('',#10261,1.);
#10261 = DIRECTION('',(0.,-1.,0.));
#10262 = PCURVE('',#6206,#10263);
#10263 = DEFINITIONAL_REPRESENTATION('',(#10264),#10267);
#10264 = B_SPLINE_CURVE_WITH_KNOTS('',1,(#10265,#10266),.UNSPECIFIED.,
  .F.,.F.,(2,2),(-19.4,-2.4),.PIECEWISE_BEZIER_KNOTS.);
#10265 = CARTESIAN_POINT('',(5.7,-22.5));
#10266 = CARTESIAN_POINT('',(5.7,-5.5));
#10267 = ( GEOMETRIC_REPRESENTATION_CONTEXT(2) 
PARAMETRIC_REPRESENTATION_CONTEXT() REPRESENTATION_CONTEXT('2D SPACE',''
  ) );
#10268 = PCURVE('',#10269,#10274);
#10269 = PLANE('',#10270);
#10270 = AXIS2_PLACEMENT_3D('',#10271,#10272,#10273);
#10271 = CARTESIAN_POINT('',(-2.3,12.2,-1.));
#10272 = DIRECTION('',(0.,0.,1.));
#10273 = DIRECTION('',(1.,0.,-0.));
#10274 = DEFINITIONAL_REPRESENTATION('',(#10275),#10278);
#10275 = B_SPLINE_CURVE_WITH_KNOTS('',1,(#10276,#10277),.UNSPECIFIED.,
  .F.,.F.,(2,2),(-19.4,-2.4),.PIECEWISE_BEZIER_KNOTS.);
#10276 = CARTESIAN_POINT('',(-0.4,16.3));
#10277 = CARTESIAN_POINT('',(-0.4,-0.7));
#10278 = ( GEOMETRIC_REPRESENTATION_CONTEXT(2) 
PARAMETRIC_REPRESENTATION_CONTEXT() REPRESENTATION_CONTEXT('2D SPACE',''
  ) );
#10279 = ORIENTED_EDGE('',*,*,#10280,.F.);
#10280 = EDGE_CURVE('',#10281,#10255,#10283,.T.);
#10281 = VERTEX_POINT('',#10282);
#10282 = CARTESIAN_POINT('',(-2.7,11.625543735346,-8.E-02));
#10283 = SURFACE_CURVE('',#10284,(#10288,#10294),.PCURVE_S1.);
#10284 = LINE('',#10285,#10286);
#10285 = CARTESIAN_POINT('',(-2.7,11.625543735346,-1.));
#10286 = VECTOR('',#10287,1.);
#10287 = DIRECTION('',(-0.,-0.,-1.));
#10288 = PCURVE('',#6206,#10289);
#10289 = DEFINITIONAL_REPRESENTATION('',(#10290),#10293);
#10290 = B_SPLINE_CURVE_WITH_KNOTS('',1,(#10291,#10292),.UNSPECIFIED.,
  .F.,.F.,(2,2),(-0.9200006,5.999999999062E-07),
  .PIECEWISE_BEZIER_KNOTS.);
#10291 = CARTESIAN_POINT('',(6.6200006,-5.625543735346));
#10292 = CARTESIAN_POINT('',(5.6999994,-5.625543735346));
#10293 = ( GEOMETRIC_REPRESENTATION_CONTEXT(2) 
PARAMETRIC_REPRESENTATION_CONTEXT() REPRESENTATION_CONTEXT('2D SPACE',''
  ) );
#10294 = PCURVE('',#10295,#10300);
#10295 = CYLINDRICAL_SURFACE('',#10296,0.7);
#10296 = AXIS2_PLACEMENT_3D('',#10297,#10298,#10299);
#10297 = CARTESIAN_POINT('',(-2.3,12.2,-1.));
#10298 = DIRECTION('',(-0.,-0.,-1.));
#10299 = DIRECTION('',(1.,0.,0.));
#10300 = DEFINITIONAL_REPRESENTATION('',(#10301),#10304);
#10301 = B_SPLINE_CURVE_WITH_KNOTS('',1,(#10302,#10303),.UNSPECIFIED.,
  .F.,.F.,(2,2),(-0.9200006,5.999999999062E-07),
  .PIECEWISE_BEZIER_KNOTS.);
#10302 = CARTESIAN_POINT('',(-4.104143401474,-0.9200006));
#10303 = CARTESIAN_POINT('',(-4.104143401474,5.999999999062E-07));
#10304 = ( GEOMETRIC_REPRESENTATION_CONTEXT(2) 
PARAMETRIC_REPRESENTATION_CONTEXT() REPRESENTATION_CONTEXT('2D SPACE',''
  ) );
#10305 = ORIENTED_EDGE('',*,*,#10306,.F.);
#10306 = EDGE_CURVE('',#10307,#10281,#10309,.T.);
#10307 = VERTEX_POINT('',#10308);
#10308 = CARTESIAN_POINT('',(-2.7,15.648489846928,-8.E-02));
#10309 = SURFACE_CURVE('',#10310,(#10314,#10320),.PCURVE_S1.);
#10310 = LINE('',#10311,#10312);
#10311 = CARTESIAN_POINT('',(-2.7,8.75,-8.E-02));
#10312 = VECTOR('',#10313,1.);
#10313 = DIRECTION('',(0.,-1.,0.));
#10314 = PCURVE('',#6206,#10315);
#10315 = DEFINITIONAL_REPRESENTATION('',(#10316),#10319);
#10316 = B_SPLINE_CURVE_WITH_KNOTS('',1,(#10317,#10318),.UNSPECIFIED.,
  .F.,.F.,(2,2),(-19.75,-2.75),.PIECEWISE_BEZIER_KNOTS.);
#10317 = CARTESIAN_POINT('',(6.62,-22.5));
#10318 = CARTESIAN_POINT('',(6.62,-5.5));
#10319 = ( GEOMETRIC_REPRESENTATION_CONTEXT(2) 
PARAMETRIC_REPRESENTATION_CONTEXT() REPRESENTATION_CONTEXT('2D SPACE',''
  ) );
#10320 = PCURVE('',#10321,#10326);
#10321 = PLANE('',#10322);
#10322 = AXIS2_PLACEMENT_3D('',#10323,#10324,#10325);
#10323 = CARTESIAN_POINT('',(-2.3,11.5,-8.E-02));
#10324 = DIRECTION('',(0.,0.,1.));
#10325 = DIRECTION('',(1.,0.,0.));
#10326 = DEFINITIONAL_REPRESENTATION('',(#10327),#10330);
#10327 = B_SPLINE_CURVE_WITH_KNOTS('',1,(#10328,#10329),.UNSPECIFIED.,
  .F.,.F.,(2,2),(-19.75,-2.75),.PIECEWISE_BEZIER_KNOTS.);
#10328 = CARTESIAN_POINT('',(-0.4,17.));
#10329 = CARTESIAN_POINT('',(-0.4,-8.881784197001E-16));
#10330 = ( GEOMETRIC_REPRESENTATION_CONTEXT(2) 
PARAMETRIC_REPRESENTATION_CONTEXT() REPRESENTATION_CONTEXT('2D SPACE',''
  ) );
#10331 = ORIENTED_EDGE('',*,*,#10332,.F.);
#10332 = EDGE_CURVE('',#10153,#10307,#10333,.T.);
#10333 = SURFACE_CURVE('',#10334,(#10339,#10346),.PCURVE_S1.);
#10334 = CIRCLE('',#10335,6.);
#10335 = AXIS2_PLACEMENT_3D('',#10336,#10337,#10338);
#10336 = CARTESIAN_POINT('',(-2.7,18.,-5.6));
#10337 = DIRECTION('',(1.,0.,0.));
#10338 = DIRECTION('',(-0.,0.,1.));
#10339 = PCURVE('',#6206,#10340);
#10340 = DEFINITIONAL_REPRESENTATION('',(#10341),#10345);
#10341 = CIRCLE('',#10342,6.);
#10342 = AXIS2_PLACEMENT_2D('',#10343,#10344);
#10343 = CARTESIAN_POINT('',(1.1,-12.));
#10344 = DIRECTION('',(1.,0.));
#10345 = ( GEOMETRIC_REPRESENTATION_CONTEXT(2) 
PARAMETRIC_REPRESENTATION_CONTEXT() REPRESENTATION_CONTEXT('2D SPACE',''
  ) );
#10346 = PCURVE('',#10167,#10347);
#10347 = DEFINITIONAL_REPRESENTATION('',(#10348),#10351);
#10348 = B_SPLINE_CURVE_WITH_KNOTS('',1,(#10349,#10350),.UNSPECIFIED.,
  .F.,.F.,(2,2),(0.258921542006,0.402715841581),
  .PIECEWISE_BEZIER_KNOTS.);
#10349 = CARTESIAN_POINT('',(6.542106849186,3.));
#10350 = CARTESIAN_POINT('',(6.68590114876,3.));
#10351 = ( GEOMETRIC_REPRESENTATION_CONTEXT(2) 
PARAMETRIC_REPRESENTATION_CONTEXT() REPRESENTATION_CONTEXT('2D SPACE',''
  ) );
#10352 = ORIENTED_EDGE('',*,*,#10178,.T.);
#10353 = ADVANCED_FACE('',(#10354,#10357),#6503,.F.);
#10354 = FACE_BOUND('',#10355,.F.);
#10355 = EDGE_LOOP('',(#10356));
#10356 = ORIENTED_EDGE('',*,*,#6488,.T.);
#10357 = FACE_BOUND('',#10358,.F.);
#10358 = EDGE_LOOP('',(#10359));
#10359 = ORIENTED_EDGE('',*,*,#6669,.F.);
#10360 = ADVANCED_FACE('',(#10361),#6634,.T.);
#10361 = FACE_BOUND('',#10362,.T.);
#10362 = EDGE_LOOP('',(#10363,#10386,#10408,#10409,#10410,#10411,#10412)
  );
#10363 = ORIENTED_EDGE('',*,*,#10364,.F.);
#10364 = EDGE_CURVE('',#10365,#10367,#10369,.T.);
#10365 = VERTEX_POINT('',#10366);
#10366 = CARTESIAN_POINT('',(-0.2,14.147727943148,-1.));
#10367 = VERTEX_POINT('',#10368);
#10368 = CARTESIAN_POINT('',(-0.2,21.852272056852,-1.));
#10369 = SURFACE_CURVE('',#10370,(#10374,#10380),.PCURVE_S1.);
#10370 = LINE('',#10371,#10372);
#10371 = CARTESIAN_POINT('',(-0.2,15.1,-1.));
#10372 = VECTOR('',#10373,1.);
#10373 = DIRECTION('',(0.,1.,0.));
#10374 = PCURVE('',#6634,#10375);
#10375 = DEFINITIONAL_REPRESENTATION('',(#10376),#10379);
#10376 = B_SPLINE_CURVE_WITH_KNOTS('',1,(#10377,#10378),.UNSPECIFIED.,
  .F.,.F.,(2,2),(-3.1,8.9),.PIECEWISE_BEZIER_KNOTS.);
#10377 = CARTESIAN_POINT('',(4.6,6.));
#10378 = CARTESIAN_POINT('',(4.6,-6.));
#10379 = ( GEOMETRIC_REPRESENTATION_CONTEXT(2) 
PARAMETRIC_REPRESENTATION_CONTEXT() REPRESENTATION_CONTEXT('2D SPACE',''
  ) );
#10380 = PCURVE('',#10269,#10381);
#10381 = DEFINITIONAL_REPRESENTATION('',(#10382),#10385);
#10382 = B_SPLINE_CURVE_WITH_KNOTS('',1,(#10383,#10384),.UNSPECIFIED.,
  .F.,.F.,(2,2),(-3.1,8.9),.PIECEWISE_BEZIER_KNOTS.);
#10383 = CARTESIAN_POINT('',(2.1,-0.2));
#10384 = CARTESIAN_POINT('',(2.1,11.8));
#10385 = ( GEOMETRIC_REPRESENTATION_CONTEXT(2) 
PARAMETRIC_REPRESENTATION_CONTEXT() REPRESENTATION_CONTEXT('2D SPACE',''
  ) );
#10386 = ORIENTED_EDGE('',*,*,#10387,.T.);
#10387 = EDGE_CURVE('',#10365,#7293,#10388,.T.);
#10388 = SURFACE_CURVE('',#10389,(#10394,#10401),.PCURVE_S1.);
#10389 = CIRCLE('',#10390,6.);
#10390 = AXIS2_PLACEMENT_3D('',#10391,#10392,#10393);
#10391 = CARTESIAN_POINT('',(-0.2,18.,-5.6));
#10392 = DIRECTION('',(1.,0.,0.));
#10393 = DIRECTION('',(-0.,0.,1.));
#10394 = PCURVE('',#6634,#10395);
#10395 = DEFINITIONAL_REPRESENTATION('',(#10396),#10400);
#10396 = CIRCLE('',#10397,6.);
#10397 = AXIS2_PLACEMENT_2D('',#10398,#10399);
#10398 = CARTESIAN_POINT('',(0.,0.));
#10399 = DIRECTION('',(1.,0.));
#10400 = ( GEOMETRIC_REPRESENTATION_CONTEXT(2) 
PARAMETRIC_REPRESENTATION_CONTEXT() REPRESENTATION_CONTEXT('2D SPACE',''
  ) );
#10401 = PCURVE('',#7328,#10402);
#10402 = DEFINITIONAL_REPRESENTATION('',(#10403),#10407);
#10403 = LINE('',#10404,#10405);
#10404 = CARTESIAN_POINT('',(0.,5.5));
#10405 = VECTOR('',#10406,1.);
#10406 = DIRECTION('',(1.,0.));
#10407 = ( GEOMETRIC_REPRESENTATION_CONTEXT(2) 
PARAMETRIC_REPRESENTATION_CONTEXT() REPRESENTATION_CONTEXT('2D SPACE',''
  ) );
#10408 = ORIENTED_EDGE('',*,*,#7292,.T.);
#10409 = ORIENTED_EDGE('',*,*,#6617,.F.);
#10410 = ORIENTED_EDGE('',*,*,#6692,.F.);
#10411 = ORIENTED_EDGE('',*,*,#7270,.T.);
#10412 = ORIENTED_EDGE('',*,*,#10413,.T.);
#10413 = EDGE_CURVE('',#7245,#10367,#10414,.T.);
#10414 = SURFACE_CURVE('',#10415,(#10420,#10427),.PCURVE_S1.);
#10415 = CIRCLE('',#10416,6.);
#10416 = AXIS2_PLACEMENT_3D('',#10417,#10418,#10419);
#10417 = CARTESIAN_POINT('',(-0.2,18.,-5.6));
#10418 = DIRECTION('',(1.,0.,0.));
#10419 = DIRECTION('',(-0.,0.,1.));
#10420 = PCURVE('',#6634,#10421);
#10421 = DEFINITIONAL_REPRESENTATION('',(#10422),#10426);
#10422 = CIRCLE('',#10423,6.);
#10423 = AXIS2_PLACEMENT_2D('',#10424,#10425);
#10424 = CARTESIAN_POINT('',(0.,0.));
#10425 = DIRECTION('',(1.,0.));
#10426 = ( GEOMETRIC_REPRESENTATION_CONTEXT(2) 
PARAMETRIC_REPRESENTATION_CONTEXT() REPRESENTATION_CONTEXT('2D SPACE',''
  ) );
#10427 = PCURVE('',#7259,#10428);
#10428 = DEFINITIONAL_REPRESENTATION('',(#10429),#10433);
#10429 = LINE('',#10430,#10431);
#10430 = CARTESIAN_POINT('',(0.,5.5));
#10431 = VECTOR('',#10432,1.);
#10432 = DIRECTION('',(1.,0.));
#10433 = ( GEOMETRIC_REPRESENTATION_CONTEXT(2) 
PARAMETRIC_REPRESENTATION_CONTEXT() REPRESENTATION_CONTEXT('2D SPACE',''
  ) );
#10434 = ADVANCED_FACE('',(#10435),#6829,.F.);
#10435 = FACE_BOUND('',#10436,.F.);
#10436 = EDGE_LOOP('',(#10437,#10438,#10439,#10440,#10441,#10442,#10443,
    #10444));
#10437 = ORIENTED_EDGE('',*,*,#6813,.F.);
#10438 = ORIENTED_EDGE('',*,*,#6915,.T.);
#10439 = ORIENTED_EDGE('',*,*,#7036,.F.);
#10440 = ORIENTED_EDGE('',*,*,#7112,.T.);
#10441 = ORIENTED_EDGE('',*,*,#7163,.T.);
#10442 = ORIENTED_EDGE('',*,*,#7063,.T.);
#10443 = ORIENTED_EDGE('',*,*,#6987,.T.);
#10444 = ORIENTED_EDGE('',*,*,#6866,.T.);
#10445 = ADVANCED_FACE('',(#10446),#7232,.T.);
#10446 = FACE_BOUND('',#10447,.T.);
#10447 = EDGE_LOOP('',(#10448,#10472,#10473,#10474,#10495,#10518,#10539,
    #10565));
#10448 = ORIENTED_EDGE('',*,*,#10449,.F.);
#10449 = EDGE_CURVE('',#7217,#10450,#10452,.T.);
#10450 = VERTEX_POINT('',#10451);
#10451 = CARTESIAN_POINT('',(-2.7,21.852272056852,-1.));
#10452 = SURFACE_CURVE('',#10453,(#10458,#10465),.PCURVE_S1.);
#10453 = CIRCLE('',#10454,6.);
#10454 = AXIS2_PLACEMENT_3D('',#10455,#10456,#10457);
#10455 = CARTESIAN_POINT('',(-2.7,18.,-5.6));
#10456 = DIRECTION('',(1.,0.,0.));
#10457 = DIRECTION('',(-0.,0.,1.));
#10458 = PCURVE('',#7232,#10459);
#10459 = DEFINITIONAL_REPRESENTATION('',(#10460),#10464);
#10460 = CIRCLE('',#10461,6.);
#10461 = AXIS2_PLACEMENT_2D('',#10462,#10463);
#10462 = CARTESIAN_POINT('',(1.1,-12.));
#10463 = DIRECTION('',(1.,0.));
#10464 = ( GEOMETRIC_REPRESENTATION_CONTEXT(2) 
PARAMETRIC_REPRESENTATION_CONTEXT() REPRESENTATION_CONTEXT('2D SPACE',''
  ) );
#10465 = PCURVE('',#7259,#10466);
#10466 = DEFINITIONAL_REPRESENTATION('',(#10467),#10471);
#10467 = LINE('',#10468,#10469);
#10468 = CARTESIAN_POINT('',(0.,3.));
#10469 = VECTOR('',#10470,1.);
#10470 = DIRECTION('',(1.,0.));
#10471 = ( GEOMETRIC_REPRESENTATION_CONTEXT(2) 
PARAMETRIC_REPRESENTATION_CONTEXT() REPRESENTATION_CONTEXT('2D SPACE',''
  ) );
#10472 = ORIENTED_EDGE('',*,*,#7216,.T.);
#10473 = ORIENTED_EDGE('',*,*,#9385,.T.);
#10474 = ORIENTED_EDGE('',*,*,#10475,.T.);
#10475 = EDGE_CURVE('',#9353,#10476,#10478,.T.);
#10476 = VERTEX_POINT('',#10477);
#10477 = CARTESIAN_POINT('',(-2.7,19.536229149574,0.2));
#10478 = SURFACE_CURVE('',#10479,(#10483,#10489),.PCURVE_S1.);
#10479 = LINE('',#10480,#10481);
#10480 = CARTESIAN_POINT('',(-2.7,6.,0.2));
#10481 = VECTOR('',#10482,1.);
#10482 = DIRECTION('',(0.,-1.,0.));
#10483 = PCURVE('',#7232,#10484);
#10484 = DEFINITIONAL_REPRESENTATION('',(#10485),#10488);
#10485 = B_SPLINE_CURVE_WITH_KNOTS('',1,(#10486,#10487),.UNSPECIFIED.,
  .F.,.F.,(2,2),(-93.,0.),.PIECEWISE_BEZIER_KNOTS.);
#10486 = CARTESIAN_POINT('',(6.9,-93.));
#10487 = CARTESIAN_POINT('',(6.9,0.));
#10488 = ( GEOMETRIC_REPRESENTATION_CONTEXT(2) 
PARAMETRIC_REPRESENTATION_CONTEXT() REPRESENTATION_CONTEXT('2D SPACE',''
  ) );
#10489 = PCURVE('',#9369,#10490);
#10490 = DEFINITIONAL_REPRESENTATION('',(#10491),#10494);
#10491 = B_SPLINE_CURVE_WITH_KNOTS('',1,(#10492,#10493),.UNSPECIFIED.,
  .F.,.F.,(2,2),(-93.,0.),.PIECEWISE_BEZIER_KNOTS.);
#10492 = CARTESIAN_POINT('',(-9.2,93.));
#10493 = CARTESIAN_POINT('',(-9.2,0.));
#10494 = ( GEOMETRIC_REPRESENTATION_CONTEXT(2) 
PARAMETRIC_REPRESENTATION_CONTEXT() REPRESENTATION_CONTEXT('2D SPACE',''
  ) );
#10495 = ORIENTED_EDGE('',*,*,#10496,.F.);
#10496 = EDGE_CURVE('',#10497,#10476,#10499,.T.);
#10497 = VERTEX_POINT('',#10498);
#10498 = CARTESIAN_POINT('',(-2.7,20.351510153072,-8.E-02));
#10499 = SURFACE_CURVE('',#10500,(#10505,#10512),.PCURVE_S1.);
#10500 = CIRCLE('',#10501,6.);
#10501 = AXIS2_PLACEMENT_3D('',#10502,#10503,#10504);
#10502 = CARTESIAN_POINT('',(-2.7,18.,-5.6));
#10503 = DIRECTION('',(1.,0.,0.));
#10504 = DIRECTION('',(-0.,0.,1.));
#10505 = PCURVE('',#7232,#10506);
#10506 = DEFINITIONAL_REPRESENTATION('',(#10507),#10511);
#10507 = CIRCLE('',#10508,6.);
#10508 = AXIS2_PLACEMENT_2D('',#10509,#10510);
#10509 = CARTESIAN_POINT('',(1.1,-12.));
#10510 = DIRECTION('',(1.,0.));
#10511 = ( GEOMETRIC_REPRESENTATION_CONTEXT(2) 
PARAMETRIC_REPRESENTATION_CONTEXT() REPRESENTATION_CONTEXT('2D SPACE',''
  ) );
#10512 = PCURVE('',#10167,#10513);
#10513 = DEFINITIONAL_REPRESENTATION('',(#10514),#10517);
#10514 = B_SPLINE_CURVE_WITH_KNOTS('',1,(#10515,#10516),.UNSPECIFIED.,
  .F.,.F.,(2,2),(5.880469465599,6.024263765173),
  .PIECEWISE_BEZIER_KNOTS.);
#10515 = CARTESIAN_POINT('',(5.880469465599,3.));
#10516 = CARTESIAN_POINT('',(6.024263765173,3.));
#10517 = ( GEOMETRIC_REPRESENTATION_CONTEXT(2) 
PARAMETRIC_REPRESENTATION_CONTEXT() REPRESENTATION_CONTEXT('2D SPACE',''
  ) );
#10518 = ORIENTED_EDGE('',*,*,#10519,.F.);
#10519 = EDGE_CURVE('',#10520,#10497,#10522,.T.);
#10520 = VERTEX_POINT('',#10521);
#10521 = CARTESIAN_POINT('',(-2.7,28.374456264654,-8.E-02));
#10522 = SURFACE_CURVE('',#10523,(#10527,#10533),.PCURVE_S1.);
#10523 = LINE('',#10524,#10525);
#10524 = CARTESIAN_POINT('',(-2.7,8.75,-8.E-02));
#10525 = VECTOR('',#10526,1.);
#10526 = DIRECTION('',(0.,-1.,0.));
#10527 = PCURVE('',#7232,#10528);
#10528 = DEFINITIONAL_REPRESENTATION('',(#10529),#10532);
#10529 = B_SPLINE_CURVE_WITH_KNOTS('',1,(#10530,#10531),.UNSPECIFIED.,
  .F.,.F.,(2,2),(-19.75,-2.75),.PIECEWISE_BEZIER_KNOTS.);
#10530 = CARTESIAN_POINT('',(6.62,-22.5));
#10531 = CARTESIAN_POINT('',(6.62,-5.5));
#10532 = ( GEOMETRIC_REPRESENTATION_CONTEXT(2) 
PARAMETRIC_REPRESENTATION_CONTEXT() REPRESENTATION_CONTEXT('2D SPACE',''
  ) );
#10533 = PCURVE('',#10321,#10534);
#10534 = DEFINITIONAL_REPRESENTATION('',(#10535),#10538);
#10535 = B_SPLINE_CURVE_WITH_KNOTS('',1,(#10536,#10537),.UNSPECIFIED.,
  .F.,.F.,(2,2),(-19.75,-2.75),.PIECEWISE_BEZIER_KNOTS.);
#10536 = CARTESIAN_POINT('',(-0.4,17.));
#10537 = CARTESIAN_POINT('',(-0.4,-8.881784197001E-16));
#10538 = ( GEOMETRIC_REPRESENTATION_CONTEXT(2) 
PARAMETRIC_REPRESENTATION_CONTEXT() REPRESENTATION_CONTEXT('2D SPACE',''
  ) );
#10539 = ORIENTED_EDGE('',*,*,#10540,.T.);
#10540 = EDGE_CURVE('',#10520,#10541,#10543,.T.);
#10541 = VERTEX_POINT('',#10542);
#10542 = CARTESIAN_POINT('',(-2.7,28.374456264654,-1.));
#10543 = SURFACE_CURVE('',#10544,(#10548,#10554),.PCURVE_S1.);
#10544 = LINE('',#10545,#10546);
#10545 = CARTESIAN_POINT('',(-2.7,28.374456264654,-1.));
#10546 = VECTOR('',#10547,1.);
#10547 = DIRECTION('',(-0.,-0.,-1.));
#10548 = PCURVE('',#7232,#10549);
#10549 = DEFINITIONAL_REPRESENTATION('',(#10550),#10553);
#10550 = B_SPLINE_CURVE_WITH_KNOTS('',1,(#10551,#10552),.UNSPECIFIED.,
  .F.,.F.,(2,2),(-0.9200006,5.999999999062E-07),
  .PIECEWISE_BEZIER_KNOTS.);
#10551 = CARTESIAN_POINT('',(6.6200006,-22.37445626465));
#10552 = CARTESIAN_POINT('',(5.6999994,-22.37445626465));
#10553 = ( GEOMETRIC_REPRESENTATION_CONTEXT(2) 
PARAMETRIC_REPRESENTATION_CONTEXT() REPRESENTATION_CONTEXT('2D SPACE',''
  ) );
#10554 = PCURVE('',#10555,#10560);
#10555 = CYLINDRICAL_SURFACE('',#10556,0.7);
#10556 = AXIS2_PLACEMENT_3D('',#10557,#10558,#10559);
#10557 = CARTESIAN_POINT('',(-2.3,27.8,-1.));
#10558 = DIRECTION('',(-0.,-0.,-1.));
#10559 = DIRECTION('',(1.,0.,0.));
#10560 = DEFINITIONAL_REPRESENTATION('',(#10561),#10564);
#10561 = B_SPLINE_CURVE_WITH_KNOTS('',1,(#10562,#10563),.UNSPECIFIED.,
  .F.,.F.,(2,2),(-0.9200006,5.999999999062E-07),
  .PIECEWISE_BEZIER_KNOTS.);
#10562 = CARTESIAN_POINT('',(-2.179041905705,-0.9200006));
#10563 = CARTESIAN_POINT('',(-2.179041905705,5.999999999062E-07));
#10564 = ( GEOMETRIC_REPRESENTATION_CONTEXT(2) 
PARAMETRIC_REPRESENTATION_CONTEXT() REPRESENTATION_CONTEXT('2D SPACE',''
  ) );
#10565 = ORIENTED_EDGE('',*,*,#10566,.T.);
#10566 = EDGE_CURVE('',#10541,#10450,#10567,.T.);
#10567 = SURFACE_CURVE('',#10568,(#10572,#10578),.PCURVE_S1.);
#10568 = LINE('',#10569,#10570);
#10569 = CARTESIAN_POINT('',(-2.7,9.1,-1.));
#10570 = VECTOR('',#10571,1.);
#10571 = DIRECTION('',(0.,-1.,0.));
#10572 = PCURVE('',#7232,#10573);
#10573 = DEFINITIONAL_REPRESENTATION('',(#10574),#10577);
#10574 = B_SPLINE_CURVE_WITH_KNOTS('',1,(#10575,#10576),.UNSPECIFIED.,
  .F.,.F.,(2,2),(-19.4,-2.4),.PIECEWISE_BEZIER_KNOTS.);
#10575 = CARTESIAN_POINT('',(5.7,-22.5));
#10576 = CARTESIAN_POINT('',(5.7,-5.5));
#10577 = ( GEOMETRIC_REPRESENTATION_CONTEXT(2) 
PARAMETRIC_REPRESENTATION_CONTEXT() REPRESENTATION_CONTEXT('2D SPACE',''
  ) );
#10578 = PCURVE('',#10269,#10579);
#10579 = DEFINITIONAL_REPRESENTATION('',(#10580),#10583);
#10580 = B_SPLINE_CURVE_WITH_KNOTS('',1,(#10581,#10582),.UNSPECIFIED.,
  .F.,.F.,(2,2),(-19.4,-2.4),.PIECEWISE_BEZIER_KNOTS.);
#10581 = CARTESIAN_POINT('',(-0.4,16.3));
#10582 = CARTESIAN_POINT('',(-0.4,-0.7));
#10583 = ( GEOMETRIC_REPRESENTATION_CONTEXT(2) 
PARAMETRIC_REPRESENTATION_CONTEXT() REPRESENTATION_CONTEXT('2D SPACE',''
  ) );
#10584 = ADVANCED_FACE('',(#10585),#7328,.T.);
#10585 = FACE_BOUND('',#10586,.T.);
#10586 = EDGE_LOOP('',(#10587,#10588,#10607,#10608));
#10587 = ORIENTED_EDGE('',*,*,#10387,.F.);
#10588 = ORIENTED_EDGE('',*,*,#10589,.F.);
#10589 = EDGE_CURVE('',#10231,#10365,#10590,.T.);
#10590 = SURFACE_CURVE('',#10591,(#10595,#10601),.PCURVE_S1.);
#10591 = LINE('',#10592,#10593);
#10592 = CARTESIAN_POINT('',(-5.7,14.147727943148,-1.));
#10593 = VECTOR('',#10594,1.);
#10594 = DIRECTION('',(1.,0.,0.));
#10595 = PCURVE('',#7328,#10596);
#10596 = DEFINITIONAL_REPRESENTATION('',(#10597),#10600);
#10597 = B_SPLINE_CURVE_WITH_KNOTS('',1,(#10598,#10599),.UNSPECIFIED.,
  .F.,.F.,(2,2),(2.39,5.5000006),.PIECEWISE_BEZIER_KNOTS.);
#10598 = CARTESIAN_POINT('',(0.697163133642,2.39));
#10599 = CARTESIAN_POINT('',(0.697163133642,5.5000006));
#10600 = ( GEOMETRIC_REPRESENTATION_CONTEXT(2) 
PARAMETRIC_REPRESENTATION_CONTEXT() REPRESENTATION_CONTEXT('2D SPACE',''
  ) );
#10601 = PCURVE('',#10269,#10602);
#10602 = DEFINITIONAL_REPRESENTATION('',(#10603),#10606);
#10603 = B_SPLINE_CURVE_WITH_KNOTS('',1,(#10604,#10605),.UNSPECIFIED.,
  .F.,.F.,(2,2),(2.39,5.5000006),.PIECEWISE_BEZIER_KNOTS.);
#10604 = CARTESIAN_POINT('',(-1.01,1.947727943148));
#10605 = CARTESIAN_POINT('',(2.1000006,1.947727943148));
#10606 = ( GEOMETRIC_REPRESENTATION_CONTEXT(2) 
PARAMETRIC_REPRESENTATION_CONTEXT() REPRESENTATION_CONTEXT('2D SPACE',''
  ) );
#10607 = ORIENTED_EDGE('',*,*,#10230,.T.);
#10608 = ORIENTED_EDGE('',*,*,#7313,.T.);
#10609 = ADVANCED_FACE('',(#10610),#7259,.T.);
#10610 = FACE_BOUND('',#10611,.T.);
#10611 = EDGE_LOOP('',(#10612,#10631,#10632,#10633));
#10612 = ORIENTED_EDGE('',*,*,#10613,.T.);
#10613 = EDGE_CURVE('',#10450,#10367,#10614,.T.);
#10614 = SURFACE_CURVE('',#10615,(#10619,#10625),.PCURVE_S1.);
#10615 = LINE('',#10616,#10617);
#10616 = CARTESIAN_POINT('',(-5.7,21.852272056852,-1.));
#10617 = VECTOR('',#10618,1.);
#10618 = DIRECTION('',(1.,0.,0.));
#10619 = PCURVE('',#7259,#10620);
#10620 = DEFINITIONAL_REPRESENTATION('',(#10621),#10624);
#10621 = B_SPLINE_CURVE_WITH_KNOTS('',1,(#10622,#10623),.UNSPECIFIED.,
  .F.,.F.,(2,2),(2.39,5.5000006),.PIECEWISE_BEZIER_KNOTS.);
#10622 = CARTESIAN_POINT('',(5.586022173537,2.39));
#10623 = CARTESIAN_POINT('',(5.586022173537,5.5000006));
#10624 = ( GEOMETRIC_REPRESENTATION_CONTEXT(2) 
PARAMETRIC_REPRESENTATION_CONTEXT() REPRESENTATION_CONTEXT('2D SPACE',''
  ) );
#10625 = PCURVE('',#10269,#10626);
#10626 = DEFINITIONAL_REPRESENTATION('',(#10627),#10630);
#10627 = B_SPLINE_CURVE_WITH_KNOTS('',1,(#10628,#10629),.UNSPECIFIED.,
  .F.,.F.,(2,2),(2.39,5.5000006),.PIECEWISE_BEZIER_KNOTS.);
#10628 = CARTESIAN_POINT('',(-1.01,9.652272056852));
#10629 = CARTESIAN_POINT('',(2.1000006,9.652272056852));
#10630 = ( GEOMETRIC_REPRESENTATION_CONTEXT(2) 
PARAMETRIC_REPRESENTATION_CONTEXT() REPRESENTATION_CONTEXT('2D SPACE',''
  ) );
#10631 = ORIENTED_EDGE('',*,*,#10413,.F.);
#10632 = ORIENTED_EDGE('',*,*,#7244,.F.);
#10633 = ORIENTED_EDGE('',*,*,#10449,.T.);
#10634 = ADVANCED_FACE('',(#10635),#7382,.F.);
#10635 = FACE_BOUND('',#10636,.F.);
#10636 = EDGE_LOOP('',(#10637,#10660,#10661,#10684,#10712,#10733,#10734,
    #10757));
#10637 = ORIENTED_EDGE('',*,*,#10638,.F.);
#10638 = EDGE_CURVE('',#7366,#10639,#10641,.T.);
#10639 = VERTEX_POINT('',#10640);
#10640 = CARTESIAN_POINT('',(14.,25.6,-4.75));
#10641 = SURFACE_CURVE('',#10642,(#10646,#10653),.PCURVE_S1.);
#10642 = LINE('',#10643,#10644);
#10643 = CARTESIAN_POINT('',(14.,25.6,-6.75));
#10644 = VECTOR('',#10645,1.);
#10645 = DIRECTION('',(0.,0.,1.));
#10646 = PCURVE('',#7382,#10647);
#10647 = DEFINITIONAL_REPRESENTATION('',(#10648),#10652);
#10648 = LINE('',#10649,#10650);
#10649 = CARTESIAN_POINT('',(0.,0.8));
#10650 = VECTOR('',#10651,1.);
#10651 = DIRECTION('',(1.,0.));
#10652 = ( GEOMETRIC_REPRESENTATION_CONTEXT(2) 
PARAMETRIC_REPRESENTATION_CONTEXT() REPRESENTATION_CONTEXT('2D SPACE',''
  ) );
#10653 = PCURVE('',#7458,#10654);
#10654 = DEFINITIONAL_REPRESENTATION('',(#10655),#10659);
#10655 = LINE('',#10656,#10657);
#10656 = CARTESIAN_POINT('',(0.,0.));
#10657 = VECTOR('',#10658,1.);
#10658 = DIRECTION('',(1.,0.));
#10659 = ( GEOMETRIC_REPRESENTATION_CONTEXT(2) 
PARAMETRIC_REPRESENTATION_CONTEXT() REPRESENTATION_CONTEXT('2D SPACE',''
  ) );
#10660 = ORIENTED_EDGE('',*,*,#7365,.T.);
#10661 = ORIENTED_EDGE('',*,*,#10662,.T.);
#10662 = EDGE_CURVE('',#7368,#10663,#10665,.T.);
#10663 = VERTEX_POINT('',#10664);
#10664 = CARTESIAN_POINT('',(13.2,25.6,-4.05));
#10665 = SURFACE_CURVE('',#10666,(#10670,#10677),.PCURVE_S1.);
#10666 = LINE('',#10667,#10668);
#10667 = CARTESIAN_POINT('',(13.2,25.6,-6.75));
#10668 = VECTOR('',#10669,1.);
#10669 = DIRECTION('',(0.,0.,1.));
#10670 = PCURVE('',#7382,#10671);
#10671 = DEFINITIONAL_REPRESENTATION('',(#10672),#10676);
#10672 = LINE('',#10673,#10674);
#10673 = CARTESIAN_POINT('',(0.,0.));
#10674 = VECTOR('',#10675,1.);
#10675 = DIRECTION('',(1.,0.));
#10676 = ( GEOMETRIC_REPRESENTATION_CONTEXT(2) 
PARAMETRIC_REPRESENTATION_CONTEXT() REPRESENTATION_CONTEXT('2D SPACE',''
  ) );
#10677 = PCURVE('',#7408,#10678);
#10678 = DEFINITIONAL_REPRESENTATION('',(#10679),#10683);
#10679 = LINE('',#10680,#10681);
#10680 = CARTESIAN_POINT('',(0.,0.));
#10681 = VECTOR('',#10682,1.);
#10682 = DIRECTION('',(1.,0.));
#10683 = ( GEOMETRIC_REPRESENTATION_CONTEXT(2) 
PARAMETRIC_REPRESENTATION_CONTEXT() REPRESENTATION_CONTEXT('2D SPACE',''
  ) );
#10684 = ORIENTED_EDGE('',*,*,#10685,.T.);
#10685 = EDGE_CURVE('',#10663,#10686,#10688,.T.);
#10686 = VERTEX_POINT('',#10687);
#10687 = CARTESIAN_POINT('',(17.8,25.6,-4.05));
#10688 = SURFACE_CURVE('',#10689,(#10693,#10700),.PCURVE_S1.);
#10689 = LINE('',#10690,#10691);
#10690 = CARTESIAN_POINT('',(13.2,25.6,-4.05));
#10691 = VECTOR('',#10692,1.);
#10692 = DIRECTION('',(1.,0.,0.));
#10693 = PCURVE('',#7382,#10694);
#10694 = DEFINITIONAL_REPRESENTATION('',(#10695),#10699);
#10695 = LINE('',#10696,#10697);
#10696 = CARTESIAN_POINT('',(2.7,0.));
#10697 = VECTOR('',#10698,1.);
#10698 = DIRECTION('',(0.,1.));
#10699 = ( GEOMETRIC_REPRESENTATION_CONTEXT(2) 
PARAMETRIC_REPRESENTATION_CONTEXT() REPRESENTATION_CONTEXT('2D SPACE',''
  ) );
#10700 = PCURVE('',#10701,#10706);
#10701 = PLANE('',#10702);
#10702 = AXIS2_PLACEMENT_3D('',#10703,#10704,#10705);
#10703 = CARTESIAN_POINT('',(13.2,25.6,-4.05));
#10704 = DIRECTION('',(0.,0.,1.));
#10705 = DIRECTION('',(1.,0.,0.));
#10706 = DEFINITIONAL_REPRESENTATION('',(#10707),#10711);
#10707 = LINE('',#10708,#10709);
#10708 = CARTESIAN_POINT('',(0.,0.));
#10709 = VECTOR('',#10710,1.);
#10710 = DIRECTION('',(1.,0.));
#10711 = ( GEOMETRIC_REPRESENTATION_CONTEXT(2) 
PARAMETRIC_REPRESENTATION_CONTEXT() REPRESENTATION_CONTEXT('2D SPACE',''
  ) );
#10712 = ORIENTED_EDGE('',*,*,#10713,.F.);
#10713 = EDGE_CURVE('',#7472,#10686,#10714,.T.);
#10714 = SURFACE_CURVE('',#10715,(#10719,#10726),.PCURVE_S1.);
#10715 = LINE('',#10716,#10717);
#10716 = CARTESIAN_POINT('',(17.8,25.6,-6.75));
#10717 = VECTOR('',#10718,1.);
#10718 = DIRECTION('',(1.315819881037E-15,0.,1.));
#10719 = PCURVE('',#7382,#10720);
#10720 = DEFINITIONAL_REPRESENTATION('',(#10721),#10725);
#10721 = LINE('',#10722,#10723);
#10722 = CARTESIAN_POINT('',(0.,4.6));
#10723 = VECTOR('',#10724,1.);
#10724 = DIRECTION('',(1.,1.315819881037E-15));
#10725 = ( GEOMETRIC_REPRESENTATION_CONTEXT(2) 
PARAMETRIC_REPRESENTATION_CONTEXT() REPRESENTATION_CONTEXT('2D SPACE',''
  ) );
#10726 = PCURVE('',#7488,#10727);
#10727 = DEFINITIONAL_REPRESENTATION('',(#10728),#10732);
#10728 = LINE('',#10729,#10730);
#10729 = CARTESIAN_POINT('',(-2.,0.));
#10730 = VECTOR('',#10731,1.);
#10731 = DIRECTION('',(1.,0.));
#10732 = ( GEOMETRIC_REPRESENTATION_CONTEXT(2) 
PARAMETRIC_REPRESENTATION_CONTEXT() REPRESENTATION_CONTEXT('2D SPACE',''
  ) );
#10733 = ORIENTED_EDGE('',*,*,#7499,.T.);
#10734 = ORIENTED_EDGE('',*,*,#10735,.T.);
#10735 = EDGE_CURVE('',#7500,#10736,#10738,.T.);
#10736 = VERTEX_POINT('',#10737);
#10737 = CARTESIAN_POINT('',(17.,25.6,-4.75));
#10738 = SURFACE_CURVE('',#10739,(#10743,#10750),.PCURVE_S1.);
#10739 = LINE('',#10740,#10741);
#10740 = CARTESIAN_POINT('',(17.,25.6,-6.75));
#10741 = VECTOR('',#10742,1.);
#10742 = DIRECTION('',(0.,0.,1.));
#10743 = PCURVE('',#7382,#10744);
#10744 = DEFINITIONAL_REPRESENTATION('',(#10745),#10749);
#10745 = LINE('',#10746,#10747);
#10746 = CARTESIAN_POINT('',(0.,3.8));
#10747 = VECTOR('',#10748,1.);
#10748 = DIRECTION('',(1.,0.));
#10749 = ( GEOMETRIC_REPRESENTATION_CONTEXT(2) 
PARAMETRIC_REPRESENTATION_CONTEXT() REPRESENTATION_CONTEXT('2D SPACE',''
  ) );
#10750 = PCURVE('',#7535,#10751);
#10751 = DEFINITIONAL_REPRESENTATION('',(#10752),#10756);
#10752 = LINE('',#10753,#10754);
#10753 = CARTESIAN_POINT('',(0.,0.));
#10754 = VECTOR('',#10755,1.);
#10755 = DIRECTION('',(1.,0.));
#10756 = ( GEOMETRIC_REPRESENTATION_CONTEXT(2) 
PARAMETRIC_REPRESENTATION_CONTEXT() REPRESENTATION_CONTEXT('2D SPACE',''
  ) );
#10757 = ORIENTED_EDGE('',*,*,#10758,.F.);
#10758 = EDGE_CURVE('',#10639,#10736,#10759,.T.);
#10759 = SURFACE_CURVE('',#10760,(#10764,#10771),.PCURVE_S1.);
#10760 = LINE('',#10761,#10762);
#10761 = CARTESIAN_POINT('',(13.2,25.6,-4.75));
#10762 = VECTOR('',#10763,1.);
#10763 = DIRECTION('',(1.,0.,0.));
#10764 = PCURVE('',#7382,#10765);
#10765 = DEFINITIONAL_REPRESENTATION('',(#10766),#10770);
#10766 = LINE('',#10767,#10768);
#10767 = CARTESIAN_POINT('',(2.,0.));
#10768 = VECTOR('',#10769,1.);
#10769 = DIRECTION('',(0.,1.));
#10770 = ( GEOMETRIC_REPRESENTATION_CONTEXT(2) 
PARAMETRIC_REPRESENTATION_CONTEXT() REPRESENTATION_CONTEXT('2D SPACE',''
  ) );
#10771 = PCURVE('',#10772,#10777);
#10772 = PLANE('',#10773);
#10773 = AXIS2_PLACEMENT_3D('',#10774,#10775,#10776);
#10774 = CARTESIAN_POINT('',(13.2,25.6,-4.75));
#10775 = DIRECTION('',(0.,0.,1.));
#10776 = DIRECTION('',(1.,0.,0.));
#10777 = DEFINITIONAL_REPRESENTATION('',(#10778),#10782);
#10778 = LINE('',#10779,#10780);
#10779 = CARTESIAN_POINT('',(0.,0.));
#10780 = VECTOR('',#10781,1.);
#10781 = DIRECTION('',(1.,0.));
#10782 = ( GEOMETRIC_REPRESENTATION_CONTEXT(2) 
PARAMETRIC_REPRESENTATION_CONTEXT() REPRESENTATION_CONTEXT('2D SPACE',''
  ) );
#10783 = ADVANCED_FACE('',(#10784),#7458,.T.);
#10784 = FACE_BOUND('',#10785,.T.);
#10785 = EDGE_LOOP('',(#10786,#10787,#10788,#10811));
#10786 = ORIENTED_EDGE('',*,*,#10638,.F.);
#10787 = ORIENTED_EDGE('',*,*,#7445,.T.);
#10788 = ORIENTED_EDGE('',*,*,#10789,.T.);
#10789 = EDGE_CURVE('',#7420,#10790,#10792,.T.);
#10790 = VERTEX_POINT('',#10791);
#10791 = CARTESIAN_POINT('',(14.,28.,-4.75));
#10792 = SURFACE_CURVE('',#10793,(#10797,#10804),.PCURVE_S1.);
#10793 = LINE('',#10794,#10795);
#10794 = CARTESIAN_POINT('',(14.,28.,-6.75));
#10795 = VECTOR('',#10796,1.);
#10796 = DIRECTION('',(0.,0.,1.));
#10797 = PCURVE('',#7458,#10798);
#10798 = DEFINITIONAL_REPRESENTATION('',(#10799),#10803);
#10799 = LINE('',#10800,#10801);
#10800 = CARTESIAN_POINT('',(0.,-2.4));
#10801 = VECTOR('',#10802,1.);
#10802 = DIRECTION('',(1.,0.));
#10803 = ( GEOMETRIC_REPRESENTATION_CONTEXT(2) 
PARAMETRIC_REPRESENTATION_CONTEXT() REPRESENTATION_CONTEXT('2D SPACE',''
  ) );
#10804 = PCURVE('',#7434,#10805);
#10805 = DEFINITIONAL_REPRESENTATION('',(#10806),#10810);
#10806 = LINE('',#10807,#10808);
#10807 = CARTESIAN_POINT('',(0.,0.8));
#10808 = VECTOR('',#10809,1.);
#10809 = DIRECTION('',(1.,0.));
#10810 = ( GEOMETRIC_REPRESENTATION_CONTEXT(2) 
PARAMETRIC_REPRESENTATION_CONTEXT() REPRESENTATION_CONTEXT('2D SPACE',''
  ) );
#10811 = ORIENTED_EDGE('',*,*,#10812,.F.);
#10812 = EDGE_CURVE('',#10639,#10790,#10813,.T.);
#10813 = SURFACE_CURVE('',#10814,(#10818,#10825),.PCURVE_S1.);
#10814 = LINE('',#10815,#10816);
#10815 = CARTESIAN_POINT('',(14.,25.6,-4.75));
#10816 = VECTOR('',#10817,1.);
#10817 = DIRECTION('',(0.,1.,0.));
#10818 = PCURVE('',#7458,#10819);
#10819 = DEFINITIONAL_REPRESENTATION('',(#10820),#10824);
#10820 = LINE('',#10821,#10822);
#10821 = CARTESIAN_POINT('',(2.,0.));
#10822 = VECTOR('',#10823,1.);
#10823 = DIRECTION('',(0.,-1.));
#10824 = ( GEOMETRIC_REPRESENTATION_CONTEXT(2) 
PARAMETRIC_REPRESENTATION_CONTEXT() REPRESENTATION_CONTEXT('2D SPACE',''
  ) );
#10825 = PCURVE('',#10772,#10826);
#10826 = DEFINITIONAL_REPRESENTATION('',(#10827),#10831);
#10827 = LINE('',#10828,#10829);
#10828 = CARTESIAN_POINT('',(0.8,0.));
#10829 = VECTOR('',#10830,1.);
#10830 = DIRECTION('',(0.,1.));
#10831 = ( GEOMETRIC_REPRESENTATION_CONTEXT(2) 
PARAMETRIC_REPRESENTATION_CONTEXT() REPRESENTATION_CONTEXT('2D SPACE',''
  ) );
#10832 = ADVANCED_FACE('',(#10833),#7434,.T.);
#10833 = FACE_BOUND('',#10834,.T.);
#10834 = EDGE_LOOP('',(#10835,#10836,#10837,#10860,#10883,#10904,#10905,
    #10928));
#10835 = ORIENTED_EDGE('',*,*,#10789,.F.);
#10836 = ORIENTED_EDGE('',*,*,#7419,.T.);
#10837 = ORIENTED_EDGE('',*,*,#10838,.F.);
#10838 = EDGE_CURVE('',#10839,#7394,#10841,.T.);
#10839 = VERTEX_POINT('',#10840);
#10840 = CARTESIAN_POINT('',(13.2,28.,-4.05));
#10841 = SURFACE_CURVE('',#10842,(#10846,#10853),.PCURVE_S1.);
#10842 = LINE('',#10843,#10844);
#10843 = CARTESIAN_POINT('',(13.2,28.,-4.05));
#10844 = VECTOR('',#10845,1.);
#10845 = DIRECTION('',(0.,0.,-1.));
#10846 = PCURVE('',#7434,#10847);
#10847 = DEFINITIONAL_REPRESENTATION('',(#10848),#10852);
#10848 = LINE('',#10849,#10850);
#10849 = CARTESIAN_POINT('',(2.7,0.));
#10850 = VECTOR('',#10851,1.);
#10851 = DIRECTION('',(-1.,0.));
#10852 = ( GEOMETRIC_REPRESENTATION_CONTEXT(2) 
PARAMETRIC_REPRESENTATION_CONTEXT() REPRESENTATION_CONTEXT('2D SPACE',''
  ) );
#10853 = PCURVE('',#7408,#10854);
#10854 = DEFINITIONAL_REPRESENTATION('',(#10855),#10859);
#10855 = LINE('',#10856,#10857);
#10856 = CARTESIAN_POINT('',(2.7,-2.4));
#10857 = VECTOR('',#10858,1.);
#10858 = DIRECTION('',(-1.,0.));
#10859 = ( GEOMETRIC_REPRESENTATION_CONTEXT(2) 
PARAMETRIC_REPRESENTATION_CONTEXT() REPRESENTATION_CONTEXT('2D SPACE',''
  ) );
#10860 = ORIENTED_EDGE('',*,*,#10861,.T.);
#10861 = EDGE_CURVE('',#10839,#10862,#10864,.T.);
#10862 = VERTEX_POINT('',#10863);
#10863 = CARTESIAN_POINT('',(17.8,28.,-4.05));
#10864 = SURFACE_CURVE('',#10865,(#10869,#10876),.PCURVE_S1.);
#10865 = LINE('',#10866,#10867);
#10866 = CARTESIAN_POINT('',(13.2,28.,-4.05));
#10867 = VECTOR('',#10868,1.);
#10868 = DIRECTION('',(1.,0.,0.));
#10869 = PCURVE('',#7434,#10870);
#10870 = DEFINITIONAL_REPRESENTATION('',(#10871),#10875);
#10871 = LINE('',#10872,#10873);
#10872 = CARTESIAN_POINT('',(2.7,0.));
#10873 = VECTOR('',#10874,1.);
#10874 = DIRECTION('',(0.,1.));
#10875 = ( GEOMETRIC_REPRESENTATION_CONTEXT(2) 
PARAMETRIC_REPRESENTATION_CONTEXT() REPRESENTATION_CONTEXT('2D SPACE',''
  ) );
#10876 = PCURVE('',#10701,#10877);
#10877 = DEFINITIONAL_REPRESENTATION('',(#10878),#10882);
#10878 = LINE('',#10879,#10880);
#10879 = CARTESIAN_POINT('',(0.,2.4));
#10880 = VECTOR('',#10881,1.);
#10881 = DIRECTION('',(1.,0.));
#10882 = ( GEOMETRIC_REPRESENTATION_CONTEXT(2) 
PARAMETRIC_REPRESENTATION_CONTEXT() REPRESENTATION_CONTEXT('2D SPACE',''
  ) );
#10883 = ORIENTED_EDGE('',*,*,#10884,.T.);
#10884 = EDGE_CURVE('',#10862,#7474,#10885,.T.);
#10885 = SURFACE_CURVE('',#10886,(#10890,#10897),.PCURVE_S1.);
#10886 = LINE('',#10887,#10888);
#10887 = CARTESIAN_POINT('',(17.8,28.,-4.05));
#10888 = VECTOR('',#10889,1.);
#10889 = DIRECTION('',(-1.315819881037E-15,0.,-1.));
#10890 = PCURVE('',#7434,#10891);
#10891 = DEFINITIONAL_REPRESENTATION('',(#10892),#10896);
#10892 = LINE('',#10893,#10894);
#10893 = CARTESIAN_POINT('',(2.7,4.6));
#10894 = VECTOR('',#10895,1.);
#10895 = DIRECTION('',(-1.,-1.315819881037E-15));
#10896 = ( GEOMETRIC_REPRESENTATION_CONTEXT(2) 
PARAMETRIC_REPRESENTATION_CONTEXT() REPRESENTATION_CONTEXT('2D SPACE',''
  ) );
#10897 = PCURVE('',#7488,#10898);
#10898 = DEFINITIONAL_REPRESENTATION('',(#10899),#10903);
#10899 = LINE('',#10900,#10901);
#10900 = CARTESIAN_POINT('',(0.7,-2.4));
#10901 = VECTOR('',#10902,1.);
#10902 = DIRECTION('',(-1.,0.));
#10903 = ( GEOMETRIC_REPRESENTATION_CONTEXT(2) 
PARAMETRIC_REPRESENTATION_CONTEXT() REPRESENTATION_CONTEXT('2D SPACE',''
  ) );
#10904 = ORIENTED_EDGE('',*,*,#7546,.T.);
#10905 = ORIENTED_EDGE('',*,*,#10906,.T.);
#10906 = EDGE_CURVE('',#7521,#10907,#10909,.T.);
#10907 = VERTEX_POINT('',#10908);
#10908 = CARTESIAN_POINT('',(17.,28.,-4.75));
#10909 = SURFACE_CURVE('',#10910,(#10914,#10921),.PCURVE_S1.);
#10910 = LINE('',#10911,#10912);
#10911 = CARTESIAN_POINT('',(17.,28.,-6.75));
#10912 = VECTOR('',#10913,1.);
#10913 = DIRECTION('',(0.,0.,1.));
#10914 = PCURVE('',#7434,#10915);
#10915 = DEFINITIONAL_REPRESENTATION('',(#10916),#10920);
#10916 = LINE('',#10917,#10918);
#10917 = CARTESIAN_POINT('',(0.,3.8));
#10918 = VECTOR('',#10919,1.);
#10919 = DIRECTION('',(1.,0.));
#10920 = ( GEOMETRIC_REPRESENTATION_CONTEXT(2) 
PARAMETRIC_REPRESENTATION_CONTEXT() REPRESENTATION_CONTEXT('2D SPACE',''
  ) );
#10921 = PCURVE('',#7535,#10922);
#10922 = DEFINITIONAL_REPRESENTATION('',(#10923),#10927);
#10923 = LINE('',#10924,#10925);
#10924 = CARTESIAN_POINT('',(0.,-2.4));
#10925 = VECTOR('',#10926,1.);
#10926 = DIRECTION('',(1.,0.));
#10927 = ( GEOMETRIC_REPRESENTATION_CONTEXT(2) 
PARAMETRIC_REPRESENTATION_CONTEXT() REPRESENTATION_CONTEXT('2D SPACE',''
  ) );
#10928 = ORIENTED_EDGE('',*,*,#10929,.F.);
#10929 = EDGE_CURVE('',#10790,#10907,#10930,.T.);
#10930 = SURFACE_CURVE('',#10931,(#10935,#10942),.PCURVE_S1.);
#10931 = LINE('',#10932,#10933);
#10932 = CARTESIAN_POINT('',(13.2,28.,-4.75));
#10933 = VECTOR('',#10934,1.);
#10934 = DIRECTION('',(1.,0.,0.));
#10935 = PCURVE('',#7434,#10936);
#10936 = DEFINITIONAL_REPRESENTATION('',(#10937),#10941);
#10937 = LINE('',#10938,#10939);
#10938 = CARTESIAN_POINT('',(2.,0.));
#10939 = VECTOR('',#10940,1.);
#10940 = DIRECTION('',(0.,1.));
#10941 = ( GEOMETRIC_REPRESENTATION_CONTEXT(2) 
PARAMETRIC_REPRESENTATION_CONTEXT() REPRESENTATION_CONTEXT('2D SPACE',''
  ) );
#10942 = PCURVE('',#10772,#10943);
#10943 = DEFINITIONAL_REPRESENTATION('',(#10944),#10948);
#10944 = LINE('',#10945,#10946);
#10945 = CARTESIAN_POINT('',(0.,2.4));
#10946 = VECTOR('',#10947,1.);
#10947 = DIRECTION('',(1.,0.));
#10948 = ( GEOMETRIC_REPRESENTATION_CONTEXT(2) 
PARAMETRIC_REPRESENTATION_CONTEXT() REPRESENTATION_CONTEXT('2D SPACE',''
  ) );
#10949 = ADVANCED_FACE('',(#10950),#7408,.F.);
#10950 = FACE_BOUND('',#10951,.F.);
#10951 = EDGE_LOOP('',(#10952,#10953,#10954,#10955));
#10952 = ORIENTED_EDGE('',*,*,#10662,.F.);
#10953 = ORIENTED_EDGE('',*,*,#7393,.T.);
#10954 = ORIENTED_EDGE('',*,*,#10838,.F.);
#10955 = ORIENTED_EDGE('',*,*,#10956,.F.);
#10956 = EDGE_CURVE('',#10663,#10839,#10957,.T.);
#10957 = SURFACE_CURVE('',#10958,(#10962,#10969),.PCURVE_S1.);
#10958 = LINE('',#10959,#10960);
#10959 = CARTESIAN_POINT('',(13.2,25.6,-4.05));
#10960 = VECTOR('',#10961,1.);
#10961 = DIRECTION('',(0.,1.,0.));
#10962 = PCURVE('',#7408,#10963);
#10963 = DEFINITIONAL_REPRESENTATION('',(#10964),#10968);
#10964 = LINE('',#10965,#10966);
#10965 = CARTESIAN_POINT('',(2.7,0.));
#10966 = VECTOR('',#10967,1.);
#10967 = DIRECTION('',(0.,-1.));
#10968 = ( GEOMETRIC_REPRESENTATION_CONTEXT(2) 
PARAMETRIC_REPRESENTATION_CONTEXT() REPRESENTATION_CONTEXT('2D SPACE',''
  ) );
#10969 = PCURVE('',#10701,#10970);
#10970 = DEFINITIONAL_REPRESENTATION('',(#10971),#10975);
#10971 = LINE('',#10972,#10973);
#10972 = CARTESIAN_POINT('',(0.,0.));
#10973 = VECTOR('',#10974,1.);
#10974 = DIRECTION('',(0.,1.));
#10975 = ( GEOMETRIC_REPRESENTATION_CONTEXT(2) 
PARAMETRIC_REPRESENTATION_CONTEXT() REPRESENTATION_CONTEXT('2D SPACE',''
  ) );
#10976 = ADVANCED_FACE('',(#10977),#7488,.T.);
#10977 = FACE_BOUND('',#10978,.T.);
#10978 = EDGE_LOOP('',(#10979,#10980,#10981,#10982));
#10979 = ORIENTED_EDGE('',*,*,#10713,.F.);
#10980 = ORIENTED_EDGE('',*,*,#7471,.T.);
#10981 = ORIENTED_EDGE('',*,*,#10884,.F.);
#10982 = ORIENTED_EDGE('',*,*,#10983,.F.);
#10983 = EDGE_CURVE('',#10686,#10862,#10984,.T.);
#10984 = SURFACE_CURVE('',#10985,(#10989,#10996),.PCURVE_S1.);
#10985 = LINE('',#10986,#10987);
#10986 = CARTESIAN_POINT('',(17.8,25.6,-4.05));
#10987 = VECTOR('',#10988,1.);
#10988 = DIRECTION('',(0.,1.,0.));
#10989 = PCURVE('',#7488,#10990);
#10990 = DEFINITIONAL_REPRESENTATION('',(#10991),#10995);
#10991 = LINE('',#10992,#10993);
#10992 = CARTESIAN_POINT('',(0.7,0.));
#10993 = VECTOR('',#10994,1.);
#10994 = DIRECTION('',(0.,-1.));
#10995 = ( GEOMETRIC_REPRESENTATION_CONTEXT(2) 
PARAMETRIC_REPRESENTATION_CONTEXT() REPRESENTATION_CONTEXT('2D SPACE',''
  ) );
#10996 = PCURVE('',#10701,#10997);
#10997 = DEFINITIONAL_REPRESENTATION('',(#10998),#11002);
#10998 = LINE('',#10999,#11000);
#10999 = CARTESIAN_POINT('',(4.6,0.));
#11000 = VECTOR('',#11001,1.);
#11001 = DIRECTION('',(0.,1.));
#11002 = ( GEOMETRIC_REPRESENTATION_CONTEXT(2) 
PARAMETRIC_REPRESENTATION_CONTEXT() REPRESENTATION_CONTEXT('2D SPACE',''
  ) );
#11003 = ADVANCED_FACE('',(#11004),#7535,.F.);
#11004 = FACE_BOUND('',#11005,.F.);
#11005 = EDGE_LOOP('',(#11006,#11007,#11008,#11009));
#11006 = ORIENTED_EDGE('',*,*,#10735,.F.);
#11007 = ORIENTED_EDGE('',*,*,#7520,.T.);
#11008 = ORIENTED_EDGE('',*,*,#10906,.T.);
#11009 = ORIENTED_EDGE('',*,*,#11010,.F.);
#11010 = EDGE_CURVE('',#10736,#10907,#11011,.T.);
#11011 = SURFACE_CURVE('',#11012,(#11016,#11023),.PCURVE_S1.);
#11012 = LINE('',#11013,#11014);
#11013 = CARTESIAN_POINT('',(17.,25.6,-4.75));
#11014 = VECTOR('',#11015,1.);
#11015 = DIRECTION('',(0.,1.,0.));
#11016 = PCURVE('',#7535,#11017);
#11017 = DEFINITIONAL_REPRESENTATION('',(#11018),#11022);
#11018 = LINE('',#11019,#11020);
#11019 = CARTESIAN_POINT('',(2.,0.));
#11020 = VECTOR('',#11021,1.);
#11021 = DIRECTION('',(0.,-1.));
#11022 = ( GEOMETRIC_REPRESENTATION_CONTEXT(2) 
PARAMETRIC_REPRESENTATION_CONTEXT() REPRESENTATION_CONTEXT('2D SPACE',''
  ) );
#11023 = PCURVE('',#10772,#11024);
#11024 = DEFINITIONAL_REPRESENTATION('',(#11025),#11029);
#11025 = LINE('',#11026,#11027);
#11026 = CARTESIAN_POINT('',(3.8,0.));
#11027 = VECTOR('',#11028,1.);
#11028 = DIRECTION('',(0.,1.));
#11029 = ( GEOMETRIC_REPRESENTATION_CONTEXT(2) 
PARAMETRIC_REPRESENTATION_CONTEXT() REPRESENTATION_CONTEXT('2D SPACE',''
  ) );
#11030 = ADVANCED_FACE('',(#11031),#7588,.T.);
#11031 = FACE_BOUND('',#11032,.F.);
#11032 = EDGE_LOOP('',(#11033,#11034,#11057,#11084));
#11033 = ORIENTED_EDGE('',*,*,#7567,.T.);
#11034 = ORIENTED_EDGE('',*,*,#11035,.T.);
#11035 = EDGE_CURVE('',#7568,#11036,#11038,.T.);
#11036 = VERTEX_POINT('',#11037);
#11037 = CARTESIAN_POINT('',(9.,37.,-0.2));
#11038 = SEAM_CURVE('',#11039,(#11043,#11050),.PCURVE_S1.);
#11039 = LINE('',#11040,#11041);
#11040 = CARTESIAN_POINT('',(9.,37.,-7.));
#11041 = VECTOR('',#11042,1.);
#11042 = DIRECTION('',(0.,0.,1.));
#11043 = PCURVE('',#7588,#11044);
#11044 = DEFINITIONAL_REPRESENTATION('',(#11045),#11049);
#11045 = LINE('',#11046,#11047);
#11046 = CARTESIAN_POINT('',(-6.28318530718,0.));
#11047 = VECTOR('',#11048,1.);
#11048 = DIRECTION('',(-0.,-1.));
#11049 = ( GEOMETRIC_REPRESENTATION_CONTEXT(2) 
PARAMETRIC_REPRESENTATION_CONTEXT() REPRESENTATION_CONTEXT('2D SPACE',''
  ) );
#11050 = PCURVE('',#7588,#11051);
#11051 = DEFINITIONAL_REPRESENTATION('',(#11052),#11056);
#11052 = LINE('',#11053,#11054);
#11053 = CARTESIAN_POINT('',(-0.,0.));
#11054 = VECTOR('',#11055,1.);
#11055 = DIRECTION('',(-0.,-1.));
#11056 = ( GEOMETRIC_REPRESENTATION_CONTEXT(2) 
PARAMETRIC_REPRESENTATION_CONTEXT() REPRESENTATION_CONTEXT('2D SPACE',''
  ) );
#11057 = ORIENTED_EDGE('',*,*,#11058,.T.);
#11058 = EDGE_CURVE('',#11036,#11036,#11059,.T.);
#11059 = SURFACE_CURVE('',#11060,(#11065,#11072),.PCURVE_S1.);
#11060 = CIRCLE('',#11061,3.);
#11061 = AXIS2_PLACEMENT_3D('',#11062,#11063,#11064);
#11062 = CARTESIAN_POINT('',(6.,37.,-0.2));
#11063 = DIRECTION('',(0.,0.,1.));
#11064 = DIRECTION('',(1.,0.,0.));
#11065 = PCURVE('',#7588,#11066);
#11066 = DEFINITIONAL_REPRESENTATION('',(#11067),#11071);
#11067 = LINE('',#11068,#11069);
#11068 = CARTESIAN_POINT('',(-0.,-6.8));
#11069 = VECTOR('',#11070,1.);
#11070 = DIRECTION('',(-1.,0.));
#11071 = ( GEOMETRIC_REPRESENTATION_CONTEXT(2) 
PARAMETRIC_REPRESENTATION_CONTEXT() REPRESENTATION_CONTEXT('2D SPACE',''
  ) );
#11072 = PCURVE('',#11073,#11078);
#11073 = PLANE('',#11074);
#11074 = AXIS2_PLACEMENT_3D('',#11075,#11076,#11077);
#11075 = CARTESIAN_POINT('',(6.,37.,-0.2));
#11076 = DIRECTION('',(0.,0.,1.));
#11077 = DIRECTION('',(1.,0.,-0.));
#11078 = DEFINITIONAL_REPRESENTATION('',(#11079),#11083);
#11079 = CIRCLE('',#11080,3.);
#11080 = AXIS2_PLACEMENT_2D('',#11081,#11082);
#11081 = CARTESIAN_POINT('',(0.,0.));
#11082 = DIRECTION('',(1.,0.));
#11083 = ( GEOMETRIC_REPRESENTATION_CONTEXT(2) 
PARAMETRIC_REPRESENTATION_CONTEXT() REPRESENTATION_CONTEXT('2D SPACE',''
  ) );
#11084 = ORIENTED_EDGE('',*,*,#11035,.F.);
#11085 = ADVANCED_FACE('',(#11086),#7619,.F.);
#11086 = FACE_BOUND('',#11087,.F.);
#11087 = EDGE_LOOP('',(#11088,#11111,#11112,#11135,#11163,#11184,#11185,
    #11208));
#11088 = ORIENTED_EDGE('',*,*,#11089,.F.);
#11089 = EDGE_CURVE('',#7603,#11090,#11092,.T.);
#11090 = VERTEX_POINT('',#11091);
#11091 = CARTESIAN_POINT('',(30.,32.6,-4.75));
#11092 = SURFACE_CURVE('',#11093,(#11097,#11104),.PCURVE_S1.);
#11093 = LINE('',#11094,#11095);
#11094 = CARTESIAN_POINT('',(30.,32.6,-6.75));
#11095 = VECTOR('',#11096,1.);
#11096 = DIRECTION('',(0.,0.,1.));
#11097 = PCURVE('',#7619,#11098);
#11098 = DEFINITIONAL_REPRESENTATION('',(#11099),#11103);
#11099 = LINE('',#11100,#11101);
#11100 = CARTESIAN_POINT('',(0.,0.8));
#11101 = VECTOR('',#11102,1.);
#11102 = DIRECTION('',(1.,0.));
#11103 = ( GEOMETRIC_REPRESENTATION_CONTEXT(2) 
PARAMETRIC_REPRESENTATION_CONTEXT() REPRESENTATION_CONTEXT('2D SPACE',''
  ) );
#11104 = PCURVE('',#7695,#11105);
#11105 = DEFINITIONAL_REPRESENTATION('',(#11106),#11110);
#11106 = LINE('',#11107,#11108);
#11107 = CARTESIAN_POINT('',(0.,0.));
#11108 = VECTOR('',#11109,1.);
#11109 = DIRECTION('',(1.,0.));
#11110 = ( GEOMETRIC_REPRESENTATION_CONTEXT(2) 
PARAMETRIC_REPRESENTATION_CONTEXT() REPRESENTATION_CONTEXT('2D SPACE',''
  ) );
#11111 = ORIENTED_EDGE('',*,*,#7602,.T.);
#11112 = ORIENTED_EDGE('',*,*,#11113,.T.);
#11113 = EDGE_CURVE('',#7605,#11114,#11116,.T.);
#11114 = VERTEX_POINT('',#11115);
#11115 = CARTESIAN_POINT('',(29.2,32.6,-4.05));
#11116 = SURFACE_CURVE('',#11117,(#11121,#11128),.PCURVE_S1.);
#11117 = LINE('',#11118,#11119);
#11118 = CARTESIAN_POINT('',(29.2,32.6,-6.75));
#11119 = VECTOR('',#11120,1.);
#11120 = DIRECTION('',(-1.315819881037E-15,0.,1.));
#11121 = PCURVE('',#7619,#11122);
#11122 = DEFINITIONAL_REPRESENTATION('',(#11123),#11127);
#11123 = LINE('',#11124,#11125);
#11124 = CARTESIAN_POINT('',(0.,0.));
#11125 = VECTOR('',#11126,1.);
#11126 = DIRECTION('',(1.,-1.315819881037E-15));
#11127 = ( GEOMETRIC_REPRESENTATION_CONTEXT(2) 
PARAMETRIC_REPRESENTATION_CONTEXT() REPRESENTATION_CONTEXT('2D SPACE',''
  ) );
#11128 = PCURVE('',#7645,#11129);
#11129 = DEFINITIONAL_REPRESENTATION('',(#11130),#11134);
#11130 = LINE('',#11131,#11132);
#11131 = CARTESIAN_POINT('',(0.,0.));
#11132 = VECTOR('',#11133,1.);
#11133 = DIRECTION('',(1.,0.));
#11134 = ( GEOMETRIC_REPRESENTATION_CONTEXT(2) 
PARAMETRIC_REPRESENTATION_CONTEXT() REPRESENTATION_CONTEXT('2D SPACE',''
  ) );
#11135 = ORIENTED_EDGE('',*,*,#11136,.T.);
#11136 = EDGE_CURVE('',#11114,#11137,#11139,.T.);
#11137 = VERTEX_POINT('',#11138);
#11138 = CARTESIAN_POINT('',(33.8,32.6,-4.05));
#11139 = SURFACE_CURVE('',#11140,(#11144,#11151),.PCURVE_S1.);
#11140 = LINE('',#11141,#11142);
#11141 = CARTESIAN_POINT('',(29.2,32.6,-4.05));
#11142 = VECTOR('',#11143,1.);
#11143 = DIRECTION('',(1.,0.,0.));
#11144 = PCURVE('',#7619,#11145);
#11145 = DEFINITIONAL_REPRESENTATION('',(#11146),#11150);
#11146 = LINE('',#11147,#11148);
#11147 = CARTESIAN_POINT('',(2.7,-3.552713678801E-15));
#11148 = VECTOR('',#11149,1.);
#11149 = DIRECTION('',(0.,1.));
#11150 = ( GEOMETRIC_REPRESENTATION_CONTEXT(2) 
PARAMETRIC_REPRESENTATION_CONTEXT() REPRESENTATION_CONTEXT('2D SPACE',''
  ) );
#11151 = PCURVE('',#11152,#11157);
#11152 = PLANE('',#11153);
#11153 = AXIS2_PLACEMENT_3D('',#11154,#11155,#11156);
#11154 = CARTESIAN_POINT('',(29.2,32.6,-4.05));
#11155 = DIRECTION('',(0.,0.,1.));
#11156 = DIRECTION('',(1.,0.,0.));
#11157 = DEFINITIONAL_REPRESENTATION('',(#11158),#11162);
#11158 = LINE('',#11159,#11160);
#11159 = CARTESIAN_POINT('',(0.,0.));
#11160 = VECTOR('',#11161,1.);
#11161 = DIRECTION('',(1.,0.));
#11162 = ( GEOMETRIC_REPRESENTATION_CONTEXT(2) 
PARAMETRIC_REPRESENTATION_CONTEXT() REPRESENTATION_CONTEXT('2D SPACE',''
  ) );
#11163 = ORIENTED_EDGE('',*,*,#11164,.F.);
#11164 = EDGE_CURVE('',#7709,#11137,#11165,.T.);
#11165 = SURFACE_CURVE('',#11166,(#11170,#11177),.PCURVE_S1.);
#11166 = LINE('',#11167,#11168);
#11167 = CARTESIAN_POINT('',(33.8,32.6,-6.75));
#11168 = VECTOR('',#11169,1.);
#11169 = DIRECTION('',(0.,0.,1.));
#11170 = PCURVE('',#7619,#11171);
#11171 = DEFINITIONAL_REPRESENTATION('',(#11172),#11176);
#11172 = LINE('',#11173,#11174);
#11173 = CARTESIAN_POINT('',(0.,4.6));
#11174 = VECTOR('',#11175,1.);
#11175 = DIRECTION('',(1.,0.));
#11176 = ( GEOMETRIC_REPRESENTATION_CONTEXT(2) 
PARAMETRIC_REPRESENTATION_CONTEXT() REPRESENTATION_CONTEXT('2D SPACE',''
  ) );
#11177 = PCURVE('',#7725,#11178);
#11178 = DEFINITIONAL_REPRESENTATION('',(#11179),#11183);
#11179 = LINE('',#11180,#11181);
#11180 = CARTESIAN_POINT('',(-2.,0.));
#11181 = VECTOR('',#11182,1.);
#11182 = DIRECTION('',(1.,0.));
#11183 = ( GEOMETRIC_REPRESENTATION_CONTEXT(2) 
PARAMETRIC_REPRESENTATION_CONTEXT() REPRESENTATION_CONTEXT('2D SPACE',''
  ) );
#11184 = ORIENTED_EDGE('',*,*,#7736,.T.);
#11185 = ORIENTED_EDGE('',*,*,#11186,.T.);
#11186 = EDGE_CURVE('',#7737,#11187,#11189,.T.);
#11187 = VERTEX_POINT('',#11188);
#11188 = CARTESIAN_POINT('',(33.,32.6,-4.75));
#11189 = SURFACE_CURVE('',#11190,(#11194,#11201),.PCURVE_S1.);
#11190 = LINE('',#11191,#11192);
#11191 = CARTESIAN_POINT('',(33.,32.6,-6.75));
#11192 = VECTOR('',#11193,1.);
#11193 = DIRECTION('',(0.,0.,1.));
#11194 = PCURVE('',#7619,#11195);
#11195 = DEFINITIONAL_REPRESENTATION('',(#11196),#11200);
#11196 = LINE('',#11197,#11198);
#11197 = CARTESIAN_POINT('',(0.,3.8));
#11198 = VECTOR('',#11199,1.);
#11199 = DIRECTION('',(1.,0.));
#11200 = ( GEOMETRIC_REPRESENTATION_CONTEXT(2) 
PARAMETRIC_REPRESENTATION_CONTEXT() REPRESENTATION_CONTEXT('2D SPACE',''
  ) );
#11201 = PCURVE('',#7772,#11202);
#11202 = DEFINITIONAL_REPRESENTATION('',(#11203),#11207);
#11203 = LINE('',#11204,#11205);
#11204 = CARTESIAN_POINT('',(0.,0.));
#11205 = VECTOR('',#11206,1.);
#11206 = DIRECTION('',(1.,0.));
#11207 = ( GEOMETRIC_REPRESENTATION_CONTEXT(2) 
PARAMETRIC_REPRESENTATION_CONTEXT() REPRESENTATION_CONTEXT('2D SPACE',''
  ) );
#11208 = ORIENTED_EDGE('',*,*,#11209,.F.);
#11209 = EDGE_CURVE('',#11090,#11187,#11210,.T.);
#11210 = SURFACE_CURVE('',#11211,(#11215,#11222),.PCURVE_S1.);
#11211 = LINE('',#11212,#11213);
#11212 = CARTESIAN_POINT('',(29.2,32.6,-4.75));
#11213 = VECTOR('',#11214,1.);
#11214 = DIRECTION('',(1.,0.,0.));
#11215 = PCURVE('',#7619,#11216);
#11216 = DEFINITIONAL_REPRESENTATION('',(#11217),#11221);
#11217 = LINE('',#11218,#11219);
#11218 = CARTESIAN_POINT('',(2.,-3.552713678801E-15));
#11219 = VECTOR('',#11220,1.);
#11220 = DIRECTION('',(0.,1.));
#11221 = ( GEOMETRIC_REPRESENTATION_CONTEXT(2) 
PARAMETRIC_REPRESENTATION_CONTEXT() REPRESENTATION_CONTEXT('2D SPACE',''
  ) );
#11222 = PCURVE('',#11223,#11228);
#11223 = PLANE('',#11224);
#11224 = AXIS2_PLACEMENT_3D('',#11225,#11226,#11227);
#11225 = CARTESIAN_POINT('',(29.2,32.6,-4.75));
#11226 = DIRECTION('',(0.,0.,1.));
#11227 = DIRECTION('',(1.,0.,0.));
#11228 = DEFINITIONAL_REPRESENTATION('',(#11229),#11233);
#11229 = LINE('',#11230,#11231);
#11230 = CARTESIAN_POINT('',(0.,0.));
#11231 = VECTOR('',#11232,1.);
#11232 = DIRECTION('',(1.,0.));
#11233 = ( GEOMETRIC_REPRESENTATION_CONTEXT(2) 
PARAMETRIC_REPRESENTATION_CONTEXT() REPRESENTATION_CONTEXT('2D SPACE',''
  ) );
#11234 = ADVANCED_FACE('',(#11235),#7695,.T.);
#11235 = FACE_BOUND('',#11236,.T.);
#11236 = EDGE_LOOP('',(#11237,#11238,#11239,#11262));
#11237 = ORIENTED_EDGE('',*,*,#11089,.F.);
#11238 = ORIENTED_EDGE('',*,*,#7682,.T.);
#11239 = ORIENTED_EDGE('',*,*,#11240,.T.);
#11240 = EDGE_CURVE('',#7657,#11241,#11243,.T.);
#11241 = VERTEX_POINT('',#11242);
#11242 = CARTESIAN_POINT('',(30.,35.,-4.75));
#11243 = SURFACE_CURVE('',#11244,(#11248,#11255),.PCURVE_S1.);
#11244 = LINE('',#11245,#11246);
#11245 = CARTESIAN_POINT('',(30.,35.,-6.75));
#11246 = VECTOR('',#11247,1.);
#11247 = DIRECTION('',(0.,0.,1.));
#11248 = PCURVE('',#7695,#11249);
#11249 = DEFINITIONAL_REPRESENTATION('',(#11250),#11254);
#11250 = LINE('',#11251,#11252);
#11251 = CARTESIAN_POINT('',(0.,-2.4));
#11252 = VECTOR('',#11253,1.);
#11253 = DIRECTION('',(1.,0.));
#11254 = ( GEOMETRIC_REPRESENTATION_CONTEXT(2) 
PARAMETRIC_REPRESENTATION_CONTEXT() REPRESENTATION_CONTEXT('2D SPACE',''
  ) );
#11255 = PCURVE('',#7671,#11256);
#11256 = DEFINITIONAL_REPRESENTATION('',(#11257),#11261);
#11257 = LINE('',#11258,#11259);
#11258 = CARTESIAN_POINT('',(0.,0.8));
#11259 = VECTOR('',#11260,1.);
#11260 = DIRECTION('',(1.,0.));
#11261 = ( GEOMETRIC_REPRESENTATION_CONTEXT(2) 
PARAMETRIC_REPRESENTATION_CONTEXT() REPRESENTATION_CONTEXT('2D SPACE',''
  ) );
#11262 = ORIENTED_EDGE('',*,*,#11263,.F.);
#11263 = EDGE_CURVE('',#11090,#11241,#11264,.T.);
#11264 = SURFACE_CURVE('',#11265,(#11269,#11276),.PCURVE_S1.);
#11265 = LINE('',#11266,#11267);
#11266 = CARTESIAN_POINT('',(30.,32.6,-4.75));
#11267 = VECTOR('',#11268,1.);
#11268 = DIRECTION('',(0.,1.,0.));
#11269 = PCURVE('',#7695,#11270);
#11270 = DEFINITIONAL_REPRESENTATION('',(#11271),#11275);
#11271 = LINE('',#11272,#11273);
#11272 = CARTESIAN_POINT('',(2.,0.));
#11273 = VECTOR('',#11274,1.);
#11274 = DIRECTION('',(0.,-1.));
#11275 = ( GEOMETRIC_REPRESENTATION_CONTEXT(2) 
PARAMETRIC_REPRESENTATION_CONTEXT() REPRESENTATION_CONTEXT('2D SPACE',''
  ) );
#11276 = PCURVE('',#11223,#11277);
#11277 = DEFINITIONAL_REPRESENTATION('',(#11278),#11282);
#11278 = LINE('',#11279,#11280);
#11279 = CARTESIAN_POINT('',(0.8,0.));
#11280 = VECTOR('',#11281,1.);
#11281 = DIRECTION('',(0.,1.));
#11282 = ( GEOMETRIC_REPRESENTATION_CONTEXT(2) 
PARAMETRIC_REPRESENTATION_CONTEXT() REPRESENTATION_CONTEXT('2D SPACE',''
  ) );
#11283 = ADVANCED_FACE('',(#11284),#7645,.F.);
#11284 = FACE_BOUND('',#11285,.F.);
#11285 = EDGE_LOOP('',(#11286,#11287,#11288,#11311));
#11286 = ORIENTED_EDGE('',*,*,#11113,.F.);
#11287 = ORIENTED_EDGE('',*,*,#7630,.T.);
#11288 = ORIENTED_EDGE('',*,*,#11289,.F.);
#11289 = EDGE_CURVE('',#11290,#7631,#11292,.T.);
#11290 = VERTEX_POINT('',#11291);
#11291 = CARTESIAN_POINT('',(29.2,35.,-4.05));
#11292 = SURFACE_CURVE('',#11293,(#11297,#11304),.PCURVE_S1.);
#11293 = LINE('',#11294,#11295);
#11294 = CARTESIAN_POINT('',(29.2,35.,-4.05));
#11295 = VECTOR('',#11296,1.);
#11296 = DIRECTION('',(1.315819881037E-15,0.,-1.));
#11297 = PCURVE('',#7645,#11298);
#11298 = DEFINITIONAL_REPRESENTATION('',(#11299),#11303);
#11299 = LINE('',#11300,#11301);
#11300 = CARTESIAN_POINT('',(2.7,-2.4));
#11301 = VECTOR('',#11302,1.);
#11302 = DIRECTION('',(-1.,0.));
#11303 = ( GEOMETRIC_REPRESENTATION_CONTEXT(2) 
PARAMETRIC_REPRESENTATION_CONTEXT() REPRESENTATION_CONTEXT('2D SPACE',''
  ) );
#11304 = PCURVE('',#7671,#11305);
#11305 = DEFINITIONAL_REPRESENTATION('',(#11306),#11310);
#11306 = LINE('',#11307,#11308);
#11307 = CARTESIAN_POINT('',(2.7,-3.552713678801E-15));
#11308 = VECTOR('',#11309,1.);
#11309 = DIRECTION('',(-1.,1.315819881037E-15));
#11310 = ( GEOMETRIC_REPRESENTATION_CONTEXT(2) 
PARAMETRIC_REPRESENTATION_CONTEXT() REPRESENTATION_CONTEXT('2D SPACE',''
  ) );
#11311 = ORIENTED_EDGE('',*,*,#11312,.F.);
#11312 = EDGE_CURVE('',#11114,#11290,#11313,.T.);
#11313 = SURFACE_CURVE('',#11314,(#11318,#11325),.PCURVE_S1.);
#11314 = LINE('',#11315,#11316);
#11315 = CARTESIAN_POINT('',(29.2,32.6,-4.05));
#11316 = VECTOR('',#11317,1.);
#11317 = DIRECTION('',(0.,1.,0.));
#11318 = PCURVE('',#7645,#11319);
#11319 = DEFINITIONAL_REPRESENTATION('',(#11320),#11324);
#11320 = LINE('',#11321,#11322);
#11321 = CARTESIAN_POINT('',(2.7,0.));
#11322 = VECTOR('',#11323,1.);
#11323 = DIRECTION('',(0.,-1.));
#11324 = ( GEOMETRIC_REPRESENTATION_CONTEXT(2) 
PARAMETRIC_REPRESENTATION_CONTEXT() REPRESENTATION_CONTEXT('2D SPACE',''
  ) );
#11325 = PCURVE('',#11152,#11326);
#11326 = DEFINITIONAL_REPRESENTATION('',(#11327),#11331);
#11327 = LINE('',#11328,#11329);
#11328 = CARTESIAN_POINT('',(0.,0.));
#11329 = VECTOR('',#11330,1.);
#11330 = DIRECTION('',(0.,1.));
#11331 = ( GEOMETRIC_REPRESENTATION_CONTEXT(2) 
PARAMETRIC_REPRESENTATION_CONTEXT() REPRESENTATION_CONTEXT('2D SPACE',''
  ) );
#11332 = ADVANCED_FACE('',(#11333),#7671,.T.);
#11333 = FACE_BOUND('',#11334,.T.);
#11334 = EDGE_LOOP('',(#11335,#11336,#11337,#11338,#11361,#11382,#11383,
    #11406));
#11335 = ORIENTED_EDGE('',*,*,#11240,.F.);
#11336 = ORIENTED_EDGE('',*,*,#7656,.T.);
#11337 = ORIENTED_EDGE('',*,*,#11289,.F.);
#11338 = ORIENTED_EDGE('',*,*,#11339,.T.);
#11339 = EDGE_CURVE('',#11290,#11340,#11342,.T.);
#11340 = VERTEX_POINT('',#11341);
#11341 = CARTESIAN_POINT('',(33.8,35.,-4.05));
#11342 = SURFACE_CURVE('',#11343,(#11347,#11354),.PCURVE_S1.);
#11343 = LINE('',#11344,#11345);
#11344 = CARTESIAN_POINT('',(29.2,35.,-4.05));
#11345 = VECTOR('',#11346,1.);
#11346 = DIRECTION('',(1.,0.,0.));
#11347 = PCURVE('',#7671,#11348);
#11348 = DEFINITIONAL_REPRESENTATION('',(#11349),#11353);
#11349 = LINE('',#11350,#11351);
#11350 = CARTESIAN_POINT('',(2.7,-3.552713678801E-15));
#11351 = VECTOR('',#11352,1.);
#11352 = DIRECTION('',(0.,1.));
#11353 = ( GEOMETRIC_REPRESENTATION_CONTEXT(2) 
PARAMETRIC_REPRESENTATION_CONTEXT() REPRESENTATION_CONTEXT('2D SPACE',''
  ) );
#11354 = PCURVE('',#11152,#11355);
#11355 = DEFINITIONAL_REPRESENTATION('',(#11356),#11360);
#11356 = LINE('',#11357,#11358);
#11357 = CARTESIAN_POINT('',(0.,2.4));
#11358 = VECTOR('',#11359,1.);
#11359 = DIRECTION('',(1.,0.));
#11360 = ( GEOMETRIC_REPRESENTATION_CONTEXT(2) 
PARAMETRIC_REPRESENTATION_CONTEXT() REPRESENTATION_CONTEXT('2D SPACE',''
  ) );
#11361 = ORIENTED_EDGE('',*,*,#11362,.T.);
#11362 = EDGE_CURVE('',#11340,#7711,#11363,.T.);
#11363 = SURFACE_CURVE('',#11364,(#11368,#11375),.PCURVE_S1.);
#11364 = LINE('',#11365,#11366);
#11365 = CARTESIAN_POINT('',(33.8,35.,-4.05));
#11366 = VECTOR('',#11367,1.);
#11367 = DIRECTION('',(0.,0.,-1.));
#11368 = PCURVE('',#7671,#11369);
#11369 = DEFINITIONAL_REPRESENTATION('',(#11370),#11374);
#11370 = LINE('',#11371,#11372);
#11371 = CARTESIAN_POINT('',(2.7,4.6));
#11372 = VECTOR('',#11373,1.);
#11373 = DIRECTION('',(-1.,0.));
#11374 = ( GEOMETRIC_REPRESENTATION_CONTEXT(2) 
PARAMETRIC_REPRESENTATION_CONTEXT() REPRESENTATION_CONTEXT('2D SPACE',''
  ) );
#11375 = PCURVE('',#7725,#11376);
#11376 = DEFINITIONAL_REPRESENTATION('',(#11377),#11381);
#11377 = LINE('',#11378,#11379);
#11378 = CARTESIAN_POINT('',(0.7,-2.4));
#11379 = VECTOR('',#11380,1.);
#11380 = DIRECTION('',(-1.,0.));
#11381 = ( GEOMETRIC_REPRESENTATION_CONTEXT(2) 
PARAMETRIC_REPRESENTATION_CONTEXT() REPRESENTATION_CONTEXT('2D SPACE',''
  ) );
#11382 = ORIENTED_EDGE('',*,*,#7783,.T.);
#11383 = ORIENTED_EDGE('',*,*,#11384,.T.);
#11384 = EDGE_CURVE('',#7758,#11385,#11387,.T.);
#11385 = VERTEX_POINT('',#11386);
#11386 = CARTESIAN_POINT('',(33.,35.,-4.75));
#11387 = SURFACE_CURVE('',#11388,(#11392,#11399),.PCURVE_S1.);
#11388 = LINE('',#11389,#11390);
#11389 = CARTESIAN_POINT('',(33.,35.,-6.75));
#11390 = VECTOR('',#11391,1.);
#11391 = DIRECTION('',(0.,0.,1.));
#11392 = PCURVE('',#7671,#11393);
#11393 = DEFINITIONAL_REPRESENTATION('',(#11394),#11398);
#11394 = LINE('',#11395,#11396);
#11395 = CARTESIAN_POINT('',(0.,3.8));
#11396 = VECTOR('',#11397,1.);
#11397 = DIRECTION('',(1.,0.));
#11398 = ( GEOMETRIC_REPRESENTATION_CONTEXT(2) 
PARAMETRIC_REPRESENTATION_CONTEXT() REPRESENTATION_CONTEXT('2D SPACE',''
  ) );
#11399 = PCURVE('',#7772,#11400);
#11400 = DEFINITIONAL_REPRESENTATION('',(#11401),#11405);
#11401 = LINE('',#11402,#11403);
#11402 = CARTESIAN_POINT('',(0.,-2.4));
#11403 = VECTOR('',#11404,1.);
#11404 = DIRECTION('',(1.,0.));
#11405 = ( GEOMETRIC_REPRESENTATION_CONTEXT(2) 
PARAMETRIC_REPRESENTATION_CONTEXT() REPRESENTATION_CONTEXT('2D SPACE',''
  ) );
#11406 = ORIENTED_EDGE('',*,*,#11407,.F.);
#11407 = EDGE_CURVE('',#11241,#11385,#11408,.T.);
#11408 = SURFACE_CURVE('',#11409,(#11413,#11420),.PCURVE_S1.);
#11409 = LINE('',#11410,#11411);
#11410 = CARTESIAN_POINT('',(29.2,35.,-4.75));
#11411 = VECTOR('',#11412,1.);
#11412 = DIRECTION('',(1.,0.,0.));
#11413 = PCURVE('',#7671,#11414);
#11414 = DEFINITIONAL_REPRESENTATION('',(#11415),#11419);
#11415 = LINE('',#11416,#11417);
#11416 = CARTESIAN_POINT('',(2.,-3.552713678801E-15));
#11417 = VECTOR('',#11418,1.);
#11418 = DIRECTION('',(0.,1.));
#11419 = ( GEOMETRIC_REPRESENTATION_CONTEXT(2) 
PARAMETRIC_REPRESENTATION_CONTEXT() REPRESENTATION_CONTEXT('2D SPACE',''
  ) );
#11420 = PCURVE('',#11223,#11421);
#11421 = DEFINITIONAL_REPRESENTATION('',(#11422),#11426);
#11422 = LINE('',#11423,#11424);
#11423 = CARTESIAN_POINT('',(0.,2.4));
#11424 = VECTOR('',#11425,1.);
#11425 = DIRECTION('',(1.,0.));
#11426 = ( GEOMETRIC_REPRESENTATION_CONTEXT(2) 
PARAMETRIC_REPRESENTATION_CONTEXT() REPRESENTATION_CONTEXT('2D SPACE',''
  ) );
#11427 = ADVANCED_FACE('',(#11428),#7725,.T.);
#11428 = FACE_BOUND('',#11429,.T.);
#11429 = EDGE_LOOP('',(#11430,#11431,#11432,#11433));
#11430 = ORIENTED_EDGE('',*,*,#11164,.F.);
#11431 = ORIENTED_EDGE('',*,*,#7708,.T.);
#11432 = ORIENTED_EDGE('',*,*,#11362,.F.);
#11433 = ORIENTED_EDGE('',*,*,#11434,.F.);
#11434 = EDGE_CURVE('',#11137,#11340,#11435,.T.);
#11435 = SURFACE_CURVE('',#11436,(#11440,#11447),.PCURVE_S1.);
#11436 = LINE('',#11437,#11438);
#11437 = CARTESIAN_POINT('',(33.8,32.6,-4.05));
#11438 = VECTOR('',#11439,1.);
#11439 = DIRECTION('',(0.,1.,0.));
#11440 = PCURVE('',#7725,#11441);
#11441 = DEFINITIONAL_REPRESENTATION('',(#11442),#11446);
#11442 = LINE('',#11443,#11444);
#11443 = CARTESIAN_POINT('',(0.7,0.));
#11444 = VECTOR('',#11445,1.);
#11445 = DIRECTION('',(0.,-1.));
#11446 = ( GEOMETRIC_REPRESENTATION_CONTEXT(2) 
PARAMETRIC_REPRESENTATION_CONTEXT() REPRESENTATION_CONTEXT('2D SPACE',''
  ) );
#11447 = PCURVE('',#11152,#11448);
#11448 = DEFINITIONAL_REPRESENTATION('',(#11449),#11453);
#11449 = LINE('',#11450,#11451);
#11450 = CARTESIAN_POINT('',(4.6,0.));
#11451 = VECTOR('',#11452,1.);
#11452 = DIRECTION('',(0.,1.));
#11453 = ( GEOMETRIC_REPRESENTATION_CONTEXT(2) 
PARAMETRIC_REPRESENTATION_CONTEXT() REPRESENTATION_CONTEXT('2D SPACE',''
  ) );
#11454 = ADVANCED_FACE('',(#11455),#7772,.F.);
#11455 = FACE_BOUND('',#11456,.F.);
#11456 = EDGE_LOOP('',(#11457,#11458,#11459,#11460));
#11457 = ORIENTED_EDGE('',*,*,#11186,.F.);
#11458 = ORIENTED_EDGE('',*,*,#7757,.T.);
#11459 = ORIENTED_EDGE('',*,*,#11384,.T.);
#11460 = ORIENTED_EDGE('',*,*,#11461,.F.);
#11461 = EDGE_CURVE('',#11187,#11385,#11462,.T.);
#11462 = SURFACE_CURVE('',#11463,(#11467,#11474),.PCURVE_S1.);
#11463 = LINE('',#11464,#11465);
#11464 = CARTESIAN_POINT('',(33.,32.6,-4.75));
#11465 = VECTOR('',#11466,1.);
#11466 = DIRECTION('',(0.,1.,0.));
#11467 = PCURVE('',#7772,#11468);
#11468 = DEFINITIONAL_REPRESENTATION('',(#11469),#11473);
#11469 = LINE('',#11470,#11471);
#11470 = CARTESIAN_POINT('',(2.,0.));
#11471 = VECTOR('',#11472,1.);
#11472 = DIRECTION('',(0.,-1.));
#11473 = ( GEOMETRIC_REPRESENTATION_CONTEXT(2) 
PARAMETRIC_REPRESENTATION_CONTEXT() REPRESENTATION_CONTEXT('2D SPACE',''
  ) );
#11474 = PCURVE('',#11223,#11475);
#11475 = DEFINITIONAL_REPRESENTATION('',(#11476),#11480);
#11476 = LINE('',#11477,#11478);
#11477 = CARTESIAN_POINT('',(3.8,0.));
#11478 = VECTOR('',#11479,1.);
#11479 = DIRECTION('',(0.,1.));
#11480 = ( GEOMETRIC_REPRESENTATION_CONTEXT(2) 
PARAMETRIC_REPRESENTATION_CONTEXT() REPRESENTATION_CONTEXT('2D SPACE',''
  ) );
#11481 = ADVANCED_FACE('',(#11482),#7821,.F.);
#11482 = FACE_BOUND('',#11483,.F.);
#11483 = EDGE_LOOP('',(#11484,#11507,#11508,#11531,#11559,#11580,#11581,
    #11604));
#11484 = ORIENTED_EDGE('',*,*,#11485,.F.);
#11485 = EDGE_CURVE('',#7805,#11486,#11488,.T.);
#11486 = VERTEX_POINT('',#11487);
#11487 = CARTESIAN_POINT('',(46.5,38.1,-4.75));
#11488 = SURFACE_CURVE('',#11489,(#11493,#11500),.PCURVE_S1.);
#11489 = LINE('',#11490,#11491);
#11490 = CARTESIAN_POINT('',(46.5,38.1,-6.75));
#11491 = VECTOR('',#11492,1.);
#11492 = DIRECTION('',(0.,0.,1.));
#11493 = PCURVE('',#7821,#11494);
#11494 = DEFINITIONAL_REPRESENTATION('',(#11495),#11499);
#11495 = LINE('',#11496,#11497);
#11496 = CARTESIAN_POINT('',(0.,0.8));
#11497 = VECTOR('',#11498,1.);
#11498 = DIRECTION('',(1.,0.));
#11499 = ( GEOMETRIC_REPRESENTATION_CONTEXT(2) 
PARAMETRIC_REPRESENTATION_CONTEXT() REPRESENTATION_CONTEXT('2D SPACE',''
  ) );
#11500 = PCURVE('',#7897,#11501);
#11501 = DEFINITIONAL_REPRESENTATION('',(#11502),#11506);
#11502 = LINE('',#11503,#11504);
#11503 = CARTESIAN_POINT('',(0.,0.));
#11504 = VECTOR('',#11505,1.);
#11505 = DIRECTION('',(1.,0.));
#11506 = ( GEOMETRIC_REPRESENTATION_CONTEXT(2) 
PARAMETRIC_REPRESENTATION_CONTEXT() REPRESENTATION_CONTEXT('2D SPACE',''
  ) );
#11507 = ORIENTED_EDGE('',*,*,#7804,.T.);
#11508 = ORIENTED_EDGE('',*,*,#11509,.T.);
#11509 = EDGE_CURVE('',#7807,#11510,#11512,.T.);
#11510 = VERTEX_POINT('',#11511);
#11511 = CARTESIAN_POINT('',(45.7,38.1,-4.05));
#11512 = SURFACE_CURVE('',#11513,(#11517,#11524),.PCURVE_S1.);
#11513 = LINE('',#11514,#11515);
#11514 = CARTESIAN_POINT('',(45.7,38.1,-6.75));
#11515 = VECTOR('',#11516,1.);
#11516 = DIRECTION('',(0.,0.,1.));
#11517 = PCURVE('',#7821,#11518);
#11518 = DEFINITIONAL_REPRESENTATION('',(#11519),#11523);
#11519 = LINE('',#11520,#11521);
#11520 = CARTESIAN_POINT('',(0.,0.));
#11521 = VECTOR('',#11522,1.);
#11522 = DIRECTION('',(1.,0.));
#11523 = ( GEOMETRIC_REPRESENTATION_CONTEXT(2) 
PARAMETRIC_REPRESENTATION_CONTEXT() REPRESENTATION_CONTEXT('2D SPACE',''
  ) );
#11524 = PCURVE('',#7847,#11525);
#11525 = DEFINITIONAL_REPRESENTATION('',(#11526),#11530);
#11526 = LINE('',#11527,#11528);
#11527 = CARTESIAN_POINT('',(0.,0.));
#11528 = VECTOR('',#11529,1.);
#11529 = DIRECTION('',(1.,0.));
#11530 = ( GEOMETRIC_REPRESENTATION_CONTEXT(2) 
PARAMETRIC_REPRESENTATION_CONTEXT() REPRESENTATION_CONTEXT('2D SPACE',''
  ) );
#11531 = ORIENTED_EDGE('',*,*,#11532,.T.);
#11532 = EDGE_CURVE('',#11510,#11533,#11535,.T.);
#11533 = VERTEX_POINT('',#11534);
#11534 = CARTESIAN_POINT('',(50.3,38.1,-4.05));
#11535 = SURFACE_CURVE('',#11536,(#11540,#11547),.PCURVE_S1.);
#11536 = LINE('',#11537,#11538);
#11537 = CARTESIAN_POINT('',(45.7,38.1,-4.05));
#11538 = VECTOR('',#11539,1.);
#11539 = DIRECTION('',(1.,0.,0.));
#11540 = PCURVE('',#7821,#11541);
#11541 = DEFINITIONAL_REPRESENTATION('',(#11542),#11546);
#11542 = LINE('',#11543,#11544);
#11543 = CARTESIAN_POINT('',(2.7,0.));
#11544 = VECTOR('',#11545,1.);
#11545 = DIRECTION('',(0.,1.));
#11546 = ( GEOMETRIC_REPRESENTATION_CONTEXT(2) 
PARAMETRIC_REPRESENTATION_CONTEXT() REPRESENTATION_CONTEXT('2D SPACE',''
  ) );
#11547 = PCURVE('',#11548,#11553);
#11548 = PLANE('',#11549);
#11549 = AXIS2_PLACEMENT_3D('',#11550,#11551,#11552);
#11550 = CARTESIAN_POINT('',(45.7,38.1,-4.05));
#11551 = DIRECTION('',(0.,0.,1.));
#11552 = DIRECTION('',(1.,0.,0.));
#11553 = DEFINITIONAL_REPRESENTATION('',(#11554),#11558);
#11554 = LINE('',#11555,#11556);
#11555 = CARTESIAN_POINT('',(0.,0.));
#11556 = VECTOR('',#11557,1.);
#11557 = DIRECTION('',(1.,0.));
#11558 = ( GEOMETRIC_REPRESENTATION_CONTEXT(2) 
PARAMETRIC_REPRESENTATION_CONTEXT() REPRESENTATION_CONTEXT('2D SPACE',''
  ) );
#11559 = ORIENTED_EDGE('',*,*,#11560,.F.);
#11560 = EDGE_CURVE('',#7911,#11533,#11561,.T.);
#11561 = SURFACE_CURVE('',#11562,(#11566,#11573),.PCURVE_S1.);
#11562 = LINE('',#11563,#11564);
#11563 = CARTESIAN_POINT('',(50.3,38.1,-6.75));
#11564 = VECTOR('',#11565,1.);
#11565 = DIRECTION('',(0.,0.,1.));
#11566 = PCURVE('',#7821,#11567);
#11567 = DEFINITIONAL_REPRESENTATION('',(#11568),#11572);
#11568 = LINE('',#11569,#11570);
#11569 = CARTESIAN_POINT('',(0.,4.6));
#11570 = VECTOR('',#11571,1.);
#11571 = DIRECTION('',(1.,0.));
#11572 = ( GEOMETRIC_REPRESENTATION_CONTEXT(2) 
PARAMETRIC_REPRESENTATION_CONTEXT() REPRESENTATION_CONTEXT('2D SPACE',''
  ) );
#11573 = PCURVE('',#7927,#11574);
#11574 = DEFINITIONAL_REPRESENTATION('',(#11575),#11579);
#11575 = LINE('',#11576,#11577);
#11576 = CARTESIAN_POINT('',(-2.,0.));
#11577 = VECTOR('',#11578,1.);
#11578 = DIRECTION('',(1.,0.));
#11579 = ( GEOMETRIC_REPRESENTATION_CONTEXT(2) 
PARAMETRIC_REPRESENTATION_CONTEXT() REPRESENTATION_CONTEXT('2D SPACE',''
  ) );
#11580 = ORIENTED_EDGE('',*,*,#7938,.T.);
#11581 = ORIENTED_EDGE('',*,*,#11582,.T.);
#11582 = EDGE_CURVE('',#7939,#11583,#11585,.T.);
#11583 = VERTEX_POINT('',#11584);
#11584 = CARTESIAN_POINT('',(49.5,38.1,-4.75));
#11585 = SURFACE_CURVE('',#11586,(#11590,#11597),.PCURVE_S1.);
#11586 = LINE('',#11587,#11588);
#11587 = CARTESIAN_POINT('',(49.5,38.1,-6.75));
#11588 = VECTOR('',#11589,1.);
#11589 = DIRECTION('',(0.,0.,1.));
#11590 = PCURVE('',#7821,#11591);
#11591 = DEFINITIONAL_REPRESENTATION('',(#11592),#11596);
#11592 = LINE('',#11593,#11594);
#11593 = CARTESIAN_POINT('',(0.,3.8));
#11594 = VECTOR('',#11595,1.);
#11595 = DIRECTION('',(1.,0.));
#11596 = ( GEOMETRIC_REPRESENTATION_CONTEXT(2) 
PARAMETRIC_REPRESENTATION_CONTEXT() REPRESENTATION_CONTEXT('2D SPACE',''
  ) );
#11597 = PCURVE('',#7974,#11598);
#11598 = DEFINITIONAL_REPRESENTATION('',(#11599),#11603);
#11599 = LINE('',#11600,#11601);
#11600 = CARTESIAN_POINT('',(0.,0.));
#11601 = VECTOR('',#11602,1.);
#11602 = DIRECTION('',(1.,0.));
#11603 = ( GEOMETRIC_REPRESENTATION_CONTEXT(2) 
PARAMETRIC_REPRESENTATION_CONTEXT() REPRESENTATION_CONTEXT('2D SPACE',''
  ) );
#11604 = ORIENTED_EDGE('',*,*,#11605,.F.);
#11605 = EDGE_CURVE('',#11486,#11583,#11606,.T.);
#11606 = SURFACE_CURVE('',#11607,(#11611,#11618),.PCURVE_S1.);
#11607 = LINE('',#11608,#11609);
#11608 = CARTESIAN_POINT('',(45.7,38.1,-4.75));
#11609 = VECTOR('',#11610,1.);
#11610 = DIRECTION('',(1.,0.,0.));
#11611 = PCURVE('',#7821,#11612);
#11612 = DEFINITIONAL_REPRESENTATION('',(#11613),#11617);
#11613 = LINE('',#11614,#11615);
#11614 = CARTESIAN_POINT('',(2.,0.));
#11615 = VECTOR('',#11616,1.);
#11616 = DIRECTION('',(0.,1.));
#11617 = ( GEOMETRIC_REPRESENTATION_CONTEXT(2) 
PARAMETRIC_REPRESENTATION_CONTEXT() REPRESENTATION_CONTEXT('2D SPACE',''
  ) );
#11618 = PCURVE('',#11619,#11624);
#11619 = PLANE('',#11620);
#11620 = AXIS2_PLACEMENT_3D('',#11621,#11622,#11623);
#11621 = CARTESIAN_POINT('',(45.7,38.1,-4.75));
#11622 = DIRECTION('',(0.,0.,1.));
#11623 = DIRECTION('',(1.,0.,0.));
#11624 = DEFINITIONAL_REPRESENTATION('',(#11625),#11629);
#11625 = LINE('',#11626,#11627);
#11626 = CARTESIAN_POINT('',(0.,0.));
#11627 = VECTOR('',#11628,1.);
#11628 = DIRECTION('',(1.,0.));
#11629 = ( GEOMETRIC_REPRESENTATION_CONTEXT(2) 
PARAMETRIC_REPRESENTATION_CONTEXT() REPRESENTATION_CONTEXT('2D SPACE',''
  ) );
#11630 = ADVANCED_FACE('',(#11631),#7897,.T.);
#11631 = FACE_BOUND('',#11632,.T.);
#11632 = EDGE_LOOP('',(#11633,#11634,#11635,#11658));
#11633 = ORIENTED_EDGE('',*,*,#11485,.F.);
#11634 = ORIENTED_EDGE('',*,*,#7884,.T.);
#11635 = ORIENTED_EDGE('',*,*,#11636,.T.);
#11636 = EDGE_CURVE('',#7859,#11637,#11639,.T.);
#11637 = VERTEX_POINT('',#11638);
#11638 = CARTESIAN_POINT('',(46.5,40.5,-4.75));
#11639 = SURFACE_CURVE('',#11640,(#11644,#11651),.PCURVE_S1.);
#11640 = LINE('',#11641,#11642);
#11641 = CARTESIAN_POINT('',(46.5,40.5,-6.75));
#11642 = VECTOR('',#11643,1.);
#11643 = DIRECTION('',(0.,0.,1.));
#11644 = PCURVE('',#7897,#11645);
#11645 = DEFINITIONAL_REPRESENTATION('',(#11646),#11650);
#11646 = LINE('',#11647,#11648);
#11647 = CARTESIAN_POINT('',(0.,-2.4));
#11648 = VECTOR('',#11649,1.);
#11649 = DIRECTION('',(1.,0.));
#11650 = ( GEOMETRIC_REPRESENTATION_CONTEXT(2) 
PARAMETRIC_REPRESENTATION_CONTEXT() REPRESENTATION_CONTEXT('2D SPACE',''
  ) );
#11651 = PCURVE('',#7873,#11652);
#11652 = DEFINITIONAL_REPRESENTATION('',(#11653),#11657);
#11653 = LINE('',#11654,#11655);
#11654 = CARTESIAN_POINT('',(0.,0.8));
#11655 = VECTOR('',#11656,1.);
#11656 = DIRECTION('',(1.,0.));
#11657 = ( GEOMETRIC_REPRESENTATION_CONTEXT(2) 
PARAMETRIC_REPRESENTATION_CONTEXT() REPRESENTATION_CONTEXT('2D SPACE',''
  ) );
#11658 = ORIENTED_EDGE('',*,*,#11659,.F.);
#11659 = EDGE_CURVE('',#11486,#11637,#11660,.T.);
#11660 = SURFACE_CURVE('',#11661,(#11665,#11672),.PCURVE_S1.);
#11661 = LINE('',#11662,#11663);
#11662 = CARTESIAN_POINT('',(46.5,38.1,-4.75));
#11663 = VECTOR('',#11664,1.);
#11664 = DIRECTION('',(0.,1.,0.));
#11665 = PCURVE('',#7897,#11666);
#11666 = DEFINITIONAL_REPRESENTATION('',(#11667),#11671);
#11667 = LINE('',#11668,#11669);
#11668 = CARTESIAN_POINT('',(2.,0.));
#11669 = VECTOR('',#11670,1.);
#11670 = DIRECTION('',(0.,-1.));
#11671 = ( GEOMETRIC_REPRESENTATION_CONTEXT(2) 
PARAMETRIC_REPRESENTATION_CONTEXT() REPRESENTATION_CONTEXT('2D SPACE',''
  ) );
#11672 = PCURVE('',#11619,#11673);
#11673 = DEFINITIONAL_REPRESENTATION('',(#11674),#11678);
#11674 = LINE('',#11675,#11676);
#11675 = CARTESIAN_POINT('',(0.8,0.));
#11676 = VECTOR('',#11677,1.);
#11677 = DIRECTION('',(0.,1.));
#11678 = ( GEOMETRIC_REPRESENTATION_CONTEXT(2) 
PARAMETRIC_REPRESENTATION_CONTEXT() REPRESENTATION_CONTEXT('2D SPACE',''
  ) );
#11679 = ADVANCED_FACE('',(#11680),#7847,.F.);
#11680 = FACE_BOUND('',#11681,.F.);
#11681 = EDGE_LOOP('',(#11682,#11683,#11684,#11707));
#11682 = ORIENTED_EDGE('',*,*,#11509,.F.);
#11683 = ORIENTED_EDGE('',*,*,#7832,.T.);
#11684 = ORIENTED_EDGE('',*,*,#11685,.F.);
#11685 = EDGE_CURVE('',#11686,#7833,#11688,.T.);
#11686 = VERTEX_POINT('',#11687);
#11687 = CARTESIAN_POINT('',(45.7,40.5,-4.05));
#11688 = SURFACE_CURVE('',#11689,(#11693,#11700),.PCURVE_S1.);
#11689 = LINE('',#11690,#11691);
#11690 = CARTESIAN_POINT('',(45.7,40.5,-4.05));
#11691 = VECTOR('',#11692,1.);
#11692 = DIRECTION('',(0.,0.,-1.));
#11693 = PCURVE('',#7847,#11694);
#11694 = DEFINITIONAL_REPRESENTATION('',(#11695),#11699);
#11695 = LINE('',#11696,#11697);
#11696 = CARTESIAN_POINT('',(2.7,-2.4));
#11697 = VECTOR('',#11698,1.);
#11698 = DIRECTION('',(-1.,0.));
#11699 = ( GEOMETRIC_REPRESENTATION_CONTEXT(2) 
PARAMETRIC_REPRESENTATION_CONTEXT() REPRESENTATION_CONTEXT('2D SPACE',''
  ) );
#11700 = PCURVE('',#7873,#11701);
#11701 = DEFINITIONAL_REPRESENTATION('',(#11702),#11706);
#11702 = LINE('',#11703,#11704);
#11703 = CARTESIAN_POINT('',(2.7,0.));
#11704 = VECTOR('',#11705,1.);
#11705 = DIRECTION('',(-1.,0.));
#11706 = ( GEOMETRIC_REPRESENTATION_CONTEXT(2) 
PARAMETRIC_REPRESENTATION_CONTEXT() REPRESENTATION_CONTEXT('2D SPACE',''
  ) );
#11707 = ORIENTED_EDGE('',*,*,#11708,.F.);
#11708 = EDGE_CURVE('',#11510,#11686,#11709,.T.);
#11709 = SURFACE_CURVE('',#11710,(#11714,#11721),.PCURVE_S1.);
#11710 = LINE('',#11711,#11712);
#11711 = CARTESIAN_POINT('',(45.7,38.1,-4.05));
#11712 = VECTOR('',#11713,1.);
#11713 = DIRECTION('',(0.,1.,0.));
#11714 = PCURVE('',#7847,#11715);
#11715 = DEFINITIONAL_REPRESENTATION('',(#11716),#11720);
#11716 = LINE('',#11717,#11718);
#11717 = CARTESIAN_POINT('',(2.7,0.));
#11718 = VECTOR('',#11719,1.);
#11719 = DIRECTION('',(0.,-1.));
#11720 = ( GEOMETRIC_REPRESENTATION_CONTEXT(2) 
PARAMETRIC_REPRESENTATION_CONTEXT() REPRESENTATION_CONTEXT('2D SPACE',''
  ) );
#11721 = PCURVE('',#11548,#11722);
#11722 = DEFINITIONAL_REPRESENTATION('',(#11723),#11727);
#11723 = LINE('',#11724,#11725);
#11724 = CARTESIAN_POINT('',(0.,0.));
#11725 = VECTOR('',#11726,1.);
#11726 = DIRECTION('',(0.,1.));
#11727 = ( GEOMETRIC_REPRESENTATION_CONTEXT(2) 
PARAMETRIC_REPRESENTATION_CONTEXT() REPRESENTATION_CONTEXT('2D SPACE',''
  ) );
#11728 = ADVANCED_FACE('',(#11729),#7873,.T.);
#11729 = FACE_BOUND('',#11730,.T.);
#11730 = EDGE_LOOP('',(#11731,#11732,#11733,#11734,#11757,#11778,#11779,
    #11802));
#11731 = ORIENTED_EDGE('',*,*,#11636,.F.);
#11732 = ORIENTED_EDGE('',*,*,#7858,.T.);
#11733 = ORIENTED_EDGE('',*,*,#11685,.F.);
#11734 = ORIENTED_EDGE('',*,*,#11735,.T.);
#11735 = EDGE_CURVE('',#11686,#11736,#11738,.T.);
#11736 = VERTEX_POINT('',#11737);
#11737 = CARTESIAN_POINT('',(50.3,40.5,-4.05));
#11738 = SURFACE_CURVE('',#11739,(#11743,#11750),.PCURVE_S1.);
#11739 = LINE('',#11740,#11741);
#11740 = CARTESIAN_POINT('',(45.7,40.5,-4.05));
#11741 = VECTOR('',#11742,1.);
#11742 = DIRECTION('',(1.,0.,0.));
#11743 = PCURVE('',#7873,#11744);
#11744 = DEFINITIONAL_REPRESENTATION('',(#11745),#11749);
#11745 = LINE('',#11746,#11747);
#11746 = CARTESIAN_POINT('',(2.7,0.));
#11747 = VECTOR('',#11748,1.);
#11748 = DIRECTION('',(0.,1.));
#11749 = ( GEOMETRIC_REPRESENTATION_CONTEXT(2) 
PARAMETRIC_REPRESENTATION_CONTEXT() REPRESENTATION_CONTEXT('2D SPACE',''
  ) );
#11750 = PCURVE('',#11548,#11751);
#11751 = DEFINITIONAL_REPRESENTATION('',(#11752),#11756);
#11752 = LINE('',#11753,#11754);
#11753 = CARTESIAN_POINT('',(0.,2.4));
#11754 = VECTOR('',#11755,1.);
#11755 = DIRECTION('',(1.,0.));
#11756 = ( GEOMETRIC_REPRESENTATION_CONTEXT(2) 
PARAMETRIC_REPRESENTATION_CONTEXT() REPRESENTATION_CONTEXT('2D SPACE',''
  ) );
#11757 = ORIENTED_EDGE('',*,*,#11758,.T.);
#11758 = EDGE_CURVE('',#11736,#7913,#11759,.T.);
#11759 = SURFACE_CURVE('',#11760,(#11764,#11771),.PCURVE_S1.);
#11760 = LINE('',#11761,#11762);
#11761 = CARTESIAN_POINT('',(50.3,40.5,-4.05));
#11762 = VECTOR('',#11763,1.);
#11763 = DIRECTION('',(0.,0.,-1.));
#11764 = PCURVE('',#7873,#11765);
#11765 = DEFINITIONAL_REPRESENTATION('',(#11766),#11770);
#11766 = LINE('',#11767,#11768);
#11767 = CARTESIAN_POINT('',(2.7,4.6));
#11768 = VECTOR('',#11769,1.);
#11769 = DIRECTION('',(-1.,0.));
#11770 = ( GEOMETRIC_REPRESENTATION_CONTEXT(2) 
PARAMETRIC_REPRESENTATION_CONTEXT() REPRESENTATION_CONTEXT('2D SPACE',''
  ) );
#11771 = PCURVE('',#7927,#11772);
#11772 = DEFINITIONAL_REPRESENTATION('',(#11773),#11777);
#11773 = LINE('',#11774,#11775);
#11774 = CARTESIAN_POINT('',(0.7,-2.4));
#11775 = VECTOR('',#11776,1.);
#11776 = DIRECTION('',(-1.,0.));
#11777 = ( GEOMETRIC_REPRESENTATION_CONTEXT(2) 
PARAMETRIC_REPRESENTATION_CONTEXT() REPRESENTATION_CONTEXT('2D SPACE',''
  ) );
#11778 = ORIENTED_EDGE('',*,*,#7985,.T.);
#11779 = ORIENTED_EDGE('',*,*,#11780,.T.);
#11780 = EDGE_CURVE('',#7960,#11781,#11783,.T.);
#11781 = VERTEX_POINT('',#11782);
#11782 = CARTESIAN_POINT('',(49.5,40.5,-4.75));
#11783 = SURFACE_CURVE('',#11784,(#11788,#11795),.PCURVE_S1.);
#11784 = LINE('',#11785,#11786);
#11785 = CARTESIAN_POINT('',(49.5,40.5,-6.75));
#11786 = VECTOR('',#11787,1.);
#11787 = DIRECTION('',(0.,0.,1.));
#11788 = PCURVE('',#7873,#11789);
#11789 = DEFINITIONAL_REPRESENTATION('',(#11790),#11794);
#11790 = LINE('',#11791,#11792);
#11791 = CARTESIAN_POINT('',(0.,3.8));
#11792 = VECTOR('',#11793,1.);
#11793 = DIRECTION('',(1.,0.));
#11794 = ( GEOMETRIC_REPRESENTATION_CONTEXT(2) 
PARAMETRIC_REPRESENTATION_CONTEXT() REPRESENTATION_CONTEXT('2D SPACE',''
  ) );
#11795 = PCURVE('',#7974,#11796);
#11796 = DEFINITIONAL_REPRESENTATION('',(#11797),#11801);
#11797 = LINE('',#11798,#11799);
#11798 = CARTESIAN_POINT('',(0.,-2.4));
#11799 = VECTOR('',#11800,1.);
#11800 = DIRECTION('',(1.,0.));
#11801 = ( GEOMETRIC_REPRESENTATION_CONTEXT(2) 
PARAMETRIC_REPRESENTATION_CONTEXT() REPRESENTATION_CONTEXT('2D SPACE',''
  ) );
#11802 = ORIENTED_EDGE('',*,*,#11803,.F.);
#11803 = EDGE_CURVE('',#11637,#11781,#11804,.T.);
#11804 = SURFACE_CURVE('',#11805,(#11809,#11816),.PCURVE_S1.);
#11805 = LINE('',#11806,#11807);
#11806 = CARTESIAN_POINT('',(45.7,40.5,-4.75));
#11807 = VECTOR('',#11808,1.);
#11808 = DIRECTION('',(1.,0.,0.));
#11809 = PCURVE('',#7873,#11810);
#11810 = DEFINITIONAL_REPRESENTATION('',(#11811),#11815);
#11811 = LINE('',#11812,#11813);
#11812 = CARTESIAN_POINT('',(2.,0.));
#11813 = VECTOR('',#11814,1.);
#11814 = DIRECTION('',(0.,1.));
#11815 = ( GEOMETRIC_REPRESENTATION_CONTEXT(2) 
PARAMETRIC_REPRESENTATION_CONTEXT() REPRESENTATION_CONTEXT('2D SPACE',''
  ) );
#11816 = PCURVE('',#11619,#11817);
#11817 = DEFINITIONAL_REPRESENTATION('',(#11818),#11822);
#11818 = LINE('',#11819,#11820);
#11819 = CARTESIAN_POINT('',(0.,2.4));
#11820 = VECTOR('',#11821,1.);
#11821 = DIRECTION('',(1.,0.));
#11822 = ( GEOMETRIC_REPRESENTATION_CONTEXT(2) 
PARAMETRIC_REPRESENTATION_CONTEXT() REPRESENTATION_CONTEXT('2D SPACE',''
  ) );
#11823 = ADVANCED_FACE('',(#11824),#7927,.T.);
#11824 = FACE_BOUND('',#11825,.T.);
#11825 = EDGE_LOOP('',(#11826,#11827,#11828,#11829));
#11826 = ORIENTED_EDGE('',*,*,#11560,.F.);
#11827 = ORIENTED_EDGE('',*,*,#7910,.T.);
#11828 = ORIENTED_EDGE('',*,*,#11758,.F.);
#11829 = ORIENTED_EDGE('',*,*,#11830,.F.);
#11830 = EDGE_CURVE('',#11533,#11736,#11831,.T.);
#11831 = SURFACE_CURVE('',#11832,(#11836,#11843),.PCURVE_S1.);
#11832 = LINE('',#11833,#11834);
#11833 = CARTESIAN_POINT('',(50.3,38.1,-4.05));
#11834 = VECTOR('',#11835,1.);
#11835 = DIRECTION('',(0.,1.,0.));
#11836 = PCURVE('',#7927,#11837);
#11837 = DEFINITIONAL_REPRESENTATION('',(#11838),#11842);
#11838 = LINE('',#11839,#11840);
#11839 = CARTESIAN_POINT('',(0.7,0.));
#11840 = VECTOR('',#11841,1.);
#11841 = DIRECTION('',(0.,-1.));
#11842 = ( GEOMETRIC_REPRESENTATION_CONTEXT(2) 
PARAMETRIC_REPRESENTATION_CONTEXT() REPRESENTATION_CONTEXT('2D SPACE',''
  ) );
#11843 = PCURVE('',#11548,#11844);
#11844 = DEFINITIONAL_REPRESENTATION('',(#11845),#11849);
#11845 = LINE('',#11846,#11847);
#11846 = CARTESIAN_POINT('',(4.6,0.));
#11847 = VECTOR('',#11848,1.);
#11848 = DIRECTION('',(0.,1.));
#11849 = ( GEOMETRIC_REPRESENTATION_CONTEXT(2) 
PARAMETRIC_REPRESENTATION_CONTEXT() REPRESENTATION_CONTEXT('2D SPACE',''
  ) );
#11850 = ADVANCED_FACE('',(#11851),#7974,.F.);
#11851 = FACE_BOUND('',#11852,.F.);
#11852 = EDGE_LOOP('',(#11853,#11854,#11855,#11856));
#11853 = ORIENTED_EDGE('',*,*,#11582,.F.);
#11854 = ORIENTED_EDGE('',*,*,#7959,.T.);
#11855 = ORIENTED_EDGE('',*,*,#11780,.T.);
#11856 = ORIENTED_EDGE('',*,*,#11857,.F.);
#11857 = EDGE_CURVE('',#11583,#11781,#11858,.T.);
#11858 = SURFACE_CURVE('',#11859,(#11863,#11870),.PCURVE_S1.);
#11859 = LINE('',#11860,#11861);
#11860 = CARTESIAN_POINT('',(49.5,38.1,-4.75));
#11861 = VECTOR('',#11862,1.);
#11862 = DIRECTION('',(0.,1.,0.));
#11863 = PCURVE('',#7974,#11864);
#11864 = DEFINITIONAL_REPRESENTATION('',(#11865),#11869);
#11865 = LINE('',#11866,#11867);
#11866 = CARTESIAN_POINT('',(2.,0.));
#11867 = VECTOR('',#11868,1.);
#11868 = DIRECTION('',(0.,-1.));
#11869 = ( GEOMETRIC_REPRESENTATION_CONTEXT(2) 
PARAMETRIC_REPRESENTATION_CONTEXT() REPRESENTATION_CONTEXT('2D SPACE',''
  ) );
#11870 = PCURVE('',#11619,#11871);
#11871 = DEFINITIONAL_REPRESENTATION('',(#11872),#11876);
#11872 = LINE('',#11873,#11874);
#11873 = CARTESIAN_POINT('',(3.8,0.));
#11874 = VECTOR('',#11875,1.);
#11875 = DIRECTION('',(0.,1.));
#11876 = ( GEOMETRIC_REPRESENTATION_CONTEXT(2) 
PARAMETRIC_REPRESENTATION_CONTEXT() REPRESENTATION_CONTEXT('2D SPACE',''
  ) );
#11877 = ADVANCED_FACE('',(#11878),#8027,.T.);
#11878 = FACE_BOUND('',#11879,.F.);
#11879 = EDGE_LOOP('',(#11880,#11881,#11904,#11931));
#11880 = ORIENTED_EDGE('',*,*,#8006,.T.);
#11881 = ORIENTED_EDGE('',*,*,#11882,.T.);
#11882 = EDGE_CURVE('',#8007,#11883,#11885,.T.);
#11883 = VERTEX_POINT('',#11884);
#11884 = CARTESIAN_POINT('',(57.,37.,-0.2));
#11885 = SEAM_CURVE('',#11886,(#11890,#11897),.PCURVE_S1.);
#11886 = LINE('',#11887,#11888);
#11887 = CARTESIAN_POINT('',(57.,37.,-7.));
#11888 = VECTOR('',#11889,1.);
#11889 = DIRECTION('',(0.,0.,1.));
#11890 = PCURVE('',#8027,#11891);
#11891 = DEFINITIONAL_REPRESENTATION('',(#11892),#11896);
#11892 = LINE('',#11893,#11894);
#11893 = CARTESIAN_POINT('',(-6.28318530718,0.));
#11894 = VECTOR('',#11895,1.);
#11895 = DIRECTION('',(-0.,-1.));
#11896 = ( GEOMETRIC_REPRESENTATION_CONTEXT(2) 
PARAMETRIC_REPRESENTATION_CONTEXT() REPRESENTATION_CONTEXT('2D SPACE',''
  ) );
#11897 = PCURVE('',#8027,#11898);
#11898 = DEFINITIONAL_REPRESENTATION('',(#11899),#11903);
#11899 = LINE('',#11900,#11901);
#11900 = CARTESIAN_POINT('',(-0.,0.));
#11901 = VECTOR('',#11902,1.);
#11902 = DIRECTION('',(-0.,-1.));
#11903 = ( GEOMETRIC_REPRESENTATION_CONTEXT(2) 
PARAMETRIC_REPRESENTATION_CONTEXT() REPRESENTATION_CONTEXT('2D SPACE',''
  ) );
#11904 = ORIENTED_EDGE('',*,*,#11905,.T.);
#11905 = EDGE_CURVE('',#11883,#11883,#11906,.T.);
#11906 = SURFACE_CURVE('',#11907,(#11912,#11919),.PCURVE_S1.);
#11907 = CIRCLE('',#11908,3.);
#11908 = AXIS2_PLACEMENT_3D('',#11909,#11910,#11911);
#11909 = CARTESIAN_POINT('',(54.,37.,-0.2));
#11910 = DIRECTION('',(0.,0.,1.));
#11911 = DIRECTION('',(1.,0.,0.));
#11912 = PCURVE('',#8027,#11913);
#11913 = DEFINITIONAL_REPRESENTATION('',(#11914),#11918);
#11914 = LINE('',#11915,#11916);
#11915 = CARTESIAN_POINT('',(-0.,-6.8));
#11916 = VECTOR('',#11917,1.);
#11917 = DIRECTION('',(-1.,0.));
#11918 = ( GEOMETRIC_REPRESENTATION_CONTEXT(2) 
PARAMETRIC_REPRESENTATION_CONTEXT() REPRESENTATION_CONTEXT('2D SPACE',''
  ) );
#11919 = PCURVE('',#11920,#11925);
#11920 = PLANE('',#11921);
#11921 = AXIS2_PLACEMENT_3D('',#11922,#11923,#11924);
#11922 = CARTESIAN_POINT('',(54.,37.,-0.2));
#11923 = DIRECTION('',(0.,0.,1.));
#11924 = DIRECTION('',(1.,0.,-0.));
#11925 = DEFINITIONAL_REPRESENTATION('',(#11926),#11930);
#11926 = CIRCLE('',#11927,3.);
#11927 = AXIS2_PLACEMENT_2D('',#11928,#11929);
#11928 = CARTESIAN_POINT('',(0.,0.));
#11929 = DIRECTION('',(1.,0.));
#11930 = ( GEOMETRIC_REPRESENTATION_CONTEXT(2) 
PARAMETRIC_REPRESENTATION_CONTEXT() REPRESENTATION_CONTEXT('2D SPACE',''
  ) );
#11931 = ORIENTED_EDGE('',*,*,#11882,.F.);
#11932 = ADVANCED_FACE('',(#11933),#8058,.F.);
#11933 = FACE_BOUND('',#11934,.F.);
#11934 = EDGE_LOOP('',(#11935,#11958,#11959,#11982,#12010,#12031,#12032,
    #12055));
#11935 = ORIENTED_EDGE('',*,*,#11936,.F.);
#11936 = EDGE_CURVE('',#8042,#11937,#11939,.T.);
#11937 = VERTEX_POINT('',#11938);
#11938 = CARTESIAN_POINT('',(58.1,44.8,-4.75));
#11939 = SURFACE_CURVE('',#11940,(#11944,#11951),.PCURVE_S1.);
#11940 = LINE('',#11941,#11942);
#11941 = CARTESIAN_POINT('',(58.1,44.8,-6.75));
#11942 = VECTOR('',#11943,1.);
#11943 = DIRECTION('',(0.,0.,1.));
#11944 = PCURVE('',#8058,#11945);
#11945 = DEFINITIONAL_REPRESENTATION('',(#11946),#11950);
#11946 = LINE('',#11947,#11948);
#11947 = CARTESIAN_POINT('',(0.,0.8));
#11948 = VECTOR('',#11949,1.);
#11949 = DIRECTION('',(1.,0.));
#11950 = ( GEOMETRIC_REPRESENTATION_CONTEXT(2) 
PARAMETRIC_REPRESENTATION_CONTEXT() REPRESENTATION_CONTEXT('2D SPACE',''
  ) );
#11951 = PCURVE('',#8134,#11952);
#11952 = DEFINITIONAL_REPRESENTATION('',(#11953),#11957);
#11953 = LINE('',#11954,#11955);
#11954 = CARTESIAN_POINT('',(0.,0.));
#11955 = VECTOR('',#11956,1.);
#11956 = DIRECTION('',(1.,0.));
#11957 = ( GEOMETRIC_REPRESENTATION_CONTEXT(2) 
PARAMETRIC_REPRESENTATION_CONTEXT() REPRESENTATION_CONTEXT('2D SPACE',''
  ) );
#11958 = ORIENTED_EDGE('',*,*,#8041,.T.);
#11959 = ORIENTED_EDGE('',*,*,#11960,.T.);
#11960 = EDGE_CURVE('',#8044,#11961,#11963,.T.);
#11961 = VERTEX_POINT('',#11962);
#11962 = CARTESIAN_POINT('',(57.3,44.8,-4.05));
#11963 = SURFACE_CURVE('',#11964,(#11968,#11975),.PCURVE_S1.);
#11964 = LINE('',#11965,#11966);
#11965 = CARTESIAN_POINT('',(57.3,44.8,-6.75));
#11966 = VECTOR('',#11967,1.);
#11967 = DIRECTION('',(0.,0.,1.));
#11968 = PCURVE('',#8058,#11969);
#11969 = DEFINITIONAL_REPRESENTATION('',(#11970),#11974);
#11970 = LINE('',#11971,#11972);
#11971 = CARTESIAN_POINT('',(0.,0.));
#11972 = VECTOR('',#11973,1.);
#11973 = DIRECTION('',(1.,0.));
#11974 = ( GEOMETRIC_REPRESENTATION_CONTEXT(2) 
PARAMETRIC_REPRESENTATION_CONTEXT() REPRESENTATION_CONTEXT('2D SPACE',''
  ) );
#11975 = PCURVE('',#8084,#11976);
#11976 = DEFINITIONAL_REPRESENTATION('',(#11977),#11981);
#11977 = LINE('',#11978,#11979);
#11978 = CARTESIAN_POINT('',(0.,0.));
#11979 = VECTOR('',#11980,1.);
#11980 = DIRECTION('',(1.,0.));
#11981 = ( GEOMETRIC_REPRESENTATION_CONTEXT(2) 
PARAMETRIC_REPRESENTATION_CONTEXT() REPRESENTATION_CONTEXT('2D SPACE',''
  ) );
#11982 = ORIENTED_EDGE('',*,*,#11983,.T.);
#11983 = EDGE_CURVE('',#11961,#11984,#11986,.T.);
#11984 = VERTEX_POINT('',#11985);
#11985 = CARTESIAN_POINT('',(61.9,44.8,-4.05));
#11986 = SURFACE_CURVE('',#11987,(#11991,#11998),.PCURVE_S1.);
#11987 = LINE('',#11988,#11989);
#11988 = CARTESIAN_POINT('',(57.3,44.8,-4.05));
#11989 = VECTOR('',#11990,1.);
#11990 = DIRECTION('',(1.,0.,0.));
#11991 = PCURVE('',#8058,#11992);
#11992 = DEFINITIONAL_REPRESENTATION('',(#11993),#11997);
#11993 = LINE('',#11994,#11995);
#11994 = CARTESIAN_POINT('',(2.7,0.));
#11995 = VECTOR('',#11996,1.);
#11996 = DIRECTION('',(0.,1.));
#11997 = ( GEOMETRIC_REPRESENTATION_CONTEXT(2) 
PARAMETRIC_REPRESENTATION_CONTEXT() REPRESENTATION_CONTEXT('2D SPACE',''
  ) );
#11998 = PCURVE('',#11999,#12004);
#11999 = PLANE('',#12000);
#12000 = AXIS2_PLACEMENT_3D('',#12001,#12002,#12003);
#12001 = CARTESIAN_POINT('',(57.3,44.8,-4.05));
#12002 = DIRECTION('',(0.,0.,1.));
#12003 = DIRECTION('',(1.,0.,0.));
#12004 = DEFINITIONAL_REPRESENTATION('',(#12005),#12009);
#12005 = LINE('',#12006,#12007);
#12006 = CARTESIAN_POINT('',(0.,0.));
#12007 = VECTOR('',#12008,1.);
#12008 = DIRECTION('',(1.,0.));
#12009 = ( GEOMETRIC_REPRESENTATION_CONTEXT(2) 
PARAMETRIC_REPRESENTATION_CONTEXT() REPRESENTATION_CONTEXT('2D SPACE',''
  ) );
#12010 = ORIENTED_EDGE('',*,*,#12011,.F.);
#12011 = EDGE_CURVE('',#8148,#11984,#12012,.T.);
#12012 = SURFACE_CURVE('',#12013,(#12017,#12024),.PCURVE_S1.);
#12013 = LINE('',#12014,#12015);
#12014 = CARTESIAN_POINT('',(61.9,44.8,-6.75));
#12015 = VECTOR('',#12016,1.);
#12016 = DIRECTION('',(0.,0.,1.));
#12017 = PCURVE('',#8058,#12018);
#12018 = DEFINITIONAL_REPRESENTATION('',(#12019),#12023);
#12019 = LINE('',#12020,#12021);
#12020 = CARTESIAN_POINT('',(0.,4.6));
#12021 = VECTOR('',#12022,1.);
#12022 = DIRECTION('',(1.,0.));
#12023 = ( GEOMETRIC_REPRESENTATION_CONTEXT(2) 
PARAMETRIC_REPRESENTATION_CONTEXT() REPRESENTATION_CONTEXT('2D SPACE',''
  ) );
#12024 = PCURVE('',#8164,#12025);
#12025 = DEFINITIONAL_REPRESENTATION('',(#12026),#12030);
#12026 = LINE('',#12027,#12028);
#12027 = CARTESIAN_POINT('',(-2.,0.));
#12028 = VECTOR('',#12029,1.);
#12029 = DIRECTION('',(1.,0.));
#12030 = ( GEOMETRIC_REPRESENTATION_CONTEXT(2) 
PARAMETRIC_REPRESENTATION_CONTEXT() REPRESENTATION_CONTEXT('2D SPACE',''
  ) );
#12031 = ORIENTED_EDGE('',*,*,#8175,.T.);
#12032 = ORIENTED_EDGE('',*,*,#12033,.T.);
#12033 = EDGE_CURVE('',#8176,#12034,#12036,.T.);
#12034 = VERTEX_POINT('',#12035);
#12035 = CARTESIAN_POINT('',(61.1,44.8,-4.75));
#12036 = SURFACE_CURVE('',#12037,(#12041,#12048),.PCURVE_S1.);
#12037 = LINE('',#12038,#12039);
#12038 = CARTESIAN_POINT('',(61.1,44.8,-6.75));
#12039 = VECTOR('',#12040,1.);
#12040 = DIRECTION('',(0.,0.,1.));
#12041 = PCURVE('',#8058,#12042);
#12042 = DEFINITIONAL_REPRESENTATION('',(#12043),#12047);
#12043 = LINE('',#12044,#12045);
#12044 = CARTESIAN_POINT('',(0.,3.8));
#12045 = VECTOR('',#12046,1.);
#12046 = DIRECTION('',(1.,0.));
#12047 = ( GEOMETRIC_REPRESENTATION_CONTEXT(2) 
PARAMETRIC_REPRESENTATION_CONTEXT() REPRESENTATION_CONTEXT('2D SPACE',''
  ) );
#12048 = PCURVE('',#8211,#12049);
#12049 = DEFINITIONAL_REPRESENTATION('',(#12050),#12054);
#12050 = LINE('',#12051,#12052);
#12051 = CARTESIAN_POINT('',(0.,0.));
#12052 = VECTOR('',#12053,1.);
#12053 = DIRECTION('',(1.,0.));
#12054 = ( GEOMETRIC_REPRESENTATION_CONTEXT(2) 
PARAMETRIC_REPRESENTATION_CONTEXT() REPRESENTATION_CONTEXT('2D SPACE',''
  ) );
#12055 = ORIENTED_EDGE('',*,*,#12056,.F.);
#12056 = EDGE_CURVE('',#11937,#12034,#12057,.T.);
#12057 = SURFACE_CURVE('',#12058,(#12062,#12069),.PCURVE_S1.);
#12058 = LINE('',#12059,#12060);
#12059 = CARTESIAN_POINT('',(57.3,44.8,-4.75));
#12060 = VECTOR('',#12061,1.);
#12061 = DIRECTION('',(1.,0.,0.));
#12062 = PCURVE('',#8058,#12063);
#12063 = DEFINITIONAL_REPRESENTATION('',(#12064),#12068);
#12064 = LINE('',#12065,#12066);
#12065 = CARTESIAN_POINT('',(2.,0.));
#12066 = VECTOR('',#12067,1.);
#12067 = DIRECTION('',(0.,1.));
#12068 = ( GEOMETRIC_REPRESENTATION_CONTEXT(2) 
PARAMETRIC_REPRESENTATION_CONTEXT() REPRESENTATION_CONTEXT('2D SPACE',''
  ) );
#12069 = PCURVE('',#12070,#12075);
#12070 = PLANE('',#12071);
#12071 = AXIS2_PLACEMENT_3D('',#12072,#12073,#12074);
#12072 = CARTESIAN_POINT('',(57.3,44.8,-4.75));
#12073 = DIRECTION('',(0.,0.,1.));
#12074 = DIRECTION('',(1.,0.,0.));
#12075 = DEFINITIONAL_REPRESENTATION('',(#12076),#12080);
#12076 = LINE('',#12077,#12078);
#12077 = CARTESIAN_POINT('',(0.,0.));
#12078 = VECTOR('',#12079,1.);
#12079 = DIRECTION('',(1.,0.));
#12080 = ( GEOMETRIC_REPRESENTATION_CONTEXT(2) 
PARAMETRIC_REPRESENTATION_CONTEXT() REPRESENTATION_CONTEXT('2D SPACE',''
  ) );
#12081 = ADVANCED_FACE('',(#12082),#8134,.T.);
#12082 = FACE_BOUND('',#12083,.T.);
#12083 = EDGE_LOOP('',(#12084,#12085,#12086,#12109));
#12084 = ORIENTED_EDGE('',*,*,#11936,.F.);
#12085 = ORIENTED_EDGE('',*,*,#8121,.T.);
#12086 = ORIENTED_EDGE('',*,*,#12087,.T.);
#12087 = EDGE_CURVE('',#8096,#12088,#12090,.T.);
#12088 = VERTEX_POINT('',#12089);
#12089 = CARTESIAN_POINT('',(58.1,47.2,-4.75));
#12090 = SURFACE_CURVE('',#12091,(#12095,#12102),.PCURVE_S1.);
#12091 = LINE('',#12092,#12093);
#12092 = CARTESIAN_POINT('',(58.1,47.2,-6.75));
#12093 = VECTOR('',#12094,1.);
#12094 = DIRECTION('',(0.,0.,1.));
#12095 = PCURVE('',#8134,#12096);
#12096 = DEFINITIONAL_REPRESENTATION('',(#12097),#12101);
#12097 = LINE('',#12098,#12099);
#12098 = CARTESIAN_POINT('',(0.,-2.4));
#12099 = VECTOR('',#12100,1.);
#12100 = DIRECTION('',(1.,0.));
#12101 = ( GEOMETRIC_REPRESENTATION_CONTEXT(2) 
PARAMETRIC_REPRESENTATION_CONTEXT() REPRESENTATION_CONTEXT('2D SPACE',''
  ) );
#12102 = PCURVE('',#8110,#12103);
#12103 = DEFINITIONAL_REPRESENTATION('',(#12104),#12108);
#12104 = LINE('',#12105,#12106);
#12105 = CARTESIAN_POINT('',(0.,0.8));
#12106 = VECTOR('',#12107,1.);
#12107 = DIRECTION('',(1.,0.));
#12108 = ( GEOMETRIC_REPRESENTATION_CONTEXT(2) 
PARAMETRIC_REPRESENTATION_CONTEXT() REPRESENTATION_CONTEXT('2D SPACE',''
  ) );
#12109 = ORIENTED_EDGE('',*,*,#12110,.F.);
#12110 = EDGE_CURVE('',#11937,#12088,#12111,.T.);
#12111 = SURFACE_CURVE('',#12112,(#12116,#12123),.PCURVE_S1.);
#12112 = LINE('',#12113,#12114);
#12113 = CARTESIAN_POINT('',(58.1,44.8,-4.75));
#12114 = VECTOR('',#12115,1.);
#12115 = DIRECTION('',(0.,1.,0.));
#12116 = PCURVE('',#8134,#12117);
#12117 = DEFINITIONAL_REPRESENTATION('',(#12118),#12122);
#12118 = LINE('',#12119,#12120);
#12119 = CARTESIAN_POINT('',(2.,0.));
#12120 = VECTOR('',#12121,1.);
#12121 = DIRECTION('',(0.,-1.));
#12122 = ( GEOMETRIC_REPRESENTATION_CONTEXT(2) 
PARAMETRIC_REPRESENTATION_CONTEXT() REPRESENTATION_CONTEXT('2D SPACE',''
  ) );
#12123 = PCURVE('',#12070,#12124);
#12124 = DEFINITIONAL_REPRESENTATION('',(#12125),#12129);
#12125 = LINE('',#12126,#12127);
#12126 = CARTESIAN_POINT('',(0.8,0.));
#12127 = VECTOR('',#12128,1.);
#12128 = DIRECTION('',(0.,1.));
#12129 = ( GEOMETRIC_REPRESENTATION_CONTEXT(2) 
PARAMETRIC_REPRESENTATION_CONTEXT() REPRESENTATION_CONTEXT('2D SPACE',''
  ) );
#12130 = ADVANCED_FACE('',(#12131),#8084,.F.);
#12131 = FACE_BOUND('',#12132,.F.);
#12132 = EDGE_LOOP('',(#12133,#12134,#12135,#12158));
#12133 = ORIENTED_EDGE('',*,*,#11960,.F.);
#12134 = ORIENTED_EDGE('',*,*,#8069,.T.);
#12135 = ORIENTED_EDGE('',*,*,#12136,.F.);
#12136 = EDGE_CURVE('',#12137,#8070,#12139,.T.);
#12137 = VERTEX_POINT('',#12138);
#12138 = CARTESIAN_POINT('',(57.3,47.2,-4.05));
#12139 = SURFACE_CURVE('',#12140,(#12144,#12151),.PCURVE_S1.);
#12140 = LINE('',#12141,#12142);
#12141 = CARTESIAN_POINT('',(57.3,47.2,-4.05));
#12142 = VECTOR('',#12143,1.);
#12143 = DIRECTION('',(0.,0.,-1.));
#12144 = PCURVE('',#8084,#12145);
#12145 = DEFINITIONAL_REPRESENTATION('',(#12146),#12150);
#12146 = LINE('',#12147,#12148);
#12147 = CARTESIAN_POINT('',(2.7,-2.4));
#12148 = VECTOR('',#12149,1.);
#12149 = DIRECTION('',(-1.,0.));
#12150 = ( GEOMETRIC_REPRESENTATION_CONTEXT(2) 
PARAMETRIC_REPRESENTATION_CONTEXT() REPRESENTATION_CONTEXT('2D SPACE',''
  ) );
#12151 = PCURVE('',#8110,#12152);
#12152 = DEFINITIONAL_REPRESENTATION('',(#12153),#12157);
#12153 = LINE('',#12154,#12155);
#12154 = CARTESIAN_POINT('',(2.7,0.));
#12155 = VECTOR('',#12156,1.);
#12156 = DIRECTION('',(-1.,0.));
#12157 = ( GEOMETRIC_REPRESENTATION_CONTEXT(2) 
PARAMETRIC_REPRESENTATION_CONTEXT() REPRESENTATION_CONTEXT('2D SPACE',''
  ) );
#12158 = ORIENTED_EDGE('',*,*,#12159,.F.);
#12159 = EDGE_CURVE('',#11961,#12137,#12160,.T.);
#12160 = SURFACE_CURVE('',#12161,(#12165,#12172),.PCURVE_S1.);
#12161 = LINE('',#12162,#12163);
#12162 = CARTESIAN_POINT('',(57.3,44.8,-4.05));
#12163 = VECTOR('',#12164,1.);
#12164 = DIRECTION('',(0.,1.,0.));
#12165 = PCURVE('',#8084,#12166);
#12166 = DEFINITIONAL_REPRESENTATION('',(#12167),#12171);
#12167 = LINE('',#12168,#12169);
#12168 = CARTESIAN_POINT('',(2.7,0.));
#12169 = VECTOR('',#12170,1.);
#12170 = DIRECTION('',(0.,-1.));
#12171 = ( GEOMETRIC_REPRESENTATION_CONTEXT(2) 
PARAMETRIC_REPRESENTATION_CONTEXT() REPRESENTATION_CONTEXT('2D SPACE',''
  ) );
#12172 = PCURVE('',#11999,#12173);
#12173 = DEFINITIONAL_REPRESENTATION('',(#12174),#12178);
#12174 = LINE('',#12175,#12176);
#12175 = CARTESIAN_POINT('',(0.,0.));
#12176 = VECTOR('',#12177,1.);
#12177 = DIRECTION('',(0.,1.));
#12178 = ( GEOMETRIC_REPRESENTATION_CONTEXT(2) 
PARAMETRIC_REPRESENTATION_CONTEXT() REPRESENTATION_CONTEXT('2D SPACE',''
  ) );
#12179 = ADVANCED_FACE('',(#12180),#8110,.T.);
#12180 = FACE_BOUND('',#12181,.T.);
#12181 = EDGE_LOOP('',(#12182,#12183,#12184,#12185,#12208,#12229,#12230,
    #12253));
#12182 = ORIENTED_EDGE('',*,*,#12087,.F.);
#12183 = ORIENTED_EDGE('',*,*,#8095,.T.);
#12184 = ORIENTED_EDGE('',*,*,#12136,.F.);
#12185 = ORIENTED_EDGE('',*,*,#12186,.T.);
#12186 = EDGE_CURVE('',#12137,#12187,#12189,.T.);
#12187 = VERTEX_POINT('',#12188);
#12188 = CARTESIAN_POINT('',(61.9,47.2,-4.05));
#12189 = SURFACE_CURVE('',#12190,(#12194,#12201),.PCURVE_S1.);
#12190 = LINE('',#12191,#12192);
#12191 = CARTESIAN_POINT('',(57.3,47.2,-4.05));
#12192 = VECTOR('',#12193,1.);
#12193 = DIRECTION('',(1.,0.,0.));
#12194 = PCURVE('',#8110,#12195);
#12195 = DEFINITIONAL_REPRESENTATION('',(#12196),#12200);
#12196 = LINE('',#12197,#12198);
#12197 = CARTESIAN_POINT('',(2.7,0.));
#12198 = VECTOR('',#12199,1.);
#12199 = DIRECTION('',(0.,1.));
#12200 = ( GEOMETRIC_REPRESENTATION_CONTEXT(2) 
PARAMETRIC_REPRESENTATION_CONTEXT() REPRESENTATION_CONTEXT('2D SPACE',''
  ) );
#12201 = PCURVE('',#11999,#12202);
#12202 = DEFINITIONAL_REPRESENTATION('',(#12203),#12207);
#12203 = LINE('',#12204,#12205);
#12204 = CARTESIAN_POINT('',(0.,2.4));
#12205 = VECTOR('',#12206,1.);
#12206 = DIRECTION('',(1.,0.));
#12207 = ( GEOMETRIC_REPRESENTATION_CONTEXT(2) 
PARAMETRIC_REPRESENTATION_CONTEXT() REPRESENTATION_CONTEXT('2D SPACE',''
  ) );
#12208 = ORIENTED_EDGE('',*,*,#12209,.T.);
#12209 = EDGE_CURVE('',#12187,#8150,#12210,.T.);
#12210 = SURFACE_CURVE('',#12211,(#12215,#12222),.PCURVE_S1.);
#12211 = LINE('',#12212,#12213);
#12212 = CARTESIAN_POINT('',(61.9,47.2,-4.05));
#12213 = VECTOR('',#12214,1.);
#12214 = DIRECTION('',(0.,0.,-1.));
#12215 = PCURVE('',#8110,#12216);
#12216 = DEFINITIONAL_REPRESENTATION('',(#12217),#12221);
#12217 = LINE('',#12218,#12219);
#12218 = CARTESIAN_POINT('',(2.7,4.6));
#12219 = VECTOR('',#12220,1.);
#12220 = DIRECTION('',(-1.,0.));
#12221 = ( GEOMETRIC_REPRESENTATION_CONTEXT(2) 
PARAMETRIC_REPRESENTATION_CONTEXT() REPRESENTATION_CONTEXT('2D SPACE',''
  ) );
#12222 = PCURVE('',#8164,#12223);
#12223 = DEFINITIONAL_REPRESENTATION('',(#12224),#12228);
#12224 = LINE('',#12225,#12226);
#12225 = CARTESIAN_POINT('',(0.7,-2.4));
#12226 = VECTOR('',#12227,1.);
#12227 = DIRECTION('',(-1.,0.));
#12228 = ( GEOMETRIC_REPRESENTATION_CONTEXT(2) 
PARAMETRIC_REPRESENTATION_CONTEXT() REPRESENTATION_CONTEXT('2D SPACE',''
  ) );
#12229 = ORIENTED_EDGE('',*,*,#8222,.T.);
#12230 = ORIENTED_EDGE('',*,*,#12231,.T.);
#12231 = EDGE_CURVE('',#8197,#12232,#12234,.T.);
#12232 = VERTEX_POINT('',#12233);
#12233 = CARTESIAN_POINT('',(61.1,47.2,-4.75));
#12234 = SURFACE_CURVE('',#12235,(#12239,#12246),.PCURVE_S1.);
#12235 = LINE('',#12236,#12237);
#12236 = CARTESIAN_POINT('',(61.1,47.2,-6.75));
#12237 = VECTOR('',#12238,1.);
#12238 = DIRECTION('',(0.,0.,1.));
#12239 = PCURVE('',#8110,#12240);
#12240 = DEFINITIONAL_REPRESENTATION('',(#12241),#12245);
#12241 = LINE('',#12242,#12243);
#12242 = CARTESIAN_POINT('',(0.,3.8));
#12243 = VECTOR('',#12244,1.);
#12244 = DIRECTION('',(1.,0.));
#12245 = ( GEOMETRIC_REPRESENTATION_CONTEXT(2) 
PARAMETRIC_REPRESENTATION_CONTEXT() REPRESENTATION_CONTEXT('2D SPACE',''
  ) );
#12246 = PCURVE('',#8211,#12247);
#12247 = DEFINITIONAL_REPRESENTATION('',(#12248),#12252);
#12248 = LINE('',#12249,#12250);
#12249 = CARTESIAN_POINT('',(0.,-2.4));
#12250 = VECTOR('',#12251,1.);
#12251 = DIRECTION('',(1.,0.));
#12252 = ( GEOMETRIC_REPRESENTATION_CONTEXT(2) 
PARAMETRIC_REPRESENTATION_CONTEXT() REPRESENTATION_CONTEXT('2D SPACE',''
  ) );
#12253 = ORIENTED_EDGE('',*,*,#12254,.F.);
#12254 = EDGE_CURVE('',#12088,#12232,#12255,.T.);
#12255 = SURFACE_CURVE('',#12256,(#12260,#12267),.PCURVE_S1.);
#12256 = LINE('',#12257,#12258);
#12257 = CARTESIAN_POINT('',(57.3,47.2,-4.75));
#12258 = VECTOR('',#12259,1.);
#12259 = DIRECTION('',(1.,0.,0.));
#12260 = PCURVE('',#8110,#12261);
#12261 = DEFINITIONAL_REPRESENTATION('',(#12262),#12266);
#12262 = LINE('',#12263,#12264);
#12263 = CARTESIAN_POINT('',(2.,0.));
#12264 = VECTOR('',#12265,1.);
#12265 = DIRECTION('',(0.,1.));
#12266 = ( GEOMETRIC_REPRESENTATION_CONTEXT(2) 
PARAMETRIC_REPRESENTATION_CONTEXT() REPRESENTATION_CONTEXT('2D SPACE',''
  ) );
#12267 = PCURVE('',#12070,#12268);
#12268 = DEFINITIONAL_REPRESENTATION('',(#12269),#12273);
#12269 = LINE('',#12270,#12271);
#12270 = CARTESIAN_POINT('',(0.,2.4));
#12271 = VECTOR('',#12272,1.);
#12272 = DIRECTION('',(1.,0.));
#12273 = ( GEOMETRIC_REPRESENTATION_CONTEXT(2) 
PARAMETRIC_REPRESENTATION_CONTEXT() REPRESENTATION_CONTEXT('2D SPACE',''
  ) );
#12274 = ADVANCED_FACE('',(#12275),#8164,.T.);
#12275 = FACE_BOUND('',#12276,.T.);
#12276 = EDGE_LOOP('',(#12277,#12278,#12279,#12280));
#12277 = ORIENTED_EDGE('',*,*,#12011,.F.);
#12278 = ORIENTED_EDGE('',*,*,#8147,.T.);
#12279 = ORIENTED_EDGE('',*,*,#12209,.F.);
#12280 = ORIENTED_EDGE('',*,*,#12281,.F.);
#12281 = EDGE_CURVE('',#11984,#12187,#12282,.T.);
#12282 = SURFACE_CURVE('',#12283,(#12287,#12294),.PCURVE_S1.);
#12283 = LINE('',#12284,#12285);
#12284 = CARTESIAN_POINT('',(61.9,44.8,-4.05));
#12285 = VECTOR('',#12286,1.);
#12286 = DIRECTION('',(0.,1.,0.));
#12287 = PCURVE('',#8164,#12288);
#12288 = DEFINITIONAL_REPRESENTATION('',(#12289),#12293);
#12289 = LINE('',#12290,#12291);
#12290 = CARTESIAN_POINT('',(0.7,0.));
#12291 = VECTOR('',#12292,1.);
#12292 = DIRECTION('',(0.,-1.));
#12293 = ( GEOMETRIC_REPRESENTATION_CONTEXT(2) 
PARAMETRIC_REPRESENTATION_CONTEXT() REPRESENTATION_CONTEXT('2D SPACE',''
  ) );
#12294 = PCURVE('',#11999,#12295);
#12295 = DEFINITIONAL_REPRESENTATION('',(#12296),#12300);
#12296 = LINE('',#12297,#12298);
#12297 = CARTESIAN_POINT('',(4.6,0.));
#12298 = VECTOR('',#12299,1.);
#12299 = DIRECTION('',(0.,1.));
#12300 = ( GEOMETRIC_REPRESENTATION_CONTEXT(2) 
PARAMETRIC_REPRESENTATION_CONTEXT() REPRESENTATION_CONTEXT('2D SPACE',''
  ) );
#12301 = ADVANCED_FACE('',(#12302),#8211,.F.);
#12302 = FACE_BOUND('',#12303,.F.);
#12303 = EDGE_LOOP('',(#12304,#12305,#12306,#12307));
#12304 = ORIENTED_EDGE('',*,*,#12033,.F.);
#12305 = ORIENTED_EDGE('',*,*,#8196,.T.);
#12306 = ORIENTED_EDGE('',*,*,#12231,.T.);
#12307 = ORIENTED_EDGE('',*,*,#12308,.F.);
#12308 = EDGE_CURVE('',#12034,#12232,#12309,.T.);
#12309 = SURFACE_CURVE('',#12310,(#12314,#12321),.PCURVE_S1.);
#12310 = LINE('',#12311,#12312);
#12311 = CARTESIAN_POINT('',(61.1,44.8,-4.75));
#12312 = VECTOR('',#12313,1.);
#12313 = DIRECTION('',(0.,1.,0.));
#12314 = PCURVE('',#8211,#12315);
#12315 = DEFINITIONAL_REPRESENTATION('',(#12316),#12320);
#12316 = LINE('',#12317,#12318);
#12317 = CARTESIAN_POINT('',(2.,0.));
#12318 = VECTOR('',#12319,1.);
#12319 = DIRECTION('',(0.,-1.));
#12320 = ( GEOMETRIC_REPRESENTATION_CONTEXT(2) 
PARAMETRIC_REPRESENTATION_CONTEXT() REPRESENTATION_CONTEXT('2D SPACE',''
  ) );
#12321 = PCURVE('',#12070,#12322);
#12322 = DEFINITIONAL_REPRESENTATION('',(#12323),#12327);
#12323 = LINE('',#12324,#12325);
#12324 = CARTESIAN_POINT('',(3.8,0.));
#12325 = VECTOR('',#12326,1.);
#12326 = DIRECTION('',(0.,1.));
#12327 = ( GEOMETRIC_REPRESENTATION_CONTEXT(2) 
PARAMETRIC_REPRESENTATION_CONTEXT() REPRESENTATION_CONTEXT('2D SPACE',''
  ) );
#12328 = ADVANCED_FACE('',(#12329),#8260,.F.);
#12329 = FACE_BOUND('',#12330,.F.);
#12330 = EDGE_LOOP('',(#12331,#12354,#12355,#12378,#12406,#12427,#12428,
    #12451));
#12331 = ORIENTED_EDGE('',*,*,#12332,.F.);
#12332 = EDGE_CURVE('',#8244,#12333,#12335,.T.);
#12333 = VERTEX_POINT('',#12334);
#12334 = CARTESIAN_POINT('',(58.1,56.8,-4.75));
#12335 = SURFACE_CURVE('',#12336,(#12340,#12347),.PCURVE_S1.);
#12336 = LINE('',#12337,#12338);
#12337 = CARTESIAN_POINT('',(58.1,56.8,-6.75));
#12338 = VECTOR('',#12339,1.);
#12339 = DIRECTION('',(0.,0.,1.));
#12340 = PCURVE('',#8260,#12341);
#12341 = DEFINITIONAL_REPRESENTATION('',(#12342),#12346);
#12342 = LINE('',#12343,#12344);
#12343 = CARTESIAN_POINT('',(0.,0.8));
#12344 = VECTOR('',#12345,1.);
#12345 = DIRECTION('',(1.,0.));
#12346 = ( GEOMETRIC_REPRESENTATION_CONTEXT(2) 
PARAMETRIC_REPRESENTATION_CONTEXT() REPRESENTATION_CONTEXT('2D SPACE',''
  ) );
#12347 = PCURVE('',#8336,#12348);
#12348 = DEFINITIONAL_REPRESENTATION('',(#12349),#12353);
#12349 = LINE('',#12350,#12351);
#12350 = CARTESIAN_POINT('',(0.,0.));
#12351 = VECTOR('',#12352,1.);
#12352 = DIRECTION('',(1.,0.));
#12353 = ( GEOMETRIC_REPRESENTATION_CONTEXT(2) 
PARAMETRIC_REPRESENTATION_CONTEXT() REPRESENTATION_CONTEXT('2D SPACE',''
  ) );
#12354 = ORIENTED_EDGE('',*,*,#8243,.T.);
#12355 = ORIENTED_EDGE('',*,*,#12356,.T.);
#12356 = EDGE_CURVE('',#8246,#12357,#12359,.T.);
#12357 = VERTEX_POINT('',#12358);
#12358 = CARTESIAN_POINT('',(57.3,56.8,-4.05));
#12359 = SURFACE_CURVE('',#12360,(#12364,#12371),.PCURVE_S1.);
#12360 = LINE('',#12361,#12362);
#12361 = CARTESIAN_POINT('',(57.3,56.8,-6.75));
#12362 = VECTOR('',#12363,1.);
#12363 = DIRECTION('',(0.,0.,1.));
#12364 = PCURVE('',#8260,#12365);
#12365 = DEFINITIONAL_REPRESENTATION('',(#12366),#12370);
#12366 = LINE('',#12367,#12368);
#12367 = CARTESIAN_POINT('',(0.,0.));
#12368 = VECTOR('',#12369,1.);
#12369 = DIRECTION('',(1.,0.));
#12370 = ( GEOMETRIC_REPRESENTATION_CONTEXT(2) 
PARAMETRIC_REPRESENTATION_CONTEXT() REPRESENTATION_CONTEXT('2D SPACE',''
  ) );
#12371 = PCURVE('',#8286,#12372);
#12372 = DEFINITIONAL_REPRESENTATION('',(#12373),#12377);
#12373 = LINE('',#12374,#12375);
#12374 = CARTESIAN_POINT('',(0.,0.));
#12375 = VECTOR('',#12376,1.);
#12376 = DIRECTION('',(1.,0.));
#12377 = ( GEOMETRIC_REPRESENTATION_CONTEXT(2) 
PARAMETRIC_REPRESENTATION_CONTEXT() REPRESENTATION_CONTEXT('2D SPACE',''
  ) );
#12378 = ORIENTED_EDGE('',*,*,#12379,.T.);
#12379 = EDGE_CURVE('',#12357,#12380,#12382,.T.);
#12380 = VERTEX_POINT('',#12381);
#12381 = CARTESIAN_POINT('',(61.9,56.8,-4.05));
#12382 = SURFACE_CURVE('',#12383,(#12387,#12394),.PCURVE_S1.);
#12383 = LINE('',#12384,#12385);
#12384 = CARTESIAN_POINT('',(57.3,56.8,-4.05));
#12385 = VECTOR('',#12386,1.);
#12386 = DIRECTION('',(1.,0.,0.));
#12387 = PCURVE('',#8260,#12388);
#12388 = DEFINITIONAL_REPRESENTATION('',(#12389),#12393);
#12389 = LINE('',#12390,#12391);
#12390 = CARTESIAN_POINT('',(2.7,0.));
#12391 = VECTOR('',#12392,1.);
#12392 = DIRECTION('',(0.,1.));
#12393 = ( GEOMETRIC_REPRESENTATION_CONTEXT(2) 
PARAMETRIC_REPRESENTATION_CONTEXT() REPRESENTATION_CONTEXT('2D SPACE',''
  ) );
#12394 = PCURVE('',#12395,#12400);
#12395 = PLANE('',#12396);
#12396 = AXIS2_PLACEMENT_3D('',#12397,#12398,#12399);
#12397 = CARTESIAN_POINT('',(57.3,56.8,-4.05));
#12398 = DIRECTION('',(0.,0.,1.));
#12399 = DIRECTION('',(1.,0.,0.));
#12400 = DEFINITIONAL_REPRESENTATION('',(#12401),#12405);
#12401 = LINE('',#12402,#12403);
#12402 = CARTESIAN_POINT('',(0.,0.));
#12403 = VECTOR('',#12404,1.);
#12404 = DIRECTION('',(1.,0.));
#12405 = ( GEOMETRIC_REPRESENTATION_CONTEXT(2) 
PARAMETRIC_REPRESENTATION_CONTEXT() REPRESENTATION_CONTEXT('2D SPACE',''
  ) );
#12406 = ORIENTED_EDGE('',*,*,#12407,.F.);
#12407 = EDGE_CURVE('',#8350,#12380,#12408,.T.);
#12408 = SURFACE_CURVE('',#12409,(#12413,#12420),.PCURVE_S1.);
#12409 = LINE('',#12410,#12411);
#12410 = CARTESIAN_POINT('',(61.9,56.8,-6.75));
#12411 = VECTOR('',#12412,1.);
#12412 = DIRECTION('',(0.,0.,1.));
#12413 = PCURVE('',#8260,#12414);
#12414 = DEFINITIONAL_REPRESENTATION('',(#12415),#12419);
#12415 = LINE('',#12416,#12417);
#12416 = CARTESIAN_POINT('',(0.,4.6));
#12417 = VECTOR('',#12418,1.);
#12418 = DIRECTION('',(1.,0.));
#12419 = ( GEOMETRIC_REPRESENTATION_CONTEXT(2) 
PARAMETRIC_REPRESENTATION_CONTEXT() REPRESENTATION_CONTEXT('2D SPACE',''
  ) );
#12420 = PCURVE('',#8366,#12421);
#12421 = DEFINITIONAL_REPRESENTATION('',(#12422),#12426);
#12422 = LINE('',#12423,#12424);
#12423 = CARTESIAN_POINT('',(-2.,0.));
#12424 = VECTOR('',#12425,1.);
#12425 = DIRECTION('',(1.,0.));
#12426 = ( GEOMETRIC_REPRESENTATION_CONTEXT(2) 
PARAMETRIC_REPRESENTATION_CONTEXT() REPRESENTATION_CONTEXT('2D SPACE',''
  ) );
#12427 = ORIENTED_EDGE('',*,*,#8377,.T.);
#12428 = ORIENTED_EDGE('',*,*,#12429,.T.);
#12429 = EDGE_CURVE('',#8378,#12430,#12432,.T.);
#12430 = VERTEX_POINT('',#12431);
#12431 = CARTESIAN_POINT('',(61.1,56.8,-4.75));
#12432 = SURFACE_CURVE('',#12433,(#12437,#12444),.PCURVE_S1.);
#12433 = LINE('',#12434,#12435);
#12434 = CARTESIAN_POINT('',(61.1,56.8,-6.75));
#12435 = VECTOR('',#12436,1.);
#12436 = DIRECTION('',(0.,0.,1.));
#12437 = PCURVE('',#8260,#12438);
#12438 = DEFINITIONAL_REPRESENTATION('',(#12439),#12443);
#12439 = LINE('',#12440,#12441);
#12440 = CARTESIAN_POINT('',(0.,3.8));
#12441 = VECTOR('',#12442,1.);
#12442 = DIRECTION('',(1.,0.));
#12443 = ( GEOMETRIC_REPRESENTATION_CONTEXT(2) 
PARAMETRIC_REPRESENTATION_CONTEXT() REPRESENTATION_CONTEXT('2D SPACE',''
  ) );
#12444 = PCURVE('',#8413,#12445);
#12445 = DEFINITIONAL_REPRESENTATION('',(#12446),#12450);
#12446 = LINE('',#12447,#12448);
#12447 = CARTESIAN_POINT('',(0.,0.));
#12448 = VECTOR('',#12449,1.);
#12449 = DIRECTION('',(1.,0.));
#12450 = ( GEOMETRIC_REPRESENTATION_CONTEXT(2) 
PARAMETRIC_REPRESENTATION_CONTEXT() REPRESENTATION_CONTEXT('2D SPACE',''
  ) );
#12451 = ORIENTED_EDGE('',*,*,#12452,.F.);
#12452 = EDGE_CURVE('',#12333,#12430,#12453,.T.);
#12453 = SURFACE_CURVE('',#12454,(#12458,#12465),.PCURVE_S1.);
#12454 = LINE('',#12455,#12456);
#12455 = CARTESIAN_POINT('',(57.3,56.8,-4.75));
#12456 = VECTOR('',#12457,1.);
#12457 = DIRECTION('',(1.,0.,0.));
#12458 = PCURVE('',#8260,#12459);
#12459 = DEFINITIONAL_REPRESENTATION('',(#12460),#12464);
#12460 = LINE('',#12461,#12462);
#12461 = CARTESIAN_POINT('',(2.,0.));
#12462 = VECTOR('',#12463,1.);
#12463 = DIRECTION('',(0.,1.));
#12464 = ( GEOMETRIC_REPRESENTATION_CONTEXT(2) 
PARAMETRIC_REPRESENTATION_CONTEXT() REPRESENTATION_CONTEXT('2D SPACE',''
  ) );
#12465 = PCURVE('',#12466,#12471);
#12466 = PLANE('',#12467);
#12467 = AXIS2_PLACEMENT_3D('',#12468,#12469,#12470);
#12468 = CARTESIAN_POINT('',(57.3,56.8,-4.75));
#12469 = DIRECTION('',(0.,0.,1.));
#12470 = DIRECTION('',(1.,0.,0.));
#12471 = DEFINITIONAL_REPRESENTATION('',(#12472),#12476);
#12472 = LINE('',#12473,#12474);
#12473 = CARTESIAN_POINT('',(0.,0.));
#12474 = VECTOR('',#12475,1.);
#12475 = DIRECTION('',(1.,0.));
#12476 = ( GEOMETRIC_REPRESENTATION_CONTEXT(2) 
PARAMETRIC_REPRESENTATION_CONTEXT() REPRESENTATION_CONTEXT('2D SPACE',''
  ) );
#12477 = ADVANCED_FACE('',(#12478),#8336,.T.);
#12478 = FACE_BOUND('',#12479,.T.);
#12479 = EDGE_LOOP('',(#12480,#12481,#12482,#12505));
#12480 = ORIENTED_EDGE('',*,*,#12332,.F.);
#12481 = ORIENTED_EDGE('',*,*,#8323,.T.);
#12482 = ORIENTED_EDGE('',*,*,#12483,.T.);
#12483 = EDGE_CURVE('',#8298,#12484,#12486,.T.);
#12484 = VERTEX_POINT('',#12485);
#12485 = CARTESIAN_POINT('',(58.1,59.2,-4.75));
#12486 = SURFACE_CURVE('',#12487,(#12491,#12498),.PCURVE_S1.);
#12487 = LINE('',#12488,#12489);
#12488 = CARTESIAN_POINT('',(58.1,59.2,-6.75));
#12489 = VECTOR('',#12490,1.);
#12490 = DIRECTION('',(0.,0.,1.));
#12491 = PCURVE('',#8336,#12492);
#12492 = DEFINITIONAL_REPRESENTATION('',(#12493),#12497);
#12493 = LINE('',#12494,#12495);
#12494 = CARTESIAN_POINT('',(0.,-2.4));
#12495 = VECTOR('',#12496,1.);
#12496 = DIRECTION('',(1.,0.));
#12497 = ( GEOMETRIC_REPRESENTATION_CONTEXT(2) 
PARAMETRIC_REPRESENTATION_CONTEXT() REPRESENTATION_CONTEXT('2D SPACE',''
  ) );
#12498 = PCURVE('',#8312,#12499);
#12499 = DEFINITIONAL_REPRESENTATION('',(#12500),#12504);
#12500 = LINE('',#12501,#12502);
#12501 = CARTESIAN_POINT('',(0.,0.8));
#12502 = VECTOR('',#12503,1.);
#12503 = DIRECTION('',(1.,0.));
#12504 = ( GEOMETRIC_REPRESENTATION_CONTEXT(2) 
PARAMETRIC_REPRESENTATION_CONTEXT() REPRESENTATION_CONTEXT('2D SPACE',''
  ) );
#12505 = ORIENTED_EDGE('',*,*,#12506,.F.);
#12506 = EDGE_CURVE('',#12333,#12484,#12507,.T.);
#12507 = SURFACE_CURVE('',#12508,(#12512,#12519),.PCURVE_S1.);
#12508 = LINE('',#12509,#12510);
#12509 = CARTESIAN_POINT('',(58.1,56.8,-4.75));
#12510 = VECTOR('',#12511,1.);
#12511 = DIRECTION('',(0.,1.,0.));
#12512 = PCURVE('',#8336,#12513);
#12513 = DEFINITIONAL_REPRESENTATION('',(#12514),#12518);
#12514 = LINE('',#12515,#12516);
#12515 = CARTESIAN_POINT('',(2.,0.));
#12516 = VECTOR('',#12517,1.);
#12517 = DIRECTION('',(0.,-1.));
#12518 = ( GEOMETRIC_REPRESENTATION_CONTEXT(2) 
PARAMETRIC_REPRESENTATION_CONTEXT() REPRESENTATION_CONTEXT('2D SPACE',''
  ) );
#12519 = PCURVE('',#12466,#12520);
#12520 = DEFINITIONAL_REPRESENTATION('',(#12521),#12525);
#12521 = LINE('',#12522,#12523);
#12522 = CARTESIAN_POINT('',(0.8,0.));
#12523 = VECTOR('',#12524,1.);
#12524 = DIRECTION('',(0.,1.));
#12525 = ( GEOMETRIC_REPRESENTATION_CONTEXT(2) 
PARAMETRIC_REPRESENTATION_CONTEXT() REPRESENTATION_CONTEXT('2D SPACE',''
  ) );
#12526 = ADVANCED_FACE('',(#12527),#8286,.F.);
#12527 = FACE_BOUND('',#12528,.F.);
#12528 = EDGE_LOOP('',(#12529,#12530,#12531,#12554));
#12529 = ORIENTED_EDGE('',*,*,#12356,.F.);
#12530 = ORIENTED_EDGE('',*,*,#8271,.T.);
#12531 = ORIENTED_EDGE('',*,*,#12532,.F.);
#12532 = EDGE_CURVE('',#12533,#8272,#12535,.T.);
#12533 = VERTEX_POINT('',#12534);
#12534 = CARTESIAN_POINT('',(57.3,59.2,-4.05));
#12535 = SURFACE_CURVE('',#12536,(#12540,#12547),.PCURVE_S1.);
#12536 = LINE('',#12537,#12538);
#12537 = CARTESIAN_POINT('',(57.3,59.2,-4.05));
#12538 = VECTOR('',#12539,1.);
#12539 = DIRECTION('',(0.,0.,-1.));
#12540 = PCURVE('',#8286,#12541);
#12541 = DEFINITIONAL_REPRESENTATION('',(#12542),#12546);
#12542 = LINE('',#12543,#12544);
#12543 = CARTESIAN_POINT('',(2.7,-2.4));
#12544 = VECTOR('',#12545,1.);
#12545 = DIRECTION('',(-1.,0.));
#12546 = ( GEOMETRIC_REPRESENTATION_CONTEXT(2) 
PARAMETRIC_REPRESENTATION_CONTEXT() REPRESENTATION_CONTEXT('2D SPACE',''
  ) );
#12547 = PCURVE('',#8312,#12548);
#12548 = DEFINITIONAL_REPRESENTATION('',(#12549),#12553);
#12549 = LINE('',#12550,#12551);
#12550 = CARTESIAN_POINT('',(2.7,0.));
#12551 = VECTOR('',#12552,1.);
#12552 = DIRECTION('',(-1.,0.));
#12553 = ( GEOMETRIC_REPRESENTATION_CONTEXT(2) 
PARAMETRIC_REPRESENTATION_CONTEXT() REPRESENTATION_CONTEXT('2D SPACE',''
  ) );
#12554 = ORIENTED_EDGE('',*,*,#12555,.F.);
#12555 = EDGE_CURVE('',#12357,#12533,#12556,.T.);
#12556 = SURFACE_CURVE('',#12557,(#12561,#12568),.PCURVE_S1.);
#12557 = LINE('',#12558,#12559);
#12558 = CARTESIAN_POINT('',(57.3,56.8,-4.05));
#12559 = VECTOR('',#12560,1.);
#12560 = DIRECTION('',(0.,1.,0.));
#12561 = PCURVE('',#8286,#12562);
#12562 = DEFINITIONAL_REPRESENTATION('',(#12563),#12567);
#12563 = LINE('',#12564,#12565);
#12564 = CARTESIAN_POINT('',(2.7,0.));
#12565 = VECTOR('',#12566,1.);
#12566 = DIRECTION('',(0.,-1.));
#12567 = ( GEOMETRIC_REPRESENTATION_CONTEXT(2) 
PARAMETRIC_REPRESENTATION_CONTEXT() REPRESENTATION_CONTEXT('2D SPACE',''
  ) );
#12568 = PCURVE('',#12395,#12569);
#12569 = DEFINITIONAL_REPRESENTATION('',(#12570),#12574);
#12570 = LINE('',#12571,#12572);
#12571 = CARTESIAN_POINT('',(0.,0.));
#12572 = VECTOR('',#12573,1.);
#12573 = DIRECTION('',(0.,1.));
#12574 = ( GEOMETRIC_REPRESENTATION_CONTEXT(2) 
PARAMETRIC_REPRESENTATION_CONTEXT() REPRESENTATION_CONTEXT('2D SPACE',''
  ) );
#12575 = ADVANCED_FACE('',(#12576),#8312,.T.);
#12576 = FACE_BOUND('',#12577,.T.);
#12577 = EDGE_LOOP('',(#12578,#12579,#12580,#12581,#12604,#12625,#12626,
    #12649));
#12578 = ORIENTED_EDGE('',*,*,#12483,.F.);
#12579 = ORIENTED_EDGE('',*,*,#8297,.T.);
#12580 = ORIENTED_EDGE('',*,*,#12532,.F.);
#12581 = ORIENTED_EDGE('',*,*,#12582,.T.);
#12582 = EDGE_CURVE('',#12533,#12583,#12585,.T.);
#12583 = VERTEX_POINT('',#12584);
#12584 = CARTESIAN_POINT('',(61.9,59.2,-4.05));
#12585 = SURFACE_CURVE('',#12586,(#12590,#12597),.PCURVE_S1.);
#12586 = LINE('',#12587,#12588);
#12587 = CARTESIAN_POINT('',(57.3,59.2,-4.05));
#12588 = VECTOR('',#12589,1.);
#12589 = DIRECTION('',(1.,0.,0.));
#12590 = PCURVE('',#8312,#12591);
#12591 = DEFINITIONAL_REPRESENTATION('',(#12592),#12596);
#12592 = LINE('',#12593,#12594);
#12593 = CARTESIAN_POINT('',(2.7,0.));
#12594 = VECTOR('',#12595,1.);
#12595 = DIRECTION('',(0.,1.));
#12596 = ( GEOMETRIC_REPRESENTATION_CONTEXT(2) 
PARAMETRIC_REPRESENTATION_CONTEXT() REPRESENTATION_CONTEXT('2D SPACE',''
  ) );
#12597 = PCURVE('',#12395,#12598);
#12598 = DEFINITIONAL_REPRESENTATION('',(#12599),#12603);
#12599 = LINE('',#12600,#12601);
#12600 = CARTESIAN_POINT('',(0.,2.4));
#12601 = VECTOR('',#12602,1.);
#12602 = DIRECTION('',(1.,0.));
#12603 = ( GEOMETRIC_REPRESENTATION_CONTEXT(2) 
PARAMETRIC_REPRESENTATION_CONTEXT() REPRESENTATION_CONTEXT('2D SPACE',''
  ) );
#12604 = ORIENTED_EDGE('',*,*,#12605,.T.);
#12605 = EDGE_CURVE('',#12583,#8352,#12606,.T.);
#12606 = SURFACE_CURVE('',#12607,(#12611,#12618),.PCURVE_S1.);
#12607 = LINE('',#12608,#12609);
#12608 = CARTESIAN_POINT('',(61.9,59.2,-4.05));
#12609 = VECTOR('',#12610,1.);
#12610 = DIRECTION('',(0.,0.,-1.));
#12611 = PCURVE('',#8312,#12612);
#12612 = DEFINITIONAL_REPRESENTATION('',(#12613),#12617);
#12613 = LINE('',#12614,#12615);
#12614 = CARTESIAN_POINT('',(2.7,4.6));
#12615 = VECTOR('',#12616,1.);
#12616 = DIRECTION('',(-1.,0.));
#12617 = ( GEOMETRIC_REPRESENTATION_CONTEXT(2) 
PARAMETRIC_REPRESENTATION_CONTEXT() REPRESENTATION_CONTEXT('2D SPACE',''
  ) );
#12618 = PCURVE('',#8366,#12619);
#12619 = DEFINITIONAL_REPRESENTATION('',(#12620),#12624);
#12620 = LINE('',#12621,#12622);
#12621 = CARTESIAN_POINT('',(0.7,-2.4));
#12622 = VECTOR('',#12623,1.);
#12623 = DIRECTION('',(-1.,0.));
#12624 = ( GEOMETRIC_REPRESENTATION_CONTEXT(2) 
PARAMETRIC_REPRESENTATION_CONTEXT() REPRESENTATION_CONTEXT('2D SPACE',''
  ) );
#12625 = ORIENTED_EDGE('',*,*,#8424,.T.);
#12626 = ORIENTED_EDGE('',*,*,#12627,.T.);
#12627 = EDGE_CURVE('',#8399,#12628,#12630,.T.);
#12628 = VERTEX_POINT('',#12629);
#12629 = CARTESIAN_POINT('',(61.1,59.2,-4.75));
#12630 = SURFACE_CURVE('',#12631,(#12635,#12642),.PCURVE_S1.);
#12631 = LINE('',#12632,#12633);
#12632 = CARTESIAN_POINT('',(61.1,59.2,-6.75));
#12633 = VECTOR('',#12634,1.);
#12634 = DIRECTION('',(0.,0.,1.));
#12635 = PCURVE('',#8312,#12636);
#12636 = DEFINITIONAL_REPRESENTATION('',(#12637),#12641);
#12637 = LINE('',#12638,#12639);
#12638 = CARTESIAN_POINT('',(0.,3.8));
#12639 = VECTOR('',#12640,1.);
#12640 = DIRECTION('',(1.,0.));
#12641 = ( GEOMETRIC_REPRESENTATION_CONTEXT(2) 
PARAMETRIC_REPRESENTATION_CONTEXT() REPRESENTATION_CONTEXT('2D SPACE',''
  ) );
#12642 = PCURVE('',#8413,#12643);
#12643 = DEFINITIONAL_REPRESENTATION('',(#12644),#12648);
#12644 = LINE('',#12645,#12646);
#12645 = CARTESIAN_POINT('',(0.,-2.4));
#12646 = VECTOR('',#12647,1.);
#12647 = DIRECTION('',(1.,0.));
#12648 = ( GEOMETRIC_REPRESENTATION_CONTEXT(2) 
PARAMETRIC_REPRESENTATION_CONTEXT() REPRESENTATION_CONTEXT('2D SPACE',''
  ) );
#12649 = ORIENTED_EDGE('',*,*,#12650,.F.);
#12650 = EDGE_CURVE('',#12484,#12628,#12651,.T.);
#12651 = SURFACE_CURVE('',#12652,(#12656,#12663),.PCURVE_S1.);
#12652 = LINE('',#12653,#12654);
#12653 = CARTESIAN_POINT('',(57.3,59.2,-4.75));
#12654 = VECTOR('',#12655,1.);
#12655 = DIRECTION('',(1.,0.,0.));
#12656 = PCURVE('',#8312,#12657);
#12657 = DEFINITIONAL_REPRESENTATION('',(#12658),#12662);
#12658 = LINE('',#12659,#12660);
#12659 = CARTESIAN_POINT('',(2.,0.));
#12660 = VECTOR('',#12661,1.);
#12661 = DIRECTION('',(0.,1.));
#12662 = ( GEOMETRIC_REPRESENTATION_CONTEXT(2) 
PARAMETRIC_REPRESENTATION_CONTEXT() REPRESENTATION_CONTEXT('2D SPACE',''
  ) );
#12663 = PCURVE('',#12466,#12664);
#12664 = DEFINITIONAL_REPRESENTATION('',(#12665),#12669);
#12665 = LINE('',#12666,#12667);
#12666 = CARTESIAN_POINT('',(0.,2.4));
#12667 = VECTOR('',#12668,1.);
#12668 = DIRECTION('',(1.,0.));
#12669 = ( GEOMETRIC_REPRESENTATION_CONTEXT(2) 
PARAMETRIC_REPRESENTATION_CONTEXT() REPRESENTATION_CONTEXT('2D SPACE',''
  ) );
#12670 = ADVANCED_FACE('',(#12671),#8366,.T.);
#12671 = FACE_BOUND('',#12672,.T.);
#12672 = EDGE_LOOP('',(#12673,#12674,#12675,#12676));
#12673 = ORIENTED_EDGE('',*,*,#12407,.F.);
#12674 = ORIENTED_EDGE('',*,*,#8349,.T.);
#12675 = ORIENTED_EDGE('',*,*,#12605,.F.);
#12676 = ORIENTED_EDGE('',*,*,#12677,.F.);
#12677 = EDGE_CURVE('',#12380,#12583,#12678,.T.);
#12678 = SURFACE_CURVE('',#12679,(#12683,#12690),.PCURVE_S1.);
#12679 = LINE('',#12680,#12681);
#12680 = CARTESIAN_POINT('',(61.9,56.8,-4.05));
#12681 = VECTOR('',#12682,1.);
#12682 = DIRECTION('',(0.,1.,0.));
#12683 = PCURVE('',#8366,#12684);
#12684 = DEFINITIONAL_REPRESENTATION('',(#12685),#12689);
#12685 = LINE('',#12686,#12687);
#12686 = CARTESIAN_POINT('',(0.7,0.));
#12687 = VECTOR('',#12688,1.);
#12688 = DIRECTION('',(0.,-1.));
#12689 = ( GEOMETRIC_REPRESENTATION_CONTEXT(2) 
PARAMETRIC_REPRESENTATION_CONTEXT() REPRESENTATION_CONTEXT('2D SPACE',''
  ) );
#12690 = PCURVE('',#12395,#12691);
#12691 = DEFINITIONAL_REPRESENTATION('',(#12692),#12696);
#12692 = LINE('',#12693,#12694);
#12693 = CARTESIAN_POINT('',(4.6,0.));
#12694 = VECTOR('',#12695,1.);
#12695 = DIRECTION('',(0.,1.));
#12696 = ( GEOMETRIC_REPRESENTATION_CONTEXT(2) 
PARAMETRIC_REPRESENTATION_CONTEXT() REPRESENTATION_CONTEXT('2D SPACE',''
  ) );
#12697 = ADVANCED_FACE('',(#12698),#8413,.F.);
#12698 = FACE_BOUND('',#12699,.F.);
#12699 = EDGE_LOOP('',(#12700,#12701,#12702,#12703));
#12700 = ORIENTED_EDGE('',*,*,#12429,.F.);
#12701 = ORIENTED_EDGE('',*,*,#8398,.T.);
#12702 = ORIENTED_EDGE('',*,*,#12627,.T.);
#12703 = ORIENTED_EDGE('',*,*,#12704,.F.);
#12704 = EDGE_CURVE('',#12430,#12628,#12705,.T.);
#12705 = SURFACE_CURVE('',#12706,(#12710,#12717),.PCURVE_S1.);
#12706 = LINE('',#12707,#12708);
#12707 = CARTESIAN_POINT('',(61.1,56.8,-4.75));
#12708 = VECTOR('',#12709,1.);
#12709 = DIRECTION('',(0.,1.,0.));
#12710 = PCURVE('',#8413,#12711);
#12711 = DEFINITIONAL_REPRESENTATION('',(#12712),#12716);
#12712 = LINE('',#12713,#12714);
#12713 = CARTESIAN_POINT('',(2.,0.));
#12714 = VECTOR('',#12715,1.);
#12715 = DIRECTION('',(0.,-1.));
#12716 = ( GEOMETRIC_REPRESENTATION_CONTEXT(2) 
PARAMETRIC_REPRESENTATION_CONTEXT() REPRESENTATION_CONTEXT('2D SPACE',''
  ) );
#12717 = PCURVE('',#12466,#12718);
#12718 = DEFINITIONAL_REPRESENTATION('',(#12719),#12723);
#12719 = LINE('',#12720,#12721);
#12720 = CARTESIAN_POINT('',(3.8,0.));
#12721 = VECTOR('',#12722,1.);
#12722 = DIRECTION('',(0.,1.));
#12723 = ( GEOMETRIC_REPRESENTATION_CONTEXT(2) 
PARAMETRIC_REPRESENTATION_CONTEXT() REPRESENTATION_CONTEXT('2D SPACE',''
  ) );
#12724 = ADVANCED_FACE('',(#12725),#8462,.T.);
#12725 = FACE_BOUND('',#12726,.T.);
#12726 = EDGE_LOOP('',(#12727,#12750,#12751,#12774));
#12727 = ORIENTED_EDGE('',*,*,#12728,.F.);
#12728 = EDGE_CURVE('',#8446,#12729,#12731,.T.);
#12729 = VERTEX_POINT('',#12730);
#12730 = CARTESIAN_POINT('',(41.,97.,-0.15));
#12731 = SURFACE_CURVE('',#12732,(#12736,#12743),.PCURVE_S1.);
#12732 = LINE('',#12733,#12734);
#12733 = CARTESIAN_POINT('',(41.,97.,-12.));
#12734 = VECTOR('',#12735,1.);
#12735 = DIRECTION('',(0.,0.,1.));
#12736 = PCURVE('',#8462,#12737);
#12737 = DEFINITIONAL_REPRESENTATION('',(#12738),#12742);
#12738 = LINE('',#12739,#12740);
#12739 = CARTESIAN_POINT('',(0.,22.));
#12740 = VECTOR('',#12741,1.);
#12741 = DIRECTION('',(1.,0.));
#12742 = ( GEOMETRIC_REPRESENTATION_CONTEXT(2) 
PARAMETRIC_REPRESENTATION_CONTEXT() REPRESENTATION_CONTEXT('2D SPACE',''
  ) );
#12743 = PCURVE('',#8494,#12744);
#12744 = DEFINITIONAL_REPRESENTATION('',(#12745),#12749);
#12745 = LINE('',#12746,#12747);
#12746 = CARTESIAN_POINT('',(-1.570796326795,0.));
#12747 = VECTOR('',#12748,1.);
#12748 = DIRECTION('',(-0.,-1.));
#12749 = ( GEOMETRIC_REPRESENTATION_CONTEXT(2) 
PARAMETRIC_REPRESENTATION_CONTEXT() REPRESENTATION_CONTEXT('2D SPACE',''
  ) );
#12750 = ORIENTED_EDGE('',*,*,#8445,.T.);
#12751 = ORIENTED_EDGE('',*,*,#12752,.T.);
#12752 = EDGE_CURVE('',#8448,#12753,#12755,.T.);
#12753 = VERTEX_POINT('',#12754);
#12754 = CARTESIAN_POINT('',(19.,97.,-0.15));
#12755 = SURFACE_CURVE('',#12756,(#12760,#12767),.PCURVE_S1.);
#12756 = LINE('',#12757,#12758);
#12757 = CARTESIAN_POINT('',(19.,97.,-12.));
#12758 = VECTOR('',#12759,1.);
#12759 = DIRECTION('',(0.,0.,1.));
#12760 = PCURVE('',#8462,#12761);
#12761 = DEFINITIONAL_REPRESENTATION('',(#12762),#12766);
#12762 = LINE('',#12763,#12764);
#12763 = CARTESIAN_POINT('',(0.,0.));
#12764 = VECTOR('',#12765,1.);
#12765 = DIRECTION('',(1.,0.));
#12766 = ( GEOMETRIC_REPRESENTATION_CONTEXT(2) 
PARAMETRIC_REPRESENTATION_CONTEXT() REPRESENTATION_CONTEXT('2D SPACE',''
  ) );
#12767 = PCURVE('',#8669,#12768);
#12768 = DEFINITIONAL_REPRESENTATION('',(#12769),#12773);
#12769 = LINE('',#12770,#12771);
#12770 = CARTESIAN_POINT('',(-1.570796326795,0.));
#12771 = VECTOR('',#12772,1.);
#12772 = DIRECTION('',(-0.,-1.));
#12773 = ( GEOMETRIC_REPRESENTATION_CONTEXT(2) 
PARAMETRIC_REPRESENTATION_CONTEXT() REPRESENTATION_CONTEXT('2D SPACE',''
  ) );
#12774 = ORIENTED_EDGE('',*,*,#12775,.T.);
#12775 = EDGE_CURVE('',#12753,#12729,#12776,.T.);
#12776 = SURFACE_CURVE('',#12777,(#12781,#12788),.PCURVE_S1.);
#12777 = LINE('',#12778,#12779);
#12778 = CARTESIAN_POINT('',(19.,97.,-0.15));
#12779 = VECTOR('',#12780,1.);
#12780 = DIRECTION('',(1.,0.,0.));
#12781 = PCURVE('',#8462,#12782);
#12782 = DEFINITIONAL_REPRESENTATION('',(#12783),#12787);
#12783 = LINE('',#12784,#12785);
#12784 = CARTESIAN_POINT('',(11.85,0.));
#12785 = VECTOR('',#12786,1.);
#12786 = DIRECTION('',(0.,1.));
#12787 = ( GEOMETRIC_REPRESENTATION_CONTEXT(2) 
PARAMETRIC_REPRESENTATION_CONTEXT() REPRESENTATION_CONTEXT('2D SPACE',''
  ) );
#12788 = PCURVE('',#12789,#12794);
#12789 = PLANE('',#12790);
#12790 = AXIS2_PLACEMENT_3D('',#12791,#12792,#12793);
#12791 = CARTESIAN_POINT('',(19.,43.,-0.15));
#12792 = DIRECTION('',(0.,0.,1.));
#12793 = DIRECTION('',(1.,0.,0.));
#12794 = DEFINITIONAL_REPRESENTATION('',(#12795),#12799);
#12795 = LINE('',#12796,#12797);
#12796 = CARTESIAN_POINT('',(0.,54.));
#12797 = VECTOR('',#12798,1.);
#12798 = DIRECTION('',(1.,0.));
#12799 = ( GEOMETRIC_REPRESENTATION_CONTEXT(2) 
PARAMETRIC_REPRESENTATION_CONTEXT() REPRESENTATION_CONTEXT('2D SPACE',''
  ) );
#12800 = ADVANCED_FACE('',(#12801),#8494,.T.);
#12801 = FACE_BOUND('',#12802,.F.);
#12802 = EDGE_LOOP('',(#12803,#12804,#12826,#12848));
#12803 = ORIENTED_EDGE('',*,*,#8473,.T.);
#12804 = ORIENTED_EDGE('',*,*,#12805,.T.);
#12805 = EDGE_CURVE('',#8474,#12806,#12808,.T.);
#12806 = VERTEX_POINT('',#12807);
#12807 = CARTESIAN_POINT('',(49.,89.,-0.15));
#12808 = SURFACE_CURVE('',#12809,(#12813,#12819),.PCURVE_S1.);
#12809 = LINE('',#12810,#12811);
#12810 = CARTESIAN_POINT('',(49.,89.,-12.));
#12811 = VECTOR('',#12812,1.);
#12812 = DIRECTION('',(0.,0.,1.));
#12813 = PCURVE('',#8494,#12814);
#12814 = DEFINITIONAL_REPRESENTATION('',(#12815),#12818);
#12815 = B_SPLINE_CURVE_WITH_KNOTS('',1,(#12816,#12817),.UNSPECIFIED.,
  .F.,.F.,(2,2),(0.,11.85),.PIECEWISE_BEZIER_KNOTS.);
#12816 = CARTESIAN_POINT('',(0.,0.));
#12817 = CARTESIAN_POINT('',(0.,-11.85));
#12818 = ( GEOMETRIC_REPRESENTATION_CONTEXT(2) 
PARAMETRIC_REPRESENTATION_CONTEXT() REPRESENTATION_CONTEXT('2D SPACE',''
  ) );
#12819 = PCURVE('',#8521,#12820);
#12820 = DEFINITIONAL_REPRESENTATION('',(#12821),#12825);
#12821 = LINE('',#12822,#12823);
#12822 = CARTESIAN_POINT('',(0.,-38.));
#12823 = VECTOR('',#12824,1.);
#12824 = DIRECTION('',(1.,0.));
#12825 = ( GEOMETRIC_REPRESENTATION_CONTEXT(2) 
PARAMETRIC_REPRESENTATION_CONTEXT() REPRESENTATION_CONTEXT('2D SPACE',''
  ) );
#12826 = ORIENTED_EDGE('',*,*,#12827,.T.);
#12827 = EDGE_CURVE('',#12806,#12729,#12828,.T.);
#12828 = SURFACE_CURVE('',#12829,(#12834,#12841),.PCURVE_S1.);
#12829 = CIRCLE('',#12830,8.);
#12830 = AXIS2_PLACEMENT_3D('',#12831,#12832,#12833);
#12831 = CARTESIAN_POINT('',(41.,89.,-0.15));
#12832 = DIRECTION('',(0.,0.,1.));
#12833 = DIRECTION('',(1.,0.,0.));
#12834 = PCURVE('',#8494,#12835);
#12835 = DEFINITIONAL_REPRESENTATION('',(#12836),#12840);
#12836 = LINE('',#12837,#12838);
#12837 = CARTESIAN_POINT('',(-0.,-11.85));
#12838 = VECTOR('',#12839,1.);
#12839 = DIRECTION('',(-1.,0.));
#12840 = ( GEOMETRIC_REPRESENTATION_CONTEXT(2) 
PARAMETRIC_REPRESENTATION_CONTEXT() REPRESENTATION_CONTEXT('2D SPACE',''
  ) );
#12841 = PCURVE('',#12789,#12842);
#12842 = DEFINITIONAL_REPRESENTATION('',(#12843),#12847);
#12843 = CIRCLE('',#12844,8.);
#12844 = AXIS2_PLACEMENT_2D('',#12845,#12846);
#12845 = CARTESIAN_POINT('',(22.,46.));
#12846 = DIRECTION('',(1.,0.));
#12847 = ( GEOMETRIC_REPRESENTATION_CONTEXT(2) 
PARAMETRIC_REPRESENTATION_CONTEXT() REPRESENTATION_CONTEXT('2D SPACE',''
  ) );
#12848 = ORIENTED_EDGE('',*,*,#12728,.F.);
#12849 = ADVANCED_FACE('',(#12850),#8669,.T.);
#12850 = FACE_BOUND('',#12851,.F.);
#12851 = EDGE_LOOP('',(#12852,#12853,#12854,#12878));
#12852 = ORIENTED_EDGE('',*,*,#8650,.T.);
#12853 = ORIENTED_EDGE('',*,*,#12752,.T.);
#12854 = ORIENTED_EDGE('',*,*,#12855,.T.);
#12855 = EDGE_CURVE('',#12753,#12856,#12858,.T.);
#12856 = VERTEX_POINT('',#12857);
#12857 = CARTESIAN_POINT('',(11.,89.,-0.15));
#12858 = SURFACE_CURVE('',#12859,(#12864,#12871),.PCURVE_S1.);
#12859 = CIRCLE('',#12860,8.);
#12860 = AXIS2_PLACEMENT_3D('',#12861,#12862,#12863);
#12861 = CARTESIAN_POINT('',(19.,89.,-0.15));
#12862 = DIRECTION('',(0.,0.,1.));
#12863 = DIRECTION('',(1.,0.,0.));
#12864 = PCURVE('',#8669,#12865);
#12865 = DEFINITIONAL_REPRESENTATION('',(#12866),#12870);
#12866 = LINE('',#12867,#12868);
#12867 = CARTESIAN_POINT('',(-0.,-11.85));
#12868 = VECTOR('',#12869,1.);
#12869 = DIRECTION('',(-1.,0.));
#12870 = ( GEOMETRIC_REPRESENTATION_CONTEXT(2) 
PARAMETRIC_REPRESENTATION_CONTEXT() REPRESENTATION_CONTEXT('2D SPACE',''
  ) );
#12871 = PCURVE('',#12789,#12872);
#12872 = DEFINITIONAL_REPRESENTATION('',(#12873),#12877);
#12873 = CIRCLE('',#12874,8.);
#12874 = AXIS2_PLACEMENT_2D('',#12875,#12876);
#12875 = CARTESIAN_POINT('',(0.,46.));
#12876 = DIRECTION('',(1.,0.));
#12877 = ( GEOMETRIC_REPRESENTATION_CONTEXT(2) 
PARAMETRIC_REPRESENTATION_CONTEXT() REPRESENTATION_CONTEXT('2D SPACE',''
  ) );
#12878 = ORIENTED_EDGE('',*,*,#12879,.F.);
#12879 = EDGE_CURVE('',#8625,#12856,#12880,.T.);
#12880 = SURFACE_CURVE('',#12881,(#12885,#12892),.PCURVE_S1.);
#12881 = LINE('',#12882,#12883);
#12882 = CARTESIAN_POINT('',(11.,89.,-12.));
#12883 = VECTOR('',#12884,1.);
#12884 = DIRECTION('',(0.,0.,1.));
#12885 = PCURVE('',#8669,#12886);
#12886 = DEFINITIONAL_REPRESENTATION('',(#12887),#12891);
#12887 = LINE('',#12888,#12889);
#12888 = CARTESIAN_POINT('',(-3.14159265359,0.));
#12889 = VECTOR('',#12890,1.);
#12890 = DIRECTION('',(-0.,-1.));
#12891 = ( GEOMETRIC_REPRESENTATION_CONTEXT(2) 
PARAMETRIC_REPRESENTATION_CONTEXT() REPRESENTATION_CONTEXT('2D SPACE',''
  ) );
#12892 = PCURVE('',#8639,#12893);
#12893 = DEFINITIONAL_REPRESENTATION('',(#12894),#12898);
#12894 = LINE('',#12895,#12896);
#12895 = CARTESIAN_POINT('',(0.,-38.));
#12896 = VECTOR('',#12897,1.);
#12897 = DIRECTION('',(1.,0.));
#12898 = ( GEOMETRIC_REPRESENTATION_CONTEXT(2) 
PARAMETRIC_REPRESENTATION_CONTEXT() REPRESENTATION_CONTEXT('2D SPACE',''
  ) );
#12899 = ADVANCED_FACE('',(#12900),#8521,.T.);
#12900 = FACE_BOUND('',#12901,.T.);
#12901 = EDGE_LOOP('',(#12902,#12924,#12925,#12926));
#12902 = ORIENTED_EDGE('',*,*,#12903,.F.);
#12903 = EDGE_CURVE('',#8507,#12904,#12906,.T.);
#12904 = VERTEX_POINT('',#12905);
#12905 = CARTESIAN_POINT('',(49.,51.,-0.15));
#12906 = SURFACE_CURVE('',#12907,(#12911,#12918),.PCURVE_S1.);
#12907 = LINE('',#12908,#12909);
#12908 = CARTESIAN_POINT('',(49.,51.,-12.));
#12909 = VECTOR('',#12910,1.);
#12910 = DIRECTION('',(0.,0.,1.));
#12911 = PCURVE('',#8521,#12912);
#12912 = DEFINITIONAL_REPRESENTATION('',(#12913),#12917);
#12913 = LINE('',#12914,#12915);
#12914 = CARTESIAN_POINT('',(0.,0.));
#12915 = VECTOR('',#12916,1.);
#12916 = DIRECTION('',(1.,0.));
#12917 = ( GEOMETRIC_REPRESENTATION_CONTEXT(2) 
PARAMETRIC_REPRESENTATION_CONTEXT() REPRESENTATION_CONTEXT('2D SPACE',''
  ) );
#12918 = PCURVE('',#8553,#12919);
#12919 = DEFINITIONAL_REPRESENTATION('',(#12920),#12923);
#12920 = B_SPLINE_CURVE_WITH_KNOTS('',1,(#12921,#12922),.UNSPECIFIED.,
  .F.,.F.,(2,2),(0.,11.85),.PIECEWISE_BEZIER_KNOTS.);
#12921 = CARTESIAN_POINT('',(-6.28318530718,0.));
#12922 = CARTESIAN_POINT('',(-6.28318530718,-11.85));
#12923 = ( GEOMETRIC_REPRESENTATION_CONTEXT(2) 
PARAMETRIC_REPRESENTATION_CONTEXT() REPRESENTATION_CONTEXT('2D SPACE',''
  ) );
#12924 = ORIENTED_EDGE('',*,*,#8506,.T.);
#12925 = ORIENTED_EDGE('',*,*,#12805,.T.);
#12926 = ORIENTED_EDGE('',*,*,#12927,.F.);
#12927 = EDGE_CURVE('',#12904,#12806,#12928,.T.);
#12928 = SURFACE_CURVE('',#12929,(#12933,#12940),.PCURVE_S1.);
#12929 = LINE('',#12930,#12931);
#12930 = CARTESIAN_POINT('',(49.,51.,-0.15));
#12931 = VECTOR('',#12932,1.);
#12932 = DIRECTION('',(0.,1.,0.));
#12933 = PCURVE('',#8521,#12934);
#12934 = DEFINITIONAL_REPRESENTATION('',(#12935),#12939);
#12935 = LINE('',#12936,#12937);
#12936 = CARTESIAN_POINT('',(11.85,0.));
#12937 = VECTOR('',#12938,1.);
#12938 = DIRECTION('',(0.,-1.));
#12939 = ( GEOMETRIC_REPRESENTATION_CONTEXT(2) 
PARAMETRIC_REPRESENTATION_CONTEXT() REPRESENTATION_CONTEXT('2D SPACE',''
  ) );
#12940 = PCURVE('',#12789,#12941);
#12941 = DEFINITIONAL_REPRESENTATION('',(#12942),#12946);
#12942 = LINE('',#12943,#12944);
#12943 = CARTESIAN_POINT('',(30.,8.));
#12944 = VECTOR('',#12945,1.);
#12945 = DIRECTION('',(0.,1.));
#12946 = ( GEOMETRIC_REPRESENTATION_CONTEXT(2) 
PARAMETRIC_REPRESENTATION_CONTEXT() REPRESENTATION_CONTEXT('2D SPACE',''
  ) );
#12947 = ADVANCED_FACE('',(#12948),#8639,.F.);
#12948 = FACE_BOUND('',#12949,.F.);
#12949 = EDGE_LOOP('',(#12950,#12973,#12974,#12975));
#12950 = ORIENTED_EDGE('',*,*,#12951,.F.);
#12951 = EDGE_CURVE('',#8592,#12952,#12954,.T.);
#12952 = VERTEX_POINT('',#12953);
#12953 = CARTESIAN_POINT('',(11.,51.,-0.15));
#12954 = SURFACE_CURVE('',#12955,(#12959,#12966),.PCURVE_S1.);
#12955 = LINE('',#12956,#12957);
#12956 = CARTESIAN_POINT('',(11.,51.,-12.));
#12957 = VECTOR('',#12958,1.);
#12958 = DIRECTION('',(0.,0.,1.));
#12959 = PCURVE('',#8639,#12960);
#12960 = DEFINITIONAL_REPRESENTATION('',(#12961),#12965);
#12961 = LINE('',#12962,#12963);
#12962 = CARTESIAN_POINT('',(0.,0.));
#12963 = VECTOR('',#12964,1.);
#12964 = DIRECTION('',(1.,0.));
#12965 = ( GEOMETRIC_REPRESENTATION_CONTEXT(2) 
PARAMETRIC_REPRESENTATION_CONTEXT() REPRESENTATION_CONTEXT('2D SPACE',''
  ) );
#12966 = PCURVE('',#8612,#12967);
#12967 = DEFINITIONAL_REPRESENTATION('',(#12968),#12972);
#12968 = LINE('',#12969,#12970);
#12969 = CARTESIAN_POINT('',(-3.14159265359,0.));
#12970 = VECTOR('',#12971,1.);
#12971 = DIRECTION('',(-0.,-1.));
#12972 = ( GEOMETRIC_REPRESENTATION_CONTEXT(2) 
PARAMETRIC_REPRESENTATION_CONTEXT() REPRESENTATION_CONTEXT('2D SPACE',''
  ) );
#12973 = ORIENTED_EDGE('',*,*,#8624,.T.);
#12974 = ORIENTED_EDGE('',*,*,#12879,.T.);
#12975 = ORIENTED_EDGE('',*,*,#12976,.F.);
#12976 = EDGE_CURVE('',#12952,#12856,#12977,.T.);
#12977 = SURFACE_CURVE('',#12978,(#12982,#12989),.PCURVE_S1.);
#12978 = LINE('',#12979,#12980);
#12979 = CARTESIAN_POINT('',(11.,51.,-0.15));
#12980 = VECTOR('',#12981,1.);
#12981 = DIRECTION('',(0.,1.,0.));
#12982 = PCURVE('',#8639,#12983);
#12983 = DEFINITIONAL_REPRESENTATION('',(#12984),#12988);
#12984 = LINE('',#12985,#12986);
#12985 = CARTESIAN_POINT('',(11.85,0.));
#12986 = VECTOR('',#12987,1.);
#12987 = DIRECTION('',(0.,-1.));
#12988 = ( GEOMETRIC_REPRESENTATION_CONTEXT(2) 
PARAMETRIC_REPRESENTATION_CONTEXT() REPRESENTATION_CONTEXT('2D SPACE',''
  ) );
#12989 = PCURVE('',#12789,#12990);
#12990 = DEFINITIONAL_REPRESENTATION('',(#12991),#12995);
#12991 = LINE('',#12992,#12993);
#12992 = CARTESIAN_POINT('',(-8.,8.));
#12993 = VECTOR('',#12994,1.);
#12994 = DIRECTION('',(0.,1.));
#12995 = ( GEOMETRIC_REPRESENTATION_CONTEXT(2) 
PARAMETRIC_REPRESENTATION_CONTEXT() REPRESENTATION_CONTEXT('2D SPACE',''
  ) );
#12996 = ADVANCED_FACE('',(#12997),#8553,.T.);
#12997 = FACE_BOUND('',#12998,.F.);
#12998 = EDGE_LOOP('',(#12999,#13023,#13024,#13025));
#12999 = ORIENTED_EDGE('',*,*,#13000,.T.);
#13000 = EDGE_CURVE('',#13001,#12904,#13003,.T.);
#13001 = VERTEX_POINT('',#13002);
#13002 = CARTESIAN_POINT('',(41.,43.,-0.15));
#13003 = SURFACE_CURVE('',#13004,(#13009,#13016),.PCURVE_S1.);
#13004 = CIRCLE('',#13005,8.);
#13005 = AXIS2_PLACEMENT_3D('',#13006,#13007,#13008);
#13006 = CARTESIAN_POINT('',(41.,51.,-0.15));
#13007 = DIRECTION('',(0.,0.,1.));
#13008 = DIRECTION('',(1.,0.,0.));
#13009 = PCURVE('',#8553,#13010);
#13010 = DEFINITIONAL_REPRESENTATION('',(#13011),#13015);
#13011 = LINE('',#13012,#13013);
#13012 = CARTESIAN_POINT('',(-0.,-11.85));
#13013 = VECTOR('',#13014,1.);
#13014 = DIRECTION('',(-1.,0.));
#13015 = ( GEOMETRIC_REPRESENTATION_CONTEXT(2) 
PARAMETRIC_REPRESENTATION_CONTEXT() REPRESENTATION_CONTEXT('2D SPACE',''
  ) );
#13016 = PCURVE('',#12789,#13017);
#13017 = DEFINITIONAL_REPRESENTATION('',(#13018),#13022);
#13018 = CIRCLE('',#13019,8.);
#13019 = AXIS2_PLACEMENT_2D('',#13020,#13021);
#13020 = CARTESIAN_POINT('',(22.,8.));
#13021 = DIRECTION('',(1.,0.));
#13022 = ( GEOMETRIC_REPRESENTATION_CONTEXT(2) 
PARAMETRIC_REPRESENTATION_CONTEXT() REPRESENTATION_CONTEXT('2D SPACE',''
  ) );
#13023 = ORIENTED_EDGE('',*,*,#12903,.F.);
#13024 = ORIENTED_EDGE('',*,*,#8532,.T.);
#13025 = ORIENTED_EDGE('',*,*,#13026,.T.);
#13026 = EDGE_CURVE('',#8533,#13001,#13027,.T.);
#13027 = SURFACE_CURVE('',#13028,(#13032,#13039),.PCURVE_S1.);
#13028 = LINE('',#13029,#13030);
#13029 = CARTESIAN_POINT('',(41.,43.,-12.));
#13030 = VECTOR('',#13031,1.);
#13031 = DIRECTION('',(0.,0.,1.));
#13032 = PCURVE('',#8553,#13033);
#13033 = DEFINITIONAL_REPRESENTATION('',(#13034),#13038);
#13034 = LINE('',#13035,#13036);
#13035 = CARTESIAN_POINT('',(-4.712388980385,0.));
#13036 = VECTOR('',#13037,1.);
#13037 = DIRECTION('',(-0.,-1.));
#13038 = ( GEOMETRIC_REPRESENTATION_CONTEXT(2) 
PARAMETRIC_REPRESENTATION_CONTEXT() REPRESENTATION_CONTEXT('2D SPACE',''
  ) );
#13039 = PCURVE('',#8580,#13040);
#13040 = DEFINITIONAL_REPRESENTATION('',(#13041),#13045);
#13041 = LINE('',#13042,#13043);
#13042 = CARTESIAN_POINT('',(0.,22.));
#13043 = VECTOR('',#13044,1.);
#13044 = DIRECTION('',(1.,0.));
#13045 = ( GEOMETRIC_REPRESENTATION_CONTEXT(2) 
PARAMETRIC_REPRESENTATION_CONTEXT() REPRESENTATION_CONTEXT('2D SPACE',''
  ) );
#13046 = ADVANCED_FACE('',(#13047),#8612,.T.);
#13047 = FACE_BOUND('',#13048,.F.);
#13048 = EDGE_LOOP('',(#13049,#13050,#13051,#13075));
#13049 = ORIENTED_EDGE('',*,*,#8591,.T.);
#13050 = ORIENTED_EDGE('',*,*,#12951,.T.);
#13051 = ORIENTED_EDGE('',*,*,#13052,.T.);
#13052 = EDGE_CURVE('',#12952,#13053,#13055,.T.);
#13053 = VERTEX_POINT('',#13054);
#13054 = CARTESIAN_POINT('',(19.,43.,-0.15));
#13055 = SURFACE_CURVE('',#13056,(#13061,#13068),.PCURVE_S1.);
#13056 = CIRCLE('',#13057,8.);
#13057 = AXIS2_PLACEMENT_3D('',#13058,#13059,#13060);
#13058 = CARTESIAN_POINT('',(19.,51.,-0.15));
#13059 = DIRECTION('',(0.,0.,1.));
#13060 = DIRECTION('',(1.,0.,0.));
#13061 = PCURVE('',#8612,#13062);
#13062 = DEFINITIONAL_REPRESENTATION('',(#13063),#13067);
#13063 = LINE('',#13064,#13065);
#13064 = CARTESIAN_POINT('',(-0.,-11.85));
#13065 = VECTOR('',#13066,1.);
#13066 = DIRECTION('',(-1.,0.));
#13067 = ( GEOMETRIC_REPRESENTATION_CONTEXT(2) 
PARAMETRIC_REPRESENTATION_CONTEXT() REPRESENTATION_CONTEXT('2D SPACE',''
  ) );
#13068 = PCURVE('',#12789,#13069);
#13069 = DEFINITIONAL_REPRESENTATION('',(#13070),#13074);
#13070 = CIRCLE('',#13071,8.);
#13071 = AXIS2_PLACEMENT_2D('',#13072,#13073);
#13072 = CARTESIAN_POINT('',(0.,8.));
#13073 = DIRECTION('',(1.,0.));
#13074 = ( GEOMETRIC_REPRESENTATION_CONTEXT(2) 
PARAMETRIC_REPRESENTATION_CONTEXT() REPRESENTATION_CONTEXT('2D SPACE',''
  ) );
#13075 = ORIENTED_EDGE('',*,*,#13076,.F.);
#13076 = EDGE_CURVE('',#8566,#13053,#13077,.T.);
#13077 = SURFACE_CURVE('',#13078,(#13082,#13089),.PCURVE_S1.);
#13078 = LINE('',#13079,#13080);
#13079 = CARTESIAN_POINT('',(19.,43.,-12.));
#13080 = VECTOR('',#13081,1.);
#13081 = DIRECTION('',(0.,0.,1.));
#13082 = PCURVE('',#8612,#13083);
#13083 = DEFINITIONAL_REPRESENTATION('',(#13084),#13088);
#13084 = LINE('',#13085,#13086);
#13085 = CARTESIAN_POINT('',(-4.712388980385,0.));
#13086 = VECTOR('',#13087,1.);
#13087 = DIRECTION('',(-0.,-1.));
#13088 = ( GEOMETRIC_REPRESENTATION_CONTEXT(2) 
PARAMETRIC_REPRESENTATION_CONTEXT() REPRESENTATION_CONTEXT('2D SPACE',''
  ) );
#13089 = PCURVE('',#8580,#13090);
#13090 = DEFINITIONAL_REPRESENTATION('',(#13091),#13095);
#13091 = LINE('',#13092,#13093);
#13092 = CARTESIAN_POINT('',(0.,0.));
#13093 = VECTOR('',#13094,1.);
#13094 = DIRECTION('',(1.,0.));
#13095 = ( GEOMETRIC_REPRESENTATION_CONTEXT(2) 
PARAMETRIC_REPRESENTATION_CONTEXT() REPRESENTATION_CONTEXT('2D SPACE',''
  ) );
#13096 = ADVANCED_FACE('',(#13097),#8580,.F.);
#13097 = FACE_BOUND('',#13098,.F.);
#13098 = EDGE_LOOP('',(#13099,#13100,#13101,#13102));
#13099 = ORIENTED_EDGE('',*,*,#13026,.F.);
#13100 = ORIENTED_EDGE('',*,*,#8565,.T.);
#13101 = ORIENTED_EDGE('',*,*,#13076,.T.);
#13102 = ORIENTED_EDGE('',*,*,#13103,.T.);
#13103 = EDGE_CURVE('',#13053,#13001,#13104,.T.);
#13104 = SURFACE_CURVE('',#13105,(#13109,#13116),.PCURVE_S1.);
#13105 = LINE('',#13106,#13107);
#13106 = CARTESIAN_POINT('',(19.,43.,-0.15));
#13107 = VECTOR('',#13108,1.);
#13108 = DIRECTION('',(1.,0.,0.));
#13109 = PCURVE('',#8580,#13110);
#13110 = DEFINITIONAL_REPRESENTATION('',(#13111),#13115);
#13111 = LINE('',#13112,#13113);
#13112 = CARTESIAN_POINT('',(11.85,0.));
#13113 = VECTOR('',#13114,1.);
#13114 = DIRECTION('',(0.,1.));
#13115 = ( GEOMETRIC_REPRESENTATION_CONTEXT(2) 
PARAMETRIC_REPRESENTATION_CONTEXT() REPRESENTATION_CONTEXT('2D SPACE',''
  ) );
#13116 = PCURVE('',#12789,#13117);
#13117 = DEFINITIONAL_REPRESENTATION('',(#13118),#13122);
#13118 = LINE('',#13119,#13120);
#13119 = CARTESIAN_POINT('',(0.,0.));
#13120 = VECTOR('',#13121,1.);
#13121 = DIRECTION('',(1.,0.));
#13122 = ( GEOMETRIC_REPRESENTATION_CONTEXT(2) 
PARAMETRIC_REPRESENTATION_CONTEXT() REPRESENTATION_CONTEXT('2D SPACE',''
  ) );
#13123 = ADVANCED_FACE('',(#13124),#8704,.T.);
#13124 = FACE_BOUND('',#13125,.F.);
#13125 = EDGE_LOOP('',(#13126,#13127,#13150,#13177));
#13126 = ORIENTED_EDGE('',*,*,#8683,.T.);
#13127 = ORIENTED_EDGE('',*,*,#13128,.T.);
#13128 = EDGE_CURVE('',#8684,#13129,#13131,.T.);
#13129 = VERTEX_POINT('',#13130);
#13130 = CARTESIAN_POINT('',(9.,99.,-0.2));
#13131 = SEAM_CURVE('',#13132,(#13136,#13143),.PCURVE_S1.);
#13132 = LINE('',#13133,#13134);
#13133 = CARTESIAN_POINT('',(9.,99.,-7.));
#13134 = VECTOR('',#13135,1.);
#13135 = DIRECTION('',(0.,0.,1.));
#13136 = PCURVE('',#8704,#13137);
#13137 = DEFINITIONAL_REPRESENTATION('',(#13138),#13142);
#13138 = LINE('',#13139,#13140);
#13139 = CARTESIAN_POINT('',(-6.28318530718,0.));
#13140 = VECTOR('',#13141,1.);
#13141 = DIRECTION('',(-0.,-1.));
#13142 = ( GEOMETRIC_REPRESENTATION_CONTEXT(2) 
PARAMETRIC_REPRESENTATION_CONTEXT() REPRESENTATION_CONTEXT('2D SPACE',''
  ) );
#13143 = PCURVE('',#8704,#13144);
#13144 = DEFINITIONAL_REPRESENTATION('',(#13145),#13149);
#13145 = LINE('',#13146,#13147);
#13146 = CARTESIAN_POINT('',(-0.,0.));
#13147 = VECTOR('',#13148,1.);
#13148 = DIRECTION('',(-0.,-1.));
#13149 = ( GEOMETRIC_REPRESENTATION_CONTEXT(2) 
PARAMETRIC_REPRESENTATION_CONTEXT() REPRESENTATION_CONTEXT('2D SPACE',''
  ) );
#13150 = ORIENTED_EDGE('',*,*,#13151,.T.);
#13151 = EDGE_CURVE('',#13129,#13129,#13152,.T.);
#13152 = SURFACE_CURVE('',#13153,(#13158,#13165),.PCURVE_S1.);
#13153 = CIRCLE('',#13154,3.);
#13154 = AXIS2_PLACEMENT_3D('',#13155,#13156,#13157);
#13155 = CARTESIAN_POINT('',(6.,99.,-0.2));
#13156 = DIRECTION('',(0.,0.,1.));
#13157 = DIRECTION('',(1.,0.,0.));
#13158 = PCURVE('',#8704,#13159);
#13159 = DEFINITIONAL_REPRESENTATION('',(#13160),#13164);
#13160 = LINE('',#13161,#13162);
#13161 = CARTESIAN_POINT('',(-0.,-6.8));
#13162 = VECTOR('',#13163,1.);
#13163 = DIRECTION('',(-1.,0.));
#13164 = ( GEOMETRIC_REPRESENTATION_CONTEXT(2) 
PARAMETRIC_REPRESENTATION_CONTEXT() REPRESENTATION_CONTEXT('2D SPACE',''
  ) );
#13165 = PCURVE('',#13166,#13171);
#13166 = PLANE('',#13167);
#13167 = AXIS2_PLACEMENT_3D('',#13168,#13169,#13170);
#13168 = CARTESIAN_POINT('',(6.,99.,-0.2));
#13169 = DIRECTION('',(0.,0.,1.));
#13170 = DIRECTION('',(1.,0.,-0.));
#13171 = DEFINITIONAL_REPRESENTATION('',(#13172),#13176);
#13172 = CIRCLE('',#13173,3.);
#13173 = AXIS2_PLACEMENT_2D('',#13174,#13175);
#13174 = CARTESIAN_POINT('',(0.,0.));
#13175 = DIRECTION('',(1.,0.));
#13176 = ( GEOMETRIC_REPRESENTATION_CONTEXT(2) 
PARAMETRIC_REPRESENTATION_CONTEXT() REPRESENTATION_CONTEXT('2D SPACE',''
  ) );
#13177 = ORIENTED_EDGE('',*,*,#13128,.F.);
#13178 = ADVANCED_FACE('',(#13179),#8739,.T.);
#13179 = FACE_BOUND('',#13180,.F.);
#13180 = EDGE_LOOP('',(#13181,#13182,#13205,#13232));
#13181 = ORIENTED_EDGE('',*,*,#8718,.T.);
#13182 = ORIENTED_EDGE('',*,*,#13183,.T.);
#13183 = EDGE_CURVE('',#8719,#13184,#13186,.T.);
#13184 = VERTEX_POINT('',#13185);
#13185 = CARTESIAN_POINT('',(57.,99.,-0.2));
#13186 = SEAM_CURVE('',#13187,(#13191,#13198),.PCURVE_S1.);
#13187 = LINE('',#13188,#13189);
#13188 = CARTESIAN_POINT('',(57.,99.,-7.));
#13189 = VECTOR('',#13190,1.);
#13190 = DIRECTION('',(0.,0.,1.));
#13191 = PCURVE('',#8739,#13192);
#13192 = DEFINITIONAL_REPRESENTATION('',(#13193),#13197);
#13193 = LINE('',#13194,#13195);
#13194 = CARTESIAN_POINT('',(-6.28318530718,0.));
#13195 = VECTOR('',#13196,1.);
#13196 = DIRECTION('',(-0.,-1.));
#13197 = ( GEOMETRIC_REPRESENTATION_CONTEXT(2) 
PARAMETRIC_REPRESENTATION_CONTEXT() REPRESENTATION_CONTEXT('2D SPACE',''
  ) );
#13198 = PCURVE('',#8739,#13199);
#13199 = DEFINITIONAL_REPRESENTATION('',(#13200),#13204);
#13200 = LINE('',#13201,#13202);
#13201 = CARTESIAN_POINT('',(-0.,0.));
#13202 = VECTOR('',#13203,1.);
#13203 = DIRECTION('',(-0.,-1.));
#13204 = ( GEOMETRIC_REPRESENTATION_CONTEXT(2) 
PARAMETRIC_REPRESENTATION_CONTEXT() REPRESENTATION_CONTEXT('2D SPACE',''
  ) );
#13205 = ORIENTED_EDGE('',*,*,#13206,.T.);
#13206 = EDGE_CURVE('',#13184,#13184,#13207,.T.);
#13207 = SURFACE_CURVE('',#13208,(#13213,#13220),.PCURVE_S1.);
#13208 = CIRCLE('',#13209,3.);
#13209 = AXIS2_PLACEMENT_3D('',#13210,#13211,#13212);
#13210 = CARTESIAN_POINT('',(54.,99.,-0.2));
#13211 = DIRECTION('',(0.,0.,1.));
#13212 = DIRECTION('',(1.,0.,0.));
#13213 = PCURVE('',#8739,#13214);
#13214 = DEFINITIONAL_REPRESENTATION('',(#13215),#13219);
#13215 = LINE('',#13216,#13217);
#13216 = CARTESIAN_POINT('',(-0.,-6.8));
#13217 = VECTOR('',#13218,1.);
#13218 = DIRECTION('',(-1.,0.));
#13219 = ( GEOMETRIC_REPRESENTATION_CONTEXT(2) 
PARAMETRIC_REPRESENTATION_CONTEXT() REPRESENTATION_CONTEXT('2D SPACE',''
  ) );
#13220 = PCURVE('',#13221,#13226);
#13221 = PLANE('',#13222);
#13222 = AXIS2_PLACEMENT_3D('',#13223,#13224,#13225);
#13223 = CARTESIAN_POINT('',(54.,99.,-0.2));
#13224 = DIRECTION('',(0.,0.,1.));
#13225 = DIRECTION('',(1.,0.,-0.));
#13226 = DEFINITIONAL_REPRESENTATION('',(#13227),#13231);
#13227 = CIRCLE('',#13228,3.);
#13228 = AXIS2_PLACEMENT_2D('',#13229,#13230);
#13229 = CARTESIAN_POINT('',(0.,0.));
#13230 = DIRECTION('',(1.,0.));
#13231 = ( GEOMETRIC_REPRESENTATION_CONTEXT(2) 
PARAMETRIC_REPRESENTATION_CONTEXT() REPRESENTATION_CONTEXT('2D SPACE',''
  ) );
#13232 = ORIENTED_EDGE('',*,*,#13183,.F.);
#13233 = ADVANCED_FACE('',(#13234),#8908,.F.);
#13234 = FACE_BOUND('',#13235,.F.);
#13235 = EDGE_LOOP('',(#13236,#13237,#13258,#13259));
#13236 = ORIENTED_EDGE('',*,*,#9141,.F.);
#13237 = ORIENTED_EDGE('',*,*,#13238,.T.);
#13238 = EDGE_CURVE('',#9118,#8864,#13239,.T.);
#13239 = SURFACE_CURVE('',#13240,(#13244,#13251),.PCURVE_S1.);
#13240 = LINE('',#13241,#13242);
#13241 = CARTESIAN_POINT('',(57.3,11.5,-1.));
#13242 = VECTOR('',#13243,1.);
#13243 = DIRECTION('',(0.,0.,1.));
#13244 = PCURVE('',#8908,#13245);
#13245 = DEFINITIONAL_REPRESENTATION('',(#13246),#13250);
#13246 = LINE('',#13247,#13248);
#13247 = CARTESIAN_POINT('',(0.,0.));
#13248 = VECTOR('',#13249,1.);
#13249 = DIRECTION('',(1.,0.));
#13250 = ( GEOMETRIC_REPRESENTATION_CONTEXT(2) 
PARAMETRIC_REPRESENTATION_CONTEXT() REPRESENTATION_CONTEXT('2D SPACE',''
  ) );
#13251 = PCURVE('',#8880,#13252);
#13252 = DEFINITIONAL_REPRESENTATION('',(#13253),#13257);
#13253 = LINE('',#13254,#13255);
#13254 = CARTESIAN_POINT('',(-4.712388980385,0.));
#13255 = VECTOR('',#13256,1.);
#13256 = DIRECTION('',(-0.,-1.));
#13257 = ( GEOMETRIC_REPRESENTATION_CONTEXT(2) 
PARAMETRIC_REPRESENTATION_CONTEXT() REPRESENTATION_CONTEXT('2D SPACE',''
  ) );
#13258 = ORIENTED_EDGE('',*,*,#8892,.T.);
#13259 = ORIENTED_EDGE('',*,*,#9021,.F.);
#13260 = ADVANCED_FACE('',(#13261),#8880,.T.);
#13261 = FACE_BOUND('',#13262,.F.);
#13262 = EDGE_LOOP('',(#13263,#13264,#13285,#13286));
#13263 = ORIENTED_EDGE('',*,*,#9117,.F.);
#13264 = ORIENTED_EDGE('',*,*,#13265,.T.);
#13265 = EDGE_CURVE('',#9095,#8836,#13266,.T.);
#13266 = SURFACE_CURVE('',#13267,(#13271,#13278),.PCURVE_S1.);
#13267 = LINE('',#13268,#13269);
#13268 = CARTESIAN_POINT('',(56.6,12.2,-1.));
#13269 = VECTOR('',#13270,1.);
#13270 = DIRECTION('',(0.,0.,1.));
#13271 = PCURVE('',#8880,#13272);
#13272 = DEFINITIONAL_REPRESENTATION('',(#13273),#13277);
#13273 = LINE('',#13274,#13275);
#13274 = CARTESIAN_POINT('',(-3.14159265359,0.));
#13275 = VECTOR('',#13276,1.);
#13276 = DIRECTION('',(-0.,-1.));
#13277 = ( GEOMETRIC_REPRESENTATION_CONTEXT(2) 
PARAMETRIC_REPRESENTATION_CONTEXT() REPRESENTATION_CONTEXT('2D SPACE',''
  ) );
#13278 = PCURVE('',#8851,#13279);
#13279 = DEFINITIONAL_REPRESENTATION('',(#13280),#13284);
#13280 = LINE('',#13281,#13282);
#13281 = CARTESIAN_POINT('',(0.,0.));
#13282 = VECTOR('',#13283,1.);
#13283 = DIRECTION('',(1.,0.));
#13284 = ( GEOMETRIC_REPRESENTATION_CONTEXT(2) 
PARAMETRIC_REPRESENTATION_CONTEXT() REPRESENTATION_CONTEXT('2D SPACE',''
  ) );
#13285 = ORIENTED_EDGE('',*,*,#8863,.T.);
#13286 = ORIENTED_EDGE('',*,*,#13238,.F.);
#13287 = ADVANCED_FACE('',(#13288),#8851,.F.);
#13288 = FACE_BOUND('',#13289,.F.);
#13289 = EDGE_LOOP('',(#13290,#13291,#13292,#13313));
#13290 = ORIENTED_EDGE('',*,*,#13265,.F.);
#13291 = ORIENTED_EDGE('',*,*,#9094,.T.);
#13292 = ORIENTED_EDGE('',*,*,#13293,.T.);
#13293 = EDGE_CURVE('',#9071,#8807,#13294,.T.);
#13294 = SURFACE_CURVE('',#13295,(#13299,#13306),.PCURVE_S1.);
#13295 = LINE('',#13296,#13297);
#13296 = CARTESIAN_POINT('',(56.6,27.8,-1.));
#13297 = VECTOR('',#13298,1.);
#13298 = DIRECTION('',(0.,0.,1.));
#13299 = PCURVE('',#8851,#13300);
#13300 = DEFINITIONAL_REPRESENTATION('',(#13301),#13305);
#13301 = LINE('',#13302,#13303);
#13302 = CARTESIAN_POINT('',(0.,-15.6));
#13303 = VECTOR('',#13304,1.);
#13304 = DIRECTION('',(1.,0.));
#13305 = ( GEOMETRIC_REPRESENTATION_CONTEXT(2) 
PARAMETRIC_REPRESENTATION_CONTEXT() REPRESENTATION_CONTEXT('2D SPACE',''
  ) );
#13306 = PCURVE('',#8823,#13307);
#13307 = DEFINITIONAL_REPRESENTATION('',(#13308),#13312);
#13308 = LINE('',#13309,#13310);
#13309 = CARTESIAN_POINT('',(-3.14159265359,0.));
#13310 = VECTOR('',#13311,1.);
#13311 = DIRECTION('',(-0.,-1.));
#13312 = ( GEOMETRIC_REPRESENTATION_CONTEXT(2) 
PARAMETRIC_REPRESENTATION_CONTEXT() REPRESENTATION_CONTEXT('2D SPACE',''
  ) );
#13313 = ORIENTED_EDGE('',*,*,#8835,.F.);
#13314 = ADVANCED_FACE('',(#13315),#8823,.T.);
#13315 = FACE_BOUND('',#13316,.F.);
#13316 = EDGE_LOOP('',(#13317,#13318,#13339,#13340));
#13317 = ORIENTED_EDGE('',*,*,#9070,.F.);
#13318 = ORIENTED_EDGE('',*,*,#13319,.T.);
#13319 = EDGE_CURVE('',#9048,#8779,#13320,.T.);
#13320 = SURFACE_CURVE('',#13321,(#13325,#13332),.PCURVE_S1.);
#13321 = LINE('',#13322,#13323);
#13322 = CARTESIAN_POINT('',(57.3,28.5,-1.));
#13323 = VECTOR('',#13324,1.);
#13324 = DIRECTION('',(0.,0.,1.));
#13325 = PCURVE('',#8823,#13326);
#13326 = DEFINITIONAL_REPRESENTATION('',(#13327),#13331);
#13327 = LINE('',#13328,#13329);
#13328 = CARTESIAN_POINT('',(-1.570796326795,0.));
#13329 = VECTOR('',#13330,1.);
#13330 = DIRECTION('',(-0.,-1.));
#13331 = ( GEOMETRIC_REPRESENTATION_CONTEXT(2) 
PARAMETRIC_REPRESENTATION_CONTEXT() REPRESENTATION_CONTEXT('2D SPACE',''
  ) );
#13332 = PCURVE('',#8794,#13333);
#13333 = DEFINITIONAL_REPRESENTATION('',(#13334),#13338);
#13334 = LINE('',#13335,#13336);
#13335 = CARTESIAN_POINT('',(0.,0.));
#13336 = VECTOR('',#13337,1.);
#13337 = DIRECTION('',(1.,0.));
#13338 = ( GEOMETRIC_REPRESENTATION_CONTEXT(2) 
PARAMETRIC_REPRESENTATION_CONTEXT() REPRESENTATION_CONTEXT('2D SPACE',''
  ) );
#13339 = ORIENTED_EDGE('',*,*,#8806,.T.);
#13340 = ORIENTED_EDGE('',*,*,#13293,.F.);
#13341 = ADVANCED_FACE('',(#13342),#8794,.T.);
#13342 = FACE_BOUND('',#13343,.T.);
#13343 = EDGE_LOOP('',(#13344,#13345,#13346,#13347));
#13344 = ORIENTED_EDGE('',*,*,#9047,.F.);
#13345 = ORIENTED_EDGE('',*,*,#13319,.T.);
#13346 = ORIENTED_EDGE('',*,*,#8778,.T.);
#13347 = ORIENTED_EDGE('',*,*,#8972,.F.);
#13348 = ADVANCED_FACE('',(#13349),#9238,.F.);
#13349 = FACE_BOUND('',#13350,.T.);
#13350 = EDGE_LOOP('',(#13351,#13352,#13353,#13354));
#13351 = ORIENTED_EDGE('',*,*,#9526,.F.);
#13352 = ORIENTED_EDGE('',*,*,#9655,.T.);
#13353 = ORIENTED_EDGE('',*,*,#9217,.T.);
#13354 = ORIENTED_EDGE('',*,*,#9411,.F.);
#13355 = ADVANCED_FACE('',(#13356),#9369,.F.);
#13356 = FACE_BOUND('',#13357,.F.);
#13357 = EDGE_LOOP('',(#13358,#13386,#13387,#13388,#13389,#13410));
#13358 = ORIENTED_EDGE('',*,*,#13359,.T.);
#13359 = EDGE_CURVE('',#13360,#9751,#13362,.T.);
#13360 = VERTEX_POINT('',#13361);
#13361 = CARTESIAN_POINT('',(-1.525,99.005,0.2));
#13362 = SURFACE_CURVE('',#13363,(#13368,#13379),.PCURVE_S1.);
#13363 = CIRCLE('',#13364,8.02);
#13364 = AXIS2_PLACEMENT_3D('',#13365,#13366,#13367);
#13365 = CARTESIAN_POINT('',(6.495,99.005,0.2));
#13366 = DIRECTION('',(0.,0.,-1.));
#13367 = DIRECTION('',(1.,0.,0.));
#13368 = PCURVE('',#9369,#13369);
#13369 = DEFINITIONAL_REPRESENTATION('',(#13370),#13378);
#13370 = ( BOUNDED_CURVE() B_SPLINE_CURVE(2,(#13371,#13372,#13373,#13374
    ,#13375,#13376,#13377),.UNSPECIFIED.,.T.,.F.) 
B_SPLINE_CURVE_WITH_KNOTS((1,2,2,2,2,1),(-2.094395102393,0.,
    2.094395102393,4.188790204786,6.28318530718,8.377580409573),
.UNSPECIFIED.) CURVE() GEOMETRIC_REPRESENTATION_ITEM() 
RATIONAL_B_SPLINE_CURVE((1.,0.5,1.,0.5,1.,0.5,1.)) REPRESENTATION_ITEM(
  '') );
#13371 = CARTESIAN_POINT('',(8.015,93.005));
#13372 = CARTESIAN_POINT('',(8.015,79.113952523298));
#13373 = CARTESIAN_POINT('',(-4.015,86.059476261649));
#13374 = CARTESIAN_POINT('',(-16.045,93.005));
#13375 = CARTESIAN_POINT('',(-4.015,99.950523738351));
#13376 = CARTESIAN_POINT('',(8.015,106.8960474767));
#13377 = CARTESIAN_POINT('',(8.015,93.005));
#13378 = ( GEOMETRIC_REPRESENTATION_CONTEXT(2) 
PARAMETRIC_REPRESENTATION_CONTEXT() REPRESENTATION_CONTEXT('2D SPACE',''
  ) );
#13379 = PCURVE('',#9765,#13380);
#13380 = DEFINITIONAL_REPRESENTATION('',(#13381),#13385);
#13381 = LINE('',#13382,#13383);
#13382 = CARTESIAN_POINT('',(-6.28318530718,5.E-02));
#13383 = VECTOR('',#13384,1.);
#13384 = DIRECTION('',(1.,-0.));
#13385 = ( GEOMETRIC_REPRESENTATION_CONTEXT(2) 
PARAMETRIC_REPRESENTATION_CONTEXT() REPRESENTATION_CONTEXT('2D SPACE',''
  ) );
#13386 = ORIENTED_EDGE('',*,*,#9776,.T.);
#13387 = ORIENTED_EDGE('',*,*,#9352,.F.);
#13388 = ORIENTED_EDGE('',*,*,#10475,.T.);
#13389 = ORIENTED_EDGE('',*,*,#13390,.T.);
#13390 = EDGE_CURVE('',#10476,#13391,#13393,.T.);
#13391 = VERTEX_POINT('',#13392);
#13392 = CARTESIAN_POINT('',(-1.525,19.536229149574,0.2));
#13393 = SURFACE_CURVE('',#13394,(#13398,#13404),.PCURVE_S1.);
#13394 = LINE('',#13395,#13396);
#13395 = CARTESIAN_POINT('',(-5.7,19.536229149574,0.2));
#13396 = VECTOR('',#13397,1.);
#13397 = DIRECTION('',(1.,0.,0.));
#13398 = PCURVE('',#9369,#13399);
#13399 = DEFINITIONAL_REPRESENTATION('',(#13400),#13403);
#13400 = B_SPLINE_CURVE_WITH_KNOTS('',1,(#13401,#13402),.UNSPECIFIED.,
  .F.,.F.,(2,2),(2.76,5.5000006),.PIECEWISE_BEZIER_KNOTS.);
#13401 = CARTESIAN_POINT('',(-9.44,13.536229149574));
#13402 = CARTESIAN_POINT('',(-6.6999994,13.536229149574));
#13403 = ( GEOMETRIC_REPRESENTATION_CONTEXT(2) 
PARAMETRIC_REPRESENTATION_CONTEXT() REPRESENTATION_CONTEXT('2D SPACE',''
  ) );
#13404 = PCURVE('',#10167,#13405);
#13405 = DEFINITIONAL_REPRESENTATION('',(#13406),#13409);
#13406 = B_SPLINE_CURVE_WITH_KNOTS('',1,(#13407,#13408),.UNSPECIFIED.,
  .F.,.F.,(2,2),(3.,4.175),.PIECEWISE_BEZIER_KNOTS.);
#13407 = CARTESIAN_POINT('',(6.024263765173,3.));
#13408 = CARTESIAN_POINT('',(6.024263765173,4.175));
#13409 = ( GEOMETRIC_REPRESENTATION_CONTEXT(2) 
PARAMETRIC_REPRESENTATION_CONTEXT() REPRESENTATION_CONTEXT('2D SPACE',''
  ) );
#13410 = ORIENTED_EDGE('',*,*,#13411,.T.);
#13411 = EDGE_CURVE('',#13391,#13360,#13412,.T.);
#13412 = SURFACE_CURVE('',#13413,(#13417,#13423),.PCURVE_S1.);
#13413 = LINE('',#13414,#13415);
#13414 = CARTESIAN_POINT('',(-1.525,5.9975,0.2));
#13415 = VECTOR('',#13416,1.);
#13416 = DIRECTION('',(0.,1.,0.));
#13417 = PCURVE('',#9369,#13418);
#13418 = DEFINITIONAL_REPRESENTATION('',(#13419),#13422);
#13419 = B_SPLINE_CURVE_WITH_KNOTS('',1,(#13420,#13421),.UNSPECIFIED.,
  .F.,.F.,(2,2),(-2.500000000005E-03,93.0075),.PIECEWISE_BEZIER_KNOTS.);
#13420 = CARTESIAN_POINT('',(-8.025,-5.00000000001E-03));
#13421 = CARTESIAN_POINT('',(-8.025,93.005));
#13422 = ( GEOMETRIC_REPRESENTATION_CONTEXT(2) 
PARAMETRIC_REPRESENTATION_CONTEXT() REPRESENTATION_CONTEXT('2D SPACE',''
  ) );
#13423 = PCURVE('',#10140,#13424);
#13424 = DEFINITIONAL_REPRESENTATION('',(#13425),#13429);
#13425 = LINE('',#13426,#13427);
#13426 = CARTESIAN_POINT('',(-5.E-02,-2.500000000005E-03));
#13427 = VECTOR('',#13428,1.);
#13428 = DIRECTION('',(0.,-1.));
#13429 = ( GEOMETRIC_REPRESENTATION_CONTEXT(2) 
PARAMETRIC_REPRESENTATION_CONTEXT() REPRESENTATION_CONTEXT('2D SPACE',''
  ) );
#13430 = ADVANCED_FACE('',(#13431),#9315,.T.);
#13431 = FACE_BOUND('',#13432,.T.);
#13432 = EDGE_LOOP('',(#13433,#13434,#13435));
#13433 = ORIENTED_EDGE('',*,*,#9680,.F.);
#13434 = ORIENTED_EDGE('',*,*,#9298,.T.);
#13435 = ORIENTED_EDGE('',*,*,#9608,.F.);
#13436 = ADVANCED_FACE('',(#13437),#9765,.F.);
#13437 = FACE_BOUND('',#13438,.T.);
#13438 = EDGE_LOOP('',(#13439,#13467,#13488,#13489));
#13439 = ORIENTED_EDGE('',*,*,#13440,.F.);
#13440 = EDGE_CURVE('',#13441,#9725,#13443,.T.);
#13441 = VERTEX_POINT('',#13442);
#13442 = CARTESIAN_POINT('',(-1.525,99.005,1.5));
#13443 = SURFACE_CURVE('',#13444,(#13449,#13456),.PCURVE_S1.);
#13444 = CIRCLE('',#13445,8.02);
#13445 = AXIS2_PLACEMENT_3D('',#13446,#13447,#13448);
#13446 = CARTESIAN_POINT('',(6.495,99.005,1.5));
#13447 = DIRECTION('',(0.,0.,-1.));
#13448 = DIRECTION('',(1.,0.,0.));
#13449 = PCURVE('',#9765,#13450);
#13450 = DEFINITIONAL_REPRESENTATION('',(#13451),#13455);
#13451 = LINE('',#13452,#13453);
#13452 = CARTESIAN_POINT('',(-6.28318530718,-1.25));
#13453 = VECTOR('',#13454,1.);
#13454 = DIRECTION('',(1.,-0.));
#13455 = ( GEOMETRIC_REPRESENTATION_CONTEXT(2) 
PARAMETRIC_REPRESENTATION_CONTEXT() REPRESENTATION_CONTEXT('2D SPACE',''
  ) );
#13456 = PCURVE('',#9739,#13457);
#13457 = DEFINITIONAL_REPRESENTATION('',(#13458),#13466);
#13458 = ( BOUNDED_CURVE() B_SPLINE_CURVE(2,(#13459,#13460,#13461,#13462
    ,#13463,#13464,#13465),.UNSPECIFIED.,.T.,.F.) 
B_SPLINE_CURVE_WITH_KNOTS((1,2,2,2,2,1),(-2.094395102393,0.,
    2.094395102393,4.188790204786,6.28318530718,8.377580409573),
.UNSPECIFIED.) CURVE() GEOMETRIC_REPRESENTATION_ITEM() 
RATIONAL_B_SPLINE_CURVE((1.,0.5,1.,0.5,1.,0.5,1.)) REPRESENTATION_ITEM(
  '') );
#13459 = CARTESIAN_POINT('',(8.02,102.03));
#13460 = CARTESIAN_POINT('',(8.02,88.138952523298));
#13461 = CARTESIAN_POINT('',(-4.01,95.084476261649));
#13462 = CARTESIAN_POINT('',(-16.04,102.03));
#13463 = CARTESIAN_POINT('',(-4.01,108.97552373835));
#13464 = CARTESIAN_POINT('',(8.02,115.9210474767));
#13465 = CARTESIAN_POINT('',(8.02,102.03));
#13466 = ( GEOMETRIC_REPRESENTATION_CONTEXT(2) 
PARAMETRIC_REPRESENTATION_CONTEXT() REPRESENTATION_CONTEXT('2D SPACE',''
  ) );
#13467 = ORIENTED_EDGE('',*,*,#13468,.T.);
#13468 = EDGE_CURVE('',#13441,#13360,#13469,.T.);
#13469 = SURFACE_CURVE('',#13470,(#13474,#13481),.PCURVE_S1.);
#13470 = LINE('',#13471,#13472);
#13471 = CARTESIAN_POINT('',(-1.525,99.005,1.5));
#13472 = VECTOR('',#13473,1.);
#13473 = DIRECTION('',(0.,0.,-1.));
#13474 = PCURVE('',#9765,#13475);
#13475 = DEFINITIONAL_REPRESENTATION('',(#13476),#13480);
#13476 = LINE('',#13477,#13478);
#13477 = CARTESIAN_POINT('',(-3.14159265359,-1.25));
#13478 = VECTOR('',#13479,1.);
#13479 = DIRECTION('',(0.,1.));
#13480 = ( GEOMETRIC_REPRESENTATION_CONTEXT(2) 
PARAMETRIC_REPRESENTATION_CONTEXT() REPRESENTATION_CONTEXT('2D SPACE',''
  ) );
#13481 = PCURVE('',#10140,#13482);
#13482 = DEFINITIONAL_REPRESENTATION('',(#13483),#13487);
#13483 = LINE('',#13484,#13485);
#13484 = CARTESIAN_POINT('',(1.25,-93.01));
#13485 = VECTOR('',#13486,1.);
#13486 = DIRECTION('',(-1.,0.));
#13487 = ( GEOMETRIC_REPRESENTATION_CONTEXT(2) 
PARAMETRIC_REPRESENTATION_CONTEXT() REPRESENTATION_CONTEXT('2D SPACE',''
  ) );
#13488 = ORIENTED_EDGE('',*,*,#13359,.T.);
#13489 = ORIENTED_EDGE('',*,*,#9750,.F.);
#13490 = ADVANCED_FACE('',(#13491),#9739,.T.);
#13491 = FACE_BOUND('',#13492,.T.);
#13492 = EDGE_LOOP('',(#13493,#13494,#13495,#13496,#13497,#13498,#13526,
    #13546));
#13493 = ORIENTED_EDGE('',*,*,#9724,.T.);
#13494 = ORIENTED_EDGE('',*,*,#9823,.T.);
#13495 = ORIENTED_EDGE('',*,*,#9873,.F.);
#13496 = ORIENTED_EDGE('',*,*,#9920,.T.);
#13497 = ORIENTED_EDGE('',*,*,#10037,.T.);
#13498 = ORIENTED_EDGE('',*,*,#13499,.T.);
#13499 = EDGE_CURVE('',#10012,#13500,#13502,.T.);
#13500 = VERTEX_POINT('',#13501);
#13501 = CARTESIAN_POINT('',(-1.525,5.995,1.5));
#13502 = SURFACE_CURVE('',#13503,(#13508,#13519),.PCURVE_S1.);
#13503 = CIRCLE('',#13504,8.02);
#13504 = AXIS2_PLACEMENT_3D('',#13505,#13506,#13507);
#13505 = CARTESIAN_POINT('',(6.495,5.995,1.5));
#13506 = DIRECTION('',(0.,0.,-1.));
#13507 = DIRECTION('',(1.,0.,0.));
#13508 = PCURVE('',#9739,#13509);
#13509 = DEFINITIONAL_REPRESENTATION('',(#13510),#13518);
#13510 = ( BOUNDED_CURVE() B_SPLINE_CURVE(2,(#13511,#13512,#13513,#13514
    ,#13515,#13516,#13517),.UNSPECIFIED.,.T.,.F.) 
B_SPLINE_CURVE_WITH_KNOTS((1,2,2,2,2,1),(-2.094395102393,0.,
    2.094395102393,4.188790204786,6.28318530718,8.377580409573),
.UNSPECIFIED.) CURVE() GEOMETRIC_REPRESENTATION_ITEM() 
RATIONAL_B_SPLINE_CURVE((1.,0.5,1.,0.5,1.,0.5,1.)) REPRESENTATION_ITEM(
  '') );
#13511 = CARTESIAN_POINT('',(8.02,9.02));
#13512 = CARTESIAN_POINT('',(8.02,-4.871047476702));
#13513 = CARTESIAN_POINT('',(-4.01,2.074476261649));
#13514 = CARTESIAN_POINT('',(-16.04,9.02));
#13515 = CARTESIAN_POINT('',(-4.01,15.965523738351));
#13516 = CARTESIAN_POINT('',(8.02,22.911047476702));
#13517 = CARTESIAN_POINT('',(8.02,9.02));
#13518 = ( GEOMETRIC_REPRESENTATION_CONTEXT(2) 
PARAMETRIC_REPRESENTATION_CONTEXT() REPRESENTATION_CONTEXT('2D SPACE',''
  ) );
#13519 = PCURVE('',#10026,#13520);
#13520 = DEFINITIONAL_REPRESENTATION('',(#13521),#13525);
#13521 = LINE('',#13522,#13523);
#13522 = CARTESIAN_POINT('',(-6.28318530718,-1.25));
#13523 = VECTOR('',#13524,1.);
#13524 = DIRECTION('',(1.,-0.));
#13525 = ( GEOMETRIC_REPRESENTATION_CONTEXT(2) 
PARAMETRIC_REPRESENTATION_CONTEXT() REPRESENTATION_CONTEXT('2D SPACE',''
  ) );
#13526 = ORIENTED_EDGE('',*,*,#13527,.T.);
#13527 = EDGE_CURVE('',#13500,#13441,#13528,.T.);
#13528 = SURFACE_CURVE('',#13529,(#13533,#13539),.PCURVE_S1.);
#13529 = LINE('',#13530,#13531);
#13530 = CARTESIAN_POINT('',(-1.525,1.485,1.5));
#13531 = VECTOR('',#13532,1.);
#13532 = DIRECTION('',(0.,1.,0.));
#13533 = PCURVE('',#9739,#13534);
#13534 = DEFINITIONAL_REPRESENTATION('',(#13535),#13538);
#13535 = B_SPLINE_CURVE_WITH_KNOTS('',1,(#13536,#13537),.UNSPECIFIED.,
  .F.,.F.,(2,2),(4.51,97.52),.PIECEWISE_BEZIER_KNOTS.);
#13536 = CARTESIAN_POINT('',(-8.02,9.02));
#13537 = CARTESIAN_POINT('',(-8.02,102.03));
#13538 = ( GEOMETRIC_REPRESENTATION_CONTEXT(2) 
PARAMETRIC_REPRESENTATION_CONTEXT() REPRESENTATION_CONTEXT('2D SPACE',''
  ) );
#13539 = PCURVE('',#10140,#13540);
#13540 = DEFINITIONAL_REPRESENTATION('',(#13541),#13545);
#13541 = LINE('',#13542,#13543);
#13542 = CARTESIAN_POINT('',(1.25,4.51));
#13543 = VECTOR('',#13544,1.);
#13544 = DIRECTION('',(0.,-1.));
#13545 = ( GEOMETRIC_REPRESENTATION_CONTEXT(2) 
PARAMETRIC_REPRESENTATION_CONTEXT() REPRESENTATION_CONTEXT('2D SPACE',''
  ) );
#13546 = ORIENTED_EDGE('',*,*,#13440,.T.);
#13547 = ADVANCED_FACE('',(#13548),#10026,.F.);
#13548 = FACE_BOUND('',#13549,.T.);
#13549 = EDGE_LOOP('',(#13550,#13551,#13552,#13553));
#13550 = ORIENTED_EDGE('',*,*,#13499,.F.);
#13551 = ORIENTED_EDGE('',*,*,#10011,.T.);
#13552 = ORIENTED_EDGE('',*,*,#10199,.T.);
#13553 = ORIENTED_EDGE('',*,*,#13554,.F.);
#13554 = EDGE_CURVE('',#13500,#10124,#13555,.T.);
#13555 = SURFACE_CURVE('',#13556,(#13560,#13567),.PCURVE_S1.);
#13556 = LINE('',#13557,#13558);
#13557 = CARTESIAN_POINT('',(-1.525,5.995,1.5));
#13558 = VECTOR('',#13559,1.);
#13559 = DIRECTION('',(0.,0.,-1.));
#13560 = PCURVE('',#10026,#13561);
#13561 = DEFINITIONAL_REPRESENTATION('',(#13562),#13566);
#13562 = LINE('',#13563,#13564);
#13563 = CARTESIAN_POINT('',(-3.14159265359,-1.25));
#13564 = VECTOR('',#13565,1.);
#13565 = DIRECTION('',(0.,1.));
#13566 = ( GEOMETRIC_REPRESENTATION_CONTEXT(2) 
PARAMETRIC_REPRESENTATION_CONTEXT() REPRESENTATION_CONTEXT('2D SPACE',''
  ) );
#13567 = PCURVE('',#10140,#13568);
#13568 = DEFINITIONAL_REPRESENTATION('',(#13569),#13573);
#13569 = LINE('',#13570,#13571);
#13570 = CARTESIAN_POINT('',(1.25,0.));
#13571 = VECTOR('',#13572,1.);
#13572 = DIRECTION('',(-1.,0.));
#13573 = ( GEOMETRIC_REPRESENTATION_CONTEXT(2) 
PARAMETRIC_REPRESENTATION_CONTEXT() REPRESENTATION_CONTEXT('2D SPACE',''
  ) );
#13574 = ADVANCED_FACE('',(#13575),#10140,.T.);
#13575 = FACE_BOUND('',#13576,.T.);
#13576 = EDGE_LOOP('',(#13577,#13578,#13579,#13580,#13606,#13607));
#13577 = ORIENTED_EDGE('',*,*,#13527,.F.);
#13578 = ORIENTED_EDGE('',*,*,#13554,.T.);
#13579 = ORIENTED_EDGE('',*,*,#10123,.T.);
#13580 = ORIENTED_EDGE('',*,*,#13581,.T.);
#13581 = EDGE_CURVE('',#10126,#13391,#13582,.T.);
#13582 = SURFACE_CURVE('',#13583,(#13588,#13599),.PCURVE_S1.);
#13583 = CIRCLE('',#13584,6.);
#13584 = AXIS2_PLACEMENT_3D('',#13585,#13586,#13587);
#13585 = CARTESIAN_POINT('',(-1.525,18.,-5.6));
#13586 = DIRECTION('',(-1.,2.890774530436E-16,0.));
#13587 = DIRECTION('',(-7.401486830834E-17,-0.256038191596,
    0.966666666667));
#13588 = PCURVE('',#10140,#13589);
#13589 = DEFINITIONAL_REPRESENTATION('',(#13590),#13598);
#13590 = ( BOUNDED_CURVE() B_SPLINE_CURVE(2,(#13591,#13592,#13593,#13594
    ,#13595,#13596,#13597),.UNSPECIFIED.,.T.,.F.) 
B_SPLINE_CURVE_WITH_KNOTS((1,2,2,2,2,1),(-2.094395102393,0.,
    2.094395102393,4.188790204786,6.28318530718,8.377580409573),
.UNSPECIFIED.) CURVE() GEOMETRIC_REPRESENTATION_ITEM() 
RATIONAL_B_SPLINE_CURVE((1.,0.5,1.,0.5,1.,0.5,1.)) REPRESENTATION_ITEM(
  '') );
#13591 = CARTESIAN_POINT('',(-5.E-02,-10.46877085042));
#13592 = CARTESIAN_POINT('',(2.61082693913,-20.51466553432));
#13593 = CARTESIAN_POINT('',(-7.419586530435,-17.79606191673));
#13594 = CARTESIAN_POINT('',(-17.45,-15.07745829914));
#13595 = CARTESIAN_POINT('',(-10.08041346956,-7.750167232837));
#13596 = CARTESIAN_POINT('',(-2.71082693913,-0.422876166527));
#13597 = CARTESIAN_POINT('',(-5.E-02,-10.46877085042));
#13598 = ( GEOMETRIC_REPRESENTATION_CONTEXT(2) 
PARAMETRIC_REPRESENTATION_CONTEXT() REPRESENTATION_CONTEXT('2D SPACE',''
  ) );
#13599 = PCURVE('',#10167,#13600);
#13600 = DEFINITIONAL_REPRESENTATION('',(#13601),#13605);
#13601 = LINE('',#13602,#13603);
#13602 = CARTESIAN_POINT('',(6.542106849186,4.175));
#13603 = VECTOR('',#13604,1.);
#13604 = DIRECTION('',(-1.,-0.));
#13605 = ( GEOMETRIC_REPRESENTATION_CONTEXT(2) 
PARAMETRIC_REPRESENTATION_CONTEXT() REPRESENTATION_CONTEXT('2D SPACE',''
  ) );
#13606 = ORIENTED_EDGE('',*,*,#13411,.T.);
#13607 = ORIENTED_EDGE('',*,*,#13468,.F.);
#13608 = ADVANCED_FACE('',(#13609),#10167,.T.);
#13609 = FACE_BOUND('',#13610,.T.);
#13610 = EDGE_LOOP('',(#13611,#13646,#13665,#13666,#13667,#13668,#13669,
    #13670));
#13611 = ORIENTED_EDGE('',*,*,#13612,.T.);
#13612 = EDGE_CURVE('',#13613,#13615,#13617,.T.);
#13613 = VERTEX_POINT('',#13614);
#13614 = CARTESIAN_POINT('',(-0.2,15.648489846928,-8.E-02));
#13615 = VERTEX_POINT('',#13616);
#13616 = CARTESIAN_POINT('',(-0.2,20.351510153072,-8.E-02));
#13617 = SURFACE_CURVE('',#13618,(#13623,#13630),.PCURVE_S1.);
#13618 = CIRCLE('',#13619,6.);
#13619 = AXIS2_PLACEMENT_3D('',#13620,#13621,#13622);
#13620 = CARTESIAN_POINT('',(-0.2,18.,-5.6));
#13621 = DIRECTION('',(-1.,0.,0.));
#13622 = DIRECTION('',(0.,-0.391918358845,0.92));
#13623 = PCURVE('',#10167,#13624);
#13624 = DEFINITIONAL_REPRESENTATION('',(#13625),#13629);
#13625 = LINE('',#13626,#13627);
#13626 = CARTESIAN_POINT('',(6.68590114876,5.5));
#13627 = VECTOR('',#13628,1.);
#13628 = DIRECTION('',(-1.,-0.));
#13629 = ( GEOMETRIC_REPRESENTATION_CONTEXT(2) 
PARAMETRIC_REPRESENTATION_CONTEXT() REPRESENTATION_CONTEXT('2D SPACE',''
  ) );
#13630 = PCURVE('',#13631,#13636);
#13631 = PLANE('',#13632);
#13632 = AXIS2_PLACEMENT_3D('',#13633,#13634,#13635);
#13633 = CARTESIAN_POINT('',(-0.2,18.,-5.6));
#13634 = DIRECTION('',(1.,0.,0.));
#13635 = DIRECTION('',(-0.,0.,1.));
#13636 = DEFINITIONAL_REPRESENTATION('',(#13637),#13645);
#13637 = ( BOUNDED_CURVE() B_SPLINE_CURVE(2,(#13638,#13639,#13640,#13641
    ,#13642,#13643,#13644),.UNSPECIFIED.,.T.,.F.) 
B_SPLINE_CURVE_WITH_KNOTS((1,2,2,2,2,1),(-2.094395102393,0.,
    2.094395102393,4.188790204786,6.28318530718,8.377580409573),
.UNSPECIFIED.) CURVE() GEOMETRIC_REPRESENTATION_ITEM() 
RATIONAL_B_SPLINE_CURVE((1.,0.5,1.,0.5,1.,0.5,1.)) REPRESENTATION_ITEM(
  '') );
#13638 = CARTESIAN_POINT('',(5.52,2.351510153072));
#13639 = CARTESIAN_POINT('',(9.592935059635,-7.209410304708));
#13640 = CARTESIAN_POINT('',(-0.723532470183,-5.956215305426));
#13641 = CARTESIAN_POINT('',(-11.04,-4.703020306144));
#13642 = CARTESIAN_POINT('',(-4.796467529817,3.604705152354));
#13643 = CARTESIAN_POINT('',(1.447064940365,11.912430610852));
#13644 = CARTESIAN_POINT('',(5.52,2.351510153072));
#13645 = ( GEOMETRIC_REPRESENTATION_CONTEXT(2) 
PARAMETRIC_REPRESENTATION_CONTEXT() REPRESENTATION_CONTEXT('2D SPACE',''
  ) );
#13646 = ORIENTED_EDGE('',*,*,#13647,.F.);
#13647 = EDGE_CURVE('',#10497,#13615,#13648,.T.);
#13648 = SURFACE_CURVE('',#13649,(#13653,#13659),.PCURVE_S1.);
#13649 = LINE('',#13650,#13651);
#13650 = CARTESIAN_POINT('',(-5.7,20.351510153072,-8.E-02));
#13651 = VECTOR('',#13652,1.);
#13652 = DIRECTION('',(1.,0.,0.));
#13653 = PCURVE('',#10167,#13654);
#13654 = DEFINITIONAL_REPRESENTATION('',(#13655),#13658);
#13655 = B_SPLINE_CURVE_WITH_KNOTS('',1,(#13656,#13657),.UNSPECIFIED.,
  .F.,.F.,(2,2),(3.,5.5),.PIECEWISE_BEZIER_KNOTS.);
#13656 = CARTESIAN_POINT('',(5.880469465599,3.));
#13657 = CARTESIAN_POINT('',(5.880469465599,5.5));
#13658 = ( GEOMETRIC_REPRESENTATION_CONTEXT(2) 
PARAMETRIC_REPRESENTATION_CONTEXT() REPRESENTATION_CONTEXT('2D SPACE',''
  ) );
#13659 = PCURVE('',#10321,#13660);
#13660 = DEFINITIONAL_REPRESENTATION('',(#13661),#13664);
#13661 = B_SPLINE_CURVE_WITH_KNOTS('',1,(#13662,#13663),.UNSPECIFIED.,
  .F.,.F.,(2,2),(2.39,5.5000006),.PIECEWISE_BEZIER_KNOTS.);
#13662 = CARTESIAN_POINT('',(-1.01,8.851510153072));
#13663 = CARTESIAN_POINT('',(2.1000006,8.851510153072));
#13664 = ( GEOMETRIC_REPRESENTATION_CONTEXT(2) 
PARAMETRIC_REPRESENTATION_CONTEXT() REPRESENTATION_CONTEXT('2D SPACE',''
  ) );
#13665 = ORIENTED_EDGE('',*,*,#10496,.T.);
#13666 = ORIENTED_EDGE('',*,*,#13390,.T.);
#13667 = ORIENTED_EDGE('',*,*,#13581,.F.);
#13668 = ORIENTED_EDGE('',*,*,#10152,.F.);
#13669 = ORIENTED_EDGE('',*,*,#10332,.T.);
#13670 = ORIENTED_EDGE('',*,*,#13671,.T.);
#13671 = EDGE_CURVE('',#10307,#13613,#13672,.T.);
#13672 = SURFACE_CURVE('',#13673,(#13677,#13683),.PCURVE_S1.);
#13673 = LINE('',#13674,#13675);
#13674 = CARTESIAN_POINT('',(-5.7,15.648489846928,-8.E-02));
#13675 = VECTOR('',#13676,1.);
#13676 = DIRECTION('',(1.,0.,0.));
#13677 = PCURVE('',#10167,#13678);
#13678 = DEFINITIONAL_REPRESENTATION('',(#13679),#13682);
#13679 = B_SPLINE_CURVE_WITH_KNOTS('',1,(#13680,#13681),.UNSPECIFIED.,
  .F.,.F.,(2,2),(3.,5.5),.PIECEWISE_BEZIER_KNOTS.);
#13680 = CARTESIAN_POINT('',(6.68590114876,3.));
#13681 = CARTESIAN_POINT('',(6.68590114876,5.5));
#13682 = ( GEOMETRIC_REPRESENTATION_CONTEXT(2) 
PARAMETRIC_REPRESENTATION_CONTEXT() REPRESENTATION_CONTEXT('2D SPACE',''
  ) );
#13683 = PCURVE('',#10321,#13684);
#13684 = DEFINITIONAL_REPRESENTATION('',(#13685),#13688);
#13685 = B_SPLINE_CURVE_WITH_KNOTS('',1,(#13686,#13687),.UNSPECIFIED.,
  .F.,.F.,(2,2),(2.39,5.5000006),.PIECEWISE_BEZIER_KNOTS.);
#13686 = CARTESIAN_POINT('',(-1.01,4.148489846928));
#13687 = CARTESIAN_POINT('',(2.1000006,4.148489846928));
#13688 = ( GEOMETRIC_REPRESENTATION_CONTEXT(2) 
PARAMETRIC_REPRESENTATION_CONTEXT() REPRESENTATION_CONTEXT('2D SPACE',''
  ) );
#13689 = ADVANCED_FACE('',(#13690),#10321,.T.);
#13690 = FACE_BOUND('',#13691,.T.);
#13691 = EDGE_LOOP('',(#13692,#13722,#13751,#13779,#13801,#13802,#13803,
    #13822,#13823,#13824,#13848,#13876));
#13692 = ORIENTED_EDGE('',*,*,#13693,.T.);
#13693 = EDGE_CURVE('',#13694,#13696,#13698,.T.);
#13694 = VERTEX_POINT('',#13695);
#13695 = CARTESIAN_POINT('',(3.4,12.2,-8.E-02));
#13696 = VERTEX_POINT('',#13697);
#13697 = CARTESIAN_POINT('',(3.4,27.8,-8.E-02));
#13698 = SURFACE_CURVE('',#13699,(#13703,#13710),.PCURVE_S1.);
#13699 = LINE('',#13700,#13701);
#13700 = CARTESIAN_POINT('',(3.4,12.2,-8.E-02));
#13701 = VECTOR('',#13702,1.);
#13702 = DIRECTION('',(0.,1.,0.));
#13703 = PCURVE('',#10321,#13704);
#13704 = DEFINITIONAL_REPRESENTATION('',(#13705),#13709);
#13705 = LINE('',#13706,#13707);
#13706 = CARTESIAN_POINT('',(5.7,0.7));
#13707 = VECTOR('',#13708,1.);
#13708 = DIRECTION('',(0.,1.));
#13709 = ( GEOMETRIC_REPRESENTATION_CONTEXT(2) 
PARAMETRIC_REPRESENTATION_CONTEXT() REPRESENTATION_CONTEXT('2D SPACE',''
  ) );
#13710 = PCURVE('',#13711,#13716);
#13711 = PLANE('',#13712);
#13712 = AXIS2_PLACEMENT_3D('',#13713,#13714,#13715);
#13713 = CARTESIAN_POINT('',(3.4,12.2,-1.));
#13714 = DIRECTION('',(1.,0.,0.));
#13715 = DIRECTION('',(0.,0.,1.));
#13716 = DEFINITIONAL_REPRESENTATION('',(#13717),#13721);
#13717 = LINE('',#13718,#13719);
#13718 = CARTESIAN_POINT('',(0.92,0.));
#13719 = VECTOR('',#13720,1.);
#13720 = DIRECTION('',(0.,-1.));
#13721 = ( GEOMETRIC_REPRESENTATION_CONTEXT(2) 
PARAMETRIC_REPRESENTATION_CONTEXT() REPRESENTATION_CONTEXT('2D SPACE',''
  ) );
#13722 = ORIENTED_EDGE('',*,*,#13723,.T.);
#13723 = EDGE_CURVE('',#13696,#13724,#13726,.T.);
#13724 = VERTEX_POINT('',#13725);
#13725 = CARTESIAN_POINT('',(2.7,28.5,-8.E-02));
#13726 = SURFACE_CURVE('',#13727,(#13732,#13739),.PCURVE_S1.);
#13727 = CIRCLE('',#13728,0.7);
#13728 = AXIS2_PLACEMENT_3D('',#13729,#13730,#13731);
#13729 = CARTESIAN_POINT('',(2.7,27.8,-8.E-02));
#13730 = DIRECTION('',(0.,0.,1.));
#13731 = DIRECTION('',(1.,0.,0.));
#13732 = PCURVE('',#10321,#13733);
#13733 = DEFINITIONAL_REPRESENTATION('',(#13734),#13738);
#13734 = CIRCLE('',#13735,0.7);
#13735 = AXIS2_PLACEMENT_2D('',#13736,#13737);
#13736 = CARTESIAN_POINT('',(5.,16.3));
#13737 = DIRECTION('',(1.,0.));
#13738 = ( GEOMETRIC_REPRESENTATION_CONTEXT(2) 
PARAMETRIC_REPRESENTATION_CONTEXT() REPRESENTATION_CONTEXT('2D SPACE',''
  ) );
#13739 = PCURVE('',#13740,#13745);
#13740 = CYLINDRICAL_SURFACE('',#13741,0.7);
#13741 = AXIS2_PLACEMENT_3D('',#13742,#13743,#13744);
#13742 = CARTESIAN_POINT('',(2.7,27.8,-1.));
#13743 = DIRECTION('',(-0.,-0.,-1.));
#13744 = DIRECTION('',(1.,0.,0.));
#13745 = DEFINITIONAL_REPRESENTATION('',(#13746),#13750);
#13746 = LINE('',#13747,#13748);
#13747 = CARTESIAN_POINT('',(-0.,-0.92));
#13748 = VECTOR('',#13749,1.);
#13749 = DIRECTION('',(-1.,0.));
#13750 = ( GEOMETRIC_REPRESENTATION_CONTEXT(2) 
PARAMETRIC_REPRESENTATION_CONTEXT() REPRESENTATION_CONTEXT('2D SPACE',''
  ) );
#13751 = ORIENTED_EDGE('',*,*,#13752,.F.);
#13752 = EDGE_CURVE('',#13753,#13724,#13755,.T.);
#13753 = VERTEX_POINT('',#13754);
#13754 = CARTESIAN_POINT('',(-2.3,28.5,-8.E-02));
#13755 = SURFACE_CURVE('',#13756,(#13760,#13767),.PCURVE_S1.);
#13756 = LINE('',#13757,#13758);
#13757 = CARTESIAN_POINT('',(-2.3,28.5,-8.E-02));
#13758 = VECTOR('',#13759,1.);
#13759 = DIRECTION('',(1.,0.,0.));
#13760 = PCURVE('',#10321,#13761);
#13761 = DEFINITIONAL_REPRESENTATION('',(#13762),#13766);
#13762 = LINE('',#13763,#13764);
#13763 = CARTESIAN_POINT('',(0.,17.));
#13764 = VECTOR('',#13765,1.);
#13765 = DIRECTION('',(1.,0.));
#13766 = ( GEOMETRIC_REPRESENTATION_CONTEXT(2) 
PARAMETRIC_REPRESENTATION_CONTEXT() REPRESENTATION_CONTEXT('2D SPACE',''
  ) );
#13767 = PCURVE('',#13768,#13773);
#13768 = PLANE('',#13769);
#13769 = AXIS2_PLACEMENT_3D('',#13770,#13771,#13772);
#13770 = CARTESIAN_POINT('',(-2.3,28.5,-1.));
#13771 = DIRECTION('',(0.,1.,0.));
#13772 = DIRECTION('',(0.,0.,1.));
#13773 = DEFINITIONAL_REPRESENTATION('',(#13774),#13778);
#13774 = LINE('',#13775,#13776);
#13775 = CARTESIAN_POINT('',(0.92,0.));
#13776 = VECTOR('',#13777,1.);
#13777 = DIRECTION('',(0.,1.));
#13778 = ( GEOMETRIC_REPRESENTATION_CONTEXT(2) 
PARAMETRIC_REPRESENTATION_CONTEXT() REPRESENTATION_CONTEXT('2D SPACE',''
  ) );
#13779 = ORIENTED_EDGE('',*,*,#13780,.T.);
#13780 = EDGE_CURVE('',#13753,#10520,#13781,.T.);
#13781 = SURFACE_CURVE('',#13782,(#13787,#13794),.PCURVE_S1.);
#13782 = CIRCLE('',#13783,0.7);
#13783 = AXIS2_PLACEMENT_3D('',#13784,#13785,#13786);
#13784 = CARTESIAN_POINT('',(-2.3,27.8,-8.E-02));
#13785 = DIRECTION('',(0.,0.,1.));
#13786 = DIRECTION('',(1.,0.,0.));
#13787 = PCURVE('',#10321,#13788);
#13788 = DEFINITIONAL_REPRESENTATION('',(#13789),#13793);
#13789 = CIRCLE('',#13790,0.7);
#13790 = AXIS2_PLACEMENT_2D('',#13791,#13792);
#13791 = CARTESIAN_POINT('',(0.,16.3));
#13792 = DIRECTION('',(1.,0.));
#13793 = ( GEOMETRIC_REPRESENTATION_CONTEXT(2) 
PARAMETRIC_REPRESENTATION_CONTEXT() REPRESENTATION_CONTEXT('2D SPACE',''
  ) );
#13794 = PCURVE('',#10555,#13795);
#13795 = DEFINITIONAL_REPRESENTATION('',(#13796),#13800);
#13796 = LINE('',#13797,#13798);
#13797 = CARTESIAN_POINT('',(-0.,-0.92));
#13798 = VECTOR('',#13799,1.);
#13799 = DIRECTION('',(-1.,0.));
#13800 = ( GEOMETRIC_REPRESENTATION_CONTEXT(2) 
PARAMETRIC_REPRESENTATION_CONTEXT() REPRESENTATION_CONTEXT('2D SPACE',''
  ) );
#13801 = ORIENTED_EDGE('',*,*,#10519,.T.);
#13802 = ORIENTED_EDGE('',*,*,#13647,.T.);
#13803 = ORIENTED_EDGE('',*,*,#13804,.F.);
#13804 = EDGE_CURVE('',#13613,#13615,#13805,.T.);
#13805 = SURFACE_CURVE('',#13806,(#13810,#13816),.PCURVE_S1.);
#13806 = LINE('',#13807,#13808);
#13807 = CARTESIAN_POINT('',(-0.2,14.75,-8.E-02));
#13808 = VECTOR('',#13809,1.);
#13809 = DIRECTION('',(0.,1.,0.));
#13810 = PCURVE('',#10321,#13811);
#13811 = DEFINITIONAL_REPRESENTATION('',(#13812),#13815);
#13812 = B_SPLINE_CURVE_WITH_KNOTS('',1,(#13813,#13814),.UNSPECIFIED.,
  .F.,.F.,(2,2),(-2.75,9.25),.PIECEWISE_BEZIER_KNOTS.);
#13813 = CARTESIAN_POINT('',(2.1,0.5));
#13814 = CARTESIAN_POINT('',(2.1,12.5));
#13815 = ( GEOMETRIC_REPRESENTATION_CONTEXT(2) 
PARAMETRIC_REPRESENTATION_CONTEXT() REPRESENTATION_CONTEXT('2D SPACE',''
  ) );
#13816 = PCURVE('',#13631,#13817);
#13817 = DEFINITIONAL_REPRESENTATION('',(#13818),#13821);
#13818 = B_SPLINE_CURVE_WITH_KNOTS('',1,(#13819,#13820),.UNSPECIFIED.,
  .F.,.F.,(2,2),(-2.75,9.25),.PIECEWISE_BEZIER_KNOTS.);
#13819 = CARTESIAN_POINT('',(5.52,6.));
#13820 = CARTESIAN_POINT('',(5.52,-6.));
#13821 = ( GEOMETRIC_REPRESENTATION_CONTEXT(2) 
PARAMETRIC_REPRESENTATION_CONTEXT() REPRESENTATION_CONTEXT('2D SPACE',''
  ) );
#13822 = ORIENTED_EDGE('',*,*,#13671,.F.);
#13823 = ORIENTED_EDGE('',*,*,#10306,.T.);
#13824 = ORIENTED_EDGE('',*,*,#13825,.T.);
#13825 = EDGE_CURVE('',#10281,#13826,#13828,.T.);
#13826 = VERTEX_POINT('',#13827);
#13827 = CARTESIAN_POINT('',(-2.3,11.5,-8.E-02));
#13828 = SURFACE_CURVE('',#13829,(#13834,#13841),.PCURVE_S1.);
#13829 = CIRCLE('',#13830,0.7);
#13830 = AXIS2_PLACEMENT_3D('',#13831,#13832,#13833);
#13831 = CARTESIAN_POINT('',(-2.3,12.2,-8.E-02));
#13832 = DIRECTION('',(0.,0.,1.));
#13833 = DIRECTION('',(1.,0.,0.));
#13834 = PCURVE('',#10321,#13835);
#13835 = DEFINITIONAL_REPRESENTATION('',(#13836),#13840);
#13836 = CIRCLE('',#13837,0.7);
#13837 = AXIS2_PLACEMENT_2D('',#13838,#13839);
#13838 = CARTESIAN_POINT('',(0.,0.7));
#13839 = DIRECTION('',(1.,0.));
#13840 = ( GEOMETRIC_REPRESENTATION_CONTEXT(2) 
PARAMETRIC_REPRESENTATION_CONTEXT() REPRESENTATION_CONTEXT('2D SPACE',''
  ) );
#13841 = PCURVE('',#10295,#13842);
#13842 = DEFINITIONAL_REPRESENTATION('',(#13843),#13847);
#13843 = LINE('',#13844,#13845);
#13844 = CARTESIAN_POINT('',(-0.,-0.92));
#13845 = VECTOR('',#13846,1.);
#13846 = DIRECTION('',(-1.,0.));
#13847 = ( GEOMETRIC_REPRESENTATION_CONTEXT(2) 
PARAMETRIC_REPRESENTATION_CONTEXT() REPRESENTATION_CONTEXT('2D SPACE',''
  ) );
#13848 = ORIENTED_EDGE('',*,*,#13849,.T.);
#13849 = EDGE_CURVE('',#13826,#13850,#13852,.T.);
#13850 = VERTEX_POINT('',#13851);
#13851 = CARTESIAN_POINT('',(2.7,11.5,-8.E-02));
#13852 = SURFACE_CURVE('',#13853,(#13857,#13864),.PCURVE_S1.);
#13853 = LINE('',#13854,#13855);
#13854 = CARTESIAN_POINT('',(-2.3,11.5,-8.E-02));
#13855 = VECTOR('',#13856,1.);
#13856 = DIRECTION('',(1.,0.,0.));
#13857 = PCURVE('',#10321,#13858);
#13858 = DEFINITIONAL_REPRESENTATION('',(#13859),#13863);
#13859 = LINE('',#13860,#13861);
#13860 = CARTESIAN_POINT('',(0.,0.));
#13861 = VECTOR('',#13862,1.);
#13862 = DIRECTION('',(1.,0.));
#13863 = ( GEOMETRIC_REPRESENTATION_CONTEXT(2) 
PARAMETRIC_REPRESENTATION_CONTEXT() REPRESENTATION_CONTEXT('2D SPACE',''
  ) );
#13864 = PCURVE('',#13865,#13870);
#13865 = PLANE('',#13866);
#13866 = AXIS2_PLACEMENT_3D('',#13867,#13868,#13869);
#13867 = CARTESIAN_POINT('',(-2.3,11.5,-1.));
#13868 = DIRECTION('',(0.,1.,0.));
#13869 = DIRECTION('',(0.,0.,1.));
#13870 = DEFINITIONAL_REPRESENTATION('',(#13871),#13875);
#13871 = LINE('',#13872,#13873);
#13872 = CARTESIAN_POINT('',(0.92,0.));
#13873 = VECTOR('',#13874,1.);
#13874 = DIRECTION('',(0.,1.));
#13875 = ( GEOMETRIC_REPRESENTATION_CONTEXT(2) 
PARAMETRIC_REPRESENTATION_CONTEXT() REPRESENTATION_CONTEXT('2D SPACE',''
  ) );
#13876 = ORIENTED_EDGE('',*,*,#13877,.T.);
#13877 = EDGE_CURVE('',#13850,#13694,#13878,.T.);
#13878 = SURFACE_CURVE('',#13879,(#13884,#13891),.PCURVE_S1.);
#13879 = CIRCLE('',#13880,0.7);
#13880 = AXIS2_PLACEMENT_3D('',#13881,#13882,#13883);
#13881 = CARTESIAN_POINT('',(2.7,12.2,-8.E-02));
#13882 = DIRECTION('',(0.,0.,1.));
#13883 = DIRECTION('',(1.,0.,0.));
#13884 = PCURVE('',#10321,#13885);
#13885 = DEFINITIONAL_REPRESENTATION('',(#13886),#13890);
#13886 = CIRCLE('',#13887,0.7);
#13887 = AXIS2_PLACEMENT_2D('',#13888,#13889);
#13888 = CARTESIAN_POINT('',(5.,0.7));
#13889 = DIRECTION('',(1.,0.));
#13890 = ( GEOMETRIC_REPRESENTATION_CONTEXT(2) 
PARAMETRIC_REPRESENTATION_CONTEXT() REPRESENTATION_CONTEXT('2D SPACE',''
  ) );
#13891 = PCURVE('',#13892,#13897);
#13892 = CYLINDRICAL_SURFACE('',#13893,0.7);
#13893 = AXIS2_PLACEMENT_3D('',#13894,#13895,#13896);
#13894 = CARTESIAN_POINT('',(2.7,12.2,-1.));
#13895 = DIRECTION('',(-0.,-0.,-1.));
#13896 = DIRECTION('',(1.,0.,0.));
#13897 = DEFINITIONAL_REPRESENTATION('',(#13898),#13902);
#13898 = LINE('',#13899,#13900);
#13899 = CARTESIAN_POINT('',(-0.,-0.92));
#13900 = VECTOR('',#13901,1.);
#13901 = DIRECTION('',(-1.,0.));
#13902 = ( GEOMETRIC_REPRESENTATION_CONTEXT(2) 
PARAMETRIC_REPRESENTATION_CONTEXT() REPRESENTATION_CONTEXT('2D SPACE',''
  ) );
#13903 = ADVANCED_FACE('',(#13904),#10295,.T.);
#13904 = FACE_BOUND('',#13905,.F.);
#13905 = EDGE_LOOP('',(#13906,#13930,#13931,#13932));
#13906 = ORIENTED_EDGE('',*,*,#13907,.F.);
#13907 = EDGE_CURVE('',#10255,#13908,#13910,.T.);
#13908 = VERTEX_POINT('',#13909);
#13909 = CARTESIAN_POINT('',(-2.3,11.5,-1.));
#13910 = SURFACE_CURVE('',#13911,(#13916,#13923),.PCURVE_S1.);
#13911 = CIRCLE('',#13912,0.7);
#13912 = AXIS2_PLACEMENT_3D('',#13913,#13914,#13915);
#13913 = CARTESIAN_POINT('',(-2.3,12.2,-1.));
#13914 = DIRECTION('',(0.,0.,1.));
#13915 = DIRECTION('',(1.,0.,0.));
#13916 = PCURVE('',#10295,#13917);
#13917 = DEFINITIONAL_REPRESENTATION('',(#13918),#13922);
#13918 = LINE('',#13919,#13920);
#13919 = CARTESIAN_POINT('',(-0.,0.));
#13920 = VECTOR('',#13921,1.);
#13921 = DIRECTION('',(-1.,0.));
#13922 = ( GEOMETRIC_REPRESENTATION_CONTEXT(2) 
PARAMETRIC_REPRESENTATION_CONTEXT() REPRESENTATION_CONTEXT('2D SPACE',''
  ) );
#13923 = PCURVE('',#10269,#13924);
#13924 = DEFINITIONAL_REPRESENTATION('',(#13925),#13929);
#13925 = CIRCLE('',#13926,0.7);
#13926 = AXIS2_PLACEMENT_2D('',#13927,#13928);
#13927 = CARTESIAN_POINT('',(0.,0.));
#13928 = DIRECTION('',(1.,0.));
#13929 = ( GEOMETRIC_REPRESENTATION_CONTEXT(2) 
PARAMETRIC_REPRESENTATION_CONTEXT() REPRESENTATION_CONTEXT('2D SPACE',''
  ) );
#13930 = ORIENTED_EDGE('',*,*,#10280,.F.);
#13931 = ORIENTED_EDGE('',*,*,#13825,.T.);
#13932 = ORIENTED_EDGE('',*,*,#13933,.F.);
#13933 = EDGE_CURVE('',#13908,#13826,#13934,.T.);
#13934 = SURFACE_CURVE('',#13935,(#13939,#13946),.PCURVE_S1.);
#13935 = LINE('',#13936,#13937);
#13936 = CARTESIAN_POINT('',(-2.3,11.5,-1.));
#13937 = VECTOR('',#13938,1.);
#13938 = DIRECTION('',(0.,0.,1.));
#13939 = PCURVE('',#10295,#13940);
#13940 = DEFINITIONAL_REPRESENTATION('',(#13941),#13945);
#13941 = LINE('',#13942,#13943);
#13942 = CARTESIAN_POINT('',(-4.712388980385,0.));
#13943 = VECTOR('',#13944,1.);
#13944 = DIRECTION('',(-0.,-1.));
#13945 = ( GEOMETRIC_REPRESENTATION_CONTEXT(2) 
PARAMETRIC_REPRESENTATION_CONTEXT() REPRESENTATION_CONTEXT('2D SPACE',''
  ) );
#13946 = PCURVE('',#13865,#13947);
#13947 = DEFINITIONAL_REPRESENTATION('',(#13948),#13952);
#13948 = LINE('',#13949,#13950);
#13949 = CARTESIAN_POINT('',(0.,0.));
#13950 = VECTOR('',#13951,1.);
#13951 = DIRECTION('',(1.,0.));
#13952 = ( GEOMETRIC_REPRESENTATION_CONTEXT(2) 
PARAMETRIC_REPRESENTATION_CONTEXT() REPRESENTATION_CONTEXT('2D SPACE',''
  ) );
#13953 = ADVANCED_FACE('',(#13954),#10269,.F.);
#13954 = FACE_BOUND('',#13955,.F.);
#13955 = EDGE_LOOP('',(#13956,#13981,#14005,#14028,#14050,#14051,#14052,
    #14053,#14054,#14055,#14056,#14079));
#13956 = ORIENTED_EDGE('',*,*,#13957,.T.);
#13957 = EDGE_CURVE('',#13958,#13960,#13962,.T.);
#13958 = VERTEX_POINT('',#13959);
#13959 = CARTESIAN_POINT('',(3.4,12.2,-1.));
#13960 = VERTEX_POINT('',#13961);
#13961 = CARTESIAN_POINT('',(3.4,27.8,-1.));
#13962 = SURFACE_CURVE('',#13963,(#13967,#13974),.PCURVE_S1.);
#13963 = LINE('',#13964,#13965);
#13964 = CARTESIAN_POINT('',(3.4,12.2,-1.));
#13965 = VECTOR('',#13966,1.);
#13966 = DIRECTION('',(0.,1.,0.));
#13967 = PCURVE('',#10269,#13968);
#13968 = DEFINITIONAL_REPRESENTATION('',(#13969),#13973);
#13969 = LINE('',#13970,#13971);
#13970 = CARTESIAN_POINT('',(5.7,0.));
#13971 = VECTOR('',#13972,1.);
#13972 = DIRECTION('',(0.,1.));
#13973 = ( GEOMETRIC_REPRESENTATION_CONTEXT(2) 
PARAMETRIC_REPRESENTATION_CONTEXT() REPRESENTATION_CONTEXT('2D SPACE',''
  ) );
#13974 = PCURVE('',#13711,#13975);
#13975 = DEFINITIONAL_REPRESENTATION('',(#13976),#13980);
#13976 = LINE('',#13977,#13978);
#13977 = CARTESIAN_POINT('',(0.,0.));
#13978 = VECTOR('',#13979,1.);
#13979 = DIRECTION('',(0.,-1.));
#13980 = ( GEOMETRIC_REPRESENTATION_CONTEXT(2) 
PARAMETRIC_REPRESENTATION_CONTEXT() REPRESENTATION_CONTEXT('2D SPACE',''
  ) );
#13981 = ORIENTED_EDGE('',*,*,#13982,.T.);
#13982 = EDGE_CURVE('',#13960,#13983,#13985,.T.);
#13983 = VERTEX_POINT('',#13984);
#13984 = CARTESIAN_POINT('',(2.7,28.5,-1.));
#13985 = SURFACE_CURVE('',#13986,(#13991,#13998),.PCURVE_S1.);
#13986 = CIRCLE('',#13987,0.7);
#13987 = AXIS2_PLACEMENT_3D('',#13988,#13989,#13990);
#13988 = CARTESIAN_POINT('',(2.7,27.8,-1.));
#13989 = DIRECTION('',(0.,0.,1.));
#13990 = DIRECTION('',(1.,0.,0.));
#13991 = PCURVE('',#10269,#13992);
#13992 = DEFINITIONAL_REPRESENTATION('',(#13993),#13997);
#13993 = CIRCLE('',#13994,0.7);
#13994 = AXIS2_PLACEMENT_2D('',#13995,#13996);
#13995 = CARTESIAN_POINT('',(5.,15.6));
#13996 = DIRECTION('',(1.,0.));
#13997 = ( GEOMETRIC_REPRESENTATION_CONTEXT(2) 
PARAMETRIC_REPRESENTATION_CONTEXT() REPRESENTATION_CONTEXT('2D SPACE',''
  ) );
#13998 = PCURVE('',#13740,#13999);
#13999 = DEFINITIONAL_REPRESENTATION('',(#14000),#14004);
#14000 = LINE('',#14001,#14002);
#14001 = CARTESIAN_POINT('',(-0.,0.));
#14002 = VECTOR('',#14003,1.);
#14003 = DIRECTION('',(-1.,0.));
#14004 = ( GEOMETRIC_REPRESENTATION_CONTEXT(2) 
PARAMETRIC_REPRESENTATION_CONTEXT() REPRESENTATION_CONTEXT('2D SPACE',''
  ) );
#14005 = ORIENTED_EDGE('',*,*,#14006,.F.);
#14006 = EDGE_CURVE('',#14007,#13983,#14009,.T.);
#14007 = VERTEX_POINT('',#14008);
#14008 = CARTESIAN_POINT('',(-2.3,28.5,-1.));
#14009 = SURFACE_CURVE('',#14010,(#14014,#14021),.PCURVE_S1.);
#14010 = LINE('',#14011,#14012);
#14011 = CARTESIAN_POINT('',(-2.3,28.5,-1.));
#14012 = VECTOR('',#14013,1.);
#14013 = DIRECTION('',(1.,0.,0.));
#14014 = PCURVE('',#10269,#14015);
#14015 = DEFINITIONAL_REPRESENTATION('',(#14016),#14020);
#14016 = LINE('',#14017,#14018);
#14017 = CARTESIAN_POINT('',(0.,16.3));
#14018 = VECTOR('',#14019,1.);
#14019 = DIRECTION('',(1.,0.));
#14020 = ( GEOMETRIC_REPRESENTATION_CONTEXT(2) 
PARAMETRIC_REPRESENTATION_CONTEXT() REPRESENTATION_CONTEXT('2D SPACE',''
  ) );
#14021 = PCURVE('',#13768,#14022);
#14022 = DEFINITIONAL_REPRESENTATION('',(#14023),#14027);
#14023 = LINE('',#14024,#14025);
#14024 = CARTESIAN_POINT('',(0.,0.));
#14025 = VECTOR('',#14026,1.);
#14026 = DIRECTION('',(0.,1.));
#14027 = ( GEOMETRIC_REPRESENTATION_CONTEXT(2) 
PARAMETRIC_REPRESENTATION_CONTEXT() REPRESENTATION_CONTEXT('2D SPACE',''
  ) );
#14028 = ORIENTED_EDGE('',*,*,#14029,.T.);
#14029 = EDGE_CURVE('',#14007,#10541,#14030,.T.);
#14030 = SURFACE_CURVE('',#14031,(#14036,#14043),.PCURVE_S1.);
#14031 = CIRCLE('',#14032,0.7);
#14032 = AXIS2_PLACEMENT_3D('',#14033,#14034,#14035);
#14033 = CARTESIAN_POINT('',(-2.3,27.8,-1.));
#14034 = DIRECTION('',(0.,0.,1.));
#14035 = DIRECTION('',(1.,0.,0.));
#14036 = PCURVE('',#10269,#14037);
#14037 = DEFINITIONAL_REPRESENTATION('',(#14038),#14042);
#14038 = CIRCLE('',#14039,0.7);
#14039 = AXIS2_PLACEMENT_2D('',#14040,#14041);
#14040 = CARTESIAN_POINT('',(0.,15.6));
#14041 = DIRECTION('',(1.,0.));
#14042 = ( GEOMETRIC_REPRESENTATION_CONTEXT(2) 
PARAMETRIC_REPRESENTATION_CONTEXT() REPRESENTATION_CONTEXT('2D SPACE',''
  ) );
#14043 = PCURVE('',#10555,#14044);
#14044 = DEFINITIONAL_REPRESENTATION('',(#14045),#14049);
#14045 = LINE('',#14046,#14047);
#14046 = CARTESIAN_POINT('',(-0.,0.));
#14047 = VECTOR('',#14048,1.);
#14048 = DIRECTION('',(-1.,0.));
#14049 = ( GEOMETRIC_REPRESENTATION_CONTEXT(2) 
PARAMETRIC_REPRESENTATION_CONTEXT() REPRESENTATION_CONTEXT('2D SPACE',''
  ) );
#14050 = ORIENTED_EDGE('',*,*,#10566,.T.);
#14051 = ORIENTED_EDGE('',*,*,#10613,.T.);
#14052 = ORIENTED_EDGE('',*,*,#10364,.F.);
#14053 = ORIENTED_EDGE('',*,*,#10589,.F.);
#14054 = ORIENTED_EDGE('',*,*,#10254,.T.);
#14055 = ORIENTED_EDGE('',*,*,#13907,.T.);
#14056 = ORIENTED_EDGE('',*,*,#14057,.T.);
#14057 = EDGE_CURVE('',#13908,#14058,#14060,.T.);
#14058 = VERTEX_POINT('',#14059);
#14059 = CARTESIAN_POINT('',(2.7,11.5,-1.));
#14060 = SURFACE_CURVE('',#14061,(#14065,#14072),.PCURVE_S1.);
#14061 = LINE('',#14062,#14063);
#14062 = CARTESIAN_POINT('',(-2.3,11.5,-1.));
#14063 = VECTOR('',#14064,1.);
#14064 = DIRECTION('',(1.,0.,0.));
#14065 = PCURVE('',#10269,#14066);
#14066 = DEFINITIONAL_REPRESENTATION('',(#14067),#14071);
#14067 = LINE('',#14068,#14069);
#14068 = CARTESIAN_POINT('',(0.,-0.7));
#14069 = VECTOR('',#14070,1.);
#14070 = DIRECTION('',(1.,0.));
#14071 = ( GEOMETRIC_REPRESENTATION_CONTEXT(2) 
PARAMETRIC_REPRESENTATION_CONTEXT() REPRESENTATION_CONTEXT('2D SPACE',''
  ) );
#14072 = PCURVE('',#13865,#14073);
#14073 = DEFINITIONAL_REPRESENTATION('',(#14074),#14078);
#14074 = LINE('',#14075,#14076);
#14075 = CARTESIAN_POINT('',(0.,0.));
#14076 = VECTOR('',#14077,1.);
#14077 = DIRECTION('',(0.,1.));
#14078 = ( GEOMETRIC_REPRESENTATION_CONTEXT(2) 
PARAMETRIC_REPRESENTATION_CONTEXT() REPRESENTATION_CONTEXT('2D SPACE',''
  ) );
#14079 = ORIENTED_EDGE('',*,*,#14080,.T.);
#14080 = EDGE_CURVE('',#14058,#13958,#14081,.T.);
#14081 = SURFACE_CURVE('',#14082,(#14087,#14094),.PCURVE_S1.);
#14082 = CIRCLE('',#14083,0.7);
#14083 = AXIS2_PLACEMENT_3D('',#14084,#14085,#14086);
#14084 = CARTESIAN_POINT('',(2.7,12.2,-1.));
#14085 = DIRECTION('',(0.,0.,1.));
#14086 = DIRECTION('',(1.,0.,0.));
#14087 = PCURVE('',#10269,#14088);
#14088 = DEFINITIONAL_REPRESENTATION('',(#14089),#14093);
#14089 = CIRCLE('',#14090,0.7);
#14090 = AXIS2_PLACEMENT_2D('',#14091,#14092);
#14091 = CARTESIAN_POINT('',(5.,0.));
#14092 = DIRECTION('',(1.,0.));
#14093 = ( GEOMETRIC_REPRESENTATION_CONTEXT(2) 
PARAMETRIC_REPRESENTATION_CONTEXT() REPRESENTATION_CONTEXT('2D SPACE',''
  ) );
#14094 = PCURVE('',#13892,#14095);
#14095 = DEFINITIONAL_REPRESENTATION('',(#14096),#14100);
#14096 = LINE('',#14097,#14098);
#14097 = CARTESIAN_POINT('',(-0.,0.));
#14098 = VECTOR('',#14099,1.);
#14099 = DIRECTION('',(-1.,0.));
#14100 = ( GEOMETRIC_REPRESENTATION_CONTEXT(2) 
PARAMETRIC_REPRESENTATION_CONTEXT() REPRESENTATION_CONTEXT('2D SPACE',''
  ) );
#14101 = ADVANCED_FACE('',(#14102),#10555,.T.);
#14102 = FACE_BOUND('',#14103,.F.);
#14103 = EDGE_LOOP('',(#14104,#14105,#14126,#14127));
#14104 = ORIENTED_EDGE('',*,*,#14029,.F.);
#14105 = ORIENTED_EDGE('',*,*,#14106,.T.);
#14106 = EDGE_CURVE('',#14007,#13753,#14107,.T.);
#14107 = SURFACE_CURVE('',#14108,(#14112,#14119),.PCURVE_S1.);
#14108 = LINE('',#14109,#14110);
#14109 = CARTESIAN_POINT('',(-2.3,28.5,-1.));
#14110 = VECTOR('',#14111,1.);
#14111 = DIRECTION('',(0.,0.,1.));
#14112 = PCURVE('',#10555,#14113);
#14113 = DEFINITIONAL_REPRESENTATION('',(#14114),#14118);
#14114 = LINE('',#14115,#14116);
#14115 = CARTESIAN_POINT('',(-1.570796326795,0.));
#14116 = VECTOR('',#14117,1.);
#14117 = DIRECTION('',(-0.,-1.));
#14118 = ( GEOMETRIC_REPRESENTATION_CONTEXT(2) 
PARAMETRIC_REPRESENTATION_CONTEXT() REPRESENTATION_CONTEXT('2D SPACE',''
  ) );
#14119 = PCURVE('',#13768,#14120);
#14120 = DEFINITIONAL_REPRESENTATION('',(#14121),#14125);
#14121 = LINE('',#14122,#14123);
#14122 = CARTESIAN_POINT('',(0.,0.));
#14123 = VECTOR('',#14124,1.);
#14124 = DIRECTION('',(1.,0.));
#14125 = ( GEOMETRIC_REPRESENTATION_CONTEXT(2) 
PARAMETRIC_REPRESENTATION_CONTEXT() REPRESENTATION_CONTEXT('2D SPACE',''
  ) );
#14126 = ORIENTED_EDGE('',*,*,#13780,.T.);
#14127 = ORIENTED_EDGE('',*,*,#10540,.T.);
#14128 = ADVANCED_FACE('',(#14129),#10772,.F.);
#14129 = FACE_BOUND('',#14130,.F.);
#14130 = EDGE_LOOP('',(#14131,#14132,#14133,#14134));
#14131 = ORIENTED_EDGE('',*,*,#10812,.F.);
#14132 = ORIENTED_EDGE('',*,*,#10758,.T.);
#14133 = ORIENTED_EDGE('',*,*,#11010,.T.);
#14134 = ORIENTED_EDGE('',*,*,#10929,.F.);
#14135 = ADVANCED_FACE('',(#14136),#10701,.T.);
#14136 = FACE_BOUND('',#14137,.T.);
#14137 = EDGE_LOOP('',(#14138,#14139,#14140,#14141));
#14138 = ORIENTED_EDGE('',*,*,#10956,.F.);
#14139 = ORIENTED_EDGE('',*,*,#10685,.T.);
#14140 = ORIENTED_EDGE('',*,*,#10983,.T.);
#14141 = ORIENTED_EDGE('',*,*,#10861,.F.);
#14142 = ADVANCED_FACE('',(#14143,#14146),#11073,.T.);
#14143 = FACE_BOUND('',#14144,.T.);
#14144 = EDGE_LOOP('',(#14145));
#14145 = ORIENTED_EDGE('',*,*,#11058,.T.);
#14146 = FACE_BOUND('',#14147,.T.);
#14147 = EDGE_LOOP('',(#14148));
#14148 = ORIENTED_EDGE('',*,*,#14149,.T.);
#14149 = EDGE_CURVE('',#14150,#14150,#14152,.T.);
#14150 = VERTEX_POINT('',#14151);
#14151 = CARTESIAN_POINT('',(7.1,37.,-0.2));
#14152 = SURFACE_CURVE('',#14153,(#14158,#14169),.PCURVE_S1.);
#14153 = CIRCLE('',#14154,1.1);
#14154 = AXIS2_PLACEMENT_3D('',#14155,#14156,#14157);
#14155 = CARTESIAN_POINT('',(6.,37.,-0.2));
#14156 = DIRECTION('',(0.,0.,-1.));
#14157 = DIRECTION('',(1.,0.,0.));
#14158 = PCURVE('',#11073,#14159);
#14159 = DEFINITIONAL_REPRESENTATION('',(#14160),#14168);
#14160 = ( BOUNDED_CURVE() B_SPLINE_CURVE(2,(#14161,#14162,#14163,#14164
    ,#14165,#14166,#14167),.UNSPECIFIED.,.T.,.F.) 
B_SPLINE_CURVE_WITH_KNOTS((1,2,2,2,2,1),(-2.094395102393,0.,
    2.094395102393,4.188790204786,6.28318530718,8.377580409573),
.UNSPECIFIED.) CURVE() GEOMETRIC_REPRESENTATION_ITEM() 
RATIONAL_B_SPLINE_CURVE((1.,0.5,1.,0.5,1.,0.5,1.)) REPRESENTATION_ITEM(
  '') );
#14161 = CARTESIAN_POINT('',(1.1,0.));
#14162 = CARTESIAN_POINT('',(1.1,-1.905255888326));
#14163 = CARTESIAN_POINT('',(-0.55,-0.952627944163));
#14164 = CARTESIAN_POINT('',(-2.2,-2.694222958124E-16));
#14165 = CARTESIAN_POINT('',(-0.55,0.952627944163));
#14166 = CARTESIAN_POINT('',(1.1,1.905255888326));
#14167 = CARTESIAN_POINT('',(1.1,0.));
#14168 = ( GEOMETRIC_REPRESENTATION_CONTEXT(2) 
PARAMETRIC_REPRESENTATION_CONTEXT() REPRESENTATION_CONTEXT('2D SPACE',''
  ) );
#14169 = PCURVE('',#14170,#14175);
#14170 = CYLINDRICAL_SURFACE('',#14171,1.1);
#14171 = AXIS2_PLACEMENT_3D('',#14172,#14173,#14174);
#14172 = CARTESIAN_POINT('',(6.,37.,-6.3));
#14173 = DIRECTION('',(-0.,-0.,-1.));
#14174 = DIRECTION('',(1.,0.,0.));
#14175 = DEFINITIONAL_REPRESENTATION('',(#14176),#14180);
#14176 = LINE('',#14177,#14178);
#14177 = CARTESIAN_POINT('',(-6.28318530718,-6.1));
#14178 = VECTOR('',#14179,1.);
#14179 = DIRECTION('',(1.,-0.));
#14180 = ( GEOMETRIC_REPRESENTATION_CONTEXT(2) 
PARAMETRIC_REPRESENTATION_CONTEXT() REPRESENTATION_CONTEXT('2D SPACE',''
  ) );
#14181 = ADVANCED_FACE('',(#14182),#11223,.F.);
#14182 = FACE_BOUND('',#14183,.F.);
#14183 = EDGE_LOOP('',(#14184,#14185,#14186,#14187));
#14184 = ORIENTED_EDGE('',*,*,#11263,.F.);
#14185 = ORIENTED_EDGE('',*,*,#11209,.T.);
#14186 = ORIENTED_EDGE('',*,*,#11461,.T.);
#14187 = ORIENTED_EDGE('',*,*,#11407,.F.);
#14188 = ADVANCED_FACE('',(#14189),#11152,.T.);
#14189 = FACE_BOUND('',#14190,.T.);
#14190 = EDGE_LOOP('',(#14191,#14192,#14193,#14194));
#14191 = ORIENTED_EDGE('',*,*,#11312,.F.);
#14192 = ORIENTED_EDGE('',*,*,#11136,.T.);
#14193 = ORIENTED_EDGE('',*,*,#11434,.T.);
#14194 = ORIENTED_EDGE('',*,*,#11339,.F.);
#14195 = ADVANCED_FACE('',(#14196),#11619,.F.);
#14196 = FACE_BOUND('',#14197,.F.);
#14197 = EDGE_LOOP('',(#14198,#14199,#14200,#14201));
#14198 = ORIENTED_EDGE('',*,*,#11659,.F.);
#14199 = ORIENTED_EDGE('',*,*,#11605,.T.);
#14200 = ORIENTED_EDGE('',*,*,#11857,.T.);
#14201 = ORIENTED_EDGE('',*,*,#11803,.F.);
#14202 = ADVANCED_FACE('',(#14203),#11548,.T.);
#14203 = FACE_BOUND('',#14204,.T.);
#14204 = EDGE_LOOP('',(#14205,#14206,#14207,#14208));
#14205 = ORIENTED_EDGE('',*,*,#11708,.F.);
#14206 = ORIENTED_EDGE('',*,*,#11532,.T.);
#14207 = ORIENTED_EDGE('',*,*,#11830,.T.);
#14208 = ORIENTED_EDGE('',*,*,#11735,.F.);
#14209 = ADVANCED_FACE('',(#14210,#14213),#11920,.T.);
#14210 = FACE_BOUND('',#14211,.T.);
#14211 = EDGE_LOOP('',(#14212));
#14212 = ORIENTED_EDGE('',*,*,#11905,.T.);
#14213 = FACE_BOUND('',#14214,.T.);
#14214 = EDGE_LOOP('',(#14215));
#14215 = ORIENTED_EDGE('',*,*,#14216,.T.);
#14216 = EDGE_CURVE('',#14217,#14217,#14219,.T.);
#14217 = VERTEX_POINT('',#14218);
#14218 = CARTESIAN_POINT('',(55.1,37.,-0.2));
#14219 = SURFACE_CURVE('',#14220,(#14225,#14236),.PCURVE_S1.);
#14220 = CIRCLE('',#14221,1.1);
#14221 = AXIS2_PLACEMENT_3D('',#14222,#14223,#14224);
#14222 = CARTESIAN_POINT('',(54.,37.,-0.2));
#14223 = DIRECTION('',(0.,0.,-1.));
#14224 = DIRECTION('',(1.,0.,0.));
#14225 = PCURVE('',#11920,#14226);
#14226 = DEFINITIONAL_REPRESENTATION('',(#14227),#14235);
#14227 = ( BOUNDED_CURVE() B_SPLINE_CURVE(2,(#14228,#14229,#14230,#14231
    ,#14232,#14233,#14234),.UNSPECIFIED.,.T.,.F.) 
B_SPLINE_CURVE_WITH_KNOTS((1,2,2,2,2,1),(-2.094395102393,0.,
    2.094395102393,4.188790204786,6.28318530718,8.377580409573),
.UNSPECIFIED.) CURVE() GEOMETRIC_REPRESENTATION_ITEM() 
RATIONAL_B_SPLINE_CURVE((1.,0.5,1.,0.5,1.,0.5,1.)) REPRESENTATION_ITEM(
  '') );
#14228 = CARTESIAN_POINT('',(1.1,0.));
#14229 = CARTESIAN_POINT('',(1.1,-1.905255888326));
#14230 = CARTESIAN_POINT('',(-0.55,-0.952627944163));
#14231 = CARTESIAN_POINT('',(-2.2,-2.694222958124E-16));
#14232 = CARTESIAN_POINT('',(-0.55,0.952627944163));
#14233 = CARTESIAN_POINT('',(1.1,1.905255888326));
#14234 = CARTESIAN_POINT('',(1.1,0.));
#14235 = ( GEOMETRIC_REPRESENTATION_CONTEXT(2) 
PARAMETRIC_REPRESENTATION_CONTEXT() REPRESENTATION_CONTEXT('2D SPACE',''
  ) );
#14236 = PCURVE('',#14237,#14242);
#14237 = CYLINDRICAL_SURFACE('',#14238,1.1);
#14238 = AXIS2_PLACEMENT_3D('',#14239,#14240,#14241);
#14239 = CARTESIAN_POINT('',(54.,37.,-6.3));
#14240 = DIRECTION('',(-0.,-0.,-1.));
#14241 = DIRECTION('',(1.,0.,0.));
#14242 = DEFINITIONAL_REPRESENTATION('',(#14243),#14247);
#14243 = LINE('',#14244,#14245);
#14244 = CARTESIAN_POINT('',(-6.28318530718,-6.1));
#14245 = VECTOR('',#14246,1.);
#14246 = DIRECTION('',(1.,-0.));
#14247 = ( GEOMETRIC_REPRESENTATION_CONTEXT(2) 
PARAMETRIC_REPRESENTATION_CONTEXT() REPRESENTATION_CONTEXT('2D SPACE',''
  ) );
#14248 = ADVANCED_FACE('',(#14249),#12070,.F.);
#14249 = FACE_BOUND('',#14250,.F.);
#14250 = EDGE_LOOP('',(#14251,#14252,#14253,#14254));
#14251 = ORIENTED_EDGE('',*,*,#12110,.F.);
#14252 = ORIENTED_EDGE('',*,*,#12056,.T.);
#14253 = ORIENTED_EDGE('',*,*,#12308,.T.);
#14254 = ORIENTED_EDGE('',*,*,#12254,.F.);
#14255 = ADVANCED_FACE('',(#14256),#11999,.T.);
#14256 = FACE_BOUND('',#14257,.T.);
#14257 = EDGE_LOOP('',(#14258,#14259,#14260,#14261));
#14258 = ORIENTED_EDGE('',*,*,#12159,.F.);
#14259 = ORIENTED_EDGE('',*,*,#11983,.T.);
#14260 = ORIENTED_EDGE('',*,*,#12281,.T.);
#14261 = ORIENTED_EDGE('',*,*,#12186,.F.);
#14262 = ADVANCED_FACE('',(#14263),#12466,.F.);
#14263 = FACE_BOUND('',#14264,.F.);
#14264 = EDGE_LOOP('',(#14265,#14266,#14267,#14268));
#14265 = ORIENTED_EDGE('',*,*,#12506,.F.);
#14266 = ORIENTED_EDGE('',*,*,#12452,.T.);
#14267 = ORIENTED_EDGE('',*,*,#12704,.T.);
#14268 = ORIENTED_EDGE('',*,*,#12650,.F.);
#14269 = ADVANCED_FACE('',(#14270),#12395,.T.);
#14270 = FACE_BOUND('',#14271,.T.);
#14271 = EDGE_LOOP('',(#14272,#14273,#14274,#14275));
#14272 = ORIENTED_EDGE('',*,*,#12555,.F.);
#14273 = ORIENTED_EDGE('',*,*,#12379,.T.);
#14274 = ORIENTED_EDGE('',*,*,#12677,.T.);
#14275 = ORIENTED_EDGE('',*,*,#12582,.F.);
#14276 = ADVANCED_FACE('',(#14277,#14287),#12789,.T.);
#14277 = FACE_BOUND('',#14278,.T.);
#14278 = EDGE_LOOP('',(#14279,#14280,#14281,#14282,#14283,#14284,#14285,
    #14286));
#14279 = ORIENTED_EDGE('',*,*,#12775,.F.);
#14280 = ORIENTED_EDGE('',*,*,#12855,.T.);
#14281 = ORIENTED_EDGE('',*,*,#12976,.F.);
#14282 = ORIENTED_EDGE('',*,*,#13052,.T.);
#14283 = ORIENTED_EDGE('',*,*,#13103,.T.);
#14284 = ORIENTED_EDGE('',*,*,#13000,.T.);
#14285 = ORIENTED_EDGE('',*,*,#12927,.T.);
#14286 = ORIENTED_EDGE('',*,*,#12827,.T.);
#14287 = FACE_BOUND('',#14288,.T.);
#14288 = EDGE_LOOP('',(#14289,#14317,#14350,#14376,#14409,#14435,#14468,
    #14494));
#14289 = ORIENTED_EDGE('',*,*,#14290,.F.);
#14290 = EDGE_CURVE('',#14291,#14293,#14295,.T.);
#14291 = VERTEX_POINT('',#14292);
#14292 = CARTESIAN_POINT('',(41.1,95.3,-0.15));
#14293 = VERTEX_POINT('',#14294);
#14294 = CARTESIAN_POINT('',(18.9,95.3,-0.15));
#14295 = SURFACE_CURVE('',#14296,(#14300,#14306),.PCURVE_S1.);
#14296 = LINE('',#14297,#14298);
#14297 = CARTESIAN_POINT('',(18.95,95.3,-0.15));
#14298 = VECTOR('',#14299,1.);
#14299 = DIRECTION('',(-1.,0.,0.));
#14300 = PCURVE('',#12789,#14301);
#14301 = DEFINITIONAL_REPRESENTATION('',(#14302),#14305);
#14302 = B_SPLINE_CURVE_WITH_KNOTS('',1,(#14303,#14304),.UNSPECIFIED.,
  .F.,.F.,(2,2),(-22.15,5.E-02),.PIECEWISE_BEZIER_KNOTS.);
#14303 = CARTESIAN_POINT('',(22.1,52.3));
#14304 = CARTESIAN_POINT('',(-0.1,52.3));
#14305 = ( GEOMETRIC_REPRESENTATION_CONTEXT(2) 
PARAMETRIC_REPRESENTATION_CONTEXT() REPRESENTATION_CONTEXT('2D SPACE',''
  ) );
#14306 = PCURVE('',#14307,#14312);
#14307 = PLANE('',#14308);
#14308 = AXIS2_PLACEMENT_3D('',#14309,#14310,#14311);
#14309 = CARTESIAN_POINT('',(18.9,95.3,-10.3));
#14310 = DIRECTION('',(0.,1.,0.));
#14311 = DIRECTION('',(0.,0.,1.));
#14312 = DEFINITIONAL_REPRESENTATION('',(#14313),#14316);
#14313 = B_SPLINE_CURVE_WITH_KNOTS('',1,(#14314,#14315),.UNSPECIFIED.,
  .F.,.F.,(2,2),(-22.15,5.E-02),.PIECEWISE_BEZIER_KNOTS.);
#14314 = CARTESIAN_POINT('',(10.15,22.2));
#14315 = CARTESIAN_POINT('',(10.15,0.));
#14316 = ( GEOMETRIC_REPRESENTATION_CONTEXT(2) 
PARAMETRIC_REPRESENTATION_CONTEXT() REPRESENTATION_CONTEXT('2D SPACE',''
  ) );
#14317 = ORIENTED_EDGE('',*,*,#14318,.T.);
#14318 = EDGE_CURVE('',#14291,#14319,#14321,.T.);
#14319 = VERTEX_POINT('',#14320);
#14320 = CARTESIAN_POINT('',(47.3,89.1,-0.15));
#14321 = SURFACE_CURVE('',#14322,(#14327,#14338),.PCURVE_S1.);
#14322 = CIRCLE('',#14323,6.2);
#14323 = AXIS2_PLACEMENT_3D('',#14324,#14325,#14326);
#14324 = CARTESIAN_POINT('',(41.1,89.1,-0.15));
#14325 = DIRECTION('',(0.,0.,-1.));
#14326 = DIRECTION('',(1.,0.,0.));
#14327 = PCURVE('',#12789,#14328);
#14328 = DEFINITIONAL_REPRESENTATION('',(#14329),#14337);
#14329 = ( BOUNDED_CURVE() B_SPLINE_CURVE(2,(#14330,#14331,#14332,#14333
    ,#14334,#14335,#14336),.UNSPECIFIED.,.T.,.F.) 
B_SPLINE_CURVE_WITH_KNOTS((1,2,2,2,2,1),(-2.094395102393,0.,
    2.094395102393,4.188790204786,6.28318530718,8.377580409573),
.UNSPECIFIED.) CURVE() GEOMETRIC_REPRESENTATION_ITEM() 
RATIONAL_B_SPLINE_CURVE((1.,0.5,1.,0.5,1.,0.5,1.)) REPRESENTATION_ITEM(
  '') );
#14330 = CARTESIAN_POINT('',(28.3,46.1));
#14331 = CARTESIAN_POINT('',(28.3,35.361284993073));
#14332 = CARTESIAN_POINT('',(19.,40.730642496536));
#14333 = CARTESIAN_POINT('',(9.7,46.1));
#14334 = CARTESIAN_POINT('',(19.,51.469357503464));
#14335 = CARTESIAN_POINT('',(28.3,56.838715006927));
#14336 = CARTESIAN_POINT('',(28.3,46.1));
#14337 = ( GEOMETRIC_REPRESENTATION_CONTEXT(2) 
PARAMETRIC_REPRESENTATION_CONTEXT() REPRESENTATION_CONTEXT('2D SPACE',''
  ) );
#14338 = PCURVE('',#14339,#14344);
#14339 = CYLINDRICAL_SURFACE('',#14340,6.2);
#14340 = AXIS2_PLACEMENT_3D('',#14341,#14342,#14343);
#14341 = CARTESIAN_POINT('',(41.1,89.1,-10.3));
#14342 = DIRECTION('',(-0.,-0.,-1.));
#14343 = DIRECTION('',(1.,0.,0.));
#14344 = DEFINITIONAL_REPRESENTATION('',(#14345),#14349);
#14345 = LINE('',#14346,#14347);
#14346 = CARTESIAN_POINT('',(-6.28318530718,-10.15));
#14347 = VECTOR('',#14348,1.);
#14348 = DIRECTION('',(1.,-0.));
#14349 = ( GEOMETRIC_REPRESENTATION_CONTEXT(2) 
PARAMETRIC_REPRESENTATION_CONTEXT() REPRESENTATION_CONTEXT('2D SPACE',''
  ) );
#14350 = ORIENTED_EDGE('',*,*,#14351,.F.);
#14351 = EDGE_CURVE('',#14352,#14319,#14354,.T.);
#14352 = VERTEX_POINT('',#14353);
#14353 = CARTESIAN_POINT('',(47.3,50.9,-0.15));
#14354 = SURFACE_CURVE('',#14355,(#14359,#14365),.PCURVE_S1.);
#14355 = LINE('',#14356,#14357);
#14356 = CARTESIAN_POINT('',(47.3,46.95,-0.15));
#14357 = VECTOR('',#14358,1.);
#14358 = DIRECTION('',(0.,1.,0.));
#14359 = PCURVE('',#12789,#14360);
#14360 = DEFINITIONAL_REPRESENTATION('',(#14361),#14364);
#14361 = B_SPLINE_CURVE_WITH_KNOTS('',1,(#14362,#14363),.UNSPECIFIED.,
  .F.,.F.,(2,2),(3.95,42.15),.PIECEWISE_BEZIER_KNOTS.);
#14362 = CARTESIAN_POINT('',(28.3,7.9));
#14363 = CARTESIAN_POINT('',(28.3,46.1));
#14364 = ( GEOMETRIC_REPRESENTATION_CONTEXT(2) 
PARAMETRIC_REPRESENTATION_CONTEXT() REPRESENTATION_CONTEXT('2D SPACE',''
  ) );
#14365 = PCURVE('',#14366,#14371);
#14366 = PLANE('',#14367);
#14367 = AXIS2_PLACEMENT_3D('',#14368,#14369,#14370);
#14368 = CARTESIAN_POINT('',(47.3,50.9,-10.3));
#14369 = DIRECTION('',(1.,0.,0.));
#14370 = DIRECTION('',(0.,0.,1.));
#14371 = DEFINITIONAL_REPRESENTATION('',(#14372),#14375);
#14372 = B_SPLINE_CURVE_WITH_KNOTS('',1,(#14373,#14374),.UNSPECIFIED.,
  .F.,.F.,(2,2),(3.95,42.15),.PIECEWISE_BEZIER_KNOTS.);
#14373 = CARTESIAN_POINT('',(10.15,0.));
#14374 = CARTESIAN_POINT('',(10.15,-38.2));
#14375 = ( GEOMETRIC_REPRESENTATION_CONTEXT(2) 
PARAMETRIC_REPRESENTATION_CONTEXT() REPRESENTATION_CONTEXT('2D SPACE',''
  ) );
#14376 = ORIENTED_EDGE('',*,*,#14377,.T.);
#14377 = EDGE_CURVE('',#14352,#14378,#14380,.T.);
#14378 = VERTEX_POINT('',#14379);
#14379 = CARTESIAN_POINT('',(41.1,44.7,-0.15));
#14380 = SURFACE_CURVE('',#14381,(#14386,#14397),.PCURVE_S1.);
#14381 = CIRCLE('',#14382,6.2);
#14382 = AXIS2_PLACEMENT_3D('',#14383,#14384,#14385);
#14383 = CARTESIAN_POINT('',(41.1,50.9,-0.15));
#14384 = DIRECTION('',(0.,0.,-1.));
#14385 = DIRECTION('',(1.,0.,0.));
#14386 = PCURVE('',#12789,#14387);
#14387 = DEFINITIONAL_REPRESENTATION('',(#14388),#14396);
#14388 = ( BOUNDED_CURVE() B_SPLINE_CURVE(2,(#14389,#14390,#14391,#14392
    ,#14393,#14394,#14395),.UNSPECIFIED.,.T.,.F.) 
B_SPLINE_CURVE_WITH_KNOTS((1,2,2,2,2,1),(-2.094395102393,0.,
    2.094395102393,4.188790204786,6.28318530718,8.377580409573),
.UNSPECIFIED.) CURVE() GEOMETRIC_REPRESENTATION_ITEM() 
RATIONAL_B_SPLINE_CURVE((1.,0.5,1.,0.5,1.,0.5,1.)) REPRESENTATION_ITEM(
  '') );
#14389 = CARTESIAN_POINT('',(28.3,7.9));
#14390 = CARTESIAN_POINT('',(28.3,-2.838715006927));
#14391 = CARTESIAN_POINT('',(19.,2.530642496536));
#14392 = CARTESIAN_POINT('',(9.7,7.9));
#14393 = CARTESIAN_POINT('',(19.,13.269357503464));
#14394 = CARTESIAN_POINT('',(28.3,18.638715006927));
#14395 = CARTESIAN_POINT('',(28.3,7.9));
#14396 = ( GEOMETRIC_REPRESENTATION_CONTEXT(2) 
PARAMETRIC_REPRESENTATION_CONTEXT() REPRESENTATION_CONTEXT('2D SPACE',''
  ) );
#14397 = PCURVE('',#14398,#14403);
#14398 = CYLINDRICAL_SURFACE('',#14399,6.2);
#14399 = AXIS2_PLACEMENT_3D('',#14400,#14401,#14402);
#14400 = CARTESIAN_POINT('',(41.1,50.9,-10.3));
#14401 = DIRECTION('',(-0.,-0.,-1.));
#14402 = DIRECTION('',(1.,0.,0.));
#14403 = DEFINITIONAL_REPRESENTATION('',(#14404),#14408);
#14404 = LINE('',#14405,#14406);
#14405 = CARTESIAN_POINT('',(-6.28318530718,-10.15));
#14406 = VECTOR('',#14407,1.);
#14407 = DIRECTION('',(1.,-0.));
#14408 = ( GEOMETRIC_REPRESENTATION_CONTEXT(2) 
PARAMETRIC_REPRESENTATION_CONTEXT() REPRESENTATION_CONTEXT('2D SPACE',''
  ) );
#14409 = ORIENTED_EDGE('',*,*,#14410,.T.);
#14410 = EDGE_CURVE('',#14378,#14411,#14413,.T.);
#14411 = VERTEX_POINT('',#14412);
#14412 = CARTESIAN_POINT('',(18.9,44.7,-0.15));
#14413 = SURFACE_CURVE('',#14414,(#14418,#14424),.PCURVE_S1.);
#14414 = LINE('',#14415,#14416);
#14415 = CARTESIAN_POINT('',(18.95,44.7,-0.15));
#14416 = VECTOR('',#14417,1.);
#14417 = DIRECTION('',(-1.,0.,0.));
#14418 = PCURVE('',#12789,#14419);
#14419 = DEFINITIONAL_REPRESENTATION('',(#14420),#14423);
#14420 = B_SPLINE_CURVE_WITH_KNOTS('',1,(#14421,#14422),.UNSPECIFIED.,
  .F.,.F.,(2,2),(-22.15,5.E-02),.PIECEWISE_BEZIER_KNOTS.);
#14421 = CARTESIAN_POINT('',(22.1,1.7));
#14422 = CARTESIAN_POINT('',(-0.1,1.7));
#14423 = ( GEOMETRIC_REPRESENTATION_CONTEXT(2) 
PARAMETRIC_REPRESENTATION_CONTEXT() REPRESENTATION_CONTEXT('2D SPACE',''
  ) );
#14424 = PCURVE('',#14425,#14430);
#14425 = PLANE('',#14426);
#14426 = AXIS2_PLACEMENT_3D('',#14427,#14428,#14429);
#14427 = CARTESIAN_POINT('',(18.9,44.7,-10.3));
#14428 = DIRECTION('',(0.,1.,0.));
#14429 = DIRECTION('',(0.,0.,1.));
#14430 = DEFINITIONAL_REPRESENTATION('',(#14431),#14434);
#14431 = B_SPLINE_CURVE_WITH_KNOTS('',1,(#14432,#14433),.UNSPECIFIED.,
  .F.,.F.,(2,2),(-22.15,5.E-02),.PIECEWISE_BEZIER_KNOTS.);
#14432 = CARTESIAN_POINT('',(10.15,22.2));
#14433 = CARTESIAN_POINT('',(10.15,0.));
#14434 = ( GEOMETRIC_REPRESENTATION_CONTEXT(2) 
PARAMETRIC_REPRESENTATION_CONTEXT() REPRESENTATION_CONTEXT('2D SPACE',''
  ) );
#14435 = ORIENTED_EDGE('',*,*,#14436,.T.);
#14436 = EDGE_CURVE('',#14411,#14437,#14439,.T.);
#14437 = VERTEX_POINT('',#14438);
#14438 = CARTESIAN_POINT('',(12.7,50.9,-0.15));
#14439 = SURFACE_CURVE('',#14440,(#14445,#14456),.PCURVE_S1.);
#14440 = CIRCLE('',#14441,6.2);
#14441 = AXIS2_PLACEMENT_3D('',#14442,#14443,#14444);
#14442 = CARTESIAN_POINT('',(18.9,50.9,-0.15));
#14443 = DIRECTION('',(0.,0.,-1.));
#14444 = DIRECTION('',(1.,0.,0.));
#14445 = PCURVE('',#12789,#14446);
#14446 = DEFINITIONAL_REPRESENTATION('',(#14447),#14455);
#14447 = ( BOUNDED_CURVE() B_SPLINE_CURVE(2,(#14448,#14449,#14450,#14451
    ,#14452,#14453,#14454),.UNSPECIFIED.,.T.,.F.) 
B_SPLINE_CURVE_WITH_KNOTS((1,2,2,2,2,1),(-2.094395102393,0.,
    2.094395102393,4.188790204786,6.28318530718,8.377580409573),
.UNSPECIFIED.) CURVE() GEOMETRIC_REPRESENTATION_ITEM() 
RATIONAL_B_SPLINE_CURVE((1.,0.5,1.,0.5,1.,0.5,1.)) REPRESENTATION_ITEM(
  '') );
#14448 = CARTESIAN_POINT('',(6.1,7.9));
#14449 = CARTESIAN_POINT('',(6.1,-2.838715006927));
#14450 = CARTESIAN_POINT('',(-3.2,2.530642496536));
#14451 = CARTESIAN_POINT('',(-12.5,7.9));
#14452 = CARTESIAN_POINT('',(-3.2,13.269357503464));
#14453 = CARTESIAN_POINT('',(6.1,18.638715006927));
#14454 = CARTESIAN_POINT('',(6.1,7.9));
#14455 = ( GEOMETRIC_REPRESENTATION_CONTEXT(2) 
PARAMETRIC_REPRESENTATION_CONTEXT() REPRESENTATION_CONTEXT('2D SPACE',''
  ) );
#14456 = PCURVE('',#14457,#14462);
#14457 = CYLINDRICAL_SURFACE('',#14458,6.2);
#14458 = AXIS2_PLACEMENT_3D('',#14459,#14460,#14461);
#14459 = CARTESIAN_POINT('',(18.9,50.9,-10.3));
#14460 = DIRECTION('',(-0.,-0.,-1.));
#14461 = DIRECTION('',(1.,0.,0.));
#14462 = DEFINITIONAL_REPRESENTATION('',(#14463),#14467);
#14463 = LINE('',#14464,#14465);
#14464 = CARTESIAN_POINT('',(-6.28318530718,-10.15));
#14465 = VECTOR('',#14466,1.);
#14466 = DIRECTION('',(1.,-0.));
#14467 = ( GEOMETRIC_REPRESENTATION_CONTEXT(2) 
PARAMETRIC_REPRESENTATION_CONTEXT() REPRESENTATION_CONTEXT('2D SPACE',''
  ) );
#14468 = ORIENTED_EDGE('',*,*,#14469,.T.);
#14469 = EDGE_CURVE('',#14437,#14470,#14472,.T.);
#14470 = VERTEX_POINT('',#14471);
#14471 = CARTESIAN_POINT('',(12.7,89.1,-0.15));
#14472 = SURFACE_CURVE('',#14473,(#14477,#14483),.PCURVE_S1.);
#14473 = LINE('',#14474,#14475);
#14474 = CARTESIAN_POINT('',(12.7,46.95,-0.15));
#14475 = VECTOR('',#14476,1.);
#14476 = DIRECTION('',(0.,1.,0.));
#14477 = PCURVE('',#12789,#14478);
#14478 = DEFINITIONAL_REPRESENTATION('',(#14479),#14482);
#14479 = B_SPLINE_CURVE_WITH_KNOTS('',1,(#14480,#14481),.UNSPECIFIED.,
  .F.,.F.,(2,2),(3.95,42.15),.PIECEWISE_BEZIER_KNOTS.);
#14480 = CARTESIAN_POINT('',(-6.3,7.9));
#14481 = CARTESIAN_POINT('',(-6.3,46.1));
#14482 = ( GEOMETRIC_REPRESENTATION_CONTEXT(2) 
PARAMETRIC_REPRESENTATION_CONTEXT() REPRESENTATION_CONTEXT('2D SPACE',''
  ) );
#14483 = PCURVE('',#14484,#14489);
#14484 = PLANE('',#14485);
#14485 = AXIS2_PLACEMENT_3D('',#14486,#14487,#14488);
#14486 = CARTESIAN_POINT('',(12.7,50.9,-10.3));
#14487 = DIRECTION('',(1.,0.,0.));
#14488 = DIRECTION('',(0.,0.,1.));
#14489 = DEFINITIONAL_REPRESENTATION('',(#14490),#14493);
#14490 = B_SPLINE_CURVE_WITH_KNOTS('',1,(#14491,#14492),.UNSPECIFIED.,
  .F.,.F.,(2,2),(3.95,42.15),.PIECEWISE_BEZIER_KNOTS.);
#14491 = CARTESIAN_POINT('',(10.15,0.));
#14492 = CARTESIAN_POINT('',(10.15,-38.2));
#14493 = ( GEOMETRIC_REPRESENTATION_CONTEXT(2) 
PARAMETRIC_REPRESENTATION_CONTEXT() REPRESENTATION_CONTEXT('2D SPACE',''
  ) );
#14494 = ORIENTED_EDGE('',*,*,#14495,.T.);
#14495 = EDGE_CURVE('',#14470,#14293,#14496,.T.);
#14496 = SURFACE_CURVE('',#14497,(#14502,#14513),.PCURVE_S1.);
#14497 = CIRCLE('',#14498,6.2);
#14498 = AXIS2_PLACEMENT_3D('',#14499,#14500,#14501);
#14499 = CARTESIAN_POINT('',(18.9,89.1,-0.15));
#14500 = DIRECTION('',(0.,0.,-1.));
#14501 = DIRECTION('',(1.,0.,0.));
#14502 = PCURVE('',#12789,#14503);
#14503 = DEFINITIONAL_REPRESENTATION('',(#14504),#14512);
#14504 = ( BOUNDED_CURVE() B_SPLINE_CURVE(2,(#14505,#14506,#14507,#14508
    ,#14509,#14510,#14511),.UNSPECIFIED.,.T.,.F.) 
B_SPLINE_CURVE_WITH_KNOTS((1,2,2,2,2,1),(-2.094395102393,0.,
    2.094395102393,4.188790204786,6.28318530718,8.377580409573),
.UNSPECIFIED.) CURVE() GEOMETRIC_REPRESENTATION_ITEM() 
RATIONAL_B_SPLINE_CURVE((1.,0.5,1.,0.5,1.,0.5,1.)) REPRESENTATION_ITEM(
  '') );
#14505 = CARTESIAN_POINT('',(6.1,46.1));
#14506 = CARTESIAN_POINT('',(6.1,35.361284993073));
#14507 = CARTESIAN_POINT('',(-3.2,40.730642496536));
#14508 = CARTESIAN_POINT('',(-12.5,46.1));
#14509 = CARTESIAN_POINT('',(-3.2,51.469357503464));
#14510 = CARTESIAN_POINT('',(6.1,56.838715006927));
#14511 = CARTESIAN_POINT('',(6.1,46.1));
#14512 = ( GEOMETRIC_REPRESENTATION_CONTEXT(2) 
PARAMETRIC_REPRESENTATION_CONTEXT() REPRESENTATION_CONTEXT('2D SPACE',''
  ) );
#14513 = PCURVE('',#14514,#14519);
#14514 = CYLINDRICAL_SURFACE('',#14515,6.2);
#14515 = AXIS2_PLACEMENT_3D('',#14516,#14517,#14518);
#14516 = CARTESIAN_POINT('',(18.9,89.1,-10.3));
#14517 = DIRECTION('',(-0.,-0.,-1.));
#14518 = DIRECTION('',(1.,0.,0.));
#14519 = DEFINITIONAL_REPRESENTATION('',(#14520),#14524);
#14520 = LINE('',#14521,#14522);
#14521 = CARTESIAN_POINT('',(-6.28318530718,-10.15));
#14522 = VECTOR('',#14523,1.);
#14523 = DIRECTION('',(1.,-0.));
#14524 = ( GEOMETRIC_REPRESENTATION_CONTEXT(2) 
PARAMETRIC_REPRESENTATION_CONTEXT() REPRESENTATION_CONTEXT('2D SPACE',''
  ) );
#14525 = ADVANCED_FACE('',(#14526,#14529),#13166,.T.);
#14526 = FACE_BOUND('',#14527,.T.);
#14527 = EDGE_LOOP('',(#14528));
#14528 = ORIENTED_EDGE('',*,*,#13151,.T.);
#14529 = FACE_BOUND('',#14530,.T.);
#14530 = EDGE_LOOP('',(#14531));
#14531 = ORIENTED_EDGE('',*,*,#14532,.T.);
#14532 = EDGE_CURVE('',#14533,#14533,#14535,.T.);
#14533 = VERTEX_POINT('',#14534);
#14534 = CARTESIAN_POINT('',(7.1,99.,-0.2));
#14535 = SURFACE_CURVE('',#14536,(#14541,#14552),.PCURVE_S1.);
#14536 = CIRCLE('',#14537,1.1);
#14537 = AXIS2_PLACEMENT_3D('',#14538,#14539,#14540);
#14538 = CARTESIAN_POINT('',(6.,99.,-0.2));
#14539 = DIRECTION('',(0.,0.,-1.));
#14540 = DIRECTION('',(1.,0.,0.));
#14541 = PCURVE('',#13166,#14542);
#14542 = DEFINITIONAL_REPRESENTATION('',(#14543),#14551);
#14543 = ( BOUNDED_CURVE() B_SPLINE_CURVE(2,(#14544,#14545,#14546,#14547
    ,#14548,#14549,#14550),.UNSPECIFIED.,.T.,.F.) 
B_SPLINE_CURVE_WITH_KNOTS((1,2,2,2,2,1),(-2.094395102393,0.,
    2.094395102393,4.188790204786,6.28318530718,8.377580409573),
.UNSPECIFIED.) CURVE() GEOMETRIC_REPRESENTATION_ITEM() 
RATIONAL_B_SPLINE_CURVE((1.,0.5,1.,0.5,1.,0.5,1.)) REPRESENTATION_ITEM(
  '') );
#14544 = CARTESIAN_POINT('',(1.1,0.));
#14545 = CARTESIAN_POINT('',(1.1,-1.905255888326));
#14546 = CARTESIAN_POINT('',(-0.55,-0.952627944163));
#14547 = CARTESIAN_POINT('',(-2.2,-2.694222958124E-16));
#14548 = CARTESIAN_POINT('',(-0.55,0.952627944163));
#14549 = CARTESIAN_POINT('',(1.1,1.905255888326));
#14550 = CARTESIAN_POINT('',(1.1,0.));
#14551 = ( GEOMETRIC_REPRESENTATION_CONTEXT(2) 
PARAMETRIC_REPRESENTATION_CONTEXT() REPRESENTATION_CONTEXT('2D SPACE',''
  ) );
#14552 = PCURVE('',#14553,#14558);
#14553 = CYLINDRICAL_SURFACE('',#14554,1.1);
#14554 = AXIS2_PLACEMENT_3D('',#14555,#14556,#14557);
#14555 = CARTESIAN_POINT('',(6.,99.,-6.3));
#14556 = DIRECTION('',(-0.,-0.,-1.));
#14557 = DIRECTION('',(1.,0.,0.));
#14558 = DEFINITIONAL_REPRESENTATION('',(#14559),#14563);
#14559 = LINE('',#14560,#14561);
#14560 = CARTESIAN_POINT('',(-6.28318530718,-6.1));
#14561 = VECTOR('',#14562,1.);
#14562 = DIRECTION('',(1.,-0.));
#14563 = ( GEOMETRIC_REPRESENTATION_CONTEXT(2) 
PARAMETRIC_REPRESENTATION_CONTEXT() REPRESENTATION_CONTEXT('2D SPACE',''
  ) );
#14564 = ADVANCED_FACE('',(#14565,#14568),#13221,.T.);
#14565 = FACE_BOUND('',#14566,.T.);
#14566 = EDGE_LOOP('',(#14567));
#14567 = ORIENTED_EDGE('',*,*,#13206,.T.);
#14568 = FACE_BOUND('',#14569,.T.);
#14569 = EDGE_LOOP('',(#14570));
#14570 = ORIENTED_EDGE('',*,*,#14571,.T.);
#14571 = EDGE_CURVE('',#14572,#14572,#14574,.T.);
#14572 = VERTEX_POINT('',#14573);
#14573 = CARTESIAN_POINT('',(55.1,99.,-0.2));
#14574 = SURFACE_CURVE('',#14575,(#14580,#14591),.PCURVE_S1.);
#14575 = CIRCLE('',#14576,1.1);
#14576 = AXIS2_PLACEMENT_3D('',#14577,#14578,#14579);
#14577 = CARTESIAN_POINT('',(54.,99.,-0.2));
#14578 = DIRECTION('',(0.,0.,-1.));
#14579 = DIRECTION('',(1.,0.,0.));
#14580 = PCURVE('',#13221,#14581);
#14581 = DEFINITIONAL_REPRESENTATION('',(#14582),#14590);
#14582 = ( BOUNDED_CURVE() B_SPLINE_CURVE(2,(#14583,#14584,#14585,#14586
    ,#14587,#14588,#14589),.UNSPECIFIED.,.T.,.F.) 
B_SPLINE_CURVE_WITH_KNOTS((1,2,2,2,2,1),(-2.094395102393,0.,
    2.094395102393,4.188790204786,6.28318530718,8.377580409573),
.UNSPECIFIED.) CURVE() GEOMETRIC_REPRESENTATION_ITEM() 
RATIONAL_B_SPLINE_CURVE((1.,0.5,1.,0.5,1.,0.5,1.)) REPRESENTATION_ITEM(
  '') );
#14583 = CARTESIAN_POINT('',(1.1,0.));
#14584 = CARTESIAN_POINT('',(1.1,-1.905255888326));
#14585 = CARTESIAN_POINT('',(-0.55,-0.952627944163));
#14586 = CARTESIAN_POINT('',(-2.2,-2.694222958124E-16));
#14587 = CARTESIAN_POINT('',(-0.55,0.952627944163));
#14588 = CARTESIAN_POINT('',(1.1,1.905255888326));
#14589 = CARTESIAN_POINT('',(1.1,0.));
#14590 = ( GEOMETRIC_REPRESENTATION_CONTEXT(2) 
PARAMETRIC_REPRESENTATION_CONTEXT() REPRESENTATION_CONTEXT('2D SPACE',''
  ) );
#14591 = PCURVE('',#14592,#14597);
#14592 = CYLINDRICAL_SURFACE('',#14593,1.1);
#14593 = AXIS2_PLACEMENT_3D('',#14594,#14595,#14596);
#14594 = CARTESIAN_POINT('',(54.,99.,-6.3));
#14595 = DIRECTION('',(-0.,-0.,-1.));
#14596 = DIRECTION('',(1.,0.,0.));
#14597 = DEFINITIONAL_REPRESENTATION('',(#14598),#14602);
#14598 = LINE('',#14599,#14600);
#14599 = CARTESIAN_POINT('',(-6.28318530718,-6.1));
#14600 = VECTOR('',#14601,1.);
#14601 = DIRECTION('',(1.,-0.));
#14602 = ( GEOMETRIC_REPRESENTATION_CONTEXT(2) 
PARAMETRIC_REPRESENTATION_CONTEXT() REPRESENTATION_CONTEXT('2D SPACE',''
  ) );
#14603 = ADVANCED_FACE('',(#14604),#13631,.T.);
#14604 = FACE_BOUND('',#14605,.T.);
#14605 = EDGE_LOOP('',(#14606,#14607));
#14606 = ORIENTED_EDGE('',*,*,#13804,.T.);
#14607 = ORIENTED_EDGE('',*,*,#13612,.F.);
#14608 = ADVANCED_FACE('',(#14609),#13711,.T.);
#14609 = FACE_BOUND('',#14610,.T.);
#14610 = EDGE_LOOP('',(#14611,#14631,#14632,#14652));
#14611 = ORIENTED_EDGE('',*,*,#14612,.F.);
#14612 = EDGE_CURVE('',#13958,#13694,#14613,.T.);
#14613 = SURFACE_CURVE('',#14614,(#14618,#14625),.PCURVE_S1.);
#14614 = LINE('',#14615,#14616);
#14615 = CARTESIAN_POINT('',(3.4,12.2,-1.));
#14616 = VECTOR('',#14617,1.);
#14617 = DIRECTION('',(0.,0.,1.));
#14618 = PCURVE('',#13711,#14619);
#14619 = DEFINITIONAL_REPRESENTATION('',(#14620),#14624);
#14620 = LINE('',#14621,#14622);
#14621 = CARTESIAN_POINT('',(0.,0.));
#14622 = VECTOR('',#14623,1.);
#14623 = DIRECTION('',(1.,0.));
#14624 = ( GEOMETRIC_REPRESENTATION_CONTEXT(2) 
PARAMETRIC_REPRESENTATION_CONTEXT() REPRESENTATION_CONTEXT('2D SPACE',''
  ) );
#14625 = PCURVE('',#13892,#14626);
#14626 = DEFINITIONAL_REPRESENTATION('',(#14627),#14630);
#14627 = B_SPLINE_CURVE_WITH_KNOTS('',1,(#14628,#14629),.UNSPECIFIED.,
  .F.,.F.,(2,2),(0.,0.92),.PIECEWISE_BEZIER_KNOTS.);
#14628 = CARTESIAN_POINT('',(-6.28318530718,0.));
#14629 = CARTESIAN_POINT('',(-6.28318530718,-0.92));
#14630 = ( GEOMETRIC_REPRESENTATION_CONTEXT(2) 
PARAMETRIC_REPRESENTATION_CONTEXT() REPRESENTATION_CONTEXT('2D SPACE',''
  ) );
#14631 = ORIENTED_EDGE('',*,*,#13957,.T.);
#14632 = ORIENTED_EDGE('',*,*,#14633,.T.);
#14633 = EDGE_CURVE('',#13960,#13696,#14634,.T.);
#14634 = SURFACE_CURVE('',#14635,(#14639,#14646),.PCURVE_S1.);
#14635 = LINE('',#14636,#14637);
#14636 = CARTESIAN_POINT('',(3.4,27.8,-1.));
#14637 = VECTOR('',#14638,1.);
#14638 = DIRECTION('',(0.,0.,1.));
#14639 = PCURVE('',#13711,#14640);
#14640 = DEFINITIONAL_REPRESENTATION('',(#14641),#14645);
#14641 = LINE('',#14642,#14643);
#14642 = CARTESIAN_POINT('',(0.,-15.6));
#14643 = VECTOR('',#14644,1.);
#14644 = DIRECTION('',(1.,0.));
#14645 = ( GEOMETRIC_REPRESENTATION_CONTEXT(2) 
PARAMETRIC_REPRESENTATION_CONTEXT() REPRESENTATION_CONTEXT('2D SPACE',''
  ) );
#14646 = PCURVE('',#13740,#14647);
#14647 = DEFINITIONAL_REPRESENTATION('',(#14648),#14651);
#14648 = B_SPLINE_CURVE_WITH_KNOTS('',1,(#14649,#14650),.UNSPECIFIED.,
  .F.,.F.,(2,2),(0.,0.92),.PIECEWISE_BEZIER_KNOTS.);
#14649 = CARTESIAN_POINT('',(0.,0.));
#14650 = CARTESIAN_POINT('',(0.,-0.92));
#14651 = ( GEOMETRIC_REPRESENTATION_CONTEXT(2) 
PARAMETRIC_REPRESENTATION_CONTEXT() REPRESENTATION_CONTEXT('2D SPACE',''
  ) );
#14652 = ORIENTED_EDGE('',*,*,#13693,.F.);
#14653 = ADVANCED_FACE('',(#14654),#13892,.T.);
#14654 = FACE_BOUND('',#14655,.F.);
#14655 = EDGE_LOOP('',(#14656,#14657,#14658,#14679));
#14656 = ORIENTED_EDGE('',*,*,#14612,.F.);
#14657 = ORIENTED_EDGE('',*,*,#14080,.F.);
#14658 = ORIENTED_EDGE('',*,*,#14659,.T.);
#14659 = EDGE_CURVE('',#14058,#13850,#14660,.T.);
#14660 = SURFACE_CURVE('',#14661,(#14665,#14672),.PCURVE_S1.);
#14661 = LINE('',#14662,#14663);
#14662 = CARTESIAN_POINT('',(2.7,11.5,-1.));
#14663 = VECTOR('',#14664,1.);
#14664 = DIRECTION('',(0.,0.,1.));
#14665 = PCURVE('',#13892,#14666);
#14666 = DEFINITIONAL_REPRESENTATION('',(#14667),#14671);
#14667 = LINE('',#14668,#14669);
#14668 = CARTESIAN_POINT('',(-4.712388980385,0.));
#14669 = VECTOR('',#14670,1.);
#14670 = DIRECTION('',(-0.,-1.));
#14671 = ( GEOMETRIC_REPRESENTATION_CONTEXT(2) 
PARAMETRIC_REPRESENTATION_CONTEXT() REPRESENTATION_CONTEXT('2D SPACE',''
  ) );
#14672 = PCURVE('',#13865,#14673);
#14673 = DEFINITIONAL_REPRESENTATION('',(#14674),#14678);
#14674 = LINE('',#14675,#14676);
#14675 = CARTESIAN_POINT('',(0.,5.));
#14676 = VECTOR('',#14677,1.);
#14677 = DIRECTION('',(1.,0.));
#14678 = ( GEOMETRIC_REPRESENTATION_CONTEXT(2) 
PARAMETRIC_REPRESENTATION_CONTEXT() REPRESENTATION_CONTEXT('2D SPACE',''
  ) );
#14679 = ORIENTED_EDGE('',*,*,#13877,.T.);
#14680 = ADVANCED_FACE('',(#14681),#13865,.F.);
#14681 = FACE_BOUND('',#14682,.F.);
#14682 = EDGE_LOOP('',(#14683,#14684,#14685,#14686));
#14683 = ORIENTED_EDGE('',*,*,#14057,.F.);
#14684 = ORIENTED_EDGE('',*,*,#13933,.T.);
#14685 = ORIENTED_EDGE('',*,*,#13849,.T.);
#14686 = ORIENTED_EDGE('',*,*,#14659,.F.);
#14687 = ADVANCED_FACE('',(#14688),#13768,.T.);
#14688 = FACE_BOUND('',#14689,.T.);
#14689 = EDGE_LOOP('',(#14690,#14691,#14692,#14693));
#14690 = ORIENTED_EDGE('',*,*,#14006,.F.);
#14691 = ORIENTED_EDGE('',*,*,#14106,.T.);
#14692 = ORIENTED_EDGE('',*,*,#13752,.T.);
#14693 = ORIENTED_EDGE('',*,*,#14694,.F.);
#14694 = EDGE_CURVE('',#13983,#13724,#14695,.T.);
#14695 = SURFACE_CURVE('',#14696,(#14700,#14707),.PCURVE_S1.);
#14696 = LINE('',#14697,#14698);
#14697 = CARTESIAN_POINT('',(2.7,28.5,-1.));
#14698 = VECTOR('',#14699,1.);
#14699 = DIRECTION('',(0.,0.,1.));
#14700 = PCURVE('',#13768,#14701);
#14701 = DEFINITIONAL_REPRESENTATION('',(#14702),#14706);
#14702 = LINE('',#14703,#14704);
#14703 = CARTESIAN_POINT('',(0.,5.));
#14704 = VECTOR('',#14705,1.);
#14705 = DIRECTION('',(1.,0.));
#14706 = ( GEOMETRIC_REPRESENTATION_CONTEXT(2) 
PARAMETRIC_REPRESENTATION_CONTEXT() REPRESENTATION_CONTEXT('2D SPACE',''
  ) );
#14707 = PCURVE('',#13740,#14708);
#14708 = DEFINITIONAL_REPRESENTATION('',(#14709),#14713);
#14709 = LINE('',#14710,#14711);
#14710 = CARTESIAN_POINT('',(-1.570796326795,0.));
#14711 = VECTOR('',#14712,1.);
#14712 = DIRECTION('',(-0.,-1.));
#14713 = ( GEOMETRIC_REPRESENTATION_CONTEXT(2) 
PARAMETRIC_REPRESENTATION_CONTEXT() REPRESENTATION_CONTEXT('2D SPACE',''
  ) );
#14714 = ADVANCED_FACE('',(#14715),#13740,.T.);
#14715 = FACE_BOUND('',#14716,.F.);
#14716 = EDGE_LOOP('',(#14717,#14718,#14719,#14720));
#14717 = ORIENTED_EDGE('',*,*,#13982,.F.);
#14718 = ORIENTED_EDGE('',*,*,#14633,.T.);
#14719 = ORIENTED_EDGE('',*,*,#13723,.T.);
#14720 = ORIENTED_EDGE('',*,*,#14694,.F.);
#14721 = ADVANCED_FACE('',(#14722),#14170,.F.);
#14722 = FACE_BOUND('',#14723,.T.);
#14723 = EDGE_LOOP('',(#14724,#14753,#14774,#14775));
#14724 = ORIENTED_EDGE('',*,*,#14725,.F.);
#14725 = EDGE_CURVE('',#14726,#14726,#14728,.T.);
#14726 = VERTEX_POINT('',#14727);
#14727 = CARTESIAN_POINT('',(7.1,37.,-6.3));
#14728 = SURFACE_CURVE('',#14729,(#14734,#14741),.PCURVE_S1.);
#14729 = CIRCLE('',#14730,1.1);
#14730 = AXIS2_PLACEMENT_3D('',#14731,#14732,#14733);
#14731 = CARTESIAN_POINT('',(6.,37.,-6.3));
#14732 = DIRECTION('',(0.,0.,1.));
#14733 = DIRECTION('',(1.,0.,0.));
#14734 = PCURVE('',#14170,#14735);
#14735 = DEFINITIONAL_REPRESENTATION('',(#14736),#14740);
#14736 = LINE('',#14737,#14738);
#14737 = CARTESIAN_POINT('',(-0.,0.));
#14738 = VECTOR('',#14739,1.);
#14739 = DIRECTION('',(-1.,0.));
#14740 = ( GEOMETRIC_REPRESENTATION_CONTEXT(2) 
PARAMETRIC_REPRESENTATION_CONTEXT() REPRESENTATION_CONTEXT('2D SPACE',''
  ) );
#14741 = PCURVE('',#14742,#14747);
#14742 = PLANE('',#14743);
#14743 = AXIS2_PLACEMENT_3D('',#14744,#14745,#14746);
#14744 = CARTESIAN_POINT('',(6.,37.,-6.3));
#14745 = DIRECTION('',(0.,0.,1.));
#14746 = DIRECTION('',(1.,0.,-0.));
#14747 = DEFINITIONAL_REPRESENTATION('',(#14748),#14752);
#14748 = CIRCLE('',#14749,1.1);
#14749 = AXIS2_PLACEMENT_2D('',#14750,#14751);
#14750 = CARTESIAN_POINT('',(0.,0.));
#14751 = DIRECTION('',(1.,0.));
#14752 = ( GEOMETRIC_REPRESENTATION_CONTEXT(2) 
PARAMETRIC_REPRESENTATION_CONTEXT() REPRESENTATION_CONTEXT('2D SPACE',''
  ) );
#14753 = ORIENTED_EDGE('',*,*,#14754,.T.);
#14754 = EDGE_CURVE('',#14726,#14150,#14755,.T.);
#14755 = SEAM_CURVE('',#14756,(#14760,#14767),.PCURVE_S1.);
#14756 = LINE('',#14757,#14758);
#14757 = CARTESIAN_POINT('',(7.1,37.,-6.3));
#14758 = VECTOR('',#14759,1.);
#14759 = DIRECTION('',(0.,0.,1.));
#14760 = PCURVE('',#14170,#14761);
#14761 = DEFINITIONAL_REPRESENTATION('',(#14762),#14766);
#14762 = LINE('',#14763,#14764);
#14763 = CARTESIAN_POINT('',(-6.28318530718,0.));
#14764 = VECTOR('',#14765,1.);
#14765 = DIRECTION('',(-0.,-1.));
#14766 = ( GEOMETRIC_REPRESENTATION_CONTEXT(2) 
PARAMETRIC_REPRESENTATION_CONTEXT() REPRESENTATION_CONTEXT('2D SPACE',''
  ) );
#14767 = PCURVE('',#14170,#14768);
#14768 = DEFINITIONAL_REPRESENTATION('',(#14769),#14773);
#14769 = LINE('',#14770,#14771);
#14770 = CARTESIAN_POINT('',(-0.,0.));
#14771 = VECTOR('',#14772,1.);
#14772 = DIRECTION('',(-0.,-1.));
#14773 = ( GEOMETRIC_REPRESENTATION_CONTEXT(2) 
PARAMETRIC_REPRESENTATION_CONTEXT() REPRESENTATION_CONTEXT('2D SPACE',''
  ) );
#14774 = ORIENTED_EDGE('',*,*,#14149,.F.);
#14775 = ORIENTED_EDGE('',*,*,#14754,.F.);
#14776 = ADVANCED_FACE('',(#14777),#14237,.F.);
#14777 = FACE_BOUND('',#14778,.T.);
#14778 = EDGE_LOOP('',(#14779,#14808,#14829,#14830));
#14779 = ORIENTED_EDGE('',*,*,#14780,.F.);
#14780 = EDGE_CURVE('',#14781,#14781,#14783,.T.);
#14781 = VERTEX_POINT('',#14782);
#14782 = CARTESIAN_POINT('',(55.1,37.,-6.3));
#14783 = SURFACE_CURVE('',#14784,(#14789,#14796),.PCURVE_S1.);
#14784 = CIRCLE('',#14785,1.1);
#14785 = AXIS2_PLACEMENT_3D('',#14786,#14787,#14788);
#14786 = CARTESIAN_POINT('',(54.,37.,-6.3));
#14787 = DIRECTION('',(0.,0.,1.));
#14788 = DIRECTION('',(1.,0.,0.));
#14789 = PCURVE('',#14237,#14790);
#14790 = DEFINITIONAL_REPRESENTATION('',(#14791),#14795);
#14791 = LINE('',#14792,#14793);
#14792 = CARTESIAN_POINT('',(-0.,0.));
#14793 = VECTOR('',#14794,1.);
#14794 = DIRECTION('',(-1.,0.));
#14795 = ( GEOMETRIC_REPRESENTATION_CONTEXT(2) 
PARAMETRIC_REPRESENTATION_CONTEXT() REPRESENTATION_CONTEXT('2D SPACE',''
  ) );
#14796 = PCURVE('',#14797,#14802);
#14797 = PLANE('',#14798);
#14798 = AXIS2_PLACEMENT_3D('',#14799,#14800,#14801);
#14799 = CARTESIAN_POINT('',(54.,37.,-6.3));
#14800 = DIRECTION('',(0.,0.,1.));
#14801 = DIRECTION('',(1.,0.,-0.));
#14802 = DEFINITIONAL_REPRESENTATION('',(#14803),#14807);
#14803 = CIRCLE('',#14804,1.1);
#14804 = AXIS2_PLACEMENT_2D('',#14805,#14806);
#14805 = CARTESIAN_POINT('',(0.,0.));
#14806 = DIRECTION('',(1.,0.));
#14807 = ( GEOMETRIC_REPRESENTATION_CONTEXT(2) 
PARAMETRIC_REPRESENTATION_CONTEXT() REPRESENTATION_CONTEXT('2D SPACE',''
  ) );
#14808 = ORIENTED_EDGE('',*,*,#14809,.T.);
#14809 = EDGE_CURVE('',#14781,#14217,#14810,.T.);
#14810 = SEAM_CURVE('',#14811,(#14815,#14822),.PCURVE_S1.);
#14811 = LINE('',#14812,#14813);
#14812 = CARTESIAN_POINT('',(55.1,37.,-6.3));
#14813 = VECTOR('',#14814,1.);
#14814 = DIRECTION('',(0.,0.,1.));
#14815 = PCURVE('',#14237,#14816);
#14816 = DEFINITIONAL_REPRESENTATION('',(#14817),#14821);
#14817 = LINE('',#14818,#14819);
#14818 = CARTESIAN_POINT('',(-6.28318530718,0.));
#14819 = VECTOR('',#14820,1.);
#14820 = DIRECTION('',(-0.,-1.));
#14821 = ( GEOMETRIC_REPRESENTATION_CONTEXT(2) 
PARAMETRIC_REPRESENTATION_CONTEXT() REPRESENTATION_CONTEXT('2D SPACE',''
  ) );
#14822 = PCURVE('',#14237,#14823);
#14823 = DEFINITIONAL_REPRESENTATION('',(#14824),#14828);
#14824 = LINE('',#14825,#14826);
#14825 = CARTESIAN_POINT('',(-0.,0.));
#14826 = VECTOR('',#14827,1.);
#14827 = DIRECTION('',(-0.,-1.));
#14828 = ( GEOMETRIC_REPRESENTATION_CONTEXT(2) 
PARAMETRIC_REPRESENTATION_CONTEXT() REPRESENTATION_CONTEXT('2D SPACE',''
  ) );
#14829 = ORIENTED_EDGE('',*,*,#14216,.F.);
#14830 = ORIENTED_EDGE('',*,*,#14809,.F.);
#14831 = ADVANCED_FACE('',(#14832),#14307,.F.);
#14832 = FACE_BOUND('',#14833,.F.);
#14833 = EDGE_LOOP('',(#14834,#14857,#14885,#14906));
#14834 = ORIENTED_EDGE('',*,*,#14835,.F.);
#14835 = EDGE_CURVE('',#14836,#14291,#14838,.T.);
#14836 = VERTEX_POINT('',#14837);
#14837 = CARTESIAN_POINT('',(41.1,95.3,-10.3));
#14838 = SURFACE_CURVE('',#14839,(#14843,#14850),.PCURVE_S1.);
#14839 = LINE('',#14840,#14841);
#14840 = CARTESIAN_POINT('',(41.1,95.3,-10.3));
#14841 = VECTOR('',#14842,1.);
#14842 = DIRECTION('',(0.,0.,1.));
#14843 = PCURVE('',#14307,#14844);
#14844 = DEFINITIONAL_REPRESENTATION('',(#14845),#14849);
#14845 = LINE('',#14846,#14847);
#14846 = CARTESIAN_POINT('',(0.,22.2));
#14847 = VECTOR('',#14848,1.);
#14848 = DIRECTION('',(1.,0.));
#14849 = ( GEOMETRIC_REPRESENTATION_CONTEXT(2) 
PARAMETRIC_REPRESENTATION_CONTEXT() REPRESENTATION_CONTEXT('2D SPACE',''
  ) );
#14850 = PCURVE('',#14339,#14851);
#14851 = DEFINITIONAL_REPRESENTATION('',(#14852),#14856);
#14852 = LINE('',#14853,#14854);
#14853 = CARTESIAN_POINT('',(-1.570796326795,0.));
#14854 = VECTOR('',#14855,1.);
#14855 = DIRECTION('',(-0.,-1.));
#14856 = ( GEOMETRIC_REPRESENTATION_CONTEXT(2) 
PARAMETRIC_REPRESENTATION_CONTEXT() REPRESENTATION_CONTEXT('2D SPACE',''
  ) );
#14857 = ORIENTED_EDGE('',*,*,#14858,.F.);
#14858 = EDGE_CURVE('',#14859,#14836,#14861,.T.);
#14859 = VERTEX_POINT('',#14860);
#14860 = CARTESIAN_POINT('',(18.9,95.3,-10.3));
#14861 = SURFACE_CURVE('',#14862,(#14866,#14873),.PCURVE_S1.);
#14862 = LINE('',#14863,#14864);
#14863 = CARTESIAN_POINT('',(18.9,95.3,-10.3));
#14864 = VECTOR('',#14865,1.);
#14865 = DIRECTION('',(1.,0.,0.));
#14866 = PCURVE('',#14307,#14867);
#14867 = DEFINITIONAL_REPRESENTATION('',(#14868),#14872);
#14868 = LINE('',#14869,#14870);
#14869 = CARTESIAN_POINT('',(0.,0.));
#14870 = VECTOR('',#14871,1.);
#14871 = DIRECTION('',(0.,1.));
#14872 = ( GEOMETRIC_REPRESENTATION_CONTEXT(2) 
PARAMETRIC_REPRESENTATION_CONTEXT() REPRESENTATION_CONTEXT('2D SPACE',''
  ) );
#14873 = PCURVE('',#14874,#14879);
#14874 = PLANE('',#14875);
#14875 = AXIS2_PLACEMENT_3D('',#14876,#14877,#14878);
#14876 = CARTESIAN_POINT('',(18.9,50.9,-10.3));
#14877 = DIRECTION('',(0.,0.,1.));
#14878 = DIRECTION('',(1.,0.,-0.));
#14879 = DEFINITIONAL_REPRESENTATION('',(#14880),#14884);
#14880 = LINE('',#14881,#14882);
#14881 = CARTESIAN_POINT('',(0.,44.4));
#14882 = VECTOR('',#14883,1.);
#14883 = DIRECTION('',(1.,0.));
#14884 = ( GEOMETRIC_REPRESENTATION_CONTEXT(2) 
PARAMETRIC_REPRESENTATION_CONTEXT() REPRESENTATION_CONTEXT('2D SPACE',''
  ) );
#14885 = ORIENTED_EDGE('',*,*,#14886,.T.);
#14886 = EDGE_CURVE('',#14859,#14293,#14887,.T.);
#14887 = SURFACE_CURVE('',#14888,(#14892,#14899),.PCURVE_S1.);
#14888 = LINE('',#14889,#14890);
#14889 = CARTESIAN_POINT('',(18.9,95.3,-10.3));
#14890 = VECTOR('',#14891,1.);
#14891 = DIRECTION('',(0.,0.,1.));
#14892 = PCURVE('',#14307,#14893);
#14893 = DEFINITIONAL_REPRESENTATION('',(#14894),#14898);
#14894 = LINE('',#14895,#14896);
#14895 = CARTESIAN_POINT('',(0.,0.));
#14896 = VECTOR('',#14897,1.);
#14897 = DIRECTION('',(1.,0.));
#14898 = ( GEOMETRIC_REPRESENTATION_CONTEXT(2) 
PARAMETRIC_REPRESENTATION_CONTEXT() REPRESENTATION_CONTEXT('2D SPACE',''
  ) );
#14899 = PCURVE('',#14514,#14900);
#14900 = DEFINITIONAL_REPRESENTATION('',(#14901),#14905);
#14901 = LINE('',#14902,#14903);
#14902 = CARTESIAN_POINT('',(-1.570796326795,0.));
#14903 = VECTOR('',#14904,1.);
#14904 = DIRECTION('',(-0.,-1.));
#14905 = ( GEOMETRIC_REPRESENTATION_CONTEXT(2) 
PARAMETRIC_REPRESENTATION_CONTEXT() REPRESENTATION_CONTEXT('2D SPACE',''
  ) );
#14906 = ORIENTED_EDGE('',*,*,#14290,.F.);
#14907 = ADVANCED_FACE('',(#14908),#14514,.F.);
#14908 = FACE_BOUND('',#14909,.T.);
#14909 = EDGE_LOOP('',(#14910,#14934,#14935,#14936));
#14910 = ORIENTED_EDGE('',*,*,#14911,.F.);
#14911 = EDGE_CURVE('',#14859,#14912,#14914,.T.);
#14912 = VERTEX_POINT('',#14913);
#14913 = CARTESIAN_POINT('',(12.7,89.1,-10.3));
#14914 = SURFACE_CURVE('',#14915,(#14920,#14927),.PCURVE_S1.);
#14915 = CIRCLE('',#14916,6.2);
#14916 = AXIS2_PLACEMENT_3D('',#14917,#14918,#14919);
#14917 = CARTESIAN_POINT('',(18.9,89.1,-10.3));
#14918 = DIRECTION('',(0.,0.,1.));
#14919 = DIRECTION('',(1.,0.,0.));
#14920 = PCURVE('',#14514,#14921);
#14921 = DEFINITIONAL_REPRESENTATION('',(#14922),#14926);
#14922 = LINE('',#14923,#14924);
#14923 = CARTESIAN_POINT('',(-0.,0.));
#14924 = VECTOR('',#14925,1.);
#14925 = DIRECTION('',(-1.,0.));
#14926 = ( GEOMETRIC_REPRESENTATION_CONTEXT(2) 
PARAMETRIC_REPRESENTATION_CONTEXT() REPRESENTATION_CONTEXT('2D SPACE',''
  ) );
#14927 = PCURVE('',#14874,#14928);
#14928 = DEFINITIONAL_REPRESENTATION('',(#14929),#14933);
#14929 = CIRCLE('',#14930,6.2);
#14930 = AXIS2_PLACEMENT_2D('',#14931,#14932);
#14931 = CARTESIAN_POINT('',(0.,38.2));
#14932 = DIRECTION('',(1.,0.));
#14933 = ( GEOMETRIC_REPRESENTATION_CONTEXT(2) 
PARAMETRIC_REPRESENTATION_CONTEXT() REPRESENTATION_CONTEXT('2D SPACE',''
  ) );
#14934 = ORIENTED_EDGE('',*,*,#14886,.T.);
#14935 = ORIENTED_EDGE('',*,*,#14495,.F.);
#14936 = ORIENTED_EDGE('',*,*,#14937,.F.);
#14937 = EDGE_CURVE('',#14912,#14470,#14938,.T.);
#14938 = SURFACE_CURVE('',#14939,(#14943,#14950),.PCURVE_S1.);
#14939 = LINE('',#14940,#14941);
#14940 = CARTESIAN_POINT('',(12.7,89.1,-10.3));
#14941 = VECTOR('',#14942,1.);
#14942 = DIRECTION('',(0.,0.,1.));
#14943 = PCURVE('',#14514,#14944);
#14944 = DEFINITIONAL_REPRESENTATION('',(#14945),#14949);
#14945 = LINE('',#14946,#14947);
#14946 = CARTESIAN_POINT('',(-3.14159265359,0.));
#14947 = VECTOR('',#14948,1.);
#14948 = DIRECTION('',(-0.,-1.));
#14949 = ( GEOMETRIC_REPRESENTATION_CONTEXT(2) 
PARAMETRIC_REPRESENTATION_CONTEXT() REPRESENTATION_CONTEXT('2D SPACE',''
  ) );
#14950 = PCURVE('',#14484,#14951);
#14951 = DEFINITIONAL_REPRESENTATION('',(#14952),#14956);
#14952 = LINE('',#14953,#14954);
#14953 = CARTESIAN_POINT('',(0.,-38.2));
#14954 = VECTOR('',#14955,1.);
#14955 = DIRECTION('',(1.,0.));
#14956 = ( GEOMETRIC_REPRESENTATION_CONTEXT(2) 
PARAMETRIC_REPRESENTATION_CONTEXT() REPRESENTATION_CONTEXT('2D SPACE',''
  ) );
#14957 = ADVANCED_FACE('',(#14958),#14484,.T.);
#14958 = FACE_BOUND('',#14959,.T.);
#14959 = EDGE_LOOP('',(#14960,#14983,#15004,#15005));
#14960 = ORIENTED_EDGE('',*,*,#14961,.F.);
#14961 = EDGE_CURVE('',#14962,#14437,#14964,.T.);
#14962 = VERTEX_POINT('',#14963);
#14963 = CARTESIAN_POINT('',(12.7,50.9,-10.3));
#14964 = SURFACE_CURVE('',#14965,(#14969,#14976),.PCURVE_S1.);
#14965 = LINE('',#14966,#14967);
#14966 = CARTESIAN_POINT('',(12.7,50.9,-10.3));
#14967 = VECTOR('',#14968,1.);
#14968 = DIRECTION('',(0.,0.,1.));
#14969 = PCURVE('',#14484,#14970);
#14970 = DEFINITIONAL_REPRESENTATION('',(#14971),#14975);
#14971 = LINE('',#14972,#14973);
#14972 = CARTESIAN_POINT('',(0.,0.));
#14973 = VECTOR('',#14974,1.);
#14974 = DIRECTION('',(1.,0.));
#14975 = ( GEOMETRIC_REPRESENTATION_CONTEXT(2) 
PARAMETRIC_REPRESENTATION_CONTEXT() REPRESENTATION_CONTEXT('2D SPACE',''
  ) );
#14976 = PCURVE('',#14457,#14977);
#14977 = DEFINITIONAL_REPRESENTATION('',(#14978),#14982);
#14978 = LINE('',#14979,#14980);
#14979 = CARTESIAN_POINT('',(-3.14159265359,0.));
#14980 = VECTOR('',#14981,1.);
#14981 = DIRECTION('',(-0.,-1.));
#14982 = ( GEOMETRIC_REPRESENTATION_CONTEXT(2) 
PARAMETRIC_REPRESENTATION_CONTEXT() REPRESENTATION_CONTEXT('2D SPACE',''
  ) );
#14983 = ORIENTED_EDGE('',*,*,#14984,.T.);
#14984 = EDGE_CURVE('',#14962,#14912,#14985,.T.);
#14985 = SURFACE_CURVE('',#14986,(#14990,#14997),.PCURVE_S1.);
#14986 = LINE('',#14987,#14988);
#14987 = CARTESIAN_POINT('',(12.7,50.9,-10.3));
#14988 = VECTOR('',#14989,1.);
#14989 = DIRECTION('',(0.,1.,0.));
#14990 = PCURVE('',#14484,#14991);
#14991 = DEFINITIONAL_REPRESENTATION('',(#14992),#14996);
#14992 = LINE('',#14993,#14994);
#14993 = CARTESIAN_POINT('',(0.,0.));
#14994 = VECTOR('',#14995,1.);
#14995 = DIRECTION('',(0.,-1.));
#14996 = ( GEOMETRIC_REPRESENTATION_CONTEXT(2) 
PARAMETRIC_REPRESENTATION_CONTEXT() REPRESENTATION_CONTEXT('2D SPACE',''
  ) );
#14997 = PCURVE('',#14874,#14998);
#14998 = DEFINITIONAL_REPRESENTATION('',(#14999),#15003);
#14999 = LINE('',#15000,#15001);
#15000 = CARTESIAN_POINT('',(-6.2,0.));
#15001 = VECTOR('',#15002,1.);
#15002 = DIRECTION('',(0.,1.));
#15003 = ( GEOMETRIC_REPRESENTATION_CONTEXT(2) 
PARAMETRIC_REPRESENTATION_CONTEXT() REPRESENTATION_CONTEXT('2D SPACE',''
  ) );
#15004 = ORIENTED_EDGE('',*,*,#14937,.T.);
#15005 = ORIENTED_EDGE('',*,*,#14469,.F.);
#15006 = ADVANCED_FACE('',(#15007),#14457,.F.);
#15007 = FACE_BOUND('',#15008,.T.);
#15008 = EDGE_LOOP('',(#15009,#15033,#15034,#15035));
#15009 = ORIENTED_EDGE('',*,*,#15010,.F.);
#15010 = EDGE_CURVE('',#14962,#15011,#15013,.T.);
#15011 = VERTEX_POINT('',#15012);
#15012 = CARTESIAN_POINT('',(18.9,44.7,-10.3));
#15013 = SURFACE_CURVE('',#15014,(#15019,#15026),.PCURVE_S1.);
#15014 = CIRCLE('',#15015,6.2);
#15015 = AXIS2_PLACEMENT_3D('',#15016,#15017,#15018);
#15016 = CARTESIAN_POINT('',(18.9,50.9,-10.3));
#15017 = DIRECTION('',(0.,0.,1.));
#15018 = DIRECTION('',(1.,0.,0.));
#15019 = PCURVE('',#14457,#15020);
#15020 = DEFINITIONAL_REPRESENTATION('',(#15021),#15025);
#15021 = LINE('',#15022,#15023);
#15022 = CARTESIAN_POINT('',(-0.,0.));
#15023 = VECTOR('',#15024,1.);
#15024 = DIRECTION('',(-1.,0.));
#15025 = ( GEOMETRIC_REPRESENTATION_CONTEXT(2) 
PARAMETRIC_REPRESENTATION_CONTEXT() REPRESENTATION_CONTEXT('2D SPACE',''
  ) );
#15026 = PCURVE('',#14874,#15027);
#15027 = DEFINITIONAL_REPRESENTATION('',(#15028),#15032);
#15028 = CIRCLE('',#15029,6.2);
#15029 = AXIS2_PLACEMENT_2D('',#15030,#15031);
#15030 = CARTESIAN_POINT('',(0.,0.));
#15031 = DIRECTION('',(1.,0.));
#15032 = ( GEOMETRIC_REPRESENTATION_CONTEXT(2) 
PARAMETRIC_REPRESENTATION_CONTEXT() REPRESENTATION_CONTEXT('2D SPACE',''
  ) );
#15033 = ORIENTED_EDGE('',*,*,#14961,.T.);
#15034 = ORIENTED_EDGE('',*,*,#14436,.F.);
#15035 = ORIENTED_EDGE('',*,*,#15036,.F.);
#15036 = EDGE_CURVE('',#15011,#14411,#15037,.T.);
#15037 = SURFACE_CURVE('',#15038,(#15042,#15049),.PCURVE_S1.);
#15038 = LINE('',#15039,#15040);
#15039 = CARTESIAN_POINT('',(18.9,44.7,-10.3));
#15040 = VECTOR('',#15041,1.);
#15041 = DIRECTION('',(0.,0.,1.));
#15042 = PCURVE('',#14457,#15043);
#15043 = DEFINITIONAL_REPRESENTATION('',(#15044),#15048);
#15044 = LINE('',#15045,#15046);
#15045 = CARTESIAN_POINT('',(-4.712388980385,0.));
#15046 = VECTOR('',#15047,1.);
#15047 = DIRECTION('',(-0.,-1.));
#15048 = ( GEOMETRIC_REPRESENTATION_CONTEXT(2) 
PARAMETRIC_REPRESENTATION_CONTEXT() REPRESENTATION_CONTEXT('2D SPACE',''
  ) );
#15049 = PCURVE('',#14425,#15050);
#15050 = DEFINITIONAL_REPRESENTATION('',(#15051),#15055);
#15051 = LINE('',#15052,#15053);
#15052 = CARTESIAN_POINT('',(0.,0.));
#15053 = VECTOR('',#15054,1.);
#15054 = DIRECTION('',(1.,0.));
#15055 = ( GEOMETRIC_REPRESENTATION_CONTEXT(2) 
PARAMETRIC_REPRESENTATION_CONTEXT() REPRESENTATION_CONTEXT('2D SPACE',''
  ) );
#15056 = ADVANCED_FACE('',(#15057),#14425,.T.);
#15057 = FACE_BOUND('',#15058,.T.);
#15058 = EDGE_LOOP('',(#15059,#15082,#15103,#15104));
#15059 = ORIENTED_EDGE('',*,*,#15060,.F.);
#15060 = EDGE_CURVE('',#15061,#14378,#15063,.T.);
#15061 = VERTEX_POINT('',#15062);
#15062 = CARTESIAN_POINT('',(41.1,44.7,-10.3));
#15063 = SURFACE_CURVE('',#15064,(#15068,#15075),.PCURVE_S1.);
#15064 = LINE('',#15065,#15066);
#15065 = CARTESIAN_POINT('',(41.1,44.7,-10.3));
#15066 = VECTOR('',#15067,1.);
#15067 = DIRECTION('',(0.,0.,1.));
#15068 = PCURVE('',#14425,#15069);
#15069 = DEFINITIONAL_REPRESENTATION('',(#15070),#15074);
#15070 = LINE('',#15071,#15072);
#15071 = CARTESIAN_POINT('',(0.,22.2));
#15072 = VECTOR('',#15073,1.);
#15073 = DIRECTION('',(1.,0.));
#15074 = ( GEOMETRIC_REPRESENTATION_CONTEXT(2) 
PARAMETRIC_REPRESENTATION_CONTEXT() REPRESENTATION_CONTEXT('2D SPACE',''
  ) );
#15075 = PCURVE('',#14398,#15076);
#15076 = DEFINITIONAL_REPRESENTATION('',(#15077),#15081);
#15077 = LINE('',#15078,#15079);
#15078 = CARTESIAN_POINT('',(-4.712388980385,0.));
#15079 = VECTOR('',#15080,1.);
#15080 = DIRECTION('',(-0.,-1.));
#15081 = ( GEOMETRIC_REPRESENTATION_CONTEXT(2) 
PARAMETRIC_REPRESENTATION_CONTEXT() REPRESENTATION_CONTEXT('2D SPACE',''
  ) );
#15082 = ORIENTED_EDGE('',*,*,#15083,.F.);
#15083 = EDGE_CURVE('',#15011,#15061,#15084,.T.);
#15084 = SURFACE_CURVE('',#15085,(#15089,#15096),.PCURVE_S1.);
#15085 = LINE('',#15086,#15087);
#15086 = CARTESIAN_POINT('',(18.9,44.7,-10.3));
#15087 = VECTOR('',#15088,1.);
#15088 = DIRECTION('',(1.,0.,0.));
#15089 = PCURVE('',#14425,#15090);
#15090 = DEFINITIONAL_REPRESENTATION('',(#15091),#15095);
#15091 = LINE('',#15092,#15093);
#15092 = CARTESIAN_POINT('',(0.,0.));
#15093 = VECTOR('',#15094,1.);
#15094 = DIRECTION('',(0.,1.));
#15095 = ( GEOMETRIC_REPRESENTATION_CONTEXT(2) 
PARAMETRIC_REPRESENTATION_CONTEXT() REPRESENTATION_CONTEXT('2D SPACE',''
  ) );
#15096 = PCURVE('',#14874,#15097);
#15097 = DEFINITIONAL_REPRESENTATION('',(#15098),#15102);
#15098 = LINE('',#15099,#15100);
#15099 = CARTESIAN_POINT('',(0.,-6.2));
#15100 = VECTOR('',#15101,1.);
#15101 = DIRECTION('',(1.,0.));
#15102 = ( GEOMETRIC_REPRESENTATION_CONTEXT(2) 
PARAMETRIC_REPRESENTATION_CONTEXT() REPRESENTATION_CONTEXT('2D SPACE',''
  ) );
#15103 = ORIENTED_EDGE('',*,*,#15036,.T.);
#15104 = ORIENTED_EDGE('',*,*,#14410,.F.);
#15105 = ADVANCED_FACE('',(#15106),#14398,.F.);
#15106 = FACE_BOUND('',#15107,.T.);
#15107 = EDGE_LOOP('',(#15108,#15130,#15152,#15153));
#15108 = ORIENTED_EDGE('',*,*,#15109,.F.);
#15109 = EDGE_CURVE('',#15110,#14352,#15112,.T.);
#15110 = VERTEX_POINT('',#15111);
#15111 = CARTESIAN_POINT('',(47.3,50.9,-10.3));
#15112 = SURFACE_CURVE('',#15113,(#15117,#15123),.PCURVE_S1.);
#15113 = LINE('',#15114,#15115);
#15114 = CARTESIAN_POINT('',(47.3,50.9,-10.3));
#15115 = VECTOR('',#15116,1.);
#15116 = DIRECTION('',(0.,0.,1.));
#15117 = PCURVE('',#14398,#15118);
#15118 = DEFINITIONAL_REPRESENTATION('',(#15119),#15122);
#15119 = B_SPLINE_CURVE_WITH_KNOTS('',1,(#15120,#15121),.UNSPECIFIED.,
  .F.,.F.,(2,2),(0.,10.8),.PIECEWISE_BEZIER_KNOTS.);
#15120 = CARTESIAN_POINT('',(-6.28318530718,0.));
#15121 = CARTESIAN_POINT('',(-6.28318530718,-10.8));
#15122 = ( GEOMETRIC_REPRESENTATION_CONTEXT(2) 
PARAMETRIC_REPRESENTATION_CONTEXT() REPRESENTATION_CONTEXT('2D SPACE',''
  ) );
#15123 = PCURVE('',#14366,#15124);
#15124 = DEFINITIONAL_REPRESENTATION('',(#15125),#15129);
#15125 = LINE('',#15126,#15127);
#15126 = CARTESIAN_POINT('',(0.,0.));
#15127 = VECTOR('',#15128,1.);
#15128 = DIRECTION('',(1.,0.));
#15129 = ( GEOMETRIC_REPRESENTATION_CONTEXT(2) 
PARAMETRIC_REPRESENTATION_CONTEXT() REPRESENTATION_CONTEXT('2D SPACE',''
  ) );
#15130 = ORIENTED_EDGE('',*,*,#15131,.F.);
#15131 = EDGE_CURVE('',#15061,#15110,#15132,.T.);
#15132 = SURFACE_CURVE('',#15133,(#15138,#15145),.PCURVE_S1.);
#15133 = CIRCLE('',#15134,6.2);
#15134 = AXIS2_PLACEMENT_3D('',#15135,#15136,#15137);
#15135 = CARTESIAN_POINT('',(41.1,50.9,-10.3));
#15136 = DIRECTION('',(0.,0.,1.));
#15137 = DIRECTION('',(1.,0.,0.));
#15138 = PCURVE('',#14398,#15139);
#15139 = DEFINITIONAL_REPRESENTATION('',(#15140),#15144);
#15140 = LINE('',#15141,#15142);
#15141 = CARTESIAN_POINT('',(-0.,0.));
#15142 = VECTOR('',#15143,1.);
#15143 = DIRECTION('',(-1.,0.));
#15144 = ( GEOMETRIC_REPRESENTATION_CONTEXT(2) 
PARAMETRIC_REPRESENTATION_CONTEXT() REPRESENTATION_CONTEXT('2D SPACE',''
  ) );
#15145 = PCURVE('',#14874,#15146);
#15146 = DEFINITIONAL_REPRESENTATION('',(#15147),#15151);
#15147 = CIRCLE('',#15148,6.2);
#15148 = AXIS2_PLACEMENT_2D('',#15149,#15150);
#15149 = CARTESIAN_POINT('',(22.2,0.));
#15150 = DIRECTION('',(1.,0.));
#15151 = ( GEOMETRIC_REPRESENTATION_CONTEXT(2) 
PARAMETRIC_REPRESENTATION_CONTEXT() REPRESENTATION_CONTEXT('2D SPACE',''
  ) );
#15152 = ORIENTED_EDGE('',*,*,#15060,.T.);
#15153 = ORIENTED_EDGE('',*,*,#14377,.F.);
#15154 = ADVANCED_FACE('',(#15155),#14366,.F.);
#15155 = FACE_BOUND('',#15156,.F.);
#15156 = EDGE_LOOP('',(#15157,#15158,#15181,#15201));
#15157 = ORIENTED_EDGE('',*,*,#15109,.F.);
#15158 = ORIENTED_EDGE('',*,*,#15159,.T.);
#15159 = EDGE_CURVE('',#15110,#15160,#15162,.T.);
#15160 = VERTEX_POINT('',#15161);
#15161 = CARTESIAN_POINT('',(47.3,89.1,-10.3));
#15162 = SURFACE_CURVE('',#15163,(#15167,#15174),.PCURVE_S1.);
#15163 = LINE('',#15164,#15165);
#15164 = CARTESIAN_POINT('',(47.3,50.9,-10.3));
#15165 = VECTOR('',#15166,1.);
#15166 = DIRECTION('',(0.,1.,0.));
#15167 = PCURVE('',#14366,#15168);
#15168 = DEFINITIONAL_REPRESENTATION('',(#15169),#15173);
#15169 = LINE('',#15170,#15171);
#15170 = CARTESIAN_POINT('',(0.,0.));
#15171 = VECTOR('',#15172,1.);
#15172 = DIRECTION('',(0.,-1.));
#15173 = ( GEOMETRIC_REPRESENTATION_CONTEXT(2) 
PARAMETRIC_REPRESENTATION_CONTEXT() REPRESENTATION_CONTEXT('2D SPACE',''
  ) );
#15174 = PCURVE('',#14874,#15175);
#15175 = DEFINITIONAL_REPRESENTATION('',(#15176),#15180);
#15176 = LINE('',#15177,#15178);
#15177 = CARTESIAN_POINT('',(28.4,0.));
#15178 = VECTOR('',#15179,1.);
#15179 = DIRECTION('',(0.,1.));
#15180 = ( GEOMETRIC_REPRESENTATION_CONTEXT(2) 
PARAMETRIC_REPRESENTATION_CONTEXT() REPRESENTATION_CONTEXT('2D SPACE',''
  ) );
#15181 = ORIENTED_EDGE('',*,*,#15182,.T.);
#15182 = EDGE_CURVE('',#15160,#14319,#15183,.T.);
#15183 = SURFACE_CURVE('',#15184,(#15188,#15195),.PCURVE_S1.);
#15184 = LINE('',#15185,#15186);
#15185 = CARTESIAN_POINT('',(47.3,89.1,-10.3));
#15186 = VECTOR('',#15187,1.);
#15187 = DIRECTION('',(0.,0.,1.));
#15188 = PCURVE('',#14366,#15189);
#15189 = DEFINITIONAL_REPRESENTATION('',(#15190),#15194);
#15190 = LINE('',#15191,#15192);
#15191 = CARTESIAN_POINT('',(0.,-38.2));
#15192 = VECTOR('',#15193,1.);
#15193 = DIRECTION('',(1.,0.));
#15194 = ( GEOMETRIC_REPRESENTATION_CONTEXT(2) 
PARAMETRIC_REPRESENTATION_CONTEXT() REPRESENTATION_CONTEXT('2D SPACE',''
  ) );
#15195 = PCURVE('',#14339,#15196);
#15196 = DEFINITIONAL_REPRESENTATION('',(#15197),#15200);
#15197 = B_SPLINE_CURVE_WITH_KNOTS('',1,(#15198,#15199),.UNSPECIFIED.,
  .F.,.F.,(2,2),(0.,10.8),.PIECEWISE_BEZIER_KNOTS.);
#15198 = CARTESIAN_POINT('',(0.,0.));
#15199 = CARTESIAN_POINT('',(0.,-10.8));
#15200 = ( GEOMETRIC_REPRESENTATION_CONTEXT(2) 
PARAMETRIC_REPRESENTATION_CONTEXT() REPRESENTATION_CONTEXT('2D SPACE',''
  ) );
#15201 = ORIENTED_EDGE('',*,*,#14351,.F.);
#15202 = ADVANCED_FACE('',(#15203),#14339,.F.);
#15203 = FACE_BOUND('',#15204,.T.);
#15204 = EDGE_LOOP('',(#15205,#15227,#15228,#15229));
#15205 = ORIENTED_EDGE('',*,*,#15206,.F.);
#15206 = EDGE_CURVE('',#15160,#14836,#15207,.T.);
#15207 = SURFACE_CURVE('',#15208,(#15213,#15220),.PCURVE_S1.);
#15208 = CIRCLE('',#15209,6.2);
#15209 = AXIS2_PLACEMENT_3D('',#15210,#15211,#15212);
#15210 = CARTESIAN_POINT('',(41.1,89.1,-10.3));
#15211 = DIRECTION('',(0.,0.,1.));
#15212 = DIRECTION('',(1.,0.,0.));
#15213 = PCURVE('',#14339,#15214);
#15214 = DEFINITIONAL_REPRESENTATION('',(#15215),#15219);
#15215 = LINE('',#15216,#15217);
#15216 = CARTESIAN_POINT('',(-0.,0.));
#15217 = VECTOR('',#15218,1.);
#15218 = DIRECTION('',(-1.,0.));
#15219 = ( GEOMETRIC_REPRESENTATION_CONTEXT(2) 
PARAMETRIC_REPRESENTATION_CONTEXT() REPRESENTATION_CONTEXT('2D SPACE',''
  ) );
#15220 = PCURVE('',#14874,#15221);
#15221 = DEFINITIONAL_REPRESENTATION('',(#15222),#15226);
#15222 = CIRCLE('',#15223,6.2);
#15223 = AXIS2_PLACEMENT_2D('',#15224,#15225);
#15224 = CARTESIAN_POINT('',(22.2,38.2));
#15225 = DIRECTION('',(1.,0.));
#15226 = ( GEOMETRIC_REPRESENTATION_CONTEXT(2) 
PARAMETRIC_REPRESENTATION_CONTEXT() REPRESENTATION_CONTEXT('2D SPACE',''
  ) );
#15227 = ORIENTED_EDGE('',*,*,#15182,.T.);
#15228 = ORIENTED_EDGE('',*,*,#14318,.F.);
#15229 = ORIENTED_EDGE('',*,*,#14835,.F.);
#15230 = ADVANCED_FACE('',(#15231),#14553,.F.);
#15231 = FACE_BOUND('',#15232,.T.);
#15232 = EDGE_LOOP('',(#15233,#15262,#15283,#15284));
#15233 = ORIENTED_EDGE('',*,*,#15234,.F.);
#15234 = EDGE_CURVE('',#15235,#15235,#15237,.T.);
#15235 = VERTEX_POINT('',#15236);
#15236 = CARTESIAN_POINT('',(7.1,99.,-6.3));
#15237 = SURFACE_CURVE('',#15238,(#15243,#15250),.PCURVE_S1.);
#15238 = CIRCLE('',#15239,1.1);
#15239 = AXIS2_PLACEMENT_3D('',#15240,#15241,#15242);
#15240 = CARTESIAN_POINT('',(6.,99.,-6.3));
#15241 = DIRECTION('',(0.,0.,1.));
#15242 = DIRECTION('',(1.,0.,0.));
#15243 = PCURVE('',#14553,#15244);
#15244 = DEFINITIONAL_REPRESENTATION('',(#15245),#15249);
#15245 = LINE('',#15246,#15247);
#15246 = CARTESIAN_POINT('',(-0.,0.));
#15247 = VECTOR('',#15248,1.);
#15248 = DIRECTION('',(-1.,0.));
#15249 = ( GEOMETRIC_REPRESENTATION_CONTEXT(2) 
PARAMETRIC_REPRESENTATION_CONTEXT() REPRESENTATION_CONTEXT('2D SPACE',''
  ) );
#15250 = PCURVE('',#15251,#15256);
#15251 = PLANE('',#15252);
#15252 = AXIS2_PLACEMENT_3D('',#15253,#15254,#15255);
#15253 = CARTESIAN_POINT('',(6.,99.,-6.3));
#15254 = DIRECTION('',(0.,0.,1.));
#15255 = DIRECTION('',(1.,0.,-0.));
#15256 = DEFINITIONAL_REPRESENTATION('',(#15257),#15261);
#15257 = CIRCLE('',#15258,1.1);
#15258 = AXIS2_PLACEMENT_2D('',#15259,#15260);
#15259 = CARTESIAN_POINT('',(0.,0.));
#15260 = DIRECTION('',(1.,0.));
#15261 = ( GEOMETRIC_REPRESENTATION_CONTEXT(2) 
PARAMETRIC_REPRESENTATION_CONTEXT() REPRESENTATION_CONTEXT('2D SPACE',''
  ) );
#15262 = ORIENTED_EDGE('',*,*,#15263,.T.);
#15263 = EDGE_CURVE('',#15235,#14533,#15264,.T.);
#15264 = SEAM_CURVE('',#15265,(#15269,#15276),.PCURVE_S1.);
#15265 = LINE('',#15266,#15267);
#15266 = CARTESIAN_POINT('',(7.1,99.,-6.3));
#15267 = VECTOR('',#15268,1.);
#15268 = DIRECTION('',(0.,0.,1.));
#15269 = PCURVE('',#14553,#15270);
#15270 = DEFINITIONAL_REPRESENTATION('',(#15271),#15275);
#15271 = LINE('',#15272,#15273);
#15272 = CARTESIAN_POINT('',(-6.28318530718,0.));
#15273 = VECTOR('',#15274,1.);
#15274 = DIRECTION('',(-0.,-1.));
#15275 = ( GEOMETRIC_REPRESENTATION_CONTEXT(2) 
PARAMETRIC_REPRESENTATION_CONTEXT() REPRESENTATION_CONTEXT('2D SPACE',''
  ) );
#15276 = PCURVE('',#14553,#15277);
#15277 = DEFINITIONAL_REPRESENTATION('',(#15278),#15282);
#15278 = LINE('',#15279,#15280);
#15279 = CARTESIAN_POINT('',(-0.,0.));
#15280 = VECTOR('',#15281,1.);
#15281 = DIRECTION('',(-0.,-1.));
#15282 = ( GEOMETRIC_REPRESENTATION_CONTEXT(2) 
PARAMETRIC_REPRESENTATION_CONTEXT() REPRESENTATION_CONTEXT('2D SPACE',''
  ) );
#15283 = ORIENTED_EDGE('',*,*,#14532,.F.);
#15284 = ORIENTED_EDGE('',*,*,#15263,.F.);
#15285 = ADVANCED_FACE('',(#15286),#14592,.F.);
#15286 = FACE_BOUND('',#15287,.T.);
#15287 = EDGE_LOOP('',(#15288,#15317,#15338,#15339));
#15288 = ORIENTED_EDGE('',*,*,#15289,.F.);
#15289 = EDGE_CURVE('',#15290,#15290,#15292,.T.);
#15290 = VERTEX_POINT('',#15291);
#15291 = CARTESIAN_POINT('',(55.1,99.,-6.3));
#15292 = SURFACE_CURVE('',#15293,(#15298,#15305),.PCURVE_S1.);
#15293 = CIRCLE('',#15294,1.1);
#15294 = AXIS2_PLACEMENT_3D('',#15295,#15296,#15297);
#15295 = CARTESIAN_POINT('',(54.,99.,-6.3));
#15296 = DIRECTION('',(0.,0.,1.));
#15297 = DIRECTION('',(1.,0.,0.));
#15298 = PCURVE('',#14592,#15299);
#15299 = DEFINITIONAL_REPRESENTATION('',(#15300),#15304);
#15300 = LINE('',#15301,#15302);
#15301 = CARTESIAN_POINT('',(-0.,0.));
#15302 = VECTOR('',#15303,1.);
#15303 = DIRECTION('',(-1.,0.));
#15304 = ( GEOMETRIC_REPRESENTATION_CONTEXT(2) 
PARAMETRIC_REPRESENTATION_CONTEXT() REPRESENTATION_CONTEXT('2D SPACE',''
  ) );
#15305 = PCURVE('',#15306,#15311);
#15306 = PLANE('',#15307);
#15307 = AXIS2_PLACEMENT_3D('',#15308,#15309,#15310);
#15308 = CARTESIAN_POINT('',(54.,99.,-6.3));
#15309 = DIRECTION('',(0.,0.,1.));
#15310 = DIRECTION('',(1.,0.,-0.));
#15311 = DEFINITIONAL_REPRESENTATION('',(#15312),#15316);
#15312 = CIRCLE('',#15313,1.1);
#15313 = AXIS2_PLACEMENT_2D('',#15314,#15315);
#15314 = CARTESIAN_POINT('',(0.,0.));
#15315 = DIRECTION('',(1.,0.));
#15316 = ( GEOMETRIC_REPRESENTATION_CONTEXT(2) 
PARAMETRIC_REPRESENTATION_CONTEXT() REPRESENTATION_CONTEXT('2D SPACE',''
  ) );
#15317 = ORIENTED_EDGE('',*,*,#15318,.T.);
#15318 = EDGE_CURVE('',#15290,#14572,#15319,.T.);
#15319 = SEAM_CURVE('',#15320,(#15324,#15331),.PCURVE_S1.);
#15320 = LINE('',#15321,#15322);
#15321 = CARTESIAN_POINT('',(55.1,99.,-6.3));
#15322 = VECTOR('',#15323,1.);
#15323 = DIRECTION('',(0.,0.,1.));
#15324 = PCURVE('',#14592,#15325);
#15325 = DEFINITIONAL_REPRESENTATION('',(#15326),#15330);
#15326 = LINE('',#15327,#15328);
#15327 = CARTESIAN_POINT('',(-6.28318530718,0.));
#15328 = VECTOR('',#15329,1.);
#15329 = DIRECTION('',(-0.,-1.));
#15330 = ( GEOMETRIC_REPRESENTATION_CONTEXT(2) 
PARAMETRIC_REPRESENTATION_CONTEXT() REPRESENTATION_CONTEXT('2D SPACE',''
  ) );
#15331 = PCURVE('',#14592,#15332);
#15332 = DEFINITIONAL_REPRESENTATION('',(#15333),#15337);
#15333 = LINE('',#15334,#15335);
#15334 = CARTESIAN_POINT('',(-0.,0.));
#15335 = VECTOR('',#15336,1.);
#15336 = DIRECTION('',(-0.,-1.));
#15337 = ( GEOMETRIC_REPRESENTATION_CONTEXT(2) 
PARAMETRIC_REPRESENTATION_CONTEXT() REPRESENTATION_CONTEXT('2D SPACE',''
  ) );
#15338 = ORIENTED_EDGE('',*,*,#14571,.F.);
#15339 = ORIENTED_EDGE('',*,*,#15318,.F.);
#15340 = ADVANCED_FACE('',(#15341),#14742,.T.);
#15341 = FACE_BOUND('',#15342,.T.);
#15342 = EDGE_LOOP('',(#15343));
#15343 = ORIENTED_EDGE('',*,*,#14725,.T.);
#15344 = ADVANCED_FACE('',(#15345),#14797,.T.);
#15345 = FACE_BOUND('',#15346,.T.);
#15346 = EDGE_LOOP('',(#15347));
#15347 = ORIENTED_EDGE('',*,*,#14780,.T.);
#15348 = ADVANCED_FACE('',(#15349),#14874,.T.);
#15349 = FACE_BOUND('',#15350,.T.);
#15350 = EDGE_LOOP('',(#15351,#15352,#15353,#15354,#15355,#15356,#15357,
    #15358));
#15351 = ORIENTED_EDGE('',*,*,#14858,.F.);
#15352 = ORIENTED_EDGE('',*,*,#14911,.T.);
#15353 = ORIENTED_EDGE('',*,*,#14984,.F.);
#15354 = ORIENTED_EDGE('',*,*,#15010,.T.);
#15355 = ORIENTED_EDGE('',*,*,#15083,.T.);
#15356 = ORIENTED_EDGE('',*,*,#15131,.T.);
#15357 = ORIENTED_EDGE('',*,*,#15159,.T.);
#15358 = ORIENTED_EDGE('',*,*,#15206,.T.);
#15359 = ADVANCED_FACE('',(#15360),#15251,.T.);
#15360 = FACE_BOUND('',#15361,.T.);
#15361 = EDGE_LOOP('',(#15362));
#15362 = ORIENTED_EDGE('',*,*,#15234,.T.);
#15363 = ADVANCED_FACE('',(#15364),#15306,.T.);
#15364 = FACE_BOUND('',#15365,.T.);
#15365 = EDGE_LOOP('',(#15366));
#15366 = ORIENTED_EDGE('',*,*,#15289,.T.);
#15367 = ( GEOMETRIC_REPRESENTATION_CONTEXT(3) 
GLOBAL_UNCERTAINTY_ASSIGNED_CONTEXT((#15371)) 
GLOBAL_UNIT_ASSIGNED_CONTEXT((#15368,#15369,#15370)) 
REPRESENTATION_CONTEXT('Context #1',
  '3D Context with UNIT and UNCERTAINTY') );
#15368 = ( LENGTH_UNIT() NAMED_UNIT(*) SI_UNIT(.MILLI.,.METRE.) );
#15369 = ( NAMED_UNIT(*) PLANE_ANGLE_UNIT() SI_UNIT($,.RADIAN.) );
#15370 = ( NAMED_UNIT(*) SI_UNIT($,.STERADIAN.) SOLID_ANGLE_UNIT() );
#15371 = UNCERTAINTY_MEASURE_WITH_UNIT(LENGTH_MEASURE(1.E-07),#15368,
  'distance_accuracy_value','confusion accuracy');
#15372 = PRODUCT_RELATED_PRODUCT_CATEGORY('part',$,(#7));
ENDSEC;
END-ISO-10303-21;
