ISO-10303-21;
HEADER;
FILE_DESCRIPTION(('Open CASCADE Model'),'2;1');
FILE_NAME('Open CASCADE Shape Model','2026-09-13T21:32:18',('Author'),(
    'Open CASCADE'),'Open CASCADE STEP processor 7.9','Open CASCADE 7.9'
  ,'Unknown');
FILE_SCHEMA(('AUTOMOTIVE_DESIGN { 1 0 10303 214 1 1 1 1 }'));
ENDSEC;
DATA;
#1 = APPLICATION_PROTOCOL_DEFINITION('international standard',
  'automotive_design',2000,#2);
#2 = APPLICATION_CONTEXT(
  'core data for automotive mechanical design processes');
#3 = SHAPE_DEFINITION_REPRESENTATION(#4,#10);
#4 = PRODUCT_DEFINITION_SHAPE('','',#5);
#5 = PRODUCT_DEFINITION('design','',#6,#9);
#6 = PRODUCT_DEFINITION_FORMATION('','',#7);
#7 = PRODUCT('Open CASCADE STEP translator 7.9 2',
  'Open CASCADE STEP translator 7.9 2','',(#8));
#8 = PRODUCT_CONTEXT('',#2,'mechanical');
#9 = PRODUCT_DEFINITION_CONTEXT('part definition',#2,'design');
#10 = ADVANCED_BREP_SHAPE_REPRESENTATION('',(#11,#15),#17043);
#11 = AXIS2_PLACEMENT_3D('',#12,#13,#14);
#12 = CARTESIAN_POINT('',(0.,0.,0.));
#13 = DIRECTION('',(0.,0.,1.));
#14 = DIRECTION('',(1.,0.,-0.));
#15 = MANIFOLD_SOLID_BREP('',#16);
#16 = CLOSED_SHELL('',(#17,#670,#881,#930,#1081,#1130,#1178,#1326,#1472,
    #1521,#1568,#1716,#1765,#1911,#1959,#2007,#2155,#2301,#2351,#2398,
    #2545,#2697,#2746,#2794,#2822,#2899,#2953,#3024,#3400,#3479,#4148,
    #4203,#4251,#4330,#4449,#4480,#4487,#4567,#4622,#4676,#4722,#4747,
    #4754,#4932,#4987,#5035,#5094,#5200,#5207,#5213,#5268,#5322,#5368,
    #5491,#5498,#5526,#5650,#5978,#6005,#6094,#6121,#6191,#6267,#6292,
    #6318,#6344,#6351,#6542,#6595,#7057,#7133,#7215,#7287,#7474,#7577,
    #7582,#7632,#7681,#7731,#7778,#7828,#7877,#7926,#7974,#8057,#8128,
    #8133,#8319,#8401,#8450,#9982,#10174,#10224,#10274,#10395,#10502,
    #10637,#10685,#10784,#10811,#10836,#10907,#11026,#11076,#11125,
    #11173,#11289,#11338,#11345,#11351,#11456,#11585,#11660,#11687,
    #11715,#11721,#11771,#11819,#11850,#11857,#11932,#11959,#11986,
    #11993,#12043,#12091,#12123,#12129,#12184,#12256,#12330,#12427,
    #12434,#12462,#12517,#12545,#12577,#12632,#12667,#13008,#13056,
    #13135,#13160,#13309,#13358,#13475,#13502,#13529,#13556,#13611,
    #13760,#13809,#13858,#13953,#13980,#14007,#14156,#14205,#14254,
    #14349,#14376,#14403,#14458,#14607,#14656,#14705,#14800,#14827,
    #14854,#15003,#15052,#15101,#15196,#15223,#15250,#15255,#15310,
    #15315,#15370,#15397,#15424,#15451,#15478,#15485,#15492,#15567,
    #15573,#15627,#15684,#15711,#15745,#15826,#16040,#16090,#16238,
    #16268,#16275,#16279,#16283,#16310,#16336,#16368,#16373,#16399,
    #16431,#16436,#16463,#16470,#16477,#16516,#16523,#16530,#16537,
    #16544,#16583,#16590,#16597,#16604,#16611,#16650,#16689,#16694,
    #16739,#16766,#16773,#16800,#16807,#16862,#16917,#16972,#17027,
    #17031,#17035,#17039));
#17 = ADVANCED_FACE('',(#18),#32,.T.);
#18 = FACE_BOUND('',#19,.T.);
#19 = EDGE_LOOP('',(#20,#55,#84,#112,#141,#169,#195,#221,#254,#280,#306,
    #339,#365,#391,#417,#443,#469,#502,#528,#554,#587,#613,#639));
#20 = ORIENTED_EDGE('',*,*,#21,.T.);
#21 = EDGE_CURVE('',#22,#24,#26,.T.);
#22 = VERTEX_POINT('',#23);
#23 = CARTESIAN_POINT('',(25.383739111465,-5.,0.44));
#24 = VERTEX_POINT('',#25);
#25 = CARTESIAN_POINT('',(53.5,-5.,0.44));
#26 = SURFACE_CURVE('',#27,(#31,#43),.PCURVE_S1.);
#27 = LINE('',#28,#29);
#28 = CARTESIAN_POINT('',(6.5,-5.,0.44));
#29 = VECTOR('',#30,1.);
#30 = DIRECTION('',(1.,0.,0.));
#31 = PCURVE('',#32,#37);
#32 = PLANE('',#33);
#33 = AXIS2_PLACEMENT_3D('',#34,#35,#36);
#34 = CARTESIAN_POINT('',(6.5,-5.,0.44));
#35 = DIRECTION('',(0.,0.,1.));
#36 = DIRECTION('',(1.,0.,0.));
#37 = DEFINITIONAL_REPRESENTATION('',(#38),#42);
#38 = LINE('',#39,#40);
#39 = CARTESIAN_POINT('',(0.,0.));
#40 = VECTOR('',#41,1.);
#41 = DIRECTION('',(1.,0.));
#42 = ( GEOMETRIC_REPRESENTATION_CONTEXT(2) 
PARAMETRIC_REPRESENTATION_CONTEXT() REPRESENTATION_CONTEXT('2D SPACE',''
  ) );
#43 = PCURVE('',#44,#49);
#44 = PLANE('',#45);
#45 = AXIS2_PLACEMENT_3D('',#46,#47,#48);
#46 = CARTESIAN_POINT('',(6.5,-5.,-13.5));
#47 = DIRECTION('',(0.,1.,0.));
#48 = DIRECTION('',(0.,0.,1.));
#49 = DEFINITIONAL_REPRESENTATION('',(#50),#54);
#50 = LINE('',#51,#52);
#51 = CARTESIAN_POINT('',(13.94,0.));
#52 = VECTOR('',#53,1.);
#53 = DIRECTION('',(0.,1.));
#54 = ( GEOMETRIC_REPRESENTATION_CONTEXT(2) 
PARAMETRIC_REPRESENTATION_CONTEXT() REPRESENTATION_CONTEXT('2D SPACE',''
  ) );
#55 = ORIENTED_EDGE('',*,*,#56,.T.);
#56 = EDGE_CURVE('',#24,#57,#59,.T.);
#57 = VERTEX_POINT('',#58);
#58 = CARTESIAN_POINT('',(64.5,6.,0.44));
#59 = SURFACE_CURVE('',#60,(#65,#72),.PCURVE_S1.);
#60 = CIRCLE('',#61,11.);
#61 = AXIS2_PLACEMENT_3D('',#62,#63,#64);
#62 = CARTESIAN_POINT('',(53.5,6.,0.44));
#63 = DIRECTION('',(0.,0.,1.));
#64 = DIRECTION('',(1.,0.,0.));
#65 = PCURVE('',#32,#66);
#66 = DEFINITIONAL_REPRESENTATION('',(#67),#71);
#67 = CIRCLE('',#68,11.);
#68 = AXIS2_PLACEMENT_2D('',#69,#70);
#69 = CARTESIAN_POINT('',(47.,11.));
#70 = DIRECTION('',(1.,0.));
#71 = ( GEOMETRIC_REPRESENTATION_CONTEXT(2) 
PARAMETRIC_REPRESENTATION_CONTEXT() REPRESENTATION_CONTEXT('2D SPACE',''
  ) );
#72 = PCURVE('',#73,#78);
#73 = CYLINDRICAL_SURFACE('',#74,11.);
#74 = AXIS2_PLACEMENT_3D('',#75,#76,#77);
#75 = CARTESIAN_POINT('',(53.5,6.,-13.5));
#76 = DIRECTION('',(-0.,-0.,-1.));
#77 = DIRECTION('',(1.,0.,0.));
#78 = DEFINITIONAL_REPRESENTATION('',(#79),#83);
#79 = LINE('',#80,#81);
#80 = CARTESIAN_POINT('',(-0.,-13.94));
#81 = VECTOR('',#82,1.);
#82 = DIRECTION('',(-1.,0.));
#83 = ( GEOMETRIC_REPRESENTATION_CONTEXT(2) 
PARAMETRIC_REPRESENTATION_CONTEXT() REPRESENTATION_CONTEXT('2D SPACE',''
  ) );
#84 = ORIENTED_EDGE('',*,*,#85,.T.);
#85 = EDGE_CURVE('',#57,#86,#88,.T.);
#86 = VERTEX_POINT('',#87);
#87 = CARTESIAN_POINT('',(64.5,99.,0.44));
#88 = SURFACE_CURVE('',#89,(#93,#100),.PCURVE_S1.);
#89 = LINE('',#90,#91);
#90 = CARTESIAN_POINT('',(64.5,6.,0.44));
#91 = VECTOR('',#92,1.);
#92 = DIRECTION('',(0.,1.,0.));
#93 = PCURVE('',#32,#94);
#94 = DEFINITIONAL_REPRESENTATION('',(#95),#99);
#95 = LINE('',#96,#97);
#96 = CARTESIAN_POINT('',(58.,11.));
#97 = VECTOR('',#98,1.);
#98 = DIRECTION('',(0.,1.));
#99 = ( GEOMETRIC_REPRESENTATION_CONTEXT(2) 
PARAMETRIC_REPRESENTATION_CONTEXT() REPRESENTATION_CONTEXT('2D SPACE',''
  ) );
#100 = PCURVE('',#101,#106);
#101 = PLANE('',#102);
#102 = AXIS2_PLACEMENT_3D('',#103,#104,#105);
#103 = CARTESIAN_POINT('',(64.5,6.,-13.5));
#104 = DIRECTION('',(1.,0.,0.));
#105 = DIRECTION('',(0.,0.,1.));
#106 = DEFINITIONAL_REPRESENTATION('',(#107),#111);
#107 = LINE('',#108,#109);
#108 = CARTESIAN_POINT('',(13.94,0.));
#109 = VECTOR('',#110,1.);
#110 = DIRECTION('',(0.,-1.));
#111 = ( GEOMETRIC_REPRESENTATION_CONTEXT(2) 
PARAMETRIC_REPRESENTATION_CONTEXT() REPRESENTATION_CONTEXT('2D SPACE',''
  ) );
#112 = ORIENTED_EDGE('',*,*,#113,.T.);
#113 = EDGE_CURVE('',#86,#114,#116,.T.);
#114 = VERTEX_POINT('',#115);
#115 = CARTESIAN_POINT('',(53.5,110.,0.44));
#116 = SURFACE_CURVE('',#117,(#122,#129),.PCURVE_S1.);
#117 = CIRCLE('',#118,11.);
#118 = AXIS2_PLACEMENT_3D('',#119,#120,#121);
#119 = CARTESIAN_POINT('',(53.5,99.,0.44));
#120 = DIRECTION('',(0.,0.,1.));
#121 = DIRECTION('',(1.,0.,0.));
#122 = PCURVE('',#32,#123);
#123 = DEFINITIONAL_REPRESENTATION('',(#124),#128);
#124 = CIRCLE('',#125,11.);
#125 = AXIS2_PLACEMENT_2D('',#126,#127);
#126 = CARTESIAN_POINT('',(47.,104.));
#127 = DIRECTION('',(1.,0.));
#128 = ( GEOMETRIC_REPRESENTATION_CONTEXT(2) 
PARAMETRIC_REPRESENTATION_CONTEXT() REPRESENTATION_CONTEXT('2D SPACE',''
  ) );
#129 = PCURVE('',#130,#135);
#130 = CYLINDRICAL_SURFACE('',#131,11.);
#131 = AXIS2_PLACEMENT_3D('',#132,#133,#134);
#132 = CARTESIAN_POINT('',(53.5,99.,-13.5));
#133 = DIRECTION('',(-0.,-0.,-1.));
#134 = DIRECTION('',(1.,0.,0.));
#135 = DEFINITIONAL_REPRESENTATION('',(#136),#140);
#136 = LINE('',#137,#138);
#137 = CARTESIAN_POINT('',(-0.,-13.94));
#138 = VECTOR('',#139,1.);
#139 = DIRECTION('',(-1.,0.));
#140 = ( GEOMETRIC_REPRESENTATION_CONTEXT(2) 
PARAMETRIC_REPRESENTATION_CONTEXT() REPRESENTATION_CONTEXT('2D SPACE',''
  ) );
#141 = ORIENTED_EDGE('',*,*,#142,.F.);
#142 = EDGE_CURVE('',#143,#114,#145,.T.);
#143 = VERTEX_POINT('',#144);
#144 = CARTESIAN_POINT('',(48.965,110.,0.44));
#145 = SURFACE_CURVE('',#146,(#150,#157),.PCURVE_S1.);
#146 = LINE('',#147,#148);
#147 = CARTESIAN_POINT('',(6.5,110.,0.44));
#148 = VECTOR('',#149,1.);
#149 = DIRECTION('',(1.,0.,0.));
#150 = PCURVE('',#32,#151);
#151 = DEFINITIONAL_REPRESENTATION('',(#152),#156);
#152 = LINE('',#153,#154);
#153 = CARTESIAN_POINT('',(0.,115.));
#154 = VECTOR('',#155,1.);
#155 = DIRECTION('',(1.,0.));
#156 = ( GEOMETRIC_REPRESENTATION_CONTEXT(2) 
PARAMETRIC_REPRESENTATION_CONTEXT() REPRESENTATION_CONTEXT('2D SPACE',''
  ) );
#157 = PCURVE('',#158,#163);
#158 = PLANE('',#159);
#159 = AXIS2_PLACEMENT_3D('',#160,#161,#162);
#160 = CARTESIAN_POINT('',(6.5,110.,-13.5));
#161 = DIRECTION('',(0.,1.,0.));
#162 = DIRECTION('',(0.,0.,1.));
#163 = DEFINITIONAL_REPRESENTATION('',(#164),#168);
#164 = LINE('',#165,#166);
#165 = CARTESIAN_POINT('',(13.94,0.));
#166 = VECTOR('',#167,1.);
#167 = DIRECTION('',(0.,1.));
#168 = ( GEOMETRIC_REPRESENTATION_CONTEXT(2) 
PARAMETRIC_REPRESENTATION_CONTEXT() REPRESENTATION_CONTEXT('2D SPACE',''
  ) );
#169 = ORIENTED_EDGE('',*,*,#170,.F.);
#170 = EDGE_CURVE('',#171,#143,#173,.T.);
#171 = VERTEX_POINT('',#172);
#172 = CARTESIAN_POINT('',(48.965,108.025,0.44));
#173 = SURFACE_CURVE('',#174,(#178,#184),.PCURVE_S1.);
#174 = LINE('',#175,#176);
#175 = CARTESIAN_POINT('',(48.965,53.65,0.44));
#176 = VECTOR('',#177,1.);
#177 = DIRECTION('',(0.,1.,0.));
#178 = PCURVE('',#32,#179);
#179 = DEFINITIONAL_REPRESENTATION('',(#180),#183);
#180 = B_SPLINE_CURVE_WITH_KNOTS('',1,(#181,#182),.UNSPECIFIED.,.F.,.F.,
  (2,2),(51.85,56.35),.PIECEWISE_BEZIER_KNOTS.);
#181 = CARTESIAN_POINT('',(42.465,110.5));
#182 = CARTESIAN_POINT('',(42.465,115.));
#183 = ( GEOMETRIC_REPRESENTATION_CONTEXT(2) 
PARAMETRIC_REPRESENTATION_CONTEXT() REPRESENTATION_CONTEXT('2D SPACE',''
  ) );
#184 = PCURVE('',#185,#190);
#185 = PLANE('',#186);
#186 = AXIS2_PLACEMENT_3D('',#187,#188,#189);
#187 = CARTESIAN_POINT('',(48.965,112.3,3.));
#188 = DIRECTION('',(1.,0.,0.));
#189 = DIRECTION('',(-0.,0.,1.));
#190 = DEFINITIONAL_REPRESENTATION('',(#191),#194);
#191 = B_SPLINE_CURVE_WITH_KNOTS('',1,(#192,#193),.UNSPECIFIED.,.F.,.F.,
  (2,2),(51.85,56.35),.PIECEWISE_BEZIER_KNOTS.);
#192 = CARTESIAN_POINT('',(-2.56,6.8));
#193 = CARTESIAN_POINT('',(-2.56,2.3));
#194 = ( GEOMETRIC_REPRESENTATION_CONTEXT(2) 
PARAMETRIC_REPRESENTATION_CONTEXT() REPRESENTATION_CONTEXT('2D SPACE',''
  ) );
#195 = ORIENTED_EDGE('',*,*,#196,.F.);
#196 = EDGE_CURVE('',#197,#171,#199,.T.);
#197 = VERTEX_POINT('',#198);
#198 = CARTESIAN_POINT('',(53.505,108.025,0.44));
#199 = SURFACE_CURVE('',#200,(#204,#210),.PCURVE_S1.);
#200 = LINE('',#201,#202);
#201 = CARTESIAN_POINT('',(6.4975,108.025,0.44));
#202 = VECTOR('',#203,1.);
#203 = DIRECTION('',(-1.,0.,0.));
#204 = PCURVE('',#32,#205);
#205 = DEFINITIONAL_REPRESENTATION('',(#206),#209);
#206 = B_SPLINE_CURVE_WITH_KNOTS('',1,(#207,#208),.UNSPECIFIED.,.F.,.F.,
  (2,2),(-47.0075,2.500000000003E-03),.PIECEWISE_BEZIER_KNOTS.);
#207 = CARTESIAN_POINT('',(47.005,113.025));
#208 = CARTESIAN_POINT('',(-5.000000000006E-03,113.025));
#209 = ( GEOMETRIC_REPRESENTATION_CONTEXT(2) 
PARAMETRIC_REPRESENTATION_CONTEXT() REPRESENTATION_CONTEXT('2D SPACE',''
  ) );
#210 = PCURVE('',#211,#216);
#211 = PLANE('',#212);
#212 = AXIS2_PLACEMENT_3D('',#213,#214,#215);
#213 = CARTESIAN_POINT('',(6.495,108.025,0.35));
#214 = DIRECTION('',(0.,1.,0.));
#215 = DIRECTION('',(0.,0.,1.));
#216 = DEFINITIONAL_REPRESENTATION('',(#217),#220);
#217 = B_SPLINE_CURVE_WITH_KNOTS('',1,(#218,#219),.UNSPECIFIED.,.F.,.F.,
  (2,2),(-47.0075,2.500000000003E-03),.PIECEWISE_BEZIER_KNOTS.);
#218 = CARTESIAN_POINT('',(9.E-02,47.01));
#219 = CARTESIAN_POINT('',(9.E-02,0.));
#220 = ( GEOMETRIC_REPRESENTATION_CONTEXT(2) 
PARAMETRIC_REPRESENTATION_CONTEXT() REPRESENTATION_CONTEXT('2D SPACE',''
  ) );
#221 = ORIENTED_EDGE('',*,*,#222,.T.);
#222 = EDGE_CURVE('',#197,#223,#225,.T.);
#223 = VERTEX_POINT('',#224);
#224 = CARTESIAN_POINT('',(59.96513738244,105.3,0.44));
#225 = SURFACE_CURVE('',#226,(#231,#242),.PCURVE_S1.);
#226 = CIRCLE('',#227,9.02);
#227 = AXIS2_PLACEMENT_3D('',#228,#229,#230);
#228 = CARTESIAN_POINT('',(53.505,99.005,0.44));
#229 = DIRECTION('',(0.,0.,-1.));
#230 = DIRECTION('',(1.,0.,0.));
#231 = PCURVE('',#32,#232);
#232 = DEFINITIONAL_REPRESENTATION('',(#233),#241);
#233 = ( BOUNDED_CURVE() B_SPLINE_CURVE(2,(#234,#235,#236,#237,#238,#239
,#240),.UNSPECIFIED.,.T.,.F.) B_SPLINE_CURVE_WITH_KNOTS((1,2,2,2,2,1),(
    -2.094395102393,0.,2.094395102393,4.188790204786,6.28318530718,
8.377580409573),.UNSPECIFIED.) CURVE() GEOMETRIC_REPRESENTATION_ITEM() 
RATIONAL_B_SPLINE_CURVE((1.,0.5,1.,0.5,1.,0.5,1.)) REPRESENTATION_ITEM(
  '') );
#234 = CARTESIAN_POINT('',(56.025,104.005));
#235 = CARTESIAN_POINT('',(56.025,88.381901715729));
#236 = CARTESIAN_POINT('',(42.495,96.193450857864));
#237 = CARTESIAN_POINT('',(28.965,104.005));
#238 = CARTESIAN_POINT('',(42.495,111.81654914213));
#239 = CARTESIAN_POINT('',(56.025,119.62809828427));
#240 = CARTESIAN_POINT('',(56.025,104.005));
#241 = ( GEOMETRIC_REPRESENTATION_CONTEXT(2) 
PARAMETRIC_REPRESENTATION_CONTEXT() REPRESENTATION_CONTEXT('2D SPACE',''
  ) );
#242 = PCURVE('',#243,#248);
#243 = CYLINDRICAL_SURFACE('',#244,9.02);
#244 = AXIS2_PLACEMENT_3D('',#245,#246,#247);
#245 = CARTESIAN_POINT('',(53.505,99.005,0.35));
#246 = DIRECTION('',(-0.,-0.,-1.));
#247 = DIRECTION('',(1.,0.,0.));
#248 = DEFINITIONAL_REPRESENTATION('',(#249),#253);
#249 = LINE('',#250,#251);
#250 = CARTESIAN_POINT('',(-6.28318530718,-9.E-02));
#251 = VECTOR('',#252,1.);
#252 = DIRECTION('',(1.,-0.));
#253 = ( GEOMETRIC_REPRESENTATION_CONTEXT(2) 
PARAMETRIC_REPRESENTATION_CONTEXT() REPRESENTATION_CONTEXT('2D SPACE',''
  ) );
#254 = ORIENTED_EDGE('',*,*,#255,.F.);
#255 = EDGE_CURVE('',#256,#223,#258,.T.);
#256 = VERTEX_POINT('',#257);
#257 = CARTESIAN_POINT('',(60.3,105.3,0.44));
#258 = SURFACE_CURVE('',#259,(#263,#269),.PCURVE_S1.);
#259 = LINE('',#260,#261);
#260 = CARTESIAN_POINT('',(3.1,105.3,0.44));
#261 = VECTOR('',#262,1.);
#262 = DIRECTION('',(-1.,0.,0.));
#263 = PCURVE('',#32,#264);
#264 = DEFINITIONAL_REPRESENTATION('',(#265),#268);
#265 = B_SPLINE_CURVE_WITH_KNOTS('',1,(#266,#267),.UNSPECIFIED.,.F.,.F.,
  (2,2),(-57.2,3.4),.PIECEWISE_BEZIER_KNOTS.);
#266 = CARTESIAN_POINT('',(53.8,110.3));
#267 = CARTESIAN_POINT('',(-6.8,110.3));
#268 = ( GEOMETRIC_REPRESENTATION_CONTEXT(2) 
PARAMETRIC_REPRESENTATION_CONTEXT() REPRESENTATION_CONTEXT('2D SPACE',''
  ) );
#269 = PCURVE('',#270,#275);
#270 = PLANE('',#271);
#271 = AXIS2_PLACEMENT_3D('',#272,#273,#274);
#272 = CARTESIAN_POINT('',(-0.3,105.3,5.E-02));
#273 = DIRECTION('',(0.,1.,0.));
#274 = DIRECTION('',(0.,0.,1.));
#275 = DEFINITIONAL_REPRESENTATION('',(#276),#279);
#276 = B_SPLINE_CURVE_WITH_KNOTS('',1,(#277,#278),.UNSPECIFIED.,.F.,.F.,
  (2,2),(-57.2,3.4),.PIECEWISE_BEZIER_KNOTS.);
#277 = CARTESIAN_POINT('',(0.39,60.6));
#278 = CARTESIAN_POINT('',(0.39,0.));
#279 = ( GEOMETRIC_REPRESENTATION_CONTEXT(2) 
PARAMETRIC_REPRESENTATION_CONTEXT() REPRESENTATION_CONTEXT('2D SPACE',''
  ) );
#280 = ORIENTED_EDGE('',*,*,#281,.F.);
#281 = EDGE_CURVE('',#282,#256,#284,.T.);
#282 = VERTEX_POINT('',#283);
#283 = CARTESIAN_POINT('',(60.3,104.9369790121,0.44));
#284 = SURFACE_CURVE('',#285,(#289,#295),.PCURVE_S1.);
#285 = LINE('',#286,#287);
#286 = CARTESIAN_POINT('',(60.3,-2.65,0.44));
#287 = VECTOR('',#288,1.);
#288 = DIRECTION('',(0.,1.,0.));
#289 = PCURVE('',#32,#290);
#290 = DEFINITIONAL_REPRESENTATION('',(#291),#294);
#291 = B_SPLINE_CURVE_WITH_KNOTS('',1,(#292,#293),.UNSPECIFIED.,.F.,.F.,
  (2,2),(2.35,107.95),.PIECEWISE_BEZIER_KNOTS.);
#292 = CARTESIAN_POINT('',(53.8,4.7));
#293 = CARTESIAN_POINT('',(53.8,110.3));
#294 = ( GEOMETRIC_REPRESENTATION_CONTEXT(2) 
PARAMETRIC_REPRESENTATION_CONTEXT() REPRESENTATION_CONTEXT('2D SPACE',''
  ) );
#295 = PCURVE('',#296,#301);
#296 = PLANE('',#297);
#297 = AXIS2_PLACEMENT_3D('',#298,#299,#300);
#298 = CARTESIAN_POINT('',(60.3,-0.3,5.E-02));
#299 = DIRECTION('',(1.,0.,0.));
#300 = DIRECTION('',(0.,0.,1.));
#301 = DEFINITIONAL_REPRESENTATION('',(#302),#305);
#302 = B_SPLINE_CURVE_WITH_KNOTS('',1,(#303,#304),.UNSPECIFIED.,.F.,.F.,
  (2,2),(2.35,107.95),.PIECEWISE_BEZIER_KNOTS.);
#303 = CARTESIAN_POINT('',(0.39,0.));
#304 = CARTESIAN_POINT('',(0.39,-105.6));
#305 = ( GEOMETRIC_REPRESENTATION_CONTEXT(2) 
PARAMETRIC_REPRESENTATION_CONTEXT() REPRESENTATION_CONTEXT('2D SPACE',''
  ) );
#306 = ORIENTED_EDGE('',*,*,#307,.T.);
#307 = EDGE_CURVE('',#282,#308,#310,.T.);
#308 = VERTEX_POINT('',#309);
#309 = CARTESIAN_POINT('',(62.525,99.005,0.44));
#310 = SURFACE_CURVE('',#311,(#316,#327),.PCURVE_S1.);
#311 = CIRCLE('',#312,9.02);
#312 = AXIS2_PLACEMENT_3D('',#313,#314,#315);
#313 = CARTESIAN_POINT('',(53.505,99.005,0.44));
#314 = DIRECTION('',(0.,0.,-1.));
#315 = DIRECTION('',(1.,0.,0.));
#316 = PCURVE('',#32,#317);
#317 = DEFINITIONAL_REPRESENTATION('',(#318),#326);
#318 = ( BOUNDED_CURVE() B_SPLINE_CURVE(2,(#319,#320,#321,#322,#323,#324
,#325),.UNSPECIFIED.,.T.,.F.) B_SPLINE_CURVE_WITH_KNOTS((1,2,2,2,2,1),(
    -2.094395102393,0.,2.094395102393,4.188790204786,6.28318530718,
8.377580409573),.UNSPECIFIED.) CURVE() GEOMETRIC_REPRESENTATION_ITEM() 
RATIONAL_B_SPLINE_CURVE((1.,0.5,1.,0.5,1.,0.5,1.)) REPRESENTATION_ITEM(
  '') );
#319 = CARTESIAN_POINT('',(56.025,104.005));
#320 = CARTESIAN_POINT('',(56.025,88.381901715729));
#321 = CARTESIAN_POINT('',(42.495,96.193450857864));
#322 = CARTESIAN_POINT('',(28.965,104.005));
#323 = CARTESIAN_POINT('',(42.495,111.81654914213));
#324 = CARTESIAN_POINT('',(56.025,119.62809828427));
#325 = CARTESIAN_POINT('',(56.025,104.005));
#326 = ( GEOMETRIC_REPRESENTATION_CONTEXT(2) 
PARAMETRIC_REPRESENTATION_CONTEXT() REPRESENTATION_CONTEXT('2D SPACE',''
  ) );
#327 = PCURVE('',#328,#333);
#328 = CYLINDRICAL_SURFACE('',#329,9.02);
#329 = AXIS2_PLACEMENT_3D('',#330,#331,#332);
#330 = CARTESIAN_POINT('',(53.505,99.005,0.35));
#331 = DIRECTION('',(-0.,-0.,-1.));
#332 = DIRECTION('',(1.,0.,0.));
#333 = DEFINITIONAL_REPRESENTATION('',(#334),#338);
#334 = LINE('',#335,#336);
#335 = CARTESIAN_POINT('',(-6.28318530718,-9.E-02));
#336 = VECTOR('',#337,1.);
#337 = DIRECTION('',(1.,-0.));
#338 = ( GEOMETRIC_REPRESENTATION_CONTEXT(2) 
PARAMETRIC_REPRESENTATION_CONTEXT() REPRESENTATION_CONTEXT('2D SPACE',''
  ) );
#339 = ORIENTED_EDGE('',*,*,#340,.F.);
#340 = EDGE_CURVE('',#341,#308,#343,.T.);
#341 = VERTEX_POINT('',#342);
#342 = CARTESIAN_POINT('',(62.525,70.55,0.44));
#343 = SURFACE_CURVE('',#344,(#348,#354),.PCURVE_S1.);
#344 = LINE('',#345,#346);
#345 = CARTESIAN_POINT('',(62.525,0.4975,0.44));
#346 = VECTOR('',#347,1.);
#347 = DIRECTION('',(0.,1.,0.));
#348 = PCURVE('',#32,#349);
#349 = DEFINITIONAL_REPRESENTATION('',(#350),#353);
#350 = B_SPLINE_CURVE_WITH_KNOTS('',1,(#351,#352),.UNSPECIFIED.,.F.,.F.,
  (2,2),(5.4975,98.5075),.PIECEWISE_BEZIER_KNOTS.);
#351 = CARTESIAN_POINT('',(56.025,10.995));
#352 = CARTESIAN_POINT('',(56.025,104.005));
#353 = ( GEOMETRIC_REPRESENTATION_CONTEXT(2) 
PARAMETRIC_REPRESENTATION_CONTEXT() REPRESENTATION_CONTEXT('2D SPACE',''
  ) );
#354 = PCURVE('',#355,#360);
#355 = PLANE('',#356);
#356 = AXIS2_PLACEMENT_3D('',#357,#358,#359);
#357 = CARTESIAN_POINT('',(62.525,5.995,0.35));
#358 = DIRECTION('',(1.,0.,0.));
#359 = DIRECTION('',(0.,0.,1.));
#360 = DEFINITIONAL_REPRESENTATION('',(#361),#364);
#361 = B_SPLINE_CURVE_WITH_KNOTS('',1,(#362,#363),.UNSPECIFIED.,.F.,.F.,
  (2,2),(5.4975,98.5075),.PIECEWISE_BEZIER_KNOTS.);
#362 = CARTESIAN_POINT('',(9.E-02,0.));
#363 = CARTESIAN_POINT('',(9.E-02,-93.01));
#364 = ( GEOMETRIC_REPRESENTATION_CONTEXT(2) 
PARAMETRIC_REPRESENTATION_CONTEXT() REPRESENTATION_CONTEXT('2D SPACE',''
  ) );
#365 = ORIENTED_EDGE('',*,*,#366,.F.);
#366 = EDGE_CURVE('',#367,#341,#369,.T.);
#367 = VERTEX_POINT('',#368);
#368 = CARTESIAN_POINT('',(63.7,70.55,0.44));
#369 = SURFACE_CURVE('',#370,(#374,#380),.PCURVE_S1.);
#370 = LINE('',#371,#372);
#371 = CARTESIAN_POINT('',(32.6,70.55,0.44));
#372 = VECTOR('',#373,1.);
#373 = DIRECTION('',(-1.,0.,0.));
#374 = PCURVE('',#32,#375);
#375 = DEFINITIONAL_REPRESENTATION('',(#376),#379);
#376 = B_SPLINE_CURVE_WITH_KNOTS('',1,(#377,#378),.UNSPECIFIED.,.F.,.F.,
  (2,2),(-31.1,-26.1),.PIECEWISE_BEZIER_KNOTS.);
#377 = CARTESIAN_POINT('',(57.2,75.55));
#378 = CARTESIAN_POINT('',(52.2,75.55));
#379 = ( GEOMETRIC_REPRESENTATION_CONTEXT(2) 
PARAMETRIC_REPRESENTATION_CONTEXT() REPRESENTATION_CONTEXT('2D SPACE',''
  ) );
#380 = PCURVE('',#381,#386);
#381 = PLANE('',#382);
#382 = AXIS2_PLACEMENT_3D('',#383,#384,#385);
#383 = CARTESIAN_POINT('',(58.7,70.55,-1.55));
#384 = DIRECTION('',(0.,1.,0.));
#385 = DIRECTION('',(0.,0.,1.));
#386 = DEFINITIONAL_REPRESENTATION('',(#387),#390);
#387 = B_SPLINE_CURVE_WITH_KNOTS('',1,(#388,#389),.UNSPECIFIED.,.F.,.F.,
  (2,2),(-31.1,-26.1),.PIECEWISE_BEZIER_KNOTS.);
#388 = CARTESIAN_POINT('',(1.99,5.));
#389 = CARTESIAN_POINT('',(1.99,0.));
#390 = ( GEOMETRIC_REPRESENTATION_CONTEXT(2) 
PARAMETRIC_REPRESENTATION_CONTEXT() REPRESENTATION_CONTEXT('2D SPACE',''
  ) );
#391 = ORIENTED_EDGE('',*,*,#392,.F.);
#392 = EDGE_CURVE('',#393,#367,#395,.T.);
#393 = VERTEX_POINT('',#394);
#394 = CARTESIAN_POINT('',(63.7,62.55,0.44));
#395 = SURFACE_CURVE('',#396,(#400,#406),.PCURVE_S1.);
#396 = LINE('',#397,#398);
#397 = CARTESIAN_POINT('',(63.7,28.775,0.44));
#398 = VECTOR('',#399,1.);
#399 = DIRECTION('',(0.,1.,0.));
#400 = PCURVE('',#32,#401);
#401 = DEFINITIONAL_REPRESENTATION('',(#402),#405);
#402 = B_SPLINE_CURVE_WITH_KNOTS('',1,(#403,#404),.UNSPECIFIED.,.F.,.F.,
  (2,2),(33.775,41.775),.PIECEWISE_BEZIER_KNOTS.);
#403 = CARTESIAN_POINT('',(57.2,67.55));
#404 = CARTESIAN_POINT('',(57.2,75.55));
#405 = ( GEOMETRIC_REPRESENTATION_CONTEXT(2) 
PARAMETRIC_REPRESENTATION_CONTEXT() REPRESENTATION_CONTEXT('2D SPACE',''
  ) );
#406 = PCURVE('',#407,#412);
#407 = PLANE('',#408);
#408 = AXIS2_PLACEMENT_3D('',#409,#410,#411);
#409 = CARTESIAN_POINT('',(63.7,62.55,-1.55));
#410 = DIRECTION('',(1.,0.,0.));
#411 = DIRECTION('',(0.,0.,1.));
#412 = DEFINITIONAL_REPRESENTATION('',(#413),#416);
#413 = B_SPLINE_CURVE_WITH_KNOTS('',1,(#414,#415),.UNSPECIFIED.,.F.,.F.,
  (2,2),(33.775,41.775),.PIECEWISE_BEZIER_KNOTS.);
#414 = CARTESIAN_POINT('',(1.99,0.));
#415 = CARTESIAN_POINT('',(1.99,-8.));
#416 = ( GEOMETRIC_REPRESENTATION_CONTEXT(2) 
PARAMETRIC_REPRESENTATION_CONTEXT() REPRESENTATION_CONTEXT('2D SPACE',''
  ) );
#417 = ORIENTED_EDGE('',*,*,#418,.T.);
#418 = EDGE_CURVE('',#393,#419,#421,.T.);
#419 = VERTEX_POINT('',#420);
#420 = CARTESIAN_POINT('',(62.525,62.55,0.44));
#421 = SURFACE_CURVE('',#422,(#426,#432),.PCURVE_S1.);
#422 = LINE('',#423,#424);
#423 = CARTESIAN_POINT('',(32.6,62.55,0.44));
#424 = VECTOR('',#425,1.);
#425 = DIRECTION('',(-1.,0.,0.));
#426 = PCURVE('',#32,#427);
#427 = DEFINITIONAL_REPRESENTATION('',(#428),#431);
#428 = B_SPLINE_CURVE_WITH_KNOTS('',1,(#429,#430),.UNSPECIFIED.,.F.,.F.,
  (2,2),(-31.1,-26.1),.PIECEWISE_BEZIER_KNOTS.);
#429 = CARTESIAN_POINT('',(57.2,67.55));
#430 = CARTESIAN_POINT('',(52.2,67.55));
#431 = ( GEOMETRIC_REPRESENTATION_CONTEXT(2) 
PARAMETRIC_REPRESENTATION_CONTEXT() REPRESENTATION_CONTEXT('2D SPACE',''
  ) );
#432 = PCURVE('',#433,#438);
#433 = PLANE('',#434);
#434 = AXIS2_PLACEMENT_3D('',#435,#436,#437);
#435 = CARTESIAN_POINT('',(58.7,62.55,-1.55));
#436 = DIRECTION('',(0.,1.,0.));
#437 = DIRECTION('',(0.,0.,1.));
#438 = DEFINITIONAL_REPRESENTATION('',(#439),#442);
#439 = B_SPLINE_CURVE_WITH_KNOTS('',1,(#440,#441),.UNSPECIFIED.,.F.,.F.,
  (2,2),(-31.1,-26.1),.PIECEWISE_BEZIER_KNOTS.);
#440 = CARTESIAN_POINT('',(1.99,5.));
#441 = CARTESIAN_POINT('',(1.99,0.));
#442 = ( GEOMETRIC_REPRESENTATION_CONTEXT(2) 
PARAMETRIC_REPRESENTATION_CONTEXT() REPRESENTATION_CONTEXT('2D SPACE',''
  ) );
#443 = ORIENTED_EDGE('',*,*,#444,.F.);
#444 = EDGE_CURVE('',#445,#419,#447,.T.);
#445 = VERTEX_POINT('',#446);
#446 = CARTESIAN_POINT('',(62.525,5.995,0.44));
#447 = SURFACE_CURVE('',#448,(#452,#458),.PCURVE_S1.);
#448 = LINE('',#449,#450);
#449 = CARTESIAN_POINT('',(62.525,0.4975,0.44));
#450 = VECTOR('',#451,1.);
#451 = DIRECTION('',(0.,1.,0.));
#452 = PCURVE('',#32,#453);
#453 = DEFINITIONAL_REPRESENTATION('',(#454),#457);
#454 = B_SPLINE_CURVE_WITH_KNOTS('',1,(#455,#456),.UNSPECIFIED.,.F.,.F.,
  (2,2),(5.4975,98.5075),.PIECEWISE_BEZIER_KNOTS.);
#455 = CARTESIAN_POINT('',(56.025,10.995));
#456 = CARTESIAN_POINT('',(56.025,104.005));
#457 = ( GEOMETRIC_REPRESENTATION_CONTEXT(2) 
PARAMETRIC_REPRESENTATION_CONTEXT() REPRESENTATION_CONTEXT('2D SPACE',''
  ) );
#458 = PCURVE('',#459,#464);
#459 = PLANE('',#460);
#460 = AXIS2_PLACEMENT_3D('',#461,#462,#463);
#461 = CARTESIAN_POINT('',(62.525,5.995,0.35));
#462 = DIRECTION('',(1.,0.,0.));
#463 = DIRECTION('',(0.,0.,1.));
#464 = DEFINITIONAL_REPRESENTATION('',(#465),#468);
#465 = B_SPLINE_CURVE_WITH_KNOTS('',1,(#466,#467),.UNSPECIFIED.,.F.,.F.,
  (2,2),(5.4975,98.5075),.PIECEWISE_BEZIER_KNOTS.);
#466 = CARTESIAN_POINT('',(9.E-02,0.));
#467 = CARTESIAN_POINT('',(9.E-02,-93.01));
#468 = ( GEOMETRIC_REPRESENTATION_CONTEXT(2) 
PARAMETRIC_REPRESENTATION_CONTEXT() REPRESENTATION_CONTEXT('2D SPACE',''
  ) );
#469 = ORIENTED_EDGE('',*,*,#470,.T.);
#470 = EDGE_CURVE('',#445,#471,#473,.T.);
#471 = VERTEX_POINT('',#472);
#472 = CARTESIAN_POINT('',(60.3,6.302098789955E-02,0.44));
#473 = SURFACE_CURVE('',#474,(#479,#490),.PCURVE_S1.);
#474 = CIRCLE('',#475,9.02);
#475 = AXIS2_PLACEMENT_3D('',#476,#477,#478);
#476 = CARTESIAN_POINT('',(53.505,5.995,0.44));
#477 = DIRECTION('',(0.,0.,-1.));
#478 = DIRECTION('',(1.,0.,0.));
#479 = PCURVE('',#32,#480);
#480 = DEFINITIONAL_REPRESENTATION('',(#481),#489);
#481 = ( BOUNDED_CURVE() B_SPLINE_CURVE(2,(#482,#483,#484,#485,#486,#487
,#488),.UNSPECIFIED.,.T.,.F.) B_SPLINE_CURVE_WITH_KNOTS((1,2,2,2,2,1),(
    -2.094395102393,0.,2.094395102393,4.188790204786,6.28318530718,
8.377580409573),.UNSPECIFIED.) CURVE() GEOMETRIC_REPRESENTATION_ITEM() 
RATIONAL_B_SPLINE_CURVE((1.,0.5,1.,0.5,1.,0.5,1.)) REPRESENTATION_ITEM(
  '') );
#482 = CARTESIAN_POINT('',(56.025,10.995));
#483 = CARTESIAN_POINT('',(56.025,-4.628098284271));
#484 = CARTESIAN_POINT('',(42.495,3.183450857864));
#485 = CARTESIAN_POINT('',(28.965,10.995));
#486 = CARTESIAN_POINT('',(42.495,18.806549142136));
#487 = CARTESIAN_POINT('',(56.025,26.618098284271));
#488 = CARTESIAN_POINT('',(56.025,10.995));
#489 = ( GEOMETRIC_REPRESENTATION_CONTEXT(2) 
PARAMETRIC_REPRESENTATION_CONTEXT() REPRESENTATION_CONTEXT('2D SPACE',''
  ) );
#490 = PCURVE('',#491,#496);
#491 = CYLINDRICAL_SURFACE('',#492,9.02);
#492 = AXIS2_PLACEMENT_3D('',#493,#494,#495);
#493 = CARTESIAN_POINT('',(53.505,5.995,0.35));
#494 = DIRECTION('',(-0.,-0.,-1.));
#495 = DIRECTION('',(1.,0.,0.));
#496 = DEFINITIONAL_REPRESENTATION('',(#497),#501);
#497 = LINE('',#498,#499);
#498 = CARTESIAN_POINT('',(-6.28318530718,-9.E-02));
#499 = VECTOR('',#500,1.);
#500 = DIRECTION('',(1.,-0.));
#501 = ( GEOMETRIC_REPRESENTATION_CONTEXT(2) 
PARAMETRIC_REPRESENTATION_CONTEXT() REPRESENTATION_CONTEXT('2D SPACE',''
  ) );
#502 = ORIENTED_EDGE('',*,*,#503,.F.);
#503 = EDGE_CURVE('',#504,#471,#506,.T.);
#504 = VERTEX_POINT('',#505);
#505 = CARTESIAN_POINT('',(60.3,-0.3,0.44));
#506 = SURFACE_CURVE('',#507,(#511,#517),.PCURVE_S1.);
#507 = LINE('',#508,#509);
#508 = CARTESIAN_POINT('',(60.3,-2.65,0.44));
#509 = VECTOR('',#510,1.);
#510 = DIRECTION('',(0.,1.,0.));
#511 = PCURVE('',#32,#512);
#512 = DEFINITIONAL_REPRESENTATION('',(#513),#516);
#513 = B_SPLINE_CURVE_WITH_KNOTS('',1,(#514,#515),.UNSPECIFIED.,.F.,.F.,
  (2,2),(2.35,107.95),.PIECEWISE_BEZIER_KNOTS.);
#514 = CARTESIAN_POINT('',(53.8,4.7));
#515 = CARTESIAN_POINT('',(53.8,110.3));
#516 = ( GEOMETRIC_REPRESENTATION_CONTEXT(2) 
PARAMETRIC_REPRESENTATION_CONTEXT() REPRESENTATION_CONTEXT('2D SPACE',''
  ) );
#517 = PCURVE('',#518,#523);
#518 = PLANE('',#519);
#519 = AXIS2_PLACEMENT_3D('',#520,#521,#522);
#520 = CARTESIAN_POINT('',(60.3,-0.3,5.E-02));
#521 = DIRECTION('',(1.,0.,0.));
#522 = DIRECTION('',(0.,0.,1.));
#523 = DEFINITIONAL_REPRESENTATION('',(#524),#527);
#524 = B_SPLINE_CURVE_WITH_KNOTS('',1,(#525,#526),.UNSPECIFIED.,.F.,.F.,
  (2,2),(2.35,107.95),.PIECEWISE_BEZIER_KNOTS.);
#525 = CARTESIAN_POINT('',(0.39,0.));
#526 = CARTESIAN_POINT('',(0.39,-105.6));
#527 = ( GEOMETRIC_REPRESENTATION_CONTEXT(2) 
PARAMETRIC_REPRESENTATION_CONTEXT() REPRESENTATION_CONTEXT('2D SPACE',''
  ) );
#528 = ORIENTED_EDGE('',*,*,#529,.T.);
#529 = EDGE_CURVE('',#504,#530,#532,.T.);
#530 = VERTEX_POINT('',#531);
#531 = CARTESIAN_POINT('',(59.96513738244,-0.3,0.44));
#532 = SURFACE_CURVE('',#533,(#537,#543),.PCURVE_S1.);
#533 = LINE('',#534,#535);
#534 = CARTESIAN_POINT('',(3.1,-0.3,0.44));
#535 = VECTOR('',#536,1.);
#536 = DIRECTION('',(-1.,0.,0.));
#537 = PCURVE('',#32,#538);
#538 = DEFINITIONAL_REPRESENTATION('',(#539),#542);
#539 = B_SPLINE_CURVE_WITH_KNOTS('',1,(#540,#541),.UNSPECIFIED.,.F.,.F.,
  (2,2),(-57.2,3.4),.PIECEWISE_BEZIER_KNOTS.);
#540 = CARTESIAN_POINT('',(53.8,4.7));
#541 = CARTESIAN_POINT('',(-6.8,4.7));
#542 = ( GEOMETRIC_REPRESENTATION_CONTEXT(2) 
PARAMETRIC_REPRESENTATION_CONTEXT() REPRESENTATION_CONTEXT('2D SPACE',''
  ) );
#543 = PCURVE('',#544,#549);
#544 = PLANE('',#545);
#545 = AXIS2_PLACEMENT_3D('',#546,#547,#548);
#546 = CARTESIAN_POINT('',(-0.3,-0.3,5.E-02));
#547 = DIRECTION('',(0.,1.,0.));
#548 = DIRECTION('',(0.,0.,1.));
#549 = DEFINITIONAL_REPRESENTATION('',(#550),#553);
#550 = B_SPLINE_CURVE_WITH_KNOTS('',1,(#551,#552),.UNSPECIFIED.,.F.,.F.,
  (2,2),(-57.2,3.4),.PIECEWISE_BEZIER_KNOTS.);
#551 = CARTESIAN_POINT('',(0.39,60.6));
#552 = CARTESIAN_POINT('',(0.39,0.));
#553 = ( GEOMETRIC_REPRESENTATION_CONTEXT(2) 
PARAMETRIC_REPRESENTATION_CONTEXT() REPRESENTATION_CONTEXT('2D SPACE',''
  ) );
#554 = ORIENTED_EDGE('',*,*,#555,.T.);
#555 = EDGE_CURVE('',#530,#556,#558,.T.);
#556 = VERTEX_POINT('',#557);
#557 = CARTESIAN_POINT('',(53.505,-3.025,0.44));
#558 = SURFACE_CURVE('',#559,(#564,#575),.PCURVE_S1.);
#559 = CIRCLE('',#560,9.02);
#560 = AXIS2_PLACEMENT_3D('',#561,#562,#563);
#561 = CARTESIAN_POINT('',(53.505,5.995,0.44));
#562 = DIRECTION('',(0.,0.,-1.));
#563 = DIRECTION('',(1.,0.,0.));
#564 = PCURVE('',#32,#565);
#565 = DEFINITIONAL_REPRESENTATION('',(#566),#574);
#566 = ( BOUNDED_CURVE() B_SPLINE_CURVE(2,(#567,#568,#569,#570,#571,#572
,#573),.UNSPECIFIED.,.T.,.F.) B_SPLINE_CURVE_WITH_KNOTS((1,2,2,2,2,1),(
    -2.094395102393,0.,2.094395102393,4.188790204786,6.28318530718,
8.377580409573),.UNSPECIFIED.) CURVE() GEOMETRIC_REPRESENTATION_ITEM() 
RATIONAL_B_SPLINE_CURVE((1.,0.5,1.,0.5,1.,0.5,1.)) REPRESENTATION_ITEM(
  '') );
#567 = CARTESIAN_POINT('',(56.025,10.995));
#568 = CARTESIAN_POINT('',(56.025,-4.628098284271));
#569 = CARTESIAN_POINT('',(42.495,3.183450857864));
#570 = CARTESIAN_POINT('',(28.965,10.995));
#571 = CARTESIAN_POINT('',(42.495,18.806549142136));
#572 = CARTESIAN_POINT('',(56.025,26.618098284271));
#573 = CARTESIAN_POINT('',(56.025,10.995));
#574 = ( GEOMETRIC_REPRESENTATION_CONTEXT(2) 
PARAMETRIC_REPRESENTATION_CONTEXT() REPRESENTATION_CONTEXT('2D SPACE',''
  ) );
#575 = PCURVE('',#576,#581);
#576 = CYLINDRICAL_SURFACE('',#577,9.02);
#577 = AXIS2_PLACEMENT_3D('',#578,#579,#580);
#578 = CARTESIAN_POINT('',(53.505,5.995,0.35));
#579 = DIRECTION('',(-0.,-0.,-1.));
#580 = DIRECTION('',(1.,0.,0.));
#581 = DEFINITIONAL_REPRESENTATION('',(#582),#586);
#582 = LINE('',#583,#584);
#583 = CARTESIAN_POINT('',(-6.28318530718,-9.E-02));
#584 = VECTOR('',#585,1.);
#585 = DIRECTION('',(1.,-0.));
#586 = ( GEOMETRIC_REPRESENTATION_CONTEXT(2) 
PARAMETRIC_REPRESENTATION_CONTEXT() REPRESENTATION_CONTEXT('2D SPACE',''
  ) );
#587 = ORIENTED_EDGE('',*,*,#588,.T.);
#588 = EDGE_CURVE('',#556,#589,#591,.T.);
#589 = VERTEX_POINT('',#590);
#590 = CARTESIAN_POINT('',(25.39,-3.025,0.44));
#591 = SURFACE_CURVE('',#592,(#596,#602),.PCURVE_S1.);
#592 = LINE('',#593,#594);
#593 = CARTESIAN_POINT('',(6.4975,-3.025,0.44));
#594 = VECTOR('',#595,1.);
#595 = DIRECTION('',(-1.,0.,0.));
#596 = PCURVE('',#32,#597);
#597 = DEFINITIONAL_REPRESENTATION('',(#598),#601);
#598 = B_SPLINE_CURVE_WITH_KNOTS('',1,(#599,#600),.UNSPECIFIED.,.F.,.F.,
  (2,2),(-47.0075,2.500000000003E-03),.PIECEWISE_BEZIER_KNOTS.);
#599 = CARTESIAN_POINT('',(47.005,1.975));
#600 = CARTESIAN_POINT('',(-5.000000000006E-03,1.975));
#601 = ( GEOMETRIC_REPRESENTATION_CONTEXT(2) 
PARAMETRIC_REPRESENTATION_CONTEXT() REPRESENTATION_CONTEXT('2D SPACE',''
  ) );
#602 = PCURVE('',#603,#608);
#603 = PLANE('',#604);
#604 = AXIS2_PLACEMENT_3D('',#605,#606,#607);
#605 = CARTESIAN_POINT('',(6.495,-3.025,0.35));
#606 = DIRECTION('',(0.,1.,0.));
#607 = DIRECTION('',(0.,0.,1.));
#608 = DEFINITIONAL_REPRESENTATION('',(#609),#612);
#609 = B_SPLINE_CURVE_WITH_KNOTS('',1,(#610,#611),.UNSPECIFIED.,.F.,.F.,
  (2,2),(-47.0075,2.500000000003E-03),.PIECEWISE_BEZIER_KNOTS.);
#610 = CARTESIAN_POINT('',(9.E-02,47.01));
#611 = CARTESIAN_POINT('',(9.E-02,0.));
#612 = ( GEOMETRIC_REPRESENTATION_CONTEXT(2) 
PARAMETRIC_REPRESENTATION_CONTEXT() REPRESENTATION_CONTEXT('2D SPACE',''
  ) );
#613 = ORIENTED_EDGE('',*,*,#614,.F.);
#614 = EDGE_CURVE('',#615,#589,#617,.T.);
#615 = VERTEX_POINT('',#616);
#616 = CARTESIAN_POINT('',(25.39,-4.85,0.44));
#617 = SURFACE_CURVE('',#618,(#622,#628),.PCURVE_S1.);
#618 = LINE('',#619,#620);
#619 = CARTESIAN_POINT('',(25.39,-4.925,0.44));
#620 = VECTOR('',#621,1.);
#621 = DIRECTION('',(0.,1.,0.));
#622 = PCURVE('',#32,#623);
#623 = DEFINITIONAL_REPRESENTATION('',(#624),#627);
#624 = B_SPLINE_CURVE_WITH_KNOTS('',1,(#625,#626),.UNSPECIFIED.,.F.,.F.,
  (2,2),(7.5E-02,4.975),.PIECEWISE_BEZIER_KNOTS.);
#625 = CARTESIAN_POINT('',(18.89,0.15));
#626 = CARTESIAN_POINT('',(18.89,5.05));
#627 = ( GEOMETRIC_REPRESENTATION_CONTEXT(2) 
PARAMETRIC_REPRESENTATION_CONTEXT() REPRESENTATION_CONTEXT('2D SPACE',''
  ) );
#628 = PCURVE('',#629,#634);
#629 = PLANE('',#630);
#630 = AXIS2_PLACEMENT_3D('',#631,#632,#633);
#631 = CARTESIAN_POINT('',(25.39,-4.85,-1.3));
#632 = DIRECTION('',(1.,0.,0.));
#633 = DIRECTION('',(0.,0.,1.));
#634 = DEFINITIONAL_REPRESENTATION('',(#635),#638);
#635 = B_SPLINE_CURVE_WITH_KNOTS('',1,(#636,#637),.UNSPECIFIED.,.F.,.F.,
  (2,2),(7.5E-02,4.975),.PIECEWISE_BEZIER_KNOTS.);
#636 = CARTESIAN_POINT('',(1.74,0.));
#637 = CARTESIAN_POINT('',(1.74,-4.9));
#638 = ( GEOMETRIC_REPRESENTATION_CONTEXT(2) 
PARAMETRIC_REPRESENTATION_CONTEXT() REPRESENTATION_CONTEXT('2D SPACE',''
  ) );
#639 = ORIENTED_EDGE('',*,*,#640,.T.);
#640 = EDGE_CURVE('',#615,#22,#641,.T.);
#641 = SURFACE_CURVE('',#642,(#647,#658),.PCURVE_S1.);
#642 = CIRCLE('',#643,1.8);
#643 = AXIS2_PLACEMENT_3D('',#644,#645,#646);
#644 = CARTESIAN_POINT('',(23.59,-4.85,0.44));
#645 = DIRECTION('',(0.,0.,-1.));
#646 = DIRECTION('',(1.,0.,0.));
#647 = PCURVE('',#32,#648);
#648 = DEFINITIONAL_REPRESENTATION('',(#649),#657);
#649 = ( BOUNDED_CURVE() B_SPLINE_CURVE(2,(#650,#651,#652,#653,#654,#655
,#656),.UNSPECIFIED.,.T.,.F.) B_SPLINE_CURVE_WITH_KNOTS((1,2,2,2,2,1),(
    -2.094395102393,0.,2.094395102393,4.188790204786,6.28318530718,
8.377580409573),.UNSPECIFIED.) CURVE() GEOMETRIC_REPRESENTATION_ITEM() 
RATIONAL_B_SPLINE_CURVE((1.,0.5,1.,0.5,1.,0.5,1.)) REPRESENTATION_ITEM(
  '') );
#650 = CARTESIAN_POINT('',(18.89,0.15));
#651 = CARTESIAN_POINT('',(18.89,-2.967691453624));
#652 = CARTESIAN_POINT('',(16.19,-1.408845726812));
#653 = CARTESIAN_POINT('',(13.49,0.15));
#654 = CARTESIAN_POINT('',(16.19,1.708845726812));
#655 = CARTESIAN_POINT('',(18.89,3.267691453624));
#656 = CARTESIAN_POINT('',(18.89,0.15));
#657 = ( GEOMETRIC_REPRESENTATION_CONTEXT(2) 
PARAMETRIC_REPRESENTATION_CONTEXT() REPRESENTATION_CONTEXT('2D SPACE',''
  ) );
#658 = PCURVE('',#659,#664);
#659 = CYLINDRICAL_SURFACE('',#660,1.8);
#660 = AXIS2_PLACEMENT_3D('',#661,#662,#663);
#661 = CARTESIAN_POINT('',(23.59,-4.85,-1.3));
#662 = DIRECTION('',(-0.,-0.,-1.));
#663 = DIRECTION('',(1.,0.,0.));
#664 = DEFINITIONAL_REPRESENTATION('',(#665),#669);
#665 = LINE('',#666,#667);
#666 = CARTESIAN_POINT('',(-6.28318530718,-1.74));
#667 = VECTOR('',#668,1.);
#668 = DIRECTION('',(1.,-0.));
#669 = ( GEOMETRIC_REPRESENTATION_CONTEXT(2) 
PARAMETRIC_REPRESENTATION_CONTEXT() REPRESENTATION_CONTEXT('2D SPACE',''
  ) );
#670 = ADVANCED_FACE('',(#671),#44,.F.);
#671 = FACE_BOUND('',#672,.F.);
#672 = EDGE_LOOP('',(#673,#674,#697,#725,#753,#782,#810,#836,#862));
#673 = ORIENTED_EDGE('',*,*,#21,.T.);
#674 = ORIENTED_EDGE('',*,*,#675,.F.);
#675 = EDGE_CURVE('',#676,#24,#678,.T.);
#676 = VERTEX_POINT('',#677);
#677 = CARTESIAN_POINT('',(53.5,-5.,-13.5));
#678 = SURFACE_CURVE('',#679,(#683,#690),.PCURVE_S1.);
#679 = LINE('',#680,#681);
#680 = CARTESIAN_POINT('',(53.5,-5.,-13.5));
#681 = VECTOR('',#682,1.);
#682 = DIRECTION('',(0.,0.,1.));
#683 = PCURVE('',#44,#684);
#684 = DEFINITIONAL_REPRESENTATION('',(#685),#689);
#685 = LINE('',#686,#687);
#686 = CARTESIAN_POINT('',(0.,47.));
#687 = VECTOR('',#688,1.);
#688 = DIRECTION('',(1.,0.));
#689 = ( GEOMETRIC_REPRESENTATION_CONTEXT(2) 
PARAMETRIC_REPRESENTATION_CONTEXT() REPRESENTATION_CONTEXT('2D SPACE',''
  ) );
#690 = PCURVE('',#73,#691);
#691 = DEFINITIONAL_REPRESENTATION('',(#692),#696);
#692 = LINE('',#693,#694);
#693 = CARTESIAN_POINT('',(-4.712388980385,0.));
#694 = VECTOR('',#695,1.);
#695 = DIRECTION('',(-0.,-1.));
#696 = ( GEOMETRIC_REPRESENTATION_CONTEXT(2) 
PARAMETRIC_REPRESENTATION_CONTEXT() REPRESENTATION_CONTEXT('2D SPACE',''
  ) );
#697 = ORIENTED_EDGE('',*,*,#698,.F.);
#698 = EDGE_CURVE('',#699,#676,#701,.T.);
#699 = VERTEX_POINT('',#700);
#700 = CARTESIAN_POINT('',(6.5,-5.,-13.5));
#701 = SURFACE_CURVE('',#702,(#706,#713),.PCURVE_S1.);
#702 = LINE('',#703,#704);
#703 = CARTESIAN_POINT('',(6.5,-5.,-13.5));
#704 = VECTOR('',#705,1.);
#705 = DIRECTION('',(1.,0.,0.));
#706 = PCURVE('',#44,#707);
#707 = DEFINITIONAL_REPRESENTATION('',(#708),#712);
#708 = LINE('',#709,#710);
#709 = CARTESIAN_POINT('',(0.,0.));
#710 = VECTOR('',#711,1.);
#711 = DIRECTION('',(0.,1.));
#712 = ( GEOMETRIC_REPRESENTATION_CONTEXT(2) 
PARAMETRIC_REPRESENTATION_CONTEXT() REPRESENTATION_CONTEXT('2D SPACE',''
  ) );
#713 = PCURVE('',#714,#719);
#714 = PLANE('',#715);
#715 = AXIS2_PLACEMENT_3D('',#716,#717,#718);
#716 = CARTESIAN_POINT('',(6.5,6.,-13.5));
#717 = DIRECTION('',(0.,0.,1.));
#718 = DIRECTION('',(1.,0.,-0.));
#719 = DEFINITIONAL_REPRESENTATION('',(#720),#724);
#720 = LINE('',#721,#722);
#721 = CARTESIAN_POINT('',(8.881784197001E-16,-11.));
#722 = VECTOR('',#723,1.);
#723 = DIRECTION('',(1.,0.));
#724 = ( GEOMETRIC_REPRESENTATION_CONTEXT(2) 
PARAMETRIC_REPRESENTATION_CONTEXT() REPRESENTATION_CONTEXT('2D SPACE',''
  ) );
#725 = ORIENTED_EDGE('',*,*,#726,.T.);
#726 = EDGE_CURVE('',#699,#727,#729,.T.);
#727 = VERTEX_POINT('',#728);
#728 = CARTESIAN_POINT('',(6.5,-5.,-1.294914271793));
#729 = SURFACE_CURVE('',#730,(#734,#741),.PCURVE_S1.);
#730 = LINE('',#731,#732);
#731 = CARTESIAN_POINT('',(6.5,-5.,-13.5));
#732 = VECTOR('',#733,1.);
#733 = DIRECTION('',(0.,0.,1.));
#734 = PCURVE('',#44,#735);
#735 = DEFINITIONAL_REPRESENTATION('',(#736),#740);
#736 = LINE('',#737,#738);
#737 = CARTESIAN_POINT('',(0.,0.));
#738 = VECTOR('',#739,1.);
#739 = DIRECTION('',(1.,0.));
#740 = ( GEOMETRIC_REPRESENTATION_CONTEXT(2) 
PARAMETRIC_REPRESENTATION_CONTEXT() REPRESENTATION_CONTEXT('2D SPACE',''
  ) );
#741 = PCURVE('',#742,#747);
#742 = CYLINDRICAL_SURFACE('',#743,11.);
#743 = AXIS2_PLACEMENT_3D('',#744,#745,#746);
#744 = CARTESIAN_POINT('',(6.5,6.,-13.5));
#745 = DIRECTION('',(-0.,-0.,-1.));
#746 = DIRECTION('',(1.,0.,0.));
#747 = DEFINITIONAL_REPRESENTATION('',(#748),#752);
#748 = LINE('',#749,#750);
#749 = CARTESIAN_POINT('',(-4.712388980385,0.));
#750 = VECTOR('',#751,1.);
#751 = DIRECTION('',(-0.,-1.));
#752 = ( GEOMETRIC_REPRESENTATION_CONTEXT(2) 
PARAMETRIC_REPRESENTATION_CONTEXT() REPRESENTATION_CONTEXT('2D SPACE',''
  ) );
#753 = ORIENTED_EDGE('',*,*,#754,.F.);
#754 = EDGE_CURVE('',#755,#727,#757,.T.);
#755 = VERTEX_POINT('',#756);
#756 = CARTESIAN_POINT('',(11.675411063462,-5.,0.44));
#757 = SURFACE_CURVE('',#758,(#763,#770),.PCURVE_S1.);
#758 = CIRCLE('',#759,5.5);
#759 = AXIS2_PLACEMENT_3D('',#760,#761,#762);
#760 = CARTESIAN_POINT('',(7.57,-5.,4.1));
#761 = DIRECTION('',(0.,1.,0.));
#762 = DIRECTION('',(0.,-0.,1.));
#763 = PCURVE('',#44,#764);
#764 = DEFINITIONAL_REPRESENTATION('',(#765),#769);
#765 = CIRCLE('',#766,5.5);
#766 = AXIS2_PLACEMENT_2D('',#767,#768);
#767 = CARTESIAN_POINT('',(17.6,1.07));
#768 = DIRECTION('',(1.,0.));
#769 = ( GEOMETRIC_REPRESENTATION_CONTEXT(2) 
PARAMETRIC_REPRESENTATION_CONTEXT() REPRESENTATION_CONTEXT('2D SPACE',''
  ) );
#770 = PCURVE('',#771,#776);
#771 = CYLINDRICAL_SURFACE('',#772,5.5);
#772 = AXIS2_PLACEMENT_3D('',#773,#774,#775);
#773 = CARTESIAN_POINT('',(7.57,-6.5,4.1));
#774 = DIRECTION('',(0.,1.,0.));
#775 = DIRECTION('',(0.,-0.,1.));
#776 = DEFINITIONAL_REPRESENTATION('',(#777),#781);
#777 = LINE('',#778,#779);
#778 = CARTESIAN_POINT('',(0.,1.5));
#779 = VECTOR('',#780,1.);
#780 = DIRECTION('',(1.,0.));
#781 = ( GEOMETRIC_REPRESENTATION_CONTEXT(2) 
PARAMETRIC_REPRESENTATION_CONTEXT() REPRESENTATION_CONTEXT('2D SPACE',''
  ) );
#782 = ORIENTED_EDGE('',*,*,#783,.T.);
#783 = EDGE_CURVE('',#755,#784,#786,.T.);
#784 = VERTEX_POINT('',#785);
#785 = CARTESIAN_POINT('',(14.796260888535,-5.,0.44));
#786 = SURFACE_CURVE('',#787,(#791,#798),.PCURVE_S1.);
#787 = LINE('',#788,#789);
#788 = CARTESIAN_POINT('',(6.5,-5.,0.44));
#789 = VECTOR('',#790,1.);
#790 = DIRECTION('',(1.,0.,0.));
#791 = PCURVE('',#44,#792);
#792 = DEFINITIONAL_REPRESENTATION('',(#793),#797);
#793 = LINE('',#794,#795);
#794 = CARTESIAN_POINT('',(13.94,0.));
#795 = VECTOR('',#796,1.);
#796 = DIRECTION('',(0.,1.));
#797 = ( GEOMETRIC_REPRESENTATION_CONTEXT(2) 
PARAMETRIC_REPRESENTATION_CONTEXT() REPRESENTATION_CONTEXT('2D SPACE',''
  ) );
#798 = PCURVE('',#799,#804);
#799 = PLANE('',#800);
#800 = AXIS2_PLACEMENT_3D('',#801,#802,#803);
#801 = CARTESIAN_POINT('',(6.5,-5.,0.44));
#802 = DIRECTION('',(0.,0.,1.));
#803 = DIRECTION('',(1.,0.,0.));
#804 = DEFINITIONAL_REPRESENTATION('',(#805),#809);
#805 = LINE('',#806,#807);
#806 = CARTESIAN_POINT('',(0.,0.));
#807 = VECTOR('',#808,1.);
#808 = DIRECTION('',(1.,0.));
#809 = ( GEOMETRIC_REPRESENTATION_CONTEXT(2) 
PARAMETRIC_REPRESENTATION_CONTEXT() REPRESENTATION_CONTEXT('2D SPACE',''
  ) );
#810 = ORIENTED_EDGE('',*,*,#811,.T.);
#811 = EDGE_CURVE('',#784,#812,#814,.T.);
#812 = VERTEX_POINT('',#813);
#813 = CARTESIAN_POINT('',(14.796260888535,-5.,-1.3));
#814 = SURFACE_CURVE('',#815,(#819,#825),.PCURVE_S1.);
#815 = LINE('',#816,#817);
#816 = CARTESIAN_POINT('',(14.796260888535,-5.,-1.3));
#817 = VECTOR('',#818,1.);
#818 = DIRECTION('',(-0.,-0.,-1.));
#819 = PCURVE('',#44,#820);
#820 = DEFINITIONAL_REPRESENTATION('',(#821),#824);
#821 = B_SPLINE_CURVE_WITH_KNOTS('',1,(#822,#823),.UNSPECIFIED.,.F.,.F.,
  (2,2),(-3.134,5.999999999062E-07),.PIECEWISE_BEZIER_KNOTS.);
#822 = CARTESIAN_POINT('',(15.334,8.296260888535));
#823 = CARTESIAN_POINT('',(12.1999994,8.296260888535));
#824 = ( GEOMETRIC_REPRESENTATION_CONTEXT(2) 
PARAMETRIC_REPRESENTATION_CONTEXT() REPRESENTATION_CONTEXT('2D SPACE',''
  ) );
#825 = PCURVE('',#826,#831);
#826 = CYLINDRICAL_SURFACE('',#827,1.8);
#827 = AXIS2_PLACEMENT_3D('',#828,#829,#830);
#828 = CARTESIAN_POINT('',(16.59,-4.85,-1.3));
#829 = DIRECTION('',(-0.,-0.,-1.));
#830 = DIRECTION('',(1.,0.,0.));
#831 = DEFINITIONAL_REPRESENTATION('',(#832),#835);
#832 = B_SPLINE_CURVE_WITH_KNOTS('',1,(#833,#834),.UNSPECIFIED.,.F.,.F.,
  (2,2),(-3.134,5.999999999062E-07),.PIECEWISE_BEZIER_KNOTS.);
#833 = CARTESIAN_POINT('',(-3.2250227402,-3.134));
#834 = CARTESIAN_POINT('',(-3.2250227402,5.999999999062E-07));
#835 = ( GEOMETRIC_REPRESENTATION_CONTEXT(2) 
PARAMETRIC_REPRESENTATION_CONTEXT() REPRESENTATION_CONTEXT('2D SPACE',''
  ) );
#836 = ORIENTED_EDGE('',*,*,#837,.T.);
#837 = EDGE_CURVE('',#812,#838,#840,.T.);
#838 = VERTEX_POINT('',#839);
#839 = CARTESIAN_POINT('',(25.383739111465,-5.,-1.3));
#840 = SURFACE_CURVE('',#841,(#845,#851),.PCURVE_S1.);
#841 = LINE('',#842,#843);
#842 = CARTESIAN_POINT('',(11.545,-5.,-1.3));
#843 = VECTOR('',#844,1.);
#844 = DIRECTION('',(1.,0.,0.));
#845 = PCURVE('',#44,#846);
#846 = DEFINITIONAL_REPRESENTATION('',(#847),#850);
#847 = B_SPLINE_CURVE_WITH_KNOTS('',1,(#848,#849),.UNSPECIFIED.,.F.,.F.,
  (2,2),(3.245,13.845),.PIECEWISE_BEZIER_KNOTS.);
#848 = CARTESIAN_POINT('',(12.2,8.29));
#849 = CARTESIAN_POINT('',(12.2,18.89));
#850 = ( GEOMETRIC_REPRESENTATION_CONTEXT(2) 
PARAMETRIC_REPRESENTATION_CONTEXT() REPRESENTATION_CONTEXT('2D SPACE',''
  ) );
#851 = PCURVE('',#852,#857);
#852 = PLANE('',#853);
#853 = AXIS2_PLACEMENT_3D('',#854,#855,#856);
#854 = CARTESIAN_POINT('',(16.59,-4.85,-1.3));
#855 = DIRECTION('',(0.,0.,1.));
#856 = DIRECTION('',(1.,0.,-0.));
#857 = DEFINITIONAL_REPRESENTATION('',(#858),#861);
#858 = B_SPLINE_CURVE_WITH_KNOTS('',1,(#859,#860),.UNSPECIFIED.,.F.,.F.,
  (2,2),(3.245,13.845),.PIECEWISE_BEZIER_KNOTS.);
#859 = CARTESIAN_POINT('',(-1.8,-0.15));
#860 = CARTESIAN_POINT('',(8.8,-0.15));
#861 = ( GEOMETRIC_REPRESENTATION_CONTEXT(2) 
PARAMETRIC_REPRESENTATION_CONTEXT() REPRESENTATION_CONTEXT('2D SPACE',''
  ) );
#862 = ORIENTED_EDGE('',*,*,#863,.F.);
#863 = EDGE_CURVE('',#22,#838,#864,.T.);
#864 = SURFACE_CURVE('',#865,(#869,#875),.PCURVE_S1.);
#865 = LINE('',#866,#867);
#866 = CARTESIAN_POINT('',(25.383739111465,-5.,-1.3));
#867 = VECTOR('',#868,1.);
#868 = DIRECTION('',(-0.,-0.,-1.));
#869 = PCURVE('',#44,#870);
#870 = DEFINITIONAL_REPRESENTATION('',(#871),#874);
#871 = B_SPLINE_CURVE_WITH_KNOTS('',1,(#872,#873),.UNSPECIFIED.,.F.,.F.,
  (2,2),(-3.134,5.999999999062E-07),.PIECEWISE_BEZIER_KNOTS.);
#872 = CARTESIAN_POINT('',(15.334,18.883739111465));
#873 = CARTESIAN_POINT('',(12.1999994,18.883739111465));
#874 = ( GEOMETRIC_REPRESENTATION_CONTEXT(2) 
PARAMETRIC_REPRESENTATION_CONTEXT() REPRESENTATION_CONTEXT('2D SPACE',''
  ) );
#875 = PCURVE('',#659,#876);
#876 = DEFINITIONAL_REPRESENTATION('',(#877),#880);
#877 = B_SPLINE_CURVE_WITH_KNOTS('',1,(#878,#879),.UNSPECIFIED.,.F.,.F.,
  (2,2),(-3.134,5.999999999062E-07),.PIECEWISE_BEZIER_KNOTS.);
#878 = CARTESIAN_POINT('',(-6.199755220569,-3.134));
#879 = CARTESIAN_POINT('',(-6.199755220569,5.999999999062E-07));
#880 = ( GEOMETRIC_REPRESENTATION_CONTEXT(2) 
PARAMETRIC_REPRESENTATION_CONTEXT() REPRESENTATION_CONTEXT('2D SPACE',''
  ) );
#881 = ADVANCED_FACE('',(#882),#659,.F.);
#882 = FACE_BOUND('',#883,.T.);
#883 = EDGE_LOOP('',(#884,#906,#928,#929));
#884 = ORIENTED_EDGE('',*,*,#885,.F.);
#885 = EDGE_CURVE('',#886,#615,#888,.T.);
#886 = VERTEX_POINT('',#887);
#887 = CARTESIAN_POINT('',(25.39,-4.85,-1.3));
#888 = SURFACE_CURVE('',#889,(#893,#899),.PCURVE_S1.);
#889 = LINE('',#890,#891);
#890 = CARTESIAN_POINT('',(25.39,-4.85,-1.3));
#891 = VECTOR('',#892,1.);
#892 = DIRECTION('',(0.,0.,1.));
#893 = PCURVE('',#659,#894);
#894 = DEFINITIONAL_REPRESENTATION('',(#895),#898);
#895 = B_SPLINE_CURVE_WITH_KNOTS('',1,(#896,#897),.UNSPECIFIED.,.F.,.F.,
  (2,2),(0.,7.1),.PIECEWISE_BEZIER_KNOTS.);
#896 = CARTESIAN_POINT('',(-6.28318530718,0.));
#897 = CARTESIAN_POINT('',(-6.28318530718,-7.1));
#898 = ( GEOMETRIC_REPRESENTATION_CONTEXT(2) 
PARAMETRIC_REPRESENTATION_CONTEXT() REPRESENTATION_CONTEXT('2D SPACE',''
  ) );
#899 = PCURVE('',#629,#900);
#900 = DEFINITIONAL_REPRESENTATION('',(#901),#905);
#901 = LINE('',#902,#903);
#902 = CARTESIAN_POINT('',(0.,0.));
#903 = VECTOR('',#904,1.);
#904 = DIRECTION('',(1.,0.));
#905 = ( GEOMETRIC_REPRESENTATION_CONTEXT(2) 
PARAMETRIC_REPRESENTATION_CONTEXT() REPRESENTATION_CONTEXT('2D SPACE',''
  ) );
#906 = ORIENTED_EDGE('',*,*,#907,.F.);
#907 = EDGE_CURVE('',#838,#886,#908,.T.);
#908 = SURFACE_CURVE('',#909,(#914,#921),.PCURVE_S1.);
#909 = CIRCLE('',#910,1.8);
#910 = AXIS2_PLACEMENT_3D('',#911,#912,#913);
#911 = CARTESIAN_POINT('',(23.59,-4.85,-1.3));
#912 = DIRECTION('',(0.,0.,1.));
#913 = DIRECTION('',(1.,0.,0.));
#914 = PCURVE('',#659,#915);
#915 = DEFINITIONAL_REPRESENTATION('',(#916),#920);
#916 = LINE('',#917,#918);
#917 = CARTESIAN_POINT('',(-0.,0.));
#918 = VECTOR('',#919,1.);
#919 = DIRECTION('',(-1.,0.));
#920 = ( GEOMETRIC_REPRESENTATION_CONTEXT(2) 
PARAMETRIC_REPRESENTATION_CONTEXT() REPRESENTATION_CONTEXT('2D SPACE',''
  ) );
#921 = PCURVE('',#852,#922);
#922 = DEFINITIONAL_REPRESENTATION('',(#923),#927);
#923 = CIRCLE('',#924,1.8);
#924 = AXIS2_PLACEMENT_2D('',#925,#926);
#925 = CARTESIAN_POINT('',(7.,0.));
#926 = DIRECTION('',(1.,0.));
#927 = ( GEOMETRIC_REPRESENTATION_CONTEXT(2) 
PARAMETRIC_REPRESENTATION_CONTEXT() REPRESENTATION_CONTEXT('2D SPACE',''
  ) );
#928 = ORIENTED_EDGE('',*,*,#863,.F.);
#929 = ORIENTED_EDGE('',*,*,#640,.F.);
#930 = ADVANCED_FACE('',(#931),#629,.F.);
#931 = FACE_BOUND('',#932,.F.);
#932 = EDGE_LOOP('',(#933,#934,#957,#983,#1009,#1035,#1061,#1080));
#933 = ORIENTED_EDGE('',*,*,#885,.F.);
#934 = ORIENTED_EDGE('',*,*,#935,.T.);
#935 = EDGE_CURVE('',#886,#936,#938,.T.);
#936 = VERTEX_POINT('',#937);
#937 = CARTESIAN_POINT('',(25.39,-3.2,-1.3));
#938 = SURFACE_CURVE('',#939,(#943,#950),.PCURVE_S1.);
#939 = LINE('',#940,#941);
#940 = CARTESIAN_POINT('',(25.39,-4.85,-1.3));
#941 = VECTOR('',#942,1.);
#942 = DIRECTION('',(0.,1.,0.));
#943 = PCURVE('',#629,#944);
#944 = DEFINITIONAL_REPRESENTATION('',(#945),#949);
#945 = LINE('',#946,#947);
#946 = CARTESIAN_POINT('',(0.,0.));
#947 = VECTOR('',#948,1.);
#948 = DIRECTION('',(0.,-1.));
#949 = ( GEOMETRIC_REPRESENTATION_CONTEXT(2) 
PARAMETRIC_REPRESENTATION_CONTEXT() REPRESENTATION_CONTEXT('2D SPACE',''
  ) );
#950 = PCURVE('',#852,#951);
#951 = DEFINITIONAL_REPRESENTATION('',(#952),#956);
#952 = LINE('',#953,#954);
#953 = CARTESIAN_POINT('',(8.8,0.));
#954 = VECTOR('',#955,1.);
#955 = DIRECTION('',(0.,1.));
#956 = ( GEOMETRIC_REPRESENTATION_CONTEXT(2) 
PARAMETRIC_REPRESENTATION_CONTEXT() REPRESENTATION_CONTEXT('2D SPACE',''
  ) );
#957 = ORIENTED_EDGE('',*,*,#958,.F.);
#958 = EDGE_CURVE('',#959,#936,#961,.T.);
#959 = VERTEX_POINT('',#960);
#960 = CARTESIAN_POINT('',(25.39,-3.2,0.2));
#961 = SURFACE_CURVE('',#962,(#966,#972),.PCURVE_S1.);
#962 = LINE('',#963,#964);
#963 = CARTESIAN_POINT('',(25.39,-3.2,-5.9));
#964 = VECTOR('',#965,1.);
#965 = DIRECTION('',(0.,0.,-1.));
#966 = PCURVE('',#629,#967);
#967 = DEFINITIONAL_REPRESENTATION('',(#968),#971);
#968 = B_SPLINE_CURVE_WITH_KNOTS('',1,(#969,#970),.UNSPECIFIED.,.F.,.F.,
  (2,2),(-6.1,-4.6),.PIECEWISE_BEZIER_KNOTS.);
#969 = CARTESIAN_POINT('',(1.5,-1.65));
#970 = CARTESIAN_POINT('',(0.,-1.65));
#971 = ( GEOMETRIC_REPRESENTATION_CONTEXT(2) 
PARAMETRIC_REPRESENTATION_CONTEXT() REPRESENTATION_CONTEXT('2D SPACE',''
  ) );
#972 = PCURVE('',#973,#978);
#973 = PLANE('',#974);
#974 = AXIS2_PLACEMENT_3D('',#975,#976,#977);
#975 = CARTESIAN_POINT('',(6.5,-3.2,-10.5));
#976 = DIRECTION('',(0.,1.,0.));
#977 = DIRECTION('',(0.,0.,1.));
#978 = DEFINITIONAL_REPRESENTATION('',(#979),#982);
#979 = B_SPLINE_CURVE_WITH_KNOTS('',1,(#980,#981),.UNSPECIFIED.,.F.,.F.,
  (2,2),(-6.1,-4.6),.PIECEWISE_BEZIER_KNOTS.);
#980 = CARTESIAN_POINT('',(10.7,18.89));
#981 = CARTESIAN_POINT('',(9.2,18.89));
#982 = ( GEOMETRIC_REPRESENTATION_CONTEXT(2) 
PARAMETRIC_REPRESENTATION_CONTEXT() REPRESENTATION_CONTEXT('2D SPACE',''
  ) );
#983 = ORIENTED_EDGE('',*,*,#984,.T.);
#984 = EDGE_CURVE('',#959,#985,#987,.T.);
#985 = VERTEX_POINT('',#986);
#986 = CARTESIAN_POINT('',(25.39,-2.025,0.2));
#987 = SURFACE_CURVE('',#988,(#992,#998),.PCURVE_S1.);
#988 = LINE('',#989,#990);
#989 = CARTESIAN_POINT('',(25.39,0.575,0.2));
#990 = VECTOR('',#991,1.);
#991 = DIRECTION('',(0.,1.,0.));
#992 = PCURVE('',#629,#993);
#993 = DEFINITIONAL_REPRESENTATION('',(#994),#997);
#994 = B_SPLINE_CURVE_WITH_KNOTS('',1,(#995,#996),.UNSPECIFIED.,.F.,.F.,
  (2,2),(-3.775,-0.875),.PIECEWISE_BEZIER_KNOTS.);
#995 = CARTESIAN_POINT('',(1.5,-1.65));
#996 = CARTESIAN_POINT('',(1.5,-4.55));
#997 = ( GEOMETRIC_REPRESENTATION_CONTEXT(2) 
PARAMETRIC_REPRESENTATION_CONTEXT() REPRESENTATION_CONTEXT('2D SPACE',''
  ) );
#998 = PCURVE('',#999,#1004);
#999 = PLANE('',#1000);
#1000 = AXIS2_PLACEMENT_3D('',#1001,#1002,#1003);
#1001 = CARTESIAN_POINT('',(6.5,6.,0.2));
#1002 = DIRECTION('',(0.,0.,1.));
#1003 = DIRECTION('',(1.,0.,-0.));
#1004 = DEFINITIONAL_REPRESENTATION('',(#1005),#1008);
#1005 = B_SPLINE_CURVE_WITH_KNOTS('',1,(#1006,#1007),.UNSPECIFIED.,.F.,
  .F.,(2,2),(-3.775,-0.875),.PIECEWISE_BEZIER_KNOTS.);
#1006 = CARTESIAN_POINT('',(18.89,-9.2));
#1007 = CARTESIAN_POINT('',(18.89,-6.3));
#1008 = ( GEOMETRIC_REPRESENTATION_CONTEXT(2) 
PARAMETRIC_REPRESENTATION_CONTEXT() REPRESENTATION_CONTEXT('2D SPACE',''
  ) );
#1009 = ORIENTED_EDGE('',*,*,#1010,.F.);
#1010 = EDGE_CURVE('',#1011,#985,#1013,.T.);
#1011 = VERTEX_POINT('',#1012);
#1012 = CARTESIAN_POINT('',(25.39,-2.025,1.5));
#1013 = SURFACE_CURVE('',#1014,(#1018,#1024),.PCURVE_S1.);
#1014 = LINE('',#1015,#1016);
#1015 = CARTESIAN_POINT('',(25.39,-2.025,-0.525));
#1016 = VECTOR('',#1017,1.);
#1017 = DIRECTION('',(0.,0.,-1.));
#1018 = PCURVE('',#629,#1019);
#1019 = DEFINITIONAL_REPRESENTATION('',(#1020),#1023);
#1020 = B_SPLINE_CURVE_WITH_KNOTS('',1,(#1021,#1022),.UNSPECIFIED.,.F.,
  .F.,(2,2),(-2.025,-0.725),.PIECEWISE_BEZIER_KNOTS.);
#1021 = CARTESIAN_POINT('',(2.8,-2.825));
#1022 = CARTESIAN_POINT('',(1.5,-2.825));
#1023 = ( GEOMETRIC_REPRESENTATION_CONTEXT(2) 
PARAMETRIC_REPRESENTATION_CONTEXT() REPRESENTATION_CONTEXT('2D SPACE',''
  ) );
#1024 = PCURVE('',#1025,#1030);
#1025 = PLANE('',#1026);
#1026 = AXIS2_PLACEMENT_3D('',#1027,#1028,#1029);
#1027 = CARTESIAN_POINT('',(6.495,-2.025,0.25));
#1028 = DIRECTION('',(0.,1.,0.));
#1029 = DIRECTION('',(0.,0.,1.));
#1030 = DEFINITIONAL_REPRESENTATION('',(#1031),#1034);
#1031 = B_SPLINE_CURVE_WITH_KNOTS('',1,(#1032,#1033),.UNSPECIFIED.,.F.,
  .F.,(2,2),(-2.025,-0.725),.PIECEWISE_BEZIER_KNOTS.);
#1032 = CARTESIAN_POINT('',(1.25,18.895));
#1033 = CARTESIAN_POINT('',(-5.E-02,18.895));
#1034 = ( GEOMETRIC_REPRESENTATION_CONTEXT(2) 
PARAMETRIC_REPRESENTATION_CONTEXT() REPRESENTATION_CONTEXT('2D SPACE',''
  ) );
#1035 = ORIENTED_EDGE('',*,*,#1036,.F.);
#1036 = EDGE_CURVE('',#1037,#1011,#1039,.T.);
#1037 = VERTEX_POINT('',#1038);
#1038 = CARTESIAN_POINT('',(25.39,-3.025,1.5));
#1039 = SURFACE_CURVE('',#1040,(#1044,#1050),.PCURVE_S1.);
#1040 = LINE('',#1041,#1042);
#1041 = CARTESIAN_POINT('',(25.39,-3.9375,1.5));
#1042 = VECTOR('',#1043,1.);
#1043 = DIRECTION('',(0.,1.,0.));
#1044 = PCURVE('',#629,#1045);
#1045 = DEFINITIONAL_REPRESENTATION('',(#1046),#1049);
#1046 = B_SPLINE_CURVE_WITH_KNOTS('',1,(#1047,#1048),.UNSPECIFIED.,.F.,
  .F.,(2,2),(0.9125,3.6375),.PIECEWISE_BEZIER_KNOTS.);
#1047 = CARTESIAN_POINT('',(2.8,-1.825));
#1048 = CARTESIAN_POINT('',(2.8,-4.55));
#1049 = ( GEOMETRIC_REPRESENTATION_CONTEXT(2) 
PARAMETRIC_REPRESENTATION_CONTEXT() REPRESENTATION_CONTEXT('2D SPACE',''
  ) );
#1050 = PCURVE('',#1051,#1056);
#1051 = PLANE('',#1052);
#1052 = AXIS2_PLACEMENT_3D('',#1053,#1054,#1055);
#1053 = CARTESIAN_POINT('',(6.495,-3.025,1.5));
#1054 = DIRECTION('',(0.,0.,1.));
#1055 = DIRECTION('',(1.,0.,0.));
#1056 = DEFINITIONAL_REPRESENTATION('',(#1057),#1060);
#1057 = B_SPLINE_CURVE_WITH_KNOTS('',1,(#1058,#1059),.UNSPECIFIED.,.F.,
  .F.,(2,2),(0.9125,3.6375),.PIECEWISE_BEZIER_KNOTS.);
#1058 = CARTESIAN_POINT('',(18.895,-3.552713678801E-15));
#1059 = CARTESIAN_POINT('',(18.895,2.725));
#1060 = ( GEOMETRIC_REPRESENTATION_CONTEXT(2) 
PARAMETRIC_REPRESENTATION_CONTEXT() REPRESENTATION_CONTEXT('2D SPACE',''
  ) );
#1061 = ORIENTED_EDGE('',*,*,#1062,.T.);
#1062 = EDGE_CURVE('',#1037,#589,#1063,.T.);
#1063 = SURFACE_CURVE('',#1064,(#1068,#1074),.PCURVE_S1.);
#1064 = LINE('',#1065,#1066);
#1065 = CARTESIAN_POINT('',(25.39,-3.025,-0.475));
#1066 = VECTOR('',#1067,1.);
#1067 = DIRECTION('',(0.,0.,-1.));
#1068 = PCURVE('',#629,#1069);
#1069 = DEFINITIONAL_REPRESENTATION('',(#1070),#1073);
#1070 = B_SPLINE_CURVE_WITH_KNOTS('',1,(#1071,#1072),.UNSPECIFIED.,.F.,
  .F.,(2,2),(-1.975,-0.915),.PIECEWISE_BEZIER_KNOTS.);
#1071 = CARTESIAN_POINT('',(2.8,-1.825));
#1072 = CARTESIAN_POINT('',(1.74,-1.825));
#1073 = ( GEOMETRIC_REPRESENTATION_CONTEXT(2) 
PARAMETRIC_REPRESENTATION_CONTEXT() REPRESENTATION_CONTEXT('2D SPACE',''
  ) );
#1074 = PCURVE('',#603,#1075);
#1075 = DEFINITIONAL_REPRESENTATION('',(#1076),#1079);
#1076 = B_SPLINE_CURVE_WITH_KNOTS('',1,(#1077,#1078),.UNSPECIFIED.,.F.,
  .F.,(2,2),(-1.975,-0.915),.PIECEWISE_BEZIER_KNOTS.);
#1077 = CARTESIAN_POINT('',(1.15,18.895));
#1078 = CARTESIAN_POINT('',(9.E-02,18.895));
#1079 = ( GEOMETRIC_REPRESENTATION_CONTEXT(2) 
PARAMETRIC_REPRESENTATION_CONTEXT() REPRESENTATION_CONTEXT('2D SPACE',''
  ) );
#1080 = ORIENTED_EDGE('',*,*,#614,.F.);
#1081 = ADVANCED_FACE('',(#1082),#603,.F.);
#1082 = FACE_BOUND('',#1083,.F.);
#1083 = EDGE_LOOP('',(#1084,#1107,#1108,#1109));
#1084 = ORIENTED_EDGE('',*,*,#1085,.F.);
#1085 = EDGE_CURVE('',#556,#1086,#1088,.T.);
#1086 = VERTEX_POINT('',#1087);
#1087 = CARTESIAN_POINT('',(53.505,-3.025,1.5));
#1088 = SURFACE_CURVE('',#1089,(#1093,#1100),.PCURVE_S1.);
#1089 = LINE('',#1090,#1091);
#1090 = CARTESIAN_POINT('',(53.505,-3.025,0.35));
#1091 = VECTOR('',#1092,1.);
#1092 = DIRECTION('',(0.,0.,1.));
#1093 = PCURVE('',#603,#1094);
#1094 = DEFINITIONAL_REPRESENTATION('',(#1095),#1099);
#1095 = LINE('',#1096,#1097);
#1096 = CARTESIAN_POINT('',(0.,47.01));
#1097 = VECTOR('',#1098,1.);
#1098 = DIRECTION('',(1.,0.));
#1099 = ( GEOMETRIC_REPRESENTATION_CONTEXT(2) 
PARAMETRIC_REPRESENTATION_CONTEXT() REPRESENTATION_CONTEXT('2D SPACE',''
  ) );
#1100 = PCURVE('',#576,#1101);
#1101 = DEFINITIONAL_REPRESENTATION('',(#1102),#1106);
#1102 = LINE('',#1103,#1104);
#1103 = CARTESIAN_POINT('',(-4.712388980385,-1.110223024625E-16));
#1104 = VECTOR('',#1105,1.);
#1105 = DIRECTION('',(-0.,-1.));
#1106 = ( GEOMETRIC_REPRESENTATION_CONTEXT(2) 
PARAMETRIC_REPRESENTATION_CONTEXT() REPRESENTATION_CONTEXT('2D SPACE',''
  ) );
#1107 = ORIENTED_EDGE('',*,*,#588,.T.);
#1108 = ORIENTED_EDGE('',*,*,#1062,.F.);
#1109 = ORIENTED_EDGE('',*,*,#1110,.T.);
#1110 = EDGE_CURVE('',#1037,#1086,#1111,.T.);
#1111 = SURFACE_CURVE('',#1112,(#1116,#1123),.PCURVE_S1.);
#1112 = LINE('',#1113,#1114);
#1113 = CARTESIAN_POINT('',(6.495,-3.025,1.5));
#1114 = VECTOR('',#1115,1.);
#1115 = DIRECTION('',(1.,0.,0.));
#1116 = PCURVE('',#603,#1117);
#1117 = DEFINITIONAL_REPRESENTATION('',(#1118),#1122);
#1118 = LINE('',#1119,#1120);
#1119 = CARTESIAN_POINT('',(1.15,0.));
#1120 = VECTOR('',#1121,1.);
#1121 = DIRECTION('',(0.,1.));
#1122 = ( GEOMETRIC_REPRESENTATION_CONTEXT(2) 
PARAMETRIC_REPRESENTATION_CONTEXT() REPRESENTATION_CONTEXT('2D SPACE',''
  ) );
#1123 = PCURVE('',#1051,#1124);
#1124 = DEFINITIONAL_REPRESENTATION('',(#1125),#1129);
#1125 = LINE('',#1126,#1127);
#1126 = CARTESIAN_POINT('',(0.,0.));
#1127 = VECTOR('',#1128,1.);
#1128 = DIRECTION('',(1.,0.));
#1129 = ( GEOMETRIC_REPRESENTATION_CONTEXT(2) 
PARAMETRIC_REPRESENTATION_CONTEXT() REPRESENTATION_CONTEXT('2D SPACE',''
  ) );
#1130 = ADVANCED_FACE('',(#1131),#576,.T.);
#1131 = FACE_BOUND('',#1132,.F.);
#1132 = EDGE_LOOP('',(#1133,#1134,#1158,#1177));
#1133 = ORIENTED_EDGE('',*,*,#1085,.T.);
#1134 = ORIENTED_EDGE('',*,*,#1135,.T.);
#1135 = EDGE_CURVE('',#1086,#1136,#1138,.T.);
#1136 = VERTEX_POINT('',#1137);
#1137 = CARTESIAN_POINT('',(59.96513738244,-0.3,1.5));
#1138 = SURFACE_CURVE('',#1139,(#1144,#1151),.PCURVE_S1.);
#1139 = CIRCLE('',#1140,9.02);
#1140 = AXIS2_PLACEMENT_3D('',#1141,#1142,#1143);
#1141 = CARTESIAN_POINT('',(53.505,5.995,1.5));
#1142 = DIRECTION('',(0.,0.,1.));
#1143 = DIRECTION('',(1.,0.,0.));
#1144 = PCURVE('',#576,#1145);
#1145 = DEFINITIONAL_REPRESENTATION('',(#1146),#1150);
#1146 = LINE('',#1147,#1148);
#1147 = CARTESIAN_POINT('',(-0.,-1.15));
#1148 = VECTOR('',#1149,1.);
#1149 = DIRECTION('',(-1.,0.));
#1150 = ( GEOMETRIC_REPRESENTATION_CONTEXT(2) 
PARAMETRIC_REPRESENTATION_CONTEXT() REPRESENTATION_CONTEXT('2D SPACE',''
  ) );
#1151 = PCURVE('',#1051,#1152);
#1152 = DEFINITIONAL_REPRESENTATION('',(#1153),#1157);
#1153 = CIRCLE('',#1154,9.02);
#1154 = AXIS2_PLACEMENT_2D('',#1155,#1156);
#1155 = CARTESIAN_POINT('',(47.01,9.02));
#1156 = DIRECTION('',(1.,0.));
#1157 = ( GEOMETRIC_REPRESENTATION_CONTEXT(2) 
PARAMETRIC_REPRESENTATION_CONTEXT() REPRESENTATION_CONTEXT('2D SPACE',''
  ) );
#1158 = ORIENTED_EDGE('',*,*,#1159,.T.);
#1159 = EDGE_CURVE('',#1136,#530,#1160,.T.);
#1160 = SURFACE_CURVE('',#1161,(#1165,#1171),.PCURVE_S1.);
#1161 = LINE('',#1162,#1163);
#1162 = CARTESIAN_POINT('',(59.96513738244,-0.3,0.35));
#1163 = VECTOR('',#1164,1.);
#1164 = DIRECTION('',(-0.,-0.,-1.));
#1165 = PCURVE('',#576,#1166);
#1166 = DEFINITIONAL_REPRESENTATION('',(#1167),#1170);
#1167 = B_SPLINE_CURVE_WITH_KNOTS('',1,(#1168,#1169),.UNSPECIFIED.,.F.,
  .F.,(2,2),(-1.1500006,-8.99994E-02),.PIECEWISE_BEZIER_KNOTS.);
#1168 = CARTESIAN_POINT('',(-5.510733155397,-1.1500006));
#1169 = CARTESIAN_POINT('',(-5.510733155397,-8.99994E-02));
#1170 = ( GEOMETRIC_REPRESENTATION_CONTEXT(2) 
PARAMETRIC_REPRESENTATION_CONTEXT() REPRESENTATION_CONTEXT('2D SPACE',''
  ) );
#1171 = PCURVE('',#544,#1172);
#1172 = DEFINITIONAL_REPRESENTATION('',(#1173),#1176);
#1173 = B_SPLINE_CURVE_WITH_KNOTS('',1,(#1174,#1175),.UNSPECIFIED.,.F.,
  .F.,(2,2),(-1.1500006,-8.99994E-02),.PIECEWISE_BEZIER_KNOTS.);
#1174 = CARTESIAN_POINT('',(1.4500006,60.26513738244));
#1175 = CARTESIAN_POINT('',(0.3899994,60.26513738244));
#1176 = ( GEOMETRIC_REPRESENTATION_CONTEXT(2) 
PARAMETRIC_REPRESENTATION_CONTEXT() REPRESENTATION_CONTEXT('2D SPACE',''
  ) );
#1177 = ORIENTED_EDGE('',*,*,#555,.T.);
#1178 = ADVANCED_FACE('',(#1179),#544,.T.);
#1179 = FACE_BOUND('',#1180,.T.);
#1180 = EDGE_LOOP('',(#1181,#1211,#1237,#1258,#1284,#1303,#1304,#1305));
#1181 = ORIENTED_EDGE('',*,*,#1182,.F.);
#1182 = EDGE_CURVE('',#1183,#1185,#1187,.T.);
#1183 = VERTEX_POINT('',#1184);
#1184 = CARTESIAN_POINT('',(60.204476116745,-0.3,5.E-02));
#1185 = VERTEX_POINT('',#1186);
#1186 = CARTESIAN_POINT('',(60.3,-0.3,5.E-02));
#1187 = SURFACE_CURVE('',#1188,(#1192,#1199),.PCURVE_S1.);
#1188 = LINE('',#1189,#1190);
#1189 = CARTESIAN_POINT('',(-0.3,-0.3,5.E-02));
#1190 = VECTOR('',#1191,1.);
#1191 = DIRECTION('',(1.,0.,0.));
#1192 = PCURVE('',#544,#1193);
#1193 = DEFINITIONAL_REPRESENTATION('',(#1194),#1198);
#1194 = LINE('',#1195,#1196);
#1195 = CARTESIAN_POINT('',(0.,0.));
#1196 = VECTOR('',#1197,1.);
#1197 = DIRECTION('',(0.,1.));
#1198 = ( GEOMETRIC_REPRESENTATION_CONTEXT(2) 
PARAMETRIC_REPRESENTATION_CONTEXT() REPRESENTATION_CONTEXT('2D SPACE',''
  ) );
#1199 = PCURVE('',#1200,#1205);
#1200 = PLANE('',#1201);
#1201 = AXIS2_PLACEMENT_3D('',#1202,#1203,#1204);
#1202 = CARTESIAN_POINT('',(-0.3,-0.3,5.E-02));
#1203 = DIRECTION('',(0.,0.,1.));
#1204 = DIRECTION('',(1.,0.,0.));
#1205 = DEFINITIONAL_REPRESENTATION('',(#1206),#1210);
#1206 = LINE('',#1207,#1208);
#1207 = CARTESIAN_POINT('',(0.,0.));
#1208 = VECTOR('',#1209,1.);
#1209 = DIRECTION('',(1.,0.));
#1210 = ( GEOMETRIC_REPRESENTATION_CONTEXT(2) 
PARAMETRIC_REPRESENTATION_CONTEXT() REPRESENTATION_CONTEXT('2D SPACE',''
  ) );
#1211 = ORIENTED_EDGE('',*,*,#1212,.F.);
#1212 = EDGE_CURVE('',#1213,#1183,#1215,.T.);
#1213 = VERTEX_POINT('',#1214);
#1214 = CARTESIAN_POINT('',(60.204476116745,-0.3,0.2));
#1215 = SURFACE_CURVE('',#1216,(#1220,#1226),.PCURVE_S1.);
#1216 = LINE('',#1217,#1218);
#1217 = CARTESIAN_POINT('',(60.204476116745,-0.3,-10.5));
#1218 = VECTOR('',#1219,1.);
#1219 = DIRECTION('',(-0.,-0.,-1.));
#1220 = PCURVE('',#544,#1221);
#1221 = DEFINITIONAL_REPRESENTATION('',(#1222),#1225);
#1222 = B_SPLINE_CURVE_WITH_KNOTS('',1,(#1223,#1224),.UNSPECIFIED.,.F.,
  .F.,(2,2),(-10.7000006,-10.365),.PIECEWISE_BEZIER_KNOTS.);
#1223 = CARTESIAN_POINT('',(0.1500006,60.504476116745));
#1224 = CARTESIAN_POINT('',(-0.185,60.504476116745));
#1225 = ( GEOMETRIC_REPRESENTATION_CONTEXT(2) 
PARAMETRIC_REPRESENTATION_CONTEXT() REPRESENTATION_CONTEXT('2D SPACE',''
  ) );
#1226 = PCURVE('',#1227,#1232);
#1227 = CYLINDRICAL_SURFACE('',#1228,9.2);
#1228 = AXIS2_PLACEMENT_3D('',#1229,#1230,#1231);
#1229 = CARTESIAN_POINT('',(53.5,6.,-10.5));
#1230 = DIRECTION('',(-0.,-0.,-1.));
#1231 = DIRECTION('',(1.,0.,0.));
#1232 = DEFINITIONAL_REPRESENTATION('',(#1233),#1236);
#1233 = B_SPLINE_CURVE_WITH_KNOTS('',1,(#1234,#1235),.UNSPECIFIED.,.F.,
  .F.,(2,2),(-10.7000006,-10.365),.PIECEWISE_BEZIER_KNOTS.);
#1234 = CARTESIAN_POINT('',(-5.528879958327,-10.7000006));
#1235 = CARTESIAN_POINT('',(-5.528879958327,-10.365));
#1236 = ( GEOMETRIC_REPRESENTATION_CONTEXT(2) 
PARAMETRIC_REPRESENTATION_CONTEXT() REPRESENTATION_CONTEXT('2D SPACE',''
  ) );
#1237 = ORIENTED_EDGE('',*,*,#1238,.T.);
#1238 = EDGE_CURVE('',#1213,#1239,#1241,.T.);
#1239 = VERTEX_POINT('',#1240);
#1240 = CARTESIAN_POINT('',(58.47424290008,-0.3,0.2));
#1241 = SURFACE_CURVE('',#1242,(#1246,#1252),.PCURVE_S1.);
#1242 = LINE('',#1243,#1244);
#1243 = CARTESIAN_POINT('',(3.1,-0.3,0.2));
#1244 = VECTOR('',#1245,1.);
#1245 = DIRECTION('',(-1.,0.,0.));
#1246 = PCURVE('',#544,#1247);
#1247 = DEFINITIONAL_REPRESENTATION('',(#1248),#1251);
#1248 = B_SPLINE_CURVE_WITH_KNOTS('',1,(#1249,#1250),.UNSPECIFIED.,.F.,
  .F.,(2,2),(-57.2,3.4),.PIECEWISE_BEZIER_KNOTS.);
#1249 = CARTESIAN_POINT('',(0.15,60.6));
#1250 = CARTESIAN_POINT('',(0.15,0.));
#1251 = ( GEOMETRIC_REPRESENTATION_CONTEXT(2) 
PARAMETRIC_REPRESENTATION_CONTEXT() REPRESENTATION_CONTEXT('2D SPACE',''
  ) );
#1252 = PCURVE('',#999,#1253);
#1253 = DEFINITIONAL_REPRESENTATION('',(#1254),#1257);
#1254 = B_SPLINE_CURVE_WITH_KNOTS('',1,(#1255,#1256),.UNSPECIFIED.,.F.,
  .F.,(2,2),(-57.2,3.4),.PIECEWISE_BEZIER_KNOTS.);
#1255 = CARTESIAN_POINT('',(53.8,-6.3));
#1256 = CARTESIAN_POINT('',(-6.8,-6.3));
#1257 = ( GEOMETRIC_REPRESENTATION_CONTEXT(2) 
PARAMETRIC_REPRESENTATION_CONTEXT() REPRESENTATION_CONTEXT('2D SPACE',''
  ) );
#1258 = ORIENTED_EDGE('',*,*,#1259,.F.);
#1259 = EDGE_CURVE('',#1260,#1239,#1262,.T.);
#1260 = VERTEX_POINT('',#1261);
#1261 = CARTESIAN_POINT('',(58.47424290008,-0.3,1.5));
#1262 = SURFACE_CURVE('',#1263,(#1267,#1273),.PCURVE_S1.);
#1263 = LINE('',#1264,#1265);
#1264 = CARTESIAN_POINT('',(58.47424290008,-0.3,0.25));
#1265 = VECTOR('',#1266,1.);
#1266 = DIRECTION('',(-0.,-0.,-1.));
#1267 = PCURVE('',#544,#1268);
#1268 = DEFINITIONAL_REPRESENTATION('',(#1269),#1272);
#1269 = B_SPLINE_CURVE_WITH_KNOTS('',1,(#1270,#1271),.UNSPECIFIED.,.F.,
  .F.,(2,2),(-1.2500006,5.00006E-02),.PIECEWISE_BEZIER_KNOTS.);
#1270 = CARTESIAN_POINT('',(1.4500006,58.77424290008));
#1271 = CARTESIAN_POINT('',(0.1499994,58.77424290008));
#1272 = ( GEOMETRIC_REPRESENTATION_CONTEXT(2) 
PARAMETRIC_REPRESENTATION_CONTEXT() REPRESENTATION_CONTEXT('2D SPACE',''
  ) );
#1273 = PCURVE('',#1274,#1279);
#1274 = CYLINDRICAL_SURFACE('',#1275,8.02);
#1275 = AXIS2_PLACEMENT_3D('',#1276,#1277,#1278);
#1276 = CARTESIAN_POINT('',(53.505,5.995,0.25));
#1277 = DIRECTION('',(-0.,-0.,-1.));
#1278 = DIRECTION('',(1.,0.,0.));
#1279 = DEFINITIONAL_REPRESENTATION('',(#1280),#1283);
#1280 = B_SPLINE_CURVE_WITH_KNOTS('',1,(#1281,#1282),.UNSPECIFIED.,.F.,
  .F.,(2,2),(-1.2500006,5.00006E-02),.PIECEWISE_BEZIER_KNOTS.);
#1281 = CARTESIAN_POINT('',(-5.380630059242,-1.2500006));
#1282 = CARTESIAN_POINT('',(-5.380630059242,5.00006E-02));
#1283 = ( GEOMETRIC_REPRESENTATION_CONTEXT(2) 
PARAMETRIC_REPRESENTATION_CONTEXT() REPRESENTATION_CONTEXT('2D SPACE',''
  ) );
#1284 = ORIENTED_EDGE('',*,*,#1285,.F.);
#1285 = EDGE_CURVE('',#1136,#1260,#1286,.T.);
#1286 = SURFACE_CURVE('',#1287,(#1291,#1297),.PCURVE_S1.);
#1287 = LINE('',#1288,#1289);
#1288 = CARTESIAN_POINT('',(3.0975,-0.3,1.5));
#1289 = VECTOR('',#1290,1.);
#1290 = DIRECTION('',(-1.,0.,0.));
#1291 = PCURVE('',#544,#1292);
#1292 = DEFINITIONAL_REPRESENTATION('',(#1293),#1296);
#1293 = B_SPLINE_CURVE_WITH_KNOTS('',1,(#1294,#1295),.UNSPECIFIED.,.F.,
  .F.,(2,2),(-57.2025,3.3975),.PIECEWISE_BEZIER_KNOTS.);
#1294 = CARTESIAN_POINT('',(1.45,60.6));
#1295 = CARTESIAN_POINT('',(1.45,0.));
#1296 = ( GEOMETRIC_REPRESENTATION_CONTEXT(2) 
PARAMETRIC_REPRESENTATION_CONTEXT() REPRESENTATION_CONTEXT('2D SPACE',''
  ) );
#1297 = PCURVE('',#1051,#1298);
#1298 = DEFINITIONAL_REPRESENTATION('',(#1299),#1302);
#1299 = B_SPLINE_CURVE_WITH_KNOTS('',1,(#1300,#1301),.UNSPECIFIED.,.F.,
  .F.,(2,2),(-57.2025,3.3975),.PIECEWISE_BEZIER_KNOTS.);
#1300 = CARTESIAN_POINT('',(53.805,2.725));
#1301 = CARTESIAN_POINT('',(-6.795,2.725));
#1302 = ( GEOMETRIC_REPRESENTATION_CONTEXT(2) 
PARAMETRIC_REPRESENTATION_CONTEXT() REPRESENTATION_CONTEXT('2D SPACE',''
  ) );
#1303 = ORIENTED_EDGE('',*,*,#1159,.T.);
#1304 = ORIENTED_EDGE('',*,*,#529,.F.);
#1305 = ORIENTED_EDGE('',*,*,#1306,.F.);
#1306 = EDGE_CURVE('',#1185,#504,#1307,.T.);
#1307 = SURFACE_CURVE('',#1308,(#1312,#1319),.PCURVE_S1.);
#1308 = LINE('',#1309,#1310);
#1309 = CARTESIAN_POINT('',(60.3,-0.3,5.E-02));
#1310 = VECTOR('',#1311,1.);
#1311 = DIRECTION('',(0.,0.,1.));
#1312 = PCURVE('',#544,#1313);
#1313 = DEFINITIONAL_REPRESENTATION('',(#1314),#1318);
#1314 = LINE('',#1315,#1316);
#1315 = CARTESIAN_POINT('',(0.,60.6));
#1316 = VECTOR('',#1317,1.);
#1317 = DIRECTION('',(1.,0.));
#1318 = ( GEOMETRIC_REPRESENTATION_CONTEXT(2) 
PARAMETRIC_REPRESENTATION_CONTEXT() REPRESENTATION_CONTEXT('2D SPACE',''
  ) );
#1319 = PCURVE('',#518,#1320);
#1320 = DEFINITIONAL_REPRESENTATION('',(#1321),#1325);
#1321 = LINE('',#1322,#1323);
#1322 = CARTESIAN_POINT('',(0.,0.));
#1323 = VECTOR('',#1324,1.);
#1324 = DIRECTION('',(1.,0.));
#1325 = ( GEOMETRIC_REPRESENTATION_CONTEXT(2) 
PARAMETRIC_REPRESENTATION_CONTEXT() REPRESENTATION_CONTEXT('2D SPACE',''
  ) );
#1326 = ADVANCED_FACE('',(#1327),#518,.F.);
#1327 = FACE_BOUND('',#1328,.F.);
#1328 = EDGE_LOOP('',(#1329,#1330,#1353,#1374,#1400,#1426,#1452,#1471));
#1329 = ORIENTED_EDGE('',*,*,#1306,.F.);
#1330 = ORIENTED_EDGE('',*,*,#1331,.T.);
#1331 = EDGE_CURVE('',#1185,#1332,#1334,.T.);
#1332 = VERTEX_POINT('',#1333);
#1333 = CARTESIAN_POINT('',(60.3,-0.196773353932,5.E-02));
#1334 = SURFACE_CURVE('',#1335,(#1339,#1346),.PCURVE_S1.);
#1335 = LINE('',#1336,#1337);
#1336 = CARTESIAN_POINT('',(60.3,-0.3,5.E-02));
#1337 = VECTOR('',#1338,1.);
#1338 = DIRECTION('',(0.,1.,0.));
#1339 = PCURVE('',#518,#1340);
#1340 = DEFINITIONAL_REPRESENTATION('',(#1341),#1345);
#1341 = LINE('',#1342,#1343);
#1342 = CARTESIAN_POINT('',(0.,0.));
#1343 = VECTOR('',#1344,1.);
#1344 = DIRECTION('',(0.,-1.));
#1345 = ( GEOMETRIC_REPRESENTATION_CONTEXT(2) 
PARAMETRIC_REPRESENTATION_CONTEXT() REPRESENTATION_CONTEXT('2D SPACE',''
  ) );
#1346 = PCURVE('',#1200,#1347);
#1347 = DEFINITIONAL_REPRESENTATION('',(#1348),#1352);
#1348 = LINE('',#1349,#1350);
#1349 = CARTESIAN_POINT('',(60.6,0.));
#1350 = VECTOR('',#1351,1.);
#1351 = DIRECTION('',(0.,1.));
#1352 = ( GEOMETRIC_REPRESENTATION_CONTEXT(2) 
PARAMETRIC_REPRESENTATION_CONTEXT() REPRESENTATION_CONTEXT('2D SPACE',''
  ) );
#1353 = ORIENTED_EDGE('',*,*,#1354,.F.);
#1354 = EDGE_CURVE('',#1355,#1332,#1357,.T.);
#1355 = VERTEX_POINT('',#1356);
#1356 = CARTESIAN_POINT('',(60.3,-0.196773353932,0.2));
#1357 = SURFACE_CURVE('',#1358,(#1362,#1368),.PCURVE_S1.);
#1358 = LINE('',#1359,#1360);
#1359 = CARTESIAN_POINT('',(60.3,-0.196773353932,-10.5));
#1360 = VECTOR('',#1361,1.);
#1361 = DIRECTION('',(-0.,-0.,-1.));
#1362 = PCURVE('',#518,#1363);
#1363 = DEFINITIONAL_REPRESENTATION('',(#1364),#1367);
#1364 = B_SPLINE_CURVE_WITH_KNOTS('',1,(#1365,#1366),.UNSPECIFIED.,.F.,
  .F.,(2,2),(-10.7000006,-10.365),.PIECEWISE_BEZIER_KNOTS.);
#1365 = CARTESIAN_POINT('',(0.1500006,-0.103226646068));
#1366 = CARTESIAN_POINT('',(-0.185,-0.103226646068));
#1367 = ( GEOMETRIC_REPRESENTATION_CONTEXT(2) 
PARAMETRIC_REPRESENTATION_CONTEXT() REPRESENTATION_CONTEXT('2D SPACE',''
  ) );
#1368 = PCURVE('',#1227,#1369);
#1369 = DEFINITIONAL_REPRESENTATION('',(#1370),#1373);
#1370 = B_SPLINE_CURVE_WITH_KNOTS('',1,(#1371,#1372),.UNSPECIFIED.,.F.,
  .F.,(2,2),(-10.7000006,-10.365),.PIECEWISE_BEZIER_KNOTS.);
#1371 = CARTESIAN_POINT('',(-5.544167428166,-10.7000006));
#1372 = CARTESIAN_POINT('',(-5.544167428166,-10.365));
#1373 = ( GEOMETRIC_REPRESENTATION_CONTEXT(2) 
PARAMETRIC_REPRESENTATION_CONTEXT() REPRESENTATION_CONTEXT('2D SPACE',''
  ) );
#1374 = ORIENTED_EDGE('',*,*,#1375,.T.);
#1375 = EDGE_CURVE('',#1355,#1376,#1378,.T.);
#1376 = VERTEX_POINT('',#1377);
#1377 = CARTESIAN_POINT('',(60.3,1.73490903853,0.2));
#1378 = SURFACE_CURVE('',#1379,(#1383,#1389),.PCURVE_S1.);
#1379 = LINE('',#1380,#1381);
#1380 = CARTESIAN_POINT('',(60.3,2.85,0.2));
#1381 = VECTOR('',#1382,1.);
#1382 = DIRECTION('',(0.,1.,0.));
#1383 = PCURVE('',#518,#1384);
#1384 = DEFINITIONAL_REPRESENTATION('',(#1385),#1388);
#1385 = B_SPLINE_CURVE_WITH_KNOTS('',1,(#1386,#1387),.UNSPECIFIED.,.F.,
  .F.,(2,2),(-3.15,102.45),.PIECEWISE_BEZIER_KNOTS.);
#1386 = CARTESIAN_POINT('',(0.15,0.));
#1387 = CARTESIAN_POINT('',(0.15,-105.6));
#1388 = ( GEOMETRIC_REPRESENTATION_CONTEXT(2) 
PARAMETRIC_REPRESENTATION_CONTEXT() REPRESENTATION_CONTEXT('2D SPACE',''
  ) );
#1389 = PCURVE('',#1390,#1395);
#1390 = PLANE('',#1391);
#1391 = AXIS2_PLACEMENT_3D('',#1392,#1393,#1394);
#1392 = CARTESIAN_POINT('',(6.5,6.,0.2));
#1393 = DIRECTION('',(0.,0.,1.));
#1394 = DIRECTION('',(1.,0.,-0.));
#1395 = DEFINITIONAL_REPRESENTATION('',(#1396),#1399);
#1396 = B_SPLINE_CURVE_WITH_KNOTS('',1,(#1397,#1398),.UNSPECIFIED.,.F.,
  .F.,(2,2),(-3.15,102.45),.PIECEWISE_BEZIER_KNOTS.);
#1397 = CARTESIAN_POINT('',(53.8,-6.3));
#1398 = CARTESIAN_POINT('',(53.8,99.3));
#1399 = ( GEOMETRIC_REPRESENTATION_CONTEXT(2) 
PARAMETRIC_REPRESENTATION_CONTEXT() REPRESENTATION_CONTEXT('2D SPACE',''
  ) );
#1400 = ORIENTED_EDGE('',*,*,#1401,.F.);
#1401 = EDGE_CURVE('',#1402,#1376,#1404,.T.);
#1402 = VERTEX_POINT('',#1403);
#1403 = CARTESIAN_POINT('',(60.3,1.73490903853,1.5));
#1404 = SURFACE_CURVE('',#1405,(#1409,#1415),.PCURVE_S1.);
#1405 = LINE('',#1406,#1407);
#1406 = CARTESIAN_POINT('',(60.3,1.73490903853,0.25));
#1407 = VECTOR('',#1408,1.);
#1408 = DIRECTION('',(-0.,-0.,-1.));
#1409 = PCURVE('',#518,#1410);
#1410 = DEFINITIONAL_REPRESENTATION('',(#1411),#1414);
#1411 = B_SPLINE_CURVE_WITH_KNOTS('',1,(#1412,#1413),.UNSPECIFIED.,.F.,
  .F.,(2,2),(-1.2500006,5.00006E-02),.PIECEWISE_BEZIER_KNOTS.);
#1412 = CARTESIAN_POINT('',(1.4500006,-2.03490903853));
#1413 = CARTESIAN_POINT('',(0.1499994,-2.03490903853));
#1414 = ( GEOMETRIC_REPRESENTATION_CONTEXT(2) 
PARAMETRIC_REPRESENTATION_CONTEXT() REPRESENTATION_CONTEXT('2D SPACE',''
  ) );
#1415 = PCURVE('',#1416,#1421);
#1416 = CYLINDRICAL_SURFACE('',#1417,8.02);
#1417 = AXIS2_PLACEMENT_3D('',#1418,#1419,#1420);
#1418 = CARTESIAN_POINT('',(53.505,5.995,0.25));
#1419 = DIRECTION('',(-0.,-0.,-1.));
#1420 = DIRECTION('',(1.,0.,0.));
#1421 = DEFINITIONAL_REPRESENTATION('',(#1422),#1425);
#1422 = B_SPLINE_CURVE_WITH_KNOTS('',1,(#1423,#1424),.UNSPECIFIED.,.F.,
  .F.,(2,2),(-1.2500006,5.00006E-02),.PIECEWISE_BEZIER_KNOTS.);
#1423 = CARTESIAN_POINT('',(-5.723188595756,-1.2500006));
#1424 = CARTESIAN_POINT('',(-5.723188595756,5.00006E-02));
#1425 = ( GEOMETRIC_REPRESENTATION_CONTEXT(2) 
PARAMETRIC_REPRESENTATION_CONTEXT() REPRESENTATION_CONTEXT('2D SPACE',''
  ) );
#1426 = ORIENTED_EDGE('',*,*,#1427,.F.);
#1427 = EDGE_CURVE('',#1428,#1402,#1430,.T.);
#1428 = VERTEX_POINT('',#1429);
#1429 = CARTESIAN_POINT('',(60.3,6.302098789954E-02,1.5));
#1430 = SURFACE_CURVE('',#1431,(#1435,#1441),.PCURVE_S1.);
#1431 = LINE('',#1432,#1433);
#1432 = CARTESIAN_POINT('',(60.3,-1.6625,1.5));
#1433 = VECTOR('',#1434,1.);
#1434 = DIRECTION('',(0.,1.,0.));
#1435 = PCURVE('',#518,#1436);
#1436 = DEFINITIONAL_REPRESENTATION('',(#1437),#1440);
#1437 = B_SPLINE_CURVE_WITH_KNOTS('',1,(#1438,#1439),.UNSPECIFIED.,.F.,
  .F.,(2,2),(1.3625,106.9625),.PIECEWISE_BEZIER_KNOTS.);
#1438 = CARTESIAN_POINT('',(1.45,0.));
#1439 = CARTESIAN_POINT('',(1.45,-105.6));
#1440 = ( GEOMETRIC_REPRESENTATION_CONTEXT(2) 
PARAMETRIC_REPRESENTATION_CONTEXT() REPRESENTATION_CONTEXT('2D SPACE',''
  ) );
#1441 = PCURVE('',#1442,#1447);
#1442 = PLANE('',#1443);
#1443 = AXIS2_PLACEMENT_3D('',#1444,#1445,#1446);
#1444 = CARTESIAN_POINT('',(6.495,-3.025,1.5));
#1445 = DIRECTION('',(0.,0.,1.));
#1446 = DIRECTION('',(1.,0.,0.));
#1447 = DEFINITIONAL_REPRESENTATION('',(#1448),#1451);
#1448 = B_SPLINE_CURVE_WITH_KNOTS('',1,(#1449,#1450),.UNSPECIFIED.,.F.,
  .F.,(2,2),(1.3625,106.9625),.PIECEWISE_BEZIER_KNOTS.);
#1449 = CARTESIAN_POINT('',(53.805,2.725));
#1450 = CARTESIAN_POINT('',(53.805,108.325));
#1451 = ( GEOMETRIC_REPRESENTATION_CONTEXT(2) 
PARAMETRIC_REPRESENTATION_CONTEXT() REPRESENTATION_CONTEXT('2D SPACE',''
  ) );
#1452 = ORIENTED_EDGE('',*,*,#1453,.T.);
#1453 = EDGE_CURVE('',#1428,#471,#1454,.T.);
#1454 = SURFACE_CURVE('',#1455,(#1459,#1465),.PCURVE_S1.);
#1455 = LINE('',#1456,#1457);
#1456 = CARTESIAN_POINT('',(60.3,6.302098789955E-02,0.35));
#1457 = VECTOR('',#1458,1.);
#1458 = DIRECTION('',(-0.,-0.,-1.));
#1459 = PCURVE('',#518,#1460);
#1460 = DEFINITIONAL_REPRESENTATION('',(#1461),#1464);
#1461 = B_SPLINE_CURVE_WITH_KNOTS('',1,(#1462,#1463),.UNSPECIFIED.,.F.,
  .F.,(2,2),(-1.1500006,-8.99994E-02),.PIECEWISE_BEZIER_KNOTS.);
#1462 = CARTESIAN_POINT('',(1.4500006,-0.3630209879));
#1463 = CARTESIAN_POINT('',(0.3899994,-0.3630209879));
#1464 = ( GEOMETRIC_REPRESENTATION_CONTEXT(2) 
PARAMETRIC_REPRESENTATION_CONTEXT() REPRESENTATION_CONTEXT('2D SPACE',''
  ) );
#1465 = PCURVE('',#491,#1466);
#1466 = DEFINITIONAL_REPRESENTATION('',(#1467),#1470);
#1467 = B_SPLINE_CURVE_WITH_KNOTS('',1,(#1468,#1469),.UNSPECIFIED.,.F.,
  .F.,(2,2),(-1.1500006,-8.99994E-02),.PIECEWISE_BEZIER_KNOTS.);
#1468 = CARTESIAN_POINT('',(-5.565493850206,-1.1500006));
#1469 = CARTESIAN_POINT('',(-5.565493850206,-8.99994E-02));
#1470 = ( GEOMETRIC_REPRESENTATION_CONTEXT(2) 
PARAMETRIC_REPRESENTATION_CONTEXT() REPRESENTATION_CONTEXT('2D SPACE',''
  ) );
#1471 = ORIENTED_EDGE('',*,*,#503,.F.);
#1472 = ADVANCED_FACE('',(#1473),#491,.T.);
#1473 = FACE_BOUND('',#1474,.F.);
#1474 = EDGE_LOOP('',(#1475,#1476,#1500,#1520));
#1475 = ORIENTED_EDGE('',*,*,#1453,.F.);
#1476 = ORIENTED_EDGE('',*,*,#1477,.T.);
#1477 = EDGE_CURVE('',#1428,#1478,#1480,.T.);
#1478 = VERTEX_POINT('',#1479);
#1479 = CARTESIAN_POINT('',(62.525,5.995,1.5));
#1480 = SURFACE_CURVE('',#1481,(#1486,#1493),.PCURVE_S1.);
#1481 = CIRCLE('',#1482,9.02);
#1482 = AXIS2_PLACEMENT_3D('',#1483,#1484,#1485);
#1483 = CARTESIAN_POINT('',(53.505,5.995,1.5));
#1484 = DIRECTION('',(0.,0.,1.));
#1485 = DIRECTION('',(1.,0.,0.));
#1486 = PCURVE('',#491,#1487);
#1487 = DEFINITIONAL_REPRESENTATION('',(#1488),#1492);
#1488 = LINE('',#1489,#1490);
#1489 = CARTESIAN_POINT('',(-0.,-1.15));
#1490 = VECTOR('',#1491,1.);
#1491 = DIRECTION('',(-1.,0.));
#1492 = ( GEOMETRIC_REPRESENTATION_CONTEXT(2) 
PARAMETRIC_REPRESENTATION_CONTEXT() REPRESENTATION_CONTEXT('2D SPACE',''
  ) );
#1493 = PCURVE('',#1442,#1494);
#1494 = DEFINITIONAL_REPRESENTATION('',(#1495),#1499);
#1495 = CIRCLE('',#1496,9.02);
#1496 = AXIS2_PLACEMENT_2D('',#1497,#1498);
#1497 = CARTESIAN_POINT('',(47.01,9.02));
#1498 = DIRECTION('',(1.,0.));
#1499 = ( GEOMETRIC_REPRESENTATION_CONTEXT(2) 
PARAMETRIC_REPRESENTATION_CONTEXT() REPRESENTATION_CONTEXT('2D SPACE',''
  ) );
#1500 = ORIENTED_EDGE('',*,*,#1501,.F.);
#1501 = EDGE_CURVE('',#445,#1478,#1502,.T.);
#1502 = SURFACE_CURVE('',#1503,(#1507,#1513),.PCURVE_S1.);
#1503 = LINE('',#1504,#1505);
#1504 = CARTESIAN_POINT('',(62.525,5.995,0.35));
#1505 = VECTOR('',#1506,1.);
#1506 = DIRECTION('',(0.,0.,1.));
#1507 = PCURVE('',#491,#1508);
#1508 = DEFINITIONAL_REPRESENTATION('',(#1509),#1512);
#1509 = B_SPLINE_CURVE_WITH_KNOTS('',1,(#1510,#1511),.UNSPECIFIED.,.F.,
  .F.,(2,2),(0.,1.15),.PIECEWISE_BEZIER_KNOTS.);
#1510 = CARTESIAN_POINT('',(-6.28318530718,0.));
#1511 = CARTESIAN_POINT('',(-6.28318530718,-1.15));
#1512 = ( GEOMETRIC_REPRESENTATION_CONTEXT(2) 
PARAMETRIC_REPRESENTATION_CONTEXT() REPRESENTATION_CONTEXT('2D SPACE',''
  ) );
#1513 = PCURVE('',#459,#1514);
#1514 = DEFINITIONAL_REPRESENTATION('',(#1515),#1519);
#1515 = LINE('',#1516,#1517);
#1516 = CARTESIAN_POINT('',(0.,0.));
#1517 = VECTOR('',#1518,1.);
#1518 = DIRECTION('',(1.,0.));
#1519 = ( GEOMETRIC_REPRESENTATION_CONTEXT(2) 
PARAMETRIC_REPRESENTATION_CONTEXT() REPRESENTATION_CONTEXT('2D SPACE',''
  ) );
#1520 = ORIENTED_EDGE('',*,*,#470,.T.);
#1521 = ADVANCED_FACE('',(#1522),#459,.T.);
#1522 = FACE_BOUND('',#1523,.T.);
#1523 = EDGE_LOOP('',(#1524,#1525,#1526,#1547));
#1524 = ORIENTED_EDGE('',*,*,#1501,.F.);
#1525 = ORIENTED_EDGE('',*,*,#444,.T.);
#1526 = ORIENTED_EDGE('',*,*,#1527,.T.);
#1527 = EDGE_CURVE('',#419,#1528,#1530,.T.);
#1528 = VERTEX_POINT('',#1529);
#1529 = CARTESIAN_POINT('',(62.525,62.55,1.5));
#1530 = SURFACE_CURVE('',#1531,(#1535,#1541),.PCURVE_S1.);
#1531 = LINE('',#1532,#1533);
#1532 = CARTESIAN_POINT('',(62.525,62.55,-0.6));
#1533 = VECTOR('',#1534,1.);
#1534 = DIRECTION('',(0.,0.,1.));
#1535 = PCURVE('',#459,#1536);
#1536 = DEFINITIONAL_REPRESENTATION('',(#1537),#1540);
#1537 = B_SPLINE_CURVE_WITH_KNOTS('',1,(#1538,#1539),.UNSPECIFIED.,.F.,
  .F.,(2,2),(1.04,2.1),.PIECEWISE_BEZIER_KNOTS.);
#1538 = CARTESIAN_POINT('',(9.E-02,-56.555));
#1539 = CARTESIAN_POINT('',(1.15,-56.555));
#1540 = ( GEOMETRIC_REPRESENTATION_CONTEXT(2) 
PARAMETRIC_REPRESENTATION_CONTEXT() REPRESENTATION_CONTEXT('2D SPACE',''
  ) );
#1541 = PCURVE('',#433,#1542);
#1542 = DEFINITIONAL_REPRESENTATION('',(#1543),#1546);
#1543 = B_SPLINE_CURVE_WITH_KNOTS('',1,(#1544,#1545),.UNSPECIFIED.,.F.,
  .F.,(2,2),(1.04,2.1),.PIECEWISE_BEZIER_KNOTS.);
#1544 = CARTESIAN_POINT('',(1.99,3.825));
#1545 = CARTESIAN_POINT('',(3.05,3.825));
#1546 = ( GEOMETRIC_REPRESENTATION_CONTEXT(2) 
PARAMETRIC_REPRESENTATION_CONTEXT() REPRESENTATION_CONTEXT('2D SPACE',''
  ) );
#1547 = ORIENTED_EDGE('',*,*,#1548,.F.);
#1548 = EDGE_CURVE('',#1478,#1528,#1549,.T.);
#1549 = SURFACE_CURVE('',#1550,(#1554,#1561),.PCURVE_S1.);
#1550 = LINE('',#1551,#1552);
#1551 = CARTESIAN_POINT('',(62.525,5.995,1.5));
#1552 = VECTOR('',#1553,1.);
#1553 = DIRECTION('',(0.,1.,0.));
#1554 = PCURVE('',#459,#1555);
#1555 = DEFINITIONAL_REPRESENTATION('',(#1556),#1560);
#1556 = LINE('',#1557,#1558);
#1557 = CARTESIAN_POINT('',(1.15,0.));
#1558 = VECTOR('',#1559,1.);
#1559 = DIRECTION('',(0.,-1.));
#1560 = ( GEOMETRIC_REPRESENTATION_CONTEXT(2) 
PARAMETRIC_REPRESENTATION_CONTEXT() REPRESENTATION_CONTEXT('2D SPACE',''
  ) );
#1561 = PCURVE('',#1442,#1562);
#1562 = DEFINITIONAL_REPRESENTATION('',(#1563),#1567);
#1563 = LINE('',#1564,#1565);
#1564 = CARTESIAN_POINT('',(56.03,9.02));
#1565 = VECTOR('',#1566,1.);
#1566 = DIRECTION('',(0.,1.));
#1567 = ( GEOMETRIC_REPRESENTATION_CONTEXT(2) 
PARAMETRIC_REPRESENTATION_CONTEXT() REPRESENTATION_CONTEXT('2D SPACE',''
  ) );
#1568 = ADVANCED_FACE('',(#1569),#433,.T.);
#1569 = FACE_BOUND('',#1570,.T.);
#1570 = EDGE_LOOP('',(#1571,#1601,#1627,#1648,#1674,#1693,#1694,#1695));
#1571 = ORIENTED_EDGE('',*,*,#1572,.F.);
#1572 = EDGE_CURVE('',#1573,#1575,#1577,.T.);
#1573 = VERTEX_POINT('',#1574);
#1574 = CARTESIAN_POINT('',(62.7,62.55,-1.55));
#1575 = VERTEX_POINT('',#1576);
#1576 = CARTESIAN_POINT('',(63.7,62.55,-1.55));
#1577 = SURFACE_CURVE('',#1578,(#1582,#1589),.PCURVE_S1.);
#1578 = LINE('',#1579,#1580);
#1579 = CARTESIAN_POINT('',(58.7,62.55,-1.55));
#1580 = VECTOR('',#1581,1.);
#1581 = DIRECTION('',(1.,0.,0.));
#1582 = PCURVE('',#433,#1583);
#1583 = DEFINITIONAL_REPRESENTATION('',(#1584),#1588);
#1584 = LINE('',#1585,#1586);
#1585 = CARTESIAN_POINT('',(0.,0.));
#1586 = VECTOR('',#1587,1.);
#1587 = DIRECTION('',(0.,1.));
#1588 = ( GEOMETRIC_REPRESENTATION_CONTEXT(2) 
PARAMETRIC_REPRESENTATION_CONTEXT() REPRESENTATION_CONTEXT('2D SPACE',''
  ) );
#1589 = PCURVE('',#1590,#1595);
#1590 = PLANE('',#1591);
#1591 = AXIS2_PLACEMENT_3D('',#1592,#1593,#1594);
#1592 = CARTESIAN_POINT('',(58.7,62.55,-1.55));
#1593 = DIRECTION('',(0.,0.,1.));
#1594 = DIRECTION('',(1.,0.,0.));
#1595 = DEFINITIONAL_REPRESENTATION('',(#1596),#1600);
#1596 = LINE('',#1597,#1598);
#1597 = CARTESIAN_POINT('',(0.,0.));
#1598 = VECTOR('',#1599,1.);
#1599 = DIRECTION('',(1.,0.));
#1600 = ( GEOMETRIC_REPRESENTATION_CONTEXT(2) 
PARAMETRIC_REPRESENTATION_CONTEXT() REPRESENTATION_CONTEXT('2D SPACE',''
  ) );
#1601 = ORIENTED_EDGE('',*,*,#1602,.T.);
#1602 = EDGE_CURVE('',#1573,#1603,#1605,.T.);
#1603 = VERTEX_POINT('',#1604);
#1604 = CARTESIAN_POINT('',(62.7,62.55,0.2));
#1605 = SURFACE_CURVE('',#1606,(#1610,#1616),.PCURVE_S1.);
#1606 = LINE('',#1607,#1608);
#1607 = CARTESIAN_POINT('',(62.7,62.55,-6.025));
#1608 = VECTOR('',#1609,1.);
#1609 = DIRECTION('',(0.,0.,1.));
#1610 = PCURVE('',#433,#1611);
#1611 = DEFINITIONAL_REPRESENTATION('',(#1612),#1615);
#1612 = B_SPLINE_CURVE_WITH_KNOTS('',1,(#1613,#1614),.UNSPECIFIED.,.F.,
  .F.,(2,2),(4.475,6.225),.PIECEWISE_BEZIER_KNOTS.);
#1613 = CARTESIAN_POINT('',(0.,4.));
#1614 = CARTESIAN_POINT('',(1.75,4.));
#1615 = ( GEOMETRIC_REPRESENTATION_CONTEXT(2) 
PARAMETRIC_REPRESENTATION_CONTEXT() REPRESENTATION_CONTEXT('2D SPACE',''
  ) );
#1616 = PCURVE('',#1617,#1622);
#1617 = PLANE('',#1618);
#1618 = AXIS2_PLACEMENT_3D('',#1619,#1620,#1621);
#1619 = CARTESIAN_POINT('',(62.7,6.,-10.5));
#1620 = DIRECTION('',(1.,0.,0.));
#1621 = DIRECTION('',(0.,0.,1.));
#1622 = DEFINITIONAL_REPRESENTATION('',(#1623),#1626);
#1623 = B_SPLINE_CURVE_WITH_KNOTS('',1,(#1624,#1625),.UNSPECIFIED.,.F.,
  .F.,(2,2),(4.475,6.225),.PIECEWISE_BEZIER_KNOTS.);
#1624 = CARTESIAN_POINT('',(8.95,-56.55));
#1625 = CARTESIAN_POINT('',(10.7,-56.55));
#1626 = ( GEOMETRIC_REPRESENTATION_CONTEXT(2) 
PARAMETRIC_REPRESENTATION_CONTEXT() REPRESENTATION_CONTEXT('2D SPACE',''
  ) );
#1627 = ORIENTED_EDGE('',*,*,#1628,.T.);
#1628 = EDGE_CURVE('',#1603,#1629,#1631,.T.);
#1629 = VERTEX_POINT('',#1630);
#1630 = CARTESIAN_POINT('',(61.525,62.55,0.2));
#1631 = SURFACE_CURVE('',#1632,(#1636,#1642),.PCURVE_S1.);
#1632 = LINE('',#1633,#1634);
#1633 = CARTESIAN_POINT('',(32.6,62.55,0.2));
#1634 = VECTOR('',#1635,1.);
#1635 = DIRECTION('',(-1.,0.,0.));
#1636 = PCURVE('',#433,#1637);
#1637 = DEFINITIONAL_REPRESENTATION('',(#1638),#1641);
#1638 = B_SPLINE_CURVE_WITH_KNOTS('',1,(#1639,#1640),.UNSPECIFIED.,.F.,
  .F.,(2,2),(-30.1,-27.7),.PIECEWISE_BEZIER_KNOTS.);
#1639 = CARTESIAN_POINT('',(1.75,4.));
#1640 = CARTESIAN_POINT('',(1.75,1.6));
#1641 = ( GEOMETRIC_REPRESENTATION_CONTEXT(2) 
PARAMETRIC_REPRESENTATION_CONTEXT() REPRESENTATION_CONTEXT('2D SPACE',''
  ) );
#1642 = PCURVE('',#1390,#1643);
#1643 = DEFINITIONAL_REPRESENTATION('',(#1644),#1647);
#1644 = B_SPLINE_CURVE_WITH_KNOTS('',1,(#1645,#1646),.UNSPECIFIED.,.F.,
  .F.,(2,2),(-30.1,-27.7),.PIECEWISE_BEZIER_KNOTS.);
#1645 = CARTESIAN_POINT('',(56.2,56.55));
#1646 = CARTESIAN_POINT('',(53.8,56.55));
#1647 = ( GEOMETRIC_REPRESENTATION_CONTEXT(2) 
PARAMETRIC_REPRESENTATION_CONTEXT() REPRESENTATION_CONTEXT('2D SPACE',''
  ) );
#1648 = ORIENTED_EDGE('',*,*,#1649,.T.);
#1649 = EDGE_CURVE('',#1629,#1650,#1652,.T.);
#1650 = VERTEX_POINT('',#1651);
#1651 = CARTESIAN_POINT('',(61.525,62.55,1.5));
#1652 = SURFACE_CURVE('',#1653,(#1657,#1663),.PCURVE_S1.);
#1653 = LINE('',#1654,#1655);
#1654 = CARTESIAN_POINT('',(61.525,62.55,-0.65));
#1655 = VECTOR('',#1656,1.);
#1656 = DIRECTION('',(0.,0.,1.));
#1657 = PCURVE('',#433,#1658);
#1658 = DEFINITIONAL_REPRESENTATION('',(#1659),#1662);
#1659 = B_SPLINE_CURVE_WITH_KNOTS('',1,(#1660,#1661),.UNSPECIFIED.,.F.,
  .F.,(2,2),(0.85,2.15),.PIECEWISE_BEZIER_KNOTS.);
#1660 = CARTESIAN_POINT('',(1.75,2.825));
#1661 = CARTESIAN_POINT('',(3.05,2.825));
#1662 = ( GEOMETRIC_REPRESENTATION_CONTEXT(2) 
PARAMETRIC_REPRESENTATION_CONTEXT() REPRESENTATION_CONTEXT('2D SPACE',''
  ) );
#1663 = PCURVE('',#1664,#1669);
#1664 = PLANE('',#1665);
#1665 = AXIS2_PLACEMENT_3D('',#1666,#1667,#1668);
#1666 = CARTESIAN_POINT('',(61.525,5.995,0.25));
#1667 = DIRECTION('',(1.,0.,0.));
#1668 = DIRECTION('',(0.,0.,1.));
#1669 = DEFINITIONAL_REPRESENTATION('',(#1670),#1673);
#1670 = B_SPLINE_CURVE_WITH_KNOTS('',1,(#1671,#1672),.UNSPECIFIED.,.F.,
  .F.,(2,2),(0.85,2.15),.PIECEWISE_BEZIER_KNOTS.);
#1671 = CARTESIAN_POINT('',(-5.E-02,-56.555));
#1672 = CARTESIAN_POINT('',(1.25,-56.555));
#1673 = ( GEOMETRIC_REPRESENTATION_CONTEXT(2) 
PARAMETRIC_REPRESENTATION_CONTEXT() REPRESENTATION_CONTEXT('2D SPACE',''
  ) );
#1674 = ORIENTED_EDGE('',*,*,#1675,.F.);
#1675 = EDGE_CURVE('',#1528,#1650,#1676,.T.);
#1676 = SURFACE_CURVE('',#1677,(#1681,#1687),.PCURVE_S1.);
#1677 = LINE('',#1678,#1679);
#1678 = CARTESIAN_POINT('',(32.5975,62.55,1.5));
#1679 = VECTOR('',#1680,1.);
#1680 = DIRECTION('',(-1.,0.,0.));
#1681 = PCURVE('',#433,#1682);
#1682 = DEFINITIONAL_REPRESENTATION('',(#1683),#1686);
#1683 = B_SPLINE_CURVE_WITH_KNOTS('',1,(#1684,#1685),.UNSPECIFIED.,.F.,
  .F.,(2,2),(-29.9275,-27.7025),.PIECEWISE_BEZIER_KNOTS.);
#1684 = CARTESIAN_POINT('',(3.05,3.825));
#1685 = CARTESIAN_POINT('',(3.05,1.6));
#1686 = ( GEOMETRIC_REPRESENTATION_CONTEXT(2) 
PARAMETRIC_REPRESENTATION_CONTEXT() REPRESENTATION_CONTEXT('2D SPACE',''
  ) );
#1687 = PCURVE('',#1442,#1688);
#1688 = DEFINITIONAL_REPRESENTATION('',(#1689),#1692);
#1689 = B_SPLINE_CURVE_WITH_KNOTS('',1,(#1690,#1691),.UNSPECIFIED.,.F.,
  .F.,(2,2),(-29.9275,-27.7025),.PIECEWISE_BEZIER_KNOTS.);
#1690 = CARTESIAN_POINT('',(56.03,65.575));
#1691 = CARTESIAN_POINT('',(53.805,65.575));
#1692 = ( GEOMETRIC_REPRESENTATION_CONTEXT(2) 
PARAMETRIC_REPRESENTATION_CONTEXT() REPRESENTATION_CONTEXT('2D SPACE',''
  ) );
#1693 = ORIENTED_EDGE('',*,*,#1527,.F.);
#1694 = ORIENTED_EDGE('',*,*,#418,.F.);
#1695 = ORIENTED_EDGE('',*,*,#1696,.F.);
#1696 = EDGE_CURVE('',#1575,#393,#1697,.T.);
#1697 = SURFACE_CURVE('',#1698,(#1702,#1709),.PCURVE_S1.);
#1698 = LINE('',#1699,#1700);
#1699 = CARTESIAN_POINT('',(63.7,62.55,-1.55));
#1700 = VECTOR('',#1701,1.);
#1701 = DIRECTION('',(0.,0.,1.));
#1702 = PCURVE('',#433,#1703);
#1703 = DEFINITIONAL_REPRESENTATION('',(#1704),#1708);
#1704 = LINE('',#1705,#1706);
#1705 = CARTESIAN_POINT('',(0.,5.));
#1706 = VECTOR('',#1707,1.);
#1707 = DIRECTION('',(1.,0.));
#1708 = ( GEOMETRIC_REPRESENTATION_CONTEXT(2) 
PARAMETRIC_REPRESENTATION_CONTEXT() REPRESENTATION_CONTEXT('2D SPACE',''
  ) );
#1709 = PCURVE('',#407,#1710);
#1710 = DEFINITIONAL_REPRESENTATION('',(#1711),#1715);
#1711 = LINE('',#1712,#1713);
#1712 = CARTESIAN_POINT('',(0.,0.));
#1713 = VECTOR('',#1714,1.);
#1714 = DIRECTION('',(1.,0.));
#1715 = ( GEOMETRIC_REPRESENTATION_CONTEXT(2) 
PARAMETRIC_REPRESENTATION_CONTEXT() REPRESENTATION_CONTEXT('2D SPACE',''
  ) );
#1716 = ADVANCED_FACE('',(#1717),#407,.F.);
#1717 = FACE_BOUND('',#1718,.F.);
#1718 = EDGE_LOOP('',(#1719,#1720,#1743,#1764));
#1719 = ORIENTED_EDGE('',*,*,#1696,.F.);
#1720 = ORIENTED_EDGE('',*,*,#1721,.T.);
#1721 = EDGE_CURVE('',#1575,#1722,#1724,.T.);
#1722 = VERTEX_POINT('',#1723);
#1723 = CARTESIAN_POINT('',(63.7,70.55,-1.55));
#1724 = SURFACE_CURVE('',#1725,(#1729,#1736),.PCURVE_S1.);
#1725 = LINE('',#1726,#1727);
#1726 = CARTESIAN_POINT('',(63.7,62.55,-1.55));
#1727 = VECTOR('',#1728,1.);
#1728 = DIRECTION('',(0.,1.,0.));
#1729 = PCURVE('',#407,#1730);
#1730 = DEFINITIONAL_REPRESENTATION('',(#1731),#1735);
#1731 = LINE('',#1732,#1733);
#1732 = CARTESIAN_POINT('',(0.,0.));
#1733 = VECTOR('',#1734,1.);
#1734 = DIRECTION('',(0.,-1.));
#1735 = ( GEOMETRIC_REPRESENTATION_CONTEXT(2) 
PARAMETRIC_REPRESENTATION_CONTEXT() REPRESENTATION_CONTEXT('2D SPACE',''
  ) );
#1736 = PCURVE('',#1590,#1737);
#1737 = DEFINITIONAL_REPRESENTATION('',(#1738),#1742);
#1738 = LINE('',#1739,#1740);
#1739 = CARTESIAN_POINT('',(5.,0.));
#1740 = VECTOR('',#1741,1.);
#1741 = DIRECTION('',(0.,1.));
#1742 = ( GEOMETRIC_REPRESENTATION_CONTEXT(2) 
PARAMETRIC_REPRESENTATION_CONTEXT() REPRESENTATION_CONTEXT('2D SPACE',''
  ) );
#1743 = ORIENTED_EDGE('',*,*,#1744,.T.);
#1744 = EDGE_CURVE('',#1722,#367,#1745,.T.);
#1745 = SURFACE_CURVE('',#1746,(#1750,#1757),.PCURVE_S1.);
#1746 = LINE('',#1747,#1748);
#1747 = CARTESIAN_POINT('',(63.7,70.55,-1.55));
#1748 = VECTOR('',#1749,1.);
#1749 = DIRECTION('',(0.,0.,1.));
#1750 = PCURVE('',#407,#1751);
#1751 = DEFINITIONAL_REPRESENTATION('',(#1752),#1756);
#1752 = LINE('',#1753,#1754);
#1753 = CARTESIAN_POINT('',(0.,-8.));
#1754 = VECTOR('',#1755,1.);
#1755 = DIRECTION('',(1.,0.));
#1756 = ( GEOMETRIC_REPRESENTATION_CONTEXT(2) 
PARAMETRIC_REPRESENTATION_CONTEXT() REPRESENTATION_CONTEXT('2D SPACE',''
  ) );
#1757 = PCURVE('',#381,#1758);
#1758 = DEFINITIONAL_REPRESENTATION('',(#1759),#1763);
#1759 = LINE('',#1760,#1761);
#1760 = CARTESIAN_POINT('',(0.,5.));
#1761 = VECTOR('',#1762,1.);
#1762 = DIRECTION('',(1.,0.));
#1763 = ( GEOMETRIC_REPRESENTATION_CONTEXT(2) 
PARAMETRIC_REPRESENTATION_CONTEXT() REPRESENTATION_CONTEXT('2D SPACE',''
  ) );
#1764 = ORIENTED_EDGE('',*,*,#392,.F.);
#1765 = ADVANCED_FACE('',(#1766),#381,.F.);
#1766 = FACE_BOUND('',#1767,.F.);
#1767 = EDGE_LOOP('',(#1768,#1791,#1812,#1838,#1864,#1890,#1909,#1910));
#1768 = ORIENTED_EDGE('',*,*,#1769,.F.);
#1769 = EDGE_CURVE('',#1770,#1722,#1772,.T.);
#1770 = VERTEX_POINT('',#1771);
#1771 = CARTESIAN_POINT('',(62.7,70.55,-1.55));
#1772 = SURFACE_CURVE('',#1773,(#1777,#1784),.PCURVE_S1.);
#1773 = LINE('',#1774,#1775);
#1774 = CARTESIAN_POINT('',(58.7,70.55,-1.55));
#1775 = VECTOR('',#1776,1.);
#1776 = DIRECTION('',(1.,0.,0.));
#1777 = PCURVE('',#381,#1778);
#1778 = DEFINITIONAL_REPRESENTATION('',(#1779),#1783);
#1779 = LINE('',#1780,#1781);
#1780 = CARTESIAN_POINT('',(0.,0.));
#1781 = VECTOR('',#1782,1.);
#1782 = DIRECTION('',(0.,1.));
#1783 = ( GEOMETRIC_REPRESENTATION_CONTEXT(2) 
PARAMETRIC_REPRESENTATION_CONTEXT() REPRESENTATION_CONTEXT('2D SPACE',''
  ) );
#1784 = PCURVE('',#1590,#1785);
#1785 = DEFINITIONAL_REPRESENTATION('',(#1786),#1790);
#1786 = LINE('',#1787,#1788);
#1787 = CARTESIAN_POINT('',(0.,8.));
#1788 = VECTOR('',#1789,1.);
#1789 = DIRECTION('',(1.,0.));
#1790 = ( GEOMETRIC_REPRESENTATION_CONTEXT(2) 
PARAMETRIC_REPRESENTATION_CONTEXT() REPRESENTATION_CONTEXT('2D SPACE',''
  ) );
#1791 = ORIENTED_EDGE('',*,*,#1792,.T.);
#1792 = EDGE_CURVE('',#1770,#1793,#1795,.T.);
#1793 = VERTEX_POINT('',#1794);
#1794 = CARTESIAN_POINT('',(62.7,70.55,0.2));
#1795 = SURFACE_CURVE('',#1796,(#1800,#1806),.PCURVE_S1.);
#1796 = LINE('',#1797,#1798);
#1797 = CARTESIAN_POINT('',(62.7,70.55,-6.025));
#1798 = VECTOR('',#1799,1.);
#1799 = DIRECTION('',(0.,0.,1.));
#1800 = PCURVE('',#381,#1801);
#1801 = DEFINITIONAL_REPRESENTATION('',(#1802),#1805);
#1802 = B_SPLINE_CURVE_WITH_KNOTS('',1,(#1803,#1804),.UNSPECIFIED.,.F.,
  .F.,(2,2),(4.475,6.225),.PIECEWISE_BEZIER_KNOTS.);
#1803 = CARTESIAN_POINT('',(0.,4.));
#1804 = CARTESIAN_POINT('',(1.75,4.));
#1805 = ( GEOMETRIC_REPRESENTATION_CONTEXT(2) 
PARAMETRIC_REPRESENTATION_CONTEXT() REPRESENTATION_CONTEXT('2D SPACE',''
  ) );
#1806 = PCURVE('',#1617,#1807);
#1807 = DEFINITIONAL_REPRESENTATION('',(#1808),#1811);
#1808 = B_SPLINE_CURVE_WITH_KNOTS('',1,(#1809,#1810),.UNSPECIFIED.,.F.,
  .F.,(2,2),(4.475,6.225),.PIECEWISE_BEZIER_KNOTS.);
#1809 = CARTESIAN_POINT('',(8.95,-64.55));
#1810 = CARTESIAN_POINT('',(10.7,-64.55));
#1811 = ( GEOMETRIC_REPRESENTATION_CONTEXT(2) 
PARAMETRIC_REPRESENTATION_CONTEXT() REPRESENTATION_CONTEXT('2D SPACE',''
  ) );
#1812 = ORIENTED_EDGE('',*,*,#1813,.T.);
#1813 = EDGE_CURVE('',#1793,#1814,#1816,.T.);
#1814 = VERTEX_POINT('',#1815);
#1815 = CARTESIAN_POINT('',(61.525,70.55,0.2));
#1816 = SURFACE_CURVE('',#1817,(#1821,#1827),.PCURVE_S1.);
#1817 = LINE('',#1818,#1819);
#1818 = CARTESIAN_POINT('',(32.6,70.55,0.2));
#1819 = VECTOR('',#1820,1.);
#1820 = DIRECTION('',(-1.,0.,0.));
#1821 = PCURVE('',#381,#1822);
#1822 = DEFINITIONAL_REPRESENTATION('',(#1823),#1826);
#1823 = B_SPLINE_CURVE_WITH_KNOTS('',1,(#1824,#1825),.UNSPECIFIED.,.F.,
  .F.,(2,2),(-30.1,-27.7),.PIECEWISE_BEZIER_KNOTS.);
#1824 = CARTESIAN_POINT('',(1.75,4.));
#1825 = CARTESIAN_POINT('',(1.75,1.6));
#1826 = ( GEOMETRIC_REPRESENTATION_CONTEXT(2) 
PARAMETRIC_REPRESENTATION_CONTEXT() REPRESENTATION_CONTEXT('2D SPACE',''
  ) );
#1827 = PCURVE('',#1828,#1833);
#1828 = PLANE('',#1829);
#1829 = AXIS2_PLACEMENT_3D('',#1830,#1831,#1832);
#1830 = CARTESIAN_POINT('',(6.5,6.,0.2));
#1831 = DIRECTION('',(0.,0.,1.));
#1832 = DIRECTION('',(1.,0.,-0.));
#1833 = DEFINITIONAL_REPRESENTATION('',(#1834),#1837);
#1834 = B_SPLINE_CURVE_WITH_KNOTS('',1,(#1835,#1836),.UNSPECIFIED.,.F.,
  .F.,(2,2),(-30.1,-27.7),.PIECEWISE_BEZIER_KNOTS.);
#1835 = CARTESIAN_POINT('',(56.2,64.55));
#1836 = CARTESIAN_POINT('',(53.8,64.55));
#1837 = ( GEOMETRIC_REPRESENTATION_CONTEXT(2) 
PARAMETRIC_REPRESENTATION_CONTEXT() REPRESENTATION_CONTEXT('2D SPACE',''
  ) );
#1838 = ORIENTED_EDGE('',*,*,#1839,.T.);
#1839 = EDGE_CURVE('',#1814,#1840,#1842,.T.);
#1840 = VERTEX_POINT('',#1841);
#1841 = CARTESIAN_POINT('',(61.525,70.55,1.5));
#1842 = SURFACE_CURVE('',#1843,(#1847,#1853),.PCURVE_S1.);
#1843 = LINE('',#1844,#1845);
#1844 = CARTESIAN_POINT('',(61.525,70.55,-0.65));
#1845 = VECTOR('',#1846,1.);
#1846 = DIRECTION('',(0.,0.,1.));
#1847 = PCURVE('',#381,#1848);
#1848 = DEFINITIONAL_REPRESENTATION('',(#1849),#1852);
#1849 = B_SPLINE_CURVE_WITH_KNOTS('',1,(#1850,#1851),.UNSPECIFIED.,.F.,
  .F.,(2,2),(0.85,2.15),.PIECEWISE_BEZIER_KNOTS.);
#1850 = CARTESIAN_POINT('',(1.75,2.825));
#1851 = CARTESIAN_POINT('',(3.05,2.825));
#1852 = ( GEOMETRIC_REPRESENTATION_CONTEXT(2) 
PARAMETRIC_REPRESENTATION_CONTEXT() REPRESENTATION_CONTEXT('2D SPACE',''
  ) );
#1853 = PCURVE('',#1854,#1859);
#1854 = PLANE('',#1855);
#1855 = AXIS2_PLACEMENT_3D('',#1856,#1857,#1858);
#1856 = CARTESIAN_POINT('',(61.525,5.995,0.25));
#1857 = DIRECTION('',(1.,0.,0.));
#1858 = DIRECTION('',(0.,0.,1.));
#1859 = DEFINITIONAL_REPRESENTATION('',(#1860),#1863);
#1860 = B_SPLINE_CURVE_WITH_KNOTS('',1,(#1861,#1862),.UNSPECIFIED.,.F.,
  .F.,(2,2),(0.85,2.15),.PIECEWISE_BEZIER_KNOTS.);
#1861 = CARTESIAN_POINT('',(-5.E-02,-64.555));
#1862 = CARTESIAN_POINT('',(1.25,-64.555));
#1863 = ( GEOMETRIC_REPRESENTATION_CONTEXT(2) 
PARAMETRIC_REPRESENTATION_CONTEXT() REPRESENTATION_CONTEXT('2D SPACE',''
  ) );
#1864 = ORIENTED_EDGE('',*,*,#1865,.F.);
#1865 = EDGE_CURVE('',#1866,#1840,#1868,.T.);
#1866 = VERTEX_POINT('',#1867);
#1867 = CARTESIAN_POINT('',(62.525,70.55,1.5));
#1868 = SURFACE_CURVE('',#1869,(#1873,#1879),.PCURVE_S1.);
#1869 = LINE('',#1870,#1871);
#1870 = CARTESIAN_POINT('',(32.5975,70.55,1.5));
#1871 = VECTOR('',#1872,1.);
#1872 = DIRECTION('',(-1.,0.,0.));
#1873 = PCURVE('',#381,#1874);
#1874 = DEFINITIONAL_REPRESENTATION('',(#1875),#1878);
#1875 = B_SPLINE_CURVE_WITH_KNOTS('',1,(#1876,#1877),.UNSPECIFIED.,.F.,
  .F.,(2,2),(-29.9275,-27.7025),.PIECEWISE_BEZIER_KNOTS.);
#1876 = CARTESIAN_POINT('',(3.05,3.825));
#1877 = CARTESIAN_POINT('',(3.05,1.6));
#1878 = ( GEOMETRIC_REPRESENTATION_CONTEXT(2) 
PARAMETRIC_REPRESENTATION_CONTEXT() REPRESENTATION_CONTEXT('2D SPACE',''
  ) );
#1879 = PCURVE('',#1880,#1885);
#1880 = PLANE('',#1881);
#1881 = AXIS2_PLACEMENT_3D('',#1882,#1883,#1884);
#1882 = CARTESIAN_POINT('',(6.495,-3.025,1.5));
#1883 = DIRECTION('',(0.,0.,1.));
#1884 = DIRECTION('',(1.,0.,0.));
#1885 = DEFINITIONAL_REPRESENTATION('',(#1886),#1889);
#1886 = B_SPLINE_CURVE_WITH_KNOTS('',1,(#1887,#1888),.UNSPECIFIED.,.F.,
  .F.,(2,2),(-29.9275,-27.7025),.PIECEWISE_BEZIER_KNOTS.);
#1887 = CARTESIAN_POINT('',(56.03,73.575));
#1888 = CARTESIAN_POINT('',(53.805,73.575));
#1889 = ( GEOMETRIC_REPRESENTATION_CONTEXT(2) 
PARAMETRIC_REPRESENTATION_CONTEXT() REPRESENTATION_CONTEXT('2D SPACE',''
  ) );
#1890 = ORIENTED_EDGE('',*,*,#1891,.F.);
#1891 = EDGE_CURVE('',#341,#1866,#1892,.T.);
#1892 = SURFACE_CURVE('',#1893,(#1897,#1903),.PCURVE_S1.);
#1893 = LINE('',#1894,#1895);
#1894 = CARTESIAN_POINT('',(62.525,70.55,-0.6));
#1895 = VECTOR('',#1896,1.);
#1896 = DIRECTION('',(0.,0.,1.));
#1897 = PCURVE('',#381,#1898);
#1898 = DEFINITIONAL_REPRESENTATION('',(#1899),#1902);
#1899 = B_SPLINE_CURVE_WITH_KNOTS('',1,(#1900,#1901),.UNSPECIFIED.,.F.,
  .F.,(2,2),(1.04,2.1),.PIECEWISE_BEZIER_KNOTS.);
#1900 = CARTESIAN_POINT('',(1.99,3.825));
#1901 = CARTESIAN_POINT('',(3.05,3.825));
#1902 = ( GEOMETRIC_REPRESENTATION_CONTEXT(2) 
PARAMETRIC_REPRESENTATION_CONTEXT() REPRESENTATION_CONTEXT('2D SPACE',''
  ) );
#1903 = PCURVE('',#355,#1904);
#1904 = DEFINITIONAL_REPRESENTATION('',(#1905),#1908);
#1905 = B_SPLINE_CURVE_WITH_KNOTS('',1,(#1906,#1907),.UNSPECIFIED.,.F.,
  .F.,(2,2),(1.04,2.1),.PIECEWISE_BEZIER_KNOTS.);
#1906 = CARTESIAN_POINT('',(9.E-02,-64.555));
#1907 = CARTESIAN_POINT('',(1.15,-64.555));
#1908 = ( GEOMETRIC_REPRESENTATION_CONTEXT(2) 
PARAMETRIC_REPRESENTATION_CONTEXT() REPRESENTATION_CONTEXT('2D SPACE',''
  ) );
#1909 = ORIENTED_EDGE('',*,*,#366,.F.);
#1910 = ORIENTED_EDGE('',*,*,#1744,.F.);
#1911 = ADVANCED_FACE('',(#1912),#355,.T.);
#1912 = FACE_BOUND('',#1913,.T.);
#1913 = EDGE_LOOP('',(#1914,#1915,#1916,#1938));
#1914 = ORIENTED_EDGE('',*,*,#1891,.F.);
#1915 = ORIENTED_EDGE('',*,*,#340,.T.);
#1916 = ORIENTED_EDGE('',*,*,#1917,.T.);
#1917 = EDGE_CURVE('',#308,#1918,#1920,.T.);
#1918 = VERTEX_POINT('',#1919);
#1919 = CARTESIAN_POINT('',(62.525,99.005,1.5));
#1920 = SURFACE_CURVE('',#1921,(#1925,#1932),.PCURVE_S1.);
#1921 = LINE('',#1922,#1923);
#1922 = CARTESIAN_POINT('',(62.525,99.005,0.35));
#1923 = VECTOR('',#1924,1.);
#1924 = DIRECTION('',(0.,0.,1.));
#1925 = PCURVE('',#355,#1926);
#1926 = DEFINITIONAL_REPRESENTATION('',(#1927),#1931);
#1927 = LINE('',#1928,#1929);
#1928 = CARTESIAN_POINT('',(0.,-93.01));
#1929 = VECTOR('',#1930,1.);
#1930 = DIRECTION('',(1.,0.));
#1931 = ( GEOMETRIC_REPRESENTATION_CONTEXT(2) 
PARAMETRIC_REPRESENTATION_CONTEXT() REPRESENTATION_CONTEXT('2D SPACE',''
  ) );
#1932 = PCURVE('',#328,#1933);
#1933 = DEFINITIONAL_REPRESENTATION('',(#1934),#1937);
#1934 = B_SPLINE_CURVE_WITH_KNOTS('',1,(#1935,#1936),.UNSPECIFIED.,.F.,
  .F.,(2,2),(0.,1.15),.PIECEWISE_BEZIER_KNOTS.);
#1935 = CARTESIAN_POINT('',(0.,0.));
#1936 = CARTESIAN_POINT('',(0.,-1.15));
#1937 = ( GEOMETRIC_REPRESENTATION_CONTEXT(2) 
PARAMETRIC_REPRESENTATION_CONTEXT() REPRESENTATION_CONTEXT('2D SPACE',''
  ) );
#1938 = ORIENTED_EDGE('',*,*,#1939,.F.);
#1939 = EDGE_CURVE('',#1866,#1918,#1940,.T.);
#1940 = SURFACE_CURVE('',#1941,(#1945,#1952),.PCURVE_S1.);
#1941 = LINE('',#1942,#1943);
#1942 = CARTESIAN_POINT('',(62.525,5.995,1.5));
#1943 = VECTOR('',#1944,1.);
#1944 = DIRECTION('',(0.,1.,0.));
#1945 = PCURVE('',#355,#1946);
#1946 = DEFINITIONAL_REPRESENTATION('',(#1947),#1951);
#1947 = LINE('',#1948,#1949);
#1948 = CARTESIAN_POINT('',(1.15,0.));
#1949 = VECTOR('',#1950,1.);
#1950 = DIRECTION('',(0.,-1.));
#1951 = ( GEOMETRIC_REPRESENTATION_CONTEXT(2) 
PARAMETRIC_REPRESENTATION_CONTEXT() REPRESENTATION_CONTEXT('2D SPACE',''
  ) );
#1952 = PCURVE('',#1880,#1953);
#1953 = DEFINITIONAL_REPRESENTATION('',(#1954),#1958);
#1954 = LINE('',#1955,#1956);
#1955 = CARTESIAN_POINT('',(56.03,9.02));
#1956 = VECTOR('',#1957,1.);
#1957 = DIRECTION('',(0.,1.));
#1958 = ( GEOMETRIC_REPRESENTATION_CONTEXT(2) 
PARAMETRIC_REPRESENTATION_CONTEXT() REPRESENTATION_CONTEXT('2D SPACE',''
  ) );
#1959 = ADVANCED_FACE('',(#1960),#328,.T.);
#1960 = FACE_BOUND('',#1961,.F.);
#1961 = EDGE_LOOP('',(#1962,#1983,#1984,#1985));
#1962 = ORIENTED_EDGE('',*,*,#1963,.T.);
#1963 = EDGE_CURVE('',#1964,#282,#1966,.T.);
#1964 = VERTEX_POINT('',#1965);
#1965 = CARTESIAN_POINT('',(60.3,104.9369790121,1.5));
#1966 = SURFACE_CURVE('',#1967,(#1971,#1977),.PCURVE_S1.);
#1967 = LINE('',#1968,#1969);
#1968 = CARTESIAN_POINT('',(60.3,104.9369790121,0.35));
#1969 = VECTOR('',#1970,1.);
#1970 = DIRECTION('',(-0.,-0.,-1.));
#1971 = PCURVE('',#328,#1972);
#1972 = DEFINITIONAL_REPRESENTATION('',(#1973),#1976);
#1973 = B_SPLINE_CURVE_WITH_KNOTS('',1,(#1974,#1975),.UNSPECIFIED.,.F.,
  .F.,(2,2),(-1.1500006,-8.99994E-02),.PIECEWISE_BEZIER_KNOTS.);
#1974 = CARTESIAN_POINT('',(-0.717691456973,-1.1500006));
#1975 = CARTESIAN_POINT('',(-0.717691456973,-8.99994E-02));
#1976 = ( GEOMETRIC_REPRESENTATION_CONTEXT(2) 
PARAMETRIC_REPRESENTATION_CONTEXT() REPRESENTATION_CONTEXT('2D SPACE',''
  ) );
#1977 = PCURVE('',#296,#1978);
#1978 = DEFINITIONAL_REPRESENTATION('',(#1979),#1982);
#1979 = B_SPLINE_CURVE_WITH_KNOTS('',1,(#1980,#1981),.UNSPECIFIED.,.F.,
  .F.,(2,2),(-1.1500006,-8.99994E-02),.PIECEWISE_BEZIER_KNOTS.);
#1980 = CARTESIAN_POINT('',(1.4500006,-105.2369790121));
#1981 = CARTESIAN_POINT('',(0.3899994,-105.2369790121));
#1982 = ( GEOMETRIC_REPRESENTATION_CONTEXT(2) 
PARAMETRIC_REPRESENTATION_CONTEXT() REPRESENTATION_CONTEXT('2D SPACE',''
  ) );
#1983 = ORIENTED_EDGE('',*,*,#307,.T.);
#1984 = ORIENTED_EDGE('',*,*,#1917,.T.);
#1985 = ORIENTED_EDGE('',*,*,#1986,.T.);
#1986 = EDGE_CURVE('',#1918,#1964,#1987,.T.);
#1987 = SURFACE_CURVE('',#1988,(#1993,#2000),.PCURVE_S1.);
#1988 = CIRCLE('',#1989,9.02);
#1989 = AXIS2_PLACEMENT_3D('',#1990,#1991,#1992);
#1990 = CARTESIAN_POINT('',(53.505,99.005,1.5));
#1991 = DIRECTION('',(0.,0.,1.));
#1992 = DIRECTION('',(1.,0.,0.));
#1993 = PCURVE('',#328,#1994);
#1994 = DEFINITIONAL_REPRESENTATION('',(#1995),#1999);
#1995 = LINE('',#1996,#1997);
#1996 = CARTESIAN_POINT('',(-0.,-1.15));
#1997 = VECTOR('',#1998,1.);
#1998 = DIRECTION('',(-1.,0.));
#1999 = ( GEOMETRIC_REPRESENTATION_CONTEXT(2) 
PARAMETRIC_REPRESENTATION_CONTEXT() REPRESENTATION_CONTEXT('2D SPACE',''
  ) );
#2000 = PCURVE('',#1880,#2001);
#2001 = DEFINITIONAL_REPRESENTATION('',(#2002),#2006);
#2002 = CIRCLE('',#2003,9.02);
#2003 = AXIS2_PLACEMENT_2D('',#2004,#2005);
#2004 = CARTESIAN_POINT('',(47.01,102.03));
#2005 = DIRECTION('',(1.,0.));
#2006 = ( GEOMETRIC_REPRESENTATION_CONTEXT(2) 
PARAMETRIC_REPRESENTATION_CONTEXT() REPRESENTATION_CONTEXT('2D SPACE',''
  ) );
#2007 = ADVANCED_FACE('',(#2008),#296,.F.);
#2008 = FACE_BOUND('',#2009,.F.);
#2009 = EDGE_LOOP('',(#2010,#2038,#2066,#2087,#2088,#2089,#2110,#2136));
#2010 = ORIENTED_EDGE('',*,*,#2011,.T.);
#2011 = EDGE_CURVE('',#2012,#2014,#2016,.T.);
#2012 = VERTEX_POINT('',#2013);
#2013 = CARTESIAN_POINT('',(60.3,105.19677335393,0.2));
#2014 = VERTEX_POINT('',#2015);
#2015 = CARTESIAN_POINT('',(60.3,105.19677335393,5.E-02));
#2016 = SURFACE_CURVE('',#2017,(#2021,#2027),.PCURVE_S1.);
#2017 = LINE('',#2018,#2019);
#2018 = CARTESIAN_POINT('',(60.3,105.19677335393,-10.5));
#2019 = VECTOR('',#2020,1.);
#2020 = DIRECTION('',(-0.,-0.,-1.));
#2021 = PCURVE('',#296,#2022);
#2022 = DEFINITIONAL_REPRESENTATION('',(#2023),#2026);
#2023 = B_SPLINE_CURVE_WITH_KNOTS('',1,(#2024,#2025),.UNSPECIFIED.,.F.,
  .F.,(2,2),(-10.7000006,-10.365),.PIECEWISE_BEZIER_KNOTS.);
#2024 = CARTESIAN_POINT('',(0.1500006,-105.4967733539));
#2025 = CARTESIAN_POINT('',(-0.185,-105.4967733539));
#2026 = ( GEOMETRIC_REPRESENTATION_CONTEXT(2) 
PARAMETRIC_REPRESENTATION_CONTEXT() REPRESENTATION_CONTEXT('2D SPACE',''
  ) );
#2027 = PCURVE('',#2028,#2033);
#2028 = CYLINDRICAL_SURFACE('',#2029,9.2);
#2029 = AXIS2_PLACEMENT_3D('',#2030,#2031,#2032);
#2030 = CARTESIAN_POINT('',(53.5,99.,-10.5));
#2031 = DIRECTION('',(-0.,-0.,-1.));
#2032 = DIRECTION('',(1.,0.,0.));
#2033 = DEFINITIONAL_REPRESENTATION('',(#2034),#2037);
#2034 = B_SPLINE_CURVE_WITH_KNOTS('',1,(#2035,#2036),.UNSPECIFIED.,.F.,
  .F.,(2,2),(-10.7000006,-10.365),.PIECEWISE_BEZIER_KNOTS.);
#2035 = CARTESIAN_POINT('',(-0.739017879014,-10.7000006));
#2036 = CARTESIAN_POINT('',(-0.739017879014,-10.365));
#2037 = ( GEOMETRIC_REPRESENTATION_CONTEXT(2) 
PARAMETRIC_REPRESENTATION_CONTEXT() REPRESENTATION_CONTEXT('2D SPACE',''
  ) );
#2038 = ORIENTED_EDGE('',*,*,#2039,.T.);
#2039 = EDGE_CURVE('',#2014,#2040,#2042,.T.);
#2040 = VERTEX_POINT('',#2041);
#2041 = CARTESIAN_POINT('',(60.3,105.3,5.E-02));
#2042 = SURFACE_CURVE('',#2043,(#2047,#2054),.PCURVE_S1.);
#2043 = LINE('',#2044,#2045);
#2044 = CARTESIAN_POINT('',(60.3,-0.3,5.E-02));
#2045 = VECTOR('',#2046,1.);
#2046 = DIRECTION('',(0.,1.,0.));
#2047 = PCURVE('',#296,#2048);
#2048 = DEFINITIONAL_REPRESENTATION('',(#2049),#2053);
#2049 = LINE('',#2050,#2051);
#2050 = CARTESIAN_POINT('',(0.,0.));
#2051 = VECTOR('',#2052,1.);
#2052 = DIRECTION('',(0.,-1.));
#2053 = ( GEOMETRIC_REPRESENTATION_CONTEXT(2) 
PARAMETRIC_REPRESENTATION_CONTEXT() REPRESENTATION_CONTEXT('2D SPACE',''
  ) );
#2054 = PCURVE('',#2055,#2060);
#2055 = PLANE('',#2056);
#2056 = AXIS2_PLACEMENT_3D('',#2057,#2058,#2059);
#2057 = CARTESIAN_POINT('',(-0.3,-0.3,5.E-02));
#2058 = DIRECTION('',(0.,0.,1.));
#2059 = DIRECTION('',(1.,0.,0.));
#2060 = DEFINITIONAL_REPRESENTATION('',(#2061),#2065);
#2061 = LINE('',#2062,#2063);
#2062 = CARTESIAN_POINT('',(60.6,0.));
#2063 = VECTOR('',#2064,1.);
#2064 = DIRECTION('',(0.,1.));
#2065 = ( GEOMETRIC_REPRESENTATION_CONTEXT(2) 
PARAMETRIC_REPRESENTATION_CONTEXT() REPRESENTATION_CONTEXT('2D SPACE',''
  ) );
#2066 = ORIENTED_EDGE('',*,*,#2067,.T.);
#2067 = EDGE_CURVE('',#2040,#256,#2068,.T.);
#2068 = SURFACE_CURVE('',#2069,(#2073,#2080),.PCURVE_S1.);
#2069 = LINE('',#2070,#2071);
#2070 = CARTESIAN_POINT('',(60.3,105.3,5.E-02));
#2071 = VECTOR('',#2072,1.);
#2072 = DIRECTION('',(0.,0.,1.));
#2073 = PCURVE('',#296,#2074);
#2074 = DEFINITIONAL_REPRESENTATION('',(#2075),#2079);
#2075 = LINE('',#2076,#2077);
#2076 = CARTESIAN_POINT('',(0.,-105.6));
#2077 = VECTOR('',#2078,1.);
#2078 = DIRECTION('',(1.,0.));
#2079 = ( GEOMETRIC_REPRESENTATION_CONTEXT(2) 
PARAMETRIC_REPRESENTATION_CONTEXT() REPRESENTATION_CONTEXT('2D SPACE',''
  ) );
#2080 = PCURVE('',#270,#2081);
#2081 = DEFINITIONAL_REPRESENTATION('',(#2082),#2086);
#2082 = LINE('',#2083,#2084);
#2083 = CARTESIAN_POINT('',(0.,60.6));
#2084 = VECTOR('',#2085,1.);
#2085 = DIRECTION('',(1.,0.));
#2086 = ( GEOMETRIC_REPRESENTATION_CONTEXT(2) 
PARAMETRIC_REPRESENTATION_CONTEXT() REPRESENTATION_CONTEXT('2D SPACE',''
  ) );
#2087 = ORIENTED_EDGE('',*,*,#281,.F.);
#2088 = ORIENTED_EDGE('',*,*,#1963,.F.);
#2089 = ORIENTED_EDGE('',*,*,#2090,.F.);
#2090 = EDGE_CURVE('',#2091,#1964,#2093,.T.);
#2091 = VERTEX_POINT('',#2092);
#2092 = CARTESIAN_POINT('',(60.3,103.26509096147,1.5));
#2093 = SURFACE_CURVE('',#2094,(#2098,#2104),.PCURVE_S1.);
#2094 = LINE('',#2095,#2096);
#2095 = CARTESIAN_POINT('',(60.3,-1.6625,1.5));
#2096 = VECTOR('',#2097,1.);
#2097 = DIRECTION('',(0.,1.,0.));
#2098 = PCURVE('',#296,#2099);
#2099 = DEFINITIONAL_REPRESENTATION('',(#2100),#2103);
#2100 = B_SPLINE_CURVE_WITH_KNOTS('',1,(#2101,#2102),.UNSPECIFIED.,.F.,
  .F.,(2,2),(1.3625,106.9625),.PIECEWISE_BEZIER_KNOTS.);
#2101 = CARTESIAN_POINT('',(1.45,0.));
#2102 = CARTESIAN_POINT('',(1.45,-105.6));
#2103 = ( GEOMETRIC_REPRESENTATION_CONTEXT(2) 
PARAMETRIC_REPRESENTATION_CONTEXT() REPRESENTATION_CONTEXT('2D SPACE',''
  ) );
#2104 = PCURVE('',#1880,#2105);
#2105 = DEFINITIONAL_REPRESENTATION('',(#2106),#2109);
#2106 = B_SPLINE_CURVE_WITH_KNOTS('',1,(#2107,#2108),.UNSPECIFIED.,.F.,
  .F.,(2,2),(1.3625,106.9625),.PIECEWISE_BEZIER_KNOTS.);
#2107 = CARTESIAN_POINT('',(53.805,2.725));
#2108 = CARTESIAN_POINT('',(53.805,108.325));
#2109 = ( GEOMETRIC_REPRESENTATION_CONTEXT(2) 
PARAMETRIC_REPRESENTATION_CONTEXT() REPRESENTATION_CONTEXT('2D SPACE',''
  ) );
#2110 = ORIENTED_EDGE('',*,*,#2111,.T.);
#2111 = EDGE_CURVE('',#2091,#2112,#2114,.T.);
#2112 = VERTEX_POINT('',#2113);
#2113 = CARTESIAN_POINT('',(60.3,103.26509096147,0.2));
#2114 = SURFACE_CURVE('',#2115,(#2119,#2125),.PCURVE_S1.);
#2115 = LINE('',#2116,#2117);
#2116 = CARTESIAN_POINT('',(60.3,103.26509096147,0.25));
#2117 = VECTOR('',#2118,1.);
#2118 = DIRECTION('',(-0.,-0.,-1.));
#2119 = PCURVE('',#296,#2120);
#2120 = DEFINITIONAL_REPRESENTATION('',(#2121),#2124);
#2121 = B_SPLINE_CURVE_WITH_KNOTS('',1,(#2122,#2123),.UNSPECIFIED.,.F.,
  .F.,(2,2),(-1.2500006,5.00006E-02),.PIECEWISE_BEZIER_KNOTS.);
#2122 = CARTESIAN_POINT('',(1.4500006,-103.5650909614));
#2123 = CARTESIAN_POINT('',(0.1499994,-103.5650909614));
#2124 = ( GEOMETRIC_REPRESENTATION_CONTEXT(2) 
PARAMETRIC_REPRESENTATION_CONTEXT() REPRESENTATION_CONTEXT('2D SPACE',''
  ) );
#2125 = PCURVE('',#2126,#2131);
#2126 = CYLINDRICAL_SURFACE('',#2127,8.02);
#2127 = AXIS2_PLACEMENT_3D('',#2128,#2129,#2130);
#2128 = CARTESIAN_POINT('',(53.505,99.005,0.25));
#2129 = DIRECTION('',(-0.,-0.,-1.));
#2130 = DIRECTION('',(1.,0.,0.));
#2131 = DEFINITIONAL_REPRESENTATION('',(#2132),#2135);
#2132 = B_SPLINE_CURVE_WITH_KNOTS('',1,(#2133,#2134),.UNSPECIFIED.,.F.,
  .F.,(2,2),(-1.2500006,5.00006E-02),.PIECEWISE_BEZIER_KNOTS.);
#2133 = CARTESIAN_POINT('',(-0.559996711423,-1.2500006));
#2134 = CARTESIAN_POINT('',(-0.559996711423,5.00006E-02));
#2135 = ( GEOMETRIC_REPRESENTATION_CONTEXT(2) 
PARAMETRIC_REPRESENTATION_CONTEXT() REPRESENTATION_CONTEXT('2D SPACE',''
  ) );
#2136 = ORIENTED_EDGE('',*,*,#2137,.T.);
#2137 = EDGE_CURVE('',#2112,#2012,#2138,.T.);
#2138 = SURFACE_CURVE('',#2139,(#2143,#2149),.PCURVE_S1.);
#2139 = LINE('',#2140,#2141);
#2140 = CARTESIAN_POINT('',(60.3,2.85,0.2));
#2141 = VECTOR('',#2142,1.);
#2142 = DIRECTION('',(0.,1.,0.));
#2143 = PCURVE('',#296,#2144);
#2144 = DEFINITIONAL_REPRESENTATION('',(#2145),#2148);
#2145 = B_SPLINE_CURVE_WITH_KNOTS('',1,(#2146,#2147),.UNSPECIFIED.,.F.,
  .F.,(2,2),(-3.15,102.45),.PIECEWISE_BEZIER_KNOTS.);
#2146 = CARTESIAN_POINT('',(0.15,0.));
#2147 = CARTESIAN_POINT('',(0.15,-105.6));
#2148 = ( GEOMETRIC_REPRESENTATION_CONTEXT(2) 
PARAMETRIC_REPRESENTATION_CONTEXT() REPRESENTATION_CONTEXT('2D SPACE',''
  ) );
#2149 = PCURVE('',#1828,#2150);
#2150 = DEFINITIONAL_REPRESENTATION('',(#2151),#2154);
#2151 = B_SPLINE_CURVE_WITH_KNOTS('',1,(#2152,#2153),.UNSPECIFIED.,.F.,
  .F.,(2,2),(-3.15,102.45),.PIECEWISE_BEZIER_KNOTS.);
#2152 = CARTESIAN_POINT('',(53.8,-6.3));
#2153 = CARTESIAN_POINT('',(53.8,99.3));
#2154 = ( GEOMETRIC_REPRESENTATION_CONTEXT(2) 
PARAMETRIC_REPRESENTATION_CONTEXT() REPRESENTATION_CONTEXT('2D SPACE',''
  ) );
#2155 = ADVANCED_FACE('',(#2156),#270,.F.);
#2156 = FACE_BOUND('',#2157,.F.);
#2157 = EDGE_LOOP('',(#2158,#2181,#2202,#2228,#2254,#2280,#2299,#2300));
#2158 = ORIENTED_EDGE('',*,*,#2159,.F.);
#2159 = EDGE_CURVE('',#2160,#2040,#2162,.T.);
#2160 = VERTEX_POINT('',#2161);
#2161 = CARTESIAN_POINT('',(60.204476116745,105.3,5.E-02));
#2162 = SURFACE_CURVE('',#2163,(#2167,#2174),.PCURVE_S1.);
#2163 = LINE('',#2164,#2165);
#2164 = CARTESIAN_POINT('',(-0.3,105.3,5.E-02));
#2165 = VECTOR('',#2166,1.);
#2166 = DIRECTION('',(1.,0.,0.));
#2167 = PCURVE('',#270,#2168);
#2168 = DEFINITIONAL_REPRESENTATION('',(#2169),#2173);
#2169 = LINE('',#2170,#2171);
#2170 = CARTESIAN_POINT('',(0.,0.));
#2171 = VECTOR('',#2172,1.);
#2172 = DIRECTION('',(0.,1.));
#2173 = ( GEOMETRIC_REPRESENTATION_CONTEXT(2) 
PARAMETRIC_REPRESENTATION_CONTEXT() REPRESENTATION_CONTEXT('2D SPACE',''
  ) );
#2174 = PCURVE('',#2055,#2175);
#2175 = DEFINITIONAL_REPRESENTATION('',(#2176),#2180);
#2176 = LINE('',#2177,#2178);
#2177 = CARTESIAN_POINT('',(0.,105.6));
#2178 = VECTOR('',#2179,1.);
#2179 = DIRECTION('',(1.,0.));
#2180 = ( GEOMETRIC_REPRESENTATION_CONTEXT(2) 
PARAMETRIC_REPRESENTATION_CONTEXT() REPRESENTATION_CONTEXT('2D SPACE',''
  ) );
#2181 = ORIENTED_EDGE('',*,*,#2182,.F.);
#2182 = EDGE_CURVE('',#2183,#2160,#2185,.T.);
#2183 = VERTEX_POINT('',#2184);
#2184 = CARTESIAN_POINT('',(60.204476116745,105.3,0.2));
#2185 = SURFACE_CURVE('',#2186,(#2190,#2196),.PCURVE_S1.);
#2186 = LINE('',#2187,#2188);
#2187 = CARTESIAN_POINT('',(60.204476116745,105.3,-10.5));
#2188 = VECTOR('',#2189,1.);
#2189 = DIRECTION('',(-0.,-0.,-1.));
#2190 = PCURVE('',#270,#2191);
#2191 = DEFINITIONAL_REPRESENTATION('',(#2192),#2195);
#2192 = B_SPLINE_CURVE_WITH_KNOTS('',1,(#2193,#2194),.UNSPECIFIED.,.F.,
  .F.,(2,2),(-10.7000006,-10.365),.PIECEWISE_BEZIER_KNOTS.);
#2193 = CARTESIAN_POINT('',(0.1500006,60.504476116745));
#2194 = CARTESIAN_POINT('',(-0.185,60.504476116745));
#2195 = ( GEOMETRIC_REPRESENTATION_CONTEXT(2) 
PARAMETRIC_REPRESENTATION_CONTEXT() REPRESENTATION_CONTEXT('2D SPACE',''
  ) );
#2196 = PCURVE('',#2028,#2197);
#2197 = DEFINITIONAL_REPRESENTATION('',(#2198),#2201);
#2198 = B_SPLINE_CURVE_WITH_KNOTS('',1,(#2199,#2200),.UNSPECIFIED.,.F.,
  .F.,(2,2),(-10.7000006,-10.365),.PIECEWISE_BEZIER_KNOTS.);
#2199 = CARTESIAN_POINT('',(-0.754305348853,-10.7000006));
#2200 = CARTESIAN_POINT('',(-0.754305348853,-10.365));
#2201 = ( GEOMETRIC_REPRESENTATION_CONTEXT(2) 
PARAMETRIC_REPRESENTATION_CONTEXT() REPRESENTATION_CONTEXT('2D SPACE',''
  ) );
#2202 = ORIENTED_EDGE('',*,*,#2203,.T.);
#2203 = EDGE_CURVE('',#2183,#2204,#2206,.T.);
#2204 = VERTEX_POINT('',#2205);
#2205 = CARTESIAN_POINT('',(58.47424290008,105.3,0.2));
#2206 = SURFACE_CURVE('',#2207,(#2211,#2217),.PCURVE_S1.);
#2207 = LINE('',#2208,#2209);
#2208 = CARTESIAN_POINT('',(3.1,105.3,0.2));
#2209 = VECTOR('',#2210,1.);
#2210 = DIRECTION('',(-1.,0.,0.));
#2211 = PCURVE('',#270,#2212);
#2212 = DEFINITIONAL_REPRESENTATION('',(#2213),#2216);
#2213 = B_SPLINE_CURVE_WITH_KNOTS('',1,(#2214,#2215),.UNSPECIFIED.,.F.,
  .F.,(2,2),(-57.2,3.4),.PIECEWISE_BEZIER_KNOTS.);
#2214 = CARTESIAN_POINT('',(0.15,60.6));
#2215 = CARTESIAN_POINT('',(0.15,0.));
#2216 = ( GEOMETRIC_REPRESENTATION_CONTEXT(2) 
PARAMETRIC_REPRESENTATION_CONTEXT() REPRESENTATION_CONTEXT('2D SPACE',''
  ) );
#2217 = PCURVE('',#2218,#2223);
#2218 = PLANE('',#2219);
#2219 = AXIS2_PLACEMENT_3D('',#2220,#2221,#2222);
#2220 = CARTESIAN_POINT('',(6.5,6.,0.2));
#2221 = DIRECTION('',(0.,0.,1.));
#2222 = DIRECTION('',(1.,0.,-0.));
#2223 = DEFINITIONAL_REPRESENTATION('',(#2224),#2227);
#2224 = B_SPLINE_CURVE_WITH_KNOTS('',1,(#2225,#2226),.UNSPECIFIED.,.F.,
  .F.,(2,2),(-57.2,3.4),.PIECEWISE_BEZIER_KNOTS.);
#2225 = CARTESIAN_POINT('',(53.8,99.3));
#2226 = CARTESIAN_POINT('',(-6.8,99.3));
#2227 = ( GEOMETRIC_REPRESENTATION_CONTEXT(2) 
PARAMETRIC_REPRESENTATION_CONTEXT() REPRESENTATION_CONTEXT('2D SPACE',''
  ) );
#2228 = ORIENTED_EDGE('',*,*,#2229,.F.);
#2229 = EDGE_CURVE('',#2230,#2204,#2232,.T.);
#2230 = VERTEX_POINT('',#2231);
#2231 = CARTESIAN_POINT('',(58.47424290008,105.3,1.5));
#2232 = SURFACE_CURVE('',#2233,(#2237,#2243),.PCURVE_S1.);
#2233 = LINE('',#2234,#2235);
#2234 = CARTESIAN_POINT('',(58.47424290008,105.3,0.25));
#2235 = VECTOR('',#2236,1.);
#2236 = DIRECTION('',(-0.,-0.,-1.));
#2237 = PCURVE('',#270,#2238);
#2238 = DEFINITIONAL_REPRESENTATION('',(#2239),#2242);
#2239 = B_SPLINE_CURVE_WITH_KNOTS('',1,(#2240,#2241),.UNSPECIFIED.,.F.,
  .F.,(2,2),(-1.2500006,5.00006E-02),.PIECEWISE_BEZIER_KNOTS.);
#2240 = CARTESIAN_POINT('',(1.4500006,58.77424290008));
#2241 = CARTESIAN_POINT('',(0.1499994,58.77424290008));
#2242 = ( GEOMETRIC_REPRESENTATION_CONTEXT(2) 
PARAMETRIC_REPRESENTATION_CONTEXT() REPRESENTATION_CONTEXT('2D SPACE',''
  ) );
#2243 = PCURVE('',#2244,#2249);
#2244 = CYLINDRICAL_SURFACE('',#2245,8.02);
#2245 = AXIS2_PLACEMENT_3D('',#2246,#2247,#2248);
#2246 = CARTESIAN_POINT('',(53.505,99.005,0.25));
#2247 = DIRECTION('',(-0.,-0.,-1.));
#2248 = DIRECTION('',(1.,0.,0.));
#2249 = DEFINITIONAL_REPRESENTATION('',(#2250),#2253);
#2250 = B_SPLINE_CURVE_WITH_KNOTS('',1,(#2251,#2252),.UNSPECIFIED.,.F.,
  .F.,(2,2),(-1.2500006,5.00006E-02),.PIECEWISE_BEZIER_KNOTS.);
#2251 = CARTESIAN_POINT('',(-0.902555247937,-1.2500006));
#2252 = CARTESIAN_POINT('',(-0.902555247937,5.00006E-02));
#2253 = ( GEOMETRIC_REPRESENTATION_CONTEXT(2) 
PARAMETRIC_REPRESENTATION_CONTEXT() REPRESENTATION_CONTEXT('2D SPACE',''
  ) );
#2254 = ORIENTED_EDGE('',*,*,#2255,.F.);
#2255 = EDGE_CURVE('',#2256,#2230,#2258,.T.);
#2256 = VERTEX_POINT('',#2257);
#2257 = CARTESIAN_POINT('',(59.96513738244,105.3,1.5));
#2258 = SURFACE_CURVE('',#2259,(#2263,#2269),.PCURVE_S1.);
#2259 = LINE('',#2260,#2261);
#2260 = CARTESIAN_POINT('',(3.0975,105.3,1.5));
#2261 = VECTOR('',#2262,1.);
#2262 = DIRECTION('',(-1.,0.,0.));
#2263 = PCURVE('',#270,#2264);
#2264 = DEFINITIONAL_REPRESENTATION('',(#2265),#2268);
#2265 = B_SPLINE_CURVE_WITH_KNOTS('',1,(#2266,#2267),.UNSPECIFIED.,.F.,
  .F.,(2,2),(-57.2025,3.3975),.PIECEWISE_BEZIER_KNOTS.);
#2266 = CARTESIAN_POINT('',(1.45,60.6));
#2267 = CARTESIAN_POINT('',(1.45,0.));
#2268 = ( GEOMETRIC_REPRESENTATION_CONTEXT(2) 
PARAMETRIC_REPRESENTATION_CONTEXT() REPRESENTATION_CONTEXT('2D SPACE',''
  ) );
#2269 = PCURVE('',#2270,#2275);
#2270 = PLANE('',#2271);
#2271 = AXIS2_PLACEMENT_3D('',#2272,#2273,#2274);
#2272 = CARTESIAN_POINT('',(6.495,-3.025,1.5));
#2273 = DIRECTION('',(0.,0.,1.));
#2274 = DIRECTION('',(1.,0.,0.));
#2275 = DEFINITIONAL_REPRESENTATION('',(#2276),#2279);
#2276 = B_SPLINE_CURVE_WITH_KNOTS('',1,(#2277,#2278),.UNSPECIFIED.,.F.,
  .F.,(2,2),(-57.2025,3.3975),.PIECEWISE_BEZIER_KNOTS.);
#2277 = CARTESIAN_POINT('',(53.805,108.325));
#2278 = CARTESIAN_POINT('',(-6.795,108.325));
#2279 = ( GEOMETRIC_REPRESENTATION_CONTEXT(2) 
PARAMETRIC_REPRESENTATION_CONTEXT() REPRESENTATION_CONTEXT('2D SPACE',''
  ) );
#2280 = ORIENTED_EDGE('',*,*,#2281,.T.);
#2281 = EDGE_CURVE('',#2256,#223,#2282,.T.);
#2282 = SURFACE_CURVE('',#2283,(#2287,#2293),.PCURVE_S1.);
#2283 = LINE('',#2284,#2285);
#2284 = CARTESIAN_POINT('',(59.96513738244,105.3,0.35));
#2285 = VECTOR('',#2286,1.);
#2286 = DIRECTION('',(-0.,-0.,-1.));
#2287 = PCURVE('',#270,#2288);
#2288 = DEFINITIONAL_REPRESENTATION('',(#2289),#2292);
#2289 = B_SPLINE_CURVE_WITH_KNOTS('',1,(#2290,#2291),.UNSPECIFIED.,.F.,
  .F.,(2,2),(-1.1500006,-8.99994E-02),.PIECEWISE_BEZIER_KNOTS.);
#2290 = CARTESIAN_POINT('',(1.4500006,60.26513738244));
#2291 = CARTESIAN_POINT('',(0.3899994,60.26513738244));
#2292 = ( GEOMETRIC_REPRESENTATION_CONTEXT(2) 
PARAMETRIC_REPRESENTATION_CONTEXT() REPRESENTATION_CONTEXT('2D SPACE',''
  ) );
#2293 = PCURVE('',#243,#2294);
#2294 = DEFINITIONAL_REPRESENTATION('',(#2295),#2298);
#2295 = B_SPLINE_CURVE_WITH_KNOTS('',1,(#2296,#2297),.UNSPECIFIED.,.F.,
  .F.,(2,2),(-1.1500006,-8.99994E-02),.PIECEWISE_BEZIER_KNOTS.);
#2296 = CARTESIAN_POINT('',(-0.772452151782,-1.1500006));
#2297 = CARTESIAN_POINT('',(-0.772452151782,-8.99994E-02));
#2298 = ( GEOMETRIC_REPRESENTATION_CONTEXT(2) 
PARAMETRIC_REPRESENTATION_CONTEXT() REPRESENTATION_CONTEXT('2D SPACE',''
  ) );
#2299 = ORIENTED_EDGE('',*,*,#255,.F.);
#2300 = ORIENTED_EDGE('',*,*,#2067,.F.);
#2301 = ADVANCED_FACE('',(#2302),#243,.T.);
#2302 = FACE_BOUND('',#2303,.F.);
#2303 = EDGE_LOOP('',(#2304,#2327,#2328,#2329));
#2304 = ORIENTED_EDGE('',*,*,#2305,.F.);
#2305 = EDGE_CURVE('',#197,#2306,#2308,.T.);
#2306 = VERTEX_POINT('',#2307);
#2307 = CARTESIAN_POINT('',(53.505,108.025,1.5));
#2308 = SURFACE_CURVE('',#2309,(#2313,#2320),.PCURVE_S1.);
#2309 = LINE('',#2310,#2311);
#2310 = CARTESIAN_POINT('',(53.505,108.025,0.35));
#2311 = VECTOR('',#2312,1.);
#2312 = DIRECTION('',(0.,0.,1.));
#2313 = PCURVE('',#243,#2314);
#2314 = DEFINITIONAL_REPRESENTATION('',(#2315),#2319);
#2315 = LINE('',#2316,#2317);
#2316 = CARTESIAN_POINT('',(-1.570796326795,-1.110223024625E-16));
#2317 = VECTOR('',#2318,1.);
#2318 = DIRECTION('',(-0.,-1.));
#2319 = ( GEOMETRIC_REPRESENTATION_CONTEXT(2) 
PARAMETRIC_REPRESENTATION_CONTEXT() REPRESENTATION_CONTEXT('2D SPACE',''
  ) );
#2320 = PCURVE('',#211,#2321);
#2321 = DEFINITIONAL_REPRESENTATION('',(#2322),#2326);
#2322 = LINE('',#2323,#2324);
#2323 = CARTESIAN_POINT('',(0.,47.01));
#2324 = VECTOR('',#2325,1.);
#2325 = DIRECTION('',(1.,0.));
#2326 = ( GEOMETRIC_REPRESENTATION_CONTEXT(2) 
PARAMETRIC_REPRESENTATION_CONTEXT() REPRESENTATION_CONTEXT('2D SPACE',''
  ) );
#2327 = ORIENTED_EDGE('',*,*,#222,.T.);
#2328 = ORIENTED_EDGE('',*,*,#2281,.F.);
#2329 = ORIENTED_EDGE('',*,*,#2330,.T.);
#2330 = EDGE_CURVE('',#2256,#2306,#2331,.T.);
#2331 = SURFACE_CURVE('',#2332,(#2337,#2344),.PCURVE_S1.);
#2332 = CIRCLE('',#2333,9.02);
#2333 = AXIS2_PLACEMENT_3D('',#2334,#2335,#2336);
#2334 = CARTESIAN_POINT('',(53.505,99.005,1.5));
#2335 = DIRECTION('',(0.,0.,1.));
#2336 = DIRECTION('',(1.,0.,0.));
#2337 = PCURVE('',#243,#2338);
#2338 = DEFINITIONAL_REPRESENTATION('',(#2339),#2343);
#2339 = LINE('',#2340,#2341);
#2340 = CARTESIAN_POINT('',(-0.,-1.15));
#2341 = VECTOR('',#2342,1.);
#2342 = DIRECTION('',(-1.,0.));
#2343 = ( GEOMETRIC_REPRESENTATION_CONTEXT(2) 
PARAMETRIC_REPRESENTATION_CONTEXT() REPRESENTATION_CONTEXT('2D SPACE',''
  ) );
#2344 = PCURVE('',#2270,#2345);
#2345 = DEFINITIONAL_REPRESENTATION('',(#2346),#2350);
#2346 = CIRCLE('',#2347,9.02);
#2347 = AXIS2_PLACEMENT_2D('',#2348,#2349);
#2348 = CARTESIAN_POINT('',(47.01,102.03));
#2349 = DIRECTION('',(1.,0.));
#2350 = ( GEOMETRIC_REPRESENTATION_CONTEXT(2) 
PARAMETRIC_REPRESENTATION_CONTEXT() REPRESENTATION_CONTEXT('2D SPACE',''
  ) );
#2351 = ADVANCED_FACE('',(#2352),#211,.T.);
#2352 = FACE_BOUND('',#2353,.T.);
#2353 = EDGE_LOOP('',(#2354,#2355,#2356,#2377));
#2354 = ORIENTED_EDGE('',*,*,#2305,.F.);
#2355 = ORIENTED_EDGE('',*,*,#196,.T.);
#2356 = ORIENTED_EDGE('',*,*,#2357,.F.);
#2357 = EDGE_CURVE('',#2358,#171,#2360,.T.);
#2358 = VERTEX_POINT('',#2359);
#2359 = CARTESIAN_POINT('',(48.965,108.025,1.5));
#2360 = SURFACE_CURVE('',#2361,(#2365,#2371),.PCURVE_S1.);
#2361 = LINE('',#2362,#2363);
#2362 = CARTESIAN_POINT('',(48.965,108.025,1.675));
#2363 = VECTOR('',#2364,1.);
#2364 = DIRECTION('',(0.,0.,-1.));
#2365 = PCURVE('',#211,#2366);
#2366 = DEFINITIONAL_REPRESENTATION('',(#2367),#2370);
#2367 = B_SPLINE_CURVE_WITH_KNOTS('',1,(#2368,#2369),.UNSPECIFIED.,.F.,
  .F.,(2,2),(0.175,1.235),.PIECEWISE_BEZIER_KNOTS.);
#2368 = CARTESIAN_POINT('',(1.15,42.47));
#2369 = CARTESIAN_POINT('',(9.E-02,42.47));
#2370 = ( GEOMETRIC_REPRESENTATION_CONTEXT(2) 
PARAMETRIC_REPRESENTATION_CONTEXT() REPRESENTATION_CONTEXT('2D SPACE',''
  ) );
#2371 = PCURVE('',#185,#2372);
#2372 = DEFINITIONAL_REPRESENTATION('',(#2373),#2376);
#2373 = B_SPLINE_CURVE_WITH_KNOTS('',1,(#2374,#2375),.UNSPECIFIED.,.F.,
  .F.,(2,2),(0.175,1.235),.PIECEWISE_BEZIER_KNOTS.);
#2374 = CARTESIAN_POINT('',(-1.5,4.275));
#2375 = CARTESIAN_POINT('',(-2.56,4.275));
#2376 = ( GEOMETRIC_REPRESENTATION_CONTEXT(2) 
PARAMETRIC_REPRESENTATION_CONTEXT() REPRESENTATION_CONTEXT('2D SPACE',''
  ) );
#2377 = ORIENTED_EDGE('',*,*,#2378,.T.);
#2378 = EDGE_CURVE('',#2358,#2306,#2379,.T.);
#2379 = SURFACE_CURVE('',#2380,(#2384,#2391),.PCURVE_S1.);
#2380 = LINE('',#2381,#2382);
#2381 = CARTESIAN_POINT('',(6.495,108.025,1.5));
#2382 = VECTOR('',#2383,1.);
#2383 = DIRECTION('',(1.,0.,0.));
#2384 = PCURVE('',#211,#2385);
#2385 = DEFINITIONAL_REPRESENTATION('',(#2386),#2390);
#2386 = LINE('',#2387,#2388);
#2387 = CARTESIAN_POINT('',(1.15,0.));
#2388 = VECTOR('',#2389,1.);
#2389 = DIRECTION('',(0.,1.));
#2390 = ( GEOMETRIC_REPRESENTATION_CONTEXT(2) 
PARAMETRIC_REPRESENTATION_CONTEXT() REPRESENTATION_CONTEXT('2D SPACE',''
  ) );
#2391 = PCURVE('',#2270,#2392);
#2392 = DEFINITIONAL_REPRESENTATION('',(#2393),#2397);
#2393 = LINE('',#2394,#2395);
#2394 = CARTESIAN_POINT('',(0.,111.05));
#2395 = VECTOR('',#2396,1.);
#2396 = DIRECTION('',(1.,0.));
#2397 = ( GEOMETRIC_REPRESENTATION_CONTEXT(2) 
PARAMETRIC_REPRESENTATION_CONTEXT() REPRESENTATION_CONTEXT('2D SPACE',''
  ) );
#2398 = ADVANCED_FACE('',(#2399),#185,.F.);
#2399 = FACE_BOUND('',#2400,.F.);
#2400 = EDGE_LOOP('',(#2401,#2429,#2458,#2477,#2478,#2479,#2500,#2526));
#2401 = ORIENTED_EDGE('',*,*,#2402,.T.);
#2402 = EDGE_CURVE('',#2403,#2405,#2407,.T.);
#2403 = VERTEX_POINT('',#2404);
#2404 = CARTESIAN_POINT('',(48.965,108.2,0.2));
#2405 = VERTEX_POINT('',#2406);
#2406 = CARTESIAN_POINT('',(48.965,108.2,-2.424942396008));
#2407 = SURFACE_CURVE('',#2408,(#2412,#2418),.PCURVE_S1.);
#2408 = LINE('',#2409,#2410);
#2409 = CARTESIAN_POINT('',(48.965,108.2,-3.75));
#2410 = VECTOR('',#2411,1.);
#2411 = DIRECTION('',(0.,0.,-1.));
#2412 = PCURVE('',#185,#2413);
#2413 = DEFINITIONAL_REPRESENTATION('',(#2414),#2417);
#2414 = B_SPLINE_CURVE_WITH_KNOTS('',1,(#2415,#2416),.UNSPECIFIED.,.F.,
  .F.,(2,2),(-3.95,5.E-02),.PIECEWISE_BEZIER_KNOTS.);
#2415 = CARTESIAN_POINT('',(-2.8,4.1));
#2416 = CARTESIAN_POINT('',(-6.8,4.1));
#2417 = ( GEOMETRIC_REPRESENTATION_CONTEXT(2) 
PARAMETRIC_REPRESENTATION_CONTEXT() REPRESENTATION_CONTEXT('2D SPACE',''
  ) );
#2418 = PCURVE('',#2419,#2424);
#2419 = PLANE('',#2420);
#2420 = AXIS2_PLACEMENT_3D('',#2421,#2422,#2423);
#2421 = CARTESIAN_POINT('',(6.5,108.2,-10.5));
#2422 = DIRECTION('',(0.,1.,0.));
#2423 = DIRECTION('',(0.,0.,1.));
#2424 = DEFINITIONAL_REPRESENTATION('',(#2425),#2428);
#2425 = B_SPLINE_CURVE_WITH_KNOTS('',1,(#2426,#2427),.UNSPECIFIED.,.F.,
  .F.,(2,2),(-3.95,5.E-02),.PIECEWISE_BEZIER_KNOTS.);
#2426 = CARTESIAN_POINT('',(10.7,42.465));
#2427 = CARTESIAN_POINT('',(6.7,42.465));
#2428 = ( GEOMETRIC_REPRESENTATION_CONTEXT(2) 
PARAMETRIC_REPRESENTATION_CONTEXT() REPRESENTATION_CONTEXT('2D SPACE',''
  ) );
#2429 = ORIENTED_EDGE('',*,*,#2430,.T.);
#2430 = EDGE_CURVE('',#2405,#2431,#2433,.T.);
#2431 = VERTEX_POINT('',#2432);
#2432 = CARTESIAN_POINT('',(48.965,110.,-3.39921870231));
#2433 = SURFACE_CURVE('',#2434,(#2439,#2446),.PCURVE_S1.);
#2434 = CIRCLE('',#2435,6.8);
#2435 = AXIS2_PLACEMENT_3D('',#2436,#2437,#2438);
#2436 = CARTESIAN_POINT('',(48.965,112.3,3.));
#2437 = DIRECTION('',(1.,0.,0.));
#2438 = DIRECTION('',(0.,1.,0.));
#2439 = PCURVE('',#185,#2440);
#2440 = DEFINITIONAL_REPRESENTATION('',(#2441),#2445);
#2441 = CIRCLE('',#2442,6.8);
#2442 = AXIS2_PLACEMENT_2D('',#2443,#2444);
#2443 = CARTESIAN_POINT('',(4.440892098501E-16,0.));
#2444 = DIRECTION('',(0.,-1.));
#2445 = ( GEOMETRIC_REPRESENTATION_CONTEXT(2) 
PARAMETRIC_REPRESENTATION_CONTEXT() REPRESENTATION_CONTEXT('2D SPACE',''
  ) );
#2446 = PCURVE('',#2447,#2452);
#2447 = CYLINDRICAL_SURFACE('',#2448,6.8);
#2448 = AXIS2_PLACEMENT_3D('',#2449,#2450,#2451);
#2449 = CARTESIAN_POINT('',(24.965,112.3,3.));
#2450 = DIRECTION('',(-1.,-0.,-0.));
#2451 = DIRECTION('',(0.,1.,0.));
#2452 = DEFINITIONAL_REPRESENTATION('',(#2453),#2457);
#2453 = LINE('',#2454,#2455);
#2454 = CARTESIAN_POINT('',(-0.,-24.));
#2455 = VECTOR('',#2456,1.);
#2456 = DIRECTION('',(-1.,0.));
#2457 = ( GEOMETRIC_REPRESENTATION_CONTEXT(2) 
PARAMETRIC_REPRESENTATION_CONTEXT() REPRESENTATION_CONTEXT('2D SPACE',''
  ) );
#2458 = ORIENTED_EDGE('',*,*,#2459,.F.);
#2459 = EDGE_CURVE('',#143,#2431,#2460,.T.);
#2460 = SURFACE_CURVE('',#2461,(#2465,#2471),.PCURVE_S1.);
#2461 = LINE('',#2462,#2463);
#2462 = CARTESIAN_POINT('',(48.965,110.,-5.25));
#2463 = VECTOR('',#2464,1.);
#2464 = DIRECTION('',(0.,0.,-1.));
#2465 = PCURVE('',#185,#2466);
#2466 = DEFINITIONAL_REPRESENTATION('',(#2467),#2470);
#2467 = B_SPLINE_CURVE_WITH_KNOTS('',1,(#2468,#2469),.UNSPECIFIED.,.F.,
  .F.,(2,2),(-5.69,-1.45),.PIECEWISE_BEZIER_KNOTS.);
#2468 = CARTESIAN_POINT('',(-2.56,2.3));
#2469 = CARTESIAN_POINT('',(-6.8,2.3));
#2470 = ( GEOMETRIC_REPRESENTATION_CONTEXT(2) 
PARAMETRIC_REPRESENTATION_CONTEXT() REPRESENTATION_CONTEXT('2D SPACE',''
  ) );
#2471 = PCURVE('',#158,#2472);
#2472 = DEFINITIONAL_REPRESENTATION('',(#2473),#2476);
#2473 = B_SPLINE_CURVE_WITH_KNOTS('',1,(#2474,#2475),.UNSPECIFIED.,.F.,
  .F.,(2,2),(-5.69,-1.45),.PIECEWISE_BEZIER_KNOTS.);
#2474 = CARTESIAN_POINT('',(13.94,42.465));
#2475 = CARTESIAN_POINT('',(9.7,42.465));
#2476 = ( GEOMETRIC_REPRESENTATION_CONTEXT(2) 
PARAMETRIC_REPRESENTATION_CONTEXT() REPRESENTATION_CONTEXT('2D SPACE',''
  ) );
#2477 = ORIENTED_EDGE('',*,*,#170,.F.);
#2478 = ORIENTED_EDGE('',*,*,#2357,.F.);
#2479 = ORIENTED_EDGE('',*,*,#2480,.F.);
#2480 = EDGE_CURVE('',#2481,#2358,#2483,.T.);
#2481 = VERTEX_POINT('',#2482);
#2482 = CARTESIAN_POINT('',(48.965,107.025,1.5));
#2483 = SURFACE_CURVE('',#2484,(#2488,#2494),.PCURVE_S1.);
#2484 = LINE('',#2485,#2486);
#2485 = CARTESIAN_POINT('',(48.965,54.6375,1.5));
#2486 = VECTOR('',#2487,1.);
#2487 = DIRECTION('',(0.,1.,0.));
#2488 = PCURVE('',#185,#2489);
#2489 = DEFINITIONAL_REPRESENTATION('',(#2490),#2493);
#2490 = B_SPLINE_CURVE_WITH_KNOTS('',1,(#2491,#2492),.UNSPECIFIED.,.F.,
  .F.,(2,2),(50.8625,53.3875),.PIECEWISE_BEZIER_KNOTS.);
#2491 = CARTESIAN_POINT('',(-1.5,6.8));
#2492 = CARTESIAN_POINT('',(-1.5,4.275));
#2493 = ( GEOMETRIC_REPRESENTATION_CONTEXT(2) 
PARAMETRIC_REPRESENTATION_CONTEXT() REPRESENTATION_CONTEXT('2D SPACE',''
  ) );
#2494 = PCURVE('',#2270,#2495);
#2495 = DEFINITIONAL_REPRESENTATION('',(#2496),#2499);
#2496 = B_SPLINE_CURVE_WITH_KNOTS('',1,(#2497,#2498),.UNSPECIFIED.,.F.,
  .F.,(2,2),(50.8625,53.3875),.PIECEWISE_BEZIER_KNOTS.);
#2497 = CARTESIAN_POINT('',(42.47,108.525));
#2498 = CARTESIAN_POINT('',(42.47,111.05));
#2499 = ( GEOMETRIC_REPRESENTATION_CONTEXT(2) 
PARAMETRIC_REPRESENTATION_CONTEXT() REPRESENTATION_CONTEXT('2D SPACE',''
  ) );
#2500 = ORIENTED_EDGE('',*,*,#2501,.T.);
#2501 = EDGE_CURVE('',#2481,#2502,#2504,.T.);
#2502 = VERTEX_POINT('',#2503);
#2503 = CARTESIAN_POINT('',(48.965,107.025,0.2));
#2504 = SURFACE_CURVE('',#2505,(#2509,#2515),.PCURVE_S1.);
#2505 = LINE('',#2506,#2507);
#2506 = CARTESIAN_POINT('',(48.965,107.025,1.625));
#2507 = VECTOR('',#2508,1.);
#2508 = DIRECTION('',(0.,0.,-1.));
#2509 = PCURVE('',#185,#2510);
#2510 = DEFINITIONAL_REPRESENTATION('',(#2511),#2514);
#2511 = B_SPLINE_CURVE_WITH_KNOTS('',1,(#2512,#2513),.UNSPECIFIED.,.F.,
  .F.,(2,2),(0.125,1.425),.PIECEWISE_BEZIER_KNOTS.);
#2512 = CARTESIAN_POINT('',(-1.5,5.275));
#2513 = CARTESIAN_POINT('',(-2.8,5.275));
#2514 = ( GEOMETRIC_REPRESENTATION_CONTEXT(2) 
PARAMETRIC_REPRESENTATION_CONTEXT() REPRESENTATION_CONTEXT('2D SPACE',''
  ) );
#2515 = PCURVE('',#2516,#2521);
#2516 = PLANE('',#2517);
#2517 = AXIS2_PLACEMENT_3D('',#2518,#2519,#2520);
#2518 = CARTESIAN_POINT('',(6.495,107.025,0.25));
#2519 = DIRECTION('',(0.,1.,0.));
#2520 = DIRECTION('',(0.,0.,1.));
#2521 = DEFINITIONAL_REPRESENTATION('',(#2522),#2525);
#2522 = B_SPLINE_CURVE_WITH_KNOTS('',1,(#2523,#2524),.UNSPECIFIED.,.F.,
  .F.,(2,2),(0.125,1.425),.PIECEWISE_BEZIER_KNOTS.);
#2523 = CARTESIAN_POINT('',(1.25,42.47));
#2524 = CARTESIAN_POINT('',(-5.E-02,42.47));
#2525 = ( GEOMETRIC_REPRESENTATION_CONTEXT(2) 
PARAMETRIC_REPRESENTATION_CONTEXT() REPRESENTATION_CONTEXT('2D SPACE',''
  ) );
#2526 = ORIENTED_EDGE('',*,*,#2527,.T.);
#2527 = EDGE_CURVE('',#2502,#2403,#2528,.T.);
#2528 = SURFACE_CURVE('',#2529,(#2533,#2539),.PCURVE_S1.);
#2529 = LINE('',#2530,#2531);
#2530 = CARTESIAN_POINT('',(48.965,59.15,0.2));
#2531 = VECTOR('',#2532,1.);
#2532 = DIRECTION('',(0.,1.,0.));
#2533 = PCURVE('',#185,#2534);
#2534 = DEFINITIONAL_REPRESENTATION('',(#2535),#2538);
#2535 = B_SPLINE_CURVE_WITH_KNOTS('',1,(#2536,#2537),.UNSPECIFIED.,.F.,
  .F.,(2,2),(46.35,49.05),.PIECEWISE_BEZIER_KNOTS.);
#2536 = CARTESIAN_POINT('',(-2.8,6.8));
#2537 = CARTESIAN_POINT('',(-2.8,4.1));
#2538 = ( GEOMETRIC_REPRESENTATION_CONTEXT(2) 
PARAMETRIC_REPRESENTATION_CONTEXT() REPRESENTATION_CONTEXT('2D SPACE',''
  ) );
#2539 = PCURVE('',#2218,#2540);
#2540 = DEFINITIONAL_REPRESENTATION('',(#2541),#2544);
#2541 = B_SPLINE_CURVE_WITH_KNOTS('',1,(#2542,#2543),.UNSPECIFIED.,.F.,
  .F.,(2,2),(46.35,49.05),.PIECEWISE_BEZIER_KNOTS.);
#2542 = CARTESIAN_POINT('',(42.465,99.5));
#2543 = CARTESIAN_POINT('',(42.465,102.2));
#2544 = ( GEOMETRIC_REPRESENTATION_CONTEXT(2) 
PARAMETRIC_REPRESENTATION_CONTEXT() REPRESENTATION_CONTEXT('2D SPACE',''
  ) );
#2545 = ADVANCED_FACE('',(#2546),#158,.T.);
#2546 = FACE_BOUND('',#2547,.T.);
#2547 = EDGE_LOOP('',(#2548,#2571,#2594,#2622,#2650,#2676,#2695,#2696));
#2548 = ORIENTED_EDGE('',*,*,#2549,.F.);
#2549 = EDGE_CURVE('',#2550,#114,#2552,.T.);
#2550 = VERTEX_POINT('',#2551);
#2551 = CARTESIAN_POINT('',(53.5,110.,-13.5));
#2552 = SURFACE_CURVE('',#2553,(#2557,#2564),.PCURVE_S1.);
#2553 = LINE('',#2554,#2555);
#2554 = CARTESIAN_POINT('',(53.5,110.,-13.5));
#2555 = VECTOR('',#2556,1.);
#2556 = DIRECTION('',(0.,0.,1.));
#2557 = PCURVE('',#158,#2558);
#2558 = DEFINITIONAL_REPRESENTATION('',(#2559),#2563);
#2559 = LINE('',#2560,#2561);
#2560 = CARTESIAN_POINT('',(0.,47.));
#2561 = VECTOR('',#2562,1.);
#2562 = DIRECTION('',(1.,0.));
#2563 = ( GEOMETRIC_REPRESENTATION_CONTEXT(2) 
PARAMETRIC_REPRESENTATION_CONTEXT() REPRESENTATION_CONTEXT('2D SPACE',''
  ) );
#2564 = PCURVE('',#130,#2565);
#2565 = DEFINITIONAL_REPRESENTATION('',(#2566),#2570);
#2566 = LINE('',#2567,#2568);
#2567 = CARTESIAN_POINT('',(-1.570796326795,0.));
#2568 = VECTOR('',#2569,1.);
#2569 = DIRECTION('',(-0.,-1.));
#2570 = ( GEOMETRIC_REPRESENTATION_CONTEXT(2) 
PARAMETRIC_REPRESENTATION_CONTEXT() REPRESENTATION_CONTEXT('2D SPACE',''
  ) );
#2571 = ORIENTED_EDGE('',*,*,#2572,.F.);
#2572 = EDGE_CURVE('',#2573,#2550,#2575,.T.);
#2573 = VERTEX_POINT('',#2574);
#2574 = CARTESIAN_POINT('',(6.5,110.,-13.5));
#2575 = SURFACE_CURVE('',#2576,(#2580,#2587),.PCURVE_S1.);
#2576 = LINE('',#2577,#2578);
#2577 = CARTESIAN_POINT('',(6.5,110.,-13.5));
#2578 = VECTOR('',#2579,1.);
#2579 = DIRECTION('',(1.,0.,0.));
#2580 = PCURVE('',#158,#2581);
#2581 = DEFINITIONAL_REPRESENTATION('',(#2582),#2586);
#2582 = LINE('',#2583,#2584);
#2583 = CARTESIAN_POINT('',(0.,0.));
#2584 = VECTOR('',#2585,1.);
#2585 = DIRECTION('',(0.,1.));
#2586 = ( GEOMETRIC_REPRESENTATION_CONTEXT(2) 
PARAMETRIC_REPRESENTATION_CONTEXT() REPRESENTATION_CONTEXT('2D SPACE',''
  ) );
#2587 = PCURVE('',#714,#2588);
#2588 = DEFINITIONAL_REPRESENTATION('',(#2589),#2593);
#2589 = LINE('',#2590,#2591);
#2590 = CARTESIAN_POINT('',(8.881784197001E-16,104.));
#2591 = VECTOR('',#2592,1.);
#2592 = DIRECTION('',(1.,0.));
#2593 = ( GEOMETRIC_REPRESENTATION_CONTEXT(2) 
PARAMETRIC_REPRESENTATION_CONTEXT() REPRESENTATION_CONTEXT('2D SPACE',''
  ) );
#2594 = ORIENTED_EDGE('',*,*,#2595,.T.);
#2595 = EDGE_CURVE('',#2573,#2596,#2598,.T.);
#2596 = VERTEX_POINT('',#2597);
#2597 = CARTESIAN_POINT('',(6.5,110.,0.44));
#2598 = SURFACE_CURVE('',#2599,(#2603,#2610),.PCURVE_S1.);
#2599 = LINE('',#2600,#2601);
#2600 = CARTESIAN_POINT('',(6.5,110.,-13.5));
#2601 = VECTOR('',#2602,1.);
#2602 = DIRECTION('',(0.,0.,1.));
#2603 = PCURVE('',#158,#2604);
#2604 = DEFINITIONAL_REPRESENTATION('',(#2605),#2609);
#2605 = LINE('',#2606,#2607);
#2606 = CARTESIAN_POINT('',(0.,0.));
#2607 = VECTOR('',#2608,1.);
#2608 = DIRECTION('',(1.,0.));
#2609 = ( GEOMETRIC_REPRESENTATION_CONTEXT(2) 
PARAMETRIC_REPRESENTATION_CONTEXT() REPRESENTATION_CONTEXT('2D SPACE',''
  ) );
#2610 = PCURVE('',#2611,#2616);
#2611 = CYLINDRICAL_SURFACE('',#2612,11.);
#2612 = AXIS2_PLACEMENT_3D('',#2613,#2614,#2615);
#2613 = CARTESIAN_POINT('',(6.5,99.,-13.5));
#2614 = DIRECTION('',(-0.,-0.,-1.));
#2615 = DIRECTION('',(1.,0.,0.));
#2616 = DEFINITIONAL_REPRESENTATION('',(#2617),#2621);
#2617 = LINE('',#2618,#2619);
#2618 = CARTESIAN_POINT('',(-1.570796326795,0.));
#2619 = VECTOR('',#2620,1.);
#2620 = DIRECTION('',(-0.,-1.));
#2621 = ( GEOMETRIC_REPRESENTATION_CONTEXT(2) 
PARAMETRIC_REPRESENTATION_CONTEXT() REPRESENTATION_CONTEXT('2D SPACE',''
  ) );
#2622 = ORIENTED_EDGE('',*,*,#2623,.T.);
#2623 = EDGE_CURVE('',#2596,#2624,#2626,.T.);
#2624 = VERTEX_POINT('',#2625);
#2625 = CARTESIAN_POINT('',(24.965,110.,0.44));
#2626 = SURFACE_CURVE('',#2627,(#2631,#2638),.PCURVE_S1.);
#2627 = LINE('',#2628,#2629);
#2628 = CARTESIAN_POINT('',(6.5,110.,0.44));
#2629 = VECTOR('',#2630,1.);
#2630 = DIRECTION('',(1.,0.,0.));
#2631 = PCURVE('',#158,#2632);
#2632 = DEFINITIONAL_REPRESENTATION('',(#2633),#2637);
#2633 = LINE('',#2634,#2635);
#2634 = CARTESIAN_POINT('',(13.94,0.));
#2635 = VECTOR('',#2636,1.);
#2636 = DIRECTION('',(0.,1.));
#2637 = ( GEOMETRIC_REPRESENTATION_CONTEXT(2) 
PARAMETRIC_REPRESENTATION_CONTEXT() REPRESENTATION_CONTEXT('2D SPACE',''
  ) );
#2638 = PCURVE('',#2639,#2644);
#2639 = PLANE('',#2640);
#2640 = AXIS2_PLACEMENT_3D('',#2641,#2642,#2643);
#2641 = CARTESIAN_POINT('',(6.5,-5.,0.44));
#2642 = DIRECTION('',(0.,0.,1.));
#2643 = DIRECTION('',(1.,0.,0.));
#2644 = DEFINITIONAL_REPRESENTATION('',(#2645),#2649);
#2645 = LINE('',#2646,#2647);
#2646 = CARTESIAN_POINT('',(0.,115.));
#2647 = VECTOR('',#2648,1.);
#2648 = DIRECTION('',(1.,0.));
#2649 = ( GEOMETRIC_REPRESENTATION_CONTEXT(2) 
PARAMETRIC_REPRESENTATION_CONTEXT() REPRESENTATION_CONTEXT('2D SPACE',''
  ) );
#2650 = ORIENTED_EDGE('',*,*,#2651,.T.);
#2651 = EDGE_CURVE('',#2624,#2652,#2654,.T.);
#2652 = VERTEX_POINT('',#2653);
#2653 = CARTESIAN_POINT('',(24.965,110.,-3.39921870231));
#2654 = SURFACE_CURVE('',#2655,(#2659,#2665),.PCURVE_S1.);
#2655 = LINE('',#2656,#2657);
#2656 = CARTESIAN_POINT('',(24.965,110.,-5.25));
#2657 = VECTOR('',#2658,1.);
#2658 = DIRECTION('',(0.,0.,-1.));
#2659 = PCURVE('',#158,#2660);
#2660 = DEFINITIONAL_REPRESENTATION('',(#2661),#2664);
#2661 = B_SPLINE_CURVE_WITH_KNOTS('',1,(#2662,#2663),.UNSPECIFIED.,.F.,
  .F.,(2,2),(-5.69,-1.45),.PIECEWISE_BEZIER_KNOTS.);
#2662 = CARTESIAN_POINT('',(13.94,18.465));
#2663 = CARTESIAN_POINT('',(9.7,18.465));
#2664 = ( GEOMETRIC_REPRESENTATION_CONTEXT(2) 
PARAMETRIC_REPRESENTATION_CONTEXT() REPRESENTATION_CONTEXT('2D SPACE',''
  ) );
#2665 = PCURVE('',#2666,#2671);
#2666 = PLANE('',#2667);
#2667 = AXIS2_PLACEMENT_3D('',#2668,#2669,#2670);
#2668 = CARTESIAN_POINT('',(24.965,112.3,3.));
#2669 = DIRECTION('',(1.,0.,0.));
#2670 = DIRECTION('',(-0.,0.,1.));
#2671 = DEFINITIONAL_REPRESENTATION('',(#2672),#2675);
#2672 = B_SPLINE_CURVE_WITH_KNOTS('',1,(#2673,#2674),.UNSPECIFIED.,.F.,
  .F.,(2,2),(-5.69,-1.45),.PIECEWISE_BEZIER_KNOTS.);
#2673 = CARTESIAN_POINT('',(-2.56,2.3));
#2674 = CARTESIAN_POINT('',(-6.8,2.3));
#2675 = ( GEOMETRIC_REPRESENTATION_CONTEXT(2) 
PARAMETRIC_REPRESENTATION_CONTEXT() REPRESENTATION_CONTEXT('2D SPACE',''
  ) );
#2676 = ORIENTED_EDGE('',*,*,#2677,.F.);
#2677 = EDGE_CURVE('',#2431,#2652,#2678,.T.);
#2678 = SURFACE_CURVE('',#2679,(#2683,#2689),.PCURVE_S1.);
#2679 = LINE('',#2680,#2681);
#2680 = CARTESIAN_POINT('',(24.965,110.,-3.39921870231));
#2681 = VECTOR('',#2682,1.);
#2682 = DIRECTION('',(-1.,-0.,-0.));
#2683 = PCURVE('',#158,#2684);
#2684 = DEFINITIONAL_REPRESENTATION('',(#2685),#2688);
#2685 = B_SPLINE_CURVE_WITH_KNOTS('',1,(#2686,#2687),.UNSPECIFIED.,.F.,
  .F.,(2,2),(-24.0000006,5.999999999062E-07),.PIECEWISE_BEZIER_KNOTS.);
#2686 = CARTESIAN_POINT('',(10.10078129769,42.4650006));
#2687 = CARTESIAN_POINT('',(10.10078129769,18.4649994));
#2688 = ( GEOMETRIC_REPRESENTATION_CONTEXT(2) 
PARAMETRIC_REPRESENTATION_CONTEXT() REPRESENTATION_CONTEXT('2D SPACE',''
  ) );
#2689 = PCURVE('',#2447,#2690);
#2690 = DEFINITIONAL_REPRESENTATION('',(#2691),#2694);
#2691 = B_SPLINE_CURVE_WITH_KNOTS('',1,(#2692,#2693),.UNSPECIFIED.,.F.,
  .F.,(2,2),(-24.0000006,5.999999999062E-07),.PIECEWISE_BEZIER_KNOTS.);
#2692 = CARTESIAN_POINT('',(-4.367347945254,-24.0000006));
#2693 = CARTESIAN_POINT('',(-4.367347945254,5.999999999062E-07));
#2694 = ( GEOMETRIC_REPRESENTATION_CONTEXT(2) 
PARAMETRIC_REPRESENTATION_CONTEXT() REPRESENTATION_CONTEXT('2D SPACE',''
  ) );
#2695 = ORIENTED_EDGE('',*,*,#2459,.F.);
#2696 = ORIENTED_EDGE('',*,*,#142,.T.);
#2697 = ADVANCED_FACE('',(#2698),#130,.T.);
#2698 = FACE_BOUND('',#2699,.F.);
#2699 = EDGE_LOOP('',(#2700,#2724,#2744,#2745));
#2700 = ORIENTED_EDGE('',*,*,#2701,.F.);
#2701 = EDGE_CURVE('',#2702,#2550,#2704,.T.);
#2702 = VERTEX_POINT('',#2703);
#2703 = CARTESIAN_POINT('',(64.5,99.,-13.5));
#2704 = SURFACE_CURVE('',#2705,(#2710,#2717),.PCURVE_S1.);
#2705 = CIRCLE('',#2706,11.);
#2706 = AXIS2_PLACEMENT_3D('',#2707,#2708,#2709);
#2707 = CARTESIAN_POINT('',(53.5,99.,-13.5));
#2708 = DIRECTION('',(0.,0.,1.));
#2709 = DIRECTION('',(1.,0.,0.));
#2710 = PCURVE('',#130,#2711);
#2711 = DEFINITIONAL_REPRESENTATION('',(#2712),#2716);
#2712 = LINE('',#2713,#2714);
#2713 = CARTESIAN_POINT('',(-0.,0.));
#2714 = VECTOR('',#2715,1.);
#2715 = DIRECTION('',(-1.,0.));
#2716 = ( GEOMETRIC_REPRESENTATION_CONTEXT(2) 
PARAMETRIC_REPRESENTATION_CONTEXT() REPRESENTATION_CONTEXT('2D SPACE',''
  ) );
#2717 = PCURVE('',#714,#2718);
#2718 = DEFINITIONAL_REPRESENTATION('',(#2719),#2723);
#2719 = CIRCLE('',#2720,11.);
#2720 = AXIS2_PLACEMENT_2D('',#2721,#2722);
#2721 = CARTESIAN_POINT('',(47.,93.));
#2722 = DIRECTION('',(1.,0.));
#2723 = ( GEOMETRIC_REPRESENTATION_CONTEXT(2) 
PARAMETRIC_REPRESENTATION_CONTEXT() REPRESENTATION_CONTEXT('2D SPACE',''
  ) );
#2724 = ORIENTED_EDGE('',*,*,#2725,.T.);
#2725 = EDGE_CURVE('',#2702,#86,#2726,.T.);
#2726 = SURFACE_CURVE('',#2727,(#2731,#2737),.PCURVE_S1.);
#2727 = LINE('',#2728,#2729);
#2728 = CARTESIAN_POINT('',(64.5,99.,-13.5));
#2729 = VECTOR('',#2730,1.);
#2730 = DIRECTION('',(0.,0.,1.));
#2731 = PCURVE('',#130,#2732);
#2732 = DEFINITIONAL_REPRESENTATION('',(#2733),#2736);
#2733 = B_SPLINE_CURVE_WITH_KNOTS('',1,(#2734,#2735),.UNSPECIFIED.,.F.,
  .F.,(2,2),(0.,13.94),.PIECEWISE_BEZIER_KNOTS.);
#2734 = CARTESIAN_POINT('',(0.,0.));
#2735 = CARTESIAN_POINT('',(0.,-13.94));
#2736 = ( GEOMETRIC_REPRESENTATION_CONTEXT(2) 
PARAMETRIC_REPRESENTATION_CONTEXT() REPRESENTATION_CONTEXT('2D SPACE',''
  ) );
#2737 = PCURVE('',#101,#2738);
#2738 = DEFINITIONAL_REPRESENTATION('',(#2739),#2743);
#2739 = LINE('',#2740,#2741);
#2740 = CARTESIAN_POINT('',(0.,-93.));
#2741 = VECTOR('',#2742,1.);
#2742 = DIRECTION('',(1.,0.));
#2743 = ( GEOMETRIC_REPRESENTATION_CONTEXT(2) 
PARAMETRIC_REPRESENTATION_CONTEXT() REPRESENTATION_CONTEXT('2D SPACE',''
  ) );
#2744 = ORIENTED_EDGE('',*,*,#113,.T.);
#2745 = ORIENTED_EDGE('',*,*,#2549,.F.);
#2746 = ADVANCED_FACE('',(#2747),#101,.T.);
#2747 = FACE_BOUND('',#2748,.T.);
#2748 = EDGE_LOOP('',(#2749,#2771,#2792,#2793));
#2749 = ORIENTED_EDGE('',*,*,#2750,.F.);
#2750 = EDGE_CURVE('',#2751,#57,#2753,.T.);
#2751 = VERTEX_POINT('',#2752);
#2752 = CARTESIAN_POINT('',(64.5,6.,-13.5));
#2753 = SURFACE_CURVE('',#2754,(#2758,#2765),.PCURVE_S1.);
#2754 = LINE('',#2755,#2756);
#2755 = CARTESIAN_POINT('',(64.5,6.,-13.5));
#2756 = VECTOR('',#2757,1.);
#2757 = DIRECTION('',(0.,0.,1.));
#2758 = PCURVE('',#101,#2759);
#2759 = DEFINITIONAL_REPRESENTATION('',(#2760),#2764);
#2760 = LINE('',#2761,#2762);
#2761 = CARTESIAN_POINT('',(0.,0.));
#2762 = VECTOR('',#2763,1.);
#2763 = DIRECTION('',(1.,0.));
#2764 = ( GEOMETRIC_REPRESENTATION_CONTEXT(2) 
PARAMETRIC_REPRESENTATION_CONTEXT() REPRESENTATION_CONTEXT('2D SPACE',''
  ) );
#2765 = PCURVE('',#73,#2766);
#2766 = DEFINITIONAL_REPRESENTATION('',(#2767),#2770);
#2767 = B_SPLINE_CURVE_WITH_KNOTS('',1,(#2768,#2769),.UNSPECIFIED.,.F.,
  .F.,(2,2),(0.,13.94),.PIECEWISE_BEZIER_KNOTS.);
#2768 = CARTESIAN_POINT('',(-6.28318530718,0.));
#2769 = CARTESIAN_POINT('',(-6.28318530718,-13.94));
#2770 = ( GEOMETRIC_REPRESENTATION_CONTEXT(2) 
PARAMETRIC_REPRESENTATION_CONTEXT() REPRESENTATION_CONTEXT('2D SPACE',''
  ) );
#2771 = ORIENTED_EDGE('',*,*,#2772,.T.);
#2772 = EDGE_CURVE('',#2751,#2702,#2773,.T.);
#2773 = SURFACE_CURVE('',#2774,(#2778,#2785),.PCURVE_S1.);
#2774 = LINE('',#2775,#2776);
#2775 = CARTESIAN_POINT('',(64.5,6.,-13.5));
#2776 = VECTOR('',#2777,1.);
#2777 = DIRECTION('',(0.,1.,0.));
#2778 = PCURVE('',#101,#2779);
#2779 = DEFINITIONAL_REPRESENTATION('',(#2780),#2784);
#2780 = LINE('',#2781,#2782);
#2781 = CARTESIAN_POINT('',(0.,0.));
#2782 = VECTOR('',#2783,1.);
#2783 = DIRECTION('',(0.,-1.));
#2784 = ( GEOMETRIC_REPRESENTATION_CONTEXT(2) 
PARAMETRIC_REPRESENTATION_CONTEXT() REPRESENTATION_CONTEXT('2D SPACE',''
  ) );
#2785 = PCURVE('',#714,#2786);
#2786 = DEFINITIONAL_REPRESENTATION('',(#2787),#2791);
#2787 = LINE('',#2788,#2789);
#2788 = CARTESIAN_POINT('',(58.,8.881784197001E-16));
#2789 = VECTOR('',#2790,1.);
#2790 = DIRECTION('',(0.,1.));
#2791 = ( GEOMETRIC_REPRESENTATION_CONTEXT(2) 
PARAMETRIC_REPRESENTATION_CONTEXT() REPRESENTATION_CONTEXT('2D SPACE',''
  ) );
#2792 = ORIENTED_EDGE('',*,*,#2725,.T.);
#2793 = ORIENTED_EDGE('',*,*,#85,.F.);
#2794 = ADVANCED_FACE('',(#2795),#73,.T.);
#2795 = FACE_BOUND('',#2796,.F.);
#2796 = EDGE_LOOP('',(#2797,#2798,#2820,#2821));
#2797 = ORIENTED_EDGE('',*,*,#2750,.F.);
#2798 = ORIENTED_EDGE('',*,*,#2799,.F.);
#2799 = EDGE_CURVE('',#676,#2751,#2800,.T.);
#2800 = SURFACE_CURVE('',#2801,(#2806,#2813),.PCURVE_S1.);
#2801 = CIRCLE('',#2802,11.);
#2802 = AXIS2_PLACEMENT_3D('',#2803,#2804,#2805);
#2803 = CARTESIAN_POINT('',(53.5,6.,-13.5));
#2804 = DIRECTION('',(0.,0.,1.));
#2805 = DIRECTION('',(1.,0.,0.));
#2806 = PCURVE('',#73,#2807);
#2807 = DEFINITIONAL_REPRESENTATION('',(#2808),#2812);
#2808 = LINE('',#2809,#2810);
#2809 = CARTESIAN_POINT('',(-0.,0.));
#2810 = VECTOR('',#2811,1.);
#2811 = DIRECTION('',(-1.,0.));
#2812 = ( GEOMETRIC_REPRESENTATION_CONTEXT(2) 
PARAMETRIC_REPRESENTATION_CONTEXT() REPRESENTATION_CONTEXT('2D SPACE',''
  ) );
#2813 = PCURVE('',#714,#2814);
#2814 = DEFINITIONAL_REPRESENTATION('',(#2815),#2819);
#2815 = CIRCLE('',#2816,11.);
#2816 = AXIS2_PLACEMENT_2D('',#2817,#2818);
#2817 = CARTESIAN_POINT('',(47.,8.881784197001E-16));
#2818 = DIRECTION('',(1.,0.));
#2819 = ( GEOMETRIC_REPRESENTATION_CONTEXT(2) 
PARAMETRIC_REPRESENTATION_CONTEXT() REPRESENTATION_CONTEXT('2D SPACE',''
  ) );
#2820 = ORIENTED_EDGE('',*,*,#675,.T.);
#2821 = ORIENTED_EDGE('',*,*,#56,.T.);
#2822 = ADVANCED_FACE('',(#2823),#852,.T.);
#2823 = FACE_BOUND('',#2824,.T.);
#2824 = EDGE_LOOP('',(#2825,#2826,#2847,#2875,#2897,#2898));
#2825 = ORIENTED_EDGE('',*,*,#935,.T.);
#2826 = ORIENTED_EDGE('',*,*,#2827,.F.);
#2827 = EDGE_CURVE('',#2828,#936,#2830,.T.);
#2828 = VERTEX_POINT('',#2829);
#2829 = CARTESIAN_POINT('',(14.79,-3.2,-1.3));
#2830 = SURFACE_CURVE('',#2831,(#2835,#2841),.PCURVE_S1.);
#2831 = LINE('',#2832,#2833);
#2832 = CARTESIAN_POINT('',(11.545,-3.2,-1.3));
#2833 = VECTOR('',#2834,1.);
#2834 = DIRECTION('',(1.,0.,0.));
#2835 = PCURVE('',#852,#2836);
#2836 = DEFINITIONAL_REPRESENTATION('',(#2837),#2840);
#2837 = B_SPLINE_CURVE_WITH_KNOTS('',1,(#2838,#2839),.UNSPECIFIED.,.F.,
  .F.,(2,2),(3.245,13.845),.PIECEWISE_BEZIER_KNOTS.);
#2838 = CARTESIAN_POINT('',(-1.8,1.65));
#2839 = CARTESIAN_POINT('',(8.8,1.65));
#2840 = ( GEOMETRIC_REPRESENTATION_CONTEXT(2) 
PARAMETRIC_REPRESENTATION_CONTEXT() REPRESENTATION_CONTEXT('2D SPACE',''
  ) );
#2841 = PCURVE('',#973,#2842);
#2842 = DEFINITIONAL_REPRESENTATION('',(#2843),#2846);
#2843 = B_SPLINE_CURVE_WITH_KNOTS('',1,(#2844,#2845),.UNSPECIFIED.,.F.,
  .F.,(2,2),(3.245,13.845),.PIECEWISE_BEZIER_KNOTS.);
#2844 = CARTESIAN_POINT('',(9.2,8.29));
#2845 = CARTESIAN_POINT('',(9.2,18.89));
#2846 = ( GEOMETRIC_REPRESENTATION_CONTEXT(2) 
PARAMETRIC_REPRESENTATION_CONTEXT() REPRESENTATION_CONTEXT('2D SPACE',''
  ) );
#2847 = ORIENTED_EDGE('',*,*,#2848,.F.);
#2848 = EDGE_CURVE('',#2849,#2828,#2851,.T.);
#2849 = VERTEX_POINT('',#2850);
#2850 = CARTESIAN_POINT('',(14.79,-4.85,-1.3));
#2851 = SURFACE_CURVE('',#2852,(#2856,#2863),.PCURVE_S1.);
#2852 = LINE('',#2853,#2854);
#2853 = CARTESIAN_POINT('',(14.79,-4.85,-1.3));
#2854 = VECTOR('',#2855,1.);
#2855 = DIRECTION('',(0.,1.,0.));
#2856 = PCURVE('',#852,#2857);
#2857 = DEFINITIONAL_REPRESENTATION('',(#2858),#2862);
#2858 = LINE('',#2859,#2860);
#2859 = CARTESIAN_POINT('',(-1.8,0.));
#2860 = VECTOR('',#2861,1.);
#2861 = DIRECTION('',(0.,1.));
#2862 = ( GEOMETRIC_REPRESENTATION_CONTEXT(2) 
PARAMETRIC_REPRESENTATION_CONTEXT() REPRESENTATION_CONTEXT('2D SPACE',''
  ) );
#2863 = PCURVE('',#2864,#2869);
#2864 = PLANE('',#2865);
#2865 = AXIS2_PLACEMENT_3D('',#2866,#2867,#2868);
#2866 = CARTESIAN_POINT('',(14.79,-4.85,-1.3));
#2867 = DIRECTION('',(1.,0.,0.));
#2868 = DIRECTION('',(0.,0.,1.));
#2869 = DEFINITIONAL_REPRESENTATION('',(#2870),#2874);
#2870 = LINE('',#2871,#2872);
#2871 = CARTESIAN_POINT('',(0.,0.));
#2872 = VECTOR('',#2873,1.);
#2873 = DIRECTION('',(0.,-1.));
#2874 = ( GEOMETRIC_REPRESENTATION_CONTEXT(2) 
PARAMETRIC_REPRESENTATION_CONTEXT() REPRESENTATION_CONTEXT('2D SPACE',''
  ) );
#2875 = ORIENTED_EDGE('',*,*,#2876,.T.);
#2876 = EDGE_CURVE('',#2849,#812,#2877,.T.);
#2877 = SURFACE_CURVE('',#2878,(#2883,#2890),.PCURVE_S1.);
#2878 = CIRCLE('',#2879,1.8);
#2879 = AXIS2_PLACEMENT_3D('',#2880,#2881,#2882);
#2880 = CARTESIAN_POINT('',(16.59,-4.85,-1.3));
#2881 = DIRECTION('',(0.,0.,1.));
#2882 = DIRECTION('',(1.,0.,0.));
#2883 = PCURVE('',#852,#2884);
#2884 = DEFINITIONAL_REPRESENTATION('',(#2885),#2889);
#2885 = CIRCLE('',#2886,1.8);
#2886 = AXIS2_PLACEMENT_2D('',#2887,#2888);
#2887 = CARTESIAN_POINT('',(0.,0.));
#2888 = DIRECTION('',(1.,0.));
#2889 = ( GEOMETRIC_REPRESENTATION_CONTEXT(2) 
PARAMETRIC_REPRESENTATION_CONTEXT() REPRESENTATION_CONTEXT('2D SPACE',''
  ) );
#2890 = PCURVE('',#826,#2891);
#2891 = DEFINITIONAL_REPRESENTATION('',(#2892),#2896);
#2892 = LINE('',#2893,#2894);
#2893 = CARTESIAN_POINT('',(-0.,0.));
#2894 = VECTOR('',#2895,1.);
#2895 = DIRECTION('',(-1.,0.));
#2896 = ( GEOMETRIC_REPRESENTATION_CONTEXT(2) 
PARAMETRIC_REPRESENTATION_CONTEXT() REPRESENTATION_CONTEXT('2D SPACE',''
  ) );
#2897 = ORIENTED_EDGE('',*,*,#837,.T.);
#2898 = ORIENTED_EDGE('',*,*,#907,.T.);
#2899 = ADVANCED_FACE('',(#2900),#826,.F.);
#2900 = FACE_BOUND('',#2901,.T.);
#2901 = EDGE_LOOP('',(#2902,#2903,#2926,#2952));
#2902 = ORIENTED_EDGE('',*,*,#2876,.F.);
#2903 = ORIENTED_EDGE('',*,*,#2904,.T.);
#2904 = EDGE_CURVE('',#2849,#2905,#2907,.T.);
#2905 = VERTEX_POINT('',#2906);
#2906 = CARTESIAN_POINT('',(14.79,-4.85,0.44));
#2907 = SURFACE_CURVE('',#2908,(#2912,#2919),.PCURVE_S1.);
#2908 = LINE('',#2909,#2910);
#2909 = CARTESIAN_POINT('',(14.79,-4.85,-1.3));
#2910 = VECTOR('',#2911,1.);
#2911 = DIRECTION('',(0.,0.,1.));
#2912 = PCURVE('',#826,#2913);
#2913 = DEFINITIONAL_REPRESENTATION('',(#2914),#2918);
#2914 = LINE('',#2915,#2916);
#2915 = CARTESIAN_POINT('',(-3.14159265359,-2.22044604925E-16));
#2916 = VECTOR('',#2917,1.);
#2917 = DIRECTION('',(-0.,-1.));
#2918 = ( GEOMETRIC_REPRESENTATION_CONTEXT(2) 
PARAMETRIC_REPRESENTATION_CONTEXT() REPRESENTATION_CONTEXT('2D SPACE',''
  ) );
#2919 = PCURVE('',#2864,#2920);
#2920 = DEFINITIONAL_REPRESENTATION('',(#2921),#2925);
#2921 = LINE('',#2922,#2923);
#2922 = CARTESIAN_POINT('',(0.,0.));
#2923 = VECTOR('',#2924,1.);
#2924 = DIRECTION('',(1.,0.));
#2925 = ( GEOMETRIC_REPRESENTATION_CONTEXT(2) 
PARAMETRIC_REPRESENTATION_CONTEXT() REPRESENTATION_CONTEXT('2D SPACE',''
  ) );
#2926 = ORIENTED_EDGE('',*,*,#2927,.F.);
#2927 = EDGE_CURVE('',#784,#2905,#2928,.T.);
#2928 = SURFACE_CURVE('',#2929,(#2934,#2941),.PCURVE_S1.);
#2929 = CIRCLE('',#2930,1.8);
#2930 = AXIS2_PLACEMENT_3D('',#2931,#2932,#2933);
#2931 = CARTESIAN_POINT('',(16.59,-4.85,0.44));
#2932 = DIRECTION('',(0.,0.,-1.));
#2933 = DIRECTION('',(1.,0.,0.));
#2934 = PCURVE('',#826,#2935);
#2935 = DEFINITIONAL_REPRESENTATION('',(#2936),#2940);
#2936 = LINE('',#2937,#2938);
#2937 = CARTESIAN_POINT('',(-6.28318530718,-1.74));
#2938 = VECTOR('',#2939,1.);
#2939 = DIRECTION('',(1.,-0.));
#2940 = ( GEOMETRIC_REPRESENTATION_CONTEXT(2) 
PARAMETRIC_REPRESENTATION_CONTEXT() REPRESENTATION_CONTEXT('2D SPACE',''
  ) );
#2941 = PCURVE('',#799,#2942);
#2942 = DEFINITIONAL_REPRESENTATION('',(#2943),#2951);
#2943 = ( BOUNDED_CURVE() B_SPLINE_CURVE(2,(#2944,#2945,#2946,#2947,
#2948,#2949,#2950),.UNSPECIFIED.,.T.,.F.) B_SPLINE_CURVE_WITH_KNOTS((1,2
    ,2,2,2,1),(-2.094395102393,0.,2.094395102393,4.188790204786,
6.28318530718,8.377580409573),.UNSPECIFIED.) CURVE() 
GEOMETRIC_REPRESENTATION_ITEM() RATIONAL_B_SPLINE_CURVE((1.,0.5,1.,0.5,
1.,0.5,1.)) REPRESENTATION_ITEM('') );
#2944 = CARTESIAN_POINT('',(11.89,0.15));
#2945 = CARTESIAN_POINT('',(11.89,-2.967691453624));
#2946 = CARTESIAN_POINT('',(9.19,-1.408845726812));
#2947 = CARTESIAN_POINT('',(6.49,0.15));
#2948 = CARTESIAN_POINT('',(9.19,1.708845726812));
#2949 = CARTESIAN_POINT('',(11.89,3.267691453624));
#2950 = CARTESIAN_POINT('',(11.89,0.15));
#2951 = ( GEOMETRIC_REPRESENTATION_CONTEXT(2) 
PARAMETRIC_REPRESENTATION_CONTEXT() REPRESENTATION_CONTEXT('2D SPACE',''
  ) );
#2952 = ORIENTED_EDGE('',*,*,#811,.T.);
#2953 = ADVANCED_FACE('',(#2954),#799,.T.);
#2954 = FACE_BOUND('',#2955,.T.);
#2955 = EDGE_LOOP('',(#2956,#2977,#2978,#2979,#3000));
#2956 = ORIENTED_EDGE('',*,*,#2957,.F.);
#2957 = EDGE_CURVE('',#755,#2958,#2960,.T.);
#2958 = VERTEX_POINT('',#2959);
#2959 = CARTESIAN_POINT('',(11.675411063462,-3.025,0.44));
#2960 = SURFACE_CURVE('',#2961,(#2965,#2971),.PCURVE_S1.);
#2961 = LINE('',#2962,#2963);
#2962 = CARTESIAN_POINT('',(11.675411063462,-6.5,0.44));
#2963 = VECTOR('',#2964,1.);
#2964 = DIRECTION('',(0.,1.,0.));
#2965 = PCURVE('',#799,#2966);
#2966 = DEFINITIONAL_REPRESENTATION('',(#2967),#2970);
#2967 = B_SPLINE_CURVE_WITH_KNOTS('',1,(#2968,#2969),.UNSPECIFIED.,.F.,
  .F.,(2,2),(-5.999999999062E-07,4.6000006),.PIECEWISE_BEZIER_KNOTS.);
#2968 = CARTESIAN_POINT('',(5.175411063462,-1.5000006));
#2969 = CARTESIAN_POINT('',(5.175411063462,3.1000006));
#2970 = ( GEOMETRIC_REPRESENTATION_CONTEXT(2) 
PARAMETRIC_REPRESENTATION_CONTEXT() REPRESENTATION_CONTEXT('2D SPACE',''
  ) );
#2971 = PCURVE('',#771,#2972);
#2972 = DEFINITIONAL_REPRESENTATION('',(#2973),#2976);
#2973 = B_SPLINE_CURVE_WITH_KNOTS('',1,(#2974,#2975),.UNSPECIFIED.,.F.,
  .F.,(2,2),(-5.999999999062E-07,4.6000006),.PIECEWISE_BEZIER_KNOTS.);
#2974 = CARTESIAN_POINT('',(2.298898932047,-5.999999999062E-07));
#2975 = CARTESIAN_POINT('',(2.298898932047,4.6000006));
#2976 = ( GEOMETRIC_REPRESENTATION_CONTEXT(2) 
PARAMETRIC_REPRESENTATION_CONTEXT() REPRESENTATION_CONTEXT('2D SPACE',''
  ) );
#2977 = ORIENTED_EDGE('',*,*,#783,.T.);
#2978 = ORIENTED_EDGE('',*,*,#2927,.T.);
#2979 = ORIENTED_EDGE('',*,*,#2980,.T.);
#2980 = EDGE_CURVE('',#2905,#2981,#2983,.T.);
#2981 = VERTEX_POINT('',#2982);
#2982 = CARTESIAN_POINT('',(14.79,-3.025,0.44));
#2983 = SURFACE_CURVE('',#2984,(#2988,#2994),.PCURVE_S1.);
#2984 = LINE('',#2985,#2986);
#2985 = CARTESIAN_POINT('',(14.79,-4.925,0.44));
#2986 = VECTOR('',#2987,1.);
#2987 = DIRECTION('',(0.,1.,0.));
#2988 = PCURVE('',#799,#2989);
#2989 = DEFINITIONAL_REPRESENTATION('',(#2990),#2993);
#2990 = B_SPLINE_CURVE_WITH_KNOTS('',1,(#2991,#2992),.UNSPECIFIED.,.F.,
  .F.,(2,2),(7.5E-02,4.975),.PIECEWISE_BEZIER_KNOTS.);
#2991 = CARTESIAN_POINT('',(8.29,0.15));
#2992 = CARTESIAN_POINT('',(8.29,5.05));
#2993 = ( GEOMETRIC_REPRESENTATION_CONTEXT(2) 
PARAMETRIC_REPRESENTATION_CONTEXT() REPRESENTATION_CONTEXT('2D SPACE',''
  ) );
#2994 = PCURVE('',#2864,#2995);
#2995 = DEFINITIONAL_REPRESENTATION('',(#2996),#2999);
#2996 = B_SPLINE_CURVE_WITH_KNOTS('',1,(#2997,#2998),.UNSPECIFIED.,.F.,
  .F.,(2,2),(7.5E-02,4.975),.PIECEWISE_BEZIER_KNOTS.);
#2997 = CARTESIAN_POINT('',(1.74,0.));
#2998 = CARTESIAN_POINT('',(1.74,-4.9));
#2999 = ( GEOMETRIC_REPRESENTATION_CONTEXT(2) 
PARAMETRIC_REPRESENTATION_CONTEXT() REPRESENTATION_CONTEXT('2D SPACE',''
  ) );
#3000 = ORIENTED_EDGE('',*,*,#3001,.T.);
#3001 = EDGE_CURVE('',#2981,#2958,#3002,.T.);
#3002 = SURFACE_CURVE('',#3003,(#3007,#3013),.PCURVE_S1.);
#3003 = LINE('',#3004,#3005);
#3004 = CARTESIAN_POINT('',(6.4975,-3.025,0.44));
#3005 = VECTOR('',#3006,1.);
#3006 = DIRECTION('',(-1.,0.,0.));
#3007 = PCURVE('',#799,#3008);
#3008 = DEFINITIONAL_REPRESENTATION('',(#3009),#3012);
#3009 = B_SPLINE_CURVE_WITH_KNOTS('',1,(#3010,#3011),.UNSPECIFIED.,.F.,
  .F.,(2,2),(-47.0075,2.500000000003E-03),.PIECEWISE_BEZIER_KNOTS.);
#3010 = CARTESIAN_POINT('',(47.005,1.975));
#3011 = CARTESIAN_POINT('',(-5.000000000006E-03,1.975));
#3012 = ( GEOMETRIC_REPRESENTATION_CONTEXT(2) 
PARAMETRIC_REPRESENTATION_CONTEXT() REPRESENTATION_CONTEXT('2D SPACE',''
  ) );
#3013 = PCURVE('',#3014,#3019);
#3014 = PLANE('',#3015);
#3015 = AXIS2_PLACEMENT_3D('',#3016,#3017,#3018);
#3016 = CARTESIAN_POINT('',(6.495,-3.025,0.35));
#3017 = DIRECTION('',(0.,1.,0.));
#3018 = DIRECTION('',(0.,0.,1.));
#3019 = DEFINITIONAL_REPRESENTATION('',(#3020),#3023);
#3020 = B_SPLINE_CURVE_WITH_KNOTS('',1,(#3021,#3022),.UNSPECIFIED.,.F.,
  .F.,(2,2),(-47.0075,2.500000000003E-03),.PIECEWISE_BEZIER_KNOTS.);
#3021 = CARTESIAN_POINT('',(9.E-02,47.01));
#3022 = CARTESIAN_POINT('',(9.E-02,0.));
#3023 = ( GEOMETRIC_REPRESENTATION_CONTEXT(2) 
PARAMETRIC_REPRESENTATION_CONTEXT() REPRESENTATION_CONTEXT('2D SPACE',''
  ) );
#3024 = ADVANCED_FACE('',(#3025),#771,.F.);
#3025 = FACE_BOUND('',#3026,.F.);
#3026 = EDGE_LOOP('',(#3027,#3058,#3084,#3139,#3163,#3189,#3218,#3244,
    #3266,#3267,#3268,#3318,#3339,#3376));
#3027 = ORIENTED_EDGE('',*,*,#3028,.F.);
#3028 = EDGE_CURVE('',#3029,#3031,#3033,.T.);
#3029 = VERTEX_POINT('',#3030);
#3030 = CARTESIAN_POINT('',(3.691856114067,-1.9,0.2));
#3031 = VERTEX_POINT('',#3032);
#3032 = CARTESIAN_POINT('',(2.723351673579,-1.9,1.5));
#3033 = SURFACE_CURVE('',#3034,(#3039,#3046),.PCURVE_S1.);
#3034 = CIRCLE('',#3035,5.5);
#3035 = AXIS2_PLACEMENT_3D('',#3036,#3037,#3038);
#3036 = CARTESIAN_POINT('',(7.57,-1.9,4.1));
#3037 = DIRECTION('',(0.,1.,0.));
#3038 = DIRECTION('',(0.,-0.,1.));
#3039 = PCURVE('',#771,#3040);
#3040 = DEFINITIONAL_REPRESENTATION('',(#3041),#3045);
#3041 = LINE('',#3042,#3043);
#3042 = CARTESIAN_POINT('',(0.,4.6));
#3043 = VECTOR('',#3044,1.);
#3044 = DIRECTION('',(1.,0.));
#3045 = ( GEOMETRIC_REPRESENTATION_CONTEXT(2) 
PARAMETRIC_REPRESENTATION_CONTEXT() REPRESENTATION_CONTEXT('2D SPACE',''
  ) );
#3046 = PCURVE('',#3047,#3052);
#3047 = PLANE('',#3048);
#3048 = AXIS2_PLACEMENT_3D('',#3049,#3050,#3051);
#3049 = CARTESIAN_POINT('',(7.57,-1.9,4.1));
#3050 = DIRECTION('',(0.,1.,0.));
#3051 = DIRECTION('',(0.,-0.,1.));
#3052 = DEFINITIONAL_REPRESENTATION('',(#3053),#3057);
#3053 = CIRCLE('',#3054,5.5);
#3054 = AXIS2_PLACEMENT_2D('',#3055,#3056);
#3055 = CARTESIAN_POINT('',(0.,0.));
#3056 = DIRECTION('',(1.,0.));
#3057 = ( GEOMETRIC_REPRESENTATION_CONTEXT(2) 
PARAMETRIC_REPRESENTATION_CONTEXT() REPRESENTATION_CONTEXT('2D SPACE',''
  ) );
#3058 = ORIENTED_EDGE('',*,*,#3059,.F.);
#3059 = EDGE_CURVE('',#3060,#3029,#3062,.T.);
#3060 = VERTEX_POINT('',#3061);
#3061 = CARTESIAN_POINT('',(3.691856114067,-2.760954737693,0.2));
#3062 = SURFACE_CURVE('',#3063,(#3067,#3073),.PCURVE_S1.);
#3063 = LINE('',#3064,#3065);
#3064 = CARTESIAN_POINT('',(3.691856114067,-6.5,0.2));
#3065 = VECTOR('',#3066,1.);
#3066 = DIRECTION('',(0.,1.,0.));
#3067 = PCURVE('',#771,#3068);
#3068 = DEFINITIONAL_REPRESENTATION('',(#3069),#3072);
#3069 = B_SPLINE_CURVE_WITH_KNOTS('',1,(#3070,#3071),.UNSPECIFIED.,.F.,
  .F.,(2,2),(3.01,4.6000006),.PIECEWISE_BEZIER_KNOTS.);
#3070 = CARTESIAN_POINT('',(3.924180884841,3.01));
#3071 = CARTESIAN_POINT('',(3.924180884841,4.6000006));
#3072 = ( GEOMETRIC_REPRESENTATION_CONTEXT(2) 
PARAMETRIC_REPRESENTATION_CONTEXT() REPRESENTATION_CONTEXT('2D SPACE',''
  ) );
#3073 = PCURVE('',#3074,#3079);
#3074 = PLANE('',#3075);
#3075 = AXIS2_PLACEMENT_3D('',#3076,#3077,#3078);
#3076 = CARTESIAN_POINT('',(6.5,6.,0.2));
#3077 = DIRECTION('',(0.,0.,1.));
#3078 = DIRECTION('',(1.,0.,-0.));
#3079 = DEFINITIONAL_REPRESENTATION('',(#3080),#3083);
#3080 = B_SPLINE_CURVE_WITH_KNOTS('',1,(#3081,#3082),.UNSPECIFIED.,.F.,
  .F.,(2,2),(3.01,4.6000006),.PIECEWISE_BEZIER_KNOTS.);
#3081 = CARTESIAN_POINT('',(-2.808143885933,-9.49));
#3082 = CARTESIAN_POINT('',(-2.808143885933,-7.8999994));
#3083 = ( GEOMETRIC_REPRESENTATION_CONTEXT(2) 
PARAMETRIC_REPRESENTATION_CONTEXT() REPRESENTATION_CONTEXT('2D SPACE',''
  ) );
#3084 = ORIENTED_EDGE('',*,*,#3085,.F.);
#3085 = EDGE_CURVE('',#3086,#3060,#3088,.T.);
#3086 = VERTEX_POINT('',#3087);
#3087 = CARTESIAN_POINT('',(6.5,-3.2,-1.294914271793));
#3088 = SURFACE_CURVE('',#3089,(#3102,#3118),.PCURVE_S1.);
#3089 = B_SPLINE_CURVE_WITH_KNOTS('',6,(#3090,#3091,#3092,#3093,#3094,
    #3095,#3096,#3097,#3098,#3099,#3100,#3101),.UNSPECIFIED.,.F.,.F.,(7,
    5,7),(0.,0.425713446149,1.),.UNSPECIFIED.);
#3090 = CARTESIAN_POINT('',(6.5,-3.2,-1.294914271793));
#3091 = CARTESIAN_POINT('',(6.251358810395,-3.2,-1.245600036298));
#3092 = CARTESIAN_POINT('',(6.008590620712,-3.191936614161,
    -1.18315817004));
#3093 = CARTESIAN_POINT('',(5.772890032992,-3.176522209655,
    -1.10850484453));
#3094 = CARTESIAN_POINT('',(5.545370817135,-3.15465165795,
    -1.022756590685));
#3095 = CARTESIAN_POINT('',(5.327043295745,-3.127351276851,
    -0.927252046268));
#3096 = CARTESIAN_POINT('',(4.837860798297,-3.053067730947,
    -0.683711834209));
#3097 = CARTESIAN_POINT('',(4.574653937224,-3.002446833627,
    -0.52867110838));
#3098 = CARTESIAN_POINT('',(4.328942309542,-2.946125665249,
    -0.360947220329));
#3099 = CARTESIAN_POINT('',(4.100281516708,-2.886049419154,
    -0.182566375922));
#3100 = CARTESIAN_POINT('',(3.888112263681,-2.823860625658,
    4.843635329637E-03));
#3101 = CARTESIAN_POINT('',(3.691855510686,-2.760954544291,0.2000006));
#3102 = PCURVE('',#771,#3103);
#3103 = DEFINITIONAL_REPRESENTATION('',(#3104),#3117);
#3104 = B_SPLINE_CURVE_WITH_KNOTS('',6,(#3105,#3106,#3107,#3108,#3109,
    #3110,#3111,#3112,#3113,#3114,#3115,#3116),.UNSPECIFIED.,.F.,.F.,(7,
    5,7),(0.,0.425713446149,1.),.UNSPECIFIED.);
#3105 = CARTESIAN_POINT('',(3.337386683047,3.3));
#3106 = CARTESIAN_POINT('',(3.383474753603,3.3));
#3107 = CARTESIAN_POINT('',(3.428979822039,3.308063385839));
#3108 = CARTESIAN_POINT('',(3.473832343129,3.323477790345));
#3109 = CARTESIAN_POINT('',(3.517948672113,3.34534834205));
#3110 = CARTESIAN_POINT('',(3.561223108503,3.372648723149));
#3111 = CARTESIAN_POINT('',(3.660578277518,3.446932269053));
#3112 = CARTESIAN_POINT('',(3.715981786953,3.497553166373));
#3113 = CARTESIAN_POINT('',(3.769899692202,3.553874334751));
#3114 = CARTESIAN_POINT('',(3.822478165107,3.613950580846));
#3115 = CARTESIAN_POINT('',(3.873858787454,3.676139374342));
#3116 = CARTESIAN_POINT('',(3.924181039554,3.739045455709));
#3117 = ( GEOMETRIC_REPRESENTATION_CONTEXT(2) 
PARAMETRIC_REPRESENTATION_CONTEXT() REPRESENTATION_CONTEXT('2D SPACE',''
  ) );
#3118 = PCURVE('',#3119,#3124);
#3119 = CYLINDRICAL_SURFACE('',#3120,9.2);
#3120 = AXIS2_PLACEMENT_3D('',#3121,#3122,#3123);
#3121 = CARTESIAN_POINT('',(6.5,6.,-10.5));
#3122 = DIRECTION('',(-0.,-0.,-1.));
#3123 = DIRECTION('',(1.,0.,0.));
#3124 = DEFINITIONAL_REPRESENTATION('',(#3125),#3138);
#3125 = B_SPLINE_CURVE_WITH_KNOTS('',6,(#3126,#3127,#3128,#3129,#3130,
    #3131,#3132,#3133,#3134,#3135,#3136,#3137),.UNSPECIFIED.,.F.,.F.,(7,
    5,7),(0.,0.425713446149,1.),.UNSPECIFIED.);
#3126 = CARTESIAN_POINT('',(-4.712388980385,-9.205085728207));
#3127 = CARTESIAN_POINT('',(-4.685362764123,-9.254399963702));
#3128 = CARTESIAN_POINT('',(-4.65897497705,-9.31684182996));
#3129 = CARTESIAN_POINT('',(-4.633319657061,-9.39149515547));
#3130 = CARTESIAN_POINT('',(-4.608491243751,-9.477243409315));
#3131 = CARTESIAN_POINT('',(-4.584583405998,-9.572747953732));
#3132 = CARTESIAN_POINT('',(-4.530801838467,-9.816288165791));
#3133 = CARTESIAN_POINT('',(-4.501690590803,-9.97132889162));
#3134 = CARTESIAN_POINT('',(-4.474313393872,-10.13905277967));
#3135 = CARTESIAN_POINT('',(-4.448631659395,-10.31743362407));
#3136 = CARTESIAN_POINT('',(-4.424607080603,-10.50484363533));
#3137 = CARTESIAN_POINT('',(-4.402205782662,-10.7000006));
#3138 = ( GEOMETRIC_REPRESENTATION_CONTEXT(2) 
PARAMETRIC_REPRESENTATION_CONTEXT() REPRESENTATION_CONTEXT('2D SPACE',''
  ) );
#3139 = ORIENTED_EDGE('',*,*,#3140,.F.);
#3140 = EDGE_CURVE('',#3141,#3086,#3143,.T.);
#3141 = VERTEX_POINT('',#3142);
#3142 = CARTESIAN_POINT('',(11.448143885933,-3.2,0.2));
#3143 = SURFACE_CURVE('',#3144,(#3149,#3156),.PCURVE_S1.);
#3144 = CIRCLE('',#3145,5.5);
#3145 = AXIS2_PLACEMENT_3D('',#3146,#3147,#3148);
#3146 = CARTESIAN_POINT('',(7.57,-3.2,4.1));
#3147 = DIRECTION('',(0.,1.,0.));
#3148 = DIRECTION('',(0.,-0.,1.));
#3149 = PCURVE('',#771,#3150);
#3150 = DEFINITIONAL_REPRESENTATION('',(#3151),#3155);
#3151 = LINE('',#3152,#3153);
#3152 = CARTESIAN_POINT('',(0.,3.3));
#3153 = VECTOR('',#3154,1.);
#3154 = DIRECTION('',(1.,0.));
#3155 = ( GEOMETRIC_REPRESENTATION_CONTEXT(2) 
PARAMETRIC_REPRESENTATION_CONTEXT() REPRESENTATION_CONTEXT('2D SPACE',''
  ) );
#3156 = PCURVE('',#973,#3157);
#3157 = DEFINITIONAL_REPRESENTATION('',(#3158),#3162);
#3158 = CIRCLE('',#3159,5.5);
#3159 = AXIS2_PLACEMENT_2D('',#3160,#3161);
#3160 = CARTESIAN_POINT('',(14.6,1.07));
#3161 = DIRECTION('',(1.,0.));
#3162 = ( GEOMETRIC_REPRESENTATION_CONTEXT(2) 
PARAMETRIC_REPRESENTATION_CONTEXT() REPRESENTATION_CONTEXT('2D SPACE',''
  ) );
#3163 = ORIENTED_EDGE('',*,*,#3164,.T.);
#3164 = EDGE_CURVE('',#3141,#3165,#3167,.T.);
#3165 = VERTEX_POINT('',#3166);
#3166 = CARTESIAN_POINT('',(11.448143885933,-2.025,0.2));
#3167 = SURFACE_CURVE('',#3168,(#3172,#3178),.PCURVE_S1.);
#3168 = LINE('',#3169,#3170);
#3169 = CARTESIAN_POINT('',(11.448143885933,-6.5,0.2));
#3170 = VECTOR('',#3171,1.);
#3171 = DIRECTION('',(0.,1.,0.));
#3172 = PCURVE('',#771,#3173);
#3173 = DEFINITIONAL_REPRESENTATION('',(#3174),#3177);
#3174 = B_SPLINE_CURVE_WITH_KNOTS('',1,(#3175,#3176),.UNSPECIFIED.,.F.,
  .F.,(2,2),(3.01,4.6000006),.PIECEWISE_BEZIER_KNOTS.);
#3175 = CARTESIAN_POINT('',(2.359004422339,3.01));
#3176 = CARTESIAN_POINT('',(2.359004422339,4.6000006));
#3177 = ( GEOMETRIC_REPRESENTATION_CONTEXT(2) 
PARAMETRIC_REPRESENTATION_CONTEXT() REPRESENTATION_CONTEXT('2D SPACE',''
  ) );
#3178 = PCURVE('',#3179,#3184);
#3179 = PLANE('',#3180);
#3180 = AXIS2_PLACEMENT_3D('',#3181,#3182,#3183);
#3181 = CARTESIAN_POINT('',(6.5,6.,0.2));
#3182 = DIRECTION('',(0.,0.,1.));
#3183 = DIRECTION('',(1.,0.,-0.));
#3184 = DEFINITIONAL_REPRESENTATION('',(#3185),#3188);
#3185 = B_SPLINE_CURVE_WITH_KNOTS('',1,(#3186,#3187),.UNSPECIFIED.,.F.,
  .F.,(2,2),(3.01,4.6000006),.PIECEWISE_BEZIER_KNOTS.);
#3186 = CARTESIAN_POINT('',(4.948143885933,-9.49));
#3187 = CARTESIAN_POINT('',(4.948143885933,-7.8999994));
#3188 = ( GEOMETRIC_REPRESENTATION_CONTEXT(2) 
PARAMETRIC_REPRESENTATION_CONTEXT() REPRESENTATION_CONTEXT('2D SPACE',''
  ) );
#3189 = ORIENTED_EDGE('',*,*,#3190,.F.);
#3190 = EDGE_CURVE('',#3191,#3165,#3193,.T.);
#3191 = VERTEX_POINT('',#3192);
#3192 = CARTESIAN_POINT('',(12.416648326421,-2.025,1.5));
#3193 = SURFACE_CURVE('',#3194,(#3199,#3206),.PCURVE_S1.);
#3194 = CIRCLE('',#3195,5.5);
#3195 = AXIS2_PLACEMENT_3D('',#3196,#3197,#3198);
#3196 = CARTESIAN_POINT('',(7.57,-2.025,4.1));
#3197 = DIRECTION('',(0.,1.,0.));
#3198 = DIRECTION('',(0.,-0.,1.));
#3199 = PCURVE('',#771,#3200);
#3200 = DEFINITIONAL_REPRESENTATION('',(#3201),#3205);
#3201 = LINE('',#3202,#3203);
#3202 = CARTESIAN_POINT('',(0.,4.475));
#3203 = VECTOR('',#3204,1.);
#3204 = DIRECTION('',(1.,0.));
#3205 = ( GEOMETRIC_REPRESENTATION_CONTEXT(2) 
PARAMETRIC_REPRESENTATION_CONTEXT() REPRESENTATION_CONTEXT('2D SPACE',''
  ) );
#3206 = PCURVE('',#3207,#3212);
#3207 = PLANE('',#3208);
#3208 = AXIS2_PLACEMENT_3D('',#3209,#3210,#3211);
#3209 = CARTESIAN_POINT('',(6.495,-2.025,0.25));
#3210 = DIRECTION('',(0.,1.,0.));
#3211 = DIRECTION('',(0.,0.,1.));
#3212 = DEFINITIONAL_REPRESENTATION('',(#3213),#3217);
#3213 = CIRCLE('',#3214,5.5);
#3214 = AXIS2_PLACEMENT_2D('',#3215,#3216);
#3215 = CARTESIAN_POINT('',(3.85,1.075));
#3216 = DIRECTION('',(1.,0.));
#3217 = ( GEOMETRIC_REPRESENTATION_CONTEXT(2) 
PARAMETRIC_REPRESENTATION_CONTEXT() REPRESENTATION_CONTEXT('2D SPACE',''
  ) );
#3218 = ORIENTED_EDGE('',*,*,#3219,.F.);
#3219 = EDGE_CURVE('',#3220,#3191,#3222,.T.);
#3220 = VERTEX_POINT('',#3221);
#3221 = CARTESIAN_POINT('',(12.416648326421,-3.025,1.5));
#3222 = SURFACE_CURVE('',#3223,(#3227,#3233),.PCURVE_S1.);
#3223 = LINE('',#3224,#3225);
#3224 = CARTESIAN_POINT('',(12.416648326421,-6.5,1.5));
#3225 = VECTOR('',#3226,1.);
#3226 = DIRECTION('',(0.,1.,0.));
#3227 = PCURVE('',#771,#3228);
#3228 = DEFINITIONAL_REPRESENTATION('',(#3229),#3232);
#3229 = B_SPLINE_CURVE_WITH_KNOTS('',1,(#3230,#3231),.UNSPECIFIED.,.F.,
  .F.,(2,2),(3.2025,4.6000006),.PIECEWISE_BEZIER_KNOTS.);
#3230 = CARTESIAN_POINT('',(2.063179467071,3.2025));
#3231 = CARTESIAN_POINT('',(2.063179467071,4.6000006));
#3232 = ( GEOMETRIC_REPRESENTATION_CONTEXT(2) 
PARAMETRIC_REPRESENTATION_CONTEXT() REPRESENTATION_CONTEXT('2D SPACE',''
  ) );
#3233 = PCURVE('',#3234,#3239);
#3234 = PLANE('',#3235);
#3235 = AXIS2_PLACEMENT_3D('',#3236,#3237,#3238);
#3236 = CARTESIAN_POINT('',(6.495,-3.025,1.5));
#3237 = DIRECTION('',(0.,0.,1.));
#3238 = DIRECTION('',(1.,0.,0.));
#3239 = DEFINITIONAL_REPRESENTATION('',(#3240),#3243);
#3240 = B_SPLINE_CURVE_WITH_KNOTS('',1,(#3241,#3242),.UNSPECIFIED.,.F.,
  .F.,(2,2),(3.2025,4.6000006),.PIECEWISE_BEZIER_KNOTS.);
#3241 = CARTESIAN_POINT('',(5.921648326421,-0.2725));
#3242 = CARTESIAN_POINT('',(5.921648326421,1.1250006));
#3243 = ( GEOMETRIC_REPRESENTATION_CONTEXT(2) 
PARAMETRIC_REPRESENTATION_CONTEXT() REPRESENTATION_CONTEXT('2D SPACE',''
  ) );
#3244 = ORIENTED_EDGE('',*,*,#3245,.T.);
#3245 = EDGE_CURVE('',#3220,#2958,#3246,.T.);
#3246 = SURFACE_CURVE('',#3247,(#3252,#3259),.PCURVE_S1.);
#3247 = CIRCLE('',#3248,5.5);
#3248 = AXIS2_PLACEMENT_3D('',#3249,#3250,#3251);
#3249 = CARTESIAN_POINT('',(7.57,-3.025,4.1));
#3250 = DIRECTION('',(0.,1.,0.));
#3251 = DIRECTION('',(0.,-0.,1.));
#3252 = PCURVE('',#771,#3253);
#3253 = DEFINITIONAL_REPRESENTATION('',(#3254),#3258);
#3254 = LINE('',#3255,#3256);
#3255 = CARTESIAN_POINT('',(0.,3.475));
#3256 = VECTOR('',#3257,1.);
#3257 = DIRECTION('',(1.,0.));
#3258 = ( GEOMETRIC_REPRESENTATION_CONTEXT(2) 
PARAMETRIC_REPRESENTATION_CONTEXT() REPRESENTATION_CONTEXT('2D SPACE',''
  ) );
#3259 = PCURVE('',#3014,#3260);
#3260 = DEFINITIONAL_REPRESENTATION('',(#3261),#3265);
#3261 = CIRCLE('',#3262,5.5);
#3262 = AXIS2_PLACEMENT_2D('',#3263,#3264);
#3263 = CARTESIAN_POINT('',(3.75,1.075));
#3264 = DIRECTION('',(1.,0.));
#3265 = ( GEOMETRIC_REPRESENTATION_CONTEXT(2) 
PARAMETRIC_REPRESENTATION_CONTEXT() REPRESENTATION_CONTEXT('2D SPACE',''
  ) );
#3266 = ORIENTED_EDGE('',*,*,#2957,.F.);
#3267 = ORIENTED_EDGE('',*,*,#754,.T.);
#3268 = ORIENTED_EDGE('',*,*,#3269,.T.);
#3269 = EDGE_CURVE('',#727,#3270,#3272,.T.);
#3270 = VERTEX_POINT('',#3271);
#3271 = CARTESIAN_POINT('',(3.464588936538,-4.572903086466,0.44));
#3272 = SURFACE_CURVE('',#3273,(#3286,#3302),.PCURVE_S1.);
#3273 = B_SPLINE_CURVE_WITH_KNOTS('',6,(#3274,#3275,#3276,#3277,#3278,
    #3279,#3280,#3281,#3282,#3283,#3284,#3285),.UNSPECIFIED.,.F.,.F.,(7,
    5,7),(0.,0.412048561805,1.),.UNSPECIFIED.);
#3274 = CARTESIAN_POINT('',(6.5,-5.,-1.294914271793));
#3275 = CARTESIAN_POINT('',(6.232964290616,-5.,-1.241951760316));
#3276 = CARTESIAN_POINT('',(5.972695748831,-4.992221397052,
    -1.173846092859));
#3277 = CARTESIAN_POINT('',(5.720564001979,-4.977401304835,
    -1.091708279852));
#3278 = CARTESIAN_POINT('',(5.477829889962,-4.956476528956,
    -0.996871923488));
#3279 = CARTESIAN_POINT('',(5.2456147822,-4.930514095234,-0.890915705422
    ));
#3280 = CARTESIAN_POINT('',(4.709889365148,-4.858017015977,
    -0.611264611753));
#3281 = CARTESIAN_POINT('',(4.417519611322,-4.807330153929,
    -0.42757471469));
#3282 = CARTESIAN_POINT('',(4.147470109948,-4.751340327556,
    -0.228111633422));
#3283 = CARTESIAN_POINT('',(3.899134713218,-4.692385646146,
    -1.565129911873E-02));
#3284 = CARTESIAN_POINT('',(3.671758126429,-4.632380012133,
    0.207618870374));
#3285 = CARTESIAN_POINT('',(3.464588401634,-4.572902932899,0.4400006));
#3286 = PCURVE('',#771,#3287);
#3287 = DEFINITIONAL_REPRESENTATION('',(#3288),#3301);
#3288 = B_SPLINE_CURVE_WITH_KNOTS('',6,(#3289,#3290,#3291,#3292,#3293,
    #3294,#3295,#3296,#3297,#3298,#3299,#3300),.UNSPECIFIED.,.F.,.F.,(7,
    5,7),(0.,0.412048561805,1.),.UNSPECIFIED.);
#3289 = CARTESIAN_POINT('',(3.337386683047,1.5));
#3290 = CARTESIAN_POINT('',(3.386884357325,1.5));
#3291 = CARTESIAN_POINT('',(3.435710876433,1.507778602948));
#3292 = CARTESIAN_POINT('',(3.483800550214,1.522598695165));
#3293 = CARTESIAN_POINT('',(3.531070808971,1.543523471044));
#3294 = CARTESIAN_POINT('',(3.577413889737,1.569485904766));
#3295 = CARTESIAN_POINT('',(3.687290824151,1.641982984023));
#3296 = CARTESIAN_POINT('',(3.749869969412,1.692669846071));
#3297 = CARTESIAN_POINT('',(3.810663658729,1.748659672444));
#3298 = CARTESIAN_POINT('',(3.869870673039,1.807614353854));
#3299 = CARTESIAN_POINT('',(3.927682762057,1.867619987867));
#3300 = CARTESIAN_POINT('',(3.984286521281,1.927097067101));
#3301 = ( GEOMETRIC_REPRESENTATION_CONTEXT(2) 
PARAMETRIC_REPRESENTATION_CONTEXT() REPRESENTATION_CONTEXT('2D SPACE',''
  ) );
#3302 = PCURVE('',#742,#3303);
#3303 = DEFINITIONAL_REPRESENTATION('',(#3304),#3317);
#3304 = B_SPLINE_CURVE_WITH_KNOTS('',6,(#3305,#3306,#3307,#3308,#3309,
    #3310,#3311,#3312,#3313,#3314,#3315,#3316),.UNSPECIFIED.,.F.,.F.,(7,
    5,7),(0.,0.412048561805,1.),.UNSPECIFIED.);
#3305 = CARTESIAN_POINT('',(-4.712388980385,-12.2050857282));
#3306 = CARTESIAN_POINT('',(-4.688113006804,-12.25804823968));
#3307 = CARTESIAN_POINT('',(-4.664452288921,-12.32615390714));
#3308 = CARTESIAN_POINT('',(-4.641505313103,-12.40829172014));
#3309 = CARTESIAN_POINT('',(-4.619367990509,-12.50312807651));
#3310 = CARTESIAN_POINT('',(-4.598131647346,-12.60908429457));
#3311 = CARTESIAN_POINT('',(-4.548985420182,-12.88873538824));
#3312 = CARTESIAN_POINT('',(-4.522028498557,-13.0724252853));
#3313 = CARTESIAN_POINT('',(-4.496974277426,-13.27188836657));
#3314 = CARTESIAN_POINT('',(-4.473782400801,-13.48434870088));
#3315 = CARTESIAN_POINT('',(-4.452409076771,-13.70761887037));
#3316 = CARTESIAN_POINT('',(-4.432814673407,-13.9400006));
#3317 = ( GEOMETRIC_REPRESENTATION_CONTEXT(2) 
PARAMETRIC_REPRESENTATION_CONTEXT() REPRESENTATION_CONTEXT('2D SPACE',''
  ) );
#3318 = ORIENTED_EDGE('',*,*,#3319,.T.);
#3319 = EDGE_CURVE('',#3270,#3320,#3322,.T.);
#3320 = VERTEX_POINT('',#3321);
#3321 = CARTESIAN_POINT('',(3.464588936538,-2.500705314242,0.44));
#3322 = SURFACE_CURVE('',#3323,(#3327,#3333),.PCURVE_S1.);
#3323 = LINE('',#3324,#3325);
#3324 = CARTESIAN_POINT('',(3.464588936538,-6.5,0.44));
#3325 = VECTOR('',#3326,1.);
#3326 = DIRECTION('',(0.,1.,0.));
#3327 = PCURVE('',#771,#3328);
#3328 = DEFINITIONAL_REPRESENTATION('',(#3329),#3332);
#3329 = B_SPLINE_CURVE_WITH_KNOTS('',1,(#3330,#3331),.UNSPECIFIED.,.F.,
  .F.,(2,2),(-5.999999999062E-07,4.6000006),.PIECEWISE_BEZIER_KNOTS.);
#3330 = CARTESIAN_POINT('',(3.984286375132,-5.999999999062E-07));
#3331 = CARTESIAN_POINT('',(3.984286375132,4.6000006));
#3332 = ( GEOMETRIC_REPRESENTATION_CONTEXT(2) 
PARAMETRIC_REPRESENTATION_CONTEXT() REPRESENTATION_CONTEXT('2D SPACE',''
  ) );
#3333 = PCURVE('',#2639,#3334);
#3334 = DEFINITIONAL_REPRESENTATION('',(#3335),#3338);
#3335 = B_SPLINE_CURVE_WITH_KNOTS('',1,(#3336,#3337),.UNSPECIFIED.,.F.,
  .F.,(2,2),(-5.999999999062E-07,4.6000006),.PIECEWISE_BEZIER_KNOTS.);
#3336 = CARTESIAN_POINT('',(-3.035411063462,-1.5000006));
#3337 = CARTESIAN_POINT('',(-3.035411063462,3.1000006));
#3338 = ( GEOMETRIC_REPRESENTATION_CONTEXT(2) 
PARAMETRIC_REPRESENTATION_CONTEXT() REPRESENTATION_CONTEXT('2D SPACE',''
  ) );
#3339 = ORIENTED_EDGE('',*,*,#3340,.T.);
#3340 = EDGE_CURVE('',#3320,#3341,#3343,.T.);
#3341 = VERTEX_POINT('',#3342);
#3342 = CARTESIAN_POINT('',(2.723351673579,-2.19859926417,1.5));
#3343 = SURFACE_CURVE('',#3344,(#3351,#3361),.PCURVE_S1.);
#3344 = B_SPLINE_CURVE_WITH_KNOTS('',5,(#3345,#3346,#3347,#3348,#3349,
    #3350),.UNSPECIFIED.,.F.,.F.,(6,6),(0.,1.),
  .PIECEWISE_BEZIER_KNOTS.);
#3345 = CARTESIAN_POINT('',(3.464589471441,-2.500705505042,0.4399994));
#3346 = CARTESIAN_POINT('',(3.286741806547,-2.437267402597,
    0.639490535585));
#3347 = CARTESIAN_POINT('',(3.124238226777,-2.374056757498,
    0.846164485859));
#3348 = CARTESIAN_POINT('',(2.97648030538,-2.31247367326,1.058922560388)
  );
#3349 = CARTESIAN_POINT('',(2.842961258486,-2.253657526461,
    1.277036243542));
#3350 = CARTESIAN_POINT('',(2.723351351707,-2.198599116007,1.5000006));
#3351 = PCURVE('',#771,#3352);
#3352 = DEFINITIONAL_REPRESENTATION('',(#3353),#3360);
#3353 = B_SPLINE_CURVE_WITH_KNOTS('',5,(#3354,#3355,#3356,#3357,#3358,
    #3359),.UNSPECIFIED.,.F.,.F.,(6,6),(0.,1.),
  .PIECEWISE_BEZIER_KNOTS.);
#3354 = CARTESIAN_POINT('',(3.984286228984,3.999294494958));
#3355 = CARTESIAN_POINT('',(4.032878479185,4.062732597403));
#3356 = CARTESIAN_POINT('',(4.080589098049,4.125943242502));
#3357 = CARTESIAN_POINT('',(4.127580053784,4.18752632674));
#3358 = CARTESIAN_POINT('',(4.17400214299,4.246342473539));
#3359 = CARTESIAN_POINT('',(4.220005963906,4.301400883993));
#3360 = ( GEOMETRIC_REPRESENTATION_CONTEXT(2) 
PARAMETRIC_REPRESENTATION_CONTEXT() REPRESENTATION_CONTEXT('2D SPACE',''
  ) );
#3361 = PCURVE('',#3362,#3367);
#3362 = CYLINDRICAL_SURFACE('',#3363,9.02);
#3363 = AXIS2_PLACEMENT_3D('',#3364,#3365,#3366);
#3364 = CARTESIAN_POINT('',(6.495,5.995,0.35));
#3365 = DIRECTION('',(-0.,-0.,-1.));
#3366 = DIRECTION('',(1.,0.,0.));
#3367 = DEFINITIONAL_REPRESENTATION('',(#3368),#3375);
#3368 = B_SPLINE_CURVE_WITH_KNOTS('',5,(#3369,#3370,#3371,#3372,#3373,
    #3374),.UNSPECIFIED.,.F.,.F.,(6,6),(0.,1.),
  .PIECEWISE_BEZIER_KNOTS.);
#3369 = CARTESIAN_POINT('',(-4.369758651442,-8.99994E-02));
#3370 = CARTESIAN_POINT('',(-4.348824820251,-0.289490535585));
#3371 = CARTESIAN_POINT('',(-4.329501675841,-0.496164485859));
#3372 = CARTESIAN_POINT('',(-4.311759931799,-0.708922560388));
#3373 = CARTESIAN_POINT('',(-4.295587037413,-0.927036243542));
#3374 = CARTESIAN_POINT('',(-4.280989068305,-1.1500006));
#3375 = ( GEOMETRIC_REPRESENTATION_CONTEXT(2) 
PARAMETRIC_REPRESENTATION_CONTEXT() REPRESENTATION_CONTEXT('2D SPACE',''
  ) );
#3376 = ORIENTED_EDGE('',*,*,#3377,.T.);
#3377 = EDGE_CURVE('',#3341,#3031,#3378,.T.);
#3378 = SURFACE_CURVE('',#3379,(#3383,#3389),.PCURVE_S1.);
#3379 = LINE('',#3380,#3381);
#3380 = CARTESIAN_POINT('',(2.723351673579,-6.5,1.5));
#3381 = VECTOR('',#3382,1.);
#3382 = DIRECTION('',(0.,1.,0.));
#3383 = PCURVE('',#771,#3384);
#3384 = DEFINITIONAL_REPRESENTATION('',(#3385),#3388);
#3385 = B_SPLINE_CURVE_WITH_KNOTS('',1,(#3386,#3387),.UNSPECIFIED.,.F.,
  .F.,(2,2),(3.2025,4.6000006),.PIECEWISE_BEZIER_KNOTS.);
#3386 = CARTESIAN_POINT('',(4.220005840109,3.2025));
#3387 = CARTESIAN_POINT('',(4.220005840109,4.6000006));
#3388 = ( GEOMETRIC_REPRESENTATION_CONTEXT(2) 
PARAMETRIC_REPRESENTATION_CONTEXT() REPRESENTATION_CONTEXT('2D SPACE',''
  ) );
#3389 = PCURVE('',#3390,#3395);
#3390 = PLANE('',#3391);
#3391 = AXIS2_PLACEMENT_3D('',#3392,#3393,#3394);
#3392 = CARTESIAN_POINT('',(6.495,-3.025,1.5));
#3393 = DIRECTION('',(0.,0.,1.));
#3394 = DIRECTION('',(1.,0.,0.));
#3395 = DEFINITIONAL_REPRESENTATION('',(#3396),#3399);
#3396 = B_SPLINE_CURVE_WITH_KNOTS('',1,(#3397,#3398),.UNSPECIFIED.,.F.,
  .F.,(2,2),(3.2025,4.6000006),.PIECEWISE_BEZIER_KNOTS.);
#3397 = CARTESIAN_POINT('',(-3.771648326421,-0.2725));
#3398 = CARTESIAN_POINT('',(-3.771648326421,1.1250006));
#3399 = ( GEOMETRIC_REPRESENTATION_CONTEXT(2) 
PARAMETRIC_REPRESENTATION_CONTEXT() REPRESENTATION_CONTEXT('2D SPACE',''
  ) );
#3400 = ADVANCED_FACE('',(#3401),#742,.T.);
#3401 = FACE_BOUND('',#3402,.F.);
#3402 = EDGE_LOOP('',(#3403,#3427,#3455,#3477,#3478));
#3403 = ORIENTED_EDGE('',*,*,#3404,.F.);
#3404 = EDGE_CURVE('',#3405,#699,#3407,.T.);
#3405 = VERTEX_POINT('',#3406);
#3406 = CARTESIAN_POINT('',(-4.5,6.,-13.5));
#3407 = SURFACE_CURVE('',#3408,(#3413,#3420),.PCURVE_S1.);
#3408 = CIRCLE('',#3409,11.);
#3409 = AXIS2_PLACEMENT_3D('',#3410,#3411,#3412);
#3410 = CARTESIAN_POINT('',(6.5,6.,-13.5));
#3411 = DIRECTION('',(0.,0.,1.));
#3412 = DIRECTION('',(1.,0.,0.));
#3413 = PCURVE('',#742,#3414);
#3414 = DEFINITIONAL_REPRESENTATION('',(#3415),#3419);
#3415 = LINE('',#3416,#3417);
#3416 = CARTESIAN_POINT('',(-0.,0.));
#3417 = VECTOR('',#3418,1.);
#3418 = DIRECTION('',(-1.,0.));
#3419 = ( GEOMETRIC_REPRESENTATION_CONTEXT(2) 
PARAMETRIC_REPRESENTATION_CONTEXT() REPRESENTATION_CONTEXT('2D SPACE',''
  ) );
#3420 = PCURVE('',#714,#3421);
#3421 = DEFINITIONAL_REPRESENTATION('',(#3422),#3426);
#3422 = CIRCLE('',#3423,11.);
#3423 = AXIS2_PLACEMENT_2D('',#3424,#3425);
#3424 = CARTESIAN_POINT('',(8.881784197001E-16,8.881784197001E-16));
#3425 = DIRECTION('',(1.,0.));
#3426 = ( GEOMETRIC_REPRESENTATION_CONTEXT(2) 
PARAMETRIC_REPRESENTATION_CONTEXT() REPRESENTATION_CONTEXT('2D SPACE',''
  ) );
#3427 = ORIENTED_EDGE('',*,*,#3428,.T.);
#3428 = EDGE_CURVE('',#3405,#3429,#3431,.T.);
#3429 = VERTEX_POINT('',#3430);
#3430 = CARTESIAN_POINT('',(-4.5,6.,0.44));
#3431 = SURFACE_CURVE('',#3432,(#3436,#3443),.PCURVE_S1.);
#3432 = LINE('',#3433,#3434);
#3433 = CARTESIAN_POINT('',(-4.5,6.,-13.5));
#3434 = VECTOR('',#3435,1.);
#3435 = DIRECTION('',(0.,0.,1.));
#3436 = PCURVE('',#742,#3437);
#3437 = DEFINITIONAL_REPRESENTATION('',(#3438),#3442);
#3438 = LINE('',#3439,#3440);
#3439 = CARTESIAN_POINT('',(-3.14159265359,0.));
#3440 = VECTOR('',#3441,1.);
#3441 = DIRECTION('',(-0.,-1.));
#3442 = ( GEOMETRIC_REPRESENTATION_CONTEXT(2) 
PARAMETRIC_REPRESENTATION_CONTEXT() REPRESENTATION_CONTEXT('2D SPACE',''
  ) );
#3443 = PCURVE('',#3444,#3449);
#3444 = PLANE('',#3445);
#3445 = AXIS2_PLACEMENT_3D('',#3446,#3447,#3448);
#3446 = CARTESIAN_POINT('',(-4.5,6.,-13.5));
#3447 = DIRECTION('',(1.,0.,0.));
#3448 = DIRECTION('',(0.,0.,1.));
#3449 = DEFINITIONAL_REPRESENTATION('',(#3450),#3454);
#3450 = LINE('',#3451,#3452);
#3451 = CARTESIAN_POINT('',(0.,0.));
#3452 = VECTOR('',#3453,1.);
#3453 = DIRECTION('',(1.,0.));
#3454 = ( GEOMETRIC_REPRESENTATION_CONTEXT(2) 
PARAMETRIC_REPRESENTATION_CONTEXT() REPRESENTATION_CONTEXT('2D SPACE',''
  ) );
#3455 = ORIENTED_EDGE('',*,*,#3456,.T.);
#3456 = EDGE_CURVE('',#3429,#3270,#3457,.T.);
#3457 = SURFACE_CURVE('',#3458,(#3463,#3470),.PCURVE_S1.);
#3458 = CIRCLE('',#3459,11.);
#3459 = AXIS2_PLACEMENT_3D('',#3460,#3461,#3462);
#3460 = CARTESIAN_POINT('',(6.5,6.,0.44));
#3461 = DIRECTION('',(0.,0.,1.));
#3462 = DIRECTION('',(1.,0.,0.));
#3463 = PCURVE('',#742,#3464);
#3464 = DEFINITIONAL_REPRESENTATION('',(#3465),#3469);
#3465 = LINE('',#3466,#3467);
#3466 = CARTESIAN_POINT('',(-0.,-13.94));
#3467 = VECTOR('',#3468,1.);
#3468 = DIRECTION('',(-1.,0.));
#3469 = ( GEOMETRIC_REPRESENTATION_CONTEXT(2) 
PARAMETRIC_REPRESENTATION_CONTEXT() REPRESENTATION_CONTEXT('2D SPACE',''
  ) );
#3470 = PCURVE('',#2639,#3471);
#3471 = DEFINITIONAL_REPRESENTATION('',(#3472),#3476);
#3472 = CIRCLE('',#3473,11.);
#3473 = AXIS2_PLACEMENT_2D('',#3474,#3475);
#3474 = CARTESIAN_POINT('',(0.,11.));
#3475 = DIRECTION('',(1.,0.));
#3476 = ( GEOMETRIC_REPRESENTATION_CONTEXT(2) 
PARAMETRIC_REPRESENTATION_CONTEXT() REPRESENTATION_CONTEXT('2D SPACE',''
  ) );
#3477 = ORIENTED_EDGE('',*,*,#3269,.F.);
#3478 = ORIENTED_EDGE('',*,*,#726,.F.);
#3479 = ADVANCED_FACE('',(#3480,#3533),#714,.F.);
#3480 = FACE_BOUND('',#3481,.F.);
#3481 = EDGE_LOOP('',(#3482,#3483,#3507,#3528,#3529,#3530,#3531,#3532));
#3482 = ORIENTED_EDGE('',*,*,#2572,.F.);
#3483 = ORIENTED_EDGE('',*,*,#3484,.T.);
#3484 = EDGE_CURVE('',#2573,#3485,#3487,.T.);
#3485 = VERTEX_POINT('',#3486);
#3486 = CARTESIAN_POINT('',(-4.5,99.,-13.5));
#3487 = SURFACE_CURVE('',#3488,(#3493,#3500),.PCURVE_S1.);
#3488 = CIRCLE('',#3489,11.);
#3489 = AXIS2_PLACEMENT_3D('',#3490,#3491,#3492);
#3490 = CARTESIAN_POINT('',(6.5,99.,-13.5));
#3491 = DIRECTION('',(0.,0.,1.));
#3492 = DIRECTION('',(1.,0.,0.));
#3493 = PCURVE('',#714,#3494);
#3494 = DEFINITIONAL_REPRESENTATION('',(#3495),#3499);
#3495 = CIRCLE('',#3496,11.);
#3496 = AXIS2_PLACEMENT_2D('',#3497,#3498);
#3497 = CARTESIAN_POINT('',(8.881784197001E-16,93.));
#3498 = DIRECTION('',(1.,0.));
#3499 = ( GEOMETRIC_REPRESENTATION_CONTEXT(2) 
PARAMETRIC_REPRESENTATION_CONTEXT() REPRESENTATION_CONTEXT('2D SPACE',''
  ) );
#3500 = PCURVE('',#2611,#3501);
#3501 = DEFINITIONAL_REPRESENTATION('',(#3502),#3506);
#3502 = LINE('',#3503,#3504);
#3503 = CARTESIAN_POINT('',(-0.,0.));
#3504 = VECTOR('',#3505,1.);
#3505 = DIRECTION('',(-1.,0.));
#3506 = ( GEOMETRIC_REPRESENTATION_CONTEXT(2) 
PARAMETRIC_REPRESENTATION_CONTEXT() REPRESENTATION_CONTEXT('2D SPACE',''
  ) );
#3507 = ORIENTED_EDGE('',*,*,#3508,.F.);
#3508 = EDGE_CURVE('',#3405,#3485,#3509,.T.);
#3509 = SURFACE_CURVE('',#3510,(#3514,#3521),.PCURVE_S1.);
#3510 = LINE('',#3511,#3512);
#3511 = CARTESIAN_POINT('',(-4.5,6.,-13.5));
#3512 = VECTOR('',#3513,1.);
#3513 = DIRECTION('',(0.,1.,0.));
#3514 = PCURVE('',#714,#3515);
#3515 = DEFINITIONAL_REPRESENTATION('',(#3516),#3520);
#3516 = LINE('',#3517,#3518);
#3517 = CARTESIAN_POINT('',(-11.,8.881784197001E-16));
#3518 = VECTOR('',#3519,1.);
#3519 = DIRECTION('',(0.,1.));
#3520 = ( GEOMETRIC_REPRESENTATION_CONTEXT(2) 
PARAMETRIC_REPRESENTATION_CONTEXT() REPRESENTATION_CONTEXT('2D SPACE',''
  ) );
#3521 = PCURVE('',#3444,#3522);
#3522 = DEFINITIONAL_REPRESENTATION('',(#3523),#3527);
#3523 = LINE('',#3524,#3525);
#3524 = CARTESIAN_POINT('',(0.,0.));
#3525 = VECTOR('',#3526,1.);
#3526 = DIRECTION('',(0.,-1.));
#3527 = ( GEOMETRIC_REPRESENTATION_CONTEXT(2) 
PARAMETRIC_REPRESENTATION_CONTEXT() REPRESENTATION_CONTEXT('2D SPACE',''
  ) );
#3528 = ORIENTED_EDGE('',*,*,#3404,.T.);
#3529 = ORIENTED_EDGE('',*,*,#698,.T.);
#3530 = ORIENTED_EDGE('',*,*,#2799,.T.);
#3531 = ORIENTED_EDGE('',*,*,#2772,.T.);
#3532 = ORIENTED_EDGE('',*,*,#2701,.T.);
#3533 = FACE_BOUND('',#3534,.F.);
#3534 = EDGE_LOOP('',(#3535,#3563,#3596,#3622,#3649,#3675,#3701,#3722,
    #3755,#3781,#3814,#3840,#3873,#3899,#3932,#3958,#3991,#4017,#4043,
    #4064,#4091,#4117));
#3535 = ORIENTED_EDGE('',*,*,#3536,.F.);
#3536 = EDGE_CURVE('',#3537,#3539,#3541,.T.);
#3537 = VERTEX_POINT('',#3538);
#3538 = CARTESIAN_POINT('',(46.5,88.25,-13.5));
#3539 = VERTEX_POINT('',#3540);
#3540 = CARTESIAN_POINT('',(13.5,88.25,-13.5));
#3541 = SURFACE_CURVE('',#3542,(#3546,#3552),.PCURVE_S1.);
#3542 = LINE('',#3543,#3544);
#3543 = CARTESIAN_POINT('',(10.,88.25,-13.5));
#3544 = VECTOR('',#3545,1.);
#3545 = DIRECTION('',(-1.,0.,0.));
#3546 = PCURVE('',#714,#3547);
#3547 = DEFINITIONAL_REPRESENTATION('',(#3548),#3551);
#3548 = B_SPLINE_CURVE_WITH_KNOTS('',1,(#3549,#3550),.UNSPECIFIED.,.F.,
  .F.,(2,2),(-36.5,-3.5),.PIECEWISE_BEZIER_KNOTS.);
#3549 = CARTESIAN_POINT('',(40.,82.25));
#3550 = CARTESIAN_POINT('',(7.,82.25));
#3551 = ( GEOMETRIC_REPRESENTATION_CONTEXT(2) 
PARAMETRIC_REPRESENTATION_CONTEXT() REPRESENTATION_CONTEXT('2D SPACE',''
  ) );
#3552 = PCURVE('',#3553,#3558);
#3553 = PLANE('',#3554);
#3554 = AXIS2_PLACEMENT_3D('',#3555,#3556,#3557);
#3555 = CARTESIAN_POINT('',(13.5,88.25,-13.7));
#3556 = DIRECTION('',(0.,1.,0.));
#3557 = DIRECTION('',(0.,0.,1.));
#3558 = DEFINITIONAL_REPRESENTATION('',(#3559),#3562);
#3559 = B_SPLINE_CURVE_WITH_KNOTS('',1,(#3560,#3561),.UNSPECIFIED.,.F.,
  .F.,(2,2),(-36.5,-3.5),.PIECEWISE_BEZIER_KNOTS.);
#3560 = CARTESIAN_POINT('',(0.2,33.));
#3561 = CARTESIAN_POINT('',(0.2,0.));
#3562 = ( GEOMETRIC_REPRESENTATION_CONTEXT(2) 
PARAMETRIC_REPRESENTATION_CONTEXT() REPRESENTATION_CONTEXT('2D SPACE',''
  ) );
#3563 = ORIENTED_EDGE('',*,*,#3564,.T.);
#3564 = EDGE_CURVE('',#3537,#3565,#3567,.T.);
#3565 = VERTEX_POINT('',#3566);
#3566 = CARTESIAN_POINT('',(47.318557578006,88.205197079319,-13.5));
#3567 = SURFACE_CURVE('',#3568,(#3573,#3584),.PCURVE_S1.);
#3568 = CIRCLE('',#3569,7.5);
#3569 = AXIS2_PLACEMENT_3D('',#3570,#3571,#3572);
#3570 = CARTESIAN_POINT('',(46.5,80.75,-13.5));
#3571 = DIRECTION('',(0.,0.,-1.));
#3572 = DIRECTION('',(1.,0.,0.));
#3573 = PCURVE('',#714,#3574);
#3574 = DEFINITIONAL_REPRESENTATION('',(#3575),#3583);
#3575 = ( BOUNDED_CURVE() B_SPLINE_CURVE(2,(#3576,#3577,#3578,#3579,
#3580,#3581,#3582),.UNSPECIFIED.,.T.,.F.) B_SPLINE_CURVE_WITH_KNOTS((1,2
    ,2,2,2,1),(-2.094395102393,0.,2.094395102393,4.188790204786,
6.28318530718,8.377580409573),.UNSPECIFIED.) CURVE() 
GEOMETRIC_REPRESENTATION_ITEM() RATIONAL_B_SPLINE_CURVE((1.,0.5,1.,0.5,
1.,0.5,1.)) REPRESENTATION_ITEM('') );
#3576 = CARTESIAN_POINT('',(47.5,74.75));
#3577 = CARTESIAN_POINT('',(47.5,61.759618943233));
#3578 = CARTESIAN_POINT('',(36.25,68.254809471617));
#3579 = CARTESIAN_POINT('',(25.,74.75));
#3580 = CARTESIAN_POINT('',(36.25,81.245190528383));
#3581 = CARTESIAN_POINT('',(47.5,87.740381056767));
#3582 = CARTESIAN_POINT('',(47.5,74.75));
#3583 = ( GEOMETRIC_REPRESENTATION_CONTEXT(2) 
PARAMETRIC_REPRESENTATION_CONTEXT() REPRESENTATION_CONTEXT('2D SPACE',''
  ) );
#3584 = PCURVE('',#3585,#3590);
#3585 = CYLINDRICAL_SURFACE('',#3586,7.5);
#3586 = AXIS2_PLACEMENT_3D('',#3587,#3588,#3589);
#3587 = CARTESIAN_POINT('',(46.5,80.75,-13.7));
#3588 = DIRECTION('',(-0.,-0.,-1.));
#3589 = DIRECTION('',(1.,0.,0.));
#3590 = DEFINITIONAL_REPRESENTATION('',(#3591),#3595);
#3591 = LINE('',#3592,#3593);
#3592 = CARTESIAN_POINT('',(-6.28318530718,-0.2));
#3593 = VECTOR('',#3594,1.);
#3594 = DIRECTION('',(1.,-0.));
#3595 = ( GEOMETRIC_REPRESENTATION_CONTEXT(2) 
PARAMETRIC_REPRESENTATION_CONTEXT() REPRESENTATION_CONTEXT('2D SPACE',''
  ) );
#3596 = ORIENTED_EDGE('',*,*,#3597,.T.);
#3597 = EDGE_CURVE('',#3565,#3598,#3600,.T.);
#3598 = VERTEX_POINT('',#3599);
#3599 = CARTESIAN_POINT('',(51.2,88.205197079319,-13.5));
#3600 = SURFACE_CURVE('',#3601,(#3605,#3611),.PCURVE_S1.);
#3601 = LINE('',#3602,#3603);
#3602 = CARTESIAN_POINT('',(47.1,88.205197079319,-13.5));
#3603 = VECTOR('',#3604,1.);
#3604 = DIRECTION('',(1.,0.,0.));
#3605 = PCURVE('',#714,#3606);
#3606 = DEFINITIONAL_REPRESENTATION('',(#3607),#3610);
#3607 = B_SPLINE_CURVE_WITH_KNOTS('',1,(#3608,#3609),.UNSPECIFIED.,.F.,
  .F.,(2,2),(-5.999999999062E-07,4.1000006),.PIECEWISE_BEZIER_KNOTS.);
#3608 = CARTESIAN_POINT('',(40.5999994,82.205197079319));
#3609 = CARTESIAN_POINT('',(44.7000006,82.205197079319));
#3610 = ( GEOMETRIC_REPRESENTATION_CONTEXT(2) 
PARAMETRIC_REPRESENTATION_CONTEXT() REPRESENTATION_CONTEXT('2D SPACE',''
  ) );
#3611 = PCURVE('',#3612,#3617);
#3612 = CYLINDRICAL_SURFACE('',#3613,2.25);
#3613 = AXIS2_PLACEMENT_3D('',#3614,#3615,#3616);
#3614 = CARTESIAN_POINT('',(47.1,87.,-11.6));
#3615 = DIRECTION('',(1.,0.,0.));
#3616 = DIRECTION('',(-0.,0.,1.));
#3617 = DEFINITIONAL_REPRESENTATION('',(#3618),#3621);
#3618 = B_SPLINE_CURVE_WITH_KNOTS('',1,(#3619,#3620),.UNSPECIFIED.,.F.,
  .F.,(2,2),(-5.999999999062E-07,4.1000006),.PIECEWISE_BEZIER_KNOTS.);
#3619 = CARTESIAN_POINT('',(3.706861837609,-5.999999999062E-07));
#3620 = CARTESIAN_POINT('',(3.706861837609,4.1000006));
#3621 = ( GEOMETRIC_REPRESENTATION_CONTEXT(2) 
PARAMETRIC_REPRESENTATION_CONTEXT() REPRESENTATION_CONTEXT('2D SPACE',''
  ) );
#3622 = ORIENTED_EDGE('',*,*,#3623,.T.);
#3623 = EDGE_CURVE('',#3598,#3624,#3626,.T.);
#3624 = VERTEX_POINT('',#3625);
#3625 = CARTESIAN_POINT('',(51.2,88.296148139682,-13.5));
#3626 = SURFACE_CURVE('',#3627,(#3631,#3637),.PCURVE_S1.);
#3627 = LINE('',#3628,#3629);
#3628 = CARTESIAN_POINT('',(51.2,46.5,-13.5));
#3629 = VECTOR('',#3630,1.);
#3630 = DIRECTION('',(0.,1.,0.));
#3631 = PCURVE('',#714,#3632);
#3632 = DEFINITIONAL_REPRESENTATION('',(#3633),#3636);
#3633 = B_SPLINE_CURVE_WITH_KNOTS('',1,(#3634,#3635),.UNSPECIFIED.,.F.,
  .F.,(2,2),(38.2,42.8),.PIECEWISE_BEZIER_KNOTS.);
#3634 = CARTESIAN_POINT('',(44.7,78.7));
#3635 = CARTESIAN_POINT('',(44.7,83.3));
#3636 = ( GEOMETRIC_REPRESENTATION_CONTEXT(2) 
PARAMETRIC_REPRESENTATION_CONTEXT() REPRESENTATION_CONTEXT('2D SPACE',''
  ) );
#3637 = PCURVE('',#3638,#3643);
#3638 = PLANE('',#3639);
#3639 = AXIS2_PLACEMENT_3D('',#3640,#3641,#3642);
#3640 = CARTESIAN_POINT('',(51.2,87.,-11.6));
#3641 = DIRECTION('',(1.,0.,0.));
#3642 = DIRECTION('',(-0.,0.,1.));
#3643 = DEFINITIONAL_REPRESENTATION('',(#3644),#3648);
#3644 = LINE('',#3645,#3646);
#3645 = CARTESIAN_POINT('',(-1.9,40.5));
#3646 = VECTOR('',#3647,1.);
#3647 = DIRECTION('',(0.,-1.));
#3648 = ( GEOMETRIC_REPRESENTATION_CONTEXT(2) 
PARAMETRIC_REPRESENTATION_CONTEXT() REPRESENTATION_CONTEXT('2D SPACE',''
  ) );
#3649 = ORIENTED_EDGE('',*,*,#3650,.T.);
#3650 = EDGE_CURVE('',#3624,#3651,#3653,.T.);
#3651 = VERTEX_POINT('',#3652);
#3652 = CARTESIAN_POINT('',(55.5,88.296148139682,-13.5));
#3653 = SURFACE_CURVE('',#3654,(#3658,#3664),.PCURVE_S1.);
#3654 = LINE('',#3655,#3656);
#3655 = CARTESIAN_POINT('',(51.2,88.296148139682,-13.5));
#3656 = VECTOR('',#3657,1.);
#3657 = DIRECTION('',(1.,0.,0.));
#3658 = PCURVE('',#714,#3659);
#3659 = DEFINITIONAL_REPRESENTATION('',(#3660),#3663);
#3660 = B_SPLINE_CURVE_WITH_KNOTS('',1,(#3661,#3662),.UNSPECIFIED.,.F.,
  .F.,(2,2),(-5.999999999062E-07,4.3000006),.PIECEWISE_BEZIER_KNOTS.);
#3661 = CARTESIAN_POINT('',(44.6999994,82.296148139682));
#3662 = CARTESIAN_POINT('',(49.0000006,82.296148139682));
#3663 = ( GEOMETRIC_REPRESENTATION_CONTEXT(2) 
PARAMETRIC_REPRESENTATION_CONTEXT() REPRESENTATION_CONTEXT('2D SPACE',''
  ) );
#3664 = PCURVE('',#3665,#3670);
#3665 = CYLINDRICAL_SURFACE('',#3666,2.3);
#3666 = AXIS2_PLACEMENT_3D('',#3667,#3668,#3669);
#3667 = CARTESIAN_POINT('',(51.2,87.,-11.6));
#3668 = DIRECTION('',(1.,0.,0.));
#3669 = DIRECTION('',(-0.,0.,1.));
#3670 = DEFINITIONAL_REPRESENTATION('',(#3671),#3674);
#3671 = B_SPLINE_CURVE_WITH_KNOTS('',1,(#3672,#3673),.UNSPECIFIED.,.F.,
  .F.,(2,2),(-5.999999999062E-07,4.3000006),.PIECEWISE_BEZIER_KNOTS.);
#3672 = CARTESIAN_POINT('',(3.740260706425,-5.999999999062E-07));
#3673 = CARTESIAN_POINT('',(3.740260706425,4.3000006));
#3674 = ( GEOMETRIC_REPRESENTATION_CONTEXT(2) 
PARAMETRIC_REPRESENTATION_CONTEXT() REPRESENTATION_CONTEXT('2D SPACE',''
  ) );
#3675 = ORIENTED_EDGE('',*,*,#3676,.F.);
#3676 = EDGE_CURVE('',#3677,#3651,#3679,.T.);
#3677 = VERTEX_POINT('',#3678);
#3678 = CARTESIAN_POINT('',(55.5,85.703851860318,-13.5));
#3679 = SURFACE_CURVE('',#3680,(#3684,#3690),.PCURVE_S1.);
#3680 = LINE('',#3681,#3682);
#3681 = CARTESIAN_POINT('',(55.5,46.5,-13.5));
#3682 = VECTOR('',#3683,1.);
#3683 = DIRECTION('',(0.,1.,0.));
#3684 = PCURVE('',#714,#3685);
#3685 = DEFINITIONAL_REPRESENTATION('',(#3686),#3689);
#3686 = B_SPLINE_CURVE_WITH_KNOTS('',1,(#3687,#3688),.UNSPECIFIED.,.F.,
  .F.,(2,2),(38.2,42.8),.PIECEWISE_BEZIER_KNOTS.);
#3687 = CARTESIAN_POINT('',(49.,78.7));
#3688 = CARTESIAN_POINT('',(49.,83.3));
#3689 = ( GEOMETRIC_REPRESENTATION_CONTEXT(2) 
PARAMETRIC_REPRESENTATION_CONTEXT() REPRESENTATION_CONTEXT('2D SPACE',''
  ) );
#3690 = PCURVE('',#3691,#3696);
#3691 = PLANE('',#3692);
#3692 = AXIS2_PLACEMENT_3D('',#3693,#3694,#3695);
#3693 = CARTESIAN_POINT('',(55.5,87.,-11.6));
#3694 = DIRECTION('',(1.,0.,0.));
#3695 = DIRECTION('',(-0.,0.,1.));
#3696 = DEFINITIONAL_REPRESENTATION('',(#3697),#3700);
#3697 = B_SPLINE_CURVE_WITH_KNOTS('',1,(#3698,#3699),.UNSPECIFIED.,.F.,
  .F.,(2,2),(38.2,42.8),.PIECEWISE_BEZIER_KNOTS.);
#3698 = CARTESIAN_POINT('',(-1.9,2.3));
#3699 = CARTESIAN_POINT('',(-1.9,-2.3));
#3700 = ( GEOMETRIC_REPRESENTATION_CONTEXT(2) 
PARAMETRIC_REPRESENTATION_CONTEXT() REPRESENTATION_CONTEXT('2D SPACE',''
  ) );
#3701 = ORIENTED_EDGE('',*,*,#3702,.F.);
#3702 = EDGE_CURVE('',#3703,#3677,#3705,.T.);
#3703 = VERTEX_POINT('',#3704);
#3704 = CARTESIAN_POINT('',(52.131105730318,85.703851860318,-13.5));
#3705 = SURFACE_CURVE('',#3706,(#3710,#3716),.PCURVE_S1.);
#3706 = LINE('',#3707,#3708);
#3707 = CARTESIAN_POINT('',(51.2,85.703851860318,-13.5));
#3708 = VECTOR('',#3709,1.);
#3709 = DIRECTION('',(1.,0.,0.));
#3710 = PCURVE('',#714,#3711);
#3711 = DEFINITIONAL_REPRESENTATION('',(#3712),#3715);
#3712 = B_SPLINE_CURVE_WITH_KNOTS('',1,(#3713,#3714),.UNSPECIFIED.,.F.,
  .F.,(2,2),(-5.999999999062E-07,4.3000006),.PIECEWISE_BEZIER_KNOTS.);
#3713 = CARTESIAN_POINT('',(44.6999994,79.703851860318));
#3714 = CARTESIAN_POINT('',(49.0000006,79.703851860318));
#3715 = ( GEOMETRIC_REPRESENTATION_CONTEXT(2) 
PARAMETRIC_REPRESENTATION_CONTEXT() REPRESENTATION_CONTEXT('2D SPACE',''
  ) );
#3716 = PCURVE('',#3665,#3717);
#3717 = DEFINITIONAL_REPRESENTATION('',(#3718),#3721);
#3718 = B_SPLINE_CURVE_WITH_KNOTS('',1,(#3719,#3720),.UNSPECIFIED.,.F.,
  .F.,(2,2),(-5.999999999062E-07,4.3000006),.PIECEWISE_BEZIER_KNOTS.);
#3719 = CARTESIAN_POINT('',(2.542924600754,-5.999999999062E-07));
#3720 = CARTESIAN_POINT('',(2.542924600754,4.3000006));
#3721 = ( GEOMETRIC_REPRESENTATION_CONTEXT(2) 
PARAMETRIC_REPRESENTATION_CONTEXT() REPRESENTATION_CONTEXT('2D SPACE',''
  ) );
#3722 = ORIENTED_EDGE('',*,*,#3723,.T.);
#3723 = EDGE_CURVE('',#3703,#3724,#3726,.T.);
#3724 = VERTEX_POINT('',#3725);
#3725 = CARTESIAN_POINT('',(54.,80.75,-13.5));
#3726 = SURFACE_CURVE('',#3727,(#3732,#3743),.PCURVE_S1.);
#3727 = CIRCLE('',#3728,7.5);
#3728 = AXIS2_PLACEMENT_3D('',#3729,#3730,#3731);
#3729 = CARTESIAN_POINT('',(46.5,80.75,-13.5));
#3730 = DIRECTION('',(0.,0.,-1.));
#3731 = DIRECTION('',(1.,0.,0.));
#3732 = PCURVE('',#714,#3733);
#3733 = DEFINITIONAL_REPRESENTATION('',(#3734),#3742);
#3734 = ( BOUNDED_CURVE() B_SPLINE_CURVE(2,(#3735,#3736,#3737,#3738,
#3739,#3740,#3741),.UNSPECIFIED.,.T.,.F.) B_SPLINE_CURVE_WITH_KNOTS((1,2
    ,2,2,2,1),(-2.094395102393,0.,2.094395102393,4.188790204786,
6.28318530718,8.377580409573),.UNSPECIFIED.) CURVE() 
GEOMETRIC_REPRESENTATION_ITEM() RATIONAL_B_SPLINE_CURVE((1.,0.5,1.,0.5,
1.,0.5,1.)) REPRESENTATION_ITEM('') );
#3735 = CARTESIAN_POINT('',(47.5,74.75));
#3736 = CARTESIAN_POINT('',(47.5,61.759618943233));
#3737 = CARTESIAN_POINT('',(36.25,68.254809471617));
#3738 = CARTESIAN_POINT('',(25.,74.75));
#3739 = CARTESIAN_POINT('',(36.25,81.245190528383));
#3740 = CARTESIAN_POINT('',(47.5,87.740381056767));
#3741 = CARTESIAN_POINT('',(47.5,74.75));
#3742 = ( GEOMETRIC_REPRESENTATION_CONTEXT(2) 
PARAMETRIC_REPRESENTATION_CONTEXT() REPRESENTATION_CONTEXT('2D SPACE',''
  ) );
#3743 = PCURVE('',#3744,#3749);
#3744 = CYLINDRICAL_SURFACE('',#3745,7.5);
#3745 = AXIS2_PLACEMENT_3D('',#3746,#3747,#3748);
#3746 = CARTESIAN_POINT('',(46.5,80.75,-13.7));
#3747 = DIRECTION('',(-0.,-0.,-1.));
#3748 = DIRECTION('',(1.,0.,0.));
#3749 = DEFINITIONAL_REPRESENTATION('',(#3750),#3754);
#3750 = LINE('',#3751,#3752);
#3751 = CARTESIAN_POINT('',(-6.28318530718,-0.2));
#3752 = VECTOR('',#3753,1.);
#3753 = DIRECTION('',(1.,-0.));
#3754 = ( GEOMETRIC_REPRESENTATION_CONTEXT(2) 
PARAMETRIC_REPRESENTATION_CONTEXT() REPRESENTATION_CONTEXT('2D SPACE',''
  ) );
#3755 = ORIENTED_EDGE('',*,*,#3756,.F.);
#3756 = EDGE_CURVE('',#3757,#3724,#3759,.T.);
#3757 = VERTEX_POINT('',#3758);
#3758 = CARTESIAN_POINT('',(54.,31.25,-13.5));
#3759 = SURFACE_CURVE('',#3760,(#3764,#3770),.PCURVE_S1.);
#3760 = LINE('',#3761,#3762);
#3761 = CARTESIAN_POINT('',(54.,18.625,-13.5));
#3762 = VECTOR('',#3763,1.);
#3763 = DIRECTION('',(0.,1.,0.));
#3764 = PCURVE('',#714,#3765);
#3765 = DEFINITIONAL_REPRESENTATION('',(#3766),#3769);
#3766 = B_SPLINE_CURVE_WITH_KNOTS('',1,(#3767,#3768),.UNSPECIFIED.,.F.,
  .F.,(2,2),(12.625,62.125),.PIECEWISE_BEZIER_KNOTS.);
#3767 = CARTESIAN_POINT('',(47.5,25.25));
#3768 = CARTESIAN_POINT('',(47.5,74.75));
#3769 = ( GEOMETRIC_REPRESENTATION_CONTEXT(2) 
PARAMETRIC_REPRESENTATION_CONTEXT() REPRESENTATION_CONTEXT('2D SPACE',''
  ) );
#3770 = PCURVE('',#3771,#3776);
#3771 = PLANE('',#3772);
#3772 = AXIS2_PLACEMENT_3D('',#3773,#3774,#3775);
#3773 = CARTESIAN_POINT('',(54.,31.25,-13.7));
#3774 = DIRECTION('',(1.,0.,0.));
#3775 = DIRECTION('',(0.,0.,1.));
#3776 = DEFINITIONAL_REPRESENTATION('',(#3777),#3780);
#3777 = B_SPLINE_CURVE_WITH_KNOTS('',1,(#3778,#3779),.UNSPECIFIED.,.F.,
  .F.,(2,2),(12.625,62.125),.PIECEWISE_BEZIER_KNOTS.);
#3778 = CARTESIAN_POINT('',(0.2,0.));
#3779 = CARTESIAN_POINT('',(0.2,-49.5));
#3780 = ( GEOMETRIC_REPRESENTATION_CONTEXT(2) 
PARAMETRIC_REPRESENTATION_CONTEXT() REPRESENTATION_CONTEXT('2D SPACE',''
  ) );
#3781 = ORIENTED_EDGE('',*,*,#3782,.T.);
#3782 = EDGE_CURVE('',#3757,#3783,#3785,.T.);
#3783 = VERTEX_POINT('',#3784);
#3784 = CARTESIAN_POINT('',(46.5,23.75,-13.5));
#3785 = SURFACE_CURVE('',#3786,(#3791,#3802),.PCURVE_S1.);
#3786 = CIRCLE('',#3787,7.5);
#3787 = AXIS2_PLACEMENT_3D('',#3788,#3789,#3790);
#3788 = CARTESIAN_POINT('',(46.5,31.25,-13.5));
#3789 = DIRECTION('',(0.,0.,-1.));
#3790 = DIRECTION('',(1.,0.,0.));
#3791 = PCURVE('',#714,#3792);
#3792 = DEFINITIONAL_REPRESENTATION('',(#3793),#3801);
#3793 = ( BOUNDED_CURVE() B_SPLINE_CURVE(2,(#3794,#3795,#3796,#3797,
#3798,#3799,#3800),.UNSPECIFIED.,.T.,.F.) B_SPLINE_CURVE_WITH_KNOTS((1,2
    ,2,2,2,1),(-2.094395102393,0.,2.094395102393,4.188790204786,
6.28318530718,8.377580409573),.UNSPECIFIED.) CURVE() 
GEOMETRIC_REPRESENTATION_ITEM() RATIONAL_B_SPLINE_CURVE((1.,0.5,1.,0.5,
1.,0.5,1.)) REPRESENTATION_ITEM('') );
#3794 = CARTESIAN_POINT('',(47.5,25.25));
#3795 = CARTESIAN_POINT('',(47.5,12.259618943233));
#3796 = CARTESIAN_POINT('',(36.25,18.754809471617));
#3797 = CARTESIAN_POINT('',(25.,25.25));
#3798 = CARTESIAN_POINT('',(36.25,31.745190528383));
#3799 = CARTESIAN_POINT('',(47.5,38.240381056767));
#3800 = CARTESIAN_POINT('',(47.5,25.25));
#3801 = ( GEOMETRIC_REPRESENTATION_CONTEXT(2) 
PARAMETRIC_REPRESENTATION_CONTEXT() REPRESENTATION_CONTEXT('2D SPACE',''
  ) );
#3802 = PCURVE('',#3803,#3808);
#3803 = CYLINDRICAL_SURFACE('',#3804,7.5);
#3804 = AXIS2_PLACEMENT_3D('',#3805,#3806,#3807);
#3805 = CARTESIAN_POINT('',(46.5,31.25,-13.7));
#3806 = DIRECTION('',(-0.,-0.,-1.));
#3807 = DIRECTION('',(1.,0.,0.));
#3808 = DEFINITIONAL_REPRESENTATION('',(#3809),#3813);
#3809 = LINE('',#3810,#3811);
#3810 = CARTESIAN_POINT('',(-6.28318530718,-0.2));
#3811 = VECTOR('',#3812,1.);
#3812 = DIRECTION('',(1.,-0.));
#3813 = ( GEOMETRIC_REPRESENTATION_CONTEXT(2) 
PARAMETRIC_REPRESENTATION_CONTEXT() REPRESENTATION_CONTEXT('2D SPACE',''
  ) );
#3814 = ORIENTED_EDGE('',*,*,#3815,.T.);
#3815 = EDGE_CURVE('',#3783,#3816,#3818,.T.);
#3816 = VERTEX_POINT('',#3817);
#3817 = CARTESIAN_POINT('',(35.,23.75,-13.5));
#3818 = SURFACE_CURVE('',#3819,(#3823,#3829),.PCURVE_S1.);
#3819 = LINE('',#3820,#3821);
#3820 = CARTESIAN_POINT('',(10.,23.75,-13.5));
#3821 = VECTOR('',#3822,1.);
#3822 = DIRECTION('',(-1.,0.,0.));
#3823 = PCURVE('',#714,#3824);
#3824 = DEFINITIONAL_REPRESENTATION('',(#3825),#3828);
#3825 = B_SPLINE_CURVE_WITH_KNOTS('',1,(#3826,#3827),.UNSPECIFIED.,.F.,
  .F.,(2,2),(-36.5,-3.5),.PIECEWISE_BEZIER_KNOTS.);
#3826 = CARTESIAN_POINT('',(40.,17.75));
#3827 = CARTESIAN_POINT('',(7.,17.75));
#3828 = ( GEOMETRIC_REPRESENTATION_CONTEXT(2) 
PARAMETRIC_REPRESENTATION_CONTEXT() REPRESENTATION_CONTEXT('2D SPACE',''
  ) );
#3829 = PCURVE('',#3830,#3835);
#3830 = PLANE('',#3831);
#3831 = AXIS2_PLACEMENT_3D('',#3832,#3833,#3834);
#3832 = CARTESIAN_POINT('',(13.5,23.75,-13.7));
#3833 = DIRECTION('',(0.,1.,0.));
#3834 = DIRECTION('',(0.,0.,1.));
#3835 = DEFINITIONAL_REPRESENTATION('',(#3836),#3839);
#3836 = B_SPLINE_CURVE_WITH_KNOTS('',1,(#3837,#3838),.UNSPECIFIED.,.F.,
  .F.,(2,2),(-36.5,-3.5),.PIECEWISE_BEZIER_KNOTS.);
#3837 = CARTESIAN_POINT('',(0.2,33.));
#3838 = CARTESIAN_POINT('',(0.2,0.));
#3839 = ( GEOMETRIC_REPRESENTATION_CONTEXT(2) 
PARAMETRIC_REPRESENTATION_CONTEXT() REPRESENTATION_CONTEXT('2D SPACE',''
  ) );
#3840 = ORIENTED_EDGE('',*,*,#3841,.T.);
#3841 = EDGE_CURVE('',#3816,#3842,#3844,.T.);
#3842 = VERTEX_POINT('',#3843);
#3843 = CARTESIAN_POINT('',(25.,23.75,-13.5));
#3844 = SURFACE_CURVE('',#3845,(#3850,#3861),.PCURVE_S1.);
#3845 = CIRCLE('',#3846,5.);
#3846 = AXIS2_PLACEMENT_3D('',#3847,#3848,#3849);
#3847 = CARTESIAN_POINT('',(30.,23.75,-13.5));
#3848 = DIRECTION('',(0.,0.,-1.));
#3849 = DIRECTION('',(1.,0.,0.));
#3850 = PCURVE('',#714,#3851);
#3851 = DEFINITIONAL_REPRESENTATION('',(#3852),#3860);
#3852 = ( BOUNDED_CURVE() B_SPLINE_CURVE(2,(#3853,#3854,#3855,#3856,
#3857,#3858,#3859),.UNSPECIFIED.,.T.,.F.) B_SPLINE_CURVE_WITH_KNOTS((1,2
    ,2,2,2,1),(-2.094395102393,0.,2.094395102393,4.188790204786,
6.28318530718,8.377580409573),.UNSPECIFIED.) CURVE() 
GEOMETRIC_REPRESENTATION_ITEM() RATIONAL_B_SPLINE_CURVE((1.,0.5,1.,0.5,
1.,0.5,1.)) REPRESENTATION_ITEM('') );
#3853 = CARTESIAN_POINT('',(28.5,17.75));
#3854 = CARTESIAN_POINT('',(28.5,9.089745962156));
#3855 = CARTESIAN_POINT('',(21.,13.419872981078));
#3856 = CARTESIAN_POINT('',(13.5,17.75));
#3857 = CARTESIAN_POINT('',(21.,22.080127018922));
#3858 = CARTESIAN_POINT('',(28.5,26.410254037844));
#3859 = CARTESIAN_POINT('',(28.5,17.75));
#3860 = ( GEOMETRIC_REPRESENTATION_CONTEXT(2) 
PARAMETRIC_REPRESENTATION_CONTEXT() REPRESENTATION_CONTEXT('2D SPACE',''
  ) );
#3861 = PCURVE('',#3862,#3867);
#3862 = CYLINDRICAL_SURFACE('',#3863,5.);
#3863 = AXIS2_PLACEMENT_3D('',#3864,#3865,#3866);
#3864 = CARTESIAN_POINT('',(30.,23.75,-13.7));
#3865 = DIRECTION('',(-0.,-0.,-1.));
#3866 = DIRECTION('',(1.,0.,0.));
#3867 = DEFINITIONAL_REPRESENTATION('',(#3868),#3872);
#3868 = LINE('',#3869,#3870);
#3869 = CARTESIAN_POINT('',(-6.28318530718,-0.2));
#3870 = VECTOR('',#3871,1.);
#3871 = DIRECTION('',(1.,-0.));
#3872 = ( GEOMETRIC_REPRESENTATION_CONTEXT(2) 
PARAMETRIC_REPRESENTATION_CONTEXT() REPRESENTATION_CONTEXT('2D SPACE',''
  ) );
#3873 = ORIENTED_EDGE('',*,*,#3874,.T.);
#3874 = EDGE_CURVE('',#3842,#3875,#3877,.T.);
#3875 = VERTEX_POINT('',#3876);
#3876 = CARTESIAN_POINT('',(13.5,23.75,-13.5));
#3877 = SURFACE_CURVE('',#3878,(#3882,#3888),.PCURVE_S1.);
#3878 = LINE('',#3879,#3880);
#3879 = CARTESIAN_POINT('',(10.,23.75,-13.5));
#3880 = VECTOR('',#3881,1.);
#3881 = DIRECTION('',(-1.,0.,0.));
#3882 = PCURVE('',#714,#3883);
#3883 = DEFINITIONAL_REPRESENTATION('',(#3884),#3887);
#3884 = B_SPLINE_CURVE_WITH_KNOTS('',1,(#3885,#3886),.UNSPECIFIED.,.F.,
  .F.,(2,2),(-36.5,-3.5),.PIECEWISE_BEZIER_KNOTS.);
#3885 = CARTESIAN_POINT('',(40.,17.75));
#3886 = CARTESIAN_POINT('',(7.,17.75));
#3887 = ( GEOMETRIC_REPRESENTATION_CONTEXT(2) 
PARAMETRIC_REPRESENTATION_CONTEXT() REPRESENTATION_CONTEXT('2D SPACE',''
  ) );
#3888 = PCURVE('',#3889,#3894);
#3889 = PLANE('',#3890);
#3890 = AXIS2_PLACEMENT_3D('',#3891,#3892,#3893);
#3891 = CARTESIAN_POINT('',(13.5,23.75,-13.7));
#3892 = DIRECTION('',(0.,1.,0.));
#3893 = DIRECTION('',(0.,0.,1.));
#3894 = DEFINITIONAL_REPRESENTATION('',(#3895),#3898);
#3895 = B_SPLINE_CURVE_WITH_KNOTS('',1,(#3896,#3897),.UNSPECIFIED.,.F.,
  .F.,(2,2),(-36.5,-3.5),.PIECEWISE_BEZIER_KNOTS.);
#3896 = CARTESIAN_POINT('',(0.2,33.));
#3897 = CARTESIAN_POINT('',(0.2,0.));
#3898 = ( GEOMETRIC_REPRESENTATION_CONTEXT(2) 
PARAMETRIC_REPRESENTATION_CONTEXT() REPRESENTATION_CONTEXT('2D SPACE',''
  ) );
#3899 = ORIENTED_EDGE('',*,*,#3900,.T.);
#3900 = EDGE_CURVE('',#3875,#3901,#3903,.T.);
#3901 = VERTEX_POINT('',#3902);
#3902 = CARTESIAN_POINT('',(6.,31.25,-13.5));
#3903 = SURFACE_CURVE('',#3904,(#3909,#3920),.PCURVE_S1.);
#3904 = CIRCLE('',#3905,7.5);
#3905 = AXIS2_PLACEMENT_3D('',#3906,#3907,#3908);
#3906 = CARTESIAN_POINT('',(13.5,31.25,-13.5));
#3907 = DIRECTION('',(0.,0.,-1.));
#3908 = DIRECTION('',(1.,0.,0.));
#3909 = PCURVE('',#714,#3910);
#3910 = DEFINITIONAL_REPRESENTATION('',(#3911),#3919);
#3911 = ( BOUNDED_CURVE() B_SPLINE_CURVE(2,(#3912,#3913,#3914,#3915,
#3916,#3917,#3918),.UNSPECIFIED.,.T.,.F.) B_SPLINE_CURVE_WITH_KNOTS((1,2
    ,2,2,2,1),(-2.094395102393,0.,2.094395102393,4.188790204786,
6.28318530718,8.377580409573),.UNSPECIFIED.) CURVE() 
GEOMETRIC_REPRESENTATION_ITEM() RATIONAL_B_SPLINE_CURVE((1.,0.5,1.,0.5,
1.,0.5,1.)) REPRESENTATION_ITEM('') );
#3912 = CARTESIAN_POINT('',(14.5,25.25));
#3913 = CARTESIAN_POINT('',(14.5,12.259618943233));
#3914 = CARTESIAN_POINT('',(3.25,18.754809471617));
#3915 = CARTESIAN_POINT('',(-8.,25.25));
#3916 = CARTESIAN_POINT('',(3.25,31.745190528383));
#3917 = CARTESIAN_POINT('',(14.5,38.240381056767));
#3918 = CARTESIAN_POINT('',(14.5,25.25));
#3919 = ( GEOMETRIC_REPRESENTATION_CONTEXT(2) 
PARAMETRIC_REPRESENTATION_CONTEXT() REPRESENTATION_CONTEXT('2D SPACE',''
  ) );
#3920 = PCURVE('',#3921,#3926);
#3921 = CYLINDRICAL_SURFACE('',#3922,7.5);
#3922 = AXIS2_PLACEMENT_3D('',#3923,#3924,#3925);
#3923 = CARTESIAN_POINT('',(13.5,31.25,-13.7));
#3924 = DIRECTION('',(-0.,-0.,-1.));
#3925 = DIRECTION('',(1.,0.,0.));
#3926 = DEFINITIONAL_REPRESENTATION('',(#3927),#3931);
#3927 = LINE('',#3928,#3929);
#3928 = CARTESIAN_POINT('',(-6.28318530718,-0.2));
#3929 = VECTOR('',#3930,1.);
#3930 = DIRECTION('',(1.,-0.));
#3931 = ( GEOMETRIC_REPRESENTATION_CONTEXT(2) 
PARAMETRIC_REPRESENTATION_CONTEXT() REPRESENTATION_CONTEXT('2D SPACE',''
  ) );
#3932 = ORIENTED_EDGE('',*,*,#3933,.T.);
#3933 = EDGE_CURVE('',#3901,#3934,#3936,.T.);
#3934 = VERTEX_POINT('',#3935);
#3935 = CARTESIAN_POINT('',(6.,80.75,-13.5));
#3936 = SURFACE_CURVE('',#3937,(#3941,#3947),.PCURVE_S1.);
#3937 = LINE('',#3938,#3939);
#3938 = CARTESIAN_POINT('',(6.,18.625,-13.5));
#3939 = VECTOR('',#3940,1.);
#3940 = DIRECTION('',(0.,1.,0.));
#3941 = PCURVE('',#714,#3942);
#3942 = DEFINITIONAL_REPRESENTATION('',(#3943),#3946);
#3943 = B_SPLINE_CURVE_WITH_KNOTS('',1,(#3944,#3945),.UNSPECIFIED.,.F.,
  .F.,(2,2),(12.625,62.125),.PIECEWISE_BEZIER_KNOTS.);
#3944 = CARTESIAN_POINT('',(-0.5,25.25));
#3945 = CARTESIAN_POINT('',(-0.5,74.75));
#3946 = ( GEOMETRIC_REPRESENTATION_CONTEXT(2) 
PARAMETRIC_REPRESENTATION_CONTEXT() REPRESENTATION_CONTEXT('2D SPACE',''
  ) );
#3947 = PCURVE('',#3948,#3953);
#3948 = PLANE('',#3949);
#3949 = AXIS2_PLACEMENT_3D('',#3950,#3951,#3952);
#3950 = CARTESIAN_POINT('',(6.,31.25,-13.7));
#3951 = DIRECTION('',(1.,0.,0.));
#3952 = DIRECTION('',(0.,0.,1.));
#3953 = DEFINITIONAL_REPRESENTATION('',(#3954),#3957);
#3954 = B_SPLINE_CURVE_WITH_KNOTS('',1,(#3955,#3956),.UNSPECIFIED.,.F.,
  .F.,(2,2),(12.625,62.125),.PIECEWISE_BEZIER_KNOTS.);
#3955 = CARTESIAN_POINT('',(0.2,0.));
#3956 = CARTESIAN_POINT('',(0.2,-49.5));
#3957 = ( GEOMETRIC_REPRESENTATION_CONTEXT(2) 
PARAMETRIC_REPRESENTATION_CONTEXT() REPRESENTATION_CONTEXT('2D SPACE',''
  ) );
#3958 = ORIENTED_EDGE('',*,*,#3959,.T.);
#3959 = EDGE_CURVE('',#3934,#3960,#3962,.T.);
#3960 = VERTEX_POINT('',#3961);
#3961 = CARTESIAN_POINT('',(7.868894269682,85.703851860318,-13.5));
#3962 = SURFACE_CURVE('',#3963,(#3968,#3979),.PCURVE_S1.);
#3963 = CIRCLE('',#3964,7.5);
#3964 = AXIS2_PLACEMENT_3D('',#3965,#3966,#3967);
#3965 = CARTESIAN_POINT('',(13.5,80.75,-13.5));
#3966 = DIRECTION('',(0.,0.,-1.));
#3967 = DIRECTION('',(1.,0.,0.));
#3968 = PCURVE('',#714,#3969);
#3969 = DEFINITIONAL_REPRESENTATION('',(#3970),#3978);
#3970 = ( BOUNDED_CURVE() B_SPLINE_CURVE(2,(#3971,#3972,#3973,#3974,
#3975,#3976,#3977),.UNSPECIFIED.,.T.,.F.) B_SPLINE_CURVE_WITH_KNOTS((1,2
    ,2,2,2,1),(-2.094395102393,0.,2.094395102393,4.188790204786,
6.28318530718,8.377580409573),.UNSPECIFIED.) CURVE() 
GEOMETRIC_REPRESENTATION_ITEM() RATIONAL_B_SPLINE_CURVE((1.,0.5,1.,0.5,
1.,0.5,1.)) REPRESENTATION_ITEM('') );
#3971 = CARTESIAN_POINT('',(14.5,74.75));
#3972 = CARTESIAN_POINT('',(14.5,61.759618943233));
#3973 = CARTESIAN_POINT('',(3.25,68.254809471617));
#3974 = CARTESIAN_POINT('',(-8.,74.75));
#3975 = CARTESIAN_POINT('',(3.25,81.245190528383));
#3976 = CARTESIAN_POINT('',(14.5,87.740381056767));
#3977 = CARTESIAN_POINT('',(14.5,74.75));
#3978 = ( GEOMETRIC_REPRESENTATION_CONTEXT(2) 
PARAMETRIC_REPRESENTATION_CONTEXT() REPRESENTATION_CONTEXT('2D SPACE',''
  ) );
#3979 = PCURVE('',#3980,#3985);
#3980 = CYLINDRICAL_SURFACE('',#3981,7.5);
#3981 = AXIS2_PLACEMENT_3D('',#3982,#3983,#3984);
#3982 = CARTESIAN_POINT('',(13.5,80.75,-13.7));
#3983 = DIRECTION('',(-0.,-0.,-1.));
#3984 = DIRECTION('',(1.,0.,0.));
#3985 = DEFINITIONAL_REPRESENTATION('',(#3986),#3990);
#3986 = LINE('',#3987,#3988);
#3987 = CARTESIAN_POINT('',(-6.28318530718,-0.2));
#3988 = VECTOR('',#3989,1.);
#3989 = DIRECTION('',(1.,-0.));
#3990 = ( GEOMETRIC_REPRESENTATION_CONTEXT(2) 
PARAMETRIC_REPRESENTATION_CONTEXT() REPRESENTATION_CONTEXT('2D SPACE',''
  ) );
#3991 = ORIENTED_EDGE('',*,*,#3992,.F.);
#3992 = EDGE_CURVE('',#3993,#3960,#3995,.T.);
#3993 = VERTEX_POINT('',#3994);
#3994 = CARTESIAN_POINT('',(4.5,85.703851860318,-13.5));
#3995 = SURFACE_CURVE('',#3996,(#4000,#4006),.PCURVE_S1.);
#3996 = LINE('',#3997,#3998);
#3997 = CARTESIAN_POINT('',(4.5,85.703851860318,-13.5));
#3998 = VECTOR('',#3999,1.);
#3999 = DIRECTION('',(1.,0.,0.));
#4000 = PCURVE('',#714,#4001);
#4001 = DEFINITIONAL_REPRESENTATION('',(#4002),#4005);
#4002 = B_SPLINE_CURVE_WITH_KNOTS('',1,(#4003,#4004),.UNSPECIFIED.,.F.,
  .F.,(2,2),(-5.999999999062E-07,4.3000006),.PIECEWISE_BEZIER_KNOTS.);
#4003 = CARTESIAN_POINT('',(-2.0000006,79.703851860318));
#4004 = CARTESIAN_POINT('',(2.3000006,79.703851860318));
#4005 = ( GEOMETRIC_REPRESENTATION_CONTEXT(2) 
PARAMETRIC_REPRESENTATION_CONTEXT() REPRESENTATION_CONTEXT('2D SPACE',''
  ) );
#4006 = PCURVE('',#4007,#4012);
#4007 = CYLINDRICAL_SURFACE('',#4008,2.3);
#4008 = AXIS2_PLACEMENT_3D('',#4009,#4010,#4011);
#4009 = CARTESIAN_POINT('',(4.5,87.,-11.6));
#4010 = DIRECTION('',(1.,0.,0.));
#4011 = DIRECTION('',(-0.,0.,1.));
#4012 = DEFINITIONAL_REPRESENTATION('',(#4013),#4016);
#4013 = B_SPLINE_CURVE_WITH_KNOTS('',1,(#4014,#4015),.UNSPECIFIED.,.F.,
  .F.,(2,2),(-5.999999999062E-07,4.3000006),.PIECEWISE_BEZIER_KNOTS.);
#4014 = CARTESIAN_POINT('',(2.542924600754,-5.999999999062E-07));
#4015 = CARTESIAN_POINT('',(2.542924600754,4.3000006));
#4016 = ( GEOMETRIC_REPRESENTATION_CONTEXT(2) 
PARAMETRIC_REPRESENTATION_CONTEXT() REPRESENTATION_CONTEXT('2D SPACE',''
  ) );
#4017 = ORIENTED_EDGE('',*,*,#4018,.T.);
#4018 = EDGE_CURVE('',#3993,#4019,#4021,.T.);
#4019 = VERTEX_POINT('',#4020);
#4020 = CARTESIAN_POINT('',(4.5,88.296148139682,-13.5));
#4021 = SURFACE_CURVE('',#4022,(#4026,#4032),.PCURVE_S1.);
#4022 = LINE('',#4023,#4024);
#4023 = CARTESIAN_POINT('',(4.5,46.5,-13.5));
#4024 = VECTOR('',#4025,1.);
#4025 = DIRECTION('',(0.,1.,0.));
#4026 = PCURVE('',#714,#4027);
#4027 = DEFINITIONAL_REPRESENTATION('',(#4028),#4031);
#4028 = B_SPLINE_CURVE_WITH_KNOTS('',1,(#4029,#4030),.UNSPECIFIED.,.F.,
  .F.,(2,2),(38.2,42.8),.PIECEWISE_BEZIER_KNOTS.);
#4029 = CARTESIAN_POINT('',(-2.,78.7));
#4030 = CARTESIAN_POINT('',(-2.,83.3));
#4031 = ( GEOMETRIC_REPRESENTATION_CONTEXT(2) 
PARAMETRIC_REPRESENTATION_CONTEXT() REPRESENTATION_CONTEXT('2D SPACE',''
  ) );
#4032 = PCURVE('',#4033,#4038);
#4033 = PLANE('',#4034);
#4034 = AXIS2_PLACEMENT_3D('',#4035,#4036,#4037);
#4035 = CARTESIAN_POINT('',(4.5,87.,-11.6));
#4036 = DIRECTION('',(1.,0.,0.));
#4037 = DIRECTION('',(-0.,0.,1.));
#4038 = DEFINITIONAL_REPRESENTATION('',(#4039),#4042);
#4039 = B_SPLINE_CURVE_WITH_KNOTS('',1,(#4040,#4041),.UNSPECIFIED.,.F.,
  .F.,(2,2),(38.2,42.8),.PIECEWISE_BEZIER_KNOTS.);
#4040 = CARTESIAN_POINT('',(-1.9,2.3));
#4041 = CARTESIAN_POINT('',(-1.9,-2.3));
#4042 = ( GEOMETRIC_REPRESENTATION_CONTEXT(2) 
PARAMETRIC_REPRESENTATION_CONTEXT() REPRESENTATION_CONTEXT('2D SPACE',''
  ) );
#4043 = ORIENTED_EDGE('',*,*,#4044,.T.);
#4044 = EDGE_CURVE('',#4019,#4045,#4047,.T.);
#4045 = VERTEX_POINT('',#4046);
#4046 = CARTESIAN_POINT('',(8.8,88.296148139682,-13.5));
#4047 = SURFACE_CURVE('',#4048,(#4052,#4058),.PCURVE_S1.);
#4048 = LINE('',#4049,#4050);
#4049 = CARTESIAN_POINT('',(4.5,88.296148139682,-13.5));
#4050 = VECTOR('',#4051,1.);
#4051 = DIRECTION('',(1.,0.,0.));
#4052 = PCURVE('',#714,#4053);
#4053 = DEFINITIONAL_REPRESENTATION('',(#4054),#4057);
#4054 = B_SPLINE_CURVE_WITH_KNOTS('',1,(#4055,#4056),.UNSPECIFIED.,.F.,
  .F.,(2,2),(-5.999999999062E-07,4.3000006),.PIECEWISE_BEZIER_KNOTS.);
#4055 = CARTESIAN_POINT('',(-2.0000006,82.296148139682));
#4056 = CARTESIAN_POINT('',(2.3000006,82.296148139682));
#4057 = ( GEOMETRIC_REPRESENTATION_CONTEXT(2) 
PARAMETRIC_REPRESENTATION_CONTEXT() REPRESENTATION_CONTEXT('2D SPACE',''
  ) );
#4058 = PCURVE('',#4007,#4059);
#4059 = DEFINITIONAL_REPRESENTATION('',(#4060),#4063);
#4060 = B_SPLINE_CURVE_WITH_KNOTS('',1,(#4061,#4062),.UNSPECIFIED.,.F.,
  .F.,(2,2),(-5.999999999062E-07,4.3000006),.PIECEWISE_BEZIER_KNOTS.);
#4061 = CARTESIAN_POINT('',(3.740260706425,-5.999999999062E-07));
#4062 = CARTESIAN_POINT('',(3.740260706425,4.3000006));
#4063 = ( GEOMETRIC_REPRESENTATION_CONTEXT(2) 
PARAMETRIC_REPRESENTATION_CONTEXT() REPRESENTATION_CONTEXT('2D SPACE',''
  ) );
#4064 = ORIENTED_EDGE('',*,*,#4065,.F.);
#4065 = EDGE_CURVE('',#4066,#4045,#4068,.T.);
#4066 = VERTEX_POINT('',#4067);
#4067 = CARTESIAN_POINT('',(8.8,88.205197079319,-13.5));
#4068 = SURFACE_CURVE('',#4069,(#4073,#4079),.PCURVE_S1.);
#4069 = LINE('',#4070,#4071);
#4070 = CARTESIAN_POINT('',(8.8,46.5,-13.5));
#4071 = VECTOR('',#4072,1.);
#4072 = DIRECTION('',(0.,1.,0.));
#4073 = PCURVE('',#714,#4074);
#4074 = DEFINITIONAL_REPRESENTATION('',(#4075),#4078);
#4075 = B_SPLINE_CURVE_WITH_KNOTS('',1,(#4076,#4077),.UNSPECIFIED.,.F.,
  .F.,(2,2),(38.2,42.8),.PIECEWISE_BEZIER_KNOTS.);
#4076 = CARTESIAN_POINT('',(2.3,78.7));
#4077 = CARTESIAN_POINT('',(2.3,83.3));
#4078 = ( GEOMETRIC_REPRESENTATION_CONTEXT(2) 
PARAMETRIC_REPRESENTATION_CONTEXT() REPRESENTATION_CONTEXT('2D SPACE',''
  ) );
#4079 = PCURVE('',#4080,#4085);
#4080 = PLANE('',#4081);
#4081 = AXIS2_PLACEMENT_3D('',#4082,#4083,#4084);
#4082 = CARTESIAN_POINT('',(8.8,87.,-11.6));
#4083 = DIRECTION('',(1.,0.,0.));
#4084 = DIRECTION('',(-0.,0.,1.));
#4085 = DEFINITIONAL_REPRESENTATION('',(#4086),#4090);
#4086 = LINE('',#4087,#4088);
#4087 = CARTESIAN_POINT('',(-1.9,40.5));
#4088 = VECTOR('',#4089,1.);
#4089 = DIRECTION('',(0.,-1.));
#4090 = ( GEOMETRIC_REPRESENTATION_CONTEXT(2) 
PARAMETRIC_REPRESENTATION_CONTEXT() REPRESENTATION_CONTEXT('2D SPACE',''
  ) );
#4091 = ORIENTED_EDGE('',*,*,#4092,.T.);
#4092 = EDGE_CURVE('',#4066,#4093,#4095,.T.);
#4093 = VERTEX_POINT('',#4094);
#4094 = CARTESIAN_POINT('',(12.681442421994,88.205197079319,-13.5));
#4095 = SURFACE_CURVE('',#4096,(#4100,#4106),.PCURVE_S1.);
#4096 = LINE('',#4097,#4098);
#4097 = CARTESIAN_POINT('',(8.8,88.205197079319,-13.5));
#4098 = VECTOR('',#4099,1.);
#4099 = DIRECTION('',(1.,0.,0.));
#4100 = PCURVE('',#714,#4101);
#4101 = DEFINITIONAL_REPRESENTATION('',(#4102),#4105);
#4102 = B_SPLINE_CURVE_WITH_KNOTS('',1,(#4103,#4104),.UNSPECIFIED.,.F.,
  .F.,(2,2),(-5.999999999062E-07,4.1000006),.PIECEWISE_BEZIER_KNOTS.);
#4103 = CARTESIAN_POINT('',(2.2999994,82.205197079319));
#4104 = CARTESIAN_POINT('',(6.4000006,82.205197079319));
#4105 = ( GEOMETRIC_REPRESENTATION_CONTEXT(2) 
PARAMETRIC_REPRESENTATION_CONTEXT() REPRESENTATION_CONTEXT('2D SPACE',''
  ) );
#4106 = PCURVE('',#4107,#4112);
#4107 = CYLINDRICAL_SURFACE('',#4108,2.25);
#4108 = AXIS2_PLACEMENT_3D('',#4109,#4110,#4111);
#4109 = CARTESIAN_POINT('',(8.8,87.,-11.6));
#4110 = DIRECTION('',(1.,0.,0.));
#4111 = DIRECTION('',(-0.,0.,1.));
#4112 = DEFINITIONAL_REPRESENTATION('',(#4113),#4116);
#4113 = B_SPLINE_CURVE_WITH_KNOTS('',1,(#4114,#4115),.UNSPECIFIED.,.F.,
  .F.,(2,2),(-5.999999999062E-07,4.1000006),.PIECEWISE_BEZIER_KNOTS.);
#4114 = CARTESIAN_POINT('',(3.706861837609,-5.999999999062E-07));
#4115 = CARTESIAN_POINT('',(3.706861837609,4.1000006));
#4116 = ( GEOMETRIC_REPRESENTATION_CONTEXT(2) 
PARAMETRIC_REPRESENTATION_CONTEXT() REPRESENTATION_CONTEXT('2D SPACE',''
  ) );
#4117 = ORIENTED_EDGE('',*,*,#4118,.T.);
#4118 = EDGE_CURVE('',#4093,#3539,#4119,.T.);
#4119 = SURFACE_CURVE('',#4120,(#4125,#4136),.PCURVE_S1.);
#4120 = CIRCLE('',#4121,7.5);
#4121 = AXIS2_PLACEMENT_3D('',#4122,#4123,#4124);
#4122 = CARTESIAN_POINT('',(13.5,80.75,-13.5));
#4123 = DIRECTION('',(0.,0.,-1.));
#4124 = DIRECTION('',(1.,0.,0.));
#4125 = PCURVE('',#714,#4126);
#4126 = DEFINITIONAL_REPRESENTATION('',(#4127),#4135);
#4127 = ( BOUNDED_CURVE() B_SPLINE_CURVE(2,(#4128,#4129,#4130,#4131,
#4132,#4133,#4134),.UNSPECIFIED.,.T.,.F.) B_SPLINE_CURVE_WITH_KNOTS((1,2
    ,2,2,2,1),(-2.094395102393,0.,2.094395102393,4.188790204786,
6.28318530718,8.377580409573),.UNSPECIFIED.) CURVE() 
GEOMETRIC_REPRESENTATION_ITEM() RATIONAL_B_SPLINE_CURVE((1.,0.5,1.,0.5,
1.,0.5,1.)) REPRESENTATION_ITEM('') );
#4128 = CARTESIAN_POINT('',(14.5,74.75));
#4129 = CARTESIAN_POINT('',(14.5,61.759618943233));
#4130 = CARTESIAN_POINT('',(3.25,68.254809471617));
#4131 = CARTESIAN_POINT('',(-8.,74.75));
#4132 = CARTESIAN_POINT('',(3.25,81.245190528383));
#4133 = CARTESIAN_POINT('',(14.5,87.740381056767));
#4134 = CARTESIAN_POINT('',(14.5,74.75));
#4135 = ( GEOMETRIC_REPRESENTATION_CONTEXT(2) 
PARAMETRIC_REPRESENTATION_CONTEXT() REPRESENTATION_CONTEXT('2D SPACE',''
  ) );
#4136 = PCURVE('',#4137,#4142);
#4137 = CYLINDRICAL_SURFACE('',#4138,7.5);
#4138 = AXIS2_PLACEMENT_3D('',#4139,#4140,#4141);
#4139 = CARTESIAN_POINT('',(13.5,80.75,-13.7));
#4140 = DIRECTION('',(-0.,-0.,-1.));
#4141 = DIRECTION('',(1.,0.,0.));
#4142 = DEFINITIONAL_REPRESENTATION('',(#4143),#4147);
#4143 = LINE('',#4144,#4145);
#4144 = CARTESIAN_POINT('',(-6.28318530718,-0.2));
#4145 = VECTOR('',#4146,1.);
#4146 = DIRECTION('',(1.,-0.));
#4147 = ( GEOMETRIC_REPRESENTATION_CONTEXT(2) 
PARAMETRIC_REPRESENTATION_CONTEXT() REPRESENTATION_CONTEXT('2D SPACE',''
  ) );
#4148 = ADVANCED_FACE('',(#4149),#1051,.T.);
#4149 = FACE_BOUND('',#4150,.T.);
#4150 = EDGE_LOOP('',(#4151,#4152,#4153,#4154,#4182,#4202));
#4151 = ORIENTED_EDGE('',*,*,#1110,.T.);
#4152 = ORIENTED_EDGE('',*,*,#1135,.T.);
#4153 = ORIENTED_EDGE('',*,*,#1285,.T.);
#4154 = ORIENTED_EDGE('',*,*,#4155,.T.);
#4155 = EDGE_CURVE('',#1260,#4156,#4158,.T.);
#4156 = VERTEX_POINT('',#4157);
#4157 = CARTESIAN_POINT('',(53.505,-2.025,1.5));
#4158 = SURFACE_CURVE('',#4159,(#4164,#4175),.PCURVE_S1.);
#4159 = CIRCLE('',#4160,8.02);
#4160 = AXIS2_PLACEMENT_3D('',#4161,#4162,#4163);
#4161 = CARTESIAN_POINT('',(53.505,5.995,1.5));
#4162 = DIRECTION('',(0.,0.,-1.));
#4163 = DIRECTION('',(1.,0.,0.));
#4164 = PCURVE('',#1051,#4165);
#4165 = DEFINITIONAL_REPRESENTATION('',(#4166),#4174);
#4166 = ( BOUNDED_CURVE() B_SPLINE_CURVE(2,(#4167,#4168,#4169,#4170,
#4171,#4172,#4173),.UNSPECIFIED.,.T.,.F.) B_SPLINE_CURVE_WITH_KNOTS((1,2
    ,2,2,2,1),(-2.094395102393,0.,2.094395102393,4.188790204786,
6.28318530718,8.377580409573),.UNSPECIFIED.) CURVE() 
GEOMETRIC_REPRESENTATION_ITEM() RATIONAL_B_SPLINE_CURVE((1.,0.5,1.,0.5,
1.,0.5,1.)) REPRESENTATION_ITEM('') );
#4167 = CARTESIAN_POINT('',(55.03,9.02));
#4168 = CARTESIAN_POINT('',(55.03,-4.871047476702));
#4169 = CARTESIAN_POINT('',(43.,2.074476261649));
#4170 = CARTESIAN_POINT('',(30.97,9.02));
#4171 = CARTESIAN_POINT('',(43.,15.965523738351));
#4172 = CARTESIAN_POINT('',(55.03,22.911047476702));
#4173 = CARTESIAN_POINT('',(55.03,9.02));
#4174 = ( GEOMETRIC_REPRESENTATION_CONTEXT(2) 
PARAMETRIC_REPRESENTATION_CONTEXT() REPRESENTATION_CONTEXT('2D SPACE',''
  ) );
#4175 = PCURVE('',#1274,#4176);
#4176 = DEFINITIONAL_REPRESENTATION('',(#4177),#4181);
#4177 = LINE('',#4178,#4179);
#4178 = CARTESIAN_POINT('',(-6.28318530718,-1.25));
#4179 = VECTOR('',#4180,1.);
#4180 = DIRECTION('',(1.,-0.));
#4181 = ( GEOMETRIC_REPRESENTATION_CONTEXT(2) 
PARAMETRIC_REPRESENTATION_CONTEXT() REPRESENTATION_CONTEXT('2D SPACE',''
  ) );
#4182 = ORIENTED_EDGE('',*,*,#4183,.T.);
#4183 = EDGE_CURVE('',#4156,#1011,#4184,.T.);
#4184 = SURFACE_CURVE('',#4185,(#4189,#4195),.PCURVE_S1.);
#4185 = LINE('',#4186,#4187);
#4186 = CARTESIAN_POINT('',(6.495,-2.025,1.5));
#4187 = VECTOR('',#4188,1.);
#4188 = DIRECTION('',(-1.,0.,0.));
#4189 = PCURVE('',#1051,#4190);
#4190 = DEFINITIONAL_REPRESENTATION('',(#4191),#4194);
#4191 = B_SPLINE_CURVE_WITH_KNOTS('',1,(#4192,#4193),.UNSPECIFIED.,.F.,
  .F.,(2,2),(-47.01,0.),.PIECEWISE_BEZIER_KNOTS.);
#4192 = CARTESIAN_POINT('',(47.01,1.));
#4193 = CARTESIAN_POINT('',(0.,1.));
#4194 = ( GEOMETRIC_REPRESENTATION_CONTEXT(2) 
PARAMETRIC_REPRESENTATION_CONTEXT() REPRESENTATION_CONTEXT('2D SPACE',''
  ) );
#4195 = PCURVE('',#1025,#4196);
#4196 = DEFINITIONAL_REPRESENTATION('',(#4197),#4201);
#4197 = LINE('',#4198,#4199);
#4198 = CARTESIAN_POINT('',(1.25,0.));
#4199 = VECTOR('',#4200,1.);
#4200 = DIRECTION('',(0.,-1.));
#4201 = ( GEOMETRIC_REPRESENTATION_CONTEXT(2) 
PARAMETRIC_REPRESENTATION_CONTEXT() REPRESENTATION_CONTEXT('2D SPACE',''
  ) );
#4202 = ORIENTED_EDGE('',*,*,#1036,.F.);
#4203 = ADVANCED_FACE('',(#4204),#1025,.T.);
#4204 = FACE_BOUND('',#4205,.T.);
#4205 = EDGE_LOOP('',(#4206,#4207,#4230,#4250));
#4206 = ORIENTED_EDGE('',*,*,#4183,.F.);
#4207 = ORIENTED_EDGE('',*,*,#4208,.T.);
#4208 = EDGE_CURVE('',#4156,#4209,#4211,.T.);
#4209 = VERTEX_POINT('',#4210);
#4210 = CARTESIAN_POINT('',(53.505,-2.025,0.2));
#4211 = SURFACE_CURVE('',#4212,(#4216,#4223),.PCURVE_S1.);
#4212 = LINE('',#4213,#4214);
#4213 = CARTESIAN_POINT('',(53.505,-2.025,1.5));
#4214 = VECTOR('',#4215,1.);
#4215 = DIRECTION('',(0.,0.,-1.));
#4216 = PCURVE('',#1025,#4217);
#4217 = DEFINITIONAL_REPRESENTATION('',(#4218),#4222);
#4218 = LINE('',#4219,#4220);
#4219 = CARTESIAN_POINT('',(1.25,47.01));
#4220 = VECTOR('',#4221,1.);
#4221 = DIRECTION('',(-1.,0.));
#4222 = ( GEOMETRIC_REPRESENTATION_CONTEXT(2) 
PARAMETRIC_REPRESENTATION_CONTEXT() REPRESENTATION_CONTEXT('2D SPACE',''
  ) );
#4223 = PCURVE('',#1274,#4224);
#4224 = DEFINITIONAL_REPRESENTATION('',(#4225),#4229);
#4225 = LINE('',#4226,#4227);
#4226 = CARTESIAN_POINT('',(-4.712388980385,-1.25));
#4227 = VECTOR('',#4228,1.);
#4228 = DIRECTION('',(0.,1.));
#4229 = ( GEOMETRIC_REPRESENTATION_CONTEXT(2) 
PARAMETRIC_REPRESENTATION_CONTEXT() REPRESENTATION_CONTEXT('2D SPACE',''
  ) );
#4230 = ORIENTED_EDGE('',*,*,#4231,.T.);
#4231 = EDGE_CURVE('',#4209,#985,#4232,.T.);
#4232 = SURFACE_CURVE('',#4233,(#4237,#4244),.PCURVE_S1.);
#4233 = LINE('',#4234,#4235);
#4234 = CARTESIAN_POINT('',(6.4975,-2.025,0.2));
#4235 = VECTOR('',#4236,1.);
#4236 = DIRECTION('',(-1.,0.,0.));
#4237 = PCURVE('',#1025,#4238);
#4238 = DEFINITIONAL_REPRESENTATION('',(#4239),#4243);
#4239 = LINE('',#4240,#4241);
#4240 = CARTESIAN_POINT('',(-5.E-02,2.500000000003E-03));
#4241 = VECTOR('',#4242,1.);
#4242 = DIRECTION('',(0.,-1.));
#4243 = ( GEOMETRIC_REPRESENTATION_CONTEXT(2) 
PARAMETRIC_REPRESENTATION_CONTEXT() REPRESENTATION_CONTEXT('2D SPACE',''
  ) );
#4244 = PCURVE('',#999,#4245);
#4245 = DEFINITIONAL_REPRESENTATION('',(#4246),#4249);
#4246 = B_SPLINE_CURVE_WITH_KNOTS('',1,(#4247,#4248),.UNSPECIFIED.,.F.,
  .F.,(2,2),(-47.0075,2.500000000003E-03),.PIECEWISE_BEZIER_KNOTS.);
#4247 = CARTESIAN_POINT('',(47.005,-8.025));
#4248 = CARTESIAN_POINT('',(-5.000000000005E-03,-8.025));
#4249 = ( GEOMETRIC_REPRESENTATION_CONTEXT(2) 
PARAMETRIC_REPRESENTATION_CONTEXT() REPRESENTATION_CONTEXT('2D SPACE',''
  ) );
#4250 = ORIENTED_EDGE('',*,*,#1010,.F.);
#4251 = ADVANCED_FACE('',(#4252),#999,.F.);
#4252 = FACE_BOUND('',#4253,.F.);
#4253 = EDGE_LOOP('',(#4254,#4255,#4256,#4277,#4303,#4304));
#4254 = ORIENTED_EDGE('',*,*,#4231,.T.);
#4255 = ORIENTED_EDGE('',*,*,#984,.F.);
#4256 = ORIENTED_EDGE('',*,*,#4257,.T.);
#4257 = EDGE_CURVE('',#959,#4258,#4260,.T.);
#4258 = VERTEX_POINT('',#4259);
#4259 = CARTESIAN_POINT('',(53.5,-3.2,0.2));
#4260 = SURFACE_CURVE('',#4261,(#4265,#4271),.PCURVE_S1.);
#4261 = LINE('',#4262,#4263);
#4262 = CARTESIAN_POINT('',(6.5,-3.2,0.2));
#4263 = VECTOR('',#4264,1.);
#4264 = DIRECTION('',(1.,0.,0.));
#4265 = PCURVE('',#999,#4266);
#4266 = DEFINITIONAL_REPRESENTATION('',(#4267),#4270);
#4267 = B_SPLINE_CURVE_WITH_KNOTS('',1,(#4268,#4269),.UNSPECIFIED.,.F.,
  .F.,(2,2),(-1.7763568394E-15,47.),.PIECEWISE_BEZIER_KNOTS.);
#4268 = CARTESIAN_POINT('',(-2.6645352591E-15,-9.2));
#4269 = CARTESIAN_POINT('',(47.,-9.2));
#4270 = ( GEOMETRIC_REPRESENTATION_CONTEXT(2) 
PARAMETRIC_REPRESENTATION_CONTEXT() REPRESENTATION_CONTEXT('2D SPACE',''
  ) );
#4271 = PCURVE('',#973,#4272);
#4272 = DEFINITIONAL_REPRESENTATION('',(#4273),#4276);
#4273 = B_SPLINE_CURVE_WITH_KNOTS('',1,(#4274,#4275),.UNSPECIFIED.,.F.,
  .F.,(2,2),(-1.7763568394E-15,47.),.PIECEWISE_BEZIER_KNOTS.);
#4274 = CARTESIAN_POINT('',(10.7,0.));
#4275 = CARTESIAN_POINT('',(10.7,47.));
#4276 = ( GEOMETRIC_REPRESENTATION_CONTEXT(2) 
PARAMETRIC_REPRESENTATION_CONTEXT() REPRESENTATION_CONTEXT('2D SPACE',''
  ) );
#4277 = ORIENTED_EDGE('',*,*,#4278,.F.);
#4278 = EDGE_CURVE('',#1213,#4258,#4279,.T.);
#4279 = SURFACE_CURVE('',#4280,(#4285,#4296),.PCURVE_S1.);
#4280 = CIRCLE('',#4281,9.2);
#4281 = AXIS2_PLACEMENT_3D('',#4282,#4283,#4284);
#4282 = CARTESIAN_POINT('',(53.5,6.,0.2));
#4283 = DIRECTION('',(0.,0.,-1.));
#4284 = DIRECTION('',(1.,0.,0.));
#4285 = PCURVE('',#999,#4286);
#4286 = DEFINITIONAL_REPRESENTATION('',(#4287),#4295);
#4287 = ( BOUNDED_CURVE() B_SPLINE_CURVE(2,(#4288,#4289,#4290,#4291,
#4292,#4293,#4294),.UNSPECIFIED.,.T.,.F.) B_SPLINE_CURVE_WITH_KNOTS((1,2
    ,2,2,2,1),(-2.094395102393,0.,2.094395102393,4.188790204786,
6.28318530718,8.377580409573),.UNSPECIFIED.) CURVE() 
GEOMETRIC_REPRESENTATION_ITEM() RATIONAL_B_SPLINE_CURVE((1.,0.5,1.,0.5,
1.,0.5,1.)) REPRESENTATION_ITEM('') );
#4288 = CARTESIAN_POINT('',(56.2,0.));
#4289 = CARTESIAN_POINT('',(56.2,-15.93486742963));
#4290 = CARTESIAN_POINT('',(42.4,-7.967433714817));
#4291 = CARTESIAN_POINT('',(28.6,-2.253350110431E-15));
#4292 = CARTESIAN_POINT('',(42.4,7.967433714817));
#4293 = CARTESIAN_POINT('',(56.2,15.934867429634));
#4294 = CARTESIAN_POINT('',(56.2,0.));
#4295 = ( GEOMETRIC_REPRESENTATION_CONTEXT(2) 
PARAMETRIC_REPRESENTATION_CONTEXT() REPRESENTATION_CONTEXT('2D SPACE',''
  ) );
#4296 = PCURVE('',#1227,#4297);
#4297 = DEFINITIONAL_REPRESENTATION('',(#4298),#4302);
#4298 = LINE('',#4299,#4300);
#4299 = CARTESIAN_POINT('',(-6.28318530718,-10.7));
#4300 = VECTOR('',#4301,1.);
#4301 = DIRECTION('',(1.,-0.));
#4302 = ( GEOMETRIC_REPRESENTATION_CONTEXT(2) 
PARAMETRIC_REPRESENTATION_CONTEXT() REPRESENTATION_CONTEXT('2D SPACE',''
  ) );
#4303 = ORIENTED_EDGE('',*,*,#1238,.T.);
#4304 = ORIENTED_EDGE('',*,*,#4305,.T.);
#4305 = EDGE_CURVE('',#1239,#4209,#4306,.T.);
#4306 = SURFACE_CURVE('',#4307,(#4312,#4323),.PCURVE_S1.);
#4307 = CIRCLE('',#4308,8.02);
#4308 = AXIS2_PLACEMENT_3D('',#4309,#4310,#4311);
#4309 = CARTESIAN_POINT('',(53.505,5.995,0.2));
#4310 = DIRECTION('',(0.,0.,-1.));
#4311 = DIRECTION('',(1.,0.,0.));
#4312 = PCURVE('',#999,#4313);
#4313 = DEFINITIONAL_REPRESENTATION('',(#4314),#4322);
#4314 = ( BOUNDED_CURVE() B_SPLINE_CURVE(2,(#4315,#4316,#4317,#4318,
#4319,#4320,#4321),.UNSPECIFIED.,.T.,.F.) B_SPLINE_CURVE_WITH_KNOTS((1,2
    ,2,2,2,1),(-2.094395102393,0.,2.094395102393,4.188790204786,
6.28318530718,8.377580409573),.UNSPECIFIED.) CURVE() 
GEOMETRIC_REPRESENTATION_ITEM() RATIONAL_B_SPLINE_CURVE((1.,0.5,1.,0.5,
1.,0.5,1.)) REPRESENTATION_ITEM('') );
#4315 = CARTESIAN_POINT('',(55.025,-5.00000000001E-03));
#4316 = CARTESIAN_POINT('',(55.025,-13.8960474767));
#4317 = CARTESIAN_POINT('',(42.995,-6.950523738351));
#4318 = CARTESIAN_POINT('',(30.965,-5.000000000012E-03));
#4319 = CARTESIAN_POINT('',(42.995,6.940523738351));
#4320 = CARTESIAN_POINT('',(55.025,13.886047476702));
#4321 = CARTESIAN_POINT('',(55.025,-5.00000000001E-03));
#4322 = ( GEOMETRIC_REPRESENTATION_CONTEXT(2) 
PARAMETRIC_REPRESENTATION_CONTEXT() REPRESENTATION_CONTEXT('2D SPACE',''
  ) );
#4323 = PCURVE('',#1274,#4324);
#4324 = DEFINITIONAL_REPRESENTATION('',(#4325),#4329);
#4325 = LINE('',#4326,#4327);
#4326 = CARTESIAN_POINT('',(-6.28318530718,5.E-02));
#4327 = VECTOR('',#4328,1.);
#4328 = DIRECTION('',(1.,-0.));
#4329 = ( GEOMETRIC_REPRESENTATION_CONTEXT(2) 
PARAMETRIC_REPRESENTATION_CONTEXT() REPRESENTATION_CONTEXT('2D SPACE',''
  ) );
#4330 = ADVANCED_FACE('',(#4331),#973,.T.);
#4331 = FACE_BOUND('',#4332,.T.);
#4332 = EDGE_LOOP('',(#4333,#4356,#4384,#4405,#4406,#4427,#4446,#4447,
    #4448));
#4333 = ORIENTED_EDGE('',*,*,#4334,.F.);
#4334 = EDGE_CURVE('',#4335,#4258,#4337,.T.);
#4335 = VERTEX_POINT('',#4336);
#4336 = CARTESIAN_POINT('',(53.5,-3.2,-10.5));
#4337 = SURFACE_CURVE('',#4338,(#4342,#4349),.PCURVE_S1.);
#4338 = LINE('',#4339,#4340);
#4339 = CARTESIAN_POINT('',(53.5,-3.2,-10.5));
#4340 = VECTOR('',#4341,1.);
#4341 = DIRECTION('',(0.,0.,1.));
#4342 = PCURVE('',#973,#4343);
#4343 = DEFINITIONAL_REPRESENTATION('',(#4344),#4348);
#4344 = LINE('',#4345,#4346);
#4345 = CARTESIAN_POINT('',(0.,47.));
#4346 = VECTOR('',#4347,1.);
#4347 = DIRECTION('',(1.,0.));
#4348 = ( GEOMETRIC_REPRESENTATION_CONTEXT(2) 
PARAMETRIC_REPRESENTATION_CONTEXT() REPRESENTATION_CONTEXT('2D SPACE',''
  ) );
#4349 = PCURVE('',#1227,#4350);
#4350 = DEFINITIONAL_REPRESENTATION('',(#4351),#4355);
#4351 = LINE('',#4352,#4353);
#4352 = CARTESIAN_POINT('',(-4.712388980385,0.));
#4353 = VECTOR('',#4354,1.);
#4354 = DIRECTION('',(-0.,-1.));
#4355 = ( GEOMETRIC_REPRESENTATION_CONTEXT(2) 
PARAMETRIC_REPRESENTATION_CONTEXT() REPRESENTATION_CONTEXT('2D SPACE',''
  ) );
#4356 = ORIENTED_EDGE('',*,*,#4357,.F.);
#4357 = EDGE_CURVE('',#4358,#4335,#4360,.T.);
#4358 = VERTEX_POINT('',#4359);
#4359 = CARTESIAN_POINT('',(6.5,-3.2,-10.5));
#4360 = SURFACE_CURVE('',#4361,(#4365,#4372),.PCURVE_S1.);
#4361 = LINE('',#4362,#4363);
#4362 = CARTESIAN_POINT('',(6.5,-3.2,-10.5));
#4363 = VECTOR('',#4364,1.);
#4364 = DIRECTION('',(1.,0.,0.));
#4365 = PCURVE('',#973,#4366);
#4366 = DEFINITIONAL_REPRESENTATION('',(#4367),#4371);
#4367 = LINE('',#4368,#4369);
#4368 = CARTESIAN_POINT('',(0.,0.));
#4369 = VECTOR('',#4370,1.);
#4370 = DIRECTION('',(0.,1.));
#4371 = ( GEOMETRIC_REPRESENTATION_CONTEXT(2) 
PARAMETRIC_REPRESENTATION_CONTEXT() REPRESENTATION_CONTEXT('2D SPACE',''
  ) );
#4372 = PCURVE('',#4373,#4378);
#4373 = PLANE('',#4374);
#4374 = AXIS2_PLACEMENT_3D('',#4375,#4376,#4377);
#4375 = CARTESIAN_POINT('',(6.5,6.,-10.5));
#4376 = DIRECTION('',(0.,0.,1.));
#4377 = DIRECTION('',(1.,0.,-0.));
#4378 = DEFINITIONAL_REPRESENTATION('',(#4379),#4383);
#4379 = LINE('',#4380,#4381);
#4380 = CARTESIAN_POINT('',(8.881784197001E-16,-9.2));
#4381 = VECTOR('',#4382,1.);
#4382 = DIRECTION('',(1.,0.));
#4383 = ( GEOMETRIC_REPRESENTATION_CONTEXT(2) 
PARAMETRIC_REPRESENTATION_CONTEXT() REPRESENTATION_CONTEXT('2D SPACE',''
  ) );
#4384 = ORIENTED_EDGE('',*,*,#4385,.T.);
#4385 = EDGE_CURVE('',#4358,#3086,#4386,.T.);
#4386 = SURFACE_CURVE('',#4387,(#4391,#4398),.PCURVE_S1.);
#4387 = LINE('',#4388,#4389);
#4388 = CARTESIAN_POINT('',(6.5,-3.2,-10.5));
#4389 = VECTOR('',#4390,1.);
#4390 = DIRECTION('',(0.,0.,1.));
#4391 = PCURVE('',#973,#4392);
#4392 = DEFINITIONAL_REPRESENTATION('',(#4393),#4397);
#4393 = LINE('',#4394,#4395);
#4394 = CARTESIAN_POINT('',(0.,0.));
#4395 = VECTOR('',#4396,1.);
#4396 = DIRECTION('',(1.,0.));
#4397 = ( GEOMETRIC_REPRESENTATION_CONTEXT(2) 
PARAMETRIC_REPRESENTATION_CONTEXT() REPRESENTATION_CONTEXT('2D SPACE',''
  ) );
#4398 = PCURVE('',#3119,#4399);
#4399 = DEFINITIONAL_REPRESENTATION('',(#4400),#4404);
#4400 = LINE('',#4401,#4402);
#4401 = CARTESIAN_POINT('',(-4.712388980385,0.));
#4402 = VECTOR('',#4403,1.);
#4403 = DIRECTION('',(-0.,-1.));
#4404 = ( GEOMETRIC_REPRESENTATION_CONTEXT(2) 
PARAMETRIC_REPRESENTATION_CONTEXT() REPRESENTATION_CONTEXT('2D SPACE',''
  ) );
#4405 = ORIENTED_EDGE('',*,*,#3140,.F.);
#4406 = ORIENTED_EDGE('',*,*,#4407,.T.);
#4407 = EDGE_CURVE('',#3141,#4408,#4410,.T.);
#4408 = VERTEX_POINT('',#4409);
#4409 = CARTESIAN_POINT('',(14.79,-3.2,0.2));
#4410 = SURFACE_CURVE('',#4411,(#4415,#4421),.PCURVE_S1.);
#4411 = LINE('',#4412,#4413);
#4412 = CARTESIAN_POINT('',(6.5,-3.2,0.2));
#4413 = VECTOR('',#4414,1.);
#4414 = DIRECTION('',(1.,0.,0.));
#4415 = PCURVE('',#973,#4416);
#4416 = DEFINITIONAL_REPRESENTATION('',(#4417),#4420);
#4417 = B_SPLINE_CURVE_WITH_KNOTS('',1,(#4418,#4419),.UNSPECIFIED.,.F.,
  .F.,(2,2),(-1.7763568394E-15,47.),.PIECEWISE_BEZIER_KNOTS.);
#4418 = CARTESIAN_POINT('',(10.7,0.));
#4419 = CARTESIAN_POINT('',(10.7,47.));
#4420 = ( GEOMETRIC_REPRESENTATION_CONTEXT(2) 
PARAMETRIC_REPRESENTATION_CONTEXT() REPRESENTATION_CONTEXT('2D SPACE',''
  ) );
#4421 = PCURVE('',#3179,#4422);
#4422 = DEFINITIONAL_REPRESENTATION('',(#4423),#4426);
#4423 = B_SPLINE_CURVE_WITH_KNOTS('',1,(#4424,#4425),.UNSPECIFIED.,.F.,
  .F.,(2,2),(-1.7763568394E-15,47.),.PIECEWISE_BEZIER_KNOTS.);
#4424 = CARTESIAN_POINT('',(-2.6645352591E-15,-9.2));
#4425 = CARTESIAN_POINT('',(47.,-9.2));
#4426 = ( GEOMETRIC_REPRESENTATION_CONTEXT(2) 
PARAMETRIC_REPRESENTATION_CONTEXT() REPRESENTATION_CONTEXT('2D SPACE',''
  ) );
#4427 = ORIENTED_EDGE('',*,*,#4428,.T.);
#4428 = EDGE_CURVE('',#4408,#2828,#4429,.T.);
#4429 = SURFACE_CURVE('',#4430,(#4434,#4440),.PCURVE_S1.);
#4430 = LINE('',#4431,#4432);
#4431 = CARTESIAN_POINT('',(14.79,-3.2,-5.9));
#4432 = VECTOR('',#4433,1.);
#4433 = DIRECTION('',(0.,0.,-1.));
#4434 = PCURVE('',#973,#4435);
#4435 = DEFINITIONAL_REPRESENTATION('',(#4436),#4439);
#4436 = B_SPLINE_CURVE_WITH_KNOTS('',1,(#4437,#4438),.UNSPECIFIED.,.F.,
  .F.,(2,2),(-6.1,-4.6),.PIECEWISE_BEZIER_KNOTS.);
#4437 = CARTESIAN_POINT('',(10.7,8.29));
#4438 = CARTESIAN_POINT('',(9.2,8.29));
#4439 = ( GEOMETRIC_REPRESENTATION_CONTEXT(2) 
PARAMETRIC_REPRESENTATION_CONTEXT() REPRESENTATION_CONTEXT('2D SPACE',''
  ) );
#4440 = PCURVE('',#2864,#4441);
#4441 = DEFINITIONAL_REPRESENTATION('',(#4442),#4445);
#4442 = B_SPLINE_CURVE_WITH_KNOTS('',1,(#4443,#4444),.UNSPECIFIED.,.F.,
  .F.,(2,2),(-6.1,-4.6),.PIECEWISE_BEZIER_KNOTS.);
#4443 = CARTESIAN_POINT('',(1.5,-1.65));
#4444 = CARTESIAN_POINT('',(0.,-1.65));
#4445 = ( GEOMETRIC_REPRESENTATION_CONTEXT(2) 
PARAMETRIC_REPRESENTATION_CONTEXT() REPRESENTATION_CONTEXT('2D SPACE',''
  ) );
#4446 = ORIENTED_EDGE('',*,*,#2827,.T.);
#4447 = ORIENTED_EDGE('',*,*,#958,.F.);
#4448 = ORIENTED_EDGE('',*,*,#4257,.T.);
#4449 = ADVANCED_FACE('',(#4450),#1200,.T.);
#4450 = FACE_BOUND('',#4451,.T.);
#4451 = EDGE_LOOP('',(#4452,#4478,#4479));
#4452 = ORIENTED_EDGE('',*,*,#4453,.T.);
#4453 = EDGE_CURVE('',#1332,#1183,#4454,.T.);
#4454 = SURFACE_CURVE('',#4455,(#4460,#4471),.PCURVE_S1.);
#4455 = CIRCLE('',#4456,9.2);
#4456 = AXIS2_PLACEMENT_3D('',#4457,#4458,#4459);
#4457 = CARTESIAN_POINT('',(53.5,6.,5.E-02));
#4458 = DIRECTION('',(0.,0.,-1.));
#4459 = DIRECTION('',(1.,0.,0.));
#4460 = PCURVE('',#1200,#4461);
#4461 = DEFINITIONAL_REPRESENTATION('',(#4462),#4470);
#4462 = ( BOUNDED_CURVE() B_SPLINE_CURVE(2,(#4463,#4464,#4465,#4466,
#4467,#4468,#4469),.UNSPECIFIED.,.T.,.F.) B_SPLINE_CURVE_WITH_KNOTS((1,2
    ,2,2,2,1),(-2.094395102393,0.,2.094395102393,4.188790204786,
6.28318530718,8.377580409573),.UNSPECIFIED.) CURVE() 
GEOMETRIC_REPRESENTATION_ITEM() RATIONAL_B_SPLINE_CURVE((1.,0.5,1.,0.5,
1.,0.5,1.)) REPRESENTATION_ITEM('') );
#4463 = CARTESIAN_POINT('',(63.,6.3));
#4464 = CARTESIAN_POINT('',(63.,-9.634867429634));
#4465 = CARTESIAN_POINT('',(49.2,-1.667433714817));
#4466 = CARTESIAN_POINT('',(35.4,6.3));
#4467 = CARTESIAN_POINT('',(49.2,14.267433714817));
#4468 = CARTESIAN_POINT('',(63.,22.234867429634));
#4469 = CARTESIAN_POINT('',(63.,6.3));
#4470 = ( GEOMETRIC_REPRESENTATION_CONTEXT(2) 
PARAMETRIC_REPRESENTATION_CONTEXT() REPRESENTATION_CONTEXT('2D SPACE',''
  ) );
#4471 = PCURVE('',#1227,#4472);
#4472 = DEFINITIONAL_REPRESENTATION('',(#4473),#4477);
#4473 = LINE('',#4474,#4475);
#4474 = CARTESIAN_POINT('',(-6.28318530718,-10.55));
#4475 = VECTOR('',#4476,1.);
#4476 = DIRECTION('',(1.,-0.));
#4477 = ( GEOMETRIC_REPRESENTATION_CONTEXT(2) 
PARAMETRIC_REPRESENTATION_CONTEXT() REPRESENTATION_CONTEXT('2D SPACE',''
  ) );
#4478 = ORIENTED_EDGE('',*,*,#1182,.T.);
#4479 = ORIENTED_EDGE('',*,*,#1331,.T.);
#4480 = ADVANCED_FACE('',(#4481),#1274,.F.);
#4481 = FACE_BOUND('',#4482,.T.);
#4482 = EDGE_LOOP('',(#4483,#4484,#4485,#4486));
#4483 = ORIENTED_EDGE('',*,*,#4155,.F.);
#4484 = ORIENTED_EDGE('',*,*,#1259,.T.);
#4485 = ORIENTED_EDGE('',*,*,#4305,.T.);
#4486 = ORIENTED_EDGE('',*,*,#4208,.F.);
#4487 = ADVANCED_FACE('',(#4488),#1227,.F.);
#4488 = FACE_BOUND('',#4489,.T.);
#4489 = EDGE_LOOP('',(#4490,#4514,#4536,#4537,#4538,#4539,#4540,#4541));
#4490 = ORIENTED_EDGE('',*,*,#4491,.F.);
#4491 = EDGE_CURVE('',#4492,#4494,#4496,.T.);
#4492 = VERTEX_POINT('',#4493);
#4493 = CARTESIAN_POINT('',(62.7,6.,-10.5));
#4494 = VERTEX_POINT('',#4495);
#4495 = CARTESIAN_POINT('',(62.7,6.,0.2));
#4496 = SURFACE_CURVE('',#4497,(#4501,#4507),.PCURVE_S1.);
#4497 = LINE('',#4498,#4499);
#4498 = CARTESIAN_POINT('',(62.7,6.,-10.5));
#4499 = VECTOR('',#4500,1.);
#4500 = DIRECTION('',(0.,0.,1.));
#4501 = PCURVE('',#1227,#4502);
#4502 = DEFINITIONAL_REPRESENTATION('',(#4503),#4506);
#4503 = B_SPLINE_CURVE_WITH_KNOTS('',1,(#4504,#4505),.UNSPECIFIED.,.F.,
  .F.,(2,2),(0.,11.4),.PIECEWISE_BEZIER_KNOTS.);
#4504 = CARTESIAN_POINT('',(-6.28318530718,0.));
#4505 = CARTESIAN_POINT('',(-6.28318530718,-11.4));
#4506 = ( GEOMETRIC_REPRESENTATION_CONTEXT(2) 
PARAMETRIC_REPRESENTATION_CONTEXT() REPRESENTATION_CONTEXT('2D SPACE',''
  ) );
#4507 = PCURVE('',#1617,#4508);
#4508 = DEFINITIONAL_REPRESENTATION('',(#4509),#4513);
#4509 = LINE('',#4510,#4511);
#4510 = CARTESIAN_POINT('',(0.,0.));
#4511 = VECTOR('',#4512,1.);
#4512 = DIRECTION('',(1.,0.));
#4513 = ( GEOMETRIC_REPRESENTATION_CONTEXT(2) 
PARAMETRIC_REPRESENTATION_CONTEXT() REPRESENTATION_CONTEXT('2D SPACE',''
  ) );
#4514 = ORIENTED_EDGE('',*,*,#4515,.F.);
#4515 = EDGE_CURVE('',#4335,#4492,#4516,.T.);
#4516 = SURFACE_CURVE('',#4517,(#4522,#4529),.PCURVE_S1.);
#4517 = CIRCLE('',#4518,9.2);
#4518 = AXIS2_PLACEMENT_3D('',#4519,#4520,#4521);
#4519 = CARTESIAN_POINT('',(53.5,6.,-10.5));
#4520 = DIRECTION('',(0.,0.,1.));
#4521 = DIRECTION('',(1.,0.,0.));
#4522 = PCURVE('',#1227,#4523);
#4523 = DEFINITIONAL_REPRESENTATION('',(#4524),#4528);
#4524 = LINE('',#4525,#4526);
#4525 = CARTESIAN_POINT('',(-0.,0.));
#4526 = VECTOR('',#4527,1.);
#4527 = DIRECTION('',(-1.,0.));
#4528 = ( GEOMETRIC_REPRESENTATION_CONTEXT(2) 
PARAMETRIC_REPRESENTATION_CONTEXT() REPRESENTATION_CONTEXT('2D SPACE',''
  ) );
#4529 = PCURVE('',#4373,#4530);
#4530 = DEFINITIONAL_REPRESENTATION('',(#4531),#4535);
#4531 = CIRCLE('',#4532,9.2);
#4532 = AXIS2_PLACEMENT_2D('',#4533,#4534);
#4533 = CARTESIAN_POINT('',(47.,-8.881784197001E-16));
#4534 = DIRECTION('',(1.,0.));
#4535 = ( GEOMETRIC_REPRESENTATION_CONTEXT(2) 
PARAMETRIC_REPRESENTATION_CONTEXT() REPRESENTATION_CONTEXT('2D SPACE',''
  ) );
#4536 = ORIENTED_EDGE('',*,*,#4334,.T.);
#4537 = ORIENTED_EDGE('',*,*,#4278,.F.);
#4538 = ORIENTED_EDGE('',*,*,#1212,.T.);
#4539 = ORIENTED_EDGE('',*,*,#4453,.F.);
#4540 = ORIENTED_EDGE('',*,*,#1354,.F.);
#4541 = ORIENTED_EDGE('',*,*,#4542,.F.);
#4542 = EDGE_CURVE('',#4494,#1355,#4543,.T.);
#4543 = SURFACE_CURVE('',#4544,(#4549,#4556),.PCURVE_S1.);
#4544 = CIRCLE('',#4545,9.2);
#4545 = AXIS2_PLACEMENT_3D('',#4546,#4547,#4548);
#4546 = CARTESIAN_POINT('',(53.5,6.,0.2));
#4547 = DIRECTION('',(0.,0.,-1.));
#4548 = DIRECTION('',(1.,0.,0.));
#4549 = PCURVE('',#1227,#4550);
#4550 = DEFINITIONAL_REPRESENTATION('',(#4551),#4555);
#4551 = LINE('',#4552,#4553);
#4552 = CARTESIAN_POINT('',(-6.28318530718,-10.7));
#4553 = VECTOR('',#4554,1.);
#4554 = DIRECTION('',(1.,-0.));
#4555 = ( GEOMETRIC_REPRESENTATION_CONTEXT(2) 
PARAMETRIC_REPRESENTATION_CONTEXT() REPRESENTATION_CONTEXT('2D SPACE',''
  ) );
#4556 = PCURVE('',#1390,#4557);
#4557 = DEFINITIONAL_REPRESENTATION('',(#4558),#4566);
#4558 = ( BOUNDED_CURVE() B_SPLINE_CURVE(2,(#4559,#4560,#4561,#4562,
#4563,#4564,#4565),.UNSPECIFIED.,.T.,.F.) B_SPLINE_CURVE_WITH_KNOTS((1,2
    ,2,2,2,1),(-2.094395102393,0.,2.094395102393,4.188790204786,
6.28318530718,8.377580409573),.UNSPECIFIED.) CURVE() 
GEOMETRIC_REPRESENTATION_ITEM() RATIONAL_B_SPLINE_CURVE((1.,0.5,1.,0.5,
1.,0.5,1.)) REPRESENTATION_ITEM('') );
#4559 = CARTESIAN_POINT('',(56.2,0.));
#4560 = CARTESIAN_POINT('',(56.2,-15.93486742963));
#4561 = CARTESIAN_POINT('',(42.4,-7.967433714817));
#4562 = CARTESIAN_POINT('',(28.6,-2.253350110431E-15));
#4563 = CARTESIAN_POINT('',(42.4,7.967433714817));
#4564 = CARTESIAN_POINT('',(56.2,15.934867429634));
#4565 = CARTESIAN_POINT('',(56.2,0.));
#4566 = ( GEOMETRIC_REPRESENTATION_CONTEXT(2) 
PARAMETRIC_REPRESENTATION_CONTEXT() REPRESENTATION_CONTEXT('2D SPACE',''
  ) );
#4567 = ADVANCED_FACE('',(#4568),#1442,.T.);
#4568 = FACE_BOUND('',#4569,.T.);
#4569 = EDGE_LOOP('',(#4570,#4571,#4572,#4594,#4620,#4621));
#4570 = ORIENTED_EDGE('',*,*,#1548,.T.);
#4571 = ORIENTED_EDGE('',*,*,#1675,.T.);
#4572 = ORIENTED_EDGE('',*,*,#4573,.F.);
#4573 = EDGE_CURVE('',#4574,#1650,#4576,.T.);
#4574 = VERTEX_POINT('',#4575);
#4575 = CARTESIAN_POINT('',(61.525,5.995,1.5));
#4576 = SURFACE_CURVE('',#4577,(#4581,#4587),.PCURVE_S1.);
#4577 = LINE('',#4578,#4579);
#4578 = CARTESIAN_POINT('',(61.525,1.485,1.5));
#4579 = VECTOR('',#4580,1.);
#4580 = DIRECTION('',(0.,1.,0.));
#4581 = PCURVE('',#1442,#4582);
#4582 = DEFINITIONAL_REPRESENTATION('',(#4583),#4586);
#4583 = B_SPLINE_CURVE_WITH_KNOTS('',1,(#4584,#4585),.UNSPECIFIED.,.F.,
  .F.,(2,2),(4.51,97.52),.PIECEWISE_BEZIER_KNOTS.);
#4584 = CARTESIAN_POINT('',(55.03,9.02));
#4585 = CARTESIAN_POINT('',(55.03,102.03));
#4586 = ( GEOMETRIC_REPRESENTATION_CONTEXT(2) 
PARAMETRIC_REPRESENTATION_CONTEXT() REPRESENTATION_CONTEXT('2D SPACE',''
  ) );
#4587 = PCURVE('',#1664,#4588);
#4588 = DEFINITIONAL_REPRESENTATION('',(#4589),#4593);
#4589 = LINE('',#4590,#4591);
#4590 = CARTESIAN_POINT('',(1.25,4.51));
#4591 = VECTOR('',#4592,1.);
#4592 = DIRECTION('',(0.,-1.));
#4593 = ( GEOMETRIC_REPRESENTATION_CONTEXT(2) 
PARAMETRIC_REPRESENTATION_CONTEXT() REPRESENTATION_CONTEXT('2D SPACE',''
  ) );
#4594 = ORIENTED_EDGE('',*,*,#4595,.T.);
#4595 = EDGE_CURVE('',#4574,#1402,#4596,.T.);
#4596 = SURFACE_CURVE('',#4597,(#4602,#4613),.PCURVE_S1.);
#4597 = CIRCLE('',#4598,8.02);
#4598 = AXIS2_PLACEMENT_3D('',#4599,#4600,#4601);
#4599 = CARTESIAN_POINT('',(53.505,5.995,1.5));
#4600 = DIRECTION('',(0.,0.,-1.));
#4601 = DIRECTION('',(1.,0.,0.));
#4602 = PCURVE('',#1442,#4603);
#4603 = DEFINITIONAL_REPRESENTATION('',(#4604),#4612);
#4604 = ( BOUNDED_CURVE() B_SPLINE_CURVE(2,(#4605,#4606,#4607,#4608,
#4609,#4610,#4611),.UNSPECIFIED.,.T.,.F.) B_SPLINE_CURVE_WITH_KNOTS((1,2
    ,2,2,2,1),(-2.094395102393,0.,2.094395102393,4.188790204786,
6.28318530718,8.377580409573),.UNSPECIFIED.) CURVE() 
GEOMETRIC_REPRESENTATION_ITEM() RATIONAL_B_SPLINE_CURVE((1.,0.5,1.,0.5,
1.,0.5,1.)) REPRESENTATION_ITEM('') );
#4605 = CARTESIAN_POINT('',(55.03,9.02));
#4606 = CARTESIAN_POINT('',(55.03,-4.871047476702));
#4607 = CARTESIAN_POINT('',(43.,2.074476261649));
#4608 = CARTESIAN_POINT('',(30.97,9.02));
#4609 = CARTESIAN_POINT('',(43.,15.965523738351));
#4610 = CARTESIAN_POINT('',(55.03,22.911047476702));
#4611 = CARTESIAN_POINT('',(55.03,9.02));
#4612 = ( GEOMETRIC_REPRESENTATION_CONTEXT(2) 
PARAMETRIC_REPRESENTATION_CONTEXT() REPRESENTATION_CONTEXT('2D SPACE',''
  ) );
#4613 = PCURVE('',#1416,#4614);
#4614 = DEFINITIONAL_REPRESENTATION('',(#4615),#4619);
#4615 = LINE('',#4616,#4617);
#4616 = CARTESIAN_POINT('',(-6.28318530718,-1.25));
#4617 = VECTOR('',#4618,1.);
#4618 = DIRECTION('',(1.,-0.));
#4619 = ( GEOMETRIC_REPRESENTATION_CONTEXT(2) 
PARAMETRIC_REPRESENTATION_CONTEXT() REPRESENTATION_CONTEXT('2D SPACE',''
  ) );
#4620 = ORIENTED_EDGE('',*,*,#1427,.F.);
#4621 = ORIENTED_EDGE('',*,*,#1477,.T.);
#4622 = ADVANCED_FACE('',(#4623),#1416,.F.);
#4623 = FACE_BOUND('',#4624,.T.);
#4624 = EDGE_LOOP('',(#4625,#4626,#4649,#4675));
#4625 = ORIENTED_EDGE('',*,*,#4595,.F.);
#4626 = ORIENTED_EDGE('',*,*,#4627,.T.);
#4627 = EDGE_CURVE('',#4574,#4628,#4630,.T.);
#4628 = VERTEX_POINT('',#4629);
#4629 = CARTESIAN_POINT('',(61.525,5.995,0.2));
#4630 = SURFACE_CURVE('',#4631,(#4635,#4642),.PCURVE_S1.);
#4631 = LINE('',#4632,#4633);
#4632 = CARTESIAN_POINT('',(61.525,5.995,1.5));
#4633 = VECTOR('',#4634,1.);
#4634 = DIRECTION('',(0.,0.,-1.));
#4635 = PCURVE('',#1416,#4636);
#4636 = DEFINITIONAL_REPRESENTATION('',(#4637),#4641);
#4637 = LINE('',#4638,#4639);
#4638 = CARTESIAN_POINT('',(-6.28318530718,-1.25));
#4639 = VECTOR('',#4640,1.);
#4640 = DIRECTION('',(0.,1.));
#4641 = ( GEOMETRIC_REPRESENTATION_CONTEXT(2) 
PARAMETRIC_REPRESENTATION_CONTEXT() REPRESENTATION_CONTEXT('2D SPACE',''
  ) );
#4642 = PCURVE('',#1664,#4643);
#4643 = DEFINITIONAL_REPRESENTATION('',(#4644),#4648);
#4644 = LINE('',#4645,#4646);
#4645 = CARTESIAN_POINT('',(1.25,0.));
#4646 = VECTOR('',#4647,1.);
#4647 = DIRECTION('',(-1.,0.));
#4648 = ( GEOMETRIC_REPRESENTATION_CONTEXT(2) 
PARAMETRIC_REPRESENTATION_CONTEXT() REPRESENTATION_CONTEXT('2D SPACE',''
  ) );
#4649 = ORIENTED_EDGE('',*,*,#4650,.T.);
#4650 = EDGE_CURVE('',#4628,#1376,#4651,.T.);
#4651 = SURFACE_CURVE('',#4652,(#4657,#4664),.PCURVE_S1.);
#4652 = CIRCLE('',#4653,8.02);
#4653 = AXIS2_PLACEMENT_3D('',#4654,#4655,#4656);
#4654 = CARTESIAN_POINT('',(53.505,5.995,0.2));
#4655 = DIRECTION('',(0.,0.,-1.));
#4656 = DIRECTION('',(1.,0.,0.));
#4657 = PCURVE('',#1416,#4658);
#4658 = DEFINITIONAL_REPRESENTATION('',(#4659),#4663);
#4659 = LINE('',#4660,#4661);
#4660 = CARTESIAN_POINT('',(-6.28318530718,5.E-02));
#4661 = VECTOR('',#4662,1.);
#4662 = DIRECTION('',(1.,-0.));
#4663 = ( GEOMETRIC_REPRESENTATION_CONTEXT(2) 
PARAMETRIC_REPRESENTATION_CONTEXT() REPRESENTATION_CONTEXT('2D SPACE',''
  ) );
#4664 = PCURVE('',#1390,#4665);
#4665 = DEFINITIONAL_REPRESENTATION('',(#4666),#4674);
#4666 = ( BOUNDED_CURVE() B_SPLINE_CURVE(2,(#4667,#4668,#4669,#4670,
#4671,#4672,#4673),.UNSPECIFIED.,.T.,.F.) B_SPLINE_CURVE_WITH_KNOTS((1,2
    ,2,2,2,1),(-2.094395102393,0.,2.094395102393,4.188790204786,
6.28318530718,8.377580409573),.UNSPECIFIED.) CURVE() 
GEOMETRIC_REPRESENTATION_ITEM() RATIONAL_B_SPLINE_CURVE((1.,0.5,1.,0.5,
1.,0.5,1.)) REPRESENTATION_ITEM('') );
#4667 = CARTESIAN_POINT('',(55.025,-5.00000000001E-03));
#4668 = CARTESIAN_POINT('',(55.025,-13.8960474767));
#4669 = CARTESIAN_POINT('',(42.995,-6.950523738351));
#4670 = CARTESIAN_POINT('',(30.965,-5.000000000012E-03));
#4671 = CARTESIAN_POINT('',(42.995,6.940523738351));
#4672 = CARTESIAN_POINT('',(55.025,13.886047476702));
#4673 = CARTESIAN_POINT('',(55.025,-5.00000000001E-03));
#4674 = ( GEOMETRIC_REPRESENTATION_CONTEXT(2) 
PARAMETRIC_REPRESENTATION_CONTEXT() REPRESENTATION_CONTEXT('2D SPACE',''
  ) );
#4675 = ORIENTED_EDGE('',*,*,#1401,.F.);
#4676 = ADVANCED_FACE('',(#4677),#1390,.F.);
#4677 = FACE_BOUND('',#4678,.F.);
#4678 = EDGE_LOOP('',(#4679,#4698,#4699,#4719,#4720,#4721));
#4679 = ORIENTED_EDGE('',*,*,#4680,.F.);
#4680 = EDGE_CURVE('',#1603,#4494,#4681,.T.);
#4681 = SURFACE_CURVE('',#4682,(#4686,#4692),.PCURVE_S1.);
#4682 = LINE('',#4683,#4684);
#4683 = CARTESIAN_POINT('',(62.7,6.,0.2));
#4684 = VECTOR('',#4685,1.);
#4685 = DIRECTION('',(0.,-1.,0.));
#4686 = PCURVE('',#1390,#4687);
#4687 = DEFINITIONAL_REPRESENTATION('',(#4688),#4691);
#4688 = B_SPLINE_CURVE_WITH_KNOTS('',1,(#4689,#4690),.UNSPECIFIED.,.F.,
  .F.,(2,2),(-93.,0.),.PIECEWISE_BEZIER_KNOTS.);
#4689 = CARTESIAN_POINT('',(56.2,93.));
#4690 = CARTESIAN_POINT('',(56.2,0.));
#4691 = ( GEOMETRIC_REPRESENTATION_CONTEXT(2) 
PARAMETRIC_REPRESENTATION_CONTEXT() REPRESENTATION_CONTEXT('2D SPACE',''
  ) );
#4692 = PCURVE('',#1617,#4693);
#4693 = DEFINITIONAL_REPRESENTATION('',(#4694),#4697);
#4694 = B_SPLINE_CURVE_WITH_KNOTS('',1,(#4695,#4696),.UNSPECIFIED.,.F.,
  .F.,(2,2),(-93.,0.),.PIECEWISE_BEZIER_KNOTS.);
#4695 = CARTESIAN_POINT('',(10.7,-93.));
#4696 = CARTESIAN_POINT('',(10.7,0.));
#4697 = ( GEOMETRIC_REPRESENTATION_CONTEXT(2) 
PARAMETRIC_REPRESENTATION_CONTEXT() REPRESENTATION_CONTEXT('2D SPACE',''
  ) );
#4698 = ORIENTED_EDGE('',*,*,#1628,.T.);
#4699 = ORIENTED_EDGE('',*,*,#4700,.F.);
#4700 = EDGE_CURVE('',#4628,#1629,#4701,.T.);
#4701 = SURFACE_CURVE('',#4702,(#4706,#4712),.PCURVE_S1.);
#4702 = LINE('',#4703,#4704);
#4703 = CARTESIAN_POINT('',(61.525,5.9975,0.2));
#4704 = VECTOR('',#4705,1.);
#4705 = DIRECTION('',(0.,1.,0.));
#4706 = PCURVE('',#1390,#4707);
#4707 = DEFINITIONAL_REPRESENTATION('',(#4708),#4711);
#4708 = B_SPLINE_CURVE_WITH_KNOTS('',1,(#4709,#4710),.UNSPECIFIED.,.F.,
  .F.,(2,2),(-2.500000000005E-03,93.0075),.PIECEWISE_BEZIER_KNOTS.);
#4709 = CARTESIAN_POINT('',(55.025,-5.00000000001E-03));
#4710 = CARTESIAN_POINT('',(55.025,93.005));
#4711 = ( GEOMETRIC_REPRESENTATION_CONTEXT(2) 
PARAMETRIC_REPRESENTATION_CONTEXT() REPRESENTATION_CONTEXT('2D SPACE',''
  ) );
#4712 = PCURVE('',#1664,#4713);
#4713 = DEFINITIONAL_REPRESENTATION('',(#4714),#4718);
#4714 = LINE('',#4715,#4716);
#4715 = CARTESIAN_POINT('',(-5.E-02,-2.500000000005E-03));
#4716 = VECTOR('',#4717,1.);
#4717 = DIRECTION('',(0.,-1.));
#4718 = ( GEOMETRIC_REPRESENTATION_CONTEXT(2) 
PARAMETRIC_REPRESENTATION_CONTEXT() REPRESENTATION_CONTEXT('2D SPACE',''
  ) );
#4719 = ORIENTED_EDGE('',*,*,#4650,.T.);
#4720 = ORIENTED_EDGE('',*,*,#1375,.F.);
#4721 = ORIENTED_EDGE('',*,*,#4542,.F.);
#4722 = ADVANCED_FACE('',(#4723),#1590,.T.);
#4723 = FACE_BOUND('',#4724,.T.);
#4724 = EDGE_LOOP('',(#4725,#4726,#4745,#4746));
#4725 = ORIENTED_EDGE('',*,*,#1769,.F.);
#4726 = ORIENTED_EDGE('',*,*,#4727,.T.);
#4727 = EDGE_CURVE('',#1770,#1573,#4728,.T.);
#4728 = SURFACE_CURVE('',#4729,(#4733,#4739),.PCURVE_S1.);
#4729 = LINE('',#4730,#4731);
#4730 = CARTESIAN_POINT('',(62.7,34.275,-1.55));
#4731 = VECTOR('',#4732,1.);
#4732 = DIRECTION('',(0.,-1.,0.));
#4733 = PCURVE('',#1590,#4734);
#4734 = DEFINITIONAL_REPRESENTATION('',(#4735),#4738);
#4735 = B_SPLINE_CURVE_WITH_KNOTS('',1,(#4736,#4737),.UNSPECIFIED.,.F.,
  .F.,(2,2),(-36.275,-28.275),.PIECEWISE_BEZIER_KNOTS.);
#4736 = CARTESIAN_POINT('',(4.,8.));
#4737 = CARTESIAN_POINT('',(4.,0.));
#4738 = ( GEOMETRIC_REPRESENTATION_CONTEXT(2) 
PARAMETRIC_REPRESENTATION_CONTEXT() REPRESENTATION_CONTEXT('2D SPACE',''
  ) );
#4739 = PCURVE('',#1617,#4740);
#4740 = DEFINITIONAL_REPRESENTATION('',(#4741),#4744);
#4741 = B_SPLINE_CURVE_WITH_KNOTS('',1,(#4742,#4743),.UNSPECIFIED.,.F.,
  .F.,(2,2),(-36.275,-28.275),.PIECEWISE_BEZIER_KNOTS.);
#4742 = CARTESIAN_POINT('',(8.95,-64.55));
#4743 = CARTESIAN_POINT('',(8.95,-56.55));
#4744 = ( GEOMETRIC_REPRESENTATION_CONTEXT(2) 
PARAMETRIC_REPRESENTATION_CONTEXT() REPRESENTATION_CONTEXT('2D SPACE',''
  ) );
#4745 = ORIENTED_EDGE('',*,*,#1572,.T.);
#4746 = ORIENTED_EDGE('',*,*,#1721,.T.);
#4747 = ADVANCED_FACE('',(#4748),#1664,.F.);
#4748 = FACE_BOUND('',#4749,.F.);
#4749 = EDGE_LOOP('',(#4750,#4751,#4752,#4753));
#4750 = ORIENTED_EDGE('',*,*,#4573,.F.);
#4751 = ORIENTED_EDGE('',*,*,#4627,.T.);
#4752 = ORIENTED_EDGE('',*,*,#4700,.T.);
#4753 = ORIENTED_EDGE('',*,*,#1649,.T.);
#4754 = ADVANCED_FACE('',(#4755,#4826),#1617,.F.);
#4755 = FACE_BOUND('',#4756,.F.);
#4756 = EDGE_LOOP('',(#4757,#4758,#4781,#4803,#4822,#4823,#4824,#4825));
#4757 = ORIENTED_EDGE('',*,*,#4491,.F.);
#4758 = ORIENTED_EDGE('',*,*,#4759,.T.);
#4759 = EDGE_CURVE('',#4492,#4760,#4762,.T.);
#4760 = VERTEX_POINT('',#4761);
#4761 = CARTESIAN_POINT('',(62.7,99.,-10.5));
#4762 = SURFACE_CURVE('',#4763,(#4767,#4774),.PCURVE_S1.);
#4763 = LINE('',#4764,#4765);
#4764 = CARTESIAN_POINT('',(62.7,6.,-10.5));
#4765 = VECTOR('',#4766,1.);
#4766 = DIRECTION('',(0.,1.,0.));
#4767 = PCURVE('',#1617,#4768);
#4768 = DEFINITIONAL_REPRESENTATION('',(#4769),#4773);
#4769 = LINE('',#4770,#4771);
#4770 = CARTESIAN_POINT('',(0.,0.));
#4771 = VECTOR('',#4772,1.);
#4772 = DIRECTION('',(0.,-1.));
#4773 = ( GEOMETRIC_REPRESENTATION_CONTEXT(2) 
PARAMETRIC_REPRESENTATION_CONTEXT() REPRESENTATION_CONTEXT('2D SPACE',''
  ) );
#4774 = PCURVE('',#4373,#4775);
#4775 = DEFINITIONAL_REPRESENTATION('',(#4776),#4780);
#4776 = LINE('',#4777,#4778);
#4777 = CARTESIAN_POINT('',(56.2,-8.881784197001E-16));
#4778 = VECTOR('',#4779,1.);
#4779 = DIRECTION('',(0.,1.));
#4780 = ( GEOMETRIC_REPRESENTATION_CONTEXT(2) 
PARAMETRIC_REPRESENTATION_CONTEXT() REPRESENTATION_CONTEXT('2D SPACE',''
  ) );
#4781 = ORIENTED_EDGE('',*,*,#4782,.T.);
#4782 = EDGE_CURVE('',#4760,#4783,#4785,.T.);
#4783 = VERTEX_POINT('',#4784);
#4784 = CARTESIAN_POINT('',(62.7,99.,0.2));
#4785 = SURFACE_CURVE('',#4786,(#4790,#4797),.PCURVE_S1.);
#4786 = LINE('',#4787,#4788);
#4787 = CARTESIAN_POINT('',(62.7,99.,-10.5));
#4788 = VECTOR('',#4789,1.);
#4789 = DIRECTION('',(0.,0.,1.));
#4790 = PCURVE('',#1617,#4791);
#4791 = DEFINITIONAL_REPRESENTATION('',(#4792),#4796);
#4792 = LINE('',#4793,#4794);
#4793 = CARTESIAN_POINT('',(0.,-93.));
#4794 = VECTOR('',#4795,1.);
#4795 = DIRECTION('',(1.,0.));
#4796 = ( GEOMETRIC_REPRESENTATION_CONTEXT(2) 
PARAMETRIC_REPRESENTATION_CONTEXT() REPRESENTATION_CONTEXT('2D SPACE',''
  ) );
#4797 = PCURVE('',#2028,#4798);
#4798 = DEFINITIONAL_REPRESENTATION('',(#4799),#4802);
#4799 = B_SPLINE_CURVE_WITH_KNOTS('',1,(#4800,#4801),.UNSPECIFIED.,.F.,
  .F.,(2,2),(0.,11.4),.PIECEWISE_BEZIER_KNOTS.);
#4800 = CARTESIAN_POINT('',(0.,0.));
#4801 = CARTESIAN_POINT('',(0.,-11.4));
#4802 = ( GEOMETRIC_REPRESENTATION_CONTEXT(2) 
PARAMETRIC_REPRESENTATION_CONTEXT() REPRESENTATION_CONTEXT('2D SPACE',''
  ) );
#4803 = ORIENTED_EDGE('',*,*,#4804,.T.);
#4804 = EDGE_CURVE('',#4783,#1793,#4805,.T.);
#4805 = SURFACE_CURVE('',#4806,(#4810,#4816),.PCURVE_S1.);
#4806 = LINE('',#4807,#4808);
#4807 = CARTESIAN_POINT('',(62.7,6.,0.2));
#4808 = VECTOR('',#4809,1.);
#4809 = DIRECTION('',(0.,-1.,0.));
#4810 = PCURVE('',#1617,#4811);
#4811 = DEFINITIONAL_REPRESENTATION('',(#4812),#4815);
#4812 = B_SPLINE_CURVE_WITH_KNOTS('',1,(#4813,#4814),.UNSPECIFIED.,.F.,
  .F.,(2,2),(-93.,0.),.PIECEWISE_BEZIER_KNOTS.);
#4813 = CARTESIAN_POINT('',(10.7,-93.));
#4814 = CARTESIAN_POINT('',(10.7,0.));
#4815 = ( GEOMETRIC_REPRESENTATION_CONTEXT(2) 
PARAMETRIC_REPRESENTATION_CONTEXT() REPRESENTATION_CONTEXT('2D SPACE',''
  ) );
#4816 = PCURVE('',#1828,#4817);
#4817 = DEFINITIONAL_REPRESENTATION('',(#4818),#4821);
#4818 = B_SPLINE_CURVE_WITH_KNOTS('',1,(#4819,#4820),.UNSPECIFIED.,.F.,
  .F.,(2,2),(-93.,0.),.PIECEWISE_BEZIER_KNOTS.);
#4819 = CARTESIAN_POINT('',(56.2,93.));
#4820 = CARTESIAN_POINT('',(56.2,0.));
#4821 = ( GEOMETRIC_REPRESENTATION_CONTEXT(2) 
PARAMETRIC_REPRESENTATION_CONTEXT() REPRESENTATION_CONTEXT('2D SPACE',''
  ) );
#4822 = ORIENTED_EDGE('',*,*,#1792,.F.);
#4823 = ORIENTED_EDGE('',*,*,#4727,.T.);
#4824 = ORIENTED_EDGE('',*,*,#1602,.T.);
#4825 = ORIENTED_EDGE('',*,*,#4680,.T.);
#4826 = FACE_BOUND('',#4827,.F.);
#4827 = EDGE_LOOP('',(#4828,#4856,#4882,#4908));
#4828 = ORIENTED_EDGE('',*,*,#4829,.F.);
#4829 = EDGE_CURVE('',#4830,#4832,#4834,.T.);
#4830 = VERTEX_POINT('',#4831);
#4831 = CARTESIAN_POINT('',(62.7,28.374456264654,-8.E-02));
#4832 = VERTEX_POINT('',#4833);
#4833 = CARTESIAN_POINT('',(62.7,11.625543735346,-8.E-02));
#4834 = SURFACE_CURVE('',#4835,(#4839,#4845),.PCURVE_S1.);
#4835 = LINE('',#4836,#4837);
#4836 = CARTESIAN_POINT('',(62.7,8.75,-8.E-02));
#4837 = VECTOR('',#4838,1.);
#4838 = DIRECTION('',(0.,-1.,0.));
#4839 = PCURVE('',#1617,#4840);
#4840 = DEFINITIONAL_REPRESENTATION('',(#4841),#4844);
#4841 = B_SPLINE_CURVE_WITH_KNOTS('',1,(#4842,#4843),.UNSPECIFIED.,.F.,
  .F.,(2,2),(-19.75,-2.75),.PIECEWISE_BEZIER_KNOTS.);
#4842 = CARTESIAN_POINT('',(10.42,-22.5));
#4843 = CARTESIAN_POINT('',(10.42,-5.5));
#4844 = ( GEOMETRIC_REPRESENTATION_CONTEXT(2) 
PARAMETRIC_REPRESENTATION_CONTEXT() REPRESENTATION_CONTEXT('2D SPACE',''
  ) );
#4845 = PCURVE('',#4846,#4851);
#4846 = PLANE('',#4847);
#4847 = AXIS2_PLACEMENT_3D('',#4848,#4849,#4850);
#4848 = CARTESIAN_POINT('',(57.3,11.5,-8.E-02));
#4849 = DIRECTION('',(0.,0.,1.));
#4850 = DIRECTION('',(1.,0.,0.));
#4851 = DEFINITIONAL_REPRESENTATION('',(#4852),#4855);
#4852 = B_SPLINE_CURVE_WITH_KNOTS('',1,(#4853,#4854),.UNSPECIFIED.,.F.,
  .F.,(2,2),(-19.75,-2.75),.PIECEWISE_BEZIER_KNOTS.);
#4853 = CARTESIAN_POINT('',(5.4,17.));
#4854 = CARTESIAN_POINT('',(5.4,-3.552713678801E-15));
#4855 = ( GEOMETRIC_REPRESENTATION_CONTEXT(2) 
PARAMETRIC_REPRESENTATION_CONTEXT() REPRESENTATION_CONTEXT('2D SPACE',''
  ) );
#4856 = ORIENTED_EDGE('',*,*,#4857,.T.);
#4857 = EDGE_CURVE('',#4830,#4858,#4860,.T.);
#4858 = VERTEX_POINT('',#4859);
#4859 = CARTESIAN_POINT('',(62.7,28.374456264654,-1.));
#4860 = SURFACE_CURVE('',#4861,(#4865,#4871),.PCURVE_S1.);
#4861 = LINE('',#4862,#4863);
#4862 = CARTESIAN_POINT('',(62.7,28.374456264654,-1.));
#4863 = VECTOR('',#4864,1.);
#4864 = DIRECTION('',(-0.,-0.,-1.));
#4865 = PCURVE('',#1617,#4866);
#4866 = DEFINITIONAL_REPRESENTATION('',(#4867),#4870);
#4867 = B_SPLINE_CURVE_WITH_KNOTS('',1,(#4868,#4869),.UNSPECIFIED.,.F.,
  .F.,(2,2),(-0.9200006,5.999999999062E-07),.PIECEWISE_BEZIER_KNOTS.);
#4868 = CARTESIAN_POINT('',(10.4200006,-22.37445626465));
#4869 = CARTESIAN_POINT('',(9.4999994,-22.37445626465));
#4870 = ( GEOMETRIC_REPRESENTATION_CONTEXT(2) 
PARAMETRIC_REPRESENTATION_CONTEXT() REPRESENTATION_CONTEXT('2D SPACE',''
  ) );
#4871 = PCURVE('',#4872,#4877);
#4872 = CYLINDRICAL_SURFACE('',#4873,0.7);
#4873 = AXIS2_PLACEMENT_3D('',#4874,#4875,#4876);
#4874 = CARTESIAN_POINT('',(62.3,27.8,-1.));
#4875 = DIRECTION('',(-0.,-0.,-1.));
#4876 = DIRECTION('',(1.,0.,0.));
#4877 = DEFINITIONAL_REPRESENTATION('',(#4878),#4881);
#4878 = B_SPLINE_CURVE_WITH_KNOTS('',1,(#4879,#4880),.UNSPECIFIED.,.F.,
  .F.,(2,2),(-0.9200006,5.999999999062E-07),.PIECEWISE_BEZIER_KNOTS.);
#4879 = CARTESIAN_POINT('',(-0.962550747885,-0.9200006));
#4880 = CARTESIAN_POINT('',(-0.962550747885,5.999999999062E-07));
#4881 = ( GEOMETRIC_REPRESENTATION_CONTEXT(2) 
PARAMETRIC_REPRESENTATION_CONTEXT() REPRESENTATION_CONTEXT('2D SPACE',''
  ) );
#4882 = ORIENTED_EDGE('',*,*,#4883,.T.);
#4883 = EDGE_CURVE('',#4858,#4884,#4886,.T.);
#4884 = VERTEX_POINT('',#4885);
#4885 = CARTESIAN_POINT('',(62.7,11.625543735346,-1.));
#4886 = SURFACE_CURVE('',#4887,(#4891,#4897),.PCURVE_S1.);
#4887 = LINE('',#4888,#4889);
#4888 = CARTESIAN_POINT('',(62.7,9.1,-1.));
#4889 = VECTOR('',#4890,1.);
#4890 = DIRECTION('',(0.,-1.,0.));
#4891 = PCURVE('',#1617,#4892);
#4892 = DEFINITIONAL_REPRESENTATION('',(#4893),#4896);
#4893 = B_SPLINE_CURVE_WITH_KNOTS('',1,(#4894,#4895),.UNSPECIFIED.,.F.,
  .F.,(2,2),(-19.4,-2.4),.PIECEWISE_BEZIER_KNOTS.);
#4894 = CARTESIAN_POINT('',(9.5,-22.5));
#4895 = CARTESIAN_POINT('',(9.5,-5.5));
#4896 = ( GEOMETRIC_REPRESENTATION_CONTEXT(2) 
PARAMETRIC_REPRESENTATION_CONTEXT() REPRESENTATION_CONTEXT('2D SPACE',''
  ) );
#4897 = PCURVE('',#4898,#4903);
#4898 = PLANE('',#4899);
#4899 = AXIS2_PLACEMENT_3D('',#4900,#4901,#4902);
#4900 = CARTESIAN_POINT('',(57.3,12.2,-1.));
#4901 = DIRECTION('',(0.,0.,1.));
#4902 = DIRECTION('',(1.,0.,-0.));
#4903 = DEFINITIONAL_REPRESENTATION('',(#4904),#4907);
#4904 = B_SPLINE_CURVE_WITH_KNOTS('',1,(#4905,#4906),.UNSPECIFIED.,.F.,
  .F.,(2,2),(-19.4,-2.4),.PIECEWISE_BEZIER_KNOTS.);
#4905 = CARTESIAN_POINT('',(5.4,16.3));
#4906 = CARTESIAN_POINT('',(5.4,-0.7));
#4907 = ( GEOMETRIC_REPRESENTATION_CONTEXT(2) 
PARAMETRIC_REPRESENTATION_CONTEXT() REPRESENTATION_CONTEXT('2D SPACE',''
  ) );
#4908 = ORIENTED_EDGE('',*,*,#4909,.F.);
#4909 = EDGE_CURVE('',#4832,#4884,#4910,.T.);
#4910 = SURFACE_CURVE('',#4911,(#4915,#4921),.PCURVE_S1.);
#4911 = LINE('',#4912,#4913);
#4912 = CARTESIAN_POINT('',(62.7,11.625543735346,-1.));
#4913 = VECTOR('',#4914,1.);
#4914 = DIRECTION('',(-0.,-0.,-1.));
#4915 = PCURVE('',#1617,#4916);
#4916 = DEFINITIONAL_REPRESENTATION('',(#4917),#4920);
#4917 = B_SPLINE_CURVE_WITH_KNOTS('',1,(#4918,#4919),.UNSPECIFIED.,.F.,
  .F.,(2,2),(-0.9200006,5.999999999062E-07),.PIECEWISE_BEZIER_KNOTS.);
#4918 = CARTESIAN_POINT('',(10.4200006,-5.625543735346));
#4919 = CARTESIAN_POINT('',(9.4999994,-5.625543735346));
#4920 = ( GEOMETRIC_REPRESENTATION_CONTEXT(2) 
PARAMETRIC_REPRESENTATION_CONTEXT() REPRESENTATION_CONTEXT('2D SPACE',''
  ) );
#4921 = PCURVE('',#4922,#4927);
#4922 = CYLINDRICAL_SURFACE('',#4923,0.7);
#4923 = AXIS2_PLACEMENT_3D('',#4924,#4925,#4926);
#4924 = CARTESIAN_POINT('',(62.3,12.2,-1.));
#4925 = DIRECTION('',(-0.,-0.,-1.));
#4926 = DIRECTION('',(1.,0.,0.));
#4927 = DEFINITIONAL_REPRESENTATION('',(#4928),#4931);
#4928 = B_SPLINE_CURVE_WITH_KNOTS('',1,(#4929,#4930),.UNSPECIFIED.,.F.,
  .F.,(2,2),(-0.9200006,5.999999999062E-07),.PIECEWISE_BEZIER_KNOTS.);
#4929 = CARTESIAN_POINT('',(-5.320634559295,-0.9200006));
#4930 = CARTESIAN_POINT('',(-5.320634559295,5.999999999062E-07));
#4931 = ( GEOMETRIC_REPRESENTATION_CONTEXT(2) 
PARAMETRIC_REPRESENTATION_CONTEXT() REPRESENTATION_CONTEXT('2D SPACE',''
  ) );
#4932 = ADVANCED_FACE('',(#4933),#1880,.T.);
#4933 = FACE_BOUND('',#4934,.T.);
#4934 = EDGE_LOOP('',(#4935,#4936,#4937,#4938,#4966,#4986));
#4935 = ORIENTED_EDGE('',*,*,#1939,.T.);
#4936 = ORIENTED_EDGE('',*,*,#1986,.T.);
#4937 = ORIENTED_EDGE('',*,*,#2090,.F.);
#4938 = ORIENTED_EDGE('',*,*,#4939,.T.);
#4939 = EDGE_CURVE('',#2091,#4940,#4942,.T.);
#4940 = VERTEX_POINT('',#4941);
#4941 = CARTESIAN_POINT('',(61.525,99.005,1.5));
#4942 = SURFACE_CURVE('',#4943,(#4948,#4959),.PCURVE_S1.);
#4943 = CIRCLE('',#4944,8.02);
#4944 = AXIS2_PLACEMENT_3D('',#4945,#4946,#4947);
#4945 = CARTESIAN_POINT('',(53.505,99.005,1.5));
#4946 = DIRECTION('',(0.,0.,-1.));
#4947 = DIRECTION('',(1.,0.,0.));
#4948 = PCURVE('',#1880,#4949);
#4949 = DEFINITIONAL_REPRESENTATION('',(#4950),#4958);
#4950 = ( BOUNDED_CURVE() B_SPLINE_CURVE(2,(#4951,#4952,#4953,#4954,
#4955,#4956,#4957),.UNSPECIFIED.,.T.,.F.) B_SPLINE_CURVE_WITH_KNOTS((1,2
    ,2,2,2,1),(-2.094395102393,0.,2.094395102393,4.188790204786,
6.28318530718,8.377580409573),.UNSPECIFIED.) CURVE() 
GEOMETRIC_REPRESENTATION_ITEM() RATIONAL_B_SPLINE_CURVE((1.,0.5,1.,0.5,
1.,0.5,1.)) REPRESENTATION_ITEM('') );
#4951 = CARTESIAN_POINT('',(55.03,102.03));
#4952 = CARTESIAN_POINT('',(55.03,88.138952523298));
#4953 = CARTESIAN_POINT('',(43.,95.084476261649));
#4954 = CARTESIAN_POINT('',(30.97,102.03));
#4955 = CARTESIAN_POINT('',(43.,108.97552373835));
#4956 = CARTESIAN_POINT('',(55.03,115.9210474767));
#4957 = CARTESIAN_POINT('',(55.03,102.03));
#4958 = ( GEOMETRIC_REPRESENTATION_CONTEXT(2) 
PARAMETRIC_REPRESENTATION_CONTEXT() REPRESENTATION_CONTEXT('2D SPACE',''
  ) );
#4959 = PCURVE('',#2126,#4960);
#4960 = DEFINITIONAL_REPRESENTATION('',(#4961),#4965);
#4961 = LINE('',#4962,#4963);
#4962 = CARTESIAN_POINT('',(-6.28318530718,-1.25));
#4963 = VECTOR('',#4964,1.);
#4964 = DIRECTION('',(1.,-0.));
#4965 = ( GEOMETRIC_REPRESENTATION_CONTEXT(2) 
PARAMETRIC_REPRESENTATION_CONTEXT() REPRESENTATION_CONTEXT('2D SPACE',''
  ) );
#4966 = ORIENTED_EDGE('',*,*,#4967,.F.);
#4967 = EDGE_CURVE('',#1840,#4940,#4968,.T.);
#4968 = SURFACE_CURVE('',#4969,(#4973,#4979),.PCURVE_S1.);
#4969 = LINE('',#4970,#4971);
#4970 = CARTESIAN_POINT('',(61.525,1.485,1.5));
#4971 = VECTOR('',#4972,1.);
#4972 = DIRECTION('',(0.,1.,0.));
#4973 = PCURVE('',#1880,#4974);
#4974 = DEFINITIONAL_REPRESENTATION('',(#4975),#4978);
#4975 = B_SPLINE_CURVE_WITH_KNOTS('',1,(#4976,#4977),.UNSPECIFIED.,.F.,
  .F.,(2,2),(4.51,97.52),.PIECEWISE_BEZIER_KNOTS.);
#4976 = CARTESIAN_POINT('',(55.03,9.02));
#4977 = CARTESIAN_POINT('',(55.03,102.03));
#4978 = ( GEOMETRIC_REPRESENTATION_CONTEXT(2) 
PARAMETRIC_REPRESENTATION_CONTEXT() REPRESENTATION_CONTEXT('2D SPACE',''
  ) );
#4979 = PCURVE('',#1854,#4980);
#4980 = DEFINITIONAL_REPRESENTATION('',(#4981),#4985);
#4981 = LINE('',#4982,#4983);
#4982 = CARTESIAN_POINT('',(1.25,4.51));
#4983 = VECTOR('',#4984,1.);
#4984 = DIRECTION('',(0.,-1.));
#4985 = ( GEOMETRIC_REPRESENTATION_CONTEXT(2) 
PARAMETRIC_REPRESENTATION_CONTEXT() REPRESENTATION_CONTEXT('2D SPACE',''
  ) );
#4986 = ORIENTED_EDGE('',*,*,#1865,.F.);
#4987 = ADVANCED_FACE('',(#4988),#1854,.F.);
#4988 = FACE_BOUND('',#4989,.F.);
#4989 = EDGE_LOOP('',(#4990,#4991,#4992,#5014));
#4990 = ORIENTED_EDGE('',*,*,#4967,.F.);
#4991 = ORIENTED_EDGE('',*,*,#1839,.F.);
#4992 = ORIENTED_EDGE('',*,*,#4993,.T.);
#4993 = EDGE_CURVE('',#1814,#4994,#4996,.T.);
#4994 = VERTEX_POINT('',#4995);
#4995 = CARTESIAN_POINT('',(61.525,99.005,0.2));
#4996 = SURFACE_CURVE('',#4997,(#5001,#5008),.PCURVE_S1.);
#4997 = LINE('',#4998,#4999);
#4998 = CARTESIAN_POINT('',(61.525,5.9975,0.2));
#4999 = VECTOR('',#5000,1.);
#5000 = DIRECTION('',(0.,1.,0.));
#5001 = PCURVE('',#1854,#5002);
#5002 = DEFINITIONAL_REPRESENTATION('',(#5003),#5007);
#5003 = LINE('',#5004,#5005);
#5004 = CARTESIAN_POINT('',(-5.E-02,-2.500000000005E-03));
#5005 = VECTOR('',#5006,1.);
#5006 = DIRECTION('',(0.,-1.));
#5007 = ( GEOMETRIC_REPRESENTATION_CONTEXT(2) 
PARAMETRIC_REPRESENTATION_CONTEXT() REPRESENTATION_CONTEXT('2D SPACE',''
  ) );
#5008 = PCURVE('',#1828,#5009);
#5009 = DEFINITIONAL_REPRESENTATION('',(#5010),#5013);
#5010 = B_SPLINE_CURVE_WITH_KNOTS('',1,(#5011,#5012),.UNSPECIFIED.,.F.,
  .F.,(2,2),(-2.500000000005E-03,93.0075),.PIECEWISE_BEZIER_KNOTS.);
#5011 = CARTESIAN_POINT('',(55.025,-5.00000000001E-03));
#5012 = CARTESIAN_POINT('',(55.025,93.005));
#5013 = ( GEOMETRIC_REPRESENTATION_CONTEXT(2) 
PARAMETRIC_REPRESENTATION_CONTEXT() REPRESENTATION_CONTEXT('2D SPACE',''
  ) );
#5014 = ORIENTED_EDGE('',*,*,#5015,.F.);
#5015 = EDGE_CURVE('',#4940,#4994,#5016,.T.);
#5016 = SURFACE_CURVE('',#5017,(#5021,#5028),.PCURVE_S1.);
#5017 = LINE('',#5018,#5019);
#5018 = CARTESIAN_POINT('',(61.525,99.005,1.5));
#5019 = VECTOR('',#5020,1.);
#5020 = DIRECTION('',(0.,0.,-1.));
#5021 = PCURVE('',#1854,#5022);
#5022 = DEFINITIONAL_REPRESENTATION('',(#5023),#5027);
#5023 = LINE('',#5024,#5025);
#5024 = CARTESIAN_POINT('',(1.25,-93.01));
#5025 = VECTOR('',#5026,1.);
#5026 = DIRECTION('',(-1.,0.));
#5027 = ( GEOMETRIC_REPRESENTATION_CONTEXT(2) 
PARAMETRIC_REPRESENTATION_CONTEXT() REPRESENTATION_CONTEXT('2D SPACE',''
  ) );
#5028 = PCURVE('',#2126,#5029);
#5029 = DEFINITIONAL_REPRESENTATION('',(#5030),#5034);
#5030 = LINE('',#5031,#5032);
#5031 = CARTESIAN_POINT('',(-0.,-1.25));
#5032 = VECTOR('',#5033,1.);
#5033 = DIRECTION('',(0.,1.));
#5034 = ( GEOMETRIC_REPRESENTATION_CONTEXT(2) 
PARAMETRIC_REPRESENTATION_CONTEXT() REPRESENTATION_CONTEXT('2D SPACE',''
  ) );
#5035 = ADVANCED_FACE('',(#5036),#1828,.F.);
#5036 = FACE_BOUND('',#5037,.F.);
#5037 = EDGE_LOOP('',(#5038,#5064,#5065,#5091,#5092,#5093));
#5038 = ORIENTED_EDGE('',*,*,#5039,.F.);
#5039 = EDGE_CURVE('',#2012,#4783,#5040,.T.);
#5040 = SURFACE_CURVE('',#5041,(#5046,#5057),.PCURVE_S1.);
#5041 = CIRCLE('',#5042,9.2);
#5042 = AXIS2_PLACEMENT_3D('',#5043,#5044,#5045);
#5043 = CARTESIAN_POINT('',(53.5,99.,0.2));
#5044 = DIRECTION('',(0.,0.,-1.));
#5045 = DIRECTION('',(1.,0.,0.));
#5046 = PCURVE('',#1828,#5047);
#5047 = DEFINITIONAL_REPRESENTATION('',(#5048),#5056);
#5048 = ( BOUNDED_CURVE() B_SPLINE_CURVE(2,(#5049,#5050,#5051,#5052,
#5053,#5054,#5055),.UNSPECIFIED.,.T.,.F.) B_SPLINE_CURVE_WITH_KNOTS((1,2
    ,2,2,2,1),(-2.094395102393,0.,2.094395102393,4.188790204786,
6.28318530718,8.377580409573),.UNSPECIFIED.) CURVE() 
GEOMETRIC_REPRESENTATION_ITEM() RATIONAL_B_SPLINE_CURVE((1.,0.5,1.,0.5,
1.,0.5,1.)) REPRESENTATION_ITEM('') );
#5049 = CARTESIAN_POINT('',(56.2,93.));
#5050 = CARTESIAN_POINT('',(56.2,77.065132570366));
#5051 = CARTESIAN_POINT('',(42.4,85.032566285183));
#5052 = CARTESIAN_POINT('',(28.6,93.));
#5053 = CARTESIAN_POINT('',(42.4,100.96743371481));
#5054 = CARTESIAN_POINT('',(56.2,108.93486742963));
#5055 = CARTESIAN_POINT('',(56.2,93.));
#5056 = ( GEOMETRIC_REPRESENTATION_CONTEXT(2) 
PARAMETRIC_REPRESENTATION_CONTEXT() REPRESENTATION_CONTEXT('2D SPACE',''
  ) );
#5057 = PCURVE('',#2028,#5058);
#5058 = DEFINITIONAL_REPRESENTATION('',(#5059),#5063);
#5059 = LINE('',#5060,#5061);
#5060 = CARTESIAN_POINT('',(-6.28318530718,-10.7));
#5061 = VECTOR('',#5062,1.);
#5062 = DIRECTION('',(1.,-0.));
#5063 = ( GEOMETRIC_REPRESENTATION_CONTEXT(2) 
PARAMETRIC_REPRESENTATION_CONTEXT() REPRESENTATION_CONTEXT('2D SPACE',''
  ) );
#5064 = ORIENTED_EDGE('',*,*,#2137,.F.);
#5065 = ORIENTED_EDGE('',*,*,#5066,.T.);
#5066 = EDGE_CURVE('',#2112,#4994,#5067,.T.);
#5067 = SURFACE_CURVE('',#5068,(#5073,#5084),.PCURVE_S1.);
#5068 = CIRCLE('',#5069,8.02);
#5069 = AXIS2_PLACEMENT_3D('',#5070,#5071,#5072);
#5070 = CARTESIAN_POINT('',(53.505,99.005,0.2));
#5071 = DIRECTION('',(0.,0.,-1.));
#5072 = DIRECTION('',(1.,0.,0.));
#5073 = PCURVE('',#1828,#5074);
#5074 = DEFINITIONAL_REPRESENTATION('',(#5075),#5083);
#5075 = ( BOUNDED_CURVE() B_SPLINE_CURVE(2,(#5076,#5077,#5078,#5079,
#5080,#5081,#5082),.UNSPECIFIED.,.T.,.F.) B_SPLINE_CURVE_WITH_KNOTS((1,2
    ,2,2,2,1),(-2.094395102393,0.,2.094395102393,4.188790204786,
6.28318530718,8.377580409573),.UNSPECIFIED.) CURVE() 
GEOMETRIC_REPRESENTATION_ITEM() RATIONAL_B_SPLINE_CURVE((1.,0.5,1.,0.5,
1.,0.5,1.)) REPRESENTATION_ITEM('') );
#5076 = CARTESIAN_POINT('',(55.025,93.005));
#5077 = CARTESIAN_POINT('',(55.025,79.113952523298));
#5078 = CARTESIAN_POINT('',(42.995,86.059476261649));
#5079 = CARTESIAN_POINT('',(30.965,93.005));
#5080 = CARTESIAN_POINT('',(42.995,99.950523738351));
#5081 = CARTESIAN_POINT('',(55.025,106.8960474767));
#5082 = CARTESIAN_POINT('',(55.025,93.005));
#5083 = ( GEOMETRIC_REPRESENTATION_CONTEXT(2) 
PARAMETRIC_REPRESENTATION_CONTEXT() REPRESENTATION_CONTEXT('2D SPACE',''
  ) );
#5084 = PCURVE('',#2126,#5085);
#5085 = DEFINITIONAL_REPRESENTATION('',(#5086),#5090);
#5086 = LINE('',#5087,#5088);
#5087 = CARTESIAN_POINT('',(-6.28318530718,5.E-02));
#5088 = VECTOR('',#5089,1.);
#5089 = DIRECTION('',(1.,-0.));
#5090 = ( GEOMETRIC_REPRESENTATION_CONTEXT(2) 
PARAMETRIC_REPRESENTATION_CONTEXT() REPRESENTATION_CONTEXT('2D SPACE',''
  ) );
#5091 = ORIENTED_EDGE('',*,*,#4993,.F.);
#5092 = ORIENTED_EDGE('',*,*,#1813,.F.);
#5093 = ORIENTED_EDGE('',*,*,#4804,.F.);
#5094 = ADVANCED_FACE('',(#5095),#2028,.F.);
#5095 = FACE_BOUND('',#5096,.T.);
#5096 = EDGE_LOOP('',(#5097,#5121,#5122,#5123,#5124,#5150,#5151,#5179));
#5097 = ORIENTED_EDGE('',*,*,#5098,.F.);
#5098 = EDGE_CURVE('',#4760,#5099,#5101,.T.);
#5099 = VERTEX_POINT('',#5100);
#5100 = CARTESIAN_POINT('',(53.5,108.2,-10.5));
#5101 = SURFACE_CURVE('',#5102,(#5107,#5114),.PCURVE_S1.);
#5102 = CIRCLE('',#5103,9.2);
#5103 = AXIS2_PLACEMENT_3D('',#5104,#5105,#5106);
#5104 = CARTESIAN_POINT('',(53.5,99.,-10.5));
#5105 = DIRECTION('',(0.,0.,1.));
#5106 = DIRECTION('',(1.,0.,0.));
#5107 = PCURVE('',#2028,#5108);
#5108 = DEFINITIONAL_REPRESENTATION('',(#5109),#5113);
#5109 = LINE('',#5110,#5111);
#5110 = CARTESIAN_POINT('',(-0.,0.));
#5111 = VECTOR('',#5112,1.);
#5112 = DIRECTION('',(-1.,0.));
#5113 = ( GEOMETRIC_REPRESENTATION_CONTEXT(2) 
PARAMETRIC_REPRESENTATION_CONTEXT() REPRESENTATION_CONTEXT('2D SPACE',''
  ) );
#5114 = PCURVE('',#4373,#5115);
#5115 = DEFINITIONAL_REPRESENTATION('',(#5116),#5120);
#5116 = CIRCLE('',#5117,9.2);
#5117 = AXIS2_PLACEMENT_2D('',#5118,#5119);
#5118 = CARTESIAN_POINT('',(47.,93.));
#5119 = DIRECTION('',(1.,0.));
#5120 = ( GEOMETRIC_REPRESENTATION_CONTEXT(2) 
PARAMETRIC_REPRESENTATION_CONTEXT() REPRESENTATION_CONTEXT('2D SPACE',''
  ) );
#5121 = ORIENTED_EDGE('',*,*,#4782,.T.);
#5122 = ORIENTED_EDGE('',*,*,#5039,.F.);
#5123 = ORIENTED_EDGE('',*,*,#2011,.T.);
#5124 = ORIENTED_EDGE('',*,*,#5125,.F.);
#5125 = EDGE_CURVE('',#2160,#2014,#5126,.T.);
#5126 = SURFACE_CURVE('',#5127,(#5132,#5139),.PCURVE_S1.);
#5127 = CIRCLE('',#5128,9.2);
#5128 = AXIS2_PLACEMENT_3D('',#5129,#5130,#5131);
#5129 = CARTESIAN_POINT('',(53.5,99.,5.E-02));
#5130 = DIRECTION('',(0.,0.,-1.));
#5131 = DIRECTION('',(1.,0.,0.));
#5132 = PCURVE('',#2028,#5133);
#5133 = DEFINITIONAL_REPRESENTATION('',(#5134),#5138);
#5134 = LINE('',#5135,#5136);
#5135 = CARTESIAN_POINT('',(-6.28318530718,-10.55));
#5136 = VECTOR('',#5137,1.);
#5137 = DIRECTION('',(1.,-0.));
#5138 = ( GEOMETRIC_REPRESENTATION_CONTEXT(2) 
PARAMETRIC_REPRESENTATION_CONTEXT() REPRESENTATION_CONTEXT('2D SPACE',''
  ) );
#5139 = PCURVE('',#2055,#5140);
#5140 = DEFINITIONAL_REPRESENTATION('',(#5141),#5149);
#5141 = ( BOUNDED_CURVE() B_SPLINE_CURVE(2,(#5142,#5143,#5144,#5145,
#5146,#5147,#5148),.UNSPECIFIED.,.T.,.F.) B_SPLINE_CURVE_WITH_KNOTS((1,2
    ,2,2,2,1),(-2.094395102393,0.,2.094395102393,4.188790204786,
6.28318530718,8.377580409573),.UNSPECIFIED.) CURVE() 
GEOMETRIC_REPRESENTATION_ITEM() RATIONAL_B_SPLINE_CURVE((1.,0.5,1.,0.5,
1.,0.5,1.)) REPRESENTATION_ITEM('') );
#5142 = CARTESIAN_POINT('',(63.,99.3));
#5143 = CARTESIAN_POINT('',(63.,83.365132570366));
#5144 = CARTESIAN_POINT('',(49.2,91.332566285183));
#5145 = CARTESIAN_POINT('',(35.4,99.3));
#5146 = CARTESIAN_POINT('',(49.2,107.26743371481));
#5147 = CARTESIAN_POINT('',(63.,115.23486742963));
#5148 = CARTESIAN_POINT('',(63.,99.3));
#5149 = ( GEOMETRIC_REPRESENTATION_CONTEXT(2) 
PARAMETRIC_REPRESENTATION_CONTEXT() REPRESENTATION_CONTEXT('2D SPACE',''
  ) );
#5150 = ORIENTED_EDGE('',*,*,#2182,.F.);
#5151 = ORIENTED_EDGE('',*,*,#5152,.F.);
#5152 = EDGE_CURVE('',#5153,#2183,#5155,.T.);
#5153 = VERTEX_POINT('',#5154);
#5154 = CARTESIAN_POINT('',(53.5,108.2,0.2));
#5155 = SURFACE_CURVE('',#5156,(#5161,#5168),.PCURVE_S1.);
#5156 = CIRCLE('',#5157,9.2);
#5157 = AXIS2_PLACEMENT_3D('',#5158,#5159,#5160);
#5158 = CARTESIAN_POINT('',(53.5,99.,0.2));
#5159 = DIRECTION('',(0.,0.,-1.));
#5160 = DIRECTION('',(1.,0.,0.));
#5161 = PCURVE('',#2028,#5162);
#5162 = DEFINITIONAL_REPRESENTATION('',(#5163),#5167);
#5163 = LINE('',#5164,#5165);
#5164 = CARTESIAN_POINT('',(-6.28318530718,-10.7));
#5165 = VECTOR('',#5166,1.);
#5166 = DIRECTION('',(1.,-0.));
#5167 = ( GEOMETRIC_REPRESENTATION_CONTEXT(2) 
PARAMETRIC_REPRESENTATION_CONTEXT() REPRESENTATION_CONTEXT('2D SPACE',''
  ) );
#5168 = PCURVE('',#2218,#5169);
#5169 = DEFINITIONAL_REPRESENTATION('',(#5170),#5178);
#5170 = ( BOUNDED_CURVE() B_SPLINE_CURVE(2,(#5171,#5172,#5173,#5174,
#5175,#5176,#5177),.UNSPECIFIED.,.T.,.F.) B_SPLINE_CURVE_WITH_KNOTS((1,2
    ,2,2,2,1),(-2.094395102393,0.,2.094395102393,4.188790204786,
6.28318530718,8.377580409573),.UNSPECIFIED.) CURVE() 
GEOMETRIC_REPRESENTATION_ITEM() RATIONAL_B_SPLINE_CURVE((1.,0.5,1.,0.5,
1.,0.5,1.)) REPRESENTATION_ITEM('') );
#5171 = CARTESIAN_POINT('',(56.2,93.));
#5172 = CARTESIAN_POINT('',(56.2,77.065132570366));
#5173 = CARTESIAN_POINT('',(42.4,85.032566285183));
#5174 = CARTESIAN_POINT('',(28.6,93.));
#5175 = CARTESIAN_POINT('',(42.4,100.96743371481));
#5176 = CARTESIAN_POINT('',(56.2,108.93486742963));
#5177 = CARTESIAN_POINT('',(56.2,93.));
#5178 = ( GEOMETRIC_REPRESENTATION_CONTEXT(2) 
PARAMETRIC_REPRESENTATION_CONTEXT() REPRESENTATION_CONTEXT('2D SPACE',''
  ) );
#5179 = ORIENTED_EDGE('',*,*,#5180,.F.);
#5180 = EDGE_CURVE('',#5099,#5153,#5181,.T.);
#5181 = SURFACE_CURVE('',#5182,(#5186,#5193),.PCURVE_S1.);
#5182 = LINE('',#5183,#5184);
#5183 = CARTESIAN_POINT('',(53.5,108.2,-10.5));
#5184 = VECTOR('',#5185,1.);
#5185 = DIRECTION('',(0.,0.,1.));
#5186 = PCURVE('',#2028,#5187);
#5187 = DEFINITIONAL_REPRESENTATION('',(#5188),#5192);
#5188 = LINE('',#5189,#5190);
#5189 = CARTESIAN_POINT('',(-1.570796326795,0.));
#5190 = VECTOR('',#5191,1.);
#5191 = DIRECTION('',(-0.,-1.));
#5192 = ( GEOMETRIC_REPRESENTATION_CONTEXT(2) 
PARAMETRIC_REPRESENTATION_CONTEXT() REPRESENTATION_CONTEXT('2D SPACE',''
  ) );
#5193 = PCURVE('',#2419,#5194);
#5194 = DEFINITIONAL_REPRESENTATION('',(#5195),#5199);
#5195 = LINE('',#5196,#5197);
#5196 = CARTESIAN_POINT('',(0.,47.));
#5197 = VECTOR('',#5198,1.);
#5198 = DIRECTION('',(1.,0.));
#5199 = ( GEOMETRIC_REPRESENTATION_CONTEXT(2) 
PARAMETRIC_REPRESENTATION_CONTEXT() REPRESENTATION_CONTEXT('2D SPACE',''
  ) );
#5200 = ADVANCED_FACE('',(#5201),#2126,.F.);
#5201 = FACE_BOUND('',#5202,.T.);
#5202 = EDGE_LOOP('',(#5203,#5204,#5205,#5206));
#5203 = ORIENTED_EDGE('',*,*,#2111,.T.);
#5204 = ORIENTED_EDGE('',*,*,#5066,.T.);
#5205 = ORIENTED_EDGE('',*,*,#5015,.F.);
#5206 = ORIENTED_EDGE('',*,*,#4939,.F.);
#5207 = ADVANCED_FACE('',(#5208),#2055,.T.);
#5208 = FACE_BOUND('',#5209,.T.);
#5209 = EDGE_LOOP('',(#5210,#5211,#5212));
#5210 = ORIENTED_EDGE('',*,*,#2159,.F.);
#5211 = ORIENTED_EDGE('',*,*,#5125,.T.);
#5212 = ORIENTED_EDGE('',*,*,#2039,.T.);
#5213 = ADVANCED_FACE('',(#5214),#2270,.T.);
#5214 = FACE_BOUND('',#5215,.T.);
#5215 = EDGE_LOOP('',(#5216,#5217,#5218,#5219,#5220,#5242));
#5216 = ORIENTED_EDGE('',*,*,#2255,.F.);
#5217 = ORIENTED_EDGE('',*,*,#2330,.T.);
#5218 = ORIENTED_EDGE('',*,*,#2378,.F.);
#5219 = ORIENTED_EDGE('',*,*,#2480,.F.);
#5220 = ORIENTED_EDGE('',*,*,#5221,.F.);
#5221 = EDGE_CURVE('',#5222,#2481,#5224,.T.);
#5222 = VERTEX_POINT('',#5223);
#5223 = CARTESIAN_POINT('',(53.505,107.025,1.5));
#5224 = SURFACE_CURVE('',#5225,(#5229,#5235),.PCURVE_S1.);
#5225 = LINE('',#5226,#5227);
#5226 = CARTESIAN_POINT('',(6.495,107.025,1.5));
#5227 = VECTOR('',#5228,1.);
#5228 = DIRECTION('',(-1.,0.,0.));
#5229 = PCURVE('',#2270,#5230);
#5230 = DEFINITIONAL_REPRESENTATION('',(#5231),#5234);
#5231 = B_SPLINE_CURVE_WITH_KNOTS('',1,(#5232,#5233),.UNSPECIFIED.,.F.,
  .F.,(2,2),(-47.01,0.),.PIECEWISE_BEZIER_KNOTS.);
#5232 = CARTESIAN_POINT('',(47.01,110.05));
#5233 = CARTESIAN_POINT('',(0.,110.05));
#5234 = ( GEOMETRIC_REPRESENTATION_CONTEXT(2) 
PARAMETRIC_REPRESENTATION_CONTEXT() REPRESENTATION_CONTEXT('2D SPACE',''
  ) );
#5235 = PCURVE('',#2516,#5236);
#5236 = DEFINITIONAL_REPRESENTATION('',(#5237),#5241);
#5237 = LINE('',#5238,#5239);
#5238 = CARTESIAN_POINT('',(1.25,0.));
#5239 = VECTOR('',#5240,1.);
#5240 = DIRECTION('',(0.,-1.));
#5241 = ( GEOMETRIC_REPRESENTATION_CONTEXT(2) 
PARAMETRIC_REPRESENTATION_CONTEXT() REPRESENTATION_CONTEXT('2D SPACE',''
  ) );
#5242 = ORIENTED_EDGE('',*,*,#5243,.T.);
#5243 = EDGE_CURVE('',#5222,#2230,#5244,.T.);
#5244 = SURFACE_CURVE('',#5245,(#5250,#5261),.PCURVE_S1.);
#5245 = CIRCLE('',#5246,8.02);
#5246 = AXIS2_PLACEMENT_3D('',#5247,#5248,#5249);
#5247 = CARTESIAN_POINT('',(53.505,99.005,1.5));
#5248 = DIRECTION('',(0.,0.,-1.));
#5249 = DIRECTION('',(1.,0.,0.));
#5250 = PCURVE('',#2270,#5251);
#5251 = DEFINITIONAL_REPRESENTATION('',(#5252),#5260);
#5252 = ( BOUNDED_CURVE() B_SPLINE_CURVE(2,(#5253,#5254,#5255,#5256,
#5257,#5258,#5259),.UNSPECIFIED.,.T.,.F.) B_SPLINE_CURVE_WITH_KNOTS((1,2
    ,2,2,2,1),(-2.094395102393,0.,2.094395102393,4.188790204786,
6.28318530718,8.377580409573),.UNSPECIFIED.) CURVE() 
GEOMETRIC_REPRESENTATION_ITEM() RATIONAL_B_SPLINE_CURVE((1.,0.5,1.,0.5,
1.,0.5,1.)) REPRESENTATION_ITEM('') );
#5253 = CARTESIAN_POINT('',(55.03,102.03));
#5254 = CARTESIAN_POINT('',(55.03,88.138952523298));
#5255 = CARTESIAN_POINT('',(43.,95.084476261649));
#5256 = CARTESIAN_POINT('',(30.97,102.03));
#5257 = CARTESIAN_POINT('',(43.,108.97552373835));
#5258 = CARTESIAN_POINT('',(55.03,115.9210474767));
#5259 = CARTESIAN_POINT('',(55.03,102.03));
#5260 = ( GEOMETRIC_REPRESENTATION_CONTEXT(2) 
PARAMETRIC_REPRESENTATION_CONTEXT() REPRESENTATION_CONTEXT('2D SPACE',''
  ) );
#5261 = PCURVE('',#2244,#5262);
#5262 = DEFINITIONAL_REPRESENTATION('',(#5263),#5267);
#5263 = LINE('',#5264,#5265);
#5264 = CARTESIAN_POINT('',(-6.28318530718,-1.25));
#5265 = VECTOR('',#5266,1.);
#5266 = DIRECTION('',(1.,-0.));
#5267 = ( GEOMETRIC_REPRESENTATION_CONTEXT(2) 
PARAMETRIC_REPRESENTATION_CONTEXT() REPRESENTATION_CONTEXT('2D SPACE',''
  ) );
#5268 = ADVANCED_FACE('',(#5269),#2244,.F.);
#5269 = FACE_BOUND('',#5270,.T.);
#5270 = EDGE_LOOP('',(#5271,#5294,#5320,#5321));
#5271 = ORIENTED_EDGE('',*,*,#5272,.F.);
#5272 = EDGE_CURVE('',#5273,#5222,#5275,.T.);
#5273 = VERTEX_POINT('',#5274);
#5274 = CARTESIAN_POINT('',(53.505,107.025,0.2));
#5275 = SURFACE_CURVE('',#5276,(#5280,#5287),.PCURVE_S1.);
#5276 = LINE('',#5277,#5278);
#5277 = CARTESIAN_POINT('',(53.505,107.025,0.2));
#5278 = VECTOR('',#5279,1.);
#5279 = DIRECTION('',(0.,0.,1.));
#5280 = PCURVE('',#2244,#5281);
#5281 = DEFINITIONAL_REPRESENTATION('',(#5282),#5286);
#5282 = LINE('',#5283,#5284);
#5283 = CARTESIAN_POINT('',(-1.570796326795,5.E-02));
#5284 = VECTOR('',#5285,1.);
#5285 = DIRECTION('',(-0.,-1.));
#5286 = ( GEOMETRIC_REPRESENTATION_CONTEXT(2) 
PARAMETRIC_REPRESENTATION_CONTEXT() REPRESENTATION_CONTEXT('2D SPACE',''
  ) );
#5287 = PCURVE('',#2516,#5288);
#5288 = DEFINITIONAL_REPRESENTATION('',(#5289),#5293);
#5289 = LINE('',#5290,#5291);
#5290 = CARTESIAN_POINT('',(-5.E-02,47.01));
#5291 = VECTOR('',#5292,1.);
#5292 = DIRECTION('',(1.,0.));
#5293 = ( GEOMETRIC_REPRESENTATION_CONTEXT(2) 
PARAMETRIC_REPRESENTATION_CONTEXT() REPRESENTATION_CONTEXT('2D SPACE',''
  ) );
#5294 = ORIENTED_EDGE('',*,*,#5295,.T.);
#5295 = EDGE_CURVE('',#5273,#2204,#5296,.T.);
#5296 = SURFACE_CURVE('',#5297,(#5302,#5309),.PCURVE_S1.);
#5297 = CIRCLE('',#5298,8.02);
#5298 = AXIS2_PLACEMENT_3D('',#5299,#5300,#5301);
#5299 = CARTESIAN_POINT('',(53.505,99.005,0.2));
#5300 = DIRECTION('',(0.,0.,-1.));
#5301 = DIRECTION('',(1.,0.,0.));
#5302 = PCURVE('',#2244,#5303);
#5303 = DEFINITIONAL_REPRESENTATION('',(#5304),#5308);
#5304 = LINE('',#5305,#5306);
#5305 = CARTESIAN_POINT('',(-6.28318530718,5.E-02));
#5306 = VECTOR('',#5307,1.);
#5307 = DIRECTION('',(1.,-0.));
#5308 = ( GEOMETRIC_REPRESENTATION_CONTEXT(2) 
PARAMETRIC_REPRESENTATION_CONTEXT() REPRESENTATION_CONTEXT('2D SPACE',''
  ) );
#5309 = PCURVE('',#2218,#5310);
#5310 = DEFINITIONAL_REPRESENTATION('',(#5311),#5319);
#5311 = ( BOUNDED_CURVE() B_SPLINE_CURVE(2,(#5312,#5313,#5314,#5315,
#5316,#5317,#5318),.UNSPECIFIED.,.T.,.F.) B_SPLINE_CURVE_WITH_KNOTS((1,2
    ,2,2,2,1),(-2.094395102393,0.,2.094395102393,4.188790204786,
6.28318530718,8.377580409573),.UNSPECIFIED.) CURVE() 
GEOMETRIC_REPRESENTATION_ITEM() RATIONAL_B_SPLINE_CURVE((1.,0.5,1.,0.5,
1.,0.5,1.)) REPRESENTATION_ITEM('') );
#5312 = CARTESIAN_POINT('',(55.025,93.005));
#5313 = CARTESIAN_POINT('',(55.025,79.113952523298));
#5314 = CARTESIAN_POINT('',(42.995,86.059476261649));
#5315 = CARTESIAN_POINT('',(30.965,93.005));
#5316 = CARTESIAN_POINT('',(42.995,99.950523738351));
#5317 = CARTESIAN_POINT('',(55.025,106.8960474767));
#5318 = CARTESIAN_POINT('',(55.025,93.005));
#5319 = ( GEOMETRIC_REPRESENTATION_CONTEXT(2) 
PARAMETRIC_REPRESENTATION_CONTEXT() REPRESENTATION_CONTEXT('2D SPACE',''
  ) );
#5320 = ORIENTED_EDGE('',*,*,#2229,.F.);
#5321 = ORIENTED_EDGE('',*,*,#5243,.F.);
#5322 = ADVANCED_FACE('',(#5323),#2218,.F.);
#5323 = FACE_BOUND('',#5324,.F.);
#5324 = EDGE_LOOP('',(#5325,#5344,#5345,#5365,#5366,#5367));
#5325 = ORIENTED_EDGE('',*,*,#5326,.F.);
#5326 = EDGE_CURVE('',#2403,#5153,#5327,.T.);
#5327 = SURFACE_CURVE('',#5328,(#5332,#5338),.PCURVE_S1.);
#5328 = LINE('',#5329,#5330);
#5329 = CARTESIAN_POINT('',(6.5,108.2,0.2));
#5330 = VECTOR('',#5331,1.);
#5331 = DIRECTION('',(1.,0.,0.));
#5332 = PCURVE('',#2218,#5333);
#5333 = DEFINITIONAL_REPRESENTATION('',(#5334),#5337);
#5334 = B_SPLINE_CURVE_WITH_KNOTS('',1,(#5335,#5336),.UNSPECIFIED.,.F.,
  .F.,(2,2),(-1.7763568394E-15,47.),.PIECEWISE_BEZIER_KNOTS.);
#5335 = CARTESIAN_POINT('',(-2.6645352591E-15,102.2));
#5336 = CARTESIAN_POINT('',(47.,102.2));
#5337 = ( GEOMETRIC_REPRESENTATION_CONTEXT(2) 
PARAMETRIC_REPRESENTATION_CONTEXT() REPRESENTATION_CONTEXT('2D SPACE',''
  ) );
#5338 = PCURVE('',#2419,#5339);
#5339 = DEFINITIONAL_REPRESENTATION('',(#5340),#5343);
#5340 = B_SPLINE_CURVE_WITH_KNOTS('',1,(#5341,#5342),.UNSPECIFIED.,.F.,
  .F.,(2,2),(-1.7763568394E-15,47.),.PIECEWISE_BEZIER_KNOTS.);
#5341 = CARTESIAN_POINT('',(10.7,0.));
#5342 = CARTESIAN_POINT('',(10.7,47.));
#5343 = ( GEOMETRIC_REPRESENTATION_CONTEXT(2) 
PARAMETRIC_REPRESENTATION_CONTEXT() REPRESENTATION_CONTEXT('2D SPACE',''
  ) );
#5344 = ORIENTED_EDGE('',*,*,#2527,.F.);
#5345 = ORIENTED_EDGE('',*,*,#5346,.F.);
#5346 = EDGE_CURVE('',#5273,#2502,#5347,.T.);
#5347 = SURFACE_CURVE('',#5348,(#5352,#5358),.PCURVE_S1.);
#5348 = LINE('',#5349,#5350);
#5349 = CARTESIAN_POINT('',(6.4975,107.025,0.2));
#5350 = VECTOR('',#5351,1.);
#5351 = DIRECTION('',(-1.,0.,0.));
#5352 = PCURVE('',#2218,#5353);
#5353 = DEFINITIONAL_REPRESENTATION('',(#5354),#5357);
#5354 = B_SPLINE_CURVE_WITH_KNOTS('',1,(#5355,#5356),.UNSPECIFIED.,.F.,
  .F.,(2,2),(-47.0075,2.500000000003E-03),.PIECEWISE_BEZIER_KNOTS.);
#5355 = CARTESIAN_POINT('',(47.005,101.025));
#5356 = CARTESIAN_POINT('',(-5.000000000005E-03,101.025));
#5357 = ( GEOMETRIC_REPRESENTATION_CONTEXT(2) 
PARAMETRIC_REPRESENTATION_CONTEXT() REPRESENTATION_CONTEXT('2D SPACE',''
  ) );
#5358 = PCURVE('',#2516,#5359);
#5359 = DEFINITIONAL_REPRESENTATION('',(#5360),#5364);
#5360 = LINE('',#5361,#5362);
#5361 = CARTESIAN_POINT('',(-5.E-02,2.500000000003E-03));
#5362 = VECTOR('',#5363,1.);
#5363 = DIRECTION('',(0.,-1.));
#5364 = ( GEOMETRIC_REPRESENTATION_CONTEXT(2) 
PARAMETRIC_REPRESENTATION_CONTEXT() REPRESENTATION_CONTEXT('2D SPACE',''
  ) );
#5365 = ORIENTED_EDGE('',*,*,#5295,.T.);
#5366 = ORIENTED_EDGE('',*,*,#2203,.F.);
#5367 = ORIENTED_EDGE('',*,*,#5152,.F.);
#5368 = ADVANCED_FACE('',(#5369),#2419,.F.);
#5369 = FACE_BOUND('',#5370,.F.);
#5370 = EDGE_LOOP('',(#5371,#5372,#5395,#5423,#5449,#5470,#5489,#5490));
#5371 = ORIENTED_EDGE('',*,*,#5180,.F.);
#5372 = ORIENTED_EDGE('',*,*,#5373,.F.);
#5373 = EDGE_CURVE('',#5374,#5099,#5376,.T.);
#5374 = VERTEX_POINT('',#5375);
#5375 = CARTESIAN_POINT('',(6.5,108.2,-10.5));
#5376 = SURFACE_CURVE('',#5377,(#5381,#5388),.PCURVE_S1.);
#5377 = LINE('',#5378,#5379);
#5378 = CARTESIAN_POINT('',(6.5,108.2,-10.5));
#5379 = VECTOR('',#5380,1.);
#5380 = DIRECTION('',(1.,0.,0.));
#5381 = PCURVE('',#2419,#5382);
#5382 = DEFINITIONAL_REPRESENTATION('',(#5383),#5387);
#5383 = LINE('',#5384,#5385);
#5384 = CARTESIAN_POINT('',(0.,0.));
#5385 = VECTOR('',#5386,1.);
#5386 = DIRECTION('',(0.,1.));
#5387 = ( GEOMETRIC_REPRESENTATION_CONTEXT(2) 
PARAMETRIC_REPRESENTATION_CONTEXT() REPRESENTATION_CONTEXT('2D SPACE',''
  ) );
#5388 = PCURVE('',#4373,#5389);
#5389 = DEFINITIONAL_REPRESENTATION('',(#5390),#5394);
#5390 = LINE('',#5391,#5392);
#5391 = CARTESIAN_POINT('',(8.881784197001E-16,102.2));
#5392 = VECTOR('',#5393,1.);
#5393 = DIRECTION('',(1.,0.));
#5394 = ( GEOMETRIC_REPRESENTATION_CONTEXT(2) 
PARAMETRIC_REPRESENTATION_CONTEXT() REPRESENTATION_CONTEXT('2D SPACE',''
  ) );
#5395 = ORIENTED_EDGE('',*,*,#5396,.T.);
#5396 = EDGE_CURVE('',#5374,#5397,#5399,.T.);
#5397 = VERTEX_POINT('',#5398);
#5398 = CARTESIAN_POINT('',(6.5,108.2,0.2));
#5399 = SURFACE_CURVE('',#5400,(#5404,#5411),.PCURVE_S1.);
#5400 = LINE('',#5401,#5402);
#5401 = CARTESIAN_POINT('',(6.5,108.2,-10.5));
#5402 = VECTOR('',#5403,1.);
#5403 = DIRECTION('',(0.,0.,1.));
#5404 = PCURVE('',#2419,#5405);
#5405 = DEFINITIONAL_REPRESENTATION('',(#5406),#5410);
#5406 = LINE('',#5407,#5408);
#5407 = CARTESIAN_POINT('',(0.,0.));
#5408 = VECTOR('',#5409,1.);
#5409 = DIRECTION('',(1.,0.));
#5410 = ( GEOMETRIC_REPRESENTATION_CONTEXT(2) 
PARAMETRIC_REPRESENTATION_CONTEXT() REPRESENTATION_CONTEXT('2D SPACE',''
  ) );
#5411 = PCURVE('',#5412,#5417);
#5412 = CYLINDRICAL_SURFACE('',#5413,9.2);
#5413 = AXIS2_PLACEMENT_3D('',#5414,#5415,#5416);
#5414 = CARTESIAN_POINT('',(6.5,99.,-10.5));
#5415 = DIRECTION('',(-0.,-0.,-1.));
#5416 = DIRECTION('',(1.,0.,0.));
#5417 = DEFINITIONAL_REPRESENTATION('',(#5418),#5422);
#5418 = LINE('',#5419,#5420);
#5419 = CARTESIAN_POINT('',(-1.570796326795,0.));
#5420 = VECTOR('',#5421,1.);
#5421 = DIRECTION('',(-0.,-1.));
#5422 = ( GEOMETRIC_REPRESENTATION_CONTEXT(2) 
PARAMETRIC_REPRESENTATION_CONTEXT() REPRESENTATION_CONTEXT('2D SPACE',''
  ) );
#5423 = ORIENTED_EDGE('',*,*,#5424,.T.);
#5424 = EDGE_CURVE('',#5397,#5425,#5427,.T.);
#5425 = VERTEX_POINT('',#5426);
#5426 = CARTESIAN_POINT('',(24.965,108.2,0.2));
#5427 = SURFACE_CURVE('',#5428,(#5432,#5438),.PCURVE_S1.);
#5428 = LINE('',#5429,#5430);
#5429 = CARTESIAN_POINT('',(6.5,108.2,0.2));
#5430 = VECTOR('',#5431,1.);
#5431 = DIRECTION('',(1.,0.,0.));
#5432 = PCURVE('',#2419,#5433);
#5433 = DEFINITIONAL_REPRESENTATION('',(#5434),#5437);
#5434 = B_SPLINE_CURVE_WITH_KNOTS('',1,(#5435,#5436),.UNSPECIFIED.,.F.,
  .F.,(2,2),(-1.7763568394E-15,47.),.PIECEWISE_BEZIER_KNOTS.);
#5435 = CARTESIAN_POINT('',(10.7,0.));
#5436 = CARTESIAN_POINT('',(10.7,47.));
#5437 = ( GEOMETRIC_REPRESENTATION_CONTEXT(2) 
PARAMETRIC_REPRESENTATION_CONTEXT() REPRESENTATION_CONTEXT('2D SPACE',''
  ) );
#5438 = PCURVE('',#5439,#5444);
#5439 = PLANE('',#5440);
#5440 = AXIS2_PLACEMENT_3D('',#5441,#5442,#5443);
#5441 = CARTESIAN_POINT('',(6.5,6.,0.2));
#5442 = DIRECTION('',(0.,0.,1.));
#5443 = DIRECTION('',(1.,0.,-0.));
#5444 = DEFINITIONAL_REPRESENTATION('',(#5445),#5448);
#5445 = B_SPLINE_CURVE_WITH_KNOTS('',1,(#5446,#5447),.UNSPECIFIED.,.F.,
  .F.,(2,2),(-1.7763568394E-15,47.),.PIECEWISE_BEZIER_KNOTS.);
#5446 = CARTESIAN_POINT('',(-2.6645352591E-15,102.2));
#5447 = CARTESIAN_POINT('',(47.,102.2));
#5448 = ( GEOMETRIC_REPRESENTATION_CONTEXT(2) 
PARAMETRIC_REPRESENTATION_CONTEXT() REPRESENTATION_CONTEXT('2D SPACE',''
  ) );
#5449 = ORIENTED_EDGE('',*,*,#5450,.T.);
#5450 = EDGE_CURVE('',#5425,#5451,#5453,.T.);
#5451 = VERTEX_POINT('',#5452);
#5452 = CARTESIAN_POINT('',(24.965,108.2,-2.424942396008));
#5453 = SURFACE_CURVE('',#5454,(#5458,#5464),.PCURVE_S1.);
#5454 = LINE('',#5455,#5456);
#5455 = CARTESIAN_POINT('',(24.965,108.2,-3.75));
#5456 = VECTOR('',#5457,1.);
#5457 = DIRECTION('',(0.,0.,-1.));
#5458 = PCURVE('',#2419,#5459);
#5459 = DEFINITIONAL_REPRESENTATION('',(#5460),#5463);
#5460 = B_SPLINE_CURVE_WITH_KNOTS('',1,(#5461,#5462),.UNSPECIFIED.,.F.,
  .F.,(2,2),(-3.95,5.E-02),.PIECEWISE_BEZIER_KNOTS.);
#5461 = CARTESIAN_POINT('',(10.7,18.465));
#5462 = CARTESIAN_POINT('',(6.7,18.465));
#5463 = ( GEOMETRIC_REPRESENTATION_CONTEXT(2) 
PARAMETRIC_REPRESENTATION_CONTEXT() REPRESENTATION_CONTEXT('2D SPACE',''
  ) );
#5464 = PCURVE('',#2666,#5465);
#5465 = DEFINITIONAL_REPRESENTATION('',(#5466),#5469);
#5466 = B_SPLINE_CURVE_WITH_KNOTS('',1,(#5467,#5468),.UNSPECIFIED.,.F.,
  .F.,(2,2),(-3.95,5.E-02),.PIECEWISE_BEZIER_KNOTS.);
#5467 = CARTESIAN_POINT('',(-2.8,4.1));
#5468 = CARTESIAN_POINT('',(-6.8,4.1));
#5469 = ( GEOMETRIC_REPRESENTATION_CONTEXT(2) 
PARAMETRIC_REPRESENTATION_CONTEXT() REPRESENTATION_CONTEXT('2D SPACE',''
  ) );
#5470 = ORIENTED_EDGE('',*,*,#5471,.F.);
#5471 = EDGE_CURVE('',#2405,#5451,#5472,.T.);
#5472 = SURFACE_CURVE('',#5473,(#5477,#5483),.PCURVE_S1.);
#5473 = LINE('',#5474,#5475);
#5474 = CARTESIAN_POINT('',(24.965,108.2,-2.424942396008));
#5475 = VECTOR('',#5476,1.);
#5476 = DIRECTION('',(-1.,-0.,-0.));
#5477 = PCURVE('',#2419,#5478);
#5478 = DEFINITIONAL_REPRESENTATION('',(#5479),#5482);
#5479 = B_SPLINE_CURVE_WITH_KNOTS('',1,(#5480,#5481),.UNSPECIFIED.,.F.,
  .F.,(2,2),(-24.0000006,5.999999999062E-07),.PIECEWISE_BEZIER_KNOTS.);
#5480 = CARTESIAN_POINT('',(8.075057603992,42.4650006));
#5481 = CARTESIAN_POINT('',(8.075057603992,18.4649994));
#5482 = ( GEOMETRIC_REPRESENTATION_CONTEXT(2) 
PARAMETRIC_REPRESENTATION_CONTEXT() REPRESENTATION_CONTEXT('2D SPACE',''
  ) );
#5483 = PCURVE('',#2447,#5484);
#5484 = DEFINITIONAL_REPRESENTATION('',(#5485),#5488);
#5485 = B_SPLINE_CURVE_WITH_KNOTS('',1,(#5486,#5487),.UNSPECIFIED.,.F.,
  .F.,(2,2),(-24.0000006,5.999999999062E-07),.PIECEWISE_BEZIER_KNOTS.);
#5486 = CARTESIAN_POINT('',(-4.065206309981,-24.0000006));
#5487 = CARTESIAN_POINT('',(-4.065206309981,5.999999999062E-07));
#5488 = ( GEOMETRIC_REPRESENTATION_CONTEXT(2) 
PARAMETRIC_REPRESENTATION_CONTEXT() REPRESENTATION_CONTEXT('2D SPACE',''
  ) );
#5489 = ORIENTED_EDGE('',*,*,#2402,.F.);
#5490 = ORIENTED_EDGE('',*,*,#5326,.T.);
#5491 = ADVANCED_FACE('',(#5492),#2516,.F.);
#5492 = FACE_BOUND('',#5493,.F.);
#5493 = EDGE_LOOP('',(#5494,#5495,#5496,#5497));
#5494 = ORIENTED_EDGE('',*,*,#5272,.F.);
#5495 = ORIENTED_EDGE('',*,*,#5346,.T.);
#5496 = ORIENTED_EDGE('',*,*,#2501,.F.);
#5497 = ORIENTED_EDGE('',*,*,#5221,.F.);
#5498 = ADVANCED_FACE('',(#5499),#2447,.F.);
#5499 = FACE_BOUND('',#5500,.T.);
#5500 = EDGE_LOOP('',(#5501,#5523,#5524,#5525));
#5501 = ORIENTED_EDGE('',*,*,#5502,.F.);
#5502 = EDGE_CURVE('',#5451,#2652,#5503,.T.);
#5503 = SURFACE_CURVE('',#5504,(#5509,#5516),.PCURVE_S1.);
#5504 = CIRCLE('',#5505,6.8);
#5505 = AXIS2_PLACEMENT_3D('',#5506,#5507,#5508);
#5506 = CARTESIAN_POINT('',(24.965,112.3,3.));
#5507 = DIRECTION('',(1.,0.,0.));
#5508 = DIRECTION('',(0.,1.,0.));
#5509 = PCURVE('',#2447,#5510);
#5510 = DEFINITIONAL_REPRESENTATION('',(#5511),#5515);
#5511 = LINE('',#5512,#5513);
#5512 = CARTESIAN_POINT('',(-0.,0.));
#5513 = VECTOR('',#5514,1.);
#5514 = DIRECTION('',(-1.,0.));
#5515 = ( GEOMETRIC_REPRESENTATION_CONTEXT(2) 
PARAMETRIC_REPRESENTATION_CONTEXT() REPRESENTATION_CONTEXT('2D SPACE',''
  ) );
#5516 = PCURVE('',#2666,#5517);
#5517 = DEFINITIONAL_REPRESENTATION('',(#5518),#5522);
#5518 = CIRCLE('',#5519,6.8);
#5519 = AXIS2_PLACEMENT_2D('',#5520,#5521);
#5520 = CARTESIAN_POINT('',(4.440892098501E-16,0.));
#5521 = DIRECTION('',(0.,-1.));
#5522 = ( GEOMETRIC_REPRESENTATION_CONTEXT(2) 
PARAMETRIC_REPRESENTATION_CONTEXT() REPRESENTATION_CONTEXT('2D SPACE',''
  ) );
#5523 = ORIENTED_EDGE('',*,*,#5471,.F.);
#5524 = ORIENTED_EDGE('',*,*,#2430,.T.);
#5525 = ORIENTED_EDGE('',*,*,#2677,.T.);
#5526 = ADVANCED_FACE('',(#5527),#2666,.T.);
#5527 = FACE_BOUND('',#5528,.T.);
#5528 = EDGE_LOOP('',(#5529,#5530,#5531,#5532,#5553,#5579,#5605,#5631));
#5529 = ORIENTED_EDGE('',*,*,#5450,.T.);
#5530 = ORIENTED_EDGE('',*,*,#5502,.T.);
#5531 = ORIENTED_EDGE('',*,*,#2651,.F.);
#5532 = ORIENTED_EDGE('',*,*,#5533,.F.);
#5533 = EDGE_CURVE('',#5534,#2624,#5536,.T.);
#5534 = VERTEX_POINT('',#5535);
#5535 = CARTESIAN_POINT('',(24.965,108.025,0.44));
#5536 = SURFACE_CURVE('',#5537,(#5541,#5547),.PCURVE_S1.);
#5537 = LINE('',#5538,#5539);
#5538 = CARTESIAN_POINT('',(24.965,53.65,0.44));
#5539 = VECTOR('',#5540,1.);
#5540 = DIRECTION('',(0.,1.,0.));
#5541 = PCURVE('',#2666,#5542);
#5542 = DEFINITIONAL_REPRESENTATION('',(#5543),#5546);
#5543 = B_SPLINE_CURVE_WITH_KNOTS('',1,(#5544,#5545),.UNSPECIFIED.,.F.,
  .F.,(2,2),(51.85,56.35),.PIECEWISE_BEZIER_KNOTS.);
#5544 = CARTESIAN_POINT('',(-2.56,6.8));
#5545 = CARTESIAN_POINT('',(-2.56,2.3));
#5546 = ( GEOMETRIC_REPRESENTATION_CONTEXT(2) 
PARAMETRIC_REPRESENTATION_CONTEXT() REPRESENTATION_CONTEXT('2D SPACE',''
  ) );
#5547 = PCURVE('',#2639,#5548);
#5548 = DEFINITIONAL_REPRESENTATION('',(#5549),#5552);
#5549 = B_SPLINE_CURVE_WITH_KNOTS('',1,(#5550,#5551),.UNSPECIFIED.,.F.,
  .F.,(2,2),(51.85,56.35),.PIECEWISE_BEZIER_KNOTS.);
#5550 = CARTESIAN_POINT('',(18.465,110.5));
#5551 = CARTESIAN_POINT('',(18.465,115.));
#5552 = ( GEOMETRIC_REPRESENTATION_CONTEXT(2) 
PARAMETRIC_REPRESENTATION_CONTEXT() REPRESENTATION_CONTEXT('2D SPACE',''
  ) );
#5553 = ORIENTED_EDGE('',*,*,#5554,.F.);
#5554 = EDGE_CURVE('',#5555,#5534,#5557,.T.);
#5555 = VERTEX_POINT('',#5556);
#5556 = CARTESIAN_POINT('',(24.965,108.025,1.5));
#5557 = SURFACE_CURVE('',#5558,(#5562,#5568),.PCURVE_S1.);
#5558 = LINE('',#5559,#5560);
#5559 = CARTESIAN_POINT('',(24.965,108.025,1.675));
#5560 = VECTOR('',#5561,1.);
#5561 = DIRECTION('',(0.,0.,-1.));
#5562 = PCURVE('',#2666,#5563);
#5563 = DEFINITIONAL_REPRESENTATION('',(#5564),#5567);
#5564 = B_SPLINE_CURVE_WITH_KNOTS('',1,(#5565,#5566),.UNSPECIFIED.,.F.,
  .F.,(2,2),(0.175,1.235),.PIECEWISE_BEZIER_KNOTS.);
#5565 = CARTESIAN_POINT('',(-1.5,4.275));
#5566 = CARTESIAN_POINT('',(-2.56,4.275));
#5567 = ( GEOMETRIC_REPRESENTATION_CONTEXT(2) 
PARAMETRIC_REPRESENTATION_CONTEXT() REPRESENTATION_CONTEXT('2D SPACE',''
  ) );
#5568 = PCURVE('',#5569,#5574);
#5569 = PLANE('',#5570);
#5570 = AXIS2_PLACEMENT_3D('',#5571,#5572,#5573);
#5571 = CARTESIAN_POINT('',(6.495,108.025,0.35));
#5572 = DIRECTION('',(0.,1.,0.));
#5573 = DIRECTION('',(0.,0.,1.));
#5574 = DEFINITIONAL_REPRESENTATION('',(#5575),#5578);
#5575 = B_SPLINE_CURVE_WITH_KNOTS('',1,(#5576,#5577),.UNSPECIFIED.,.F.,
  .F.,(2,2),(0.175,1.235),.PIECEWISE_BEZIER_KNOTS.);
#5576 = CARTESIAN_POINT('',(1.15,18.47));
#5577 = CARTESIAN_POINT('',(9.E-02,18.47));
#5578 = ( GEOMETRIC_REPRESENTATION_CONTEXT(2) 
PARAMETRIC_REPRESENTATION_CONTEXT() REPRESENTATION_CONTEXT('2D SPACE',''
  ) );
#5579 = ORIENTED_EDGE('',*,*,#5580,.F.);
#5580 = EDGE_CURVE('',#5581,#5555,#5583,.T.);
#5581 = VERTEX_POINT('',#5582);
#5582 = CARTESIAN_POINT('',(24.965,107.025,1.5));
#5583 = SURFACE_CURVE('',#5584,(#5588,#5594),.PCURVE_S1.);
#5584 = LINE('',#5585,#5586);
#5585 = CARTESIAN_POINT('',(24.965,54.6375,1.5));
#5586 = VECTOR('',#5587,1.);
#5587 = DIRECTION('',(0.,1.,0.));
#5588 = PCURVE('',#2666,#5589);
#5589 = DEFINITIONAL_REPRESENTATION('',(#5590),#5593);
#5590 = B_SPLINE_CURVE_WITH_KNOTS('',1,(#5591,#5592),.UNSPECIFIED.,.F.,
  .F.,(2,2),(50.8625,53.3875),.PIECEWISE_BEZIER_KNOTS.);
#5591 = CARTESIAN_POINT('',(-1.5,6.8));
#5592 = CARTESIAN_POINT('',(-1.5,4.275));
#5593 = ( GEOMETRIC_REPRESENTATION_CONTEXT(2) 
PARAMETRIC_REPRESENTATION_CONTEXT() REPRESENTATION_CONTEXT('2D SPACE',''
  ) );
#5594 = PCURVE('',#5595,#5600);
#5595 = PLANE('',#5596);
#5596 = AXIS2_PLACEMENT_3D('',#5597,#5598,#5599);
#5597 = CARTESIAN_POINT('',(6.495,-3.025,1.5));
#5598 = DIRECTION('',(0.,0.,1.));
#5599 = DIRECTION('',(1.,0.,0.));
#5600 = DEFINITIONAL_REPRESENTATION('',(#5601),#5604);
#5601 = B_SPLINE_CURVE_WITH_KNOTS('',1,(#5602,#5603),.UNSPECIFIED.,.F.,
  .F.,(2,2),(50.8625,53.3875),.PIECEWISE_BEZIER_KNOTS.);
#5602 = CARTESIAN_POINT('',(18.47,108.525));
#5603 = CARTESIAN_POINT('',(18.47,111.05));
#5604 = ( GEOMETRIC_REPRESENTATION_CONTEXT(2) 
PARAMETRIC_REPRESENTATION_CONTEXT() REPRESENTATION_CONTEXT('2D SPACE',''
  ) );
#5605 = ORIENTED_EDGE('',*,*,#5606,.T.);
#5606 = EDGE_CURVE('',#5581,#5607,#5609,.T.);
#5607 = VERTEX_POINT('',#5608);
#5608 = CARTESIAN_POINT('',(24.965,107.025,0.2));
#5609 = SURFACE_CURVE('',#5610,(#5614,#5620),.PCURVE_S1.);
#5610 = LINE('',#5611,#5612);
#5611 = CARTESIAN_POINT('',(24.965,107.025,1.625));
#5612 = VECTOR('',#5613,1.);
#5613 = DIRECTION('',(0.,0.,-1.));
#5614 = PCURVE('',#2666,#5615);
#5615 = DEFINITIONAL_REPRESENTATION('',(#5616),#5619);
#5616 = B_SPLINE_CURVE_WITH_KNOTS('',1,(#5617,#5618),.UNSPECIFIED.,.F.,
  .F.,(2,2),(0.125,1.425),.PIECEWISE_BEZIER_KNOTS.);
#5617 = CARTESIAN_POINT('',(-1.5,5.275));
#5618 = CARTESIAN_POINT('',(-2.8,5.275));
#5619 = ( GEOMETRIC_REPRESENTATION_CONTEXT(2) 
PARAMETRIC_REPRESENTATION_CONTEXT() REPRESENTATION_CONTEXT('2D SPACE',''
  ) );
#5620 = PCURVE('',#5621,#5626);
#5621 = PLANE('',#5622);
#5622 = AXIS2_PLACEMENT_3D('',#5623,#5624,#5625);
#5623 = CARTESIAN_POINT('',(6.495,107.025,0.25));
#5624 = DIRECTION('',(0.,1.,0.));
#5625 = DIRECTION('',(0.,0.,1.));
#5626 = DEFINITIONAL_REPRESENTATION('',(#5627),#5630);
#5627 = B_SPLINE_CURVE_WITH_KNOTS('',1,(#5628,#5629),.UNSPECIFIED.,.F.,
  .F.,(2,2),(0.125,1.425),.PIECEWISE_BEZIER_KNOTS.);
#5628 = CARTESIAN_POINT('',(1.25,18.47));
#5629 = CARTESIAN_POINT('',(-5.E-02,18.47));
#5630 = ( GEOMETRIC_REPRESENTATION_CONTEXT(2) 
PARAMETRIC_REPRESENTATION_CONTEXT() REPRESENTATION_CONTEXT('2D SPACE',''
  ) );
#5631 = ORIENTED_EDGE('',*,*,#5632,.T.);
#5632 = EDGE_CURVE('',#5607,#5425,#5633,.T.);
#5633 = SURFACE_CURVE('',#5634,(#5638,#5644),.PCURVE_S1.);
#5634 = LINE('',#5635,#5636);
#5635 = CARTESIAN_POINT('',(24.965,59.15,0.2));
#5636 = VECTOR('',#5637,1.);
#5637 = DIRECTION('',(0.,1.,0.));
#5638 = PCURVE('',#2666,#5639);
#5639 = DEFINITIONAL_REPRESENTATION('',(#5640),#5643);
#5640 = B_SPLINE_CURVE_WITH_KNOTS('',1,(#5641,#5642),.UNSPECIFIED.,.F.,
  .F.,(2,2),(46.35,49.05),.PIECEWISE_BEZIER_KNOTS.);
#5641 = CARTESIAN_POINT('',(-2.8,6.8));
#5642 = CARTESIAN_POINT('',(-2.8,4.1));
#5643 = ( GEOMETRIC_REPRESENTATION_CONTEXT(2) 
PARAMETRIC_REPRESENTATION_CONTEXT() REPRESENTATION_CONTEXT('2D SPACE',''
  ) );
#5644 = PCURVE('',#5439,#5645);
#5645 = DEFINITIONAL_REPRESENTATION('',(#5646),#5649);
#5646 = B_SPLINE_CURVE_WITH_KNOTS('',1,(#5647,#5648),.UNSPECIFIED.,.F.,
  .F.,(2,2),(46.35,49.05),.PIECEWISE_BEZIER_KNOTS.);
#5647 = CARTESIAN_POINT('',(18.465,99.5));
#5648 = CARTESIAN_POINT('',(18.465,102.2));
#5649 = ( GEOMETRIC_REPRESENTATION_CONTEXT(2) 
PARAMETRIC_REPRESENTATION_CONTEXT() REPRESENTATION_CONTEXT('2D SPACE',''
  ) );
#5650 = ADVANCED_FACE('',(#5651),#2639,.T.);
#5651 = FACE_BOUND('',#5652,.T.);
#5652 = EDGE_LOOP('',(#5653,#5654,#5655,#5679,#5700,#5701,#5702,#5730,
    #5756,#5782,#5815,#5841,#5874,#5900,#5926,#5959));
#5653 = ORIENTED_EDGE('',*,*,#5533,.T.);
#5654 = ORIENTED_EDGE('',*,*,#2623,.F.);
#5655 = ORIENTED_EDGE('',*,*,#5656,.T.);
#5656 = EDGE_CURVE('',#2596,#5657,#5659,.T.);
#5657 = VERTEX_POINT('',#5658);
#5658 = CARTESIAN_POINT('',(-4.5,99.,0.44));
#5659 = SURFACE_CURVE('',#5660,(#5665,#5672),.PCURVE_S1.);
#5660 = CIRCLE('',#5661,11.);
#5661 = AXIS2_PLACEMENT_3D('',#5662,#5663,#5664);
#5662 = CARTESIAN_POINT('',(6.5,99.,0.44));
#5663 = DIRECTION('',(0.,0.,1.));
#5664 = DIRECTION('',(1.,0.,0.));
#5665 = PCURVE('',#2639,#5666);
#5666 = DEFINITIONAL_REPRESENTATION('',(#5667),#5671);
#5667 = CIRCLE('',#5668,11.);
#5668 = AXIS2_PLACEMENT_2D('',#5669,#5670);
#5669 = CARTESIAN_POINT('',(0.,104.));
#5670 = DIRECTION('',(1.,0.));
#5671 = ( GEOMETRIC_REPRESENTATION_CONTEXT(2) 
PARAMETRIC_REPRESENTATION_CONTEXT() REPRESENTATION_CONTEXT('2D SPACE',''
  ) );
#5672 = PCURVE('',#2611,#5673);
#5673 = DEFINITIONAL_REPRESENTATION('',(#5674),#5678);
#5674 = LINE('',#5675,#5676);
#5675 = CARTESIAN_POINT('',(-0.,-13.94));
#5676 = VECTOR('',#5677,1.);
#5677 = DIRECTION('',(-1.,0.));
#5678 = ( GEOMETRIC_REPRESENTATION_CONTEXT(2) 
PARAMETRIC_REPRESENTATION_CONTEXT() REPRESENTATION_CONTEXT('2D SPACE',''
  ) );
#5679 = ORIENTED_EDGE('',*,*,#5680,.F.);
#5680 = EDGE_CURVE('',#3429,#5657,#5681,.T.);
#5681 = SURFACE_CURVE('',#5682,(#5686,#5693),.PCURVE_S1.);
#5682 = LINE('',#5683,#5684);
#5683 = CARTESIAN_POINT('',(-4.5,6.,0.44));
#5684 = VECTOR('',#5685,1.);
#5685 = DIRECTION('',(0.,1.,0.));
#5686 = PCURVE('',#2639,#5687);
#5687 = DEFINITIONAL_REPRESENTATION('',(#5688),#5692);
#5688 = LINE('',#5689,#5690);
#5689 = CARTESIAN_POINT('',(-11.,11.));
#5690 = VECTOR('',#5691,1.);
#5691 = DIRECTION('',(0.,1.));
#5692 = ( GEOMETRIC_REPRESENTATION_CONTEXT(2) 
PARAMETRIC_REPRESENTATION_CONTEXT() REPRESENTATION_CONTEXT('2D SPACE',''
  ) );
#5693 = PCURVE('',#3444,#5694);
#5694 = DEFINITIONAL_REPRESENTATION('',(#5695),#5699);
#5695 = LINE('',#5696,#5697);
#5696 = CARTESIAN_POINT('',(13.94,0.));
#5697 = VECTOR('',#5698,1.);
#5698 = DIRECTION('',(0.,-1.));
#5699 = ( GEOMETRIC_REPRESENTATION_CONTEXT(2) 
PARAMETRIC_REPRESENTATION_CONTEXT() REPRESENTATION_CONTEXT('2D SPACE',''
  ) );
#5700 = ORIENTED_EDGE('',*,*,#3456,.T.);
#5701 = ORIENTED_EDGE('',*,*,#3319,.T.);
#5702 = ORIENTED_EDGE('',*,*,#5703,.T.);
#5703 = EDGE_CURVE('',#3320,#5704,#5706,.T.);
#5704 = VERTEX_POINT('',#5705);
#5705 = CARTESIAN_POINT('',(3.486261755989E-02,-0.3,0.44));
#5706 = SURFACE_CURVE('',#5707,(#5712,#5723),.PCURVE_S1.);
#5707 = CIRCLE('',#5708,9.02);
#5708 = AXIS2_PLACEMENT_3D('',#5709,#5710,#5711);
#5709 = CARTESIAN_POINT('',(6.495,5.995,0.44));
#5710 = DIRECTION('',(0.,0.,-1.));
#5711 = DIRECTION('',(1.,0.,0.));
#5712 = PCURVE('',#2639,#5713);
#5713 = DEFINITIONAL_REPRESENTATION('',(#5714),#5722);
#5714 = ( BOUNDED_CURVE() B_SPLINE_CURVE(2,(#5715,#5716,#5717,#5718,
#5719,#5720,#5721),.UNSPECIFIED.,.T.,.F.) B_SPLINE_CURVE_WITH_KNOTS((1,2
    ,2,2,2,1),(-2.094395102393,0.,2.094395102393,4.188790204786,
6.28318530718,8.377580409573),.UNSPECIFIED.) CURVE() 
GEOMETRIC_REPRESENTATION_ITEM() RATIONAL_B_SPLINE_CURVE((1.,0.5,1.,0.5,
1.,0.5,1.)) REPRESENTATION_ITEM('') );
#5715 = CARTESIAN_POINT('',(9.015,10.995));
#5716 = CARTESIAN_POINT('',(9.015,-4.628098284271));
#5717 = CARTESIAN_POINT('',(-4.515,3.183450857864));
#5718 = CARTESIAN_POINT('',(-18.045,10.995));
#5719 = CARTESIAN_POINT('',(-4.515,18.806549142136));
#5720 = CARTESIAN_POINT('',(9.015,26.618098284271));
#5721 = CARTESIAN_POINT('',(9.015,10.995));
#5722 = ( GEOMETRIC_REPRESENTATION_CONTEXT(2) 
PARAMETRIC_REPRESENTATION_CONTEXT() REPRESENTATION_CONTEXT('2D SPACE',''
  ) );
#5723 = PCURVE('',#3362,#5724);
#5724 = DEFINITIONAL_REPRESENTATION('',(#5725),#5729);
#5725 = LINE('',#5726,#5727);
#5726 = CARTESIAN_POINT('',(-6.28318530718,-9.E-02));
#5727 = VECTOR('',#5728,1.);
#5728 = DIRECTION('',(1.,-0.));
#5729 = ( GEOMETRIC_REPRESENTATION_CONTEXT(2) 
PARAMETRIC_REPRESENTATION_CONTEXT() REPRESENTATION_CONTEXT('2D SPACE',''
  ) );
#5730 = ORIENTED_EDGE('',*,*,#5731,.T.);
#5731 = EDGE_CURVE('',#5704,#5732,#5734,.T.);
#5732 = VERTEX_POINT('',#5733);
#5733 = CARTESIAN_POINT('',(-0.3,-0.3,0.44));
#5734 = SURFACE_CURVE('',#5735,(#5739,#5745),.PCURVE_S1.);
#5735 = LINE('',#5736,#5737);
#5736 = CARTESIAN_POINT('',(3.1,-0.3,0.44));
#5737 = VECTOR('',#5738,1.);
#5738 = DIRECTION('',(-1.,0.,0.));
#5739 = PCURVE('',#2639,#5740);
#5740 = DEFINITIONAL_REPRESENTATION('',(#5741),#5744);
#5741 = B_SPLINE_CURVE_WITH_KNOTS('',1,(#5742,#5743),.UNSPECIFIED.,.F.,
  .F.,(2,2),(-57.2,3.4),.PIECEWISE_BEZIER_KNOTS.);
#5742 = CARTESIAN_POINT('',(53.8,4.7));
#5743 = CARTESIAN_POINT('',(-6.8,4.7));
#5744 = ( GEOMETRIC_REPRESENTATION_CONTEXT(2) 
PARAMETRIC_REPRESENTATION_CONTEXT() REPRESENTATION_CONTEXT('2D SPACE',''
  ) );
#5745 = PCURVE('',#5746,#5751);
#5746 = PLANE('',#5747);
#5747 = AXIS2_PLACEMENT_3D('',#5748,#5749,#5750);
#5748 = CARTESIAN_POINT('',(-0.3,-0.3,5.E-02));
#5749 = DIRECTION('',(0.,1.,0.));
#5750 = DIRECTION('',(0.,0.,1.));
#5751 = DEFINITIONAL_REPRESENTATION('',(#5752),#5755);
#5752 = B_SPLINE_CURVE_WITH_KNOTS('',1,(#5753,#5754),.UNSPECIFIED.,.F.,
  .F.,(2,2),(-57.2,3.4),.PIECEWISE_BEZIER_KNOTS.);
#5753 = CARTESIAN_POINT('',(0.39,60.6));
#5754 = CARTESIAN_POINT('',(0.39,0.));
#5755 = ( GEOMETRIC_REPRESENTATION_CONTEXT(2) 
PARAMETRIC_REPRESENTATION_CONTEXT() REPRESENTATION_CONTEXT('2D SPACE',''
  ) );
#5756 = ORIENTED_EDGE('',*,*,#5757,.T.);
#5757 = EDGE_CURVE('',#5732,#5758,#5760,.T.);
#5758 = VERTEX_POINT('',#5759);
#5759 = CARTESIAN_POINT('',(-0.3,6.302098789955E-02,0.44));
#5760 = SURFACE_CURVE('',#5761,(#5765,#5771),.PCURVE_S1.);
#5761 = LINE('',#5762,#5763);
#5762 = CARTESIAN_POINT('',(-0.3,-2.65,0.44));
#5763 = VECTOR('',#5764,1.);
#5764 = DIRECTION('',(0.,1.,0.));
#5765 = PCURVE('',#2639,#5766);
#5766 = DEFINITIONAL_REPRESENTATION('',(#5767),#5770);
#5767 = B_SPLINE_CURVE_WITH_KNOTS('',1,(#5768,#5769),.UNSPECIFIED.,.F.,
  .F.,(2,2),(2.35,107.95),.PIECEWISE_BEZIER_KNOTS.);
#5768 = CARTESIAN_POINT('',(-6.8,4.7));
#5769 = CARTESIAN_POINT('',(-6.8,110.3));
#5770 = ( GEOMETRIC_REPRESENTATION_CONTEXT(2) 
PARAMETRIC_REPRESENTATION_CONTEXT() REPRESENTATION_CONTEXT('2D SPACE',''
  ) );
#5771 = PCURVE('',#5772,#5777);
#5772 = PLANE('',#5773);
#5773 = AXIS2_PLACEMENT_3D('',#5774,#5775,#5776);
#5774 = CARTESIAN_POINT('',(-0.3,-0.3,5.E-02));
#5775 = DIRECTION('',(1.,0.,0.));
#5776 = DIRECTION('',(0.,0.,1.));
#5777 = DEFINITIONAL_REPRESENTATION('',(#5778),#5781);
#5778 = B_SPLINE_CURVE_WITH_KNOTS('',1,(#5779,#5780),.UNSPECIFIED.,.F.,
  .F.,(2,2),(2.35,107.95),.PIECEWISE_BEZIER_KNOTS.);
#5779 = CARTESIAN_POINT('',(0.39,0.));
#5780 = CARTESIAN_POINT('',(0.39,-105.6));
#5781 = ( GEOMETRIC_REPRESENTATION_CONTEXT(2) 
PARAMETRIC_REPRESENTATION_CONTEXT() REPRESENTATION_CONTEXT('2D SPACE',''
  ) );
#5782 = ORIENTED_EDGE('',*,*,#5783,.T.);
#5783 = EDGE_CURVE('',#5758,#5784,#5786,.T.);
#5784 = VERTEX_POINT('',#5785);
#5785 = CARTESIAN_POINT('',(-2.525,5.995,0.44));
#5786 = SURFACE_CURVE('',#5787,(#5792,#5803),.PCURVE_S1.);
#5787 = CIRCLE('',#5788,9.02);
#5788 = AXIS2_PLACEMENT_3D('',#5789,#5790,#5791);
#5789 = CARTESIAN_POINT('',(6.495,5.995,0.44));
#5790 = DIRECTION('',(0.,0.,-1.));
#5791 = DIRECTION('',(1.,0.,0.));
#5792 = PCURVE('',#2639,#5793);
#5793 = DEFINITIONAL_REPRESENTATION('',(#5794),#5802);
#5794 = ( BOUNDED_CURVE() B_SPLINE_CURVE(2,(#5795,#5796,#5797,#5798,
#5799,#5800,#5801),.UNSPECIFIED.,.T.,.F.) B_SPLINE_CURVE_WITH_KNOTS((1,2
    ,2,2,2,1),(-2.094395102393,0.,2.094395102393,4.188790204786,
6.28318530718,8.377580409573),.UNSPECIFIED.) CURVE() 
GEOMETRIC_REPRESENTATION_ITEM() RATIONAL_B_SPLINE_CURVE((1.,0.5,1.,0.5,
1.,0.5,1.)) REPRESENTATION_ITEM('') );
#5795 = CARTESIAN_POINT('',(9.015,10.995));
#5796 = CARTESIAN_POINT('',(9.015,-4.628098284271));
#5797 = CARTESIAN_POINT('',(-4.515,3.183450857864));
#5798 = CARTESIAN_POINT('',(-18.045,10.995));
#5799 = CARTESIAN_POINT('',(-4.515,18.806549142136));
#5800 = CARTESIAN_POINT('',(9.015,26.618098284271));
#5801 = CARTESIAN_POINT('',(9.015,10.995));
#5802 = ( GEOMETRIC_REPRESENTATION_CONTEXT(2) 
PARAMETRIC_REPRESENTATION_CONTEXT() REPRESENTATION_CONTEXT('2D SPACE',''
  ) );
#5803 = PCURVE('',#5804,#5809);
#5804 = CYLINDRICAL_SURFACE('',#5805,9.02);
#5805 = AXIS2_PLACEMENT_3D('',#5806,#5807,#5808);
#5806 = CARTESIAN_POINT('',(6.495,5.995,0.35));
#5807 = DIRECTION('',(-0.,-0.,-1.));
#5808 = DIRECTION('',(1.,0.,0.));
#5809 = DEFINITIONAL_REPRESENTATION('',(#5810),#5814);
#5810 = LINE('',#5811,#5812);
#5811 = CARTESIAN_POINT('',(-6.28318530718,-9.E-02));
#5812 = VECTOR('',#5813,1.);
#5813 = DIRECTION('',(1.,-0.));
#5814 = ( GEOMETRIC_REPRESENTATION_CONTEXT(2) 
PARAMETRIC_REPRESENTATION_CONTEXT() REPRESENTATION_CONTEXT('2D SPACE',''
  ) );
#5815 = ORIENTED_EDGE('',*,*,#5816,.T.);
#5816 = EDGE_CURVE('',#5784,#5817,#5819,.T.);
#5817 = VERTEX_POINT('',#5818);
#5818 = CARTESIAN_POINT('',(-2.525,99.005,0.44));
#5819 = SURFACE_CURVE('',#5820,(#5824,#5830),.PCURVE_S1.);
#5820 = LINE('',#5821,#5822);
#5821 = CARTESIAN_POINT('',(-2.525,0.4975,0.44));
#5822 = VECTOR('',#5823,1.);
#5823 = DIRECTION('',(0.,1.,0.));
#5824 = PCURVE('',#2639,#5825);
#5825 = DEFINITIONAL_REPRESENTATION('',(#5826),#5829);
#5826 = B_SPLINE_CURVE_WITH_KNOTS('',1,(#5827,#5828),.UNSPECIFIED.,.F.,
  .F.,(2,2),(5.4975,98.5075),.PIECEWISE_BEZIER_KNOTS.);
#5827 = CARTESIAN_POINT('',(-9.025,10.995));
#5828 = CARTESIAN_POINT('',(-9.025,104.005));
#5829 = ( GEOMETRIC_REPRESENTATION_CONTEXT(2) 
PARAMETRIC_REPRESENTATION_CONTEXT() REPRESENTATION_CONTEXT('2D SPACE',''
  ) );
#5830 = PCURVE('',#5831,#5836);
#5831 = PLANE('',#5832);
#5832 = AXIS2_PLACEMENT_3D('',#5833,#5834,#5835);
#5833 = CARTESIAN_POINT('',(-2.525,5.995,0.35));
#5834 = DIRECTION('',(1.,0.,0.));
#5835 = DIRECTION('',(0.,0.,1.));
#5836 = DEFINITIONAL_REPRESENTATION('',(#5837),#5840);
#5837 = B_SPLINE_CURVE_WITH_KNOTS('',1,(#5838,#5839),.UNSPECIFIED.,.F.,
  .F.,(2,2),(5.4975,98.5075),.PIECEWISE_BEZIER_KNOTS.);
#5838 = CARTESIAN_POINT('',(9.E-02,0.));
#5839 = CARTESIAN_POINT('',(9.E-02,-93.01));
#5840 = ( GEOMETRIC_REPRESENTATION_CONTEXT(2) 
PARAMETRIC_REPRESENTATION_CONTEXT() REPRESENTATION_CONTEXT('2D SPACE',''
  ) );
#5841 = ORIENTED_EDGE('',*,*,#5842,.T.);
#5842 = EDGE_CURVE('',#5817,#5843,#5845,.T.);
#5843 = VERTEX_POINT('',#5844);
#5844 = CARTESIAN_POINT('',(-0.3,104.9369790121,0.44));
#5845 = SURFACE_CURVE('',#5846,(#5851,#5862),.PCURVE_S1.);
#5846 = CIRCLE('',#5847,9.02);
#5847 = AXIS2_PLACEMENT_3D('',#5848,#5849,#5850);
#5848 = CARTESIAN_POINT('',(6.495,99.005,0.44));
#5849 = DIRECTION('',(0.,0.,-1.));
#5850 = DIRECTION('',(1.,0.,0.));
#5851 = PCURVE('',#2639,#5852);
#5852 = DEFINITIONAL_REPRESENTATION('',(#5853),#5861);
#5853 = ( BOUNDED_CURVE() B_SPLINE_CURVE(2,(#5854,#5855,#5856,#5857,
#5858,#5859,#5860),.UNSPECIFIED.,.T.,.F.) B_SPLINE_CURVE_WITH_KNOTS((1,2
    ,2,2,2,1),(-2.094395102393,0.,2.094395102393,4.188790204786,
6.28318530718,8.377580409573),.UNSPECIFIED.) CURVE() 
GEOMETRIC_REPRESENTATION_ITEM() RATIONAL_B_SPLINE_CURVE((1.,0.5,1.,0.5,
1.,0.5,1.)) REPRESENTATION_ITEM('') );
#5854 = CARTESIAN_POINT('',(9.015,104.005));
#5855 = CARTESIAN_POINT('',(9.015,88.381901715729));
#5856 = CARTESIAN_POINT('',(-4.515,96.193450857864));
#5857 = CARTESIAN_POINT('',(-18.045,104.005));
#5858 = CARTESIAN_POINT('',(-4.515,111.81654914213));
#5859 = CARTESIAN_POINT('',(9.015,119.62809828427));
#5860 = CARTESIAN_POINT('',(9.015,104.005));
#5861 = ( GEOMETRIC_REPRESENTATION_CONTEXT(2) 
PARAMETRIC_REPRESENTATION_CONTEXT() REPRESENTATION_CONTEXT('2D SPACE',''
  ) );
#5862 = PCURVE('',#5863,#5868);
#5863 = CYLINDRICAL_SURFACE('',#5864,9.02);
#5864 = AXIS2_PLACEMENT_3D('',#5865,#5866,#5867);
#5865 = CARTESIAN_POINT('',(6.495,99.005,0.35));
#5866 = DIRECTION('',(-0.,-0.,-1.));
#5867 = DIRECTION('',(1.,0.,0.));
#5868 = DEFINITIONAL_REPRESENTATION('',(#5869),#5873);
#5869 = LINE('',#5870,#5871);
#5870 = CARTESIAN_POINT('',(-6.28318530718,-9.E-02));
#5871 = VECTOR('',#5872,1.);
#5872 = DIRECTION('',(1.,-0.));
#5873 = ( GEOMETRIC_REPRESENTATION_CONTEXT(2) 
PARAMETRIC_REPRESENTATION_CONTEXT() REPRESENTATION_CONTEXT('2D SPACE',''
  ) );
#5874 = ORIENTED_EDGE('',*,*,#5875,.T.);
#5875 = EDGE_CURVE('',#5843,#5876,#5878,.T.);
#5876 = VERTEX_POINT('',#5877);
#5877 = CARTESIAN_POINT('',(-0.3,105.3,0.44));
#5878 = SURFACE_CURVE('',#5879,(#5883,#5889),.PCURVE_S1.);
#5879 = LINE('',#5880,#5881);
#5880 = CARTESIAN_POINT('',(-0.3,-2.65,0.44));
#5881 = VECTOR('',#5882,1.);
#5882 = DIRECTION('',(0.,1.,0.));
#5883 = PCURVE('',#2639,#5884);
#5884 = DEFINITIONAL_REPRESENTATION('',(#5885),#5888);
#5885 = B_SPLINE_CURVE_WITH_KNOTS('',1,(#5886,#5887),.UNSPECIFIED.,.F.,
  .F.,(2,2),(2.35,107.95),.PIECEWISE_BEZIER_KNOTS.);
#5886 = CARTESIAN_POINT('',(-6.8,4.7));
#5887 = CARTESIAN_POINT('',(-6.8,110.3));
#5888 = ( GEOMETRIC_REPRESENTATION_CONTEXT(2) 
PARAMETRIC_REPRESENTATION_CONTEXT() REPRESENTATION_CONTEXT('2D SPACE',''
  ) );
#5889 = PCURVE('',#5890,#5895);
#5890 = PLANE('',#5891);
#5891 = AXIS2_PLACEMENT_3D('',#5892,#5893,#5894);
#5892 = CARTESIAN_POINT('',(-0.3,-0.3,5.E-02));
#5893 = DIRECTION('',(1.,0.,0.));
#5894 = DIRECTION('',(0.,0.,1.));
#5895 = DEFINITIONAL_REPRESENTATION('',(#5896),#5899);
#5896 = B_SPLINE_CURVE_WITH_KNOTS('',1,(#5897,#5898),.UNSPECIFIED.,.F.,
  .F.,(2,2),(2.35,107.95),.PIECEWISE_BEZIER_KNOTS.);
#5897 = CARTESIAN_POINT('',(0.39,0.));
#5898 = CARTESIAN_POINT('',(0.39,-105.6));
#5899 = ( GEOMETRIC_REPRESENTATION_CONTEXT(2) 
PARAMETRIC_REPRESENTATION_CONTEXT() REPRESENTATION_CONTEXT('2D SPACE',''
  ) );
#5900 = ORIENTED_EDGE('',*,*,#5901,.F.);
#5901 = EDGE_CURVE('',#5902,#5876,#5904,.T.);
#5902 = VERTEX_POINT('',#5903);
#5903 = CARTESIAN_POINT('',(3.486261755988E-02,105.3,0.44));
#5904 = SURFACE_CURVE('',#5905,(#5909,#5915),.PCURVE_S1.);
#5905 = LINE('',#5906,#5907);
#5906 = CARTESIAN_POINT('',(3.1,105.3,0.44));
#5907 = VECTOR('',#5908,1.);
#5908 = DIRECTION('',(-1.,0.,0.));
#5909 = PCURVE('',#2639,#5910);
#5910 = DEFINITIONAL_REPRESENTATION('',(#5911),#5914);
#5911 = B_SPLINE_CURVE_WITH_KNOTS('',1,(#5912,#5913),.UNSPECIFIED.,.F.,
  .F.,(2,2),(-57.2,3.4),.PIECEWISE_BEZIER_KNOTS.);
#5912 = CARTESIAN_POINT('',(53.8,110.3));
#5913 = CARTESIAN_POINT('',(-6.8,110.3));
#5914 = ( GEOMETRIC_REPRESENTATION_CONTEXT(2) 
PARAMETRIC_REPRESENTATION_CONTEXT() REPRESENTATION_CONTEXT('2D SPACE',''
  ) );
#5915 = PCURVE('',#5916,#5921);
#5916 = PLANE('',#5917);
#5917 = AXIS2_PLACEMENT_3D('',#5918,#5919,#5920);
#5918 = CARTESIAN_POINT('',(-0.3,105.3,5.E-02));
#5919 = DIRECTION('',(0.,1.,0.));
#5920 = DIRECTION('',(0.,0.,1.));
#5921 = DEFINITIONAL_REPRESENTATION('',(#5922),#5925);
#5922 = B_SPLINE_CURVE_WITH_KNOTS('',1,(#5923,#5924),.UNSPECIFIED.,.F.,
  .F.,(2,2),(-57.2,3.4),.PIECEWISE_BEZIER_KNOTS.);
#5923 = CARTESIAN_POINT('',(0.39,60.6));
#5924 = CARTESIAN_POINT('',(0.39,0.));
#5925 = ( GEOMETRIC_REPRESENTATION_CONTEXT(2) 
PARAMETRIC_REPRESENTATION_CONTEXT() REPRESENTATION_CONTEXT('2D SPACE',''
  ) );
#5926 = ORIENTED_EDGE('',*,*,#5927,.T.);
#5927 = EDGE_CURVE('',#5902,#5928,#5930,.T.);
#5928 = VERTEX_POINT('',#5929);
#5929 = CARTESIAN_POINT('',(6.495,108.025,0.44));
#5930 = SURFACE_CURVE('',#5931,(#5936,#5947),.PCURVE_S1.);
#5931 = CIRCLE('',#5932,9.02);
#5932 = AXIS2_PLACEMENT_3D('',#5933,#5934,#5935);
#5933 = CARTESIAN_POINT('',(6.495,99.005,0.44));
#5934 = DIRECTION('',(0.,0.,-1.));
#5935 = DIRECTION('',(1.,0.,0.));
#5936 = PCURVE('',#2639,#5937);
#5937 = DEFINITIONAL_REPRESENTATION('',(#5938),#5946);
#5938 = ( BOUNDED_CURVE() B_SPLINE_CURVE(2,(#5939,#5940,#5941,#5942,
#5943,#5944,#5945),.UNSPECIFIED.,.T.,.F.) B_SPLINE_CURVE_WITH_KNOTS((1,2
    ,2,2,2,1),(-2.094395102393,0.,2.094395102393,4.188790204786,
6.28318530718,8.377580409573),.UNSPECIFIED.) CURVE() 
GEOMETRIC_REPRESENTATION_ITEM() RATIONAL_B_SPLINE_CURVE((1.,0.5,1.,0.5,
1.,0.5,1.)) REPRESENTATION_ITEM('') );
#5939 = CARTESIAN_POINT('',(9.015,104.005));
#5940 = CARTESIAN_POINT('',(9.015,88.381901715729));
#5941 = CARTESIAN_POINT('',(-4.515,96.193450857864));
#5942 = CARTESIAN_POINT('',(-18.045,104.005));
#5943 = CARTESIAN_POINT('',(-4.515,111.81654914213));
#5944 = CARTESIAN_POINT('',(9.015,119.62809828427));
#5945 = CARTESIAN_POINT('',(9.015,104.005));
#5946 = ( GEOMETRIC_REPRESENTATION_CONTEXT(2) 
PARAMETRIC_REPRESENTATION_CONTEXT() REPRESENTATION_CONTEXT('2D SPACE',''
  ) );
#5947 = PCURVE('',#5948,#5953);
#5948 = CYLINDRICAL_SURFACE('',#5949,9.02);
#5949 = AXIS2_PLACEMENT_3D('',#5950,#5951,#5952);
#5950 = CARTESIAN_POINT('',(6.495,99.005,0.35));
#5951 = DIRECTION('',(-0.,-0.,-1.));
#5952 = DIRECTION('',(1.,0.,0.));
#5953 = DEFINITIONAL_REPRESENTATION('',(#5954),#5958);
#5954 = LINE('',#5955,#5956);
#5955 = CARTESIAN_POINT('',(-6.28318530718,-9.E-02));
#5956 = VECTOR('',#5957,1.);
#5957 = DIRECTION('',(1.,-0.));
#5958 = ( GEOMETRIC_REPRESENTATION_CONTEXT(2) 
PARAMETRIC_REPRESENTATION_CONTEXT() REPRESENTATION_CONTEXT('2D SPACE',''
  ) );
#5959 = ORIENTED_EDGE('',*,*,#5960,.F.);
#5960 = EDGE_CURVE('',#5534,#5928,#5961,.T.);
#5961 = SURFACE_CURVE('',#5962,(#5966,#5972),.PCURVE_S1.);
#5962 = LINE('',#5963,#5964);
#5963 = CARTESIAN_POINT('',(6.4975,108.025,0.44));
#5964 = VECTOR('',#5965,1.);
#5965 = DIRECTION('',(-1.,0.,0.));
#5966 = PCURVE('',#2639,#5967);
#5967 = DEFINITIONAL_REPRESENTATION('',(#5968),#5971);
#5968 = B_SPLINE_CURVE_WITH_KNOTS('',1,(#5969,#5970),.UNSPECIFIED.,.F.,
  .F.,(2,2),(-47.0075,2.500000000003E-03),.PIECEWISE_BEZIER_KNOTS.);
#5969 = CARTESIAN_POINT('',(47.005,113.025));
#5970 = CARTESIAN_POINT('',(-5.000000000006E-03,113.025));
#5971 = ( GEOMETRIC_REPRESENTATION_CONTEXT(2) 
PARAMETRIC_REPRESENTATION_CONTEXT() REPRESENTATION_CONTEXT('2D SPACE',''
  ) );
#5972 = PCURVE('',#5569,#5973);
#5973 = DEFINITIONAL_REPRESENTATION('',(#5974),#5977);
#5974 = B_SPLINE_CURVE_WITH_KNOTS('',1,(#5975,#5976),.UNSPECIFIED.,.F.,
  .F.,(2,2),(-47.0075,2.500000000003E-03),.PIECEWISE_BEZIER_KNOTS.);
#5975 = CARTESIAN_POINT('',(9.E-02,47.01));
#5976 = CARTESIAN_POINT('',(9.E-02,0.));
#5977 = ( GEOMETRIC_REPRESENTATION_CONTEXT(2) 
PARAMETRIC_REPRESENTATION_CONTEXT() REPRESENTATION_CONTEXT('2D SPACE',''
  ) );
#5978 = ADVANCED_FACE('',(#5979),#2611,.T.);
#5979 = FACE_BOUND('',#5980,.F.);
#5980 = EDGE_LOOP('',(#5981,#5982,#5983,#5984));
#5981 = ORIENTED_EDGE('',*,*,#3484,.F.);
#5982 = ORIENTED_EDGE('',*,*,#2595,.T.);
#5983 = ORIENTED_EDGE('',*,*,#5656,.T.);
#5984 = ORIENTED_EDGE('',*,*,#5985,.F.);
#5985 = EDGE_CURVE('',#3485,#5657,#5986,.T.);
#5986 = SURFACE_CURVE('',#5987,(#5991,#5998),.PCURVE_S1.);
#5987 = LINE('',#5988,#5989);
#5988 = CARTESIAN_POINT('',(-4.5,99.,-13.5));
#5989 = VECTOR('',#5990,1.);
#5990 = DIRECTION('',(0.,0.,1.));
#5991 = PCURVE('',#2611,#5992);
#5992 = DEFINITIONAL_REPRESENTATION('',(#5993),#5997);
#5993 = LINE('',#5994,#5995);
#5994 = CARTESIAN_POINT('',(-3.14159265359,0.));
#5995 = VECTOR('',#5996,1.);
#5996 = DIRECTION('',(-0.,-1.));
#5997 = ( GEOMETRIC_REPRESENTATION_CONTEXT(2) 
PARAMETRIC_REPRESENTATION_CONTEXT() REPRESENTATION_CONTEXT('2D SPACE',''
  ) );
#5998 = PCURVE('',#3444,#5999);
#5999 = DEFINITIONAL_REPRESENTATION('',(#6000),#6004);
#6000 = LINE('',#6001,#6002);
#6001 = CARTESIAN_POINT('',(0.,-93.));
#6002 = VECTOR('',#6003,1.);
#6003 = DIRECTION('',(1.,0.));
#6004 = ( GEOMETRIC_REPRESENTATION_CONTEXT(2) 
PARAMETRIC_REPRESENTATION_CONTEXT() REPRESENTATION_CONTEXT('2D SPACE',''
  ) );
#6005 = ADVANCED_FACE('',(#6006),#2864,.T.);
#6006 = FACE_BOUND('',#6007,.T.);
#6007 = EDGE_LOOP('',(#6008,#6009,#6010,#6011,#6032,#6053,#6074,#6093));
#6008 = ORIENTED_EDGE('',*,*,#2904,.F.);
#6009 = ORIENTED_EDGE('',*,*,#2848,.T.);
#6010 = ORIENTED_EDGE('',*,*,#4428,.F.);
#6011 = ORIENTED_EDGE('',*,*,#6012,.T.);
#6012 = EDGE_CURVE('',#4408,#6013,#6015,.T.);
#6013 = VERTEX_POINT('',#6014);
#6014 = CARTESIAN_POINT('',(14.79,-2.025,0.2));
#6015 = SURFACE_CURVE('',#6016,(#6020,#6026),.PCURVE_S1.);
#6016 = LINE('',#6017,#6018);
#6017 = CARTESIAN_POINT('',(14.79,0.575,0.2));
#6018 = VECTOR('',#6019,1.);
#6019 = DIRECTION('',(0.,1.,0.));
#6020 = PCURVE('',#2864,#6021);
#6021 = DEFINITIONAL_REPRESENTATION('',(#6022),#6025);
#6022 = B_SPLINE_CURVE_WITH_KNOTS('',1,(#6023,#6024),.UNSPECIFIED.,.F.,
  .F.,(2,2),(-3.775,-0.875),.PIECEWISE_BEZIER_KNOTS.);
#6023 = CARTESIAN_POINT('',(1.5,-1.65));
#6024 = CARTESIAN_POINT('',(1.5,-4.55));
#6025 = ( GEOMETRIC_REPRESENTATION_CONTEXT(2) 
PARAMETRIC_REPRESENTATION_CONTEXT() REPRESENTATION_CONTEXT('2D SPACE',''
  ) );
#6026 = PCURVE('',#3179,#6027);
#6027 = DEFINITIONAL_REPRESENTATION('',(#6028),#6031);
#6028 = B_SPLINE_CURVE_WITH_KNOTS('',1,(#6029,#6030),.UNSPECIFIED.,.F.,
  .F.,(2,2),(-3.775,-0.875),.PIECEWISE_BEZIER_KNOTS.);
#6029 = CARTESIAN_POINT('',(8.29,-9.2));
#6030 = CARTESIAN_POINT('',(8.29,-6.3));
#6031 = ( GEOMETRIC_REPRESENTATION_CONTEXT(2) 
PARAMETRIC_REPRESENTATION_CONTEXT() REPRESENTATION_CONTEXT('2D SPACE',''
  ) );
#6032 = ORIENTED_EDGE('',*,*,#6033,.F.);
#6033 = EDGE_CURVE('',#6034,#6013,#6036,.T.);
#6034 = VERTEX_POINT('',#6035);
#6035 = CARTESIAN_POINT('',(14.79,-2.025,1.5));
#6036 = SURFACE_CURVE('',#6037,(#6041,#6047),.PCURVE_S1.);
#6037 = LINE('',#6038,#6039);
#6038 = CARTESIAN_POINT('',(14.79,-2.025,-0.525));
#6039 = VECTOR('',#6040,1.);
#6040 = DIRECTION('',(0.,0.,-1.));
#6041 = PCURVE('',#2864,#6042);
#6042 = DEFINITIONAL_REPRESENTATION('',(#6043),#6046);
#6043 = B_SPLINE_CURVE_WITH_KNOTS('',1,(#6044,#6045),.UNSPECIFIED.,.F.,
  .F.,(2,2),(-2.025,-0.725),.PIECEWISE_BEZIER_KNOTS.);
#6044 = CARTESIAN_POINT('',(2.8,-2.825));
#6045 = CARTESIAN_POINT('',(1.5,-2.825));
#6046 = ( GEOMETRIC_REPRESENTATION_CONTEXT(2) 
PARAMETRIC_REPRESENTATION_CONTEXT() REPRESENTATION_CONTEXT('2D SPACE',''
  ) );
#6047 = PCURVE('',#3207,#6048);
#6048 = DEFINITIONAL_REPRESENTATION('',(#6049),#6052);
#6049 = B_SPLINE_CURVE_WITH_KNOTS('',1,(#6050,#6051),.UNSPECIFIED.,.F.,
  .F.,(2,2),(-2.025,-0.725),.PIECEWISE_BEZIER_KNOTS.);
#6050 = CARTESIAN_POINT('',(1.25,8.295));
#6051 = CARTESIAN_POINT('',(-5.E-02,8.295));
#6052 = ( GEOMETRIC_REPRESENTATION_CONTEXT(2) 
PARAMETRIC_REPRESENTATION_CONTEXT() REPRESENTATION_CONTEXT('2D SPACE',''
  ) );
#6053 = ORIENTED_EDGE('',*,*,#6054,.F.);
#6054 = EDGE_CURVE('',#6055,#6034,#6057,.T.);
#6055 = VERTEX_POINT('',#6056);
#6056 = CARTESIAN_POINT('',(14.79,-3.025,1.5));
#6057 = SURFACE_CURVE('',#6058,(#6062,#6068),.PCURVE_S1.);
#6058 = LINE('',#6059,#6060);
#6059 = CARTESIAN_POINT('',(14.79,-3.9375,1.5));
#6060 = VECTOR('',#6061,1.);
#6061 = DIRECTION('',(0.,1.,0.));
#6062 = PCURVE('',#2864,#6063);
#6063 = DEFINITIONAL_REPRESENTATION('',(#6064),#6067);
#6064 = B_SPLINE_CURVE_WITH_KNOTS('',1,(#6065,#6066),.UNSPECIFIED.,.F.,
  .F.,(2,2),(0.9125,3.6375),.PIECEWISE_BEZIER_KNOTS.);
#6065 = CARTESIAN_POINT('',(2.8,-1.825));
#6066 = CARTESIAN_POINT('',(2.8,-4.55));
#6067 = ( GEOMETRIC_REPRESENTATION_CONTEXT(2) 
PARAMETRIC_REPRESENTATION_CONTEXT() REPRESENTATION_CONTEXT('2D SPACE',''
  ) );
#6068 = PCURVE('',#3234,#6069);
#6069 = DEFINITIONAL_REPRESENTATION('',(#6070),#6073);
#6070 = B_SPLINE_CURVE_WITH_KNOTS('',1,(#6071,#6072),.UNSPECIFIED.,.F.,
  .F.,(2,2),(0.9125,3.6375),.PIECEWISE_BEZIER_KNOTS.);
#6071 = CARTESIAN_POINT('',(8.295,-3.552713678801E-15));
#6072 = CARTESIAN_POINT('',(8.295,2.725));
#6073 = ( GEOMETRIC_REPRESENTATION_CONTEXT(2) 
PARAMETRIC_REPRESENTATION_CONTEXT() REPRESENTATION_CONTEXT('2D SPACE',''
  ) );
#6074 = ORIENTED_EDGE('',*,*,#6075,.T.);
#6075 = EDGE_CURVE('',#6055,#2981,#6076,.T.);
#6076 = SURFACE_CURVE('',#6077,(#6081,#6087),.PCURVE_S1.);
#6077 = LINE('',#6078,#6079);
#6078 = CARTESIAN_POINT('',(14.79,-3.025,-0.475));
#6079 = VECTOR('',#6080,1.);
#6080 = DIRECTION('',(0.,0.,-1.));
#6081 = PCURVE('',#2864,#6082);
#6082 = DEFINITIONAL_REPRESENTATION('',(#6083),#6086);
#6083 = B_SPLINE_CURVE_WITH_KNOTS('',1,(#6084,#6085),.UNSPECIFIED.,.F.,
  .F.,(2,2),(-1.975,-0.915),.PIECEWISE_BEZIER_KNOTS.);
#6084 = CARTESIAN_POINT('',(2.8,-1.825));
#6085 = CARTESIAN_POINT('',(1.74,-1.825));
#6086 = ( GEOMETRIC_REPRESENTATION_CONTEXT(2) 
PARAMETRIC_REPRESENTATION_CONTEXT() REPRESENTATION_CONTEXT('2D SPACE',''
  ) );
#6087 = PCURVE('',#3014,#6088);
#6088 = DEFINITIONAL_REPRESENTATION('',(#6089),#6092);
#6089 = B_SPLINE_CURVE_WITH_KNOTS('',1,(#6090,#6091),.UNSPECIFIED.,.F.,
  .F.,(2,2),(-1.975,-0.915),.PIECEWISE_BEZIER_KNOTS.);
#6090 = CARTESIAN_POINT('',(1.15,8.295));
#6091 = CARTESIAN_POINT('',(9.E-02,8.295));
#6092 = ( GEOMETRIC_REPRESENTATION_CONTEXT(2) 
PARAMETRIC_REPRESENTATION_CONTEXT() REPRESENTATION_CONTEXT('2D SPACE',''
  ) );
#6093 = ORIENTED_EDGE('',*,*,#2980,.F.);
#6094 = ADVANCED_FACE('',(#6095),#3014,.F.);
#6095 = FACE_BOUND('',#6096,.F.);
#6096 = EDGE_LOOP('',(#6097,#6118,#6119,#6120));
#6097 = ORIENTED_EDGE('',*,*,#6098,.T.);
#6098 = EDGE_CURVE('',#3220,#6055,#6099,.T.);
#6099 = SURFACE_CURVE('',#6100,(#6104,#6111),.PCURVE_S1.);
#6100 = LINE('',#6101,#6102);
#6101 = CARTESIAN_POINT('',(6.495,-3.025,1.5));
#6102 = VECTOR('',#6103,1.);
#6103 = DIRECTION('',(1.,0.,0.));
#6104 = PCURVE('',#3014,#6105);
#6105 = DEFINITIONAL_REPRESENTATION('',(#6106),#6110);
#6106 = LINE('',#6107,#6108);
#6107 = CARTESIAN_POINT('',(1.15,0.));
#6108 = VECTOR('',#6109,1.);
#6109 = DIRECTION('',(0.,1.));
#6110 = ( GEOMETRIC_REPRESENTATION_CONTEXT(2) 
PARAMETRIC_REPRESENTATION_CONTEXT() REPRESENTATION_CONTEXT('2D SPACE',''
  ) );
#6111 = PCURVE('',#3234,#6112);
#6112 = DEFINITIONAL_REPRESENTATION('',(#6113),#6117);
#6113 = LINE('',#6114,#6115);
#6114 = CARTESIAN_POINT('',(0.,0.));
#6115 = VECTOR('',#6116,1.);
#6116 = DIRECTION('',(1.,0.));
#6117 = ( GEOMETRIC_REPRESENTATION_CONTEXT(2) 
PARAMETRIC_REPRESENTATION_CONTEXT() REPRESENTATION_CONTEXT('2D SPACE',''
  ) );
#6118 = ORIENTED_EDGE('',*,*,#6075,.T.);
#6119 = ORIENTED_EDGE('',*,*,#3001,.T.);
#6120 = ORIENTED_EDGE('',*,*,#3245,.F.);
#6121 = ADVANCED_FACE('',(#6122),#3047,.F.);
#6122 = FACE_BOUND('',#6123,.F.);
#6123 = EDGE_LOOP('',(#6124,#6145,#6146,#6167));
#6124 = ORIENTED_EDGE('',*,*,#6125,.T.);
#6125 = EDGE_CURVE('',#6126,#3029,#6128,.T.);
#6126 = VERTEX_POINT('',#6127);
#6127 = CARTESIAN_POINT('',(5.084547944806,-1.9,0.2));
#6128 = SURFACE_CURVE('',#6129,(#6133,#6139),.PCURVE_S1.);
#6129 = LINE('',#6130,#6131);
#6130 = CARTESIAN_POINT('',(7.035,-1.9,0.2));
#6131 = VECTOR('',#6132,1.);
#6132 = DIRECTION('',(-1.,0.,0.));
#6133 = PCURVE('',#3047,#6134);
#6134 = DEFINITIONAL_REPRESENTATION('',(#6135),#6138);
#6135 = B_SPLINE_CURVE_WITH_KNOTS('',1,(#6136,#6137),.UNSPECIFIED.,.F.,
  .F.,(2,2),(-6.035,4.965),.PIECEWISE_BEZIER_KNOTS.);
#6136 = CARTESIAN_POINT('',(-3.9,5.5));
#6137 = CARTESIAN_POINT('',(-3.9,-5.5));
#6138 = ( GEOMETRIC_REPRESENTATION_CONTEXT(2) 
PARAMETRIC_REPRESENTATION_CONTEXT() REPRESENTATION_CONTEXT('2D SPACE',''
  ) );
#6139 = PCURVE('',#3074,#6140);
#6140 = DEFINITIONAL_REPRESENTATION('',(#6141),#6144);
#6141 = B_SPLINE_CURVE_WITH_KNOTS('',1,(#6142,#6143),.UNSPECIFIED.,.F.,
  .F.,(2,2),(-6.035,4.965),.PIECEWISE_BEZIER_KNOTS.);
#6142 = CARTESIAN_POINT('',(6.57,-7.9));
#6143 = CARTESIAN_POINT('',(-4.43,-7.9));
#6144 = ( GEOMETRIC_REPRESENTATION_CONTEXT(2) 
PARAMETRIC_REPRESENTATION_CONTEXT() REPRESENTATION_CONTEXT('2D SPACE',''
  ) );
#6145 = ORIENTED_EDGE('',*,*,#3028,.T.);
#6146 = ORIENTED_EDGE('',*,*,#6147,.F.);
#6147 = EDGE_CURVE('',#6148,#3031,#6150,.T.);
#6148 = VERTEX_POINT('',#6149);
#6149 = CARTESIAN_POINT('',(5.084547944806,-1.9,1.5));
#6150 = SURFACE_CURVE('',#6151,(#6155,#6161),.PCURVE_S1.);
#6151 = LINE('',#6152,#6153);
#6152 = CARTESIAN_POINT('',(7.0325,-1.9,1.5));
#6153 = VECTOR('',#6154,1.);
#6154 = DIRECTION('',(-1.,0.,0.));
#6155 = PCURVE('',#3047,#6156);
#6156 = DEFINITIONAL_REPRESENTATION('',(#6157),#6160);
#6157 = B_SPLINE_CURVE_WITH_KNOTS('',1,(#6158,#6159),.UNSPECIFIED.,.F.,
  .F.,(2,2),(-6.0375,4.9625),.PIECEWISE_BEZIER_KNOTS.);
#6158 = CARTESIAN_POINT('',(-2.6,5.5));
#6159 = CARTESIAN_POINT('',(-2.6,-5.5));
#6160 = ( GEOMETRIC_REPRESENTATION_CONTEXT(2) 
PARAMETRIC_REPRESENTATION_CONTEXT() REPRESENTATION_CONTEXT('2D SPACE',''
  ) );
#6161 = PCURVE('',#3390,#6162);
#6162 = DEFINITIONAL_REPRESENTATION('',(#6163),#6166);
#6163 = B_SPLINE_CURVE_WITH_KNOTS('',1,(#6164,#6165),.UNSPECIFIED.,.F.,
  .F.,(2,2),(-6.0375,4.9625),.PIECEWISE_BEZIER_KNOTS.);
#6164 = CARTESIAN_POINT('',(6.575,1.125));
#6165 = CARTESIAN_POINT('',(-4.425,1.125));
#6166 = ( GEOMETRIC_REPRESENTATION_CONTEXT(2) 
PARAMETRIC_REPRESENTATION_CONTEXT() REPRESENTATION_CONTEXT('2D SPACE',''
  ) );
#6167 = ORIENTED_EDGE('',*,*,#6168,.T.);
#6168 = EDGE_CURVE('',#6148,#6126,#6169,.T.);
#6169 = SURFACE_CURVE('',#6170,(#6174,#6180),.PCURVE_S1.);
#6170 = LINE('',#6171,#6172);
#6171 = CARTESIAN_POINT('',(5.084547944806,-1.9,0.25));
#6172 = VECTOR('',#6173,1.);
#6173 = DIRECTION('',(-0.,-0.,-1.));
#6174 = PCURVE('',#3047,#6175);
#6175 = DEFINITIONAL_REPRESENTATION('',(#6176),#6179);
#6176 = B_SPLINE_CURVE_WITH_KNOTS('',1,(#6177,#6178),.UNSPECIFIED.,.F.,
  .F.,(2,2),(-1.2500006,5.00006E-02),.PIECEWISE_BEZIER_KNOTS.);
#6177 = CARTESIAN_POINT('',(-2.5999994,-2.485452055194));
#6178 = CARTESIAN_POINT('',(-3.9000006,-2.485452055194));
#6179 = ( GEOMETRIC_REPRESENTATION_CONTEXT(2) 
PARAMETRIC_REPRESENTATION_CONTEXT() REPRESENTATION_CONTEXT('2D SPACE',''
  ) );
#6180 = PCURVE('',#6181,#6186);
#6181 = CYLINDRICAL_SURFACE('',#6182,8.02);
#6182 = AXIS2_PLACEMENT_3D('',#6183,#6184,#6185);
#6183 = CARTESIAN_POINT('',(6.495,5.995,0.25));
#6184 = DIRECTION('',(-0.,-0.,-1.));
#6185 = DIRECTION('',(1.,0.,0.));
#6186 = DEFINITIONAL_REPRESENTATION('',(#6187),#6190);
#6187 = B_SPLINE_CURVE_WITH_KNOTS('',1,(#6188,#6189),.UNSPECIFIED.,.F.,
  .F.,(2,2),(-1.2500006,5.00006E-02),.PIECEWISE_BEZIER_KNOTS.);
#6188 = CARTESIAN_POINT('',(-4.535602717053,-1.2500006));
#6189 = CARTESIAN_POINT('',(-4.535602717053,5.00006E-02));
#6190 = ( GEOMETRIC_REPRESENTATION_CONTEXT(2) 
PARAMETRIC_REPRESENTATION_CONTEXT() REPRESENTATION_CONTEXT('2D SPACE',''
  ) );
#6191 = ADVANCED_FACE('',(#6192),#3390,.T.);
#6192 = FACE_BOUND('',#6193,.T.);
#6193 = EDGE_LOOP('',(#6194,#6218,#6219,#6220,#6248));
#6194 = ORIENTED_EDGE('',*,*,#6195,.T.);
#6195 = EDGE_CURVE('',#6196,#3341,#6198,.T.);
#6196 = VERTEX_POINT('',#6197);
#6197 = CARTESIAN_POINT('',(3.486261755988E-02,-0.3,1.5));
#6198 = SURFACE_CURVE('',#6199,(#6204,#6211),.PCURVE_S1.);
#6199 = CIRCLE('',#6200,9.02);
#6200 = AXIS2_PLACEMENT_3D('',#6201,#6202,#6203);
#6201 = CARTESIAN_POINT('',(6.495,5.995,1.5));
#6202 = DIRECTION('',(0.,0.,1.));
#6203 = DIRECTION('',(1.,0.,0.));
#6204 = PCURVE('',#3390,#6205);
#6205 = DEFINITIONAL_REPRESENTATION('',(#6206),#6210);
#6206 = CIRCLE('',#6207,9.02);
#6207 = AXIS2_PLACEMENT_2D('',#6208,#6209);
#6208 = CARTESIAN_POINT('',(0.,9.02));
#6209 = DIRECTION('',(1.,0.));
#6210 = ( GEOMETRIC_REPRESENTATION_CONTEXT(2) 
PARAMETRIC_REPRESENTATION_CONTEXT() REPRESENTATION_CONTEXT('2D SPACE',''
  ) );
#6211 = PCURVE('',#3362,#6212);
#6212 = DEFINITIONAL_REPRESENTATION('',(#6213),#6217);
#6213 = LINE('',#6214,#6215);
#6214 = CARTESIAN_POINT('',(-0.,-1.15));
#6215 = VECTOR('',#6216,1.);
#6216 = DIRECTION('',(-1.,0.));
#6217 = ( GEOMETRIC_REPRESENTATION_CONTEXT(2) 
PARAMETRIC_REPRESENTATION_CONTEXT() REPRESENTATION_CONTEXT('2D SPACE',''
  ) );
#6218 = ORIENTED_EDGE('',*,*,#3377,.T.);
#6219 = ORIENTED_EDGE('',*,*,#6147,.F.);
#6220 = ORIENTED_EDGE('',*,*,#6221,.T.);
#6221 = EDGE_CURVE('',#6148,#6222,#6224,.T.);
#6222 = VERTEX_POINT('',#6223);
#6223 = CARTESIAN_POINT('',(1.52575709992,-0.3,1.5));
#6224 = SURFACE_CURVE('',#6225,(#6230,#6241),.PCURVE_S1.);
#6225 = CIRCLE('',#6226,8.02);
#6226 = AXIS2_PLACEMENT_3D('',#6227,#6228,#6229);
#6227 = CARTESIAN_POINT('',(6.495,5.995,1.5));
#6228 = DIRECTION('',(0.,0.,-1.));
#6229 = DIRECTION('',(1.,0.,0.));
#6230 = PCURVE('',#3390,#6231);
#6231 = DEFINITIONAL_REPRESENTATION('',(#6232),#6240);
#6232 = ( BOUNDED_CURVE() B_SPLINE_CURVE(2,(#6233,#6234,#6235,#6236,
#6237,#6238,#6239),.UNSPECIFIED.,.T.,.F.) B_SPLINE_CURVE_WITH_KNOTS((1,2
    ,2,2,2,1),(-2.094395102393,0.,2.094395102393,4.188790204786,
6.28318530718,8.377580409573),.UNSPECIFIED.) CURVE() 
GEOMETRIC_REPRESENTATION_ITEM() RATIONAL_B_SPLINE_CURVE((1.,0.5,1.,0.5,
1.,0.5,1.)) REPRESENTATION_ITEM('') );
#6233 = CARTESIAN_POINT('',(8.02,9.02));
#6234 = CARTESIAN_POINT('',(8.02,-4.871047476702));
#6235 = CARTESIAN_POINT('',(-4.01,2.074476261649));
#6236 = CARTESIAN_POINT('',(-16.04,9.02));
#6237 = CARTESIAN_POINT('',(-4.01,15.965523738351));
#6238 = CARTESIAN_POINT('',(8.02,22.911047476702));
#6239 = CARTESIAN_POINT('',(8.02,9.02));
#6240 = ( GEOMETRIC_REPRESENTATION_CONTEXT(2) 
PARAMETRIC_REPRESENTATION_CONTEXT() REPRESENTATION_CONTEXT('2D SPACE',''
  ) );
#6241 = PCURVE('',#6181,#6242);
#6242 = DEFINITIONAL_REPRESENTATION('',(#6243),#6247);
#6243 = LINE('',#6244,#6245);
#6244 = CARTESIAN_POINT('',(-6.28318530718,-1.25));
#6245 = VECTOR('',#6246,1.);
#6246 = DIRECTION('',(1.,-0.));
#6247 = ( GEOMETRIC_REPRESENTATION_CONTEXT(2) 
PARAMETRIC_REPRESENTATION_CONTEXT() REPRESENTATION_CONTEXT('2D SPACE',''
  ) );
#6248 = ORIENTED_EDGE('',*,*,#6249,.T.);
#6249 = EDGE_CURVE('',#6222,#6196,#6250,.T.);
#6250 = SURFACE_CURVE('',#6251,(#6255,#6261),.PCURVE_S1.);
#6251 = LINE('',#6252,#6253);
#6252 = CARTESIAN_POINT('',(3.0975,-0.3,1.5));
#6253 = VECTOR('',#6254,1.);
#6254 = DIRECTION('',(-1.,0.,0.));
#6255 = PCURVE('',#3390,#6256);
#6256 = DEFINITIONAL_REPRESENTATION('',(#6257),#6260);
#6257 = B_SPLINE_CURVE_WITH_KNOTS('',1,(#6258,#6259),.UNSPECIFIED.,.F.,
  .F.,(2,2),(-57.2025,3.3975),.PIECEWISE_BEZIER_KNOTS.);
#6258 = CARTESIAN_POINT('',(53.805,2.725));
#6259 = CARTESIAN_POINT('',(-6.795,2.725));
#6260 = ( GEOMETRIC_REPRESENTATION_CONTEXT(2) 
PARAMETRIC_REPRESENTATION_CONTEXT() REPRESENTATION_CONTEXT('2D SPACE',''
  ) );
#6261 = PCURVE('',#5746,#6262);
#6262 = DEFINITIONAL_REPRESENTATION('',(#6263),#6266);
#6263 = B_SPLINE_CURVE_WITH_KNOTS('',1,(#6264,#6265),.UNSPECIFIED.,.F.,
  .F.,(2,2),(-57.2025,3.3975),.PIECEWISE_BEZIER_KNOTS.);
#6264 = CARTESIAN_POINT('',(1.45,60.6));
#6265 = CARTESIAN_POINT('',(1.45,0.));
#6266 = ( GEOMETRIC_REPRESENTATION_CONTEXT(2) 
PARAMETRIC_REPRESENTATION_CONTEXT() REPRESENTATION_CONTEXT('2D SPACE',''
  ) );
#6267 = ADVANCED_FACE('',(#6268),#3362,.T.);
#6268 = FACE_BOUND('',#6269,.F.);
#6269 = EDGE_LOOP('',(#6270,#6271,#6272,#6291));
#6270 = ORIENTED_EDGE('',*,*,#3340,.F.);
#6271 = ORIENTED_EDGE('',*,*,#5703,.T.);
#6272 = ORIENTED_EDGE('',*,*,#6273,.F.);
#6273 = EDGE_CURVE('',#6196,#5704,#6274,.T.);
#6274 = SURFACE_CURVE('',#6275,(#6279,#6285),.PCURVE_S1.);
#6275 = LINE('',#6276,#6277);
#6276 = CARTESIAN_POINT('',(3.486261755988E-02,-0.3,0.35));
#6277 = VECTOR('',#6278,1.);
#6278 = DIRECTION('',(-0.,-0.,-1.));
#6279 = PCURVE('',#3362,#6280);
#6280 = DEFINITIONAL_REPRESENTATION('',(#6281),#6284);
#6281 = B_SPLINE_CURVE_WITH_KNOTS('',1,(#6282,#6283),.UNSPECIFIED.,.F.,
  .F.,(2,2),(-1.1500006,-8.99994E-02),.PIECEWISE_BEZIER_KNOTS.);
#6282 = CARTESIAN_POINT('',(-3.914044805372,-1.1500006));
#6283 = CARTESIAN_POINT('',(-3.914044805372,-8.99994E-02));
#6284 = ( GEOMETRIC_REPRESENTATION_CONTEXT(2) 
PARAMETRIC_REPRESENTATION_CONTEXT() REPRESENTATION_CONTEXT('2D SPACE',''
  ) );
#6285 = PCURVE('',#5746,#6286);
#6286 = DEFINITIONAL_REPRESENTATION('',(#6287),#6290);
#6287 = B_SPLINE_CURVE_WITH_KNOTS('',1,(#6288,#6289),.UNSPECIFIED.,.F.,
  .F.,(2,2),(-1.1500006,-8.99994E-02),.PIECEWISE_BEZIER_KNOTS.);
#6288 = CARTESIAN_POINT('',(1.4500006,0.33486261756));
#6289 = CARTESIAN_POINT('',(0.3899994,0.33486261756));
#6290 = ( GEOMETRIC_REPRESENTATION_CONTEXT(2) 
PARAMETRIC_REPRESENTATION_CONTEXT() REPRESENTATION_CONTEXT('2D SPACE',''
  ) );
#6291 = ORIENTED_EDGE('',*,*,#6195,.T.);
#6292 = ADVANCED_FACE('',(#6293),#3234,.T.);
#6293 = FACE_BOUND('',#6294,.T.);
#6294 = EDGE_LOOP('',(#6295,#6296,#6297,#6298));
#6295 = ORIENTED_EDGE('',*,*,#3219,.F.);
#6296 = ORIENTED_EDGE('',*,*,#6098,.T.);
#6297 = ORIENTED_EDGE('',*,*,#6054,.T.);
#6298 = ORIENTED_EDGE('',*,*,#6299,.T.);
#6299 = EDGE_CURVE('',#6034,#3191,#6300,.T.);
#6300 = SURFACE_CURVE('',#6301,(#6305,#6311),.PCURVE_S1.);
#6301 = LINE('',#6302,#6303);
#6302 = CARTESIAN_POINT('',(6.495,-2.025,1.5));
#6303 = VECTOR('',#6304,1.);
#6304 = DIRECTION('',(-1.,0.,0.));
#6305 = PCURVE('',#3234,#6306);
#6306 = DEFINITIONAL_REPRESENTATION('',(#6307),#6310);
#6307 = B_SPLINE_CURVE_WITH_KNOTS('',1,(#6308,#6309),.UNSPECIFIED.,.F.,
  .F.,(2,2),(-47.01,0.),.PIECEWISE_BEZIER_KNOTS.);
#6308 = CARTESIAN_POINT('',(47.01,1.));
#6309 = CARTESIAN_POINT('',(0.,1.));
#6310 = ( GEOMETRIC_REPRESENTATION_CONTEXT(2) 
PARAMETRIC_REPRESENTATION_CONTEXT() REPRESENTATION_CONTEXT('2D SPACE',''
  ) );
#6311 = PCURVE('',#3207,#6312);
#6312 = DEFINITIONAL_REPRESENTATION('',(#6313),#6317);
#6313 = LINE('',#6314,#6315);
#6314 = CARTESIAN_POINT('',(1.25,0.));
#6315 = VECTOR('',#6316,1.);
#6316 = DIRECTION('',(0.,-1.));
#6317 = ( GEOMETRIC_REPRESENTATION_CONTEXT(2) 
PARAMETRIC_REPRESENTATION_CONTEXT() REPRESENTATION_CONTEXT('2D SPACE',''
  ) );
#6318 = ADVANCED_FACE('',(#6319),#3207,.T.);
#6319 = FACE_BOUND('',#6320,.T.);
#6320 = EDGE_LOOP('',(#6321,#6322,#6323,#6343));
#6321 = ORIENTED_EDGE('',*,*,#6299,.F.);
#6322 = ORIENTED_EDGE('',*,*,#6033,.T.);
#6323 = ORIENTED_EDGE('',*,*,#6324,.T.);
#6324 = EDGE_CURVE('',#6013,#3165,#6325,.T.);
#6325 = SURFACE_CURVE('',#6326,(#6330,#6337),.PCURVE_S1.);
#6326 = LINE('',#6327,#6328);
#6327 = CARTESIAN_POINT('',(6.4975,-2.025,0.2));
#6328 = VECTOR('',#6329,1.);
#6329 = DIRECTION('',(-1.,0.,0.));
#6330 = PCURVE('',#3207,#6331);
#6331 = DEFINITIONAL_REPRESENTATION('',(#6332),#6336);
#6332 = LINE('',#6333,#6334);
#6333 = CARTESIAN_POINT('',(-5.E-02,2.500000000003E-03));
#6334 = VECTOR('',#6335,1.);
#6335 = DIRECTION('',(0.,-1.));
#6336 = ( GEOMETRIC_REPRESENTATION_CONTEXT(2) 
PARAMETRIC_REPRESENTATION_CONTEXT() REPRESENTATION_CONTEXT('2D SPACE',''
  ) );
#6337 = PCURVE('',#3179,#6338);
#6338 = DEFINITIONAL_REPRESENTATION('',(#6339),#6342);
#6339 = B_SPLINE_CURVE_WITH_KNOTS('',1,(#6340,#6341),.UNSPECIFIED.,.F.,
  .F.,(2,2),(-47.0075,2.500000000003E-03),.PIECEWISE_BEZIER_KNOTS.);
#6340 = CARTESIAN_POINT('',(47.005,-8.025));
#6341 = CARTESIAN_POINT('',(-5.000000000005E-03,-8.025));
#6342 = ( GEOMETRIC_REPRESENTATION_CONTEXT(2) 
PARAMETRIC_REPRESENTATION_CONTEXT() REPRESENTATION_CONTEXT('2D SPACE',''
  ) );
#6343 = ORIENTED_EDGE('',*,*,#3190,.F.);
#6344 = ADVANCED_FACE('',(#6345),#3179,.F.);
#6345 = FACE_BOUND('',#6346,.F.);
#6346 = EDGE_LOOP('',(#6347,#6348,#6349,#6350));
#6347 = ORIENTED_EDGE('',*,*,#6324,.T.);
#6348 = ORIENTED_EDGE('',*,*,#3164,.F.);
#6349 = ORIENTED_EDGE('',*,*,#4407,.T.);
#6350 = ORIENTED_EDGE('',*,*,#6012,.T.);
#6351 = ADVANCED_FACE('',(#6352),#3119,.F.);
#6352 = FACE_BOUND('',#6353,.T.);
#6353 = EDGE_LOOP('',(#6354,#6378,#6406,#6439,#6460,#6493,#6514,#6540,
    #6541));
#6354 = ORIENTED_EDGE('',*,*,#6355,.F.);
#6355 = EDGE_CURVE('',#6356,#4358,#6358,.T.);
#6356 = VERTEX_POINT('',#6357);
#6357 = CARTESIAN_POINT('',(-2.7,6.,-10.5));
#6358 = SURFACE_CURVE('',#6359,(#6364,#6371),.PCURVE_S1.);
#6359 = CIRCLE('',#6360,9.2);
#6360 = AXIS2_PLACEMENT_3D('',#6361,#6362,#6363);
#6361 = CARTESIAN_POINT('',(6.5,6.,-10.5));
#6362 = DIRECTION('',(0.,0.,1.));
#6363 = DIRECTION('',(1.,0.,0.));
#6364 = PCURVE('',#3119,#6365);
#6365 = DEFINITIONAL_REPRESENTATION('',(#6366),#6370);
#6366 = LINE('',#6367,#6368);
#6367 = CARTESIAN_POINT('',(-0.,0.));
#6368 = VECTOR('',#6369,1.);
#6369 = DIRECTION('',(-1.,0.));
#6370 = ( GEOMETRIC_REPRESENTATION_CONTEXT(2) 
PARAMETRIC_REPRESENTATION_CONTEXT() REPRESENTATION_CONTEXT('2D SPACE',''
  ) );
#6371 = PCURVE('',#4373,#6372);
#6372 = DEFINITIONAL_REPRESENTATION('',(#6373),#6377);
#6373 = CIRCLE('',#6374,9.2);
#6374 = AXIS2_PLACEMENT_2D('',#6375,#6376);
#6375 = CARTESIAN_POINT('',(8.881784197001E-16,-8.881784197001E-16));
#6376 = DIRECTION('',(1.,0.));
#6377 = ( GEOMETRIC_REPRESENTATION_CONTEXT(2) 
PARAMETRIC_REPRESENTATION_CONTEXT() REPRESENTATION_CONTEXT('2D SPACE',''
  ) );
#6378 = ORIENTED_EDGE('',*,*,#6379,.T.);
#6379 = EDGE_CURVE('',#6356,#6380,#6382,.T.);
#6380 = VERTEX_POINT('',#6381);
#6381 = CARTESIAN_POINT('',(-2.7,6.,0.2));
#6382 = SURFACE_CURVE('',#6383,(#6387,#6394),.PCURVE_S1.);
#6383 = LINE('',#6384,#6385);
#6384 = CARTESIAN_POINT('',(-2.7,6.,-10.5));
#6385 = VECTOR('',#6386,1.);
#6386 = DIRECTION('',(0.,0.,1.));
#6387 = PCURVE('',#3119,#6388);
#6388 = DEFINITIONAL_REPRESENTATION('',(#6389),#6393);
#6389 = LINE('',#6390,#6391);
#6390 = CARTESIAN_POINT('',(-3.14159265359,0.));
#6391 = VECTOR('',#6392,1.);
#6392 = DIRECTION('',(-0.,-1.));
#6393 = ( GEOMETRIC_REPRESENTATION_CONTEXT(2) 
PARAMETRIC_REPRESENTATION_CONTEXT() REPRESENTATION_CONTEXT('2D SPACE',''
  ) );
#6394 = PCURVE('',#6395,#6400);
#6395 = PLANE('',#6396);
#6396 = AXIS2_PLACEMENT_3D('',#6397,#6398,#6399);
#6397 = CARTESIAN_POINT('',(-2.7,6.,-10.5));
#6398 = DIRECTION('',(1.,0.,0.));
#6399 = DIRECTION('',(0.,0.,1.));
#6400 = DEFINITIONAL_REPRESENTATION('',(#6401),#6405);
#6401 = LINE('',#6402,#6403);
#6402 = CARTESIAN_POINT('',(0.,0.));
#6403 = VECTOR('',#6404,1.);
#6404 = DIRECTION('',(1.,0.));
#6405 = ( GEOMETRIC_REPRESENTATION_CONTEXT(2) 
PARAMETRIC_REPRESENTATION_CONTEXT() REPRESENTATION_CONTEXT('2D SPACE',''
  ) );
#6406 = ORIENTED_EDGE('',*,*,#6407,.F.);
#6407 = EDGE_CURVE('',#6408,#6380,#6410,.T.);
#6408 = VERTEX_POINT('',#6409);
#6409 = CARTESIAN_POINT('',(-0.3,-0.196773353932,0.2));
#6410 = SURFACE_CURVE('',#6411,(#6416,#6423),.PCURVE_S1.);
#6411 = CIRCLE('',#6412,9.2);
#6412 = AXIS2_PLACEMENT_3D('',#6413,#6414,#6415);
#6413 = CARTESIAN_POINT('',(6.5,6.,0.2));
#6414 = DIRECTION('',(0.,0.,-1.));
#6415 = DIRECTION('',(1.,0.,0.));
#6416 = PCURVE('',#3119,#6417);
#6417 = DEFINITIONAL_REPRESENTATION('',(#6418),#6422);
#6418 = LINE('',#6419,#6420);
#6419 = CARTESIAN_POINT('',(-6.28318530718,-10.7));
#6420 = VECTOR('',#6421,1.);
#6421 = DIRECTION('',(1.,-0.));
#6422 = ( GEOMETRIC_REPRESENTATION_CONTEXT(2) 
PARAMETRIC_REPRESENTATION_CONTEXT() REPRESENTATION_CONTEXT('2D SPACE',''
  ) );
#6423 = PCURVE('',#6424,#6429);
#6424 = PLANE('',#6425);
#6425 = AXIS2_PLACEMENT_3D('',#6426,#6427,#6428);
#6426 = CARTESIAN_POINT('',(6.5,6.,0.2));
#6427 = DIRECTION('',(0.,0.,1.));
#6428 = DIRECTION('',(1.,0.,-0.));
#6429 = DEFINITIONAL_REPRESENTATION('',(#6430),#6438);
#6430 = ( BOUNDED_CURVE() B_SPLINE_CURVE(2,(#6431,#6432,#6433,#6434,
#6435,#6436,#6437),.UNSPECIFIED.,.T.,.F.) B_SPLINE_CURVE_WITH_KNOTS((1,2
    ,2,2,2,1),(-2.094395102393,0.,2.094395102393,4.188790204786,
6.28318530718,8.377580409573),.UNSPECIFIED.) CURVE() 
GEOMETRIC_REPRESENTATION_ITEM() RATIONAL_B_SPLINE_CURVE((1.,0.5,1.,0.5,
1.,0.5,1.)) REPRESENTATION_ITEM('') );
#6431 = CARTESIAN_POINT('',(9.2,0.));
#6432 = CARTESIAN_POINT('',(9.2,-15.93486742963));
#6433 = CARTESIAN_POINT('',(-4.6,-7.967433714817));
#6434 = CARTESIAN_POINT('',(-18.4,-2.253350110431E-15));
#6435 = CARTESIAN_POINT('',(-4.6,7.967433714817));
#6436 = CARTESIAN_POINT('',(9.2,15.934867429634));
#6437 = CARTESIAN_POINT('',(9.2,0.));
#6438 = ( GEOMETRIC_REPRESENTATION_CONTEXT(2) 
PARAMETRIC_REPRESENTATION_CONTEXT() REPRESENTATION_CONTEXT('2D SPACE',''
  ) );
#6439 = ORIENTED_EDGE('',*,*,#6440,.T.);
#6440 = EDGE_CURVE('',#6408,#6441,#6443,.T.);
#6441 = VERTEX_POINT('',#6442);
#6442 = CARTESIAN_POINT('',(-0.3,-0.196773353932,5.E-02));
#6443 = SURFACE_CURVE('',#6444,(#6448,#6454),.PCURVE_S1.);
#6444 = LINE('',#6445,#6446);
#6445 = CARTESIAN_POINT('',(-0.3,-0.196773353932,-10.5));
#6446 = VECTOR('',#6447,1.);
#6447 = DIRECTION('',(-0.,-0.,-1.));
#6448 = PCURVE('',#3119,#6449);
#6449 = DEFINITIONAL_REPRESENTATION('',(#6450),#6453);
#6450 = B_SPLINE_CURVE_WITH_KNOTS('',1,(#6451,#6452),.UNSPECIFIED.,.F.,
  .F.,(2,2),(-10.7000006,-10.365),.PIECEWISE_BEZIER_KNOTS.);
#6451 = CARTESIAN_POINT('',(-3.880610532604,-10.7000006));
#6452 = CARTESIAN_POINT('',(-3.880610532604,-10.365));
#6453 = ( GEOMETRIC_REPRESENTATION_CONTEXT(2) 
PARAMETRIC_REPRESENTATION_CONTEXT() REPRESENTATION_CONTEXT('2D SPACE',''
  ) );
#6454 = PCURVE('',#5772,#6455);
#6455 = DEFINITIONAL_REPRESENTATION('',(#6456),#6459);
#6456 = B_SPLINE_CURVE_WITH_KNOTS('',1,(#6457,#6458),.UNSPECIFIED.,.F.,
  .F.,(2,2),(-10.7000006,-10.365),.PIECEWISE_BEZIER_KNOTS.);
#6457 = CARTESIAN_POINT('',(0.1500006,-0.103226646068));
#6458 = CARTESIAN_POINT('',(-0.185,-0.103226646068));
#6459 = ( GEOMETRIC_REPRESENTATION_CONTEXT(2) 
PARAMETRIC_REPRESENTATION_CONTEXT() REPRESENTATION_CONTEXT('2D SPACE',''
  ) );
#6460 = ORIENTED_EDGE('',*,*,#6461,.F.);
#6461 = EDGE_CURVE('',#6462,#6441,#6464,.T.);
#6462 = VERTEX_POINT('',#6463);
#6463 = CARTESIAN_POINT('',(-0.204476116745,-0.3,5.E-02));
#6464 = SURFACE_CURVE('',#6465,(#6470,#6477),.PCURVE_S1.);
#6465 = CIRCLE('',#6466,9.2);
#6466 = AXIS2_PLACEMENT_3D('',#6467,#6468,#6469);
#6467 = CARTESIAN_POINT('',(6.5,6.,5.E-02));
#6468 = DIRECTION('',(0.,0.,-1.));
#6469 = DIRECTION('',(1.,0.,0.));
#6470 = PCURVE('',#3119,#6471);
#6471 = DEFINITIONAL_REPRESENTATION('',(#6472),#6476);
#6472 = LINE('',#6473,#6474);
#6473 = CARTESIAN_POINT('',(-6.28318530718,-10.55));
#6474 = VECTOR('',#6475,1.);
#6475 = DIRECTION('',(1.,-0.));
#6476 = ( GEOMETRIC_REPRESENTATION_CONTEXT(2) 
PARAMETRIC_REPRESENTATION_CONTEXT() REPRESENTATION_CONTEXT('2D SPACE',''
  ) );
#6477 = PCURVE('',#6478,#6483);
#6478 = PLANE('',#6479);
#6479 = AXIS2_PLACEMENT_3D('',#6480,#6481,#6482);
#6480 = CARTESIAN_POINT('',(-0.3,-0.3,5.E-02));
#6481 = DIRECTION('',(0.,0.,1.));
#6482 = DIRECTION('',(1.,0.,0.));
#6483 = DEFINITIONAL_REPRESENTATION('',(#6484),#6492);
#6484 = ( BOUNDED_CURVE() B_SPLINE_CURVE(2,(#6485,#6486,#6487,#6488,
#6489,#6490,#6491),.UNSPECIFIED.,.T.,.F.) B_SPLINE_CURVE_WITH_KNOTS((1,2
    ,2,2,2,1),(-2.094395102393,0.,2.094395102393,4.188790204786,
6.28318530718,8.377580409573),.UNSPECIFIED.) CURVE() 
GEOMETRIC_REPRESENTATION_ITEM() RATIONAL_B_SPLINE_CURVE((1.,0.5,1.,0.5,
1.,0.5,1.)) REPRESENTATION_ITEM('') );
#6485 = CARTESIAN_POINT('',(16.,6.3));
#6486 = CARTESIAN_POINT('',(16.,-9.634867429634));
#6487 = CARTESIAN_POINT('',(2.2,-1.667433714817));
#6488 = CARTESIAN_POINT('',(-11.6,6.3));
#6489 = CARTESIAN_POINT('',(2.2,14.267433714817));
#6490 = CARTESIAN_POINT('',(16.,22.234867429634));
#6491 = CARTESIAN_POINT('',(16.,6.3));
#6492 = ( GEOMETRIC_REPRESENTATION_CONTEXT(2) 
PARAMETRIC_REPRESENTATION_CONTEXT() REPRESENTATION_CONTEXT('2D SPACE',''
  ) );
#6493 = ORIENTED_EDGE('',*,*,#6494,.F.);
#6494 = EDGE_CURVE('',#6495,#6462,#6497,.T.);
#6495 = VERTEX_POINT('',#6496);
#6496 = CARTESIAN_POINT('',(-0.204476116745,-0.3,0.2));
#6497 = SURFACE_CURVE('',#6498,(#6502,#6508),.PCURVE_S1.);
#6498 = LINE('',#6499,#6500);
#6499 = CARTESIAN_POINT('',(-0.204476116745,-0.3,-10.5));
#6500 = VECTOR('',#6501,1.);
#6501 = DIRECTION('',(-0.,-0.,-1.));
#6502 = PCURVE('',#3119,#6503);
#6503 = DEFINITIONAL_REPRESENTATION('',(#6504),#6507);
#6504 = B_SPLINE_CURVE_WITH_KNOTS('',1,(#6505,#6506),.UNSPECIFIED.,.F.,
  .F.,(2,2),(-10.7000006,-10.365),.PIECEWISE_BEZIER_KNOTS.);
#6505 = CARTESIAN_POINT('',(-3.895898002443,-10.7000006));
#6506 = CARTESIAN_POINT('',(-3.895898002443,-10.365));
#6507 = ( GEOMETRIC_REPRESENTATION_CONTEXT(2) 
PARAMETRIC_REPRESENTATION_CONTEXT() REPRESENTATION_CONTEXT('2D SPACE',''
  ) );
#6508 = PCURVE('',#5746,#6509);
#6509 = DEFINITIONAL_REPRESENTATION('',(#6510),#6513);
#6510 = B_SPLINE_CURVE_WITH_KNOTS('',1,(#6511,#6512),.UNSPECIFIED.,.F.,
  .F.,(2,2),(-10.7000006,-10.365),.PIECEWISE_BEZIER_KNOTS.);
#6511 = CARTESIAN_POINT('',(0.1500006,9.55238832553E-02));
#6512 = CARTESIAN_POINT('',(-0.185,9.55238832553E-02));
#6513 = ( GEOMETRIC_REPRESENTATION_CONTEXT(2) 
PARAMETRIC_REPRESENTATION_CONTEXT() REPRESENTATION_CONTEXT('2D SPACE',''
  ) );
#6514 = ORIENTED_EDGE('',*,*,#6515,.F.);
#6515 = EDGE_CURVE('',#3060,#6495,#6516,.T.);
#6516 = SURFACE_CURVE('',#6517,(#6522,#6529),.PCURVE_S1.);
#6517 = CIRCLE('',#6518,9.2);
#6518 = AXIS2_PLACEMENT_3D('',#6519,#6520,#6521);
#6519 = CARTESIAN_POINT('',(6.5,6.,0.2));
#6520 = DIRECTION('',(0.,0.,-1.));
#6521 = DIRECTION('',(1.,0.,0.));
#6522 = PCURVE('',#3119,#6523);
#6523 = DEFINITIONAL_REPRESENTATION('',(#6524),#6528);
#6524 = LINE('',#6525,#6526);
#6525 = CARTESIAN_POINT('',(-6.28318530718,-10.7));
#6526 = VECTOR('',#6527,1.);
#6527 = DIRECTION('',(1.,-0.));
#6528 = ( GEOMETRIC_REPRESENTATION_CONTEXT(2) 
PARAMETRIC_REPRESENTATION_CONTEXT() REPRESENTATION_CONTEXT('2D SPACE',''
  ) );
#6529 = PCURVE('',#3074,#6530);
#6530 = DEFINITIONAL_REPRESENTATION('',(#6531),#6539);
#6531 = ( BOUNDED_CURVE() B_SPLINE_CURVE(2,(#6532,#6533,#6534,#6535,
#6536,#6537,#6538),.UNSPECIFIED.,.T.,.F.) B_SPLINE_CURVE_WITH_KNOTS((1,2
    ,2,2,2,1),(-2.094395102393,0.,2.094395102393,4.188790204786,
6.28318530718,8.377580409573),.UNSPECIFIED.) CURVE() 
GEOMETRIC_REPRESENTATION_ITEM() RATIONAL_B_SPLINE_CURVE((1.,0.5,1.,0.5,
1.,0.5,1.)) REPRESENTATION_ITEM('') );
#6532 = CARTESIAN_POINT('',(9.2,0.));
#6533 = CARTESIAN_POINT('',(9.2,-15.93486742963));
#6534 = CARTESIAN_POINT('',(-4.6,-7.967433714817));
#6535 = CARTESIAN_POINT('',(-18.4,-2.253350110431E-15));
#6536 = CARTESIAN_POINT('',(-4.6,7.967433714817));
#6537 = CARTESIAN_POINT('',(9.2,15.934867429634));
#6538 = CARTESIAN_POINT('',(9.2,0.));
#6539 = ( GEOMETRIC_REPRESENTATION_CONTEXT(2) 
PARAMETRIC_REPRESENTATION_CONTEXT() REPRESENTATION_CONTEXT('2D SPACE',''
  ) );
#6540 = ORIENTED_EDGE('',*,*,#3085,.F.);
#6541 = ORIENTED_EDGE('',*,*,#4385,.F.);
#6542 = ADVANCED_FACE('',(#6543),#3074,.F.);
#6543 = FACE_BOUND('',#6544,.F.);
#6544 = EDGE_LOOP('',(#6545,#6546,#6574,#6593,#6594));
#6545 = ORIENTED_EDGE('',*,*,#6125,.F.);
#6546 = ORIENTED_EDGE('',*,*,#6547,.T.);
#6547 = EDGE_CURVE('',#6126,#6548,#6550,.T.);
#6548 = VERTEX_POINT('',#6549);
#6549 = CARTESIAN_POINT('',(1.52575709992,-0.3,0.2));
#6550 = SURFACE_CURVE('',#6551,(#6556,#6567),.PCURVE_S1.);
#6551 = CIRCLE('',#6552,8.02);
#6552 = AXIS2_PLACEMENT_3D('',#6553,#6554,#6555);
#6553 = CARTESIAN_POINT('',(6.495,5.995,0.2));
#6554 = DIRECTION('',(0.,0.,-1.));
#6555 = DIRECTION('',(1.,0.,0.));
#6556 = PCURVE('',#3074,#6557);
#6557 = DEFINITIONAL_REPRESENTATION('',(#6558),#6566);
#6558 = ( BOUNDED_CURVE() B_SPLINE_CURVE(2,(#6559,#6560,#6561,#6562,
#6563,#6564,#6565),.UNSPECIFIED.,.T.,.F.) B_SPLINE_CURVE_WITH_KNOTS((1,2
    ,2,2,2,1),(-2.094395102393,0.,2.094395102393,4.188790204786,
6.28318530718,8.377580409573),.UNSPECIFIED.) CURVE() 
GEOMETRIC_REPRESENTATION_ITEM() RATIONAL_B_SPLINE_CURVE((1.,0.5,1.,0.5,
1.,0.5,1.)) REPRESENTATION_ITEM('') );
#6559 = CARTESIAN_POINT('',(8.015,-5.00000000001E-03));
#6560 = CARTESIAN_POINT('',(8.015,-13.8960474767));
#6561 = CARTESIAN_POINT('',(-4.015,-6.950523738351));
#6562 = CARTESIAN_POINT('',(-16.045,-5.000000000012E-03));
#6563 = CARTESIAN_POINT('',(-4.015,6.940523738351));
#6564 = CARTESIAN_POINT('',(8.015,13.886047476702));
#6565 = CARTESIAN_POINT('',(8.015,-5.00000000001E-03));
#6566 = ( GEOMETRIC_REPRESENTATION_CONTEXT(2) 
PARAMETRIC_REPRESENTATION_CONTEXT() REPRESENTATION_CONTEXT('2D SPACE',''
  ) );
#6567 = PCURVE('',#6181,#6568);
#6568 = DEFINITIONAL_REPRESENTATION('',(#6569),#6573);
#6569 = LINE('',#6570,#6571);
#6570 = CARTESIAN_POINT('',(-6.28318530718,5.E-02));
#6571 = VECTOR('',#6572,1.);
#6572 = DIRECTION('',(1.,-0.));
#6573 = ( GEOMETRIC_REPRESENTATION_CONTEXT(2) 
PARAMETRIC_REPRESENTATION_CONTEXT() REPRESENTATION_CONTEXT('2D SPACE',''
  ) );
#6574 = ORIENTED_EDGE('',*,*,#6575,.T.);
#6575 = EDGE_CURVE('',#6548,#6495,#6576,.T.);
#6576 = SURFACE_CURVE('',#6577,(#6581,#6587),.PCURVE_S1.);
#6577 = LINE('',#6578,#6579);
#6578 = CARTESIAN_POINT('',(3.1,-0.3,0.2));
#6579 = VECTOR('',#6580,1.);
#6580 = DIRECTION('',(-1.,0.,0.));
#6581 = PCURVE('',#3074,#6582);
#6582 = DEFINITIONAL_REPRESENTATION('',(#6583),#6586);
#6583 = B_SPLINE_CURVE_WITH_KNOTS('',1,(#6584,#6585),.UNSPECIFIED.,.F.,
  .F.,(2,2),(-57.2,3.4),.PIECEWISE_BEZIER_KNOTS.);
#6584 = CARTESIAN_POINT('',(53.8,-6.3));
#6585 = CARTESIAN_POINT('',(-6.8,-6.3));
#6586 = ( GEOMETRIC_REPRESENTATION_CONTEXT(2) 
PARAMETRIC_REPRESENTATION_CONTEXT() REPRESENTATION_CONTEXT('2D SPACE',''
  ) );
#6587 = PCURVE('',#5746,#6588);
#6588 = DEFINITIONAL_REPRESENTATION('',(#6589),#6592);
#6589 = B_SPLINE_CURVE_WITH_KNOTS('',1,(#6590,#6591),.UNSPECIFIED.,.F.,
  .F.,(2,2),(-57.2,3.4),.PIECEWISE_BEZIER_KNOTS.);
#6590 = CARTESIAN_POINT('',(0.15,60.6));
#6591 = CARTESIAN_POINT('',(0.15,0.));
#6592 = ( GEOMETRIC_REPRESENTATION_CONTEXT(2) 
PARAMETRIC_REPRESENTATION_CONTEXT() REPRESENTATION_CONTEXT('2D SPACE',''
  ) );
#6593 = ORIENTED_EDGE('',*,*,#6515,.F.);
#6594 = ORIENTED_EDGE('',*,*,#3059,.T.);
#6595 = ADVANCED_FACE('',(#6596,#6602,#6708,#6814,#6920,#7026),#3444,.F.
  );
#6596 = FACE_BOUND('',#6597,.F.);
#6597 = EDGE_LOOP('',(#6598,#6599,#6600,#6601));
#6598 = ORIENTED_EDGE('',*,*,#3428,.F.);
#6599 = ORIENTED_EDGE('',*,*,#3508,.T.);
#6600 = ORIENTED_EDGE('',*,*,#5985,.T.);
#6601 = ORIENTED_EDGE('',*,*,#5680,.F.);
#6602 = FACE_BOUND('',#6603,.F.);
#6603 = EDGE_LOOP('',(#6604,#6632,#6658,#6684));
#6604 = ORIENTED_EDGE('',*,*,#6605,.F.);
#6605 = EDGE_CURVE('',#6606,#6608,#6610,.T.);
#6606 = VERTEX_POINT('',#6607);
#6607 = CARTESIAN_POINT('',(-4.5,81.,-10.39165942028));
#6608 = VERTEX_POINT('',#6609);
#6609 = CARTESIAN_POINT('',(-4.5,87.,-10.39165942028));
#6610 = SURFACE_CURVE('',#6611,(#6615,#6621),.PCURVE_S1.);
#6611 = LINE('',#6612,#6613);
#6612 = CARTESIAN_POINT('',(-4.5,81.,-10.39165942028));
#6613 = VECTOR('',#6614,1.);
#6614 = DIRECTION('',(0.,1.,0.));
#6615 = PCURVE('',#3444,#6616);
#6616 = DEFINITIONAL_REPRESENTATION('',(#6617),#6620);
#6617 = B_SPLINE_CURVE_WITH_KNOTS('',1,(#6618,#6619),.UNSPECIFIED.,.F.,
  .F.,(2,2),(-6.000000070117E-07,6.0000006),.PIECEWISE_BEZIER_KNOTS.);
#6618 = CARTESIAN_POINT('',(3.108340579716,-74.9999994));
#6619 = CARTESIAN_POINT('',(3.108340579716,-81.0000006));
#6620 = ( GEOMETRIC_REPRESENTATION_CONTEXT(2) 
PARAMETRIC_REPRESENTATION_CONTEXT() REPRESENTATION_CONTEXT('2D SPACE',''
  ) );
#6621 = PCURVE('',#6622,#6627);
#6622 = CYLINDRICAL_SURFACE('',#6623,5.5);
#6623 = AXIS2_PLACEMENT_3D('',#6624,#6625,#6626);
#6624 = CARTESIAN_POINT('',(-7.2,81.,-5.6));
#6625 = DIRECTION('',(0.,1.,0.));
#6626 = DIRECTION('',(0.,-0.,1.));
#6627 = DEFINITIONAL_REPRESENTATION('',(#6628),#6631);
#6628 = B_SPLINE_CURVE_WITH_KNOTS('',1,(#6629,#6630),.UNSPECIFIED.,.F.,
  .F.,(2,2),(-6.000000070117E-07,6.0000006),.PIECEWISE_BEZIER_KNOTS.);
#6629 = CARTESIAN_POINT('',(8.911645034399,-6.000000070117E-07));
#6630 = CARTESIAN_POINT('',(8.911645034399,6.0000006));
#6631 = ( GEOMETRIC_REPRESENTATION_CONTEXT(2) 
PARAMETRIC_REPRESENTATION_CONTEXT() REPRESENTATION_CONTEXT('2D SPACE',''
  ) );
#6632 = ORIENTED_EDGE('',*,*,#6633,.T.);
#6633 = EDGE_CURVE('',#6606,#6634,#6636,.T.);
#6634 = VERTEX_POINT('',#6635);
#6635 = CARTESIAN_POINT('',(-4.5,81.,-6.796870920359));
#6636 = SURFACE_CURVE('',#6637,(#6641,#6647),.PCURVE_S1.);
#6637 = LINE('',#6638,#6639);
#6638 = CARTESIAN_POINT('',(-4.5,81.,-9.55));
#6639 = VECTOR('',#6640,1.);
#6640 = DIRECTION('',(0.,0.,1.));
#6641 = PCURVE('',#3444,#6642);
#6642 = DEFINITIONAL_REPRESENTATION('',(#6643),#6646);
#6643 = B_SPLINE_CURVE_WITH_KNOTS('',1,(#6644,#6645),.UNSPECIFIED.,.F.,
  .F.,(2,2),(-1.55,9.45),.PIECEWISE_BEZIER_KNOTS.);
#6644 = CARTESIAN_POINT('',(2.4,-75.));
#6645 = CARTESIAN_POINT('',(13.4,-75.));
#6646 = ( GEOMETRIC_REPRESENTATION_CONTEXT(2) 
PARAMETRIC_REPRESENTATION_CONTEXT() REPRESENTATION_CONTEXT('2D SPACE',''
  ) );
#6647 = PCURVE('',#6648,#6653);
#6648 = PLANE('',#6649);
#6649 = AXIS2_PLACEMENT_3D('',#6650,#6651,#6652);
#6650 = CARTESIAN_POINT('',(-7.2,81.,-5.6));
#6651 = DIRECTION('',(0.,1.,0.));
#6652 = DIRECTION('',(0.,-0.,1.));
#6653 = DEFINITIONAL_REPRESENTATION('',(#6654),#6657);
#6654 = B_SPLINE_CURVE_WITH_KNOTS('',1,(#6655,#6656),.UNSPECIFIED.,.F.,
  .F.,(2,2),(-1.55,9.45),.PIECEWISE_BEZIER_KNOTS.);
#6655 = CARTESIAN_POINT('',(-5.5,2.7));
#6656 = CARTESIAN_POINT('',(5.5,2.7));
#6657 = ( GEOMETRIC_REPRESENTATION_CONTEXT(2) 
PARAMETRIC_REPRESENTATION_CONTEXT() REPRESENTATION_CONTEXT('2D SPACE',''
  ) );
#6658 = ORIENTED_EDGE('',*,*,#6659,.T.);
#6659 = EDGE_CURVE('',#6634,#6660,#6662,.T.);
#6660 = VERTEX_POINT('',#6661);
#6661 = CARTESIAN_POINT('',(-4.5,87.,-6.796870920359));
#6662 = SURFACE_CURVE('',#6663,(#6667,#6673),.PCURVE_S1.);
#6663 = LINE('',#6664,#6665);
#6664 = CARTESIAN_POINT('',(-4.5,80.8,-6.796870920359));
#6665 = VECTOR('',#6666,1.);
#6666 = DIRECTION('',(0.,1.,0.));
#6667 = PCURVE('',#3444,#6668);
#6668 = DEFINITIONAL_REPRESENTATION('',(#6669),#6672);
#6669 = B_SPLINE_CURVE_WITH_KNOTS('',1,(#6670,#6671),.UNSPECIFIED.,.F.,
  .F.,(2,2),(0.1999994,6.2000006),.PIECEWISE_BEZIER_KNOTS.);
#6670 = CARTESIAN_POINT('',(6.703129079641,-74.9999994));
#6671 = CARTESIAN_POINT('',(6.703129079641,-81.0000006));
#6672 = ( GEOMETRIC_REPRESENTATION_CONTEXT(2) 
PARAMETRIC_REPRESENTATION_CONTEXT() REPRESENTATION_CONTEXT('2D SPACE',''
  ) );
#6673 = PCURVE('',#6674,#6679);
#6674 = CYLINDRICAL_SURFACE('',#6675,4.85);
#6675 = AXIS2_PLACEMENT_3D('',#6676,#6677,#6678);
#6676 = CARTESIAN_POINT('',(-9.2,80.8,-5.6));
#6677 = DIRECTION('',(0.,1.,0.));
#6678 = DIRECTION('',(0.,-0.,1.));
#6679 = DEFINITIONAL_REPRESENTATION('',(#6680),#6683);
#6680 = B_SPLINE_CURVE_WITH_KNOTS('',1,(#6681,#6682),.UNSPECIFIED.,.F.,
  .F.,(2,2),(0.1999994,6.2000006),.PIECEWISE_BEZIER_KNOTS.);
#6681 = CARTESIAN_POINT('',(8.103335137728,0.1999994));
#6682 = CARTESIAN_POINT('',(8.103335137728,6.2000006));
#6683 = ( GEOMETRIC_REPRESENTATION_CONTEXT(2) 
PARAMETRIC_REPRESENTATION_CONTEXT() REPRESENTATION_CONTEXT('2D SPACE',''
  ) );
#6684 = ORIENTED_EDGE('',*,*,#6685,.F.);
#6685 = EDGE_CURVE('',#6608,#6660,#6686,.T.);
#6686 = SURFACE_CURVE('',#6687,(#6691,#6697),.PCURVE_S1.);
#6687 = LINE('',#6688,#6689);
#6688 = CARTESIAN_POINT('',(-4.5,87.,-9.55));
#6689 = VECTOR('',#6690,1.);
#6690 = DIRECTION('',(0.,0.,1.));
#6691 = PCURVE('',#3444,#6692);
#6692 = DEFINITIONAL_REPRESENTATION('',(#6693),#6696);
#6693 = B_SPLINE_CURVE_WITH_KNOTS('',1,(#6694,#6695),.UNSPECIFIED.,.F.,
  .F.,(2,2),(-1.55,9.45),.PIECEWISE_BEZIER_KNOTS.);
#6694 = CARTESIAN_POINT('',(2.4,-81.));
#6695 = CARTESIAN_POINT('',(13.4,-81.));
#6696 = ( GEOMETRIC_REPRESENTATION_CONTEXT(2) 
PARAMETRIC_REPRESENTATION_CONTEXT() REPRESENTATION_CONTEXT('2D SPACE',''
  ) );
#6697 = PCURVE('',#6698,#6703);
#6698 = PLANE('',#6699);
#6699 = AXIS2_PLACEMENT_3D('',#6700,#6701,#6702);
#6700 = CARTESIAN_POINT('',(-7.2,87.,-5.6));
#6701 = DIRECTION('',(0.,1.,0.));
#6702 = DIRECTION('',(0.,-0.,1.));
#6703 = DEFINITIONAL_REPRESENTATION('',(#6704),#6707);
#6704 = B_SPLINE_CURVE_WITH_KNOTS('',1,(#6705,#6706),.UNSPECIFIED.,.F.,
  .F.,(2,2),(-1.55,9.45),.PIECEWISE_BEZIER_KNOTS.);
#6705 = CARTESIAN_POINT('',(-5.5,2.7));
#6706 = CARTESIAN_POINT('',(5.5,2.7));
#6707 = ( GEOMETRIC_REPRESENTATION_CONTEXT(2) 
PARAMETRIC_REPRESENTATION_CONTEXT() REPRESENTATION_CONTEXT('2D SPACE',''
  ) );
#6708 = FACE_BOUND('',#6709,.F.);
#6709 = EDGE_LOOP('',(#6710,#6738,#6764,#6790));
#6710 = ORIENTED_EDGE('',*,*,#6711,.T.);
#6711 = EDGE_CURVE('',#6712,#6714,#6716,.T.);
#6712 = VERTEX_POINT('',#6713);
#6713 = CARTESIAN_POINT('',(-4.5,81.,-4.403129079641));
#6714 = VERTEX_POINT('',#6715);
#6715 = CARTESIAN_POINT('',(-4.5,81.,-0.808340579716));
#6716 = SURFACE_CURVE('',#6717,(#6721,#6727),.PCURVE_S1.);
#6717 = LINE('',#6718,#6719);
#6718 = CARTESIAN_POINT('',(-4.5,81.,-9.55));
#6719 = VECTOR('',#6720,1.);
#6720 = DIRECTION('',(0.,0.,1.));
#6721 = PCURVE('',#3444,#6722);
#6722 = DEFINITIONAL_REPRESENTATION('',(#6723),#6726);
#6723 = B_SPLINE_CURVE_WITH_KNOTS('',1,(#6724,#6725),.UNSPECIFIED.,.F.,
  .F.,(2,2),(-1.55,9.45),.PIECEWISE_BEZIER_KNOTS.);
#6724 = CARTESIAN_POINT('',(2.4,-75.));
#6725 = CARTESIAN_POINT('',(13.4,-75.));
#6726 = ( GEOMETRIC_REPRESENTATION_CONTEXT(2) 
PARAMETRIC_REPRESENTATION_CONTEXT() REPRESENTATION_CONTEXT('2D SPACE',''
  ) );
#6727 = PCURVE('',#6728,#6733);
#6728 = PLANE('',#6729);
#6729 = AXIS2_PLACEMENT_3D('',#6730,#6731,#6732);
#6730 = CARTESIAN_POINT('',(-7.2,81.,-5.6));
#6731 = DIRECTION('',(0.,1.,0.));
#6732 = DIRECTION('',(0.,-0.,1.));
#6733 = DEFINITIONAL_REPRESENTATION('',(#6734),#6737);
#6734 = B_SPLINE_CURVE_WITH_KNOTS('',1,(#6735,#6736),.UNSPECIFIED.,.F.,
  .F.,(2,2),(-1.55,9.45),.PIECEWISE_BEZIER_KNOTS.);
#6735 = CARTESIAN_POINT('',(-5.5,2.7));
#6736 = CARTESIAN_POINT('',(5.5,2.7));
#6737 = ( GEOMETRIC_REPRESENTATION_CONTEXT(2) 
PARAMETRIC_REPRESENTATION_CONTEXT() REPRESENTATION_CONTEXT('2D SPACE',''
  ) );
#6738 = ORIENTED_EDGE('',*,*,#6739,.T.);
#6739 = EDGE_CURVE('',#6714,#6740,#6742,.T.);
#6740 = VERTEX_POINT('',#6741);
#6741 = CARTESIAN_POINT('',(-4.5,87.,-0.808340579716));
#6742 = SURFACE_CURVE('',#6743,(#6747,#6753),.PCURVE_S1.);
#6743 = LINE('',#6744,#6745);
#6744 = CARTESIAN_POINT('',(-4.5,81.,-0.808340579716));
#6745 = VECTOR('',#6746,1.);
#6746 = DIRECTION('',(0.,1.,0.));
#6747 = PCURVE('',#3444,#6748);
#6748 = DEFINITIONAL_REPRESENTATION('',(#6749),#6752);
#6749 = B_SPLINE_CURVE_WITH_KNOTS('',1,(#6750,#6751),.UNSPECIFIED.,.F.,
  .F.,(2,2),(-6.000000070117E-07,6.0000006),.PIECEWISE_BEZIER_KNOTS.);
#6750 = CARTESIAN_POINT('',(12.691659420284,-74.9999994));
#6751 = CARTESIAN_POINT('',(12.691659420284,-81.0000006));
#6752 = ( GEOMETRIC_REPRESENTATION_CONTEXT(2) 
PARAMETRIC_REPRESENTATION_CONTEXT() REPRESENTATION_CONTEXT('2D SPACE',''
  ) );
#6753 = PCURVE('',#6754,#6759);
#6754 = CYLINDRICAL_SURFACE('',#6755,5.5);
#6755 = AXIS2_PLACEMENT_3D('',#6756,#6757,#6758);
#6756 = CARTESIAN_POINT('',(-7.2,81.,-5.6));
#6757 = DIRECTION('',(0.,1.,0.));
#6758 = DIRECTION('',(0.,-0.,1.));
#6759 = DEFINITIONAL_REPRESENTATION('',(#6760),#6763);
#6760 = B_SPLINE_CURVE_WITH_KNOTS('',1,(#6761,#6762),.UNSPECIFIED.,.F.,
  .F.,(2,2),(-6.000000070117E-07,6.0000006),.PIECEWISE_BEZIER_KNOTS.);
#6761 = CARTESIAN_POINT('',(6.79631823355,-6.000000070117E-07));
#6762 = CARTESIAN_POINT('',(6.79631823355,6.0000006));
#6763 = ( GEOMETRIC_REPRESENTATION_CONTEXT(2) 
PARAMETRIC_REPRESENTATION_CONTEXT() REPRESENTATION_CONTEXT('2D SPACE',''
  ) );
#6764 = ORIENTED_EDGE('',*,*,#6765,.F.);
#6765 = EDGE_CURVE('',#6766,#6740,#6768,.T.);
#6766 = VERTEX_POINT('',#6767);
#6767 = CARTESIAN_POINT('',(-4.5,87.,-4.403129079641));
#6768 = SURFACE_CURVE('',#6769,(#6773,#6779),.PCURVE_S1.);
#6769 = LINE('',#6770,#6771);
#6770 = CARTESIAN_POINT('',(-4.5,87.,-9.55));
#6771 = VECTOR('',#6772,1.);
#6772 = DIRECTION('',(0.,0.,1.));
#6773 = PCURVE('',#3444,#6774);
#6774 = DEFINITIONAL_REPRESENTATION('',(#6775),#6778);
#6775 = B_SPLINE_CURVE_WITH_KNOTS('',1,(#6776,#6777),.UNSPECIFIED.,.F.,
  .F.,(2,2),(-1.55,9.45),.PIECEWISE_BEZIER_KNOTS.);
#6776 = CARTESIAN_POINT('',(2.4,-81.));
#6777 = CARTESIAN_POINT('',(13.4,-81.));
#6778 = ( GEOMETRIC_REPRESENTATION_CONTEXT(2) 
PARAMETRIC_REPRESENTATION_CONTEXT() REPRESENTATION_CONTEXT('2D SPACE',''
  ) );
#6779 = PCURVE('',#6780,#6785);
#6780 = PLANE('',#6781);
#6781 = AXIS2_PLACEMENT_3D('',#6782,#6783,#6784);
#6782 = CARTESIAN_POINT('',(-7.2,87.,-5.6));
#6783 = DIRECTION('',(0.,1.,0.));
#6784 = DIRECTION('',(0.,-0.,1.));
#6785 = DEFINITIONAL_REPRESENTATION('',(#6786),#6789);
#6786 = B_SPLINE_CURVE_WITH_KNOTS('',1,(#6787,#6788),.UNSPECIFIED.,.F.,
  .F.,(2,2),(-1.55,9.45),.PIECEWISE_BEZIER_KNOTS.);
#6787 = CARTESIAN_POINT('',(-5.5,2.7));
#6788 = CARTESIAN_POINT('',(5.5,2.7));
#6789 = ( GEOMETRIC_REPRESENTATION_CONTEXT(2) 
PARAMETRIC_REPRESENTATION_CONTEXT() REPRESENTATION_CONTEXT('2D SPACE',''
  ) );
#6790 = ORIENTED_EDGE('',*,*,#6791,.F.);
#6791 = EDGE_CURVE('',#6712,#6766,#6792,.T.);
#6792 = SURFACE_CURVE('',#6793,(#6797,#6803),.PCURVE_S1.);
#6793 = LINE('',#6794,#6795);
#6794 = CARTESIAN_POINT('',(-4.5,80.8,-4.403129079641));
#6795 = VECTOR('',#6796,1.);
#6796 = DIRECTION('',(0.,1.,0.));
#6797 = PCURVE('',#3444,#6798);
#6798 = DEFINITIONAL_REPRESENTATION('',(#6799),#6802);
#6799 = B_SPLINE_CURVE_WITH_KNOTS('',1,(#6800,#6801),.UNSPECIFIED.,.F.,
  .F.,(2,2),(0.1999994,6.2000006),.PIECEWISE_BEZIER_KNOTS.);
#6800 = CARTESIAN_POINT('',(9.096870920359,-74.9999994));
#6801 = CARTESIAN_POINT('',(9.096870920359,-81.0000006));
#6802 = ( GEOMETRIC_REPRESENTATION_CONTEXT(2) 
PARAMETRIC_REPRESENTATION_CONTEXT() REPRESENTATION_CONTEXT('2D SPACE',''
  ) );
#6803 = PCURVE('',#6804,#6809);
#6804 = CYLINDRICAL_SURFACE('',#6805,4.85);
#6805 = AXIS2_PLACEMENT_3D('',#6806,#6807,#6808);
#6806 = CARTESIAN_POINT('',(-9.2,80.8,-5.6));
#6807 = DIRECTION('',(0.,1.,0.));
#6808 = DIRECTION('',(0.,-0.,1.));
#6809 = DEFINITIONAL_REPRESENTATION('',(#6810),#6813);
#6810 = B_SPLINE_CURVE_WITH_KNOTS('',1,(#6811,#6812),.UNSPECIFIED.,.F.,
  .F.,(2,2),(0.1999994,6.2000006),.PIECEWISE_BEZIER_KNOTS.);
#6811 = CARTESIAN_POINT('',(7.604628130221,0.1999994));
#6812 = CARTESIAN_POINT('',(7.604628130221,6.2000006));
#6813 = ( GEOMETRIC_REPRESENTATION_CONTEXT(2) 
PARAMETRIC_REPRESENTATION_CONTEXT() REPRESENTATION_CONTEXT('2D SPACE',''
  ) );
#6814 = FACE_BOUND('',#6815,.F.);
#6815 = EDGE_LOOP('',(#6816,#6844,#6870,#6896));
#6816 = ORIENTED_EDGE('',*,*,#6817,.F.);
#6817 = EDGE_CURVE('',#6818,#6820,#6822,.T.);
#6818 = VERTEX_POINT('',#6819);
#6819 = CARTESIAN_POINT('',(-4.5,45.,-10.39165942028));
#6820 = VERTEX_POINT('',#6821);
#6821 = CARTESIAN_POINT('',(-4.5,51.,-10.39165942028));
#6822 = SURFACE_CURVE('',#6823,(#6827,#6833),.PCURVE_S1.);
#6823 = LINE('',#6824,#6825);
#6824 = CARTESIAN_POINT('',(-4.5,45.,-10.39165942028));
#6825 = VECTOR('',#6826,1.);
#6826 = DIRECTION('',(0.,1.,0.));
#6827 = PCURVE('',#3444,#6828);
#6828 = DEFINITIONAL_REPRESENTATION('',(#6829),#6832);
#6829 = B_SPLINE_CURVE_WITH_KNOTS('',1,(#6830,#6831),.UNSPECIFIED.,.F.,
  .F.,(2,2),(-5.999999999062E-07,6.0000006),.PIECEWISE_BEZIER_KNOTS.);
#6830 = CARTESIAN_POINT('',(3.108340579716,-38.9999994));
#6831 = CARTESIAN_POINT('',(3.108340579716,-45.0000006));
#6832 = ( GEOMETRIC_REPRESENTATION_CONTEXT(2) 
PARAMETRIC_REPRESENTATION_CONTEXT() REPRESENTATION_CONTEXT('2D SPACE',''
  ) );
#6833 = PCURVE('',#6834,#6839);
#6834 = CYLINDRICAL_SURFACE('',#6835,5.5);
#6835 = AXIS2_PLACEMENT_3D('',#6836,#6837,#6838);
#6836 = CARTESIAN_POINT('',(-7.2,45.,-5.6));
#6837 = DIRECTION('',(0.,1.,0.));
#6838 = DIRECTION('',(0.,-0.,1.));
#6839 = DEFINITIONAL_REPRESENTATION('',(#6840),#6843);
#6840 = B_SPLINE_CURVE_WITH_KNOTS('',1,(#6841,#6842),.UNSPECIFIED.,.F.,
  .F.,(2,2),(-5.999999999062E-07,6.0000006),.PIECEWISE_BEZIER_KNOTS.);
#6841 = CARTESIAN_POINT('',(8.911645034399,-5.999999999062E-07));
#6842 = CARTESIAN_POINT('',(8.911645034399,6.0000006));
#6843 = ( GEOMETRIC_REPRESENTATION_CONTEXT(2) 
PARAMETRIC_REPRESENTATION_CONTEXT() REPRESENTATION_CONTEXT('2D SPACE',''
  ) );
#6844 = ORIENTED_EDGE('',*,*,#6845,.T.);
#6845 = EDGE_CURVE('',#6818,#6846,#6848,.T.);
#6846 = VERTEX_POINT('',#6847);
#6847 = CARTESIAN_POINT('',(-4.5,45.,-6.796870920359));
#6848 = SURFACE_CURVE('',#6849,(#6853,#6859),.PCURVE_S1.);
#6849 = LINE('',#6850,#6851);
#6850 = CARTESIAN_POINT('',(-4.5,45.,-9.55));
#6851 = VECTOR('',#6852,1.);
#6852 = DIRECTION('',(0.,0.,1.));
#6853 = PCURVE('',#3444,#6854);
#6854 = DEFINITIONAL_REPRESENTATION('',(#6855),#6858);
#6855 = B_SPLINE_CURVE_WITH_KNOTS('',1,(#6856,#6857),.UNSPECIFIED.,.F.,
  .F.,(2,2),(-1.55,9.45),.PIECEWISE_BEZIER_KNOTS.);
#6856 = CARTESIAN_POINT('',(2.4,-39.));
#6857 = CARTESIAN_POINT('',(13.4,-39.));
#6858 = ( GEOMETRIC_REPRESENTATION_CONTEXT(2) 
PARAMETRIC_REPRESENTATION_CONTEXT() REPRESENTATION_CONTEXT('2D SPACE',''
  ) );
#6859 = PCURVE('',#6860,#6865);
#6860 = PLANE('',#6861);
#6861 = AXIS2_PLACEMENT_3D('',#6862,#6863,#6864);
#6862 = CARTESIAN_POINT('',(-7.2,45.,-5.6));
#6863 = DIRECTION('',(0.,1.,0.));
#6864 = DIRECTION('',(0.,-0.,1.));
#6865 = DEFINITIONAL_REPRESENTATION('',(#6866),#6869);
#6866 = B_SPLINE_CURVE_WITH_KNOTS('',1,(#6867,#6868),.UNSPECIFIED.,.F.,
  .F.,(2,2),(-1.55,9.45),.PIECEWISE_BEZIER_KNOTS.);
#6867 = CARTESIAN_POINT('',(-5.5,2.7));
#6868 = CARTESIAN_POINT('',(5.5,2.7));
#6869 = ( GEOMETRIC_REPRESENTATION_CONTEXT(2) 
PARAMETRIC_REPRESENTATION_CONTEXT() REPRESENTATION_CONTEXT('2D SPACE',''
  ) );
#6870 = ORIENTED_EDGE('',*,*,#6871,.T.);
#6871 = EDGE_CURVE('',#6846,#6872,#6874,.T.);
#6872 = VERTEX_POINT('',#6873);
#6873 = CARTESIAN_POINT('',(-4.5,51.,-6.796870920359));
#6874 = SURFACE_CURVE('',#6875,(#6879,#6885),.PCURVE_S1.);
#6875 = LINE('',#6876,#6877);
#6876 = CARTESIAN_POINT('',(-4.5,44.8,-6.796870920359));
#6877 = VECTOR('',#6878,1.);
#6878 = DIRECTION('',(0.,1.,0.));
#6879 = PCURVE('',#3444,#6880);
#6880 = DEFINITIONAL_REPRESENTATION('',(#6881),#6884);
#6881 = B_SPLINE_CURVE_WITH_KNOTS('',1,(#6882,#6883),.UNSPECIFIED.,.F.,
  .F.,(2,2),(0.1999994,6.2000006),.PIECEWISE_BEZIER_KNOTS.);
#6882 = CARTESIAN_POINT('',(6.703129079641,-38.9999994));
#6883 = CARTESIAN_POINT('',(6.703129079641,-45.0000006));
#6884 = ( GEOMETRIC_REPRESENTATION_CONTEXT(2) 
PARAMETRIC_REPRESENTATION_CONTEXT() REPRESENTATION_CONTEXT('2D SPACE',''
  ) );
#6885 = PCURVE('',#6886,#6891);
#6886 = CYLINDRICAL_SURFACE('',#6887,4.85);
#6887 = AXIS2_PLACEMENT_3D('',#6888,#6889,#6890);
#6888 = CARTESIAN_POINT('',(-9.2,44.8,-5.6));
#6889 = DIRECTION('',(0.,1.,0.));
#6890 = DIRECTION('',(0.,-0.,1.));
#6891 = DEFINITIONAL_REPRESENTATION('',(#6892),#6895);
#6892 = B_SPLINE_CURVE_WITH_KNOTS('',1,(#6893,#6894),.UNSPECIFIED.,.F.,
  .F.,(2,2),(0.1999994,6.2000006),.PIECEWISE_BEZIER_KNOTS.);
#6893 = CARTESIAN_POINT('',(8.103335137728,0.1999994));
#6894 = CARTESIAN_POINT('',(8.103335137728,6.2000006));
#6895 = ( GEOMETRIC_REPRESENTATION_CONTEXT(2) 
PARAMETRIC_REPRESENTATION_CONTEXT() REPRESENTATION_CONTEXT('2D SPACE',''
  ) );
#6896 = ORIENTED_EDGE('',*,*,#6897,.F.);
#6897 = EDGE_CURVE('',#6820,#6872,#6898,.T.);
#6898 = SURFACE_CURVE('',#6899,(#6903,#6909),.PCURVE_S1.);
#6899 = LINE('',#6900,#6901);
#6900 = CARTESIAN_POINT('',(-4.5,51.,-9.55));
#6901 = VECTOR('',#6902,1.);
#6902 = DIRECTION('',(0.,0.,1.));
#6903 = PCURVE('',#3444,#6904);
#6904 = DEFINITIONAL_REPRESENTATION('',(#6905),#6908);
#6905 = B_SPLINE_CURVE_WITH_KNOTS('',1,(#6906,#6907),.UNSPECIFIED.,.F.,
  .F.,(2,2),(-1.55,9.45),.PIECEWISE_BEZIER_KNOTS.);
#6906 = CARTESIAN_POINT('',(2.4,-45.));
#6907 = CARTESIAN_POINT('',(13.4,-45.));
#6908 = ( GEOMETRIC_REPRESENTATION_CONTEXT(2) 
PARAMETRIC_REPRESENTATION_CONTEXT() REPRESENTATION_CONTEXT('2D SPACE',''
  ) );
#6909 = PCURVE('',#6910,#6915);
#6910 = PLANE('',#6911);
#6911 = AXIS2_PLACEMENT_3D('',#6912,#6913,#6914);
#6912 = CARTESIAN_POINT('',(-7.2,51.,-5.6));
#6913 = DIRECTION('',(0.,1.,0.));
#6914 = DIRECTION('',(0.,-0.,1.));
#6915 = DEFINITIONAL_REPRESENTATION('',(#6916),#6919);
#6916 = B_SPLINE_CURVE_WITH_KNOTS('',1,(#6917,#6918),.UNSPECIFIED.,.F.,
  .F.,(2,2),(-1.55,9.45),.PIECEWISE_BEZIER_KNOTS.);
#6917 = CARTESIAN_POINT('',(-5.5,2.7));
#6918 = CARTESIAN_POINT('',(5.5,2.7));
#6919 = ( GEOMETRIC_REPRESENTATION_CONTEXT(2) 
PARAMETRIC_REPRESENTATION_CONTEXT() REPRESENTATION_CONTEXT('2D SPACE',''
  ) );
#6920 = FACE_BOUND('',#6921,.F.);
#6921 = EDGE_LOOP('',(#6922,#6950,#6976,#7002));
#6922 = ORIENTED_EDGE('',*,*,#6923,.T.);
#6923 = EDGE_CURVE('',#6924,#6926,#6928,.T.);
#6924 = VERTEX_POINT('',#6925);
#6925 = CARTESIAN_POINT('',(-4.5,45.,-4.403129079641));
#6926 = VERTEX_POINT('',#6927);
#6927 = CARTESIAN_POINT('',(-4.5,45.,-0.808340579716));
#6928 = SURFACE_CURVE('',#6929,(#6933,#6939),.PCURVE_S1.);
#6929 = LINE('',#6930,#6931);
#6930 = CARTESIAN_POINT('',(-4.5,45.,-9.55));
#6931 = VECTOR('',#6932,1.);
#6932 = DIRECTION('',(0.,0.,1.));
#6933 = PCURVE('',#3444,#6934);
#6934 = DEFINITIONAL_REPRESENTATION('',(#6935),#6938);
#6935 = B_SPLINE_CURVE_WITH_KNOTS('',1,(#6936,#6937),.UNSPECIFIED.,.F.,
  .F.,(2,2),(-1.55,9.45),.PIECEWISE_BEZIER_KNOTS.);
#6936 = CARTESIAN_POINT('',(2.4,-39.));
#6937 = CARTESIAN_POINT('',(13.4,-39.));
#6938 = ( GEOMETRIC_REPRESENTATION_CONTEXT(2) 
PARAMETRIC_REPRESENTATION_CONTEXT() REPRESENTATION_CONTEXT('2D SPACE',''
  ) );
#6939 = PCURVE('',#6940,#6945);
#6940 = PLANE('',#6941);
#6941 = AXIS2_PLACEMENT_3D('',#6942,#6943,#6944);
#6942 = CARTESIAN_POINT('',(-7.2,45.,-5.6));
#6943 = DIRECTION('',(0.,1.,0.));
#6944 = DIRECTION('',(0.,-0.,1.));
#6945 = DEFINITIONAL_REPRESENTATION('',(#6946),#6949);
#6946 = B_SPLINE_CURVE_WITH_KNOTS('',1,(#6947,#6948),.UNSPECIFIED.,.F.,
  .F.,(2,2),(-1.55,9.45),.PIECEWISE_BEZIER_KNOTS.);
#6947 = CARTESIAN_POINT('',(-5.5,2.7));
#6948 = CARTESIAN_POINT('',(5.5,2.7));
#6949 = ( GEOMETRIC_REPRESENTATION_CONTEXT(2) 
PARAMETRIC_REPRESENTATION_CONTEXT() REPRESENTATION_CONTEXT('2D SPACE',''
  ) );
#6950 = ORIENTED_EDGE('',*,*,#6951,.T.);
#6951 = EDGE_CURVE('',#6926,#6952,#6954,.T.);
#6952 = VERTEX_POINT('',#6953);
#6953 = CARTESIAN_POINT('',(-4.5,51.,-0.808340579716));
#6954 = SURFACE_CURVE('',#6955,(#6959,#6965),.PCURVE_S1.);
#6955 = LINE('',#6956,#6957);
#6956 = CARTESIAN_POINT('',(-4.5,45.,-0.808340579716));
#6957 = VECTOR('',#6958,1.);
#6958 = DIRECTION('',(0.,1.,0.));
#6959 = PCURVE('',#3444,#6960);
#6960 = DEFINITIONAL_REPRESENTATION('',(#6961),#6964);
#6961 = B_SPLINE_CURVE_WITH_KNOTS('',1,(#6962,#6963),.UNSPECIFIED.,.F.,
  .F.,(2,2),(-5.999999999062E-07,6.0000006),.PIECEWISE_BEZIER_KNOTS.);
#6962 = CARTESIAN_POINT('',(12.691659420284,-38.9999994));
#6963 = CARTESIAN_POINT('',(12.691659420284,-45.0000006));
#6964 = ( GEOMETRIC_REPRESENTATION_CONTEXT(2) 
PARAMETRIC_REPRESENTATION_CONTEXT() REPRESENTATION_CONTEXT('2D SPACE',''
  ) );
#6965 = PCURVE('',#6966,#6971);
#6966 = CYLINDRICAL_SURFACE('',#6967,5.5);
#6967 = AXIS2_PLACEMENT_3D('',#6968,#6969,#6970);
#6968 = CARTESIAN_POINT('',(-7.2,45.,-5.6));
#6969 = DIRECTION('',(0.,1.,0.));
#6970 = DIRECTION('',(0.,-0.,1.));
#6971 = DEFINITIONAL_REPRESENTATION('',(#6972),#6975);
#6972 = B_SPLINE_CURVE_WITH_KNOTS('',1,(#6973,#6974),.UNSPECIFIED.,.F.,
  .F.,(2,2),(-5.999999999062E-07,6.0000006),.PIECEWISE_BEZIER_KNOTS.);
#6973 = CARTESIAN_POINT('',(6.79631823355,-5.999999999062E-07));
#6974 = CARTESIAN_POINT('',(6.79631823355,6.0000006));
#6975 = ( GEOMETRIC_REPRESENTATION_CONTEXT(2) 
PARAMETRIC_REPRESENTATION_CONTEXT() REPRESENTATION_CONTEXT('2D SPACE',''
  ) );
#6976 = ORIENTED_EDGE('',*,*,#6977,.F.);
#6977 = EDGE_CURVE('',#6978,#6952,#6980,.T.);
#6978 = VERTEX_POINT('',#6979);
#6979 = CARTESIAN_POINT('',(-4.5,51.,-4.403129079641));
#6980 = SURFACE_CURVE('',#6981,(#6985,#6991),.PCURVE_S1.);
#6981 = LINE('',#6982,#6983);
#6982 = CARTESIAN_POINT('',(-4.5,51.,-9.55));
#6983 = VECTOR('',#6984,1.);
#6984 = DIRECTION('',(0.,0.,1.));
#6985 = PCURVE('',#3444,#6986);
#6986 = DEFINITIONAL_REPRESENTATION('',(#6987),#6990);
#6987 = B_SPLINE_CURVE_WITH_KNOTS('',1,(#6988,#6989),.UNSPECIFIED.,.F.,
  .F.,(2,2),(-1.55,9.45),.PIECEWISE_BEZIER_KNOTS.);
#6988 = CARTESIAN_POINT('',(2.4,-45.));
#6989 = CARTESIAN_POINT('',(13.4,-45.));
#6990 = ( GEOMETRIC_REPRESENTATION_CONTEXT(2) 
PARAMETRIC_REPRESENTATION_CONTEXT() REPRESENTATION_CONTEXT('2D SPACE',''
  ) );
#6991 = PCURVE('',#6992,#6997);
#6992 = PLANE('',#6993);
#6993 = AXIS2_PLACEMENT_3D('',#6994,#6995,#6996);
#6994 = CARTESIAN_POINT('',(-7.2,51.,-5.6));
#6995 = DIRECTION('',(0.,1.,0.));
#6996 = DIRECTION('',(0.,-0.,1.));
#6997 = DEFINITIONAL_REPRESENTATION('',(#6998),#7001);
#6998 = B_SPLINE_CURVE_WITH_KNOTS('',1,(#6999,#7000),.UNSPECIFIED.,.F.,
  .F.,(2,2),(-1.55,9.45),.PIECEWISE_BEZIER_KNOTS.);
#6999 = CARTESIAN_POINT('',(-5.5,2.7));
#7000 = CARTESIAN_POINT('',(5.5,2.7));
#7001 = ( GEOMETRIC_REPRESENTATION_CONTEXT(2) 
PARAMETRIC_REPRESENTATION_CONTEXT() REPRESENTATION_CONTEXT('2D SPACE',''
  ) );
#7002 = ORIENTED_EDGE('',*,*,#7003,.F.);
#7003 = EDGE_CURVE('',#6924,#6978,#7004,.T.);
#7004 = SURFACE_CURVE('',#7005,(#7009,#7015),.PCURVE_S1.);
#7005 = LINE('',#7006,#7007);
#7006 = CARTESIAN_POINT('',(-4.5,44.8,-4.403129079641));
#7007 = VECTOR('',#7008,1.);
#7008 = DIRECTION('',(0.,1.,0.));
#7009 = PCURVE('',#3444,#7010);
#7010 = DEFINITIONAL_REPRESENTATION('',(#7011),#7014);
#7011 = B_SPLINE_CURVE_WITH_KNOTS('',1,(#7012,#7013),.UNSPECIFIED.,.F.,
  .F.,(2,2),(0.1999994,6.2000006),.PIECEWISE_BEZIER_KNOTS.);
#7012 = CARTESIAN_POINT('',(9.096870920359,-38.9999994));
#7013 = CARTESIAN_POINT('',(9.096870920359,-45.0000006));
#7014 = ( GEOMETRIC_REPRESENTATION_CONTEXT(2) 
PARAMETRIC_REPRESENTATION_CONTEXT() REPRESENTATION_CONTEXT('2D SPACE',''
  ) );
#7015 = PCURVE('',#7016,#7021);
#7016 = CYLINDRICAL_SURFACE('',#7017,4.85);
#7017 = AXIS2_PLACEMENT_3D('',#7018,#7019,#7020);
#7018 = CARTESIAN_POINT('',(-9.2,44.8,-5.6));
#7019 = DIRECTION('',(0.,1.,0.));
#7020 = DIRECTION('',(0.,-0.,1.));
#7021 = DEFINITIONAL_REPRESENTATION('',(#7022),#7025);
#7022 = B_SPLINE_CURVE_WITH_KNOTS('',1,(#7023,#7024),.UNSPECIFIED.,.F.,
  .F.,(2,2),(0.1999994,6.2000006),.PIECEWISE_BEZIER_KNOTS.);
#7023 = CARTESIAN_POINT('',(7.604628130221,0.1999994));
#7024 = CARTESIAN_POINT('',(7.604628130221,6.2000006));
#7025 = ( GEOMETRIC_REPRESENTATION_CONTEXT(2) 
PARAMETRIC_REPRESENTATION_CONTEXT() REPRESENTATION_CONTEXT('2D SPACE',''
  ) );
#7026 = FACE_BOUND('',#7027,.F.);
#7027 = EDGE_LOOP('',(#7028));
#7028 = ORIENTED_EDGE('',*,*,#7029,.F.);
#7029 = EDGE_CURVE('',#7030,#7030,#7032,.T.);
#7030 = VERTEX_POINT('',#7031);
#7031 = CARTESIAN_POINT('',(-4.5,18.,0.4));
#7032 = SURFACE_CURVE('',#7033,(#7038,#7045),.PCURVE_S1.);
#7033 = CIRCLE('',#7034,6.);
#7034 = AXIS2_PLACEMENT_3D('',#7035,#7036,#7037);
#7035 = CARTESIAN_POINT('',(-4.5,18.,-5.6));
#7036 = DIRECTION('',(1.,0.,0.));
#7037 = DIRECTION('',(-0.,0.,1.));
#7038 = PCURVE('',#3444,#7039);
#7039 = DEFINITIONAL_REPRESENTATION('',(#7040),#7044);
#7040 = CIRCLE('',#7041,6.);
#7041 = AXIS2_PLACEMENT_2D('',#7042,#7043);
#7042 = CARTESIAN_POINT('',(7.9,-12.));
#7043 = DIRECTION('',(1.,0.));
#7044 = ( GEOMETRIC_REPRESENTATION_CONTEXT(2) 
PARAMETRIC_REPRESENTATION_CONTEXT() REPRESENTATION_CONTEXT('2D SPACE',''
  ) );
#7045 = PCURVE('',#7046,#7051);
#7046 = CYLINDRICAL_SURFACE('',#7047,6.);
#7047 = AXIS2_PLACEMENT_3D('',#7048,#7049,#7050);
#7048 = CARTESIAN_POINT('',(-5.7,18.,-5.6));
#7049 = DIRECTION('',(1.,0.,0.));
#7050 = DIRECTION('',(-0.,0.,1.));
#7051 = DEFINITIONAL_REPRESENTATION('',(#7052),#7056);
#7052 = LINE('',#7053,#7054);
#7053 = CARTESIAN_POINT('',(0.,1.2));
#7054 = VECTOR('',#7055,1.);
#7055 = DIRECTION('',(1.,0.));
#7056 = ( GEOMETRIC_REPRESENTATION_CONTEXT(2) 
PARAMETRIC_REPRESENTATION_CONTEXT() REPRESENTATION_CONTEXT('2D SPACE',''
  ) );
#7057 = ADVANCED_FACE('',(#7058),#3553,.F.);
#7058 = FACE_BOUND('',#7059,.F.);
#7059 = EDGE_LOOP('',(#7060,#7083,#7084,#7107));
#7060 = ORIENTED_EDGE('',*,*,#7061,.F.);
#7061 = EDGE_CURVE('',#3537,#7062,#7064,.T.);
#7062 = VERTEX_POINT('',#7063);
#7063 = CARTESIAN_POINT('',(46.5,88.25,-11.8));
#7064 = SURFACE_CURVE('',#7065,(#7069,#7076),.PCURVE_S1.);
#7065 = LINE('',#7066,#7067);
#7066 = CARTESIAN_POINT('',(46.5,88.25,-13.7));
#7067 = VECTOR('',#7068,1.);
#7068 = DIRECTION('',(0.,0.,1.));
#7069 = PCURVE('',#3553,#7070);
#7070 = DEFINITIONAL_REPRESENTATION('',(#7071),#7075);
#7071 = LINE('',#7072,#7073);
#7072 = CARTESIAN_POINT('',(0.,33.));
#7073 = VECTOR('',#7074,1.);
#7074 = DIRECTION('',(1.,0.));
#7075 = ( GEOMETRIC_REPRESENTATION_CONTEXT(2) 
PARAMETRIC_REPRESENTATION_CONTEXT() REPRESENTATION_CONTEXT('2D SPACE',''
  ) );
#7076 = PCURVE('',#3585,#7077);
#7077 = DEFINITIONAL_REPRESENTATION('',(#7078),#7082);
#7078 = LINE('',#7079,#7080);
#7079 = CARTESIAN_POINT('',(-1.570796326795,0.));
#7080 = VECTOR('',#7081,1.);
#7081 = DIRECTION('',(-0.,-1.));
#7082 = ( GEOMETRIC_REPRESENTATION_CONTEXT(2) 
PARAMETRIC_REPRESENTATION_CONTEXT() REPRESENTATION_CONTEXT('2D SPACE',''
  ) );
#7083 = ORIENTED_EDGE('',*,*,#3536,.T.);
#7084 = ORIENTED_EDGE('',*,*,#7085,.T.);
#7085 = EDGE_CURVE('',#3539,#7086,#7088,.T.);
#7086 = VERTEX_POINT('',#7087);
#7087 = CARTESIAN_POINT('',(13.5,88.25,-11.8));
#7088 = SURFACE_CURVE('',#7089,(#7093,#7100),.PCURVE_S1.);
#7089 = LINE('',#7090,#7091);
#7090 = CARTESIAN_POINT('',(13.5,88.25,-13.7));
#7091 = VECTOR('',#7092,1.);
#7092 = DIRECTION('',(0.,0.,1.));
#7093 = PCURVE('',#3553,#7094);
#7094 = DEFINITIONAL_REPRESENTATION('',(#7095),#7099);
#7095 = LINE('',#7096,#7097);
#7096 = CARTESIAN_POINT('',(0.,0.));
#7097 = VECTOR('',#7098,1.);
#7098 = DIRECTION('',(1.,0.));
#7099 = ( GEOMETRIC_REPRESENTATION_CONTEXT(2) 
PARAMETRIC_REPRESENTATION_CONTEXT() REPRESENTATION_CONTEXT('2D SPACE',''
  ) );
#7100 = PCURVE('',#4137,#7101);
#7101 = DEFINITIONAL_REPRESENTATION('',(#7102),#7106);
#7102 = LINE('',#7103,#7104);
#7103 = CARTESIAN_POINT('',(-1.570796326795,0.));
#7104 = VECTOR('',#7105,1.);
#7105 = DIRECTION('',(-0.,-1.));
#7106 = ( GEOMETRIC_REPRESENTATION_CONTEXT(2) 
PARAMETRIC_REPRESENTATION_CONTEXT() REPRESENTATION_CONTEXT('2D SPACE',''
  ) );
#7107 = ORIENTED_EDGE('',*,*,#7108,.T.);
#7108 = EDGE_CURVE('',#7086,#7062,#7109,.T.);
#7109 = SURFACE_CURVE('',#7110,(#7114,#7121),.PCURVE_S1.);
#7110 = LINE('',#7111,#7112);
#7111 = CARTESIAN_POINT('',(13.5,88.25,-11.8));
#7112 = VECTOR('',#7113,1.);
#7113 = DIRECTION('',(1.,0.,0.));
#7114 = PCURVE('',#3553,#7115);
#7115 = DEFINITIONAL_REPRESENTATION('',(#7116),#7120);
#7116 = LINE('',#7117,#7118);
#7117 = CARTESIAN_POINT('',(1.9,0.));
#7118 = VECTOR('',#7119,1.);
#7119 = DIRECTION('',(0.,1.));
#7120 = ( GEOMETRIC_REPRESENTATION_CONTEXT(2) 
PARAMETRIC_REPRESENTATION_CONTEXT() REPRESENTATION_CONTEXT('2D SPACE',''
  ) );
#7121 = PCURVE('',#7122,#7127);
#7122 = PLANE('',#7123);
#7123 = AXIS2_PLACEMENT_3D('',#7124,#7125,#7126);
#7124 = CARTESIAN_POINT('',(13.5,23.75,-11.8));
#7125 = DIRECTION('',(0.,0.,1.));
#7126 = DIRECTION('',(1.,0.,0.));
#7127 = DEFINITIONAL_REPRESENTATION('',(#7128),#7132);
#7128 = LINE('',#7129,#7130);
#7129 = CARTESIAN_POINT('',(0.,64.5));
#7130 = VECTOR('',#7131,1.);
#7131 = DIRECTION('',(1.,0.));
#7132 = ( GEOMETRIC_REPRESENTATION_CONTEXT(2) 
PARAMETRIC_REPRESENTATION_CONTEXT() REPRESENTATION_CONTEXT('2D SPACE',''
  ) );
#7133 = ADVANCED_FACE('',(#7134),#4137,.F.);
#7134 = FACE_BOUND('',#7135,.T.);
#7135 = EDGE_LOOP('',(#7136,#7165,#7166,#7167,#7191));
#7136 = ORIENTED_EDGE('',*,*,#7137,.F.);
#7137 = EDGE_CURVE('',#4093,#7138,#7140,.T.);
#7138 = VERTEX_POINT('',#7139);
#7139 = CARTESIAN_POINT('',(12.9,88.225961476626,-13.48666861367));
#7140 = SURFACE_CURVE('',#7141,(#7147,#7156),.PCURVE_S1.);
#7141 = B_SPLINE_CURVE_WITH_KNOTS('',4,(#7142,#7143,#7144,#7145,#7146),
  .UNSPECIFIED.,.F.,.F.,(5,5),(0.,1.),.PIECEWISE_BEZIER_KNOTS.);
#7142 = CARTESIAN_POINT('',(12.68143380701,88.205196133415,-13.5000006)
  );
#7143 = CARTESIAN_POINT('',(12.735994923997,88.211186839095,
    -13.49620061418));
#7144 = CARTESIAN_POINT('',(12.790614195391,88.21664510373,
    -13.49270303814));
#7145 = CARTESIAN_POINT('',(12.845285197231,88.221570222241,
    -13.48952206073));
#7146 = CARTESIAN_POINT('',(12.9000006,88.225961524781,-13.48666858238)
  );
#7147 = PCURVE('',#4137,#7148);
#7148 = DEFINITIONAL_REPRESENTATION('',(#7149),#7155);
#7149 = B_SPLINE_CURVE_WITH_KNOTS('',4,(#7150,#7151,#7152,#7153,#7154),
  .UNSPECIFIED.,.F.,.F.,(5,5),(0.,1.),.PIECEWISE_BEZIER_KNOTS.);
#7150 = CARTESIAN_POINT('',(-1.680156339441,-0.1999994));
#7151 = CARTESIAN_POINT('',(-1.672837804018,-0.203799385811));
#7152 = CARTESIAN_POINT('',(-1.665519309229,-0.20729696186));
#7153 = CARTESIAN_POINT('',(-1.658200671457,-0.210477939263));
#7154 = CARTESIAN_POINT('',(-1.650881826571,-0.213331417615));
#7155 = ( GEOMETRIC_REPRESENTATION_CONTEXT(2) 
PARAMETRIC_REPRESENTATION_CONTEXT() REPRESENTATION_CONTEXT('2D SPACE',''
  ) );
#7156 = PCURVE('',#4107,#7157);
#7157 = DEFINITIONAL_REPRESENTATION('',(#7158),#7164);
#7158 = B_SPLINE_CURVE_WITH_KNOTS('',4,(#7159,#7160,#7161,#7162,#7163),
  .UNSPECIFIED.,.F.,.F.,(5,5),(0.,1.),.PIECEWISE_BEZIER_KNOTS.);
#7159 = CARTESIAN_POINT('',(3.706861339765,3.88143380701));
#7160 = CARTESIAN_POINT('',(3.710014341758,3.935994923997));
#7161 = CARTESIAN_POINT('',(3.712895522469,3.990614195391));
#7162 = CARTESIAN_POINT('',(3.715501315672,4.045285197231));
#7163 = CARTESIAN_POINT('',(3.717828858824,4.1000006));
#7164 = ( GEOMETRIC_REPRESENTATION_CONTEXT(2) 
PARAMETRIC_REPRESENTATION_CONTEXT() REPRESENTATION_CONTEXT('2D SPACE',''
  ) );
#7165 = ORIENTED_EDGE('',*,*,#4118,.T.);
#7166 = ORIENTED_EDGE('',*,*,#7085,.T.);
#7167 = ORIENTED_EDGE('',*,*,#7168,.T.);
#7168 = EDGE_CURVE('',#7086,#7169,#7171,.T.);
#7169 = VERTEX_POINT('',#7170);
#7170 = CARTESIAN_POINT('',(12.9,88.225961476626,-11.8));
#7171 = SURFACE_CURVE('',#7172,(#7177,#7184),.PCURVE_S1.);
#7172 = CIRCLE('',#7173,7.5);
#7173 = AXIS2_PLACEMENT_3D('',#7174,#7175,#7176);
#7174 = CARTESIAN_POINT('',(13.5,80.75,-11.8));
#7175 = DIRECTION('',(0.,0.,1.));
#7176 = DIRECTION('',(1.,0.,0.));
#7177 = PCURVE('',#4137,#7178);
#7178 = DEFINITIONAL_REPRESENTATION('',(#7179),#7183);
#7179 = LINE('',#7180,#7181);
#7180 = CARTESIAN_POINT('',(-0.,-1.9));
#7181 = VECTOR('',#7182,1.);
#7182 = DIRECTION('',(-1.,0.));
#7183 = ( GEOMETRIC_REPRESENTATION_CONTEXT(2) 
PARAMETRIC_REPRESENTATION_CONTEXT() REPRESENTATION_CONTEXT('2D SPACE',''
  ) );
#7184 = PCURVE('',#7122,#7185);
#7185 = DEFINITIONAL_REPRESENTATION('',(#7186),#7190);
#7186 = CIRCLE('',#7187,7.5);
#7187 = AXIS2_PLACEMENT_2D('',#7188,#7189);
#7188 = CARTESIAN_POINT('',(0.,57.));
#7189 = DIRECTION('',(1.,0.));
#7190 = ( GEOMETRIC_REPRESENTATION_CONTEXT(2) 
PARAMETRIC_REPRESENTATION_CONTEXT() REPRESENTATION_CONTEXT('2D SPACE',''
  ) );
#7191 = ORIENTED_EDGE('',*,*,#7192,.T.);
#7192 = EDGE_CURVE('',#7169,#7138,#7193,.T.);
#7193 = SURFACE_CURVE('',#7194,(#7198,#7204),.PCURVE_S1.);
#7194 = LINE('',#7195,#7196);
#7195 = CARTESIAN_POINT('',(12.9,88.225961476626,-13.7));
#7196 = VECTOR('',#7197,1.);
#7197 = DIRECTION('',(-0.,-0.,-1.));
#7198 = PCURVE('',#4137,#7199);
#7199 = DEFINITIONAL_REPRESENTATION('',(#7200),#7203);
#7200 = B_SPLINE_CURVE_WITH_KNOTS('',1,(#7201,#7202),.UNSPECIFIED.,.F.,
  .F.,(2,2),(-1.9000006,-0.1999994),.PIECEWISE_BEZIER_KNOTS.);
#7201 = CARTESIAN_POINT('',(-1.650881906829,-1.9000006));
#7202 = CARTESIAN_POINT('',(-1.650881906829,-0.1999994));
#7203 = ( GEOMETRIC_REPRESENTATION_CONTEXT(2) 
PARAMETRIC_REPRESENTATION_CONTEXT() REPRESENTATION_CONTEXT('2D SPACE',''
  ) );
#7204 = PCURVE('',#7205,#7210);
#7205 = PLANE('',#7206);
#7206 = AXIS2_PLACEMENT_3D('',#7207,#7208,#7209);
#7207 = CARTESIAN_POINT('',(12.9,87.,-11.6));
#7208 = DIRECTION('',(1.,0.,0.));
#7209 = DIRECTION('',(-0.,0.,1.));
#7210 = DEFINITIONAL_REPRESENTATION('',(#7211),#7214);
#7211 = B_SPLINE_CURVE_WITH_KNOTS('',1,(#7212,#7213),.UNSPECIFIED.,.F.,
  .F.,(2,2),(-1.9000006,-0.1999994),.PIECEWISE_BEZIER_KNOTS.);
#7212 = CARTESIAN_POINT('',(-0.1999994,-1.225961476626));
#7213 = CARTESIAN_POINT('',(-1.9000006,-1.225961476626));
#7214 = ( GEOMETRIC_REPRESENTATION_CONTEXT(2) 
PARAMETRIC_REPRESENTATION_CONTEXT() REPRESENTATION_CONTEXT('2D SPACE',''
  ) );
#7215 = ADVANCED_FACE('',(#7216),#4107,.F.);
#7216 = FACE_BOUND('',#7217,.F.);
#7217 = EDGE_LOOP('',(#7218,#7241,#7263,#7264,#7265));
#7218 = ORIENTED_EDGE('',*,*,#7219,.T.);
#7219 = EDGE_CURVE('',#7220,#7222,#7224,.T.);
#7220 = VERTEX_POINT('',#7221);
#7221 = CARTESIAN_POINT('',(8.8,88.962778642639,-10.5));
#7222 = VERTEX_POINT('',#7223);
#7223 = CARTESIAN_POINT('',(12.9,88.962778642639,-10.5));
#7224 = SURFACE_CURVE('',#7225,(#7229,#7235),.PCURVE_S1.);
#7225 = LINE('',#7226,#7227);
#7226 = CARTESIAN_POINT('',(8.8,88.962778642639,-10.5));
#7227 = VECTOR('',#7228,1.);
#7228 = DIRECTION('',(1.,0.,0.));
#7229 = PCURVE('',#4107,#7230);
#7230 = DEFINITIONAL_REPRESENTATION('',(#7231),#7234);
#7231 = B_SPLINE_CURVE_WITH_KNOTS('',1,(#7232,#7233),.UNSPECIFIED.,.F.,
  .F.,(2,2),(-5.999999999062E-07,4.1000006),.PIECEWISE_BEZIER_KNOTS.);
#7232 = CARTESIAN_POINT('',(5.223204573545,-5.999999999062E-07));
#7233 = CARTESIAN_POINT('',(5.223204573545,4.1000006));
#7234 = ( GEOMETRIC_REPRESENTATION_CONTEXT(2) 
PARAMETRIC_REPRESENTATION_CONTEXT() REPRESENTATION_CONTEXT('2D SPACE',''
  ) );
#7235 = PCURVE('',#4373,#7236);
#7236 = DEFINITIONAL_REPRESENTATION('',(#7237),#7240);
#7237 = B_SPLINE_CURVE_WITH_KNOTS('',1,(#7238,#7239),.UNSPECIFIED.,.F.,
  .F.,(2,2),(-5.999999999062E-07,4.1000006),.PIECEWISE_BEZIER_KNOTS.);
#7238 = CARTESIAN_POINT('',(2.2999994,82.962778642639));
#7239 = CARTESIAN_POINT('',(6.4000006,82.962778642639));
#7240 = ( GEOMETRIC_REPRESENTATION_CONTEXT(2) 
PARAMETRIC_REPRESENTATION_CONTEXT() REPRESENTATION_CONTEXT('2D SPACE',''
  ) );
#7241 = ORIENTED_EDGE('',*,*,#7242,.F.);
#7242 = EDGE_CURVE('',#7138,#7222,#7243,.T.);
#7243 = SURFACE_CURVE('',#7244,(#7249,#7256),.PCURVE_S1.);
#7244 = CIRCLE('',#7245,2.25);
#7245 = AXIS2_PLACEMENT_3D('',#7246,#7247,#7248);
#7246 = CARTESIAN_POINT('',(12.9,87.,-11.6));
#7247 = DIRECTION('',(1.,0.,0.));
#7248 = DIRECTION('',(-0.,0.,1.));
#7249 = PCURVE('',#4107,#7250);
#7250 = DEFINITIONAL_REPRESENTATION('',(#7251),#7255);
#7251 = LINE('',#7252,#7253);
#7252 = CARTESIAN_POINT('',(0.,4.1));
#7253 = VECTOR('',#7254,1.);
#7254 = DIRECTION('',(1.,0.));
#7255 = ( GEOMETRIC_REPRESENTATION_CONTEXT(2) 
PARAMETRIC_REPRESENTATION_CONTEXT() REPRESENTATION_CONTEXT('2D SPACE',''
  ) );
#7256 = PCURVE('',#7205,#7257);
#7257 = DEFINITIONAL_REPRESENTATION('',(#7258),#7262);
#7258 = CIRCLE('',#7259,2.25);
#7259 = AXIS2_PLACEMENT_2D('',#7260,#7261);
#7260 = CARTESIAN_POINT('',(0.,0.));
#7261 = DIRECTION('',(1.,0.));
#7262 = ( GEOMETRIC_REPRESENTATION_CONTEXT(2) 
PARAMETRIC_REPRESENTATION_CONTEXT() REPRESENTATION_CONTEXT('2D SPACE',''
  ) );
#7263 = ORIENTED_EDGE('',*,*,#7137,.F.);
#7264 = ORIENTED_EDGE('',*,*,#4092,.F.);
#7265 = ORIENTED_EDGE('',*,*,#7266,.T.);
#7266 = EDGE_CURVE('',#4066,#7220,#7267,.T.);
#7267 = SURFACE_CURVE('',#7268,(#7273,#7280),.PCURVE_S1.);
#7268 = CIRCLE('',#7269,2.25);
#7269 = AXIS2_PLACEMENT_3D('',#7270,#7271,#7272);
#7270 = CARTESIAN_POINT('',(8.8,87.,-11.6));
#7271 = DIRECTION('',(1.,0.,0.));
#7272 = DIRECTION('',(-0.,0.,1.));
#7273 = PCURVE('',#4107,#7274);
#7274 = DEFINITIONAL_REPRESENTATION('',(#7275),#7279);
#7275 = LINE('',#7276,#7277);
#7276 = CARTESIAN_POINT('',(0.,0.));
#7277 = VECTOR('',#7278,1.);
#7278 = DIRECTION('',(1.,0.));
#7279 = ( GEOMETRIC_REPRESENTATION_CONTEXT(2) 
PARAMETRIC_REPRESENTATION_CONTEXT() REPRESENTATION_CONTEXT('2D SPACE',''
  ) );
#7280 = PCURVE('',#4080,#7281);
#7281 = DEFINITIONAL_REPRESENTATION('',(#7282),#7286);
#7282 = CIRCLE('',#7283,2.25);
#7283 = AXIS2_PLACEMENT_2D('',#7284,#7285);
#7284 = CARTESIAN_POINT('',(0.,0.));
#7285 = DIRECTION('',(1.,0.));
#7286 = ( GEOMETRIC_REPRESENTATION_CONTEXT(2) 
PARAMETRIC_REPRESENTATION_CONTEXT() REPRESENTATION_CONTEXT('2D SPACE',''
  ) );
#7287 = ADVANCED_FACE('',(#7288,#7443),#4080,.T.);
#7288 = FACE_BOUND('',#7289,.T.);
#7289 = EDGE_LOOP('',(#7290,#7319,#7341,#7342,#7343,#7365,#7394,#7416));
#7290 = ORIENTED_EDGE('',*,*,#7291,.F.);
#7291 = EDGE_CURVE('',#7292,#7294,#7296,.T.);
#7292 = VERTEX_POINT('',#7293);
#7293 = CARTESIAN_POINT('',(8.8,84.708712152522,-11.8));
#7294 = VERTEX_POINT('',#7295);
#7295 = CARTESIAN_POINT('',(8.8,84.758906516899,-11.8));
#7296 = SURFACE_CURVE('',#7297,(#7301,#7308),.PCURVE_S1.);
#7297 = LINE('',#7298,#7299);
#7298 = CARTESIAN_POINT('',(8.8,55.375,-11.8));
#7299 = VECTOR('',#7300,1.);
#7300 = DIRECTION('',(0.,1.,0.));
#7301 = PCURVE('',#4080,#7302);
#7302 = DEFINITIONAL_REPRESENTATION('',(#7303),#7307);
#7303 = LINE('',#7304,#7305);
#7304 = CARTESIAN_POINT('',(-0.2,31.625));
#7305 = VECTOR('',#7306,1.);
#7306 = DIRECTION('',(0.,-1.));
#7307 = ( GEOMETRIC_REPRESENTATION_CONTEXT(2) 
PARAMETRIC_REPRESENTATION_CONTEXT() REPRESENTATION_CONTEXT('2D SPACE',''
  ) );
#7308 = PCURVE('',#7309,#7314);
#7309 = PLANE('',#7310);
#7310 = AXIS2_PLACEMENT_3D('',#7311,#7312,#7313);
#7311 = CARTESIAN_POINT('',(13.5,23.75,-11.8));
#7312 = DIRECTION('',(0.,0.,1.));
#7313 = DIRECTION('',(1.,0.,0.));
#7314 = DEFINITIONAL_REPRESENTATION('',(#7315),#7318);
#7315 = B_SPLINE_CURVE_WITH_KNOTS('',1,(#7316,#7317),.UNSPECIFIED.,.F.,
  .F.,(2,2),(29.325,32.875),.PIECEWISE_BEZIER_KNOTS.);
#7316 = CARTESIAN_POINT('',(-4.7,60.95));
#7317 = CARTESIAN_POINT('',(-4.7,64.5));
#7318 = ( GEOMETRIC_REPRESENTATION_CONTEXT(2) 
PARAMETRIC_REPRESENTATION_CONTEXT() REPRESENTATION_CONTEXT('2D SPACE',''
  ) );
#7319 = ORIENTED_EDGE('',*,*,#7320,.T.);
#7320 = EDGE_CURVE('',#7292,#4045,#7321,.T.);
#7321 = SURFACE_CURVE('',#7322,(#7327,#7334),.PCURVE_S1.);
#7322 = CIRCLE('',#7323,2.3);
#7323 = AXIS2_PLACEMENT_3D('',#7324,#7325,#7326);
#7324 = CARTESIAN_POINT('',(8.8,87.,-11.6));
#7325 = DIRECTION('',(1.,0.,0.));
#7326 = DIRECTION('',(-0.,0.,1.));
#7327 = PCURVE('',#4080,#7328);
#7328 = DEFINITIONAL_REPRESENTATION('',(#7329),#7333);
#7329 = CIRCLE('',#7330,2.3);
#7330 = AXIS2_PLACEMENT_2D('',#7331,#7332);
#7331 = CARTESIAN_POINT('',(0.,0.));
#7332 = DIRECTION('',(1.,0.));
#7333 = ( GEOMETRIC_REPRESENTATION_CONTEXT(2) 
PARAMETRIC_REPRESENTATION_CONTEXT() REPRESENTATION_CONTEXT('2D SPACE',''
  ) );
#7334 = PCURVE('',#4007,#7335);
#7335 = DEFINITIONAL_REPRESENTATION('',(#7336),#7340);
#7336 = LINE('',#7337,#7338);
#7337 = CARTESIAN_POINT('',(0.,4.3));
#7338 = VECTOR('',#7339,1.);
#7339 = DIRECTION('',(1.,0.));
#7340 = ( GEOMETRIC_REPRESENTATION_CONTEXT(2) 
PARAMETRIC_REPRESENTATION_CONTEXT() REPRESENTATION_CONTEXT('2D SPACE',''
  ) );
#7341 = ORIENTED_EDGE('',*,*,#4065,.F.);
#7342 = ORIENTED_EDGE('',*,*,#7266,.T.);
#7343 = ORIENTED_EDGE('',*,*,#7344,.T.);
#7344 = EDGE_CURVE('',#7220,#7345,#7347,.T.);
#7345 = VERTEX_POINT('',#7346);
#7346 = CARTESIAN_POINT('',(8.8,89.019900987672,-10.5));
#7347 = SURFACE_CURVE('',#7348,(#7352,#7359),.PCURVE_S1.);
#7348 = LINE('',#7349,#7350);
#7349 = CARTESIAN_POINT('',(8.8,46.5,-10.5));
#7350 = VECTOR('',#7351,1.);
#7351 = DIRECTION('',(0.,1.,0.));
#7352 = PCURVE('',#4080,#7353);
#7353 = DEFINITIONAL_REPRESENTATION('',(#7354),#7358);
#7354 = LINE('',#7355,#7356);
#7355 = CARTESIAN_POINT('',(1.1,40.5));
#7356 = VECTOR('',#7357,1.);
#7357 = DIRECTION('',(0.,-1.));
#7358 = ( GEOMETRIC_REPRESENTATION_CONTEXT(2) 
PARAMETRIC_REPRESENTATION_CONTEXT() REPRESENTATION_CONTEXT('2D SPACE',''
  ) );
#7359 = PCURVE('',#4373,#7360);
#7360 = DEFINITIONAL_REPRESENTATION('',(#7361),#7364);
#7361 = B_SPLINE_CURVE_WITH_KNOTS('',1,(#7362,#7363),.UNSPECIFIED.,.F.,
  .F.,(2,2),(38.2,42.8),.PIECEWISE_BEZIER_KNOTS.);
#7362 = CARTESIAN_POINT('',(2.3,78.7));
#7363 = CARTESIAN_POINT('',(2.3,83.3));
#7364 = ( GEOMETRIC_REPRESENTATION_CONTEXT(2) 
PARAMETRIC_REPRESENTATION_CONTEXT() REPRESENTATION_CONTEXT('2D SPACE',''
  ) );
#7365 = ORIENTED_EDGE('',*,*,#7366,.T.);
#7366 = EDGE_CURVE('',#7345,#7367,#7369,.T.);
#7367 = VERTEX_POINT('',#7368);
#7368 = CARTESIAN_POINT('',(8.8,84.980099012328,-10.5));
#7369 = SURFACE_CURVE('',#7370,(#7375,#7382),.PCURVE_S1.);
#7370 = CIRCLE('',#7371,2.3);
#7371 = AXIS2_PLACEMENT_3D('',#7372,#7373,#7374);
#7372 = CARTESIAN_POINT('',(8.8,87.,-11.6));
#7373 = DIRECTION('',(1.,0.,0.));
#7374 = DIRECTION('',(-0.,0.878217820727,0.478260869565));
#7375 = PCURVE('',#4080,#7376);
#7376 = DEFINITIONAL_REPRESENTATION('',(#7377),#7381);
#7377 = CIRCLE('',#7378,2.3);
#7378 = AXIS2_PLACEMENT_2D('',#7379,#7380);
#7379 = CARTESIAN_POINT('',(0.,0.));
#7380 = DIRECTION('',(0.478260869565,-0.878217820727));
#7381 = ( GEOMETRIC_REPRESENTATION_CONTEXT(2) 
PARAMETRIC_REPRESENTATION_CONTEXT() REPRESENTATION_CONTEXT('2D SPACE',''
  ) );
#7382 = PCURVE('',#7383,#7388);
#7383 = CYLINDRICAL_SURFACE('',#7384,2.3);
#7384 = AXIS2_PLACEMENT_3D('',#7385,#7386,#7387);
#7385 = CARTESIAN_POINT('',(4.5,87.,-11.6));
#7386 = DIRECTION('',(1.,0.,0.));
#7387 = DIRECTION('',(-0.,0.,1.));
#7388 = DEFINITIONAL_REPRESENTATION('',(#7389),#7393);
#7389 = LINE('',#7390,#7391);
#7390 = CARTESIAN_POINT('',(5.211062327447,4.3));
#7391 = VECTOR('',#7392,1.);
#7392 = DIRECTION('',(1.,0.));
#7393 = ( GEOMETRIC_REPRESENTATION_CONTEXT(2) 
PARAMETRIC_REPRESENTATION_CONTEXT() REPRESENTATION_CONTEXT('2D SPACE',''
  ) );
#7394 = ORIENTED_EDGE('',*,*,#7395,.T.);
#7395 = EDGE_CURVE('',#7367,#7396,#7398,.T.);
#7396 = VERTEX_POINT('',#7397);
#7397 = CARTESIAN_POINT('',(8.8,85.037221357361,-10.5));
#7398 = SURFACE_CURVE('',#7399,(#7403,#7410),.PCURVE_S1.);
#7399 = LINE('',#7400,#7401);
#7400 = CARTESIAN_POINT('',(8.8,46.5,-10.5));
#7401 = VECTOR('',#7402,1.);
#7402 = DIRECTION('',(0.,1.,0.));
#7403 = PCURVE('',#4080,#7404);
#7404 = DEFINITIONAL_REPRESENTATION('',(#7405),#7409);
#7405 = LINE('',#7406,#7407);
#7406 = CARTESIAN_POINT('',(1.1,40.5));
#7407 = VECTOR('',#7408,1.);
#7408 = DIRECTION('',(0.,-1.));
#7409 = ( GEOMETRIC_REPRESENTATION_CONTEXT(2) 
PARAMETRIC_REPRESENTATION_CONTEXT() REPRESENTATION_CONTEXT('2D SPACE',''
  ) );
#7410 = PCURVE('',#4373,#7411);
#7411 = DEFINITIONAL_REPRESENTATION('',(#7412),#7415);
#7412 = B_SPLINE_CURVE_WITH_KNOTS('',1,(#7413,#7414),.UNSPECIFIED.,.F.,
  .F.,(2,2),(38.2,42.8),.PIECEWISE_BEZIER_KNOTS.);
#7413 = CARTESIAN_POINT('',(2.3,78.7));
#7414 = CARTESIAN_POINT('',(2.3,83.3));
#7415 = ( GEOMETRIC_REPRESENTATION_CONTEXT(2) 
PARAMETRIC_REPRESENTATION_CONTEXT() REPRESENTATION_CONTEXT('2D SPACE',''
  ) );
#7416 = ORIENTED_EDGE('',*,*,#7417,.T.);
#7417 = EDGE_CURVE('',#7396,#7294,#7418,.T.);
#7418 = SURFACE_CURVE('',#7419,(#7424,#7431),.PCURVE_S1.);
#7419 = CIRCLE('',#7420,2.25);
#7420 = AXIS2_PLACEMENT_3D('',#7421,#7422,#7423);
#7421 = CARTESIAN_POINT('',(8.8,87.,-11.6));
#7422 = DIRECTION('',(1.,0.,0.));
#7423 = DIRECTION('',(-0.,0.,1.));
#7424 = PCURVE('',#4080,#7425);
#7425 = DEFINITIONAL_REPRESENTATION('',(#7426),#7430);
#7426 = CIRCLE('',#7427,2.25);
#7427 = AXIS2_PLACEMENT_2D('',#7428,#7429);
#7428 = CARTESIAN_POINT('',(0.,0.));
#7429 = DIRECTION('',(1.,0.));
#7430 = ( GEOMETRIC_REPRESENTATION_CONTEXT(2) 
PARAMETRIC_REPRESENTATION_CONTEXT() REPRESENTATION_CONTEXT('2D SPACE',''
  ) );
#7431 = PCURVE('',#7432,#7437);
#7432 = CYLINDRICAL_SURFACE('',#7433,2.25);
#7433 = AXIS2_PLACEMENT_3D('',#7434,#7435,#7436);
#7434 = CARTESIAN_POINT('',(8.8,87.,-11.6));
#7435 = DIRECTION('',(1.,0.,0.));
#7436 = DIRECTION('',(-0.,0.,1.));
#7437 = DEFINITIONAL_REPRESENTATION('',(#7438),#7442);
#7438 = LINE('',#7439,#7440);
#7439 = CARTESIAN_POINT('',(0.,0.));
#7440 = VECTOR('',#7441,1.);
#7441 = DIRECTION('',(1.,0.));
#7442 = ( GEOMETRIC_REPRESENTATION_CONTEXT(2) 
PARAMETRIC_REPRESENTATION_CONTEXT() REPRESENTATION_CONTEXT('2D SPACE',''
  ) );
#7443 = FACE_BOUND('',#7444,.T.);
#7444 = EDGE_LOOP('',(#7445));
#7445 = ORIENTED_EDGE('',*,*,#7446,.F.);
#7446 = EDGE_CURVE('',#7447,#7447,#7449,.T.);
#7447 = VERTEX_POINT('',#7448);
#7448 = CARTESIAN_POINT('',(8.8,87.,-10.65));
#7449 = SURFACE_CURVE('',#7450,(#7455,#7462),.PCURVE_S1.);
#7450 = CIRCLE('',#7451,0.95);
#7451 = AXIS2_PLACEMENT_3D('',#7452,#7453,#7454);
#7452 = CARTESIAN_POINT('',(8.8,87.,-11.6));
#7453 = DIRECTION('',(1.,0.,0.));
#7454 = DIRECTION('',(-0.,0.,1.));
#7455 = PCURVE('',#4080,#7456);
#7456 = DEFINITIONAL_REPRESENTATION('',(#7457),#7461);
#7457 = CIRCLE('',#7458,0.95);
#7458 = AXIS2_PLACEMENT_2D('',#7459,#7460);
#7459 = CARTESIAN_POINT('',(0.,0.));
#7460 = DIRECTION('',(1.,0.));
#7461 = ( GEOMETRIC_REPRESENTATION_CONTEXT(2) 
PARAMETRIC_REPRESENTATION_CONTEXT() REPRESENTATION_CONTEXT('2D SPACE',''
  ) );
#7462 = PCURVE('',#7463,#7468);
#7463 = CYLINDRICAL_SURFACE('',#7464,0.95);
#7464 = AXIS2_PLACEMENT_3D('',#7465,#7466,#7467);
#7465 = CARTESIAN_POINT('',(4.,87.,-11.6));
#7466 = DIRECTION('',(1.,0.,0.));
#7467 = DIRECTION('',(-0.,0.,1.));
#7468 = DEFINITIONAL_REPRESENTATION('',(#7469),#7473);
#7469 = LINE('',#7470,#7471);
#7470 = CARTESIAN_POINT('',(0.,4.8));
#7471 = VECTOR('',#7472,1.);
#7472 = DIRECTION('',(1.,0.));
#7473 = ( GEOMETRIC_REPRESENTATION_CONTEXT(2) 
PARAMETRIC_REPRESENTATION_CONTEXT() REPRESENTATION_CONTEXT('2D SPACE',''
  ) );
#7474 = ADVANCED_FACE('',(#7475),#4007,.T.);
#7475 = FACE_BOUND('',#7476,.T.);
#7476 = EDGE_LOOP('',(#7477,#7478,#7499,#7553,#7554,#7576));
#7477 = ORIENTED_EDGE('',*,*,#7320,.F.);
#7478 = ORIENTED_EDGE('',*,*,#7479,.F.);
#7479 = EDGE_CURVE('',#7480,#7292,#7482,.T.);
#7480 = VERTEX_POINT('',#7481);
#7481 = CARTESIAN_POINT('',(7.129866713053,84.708712152522,-11.8));
#7482 = SURFACE_CURVE('',#7483,(#7487,#7493),.PCURVE_S1.);
#7483 = LINE('',#7484,#7485);
#7484 = CARTESIAN_POINT('',(4.5,84.708712152522,-11.8));
#7485 = VECTOR('',#7486,1.);
#7486 = DIRECTION('',(1.,0.,0.));
#7487 = PCURVE('',#4007,#7488);
#7488 = DEFINITIONAL_REPRESENTATION('',(#7489),#7492);
#7489 = B_SPLINE_CURVE_WITH_KNOTS('',1,(#7490,#7491),.UNSPECIFIED.,.F.,
  .F.,(2,2),(-5.999999999062E-07,4.3000006),.PIECEWISE_BEZIER_KNOTS.);
#7490 = CARTESIAN_POINT('',(1.657862809142,-5.999999999062E-07));
#7491 = CARTESIAN_POINT('',(1.657862809142,4.3000006));
#7492 = ( GEOMETRIC_REPRESENTATION_CONTEXT(2) 
PARAMETRIC_REPRESENTATION_CONTEXT() REPRESENTATION_CONTEXT('2D SPACE',''
  ) );
#7493 = PCURVE('',#7309,#7494);
#7494 = DEFINITIONAL_REPRESENTATION('',(#7495),#7498);
#7495 = B_SPLINE_CURVE_WITH_KNOTS('',1,(#7496,#7497),.UNSPECIFIED.,.F.,
  .F.,(2,2),(-5.999999999062E-07,4.3000006),.PIECEWISE_BEZIER_KNOTS.);
#7496 = CARTESIAN_POINT('',(-9.0000006,60.958712152522));
#7497 = CARTESIAN_POINT('',(-4.6999994,60.958712152522));
#7498 = ( GEOMETRIC_REPRESENTATION_CONTEXT(2) 
PARAMETRIC_REPRESENTATION_CONTEXT() REPRESENTATION_CONTEXT('2D SPACE',''
  ) );
#7499 = ORIENTED_EDGE('',*,*,#7500,.T.);
#7500 = EDGE_CURVE('',#7480,#3960,#7501,.T.);
#7501 = SURFACE_CURVE('',#7502,(#7517,#7535),.PCURVE_S1.);
#7502 = B_SPLINE_CURVE_WITH_KNOTS('',5,(#7503,#7504,#7505,#7506,#7507,
    #7508,#7509,#7510,#7511,#7512,#7513,#7514,#7515,#7516),
  .UNSPECIFIED.,.F.,.F.,(6,4,4,6),(0.,0.37563543835,0.759729898441,1.),
  .UNSPECIFIED.);
#7503 = CARTESIAN_POINT('',(7.129866680506,84.70871210015,-11.7999994));
#7504 = CARTESIAN_POINT('',(7.138233111612,84.722174883046,
    -11.95423542045));
#7505 = CARTESIAN_POINT('',(7.154727624554,84.748637119013,
    -12.10758069183));
#7506 = CARTESIAN_POINT('',(7.179503691381,84.788041836811,
    -12.25847892192));
#7507 = CARTESIAN_POINT('',(7.212913345582,84.840042721746,
    -12.40544370464));
#7508 = CARTESIAN_POINT('',(7.299017620256,84.969478010165,
    -12.69189541979));
#7509 = CARTESIAN_POINT('',(7.352178460697,85.047531861394,
    -12.83130277596));
#7510 = CARTESIAN_POINT('',(7.415310295476,85.137222295147,
    -12.96290890781));
#7511 = CARTESIAN_POINT('',(7.488577497711,85.236787353342,
    -13.0849326421));
#7512 = CARTESIAN_POINT('',(7.623871317283,85.411366303814,
    -13.26601694944));
#7513 = CARTESIAN_POINT('',(7.679773628149,85.481535410304,
    -13.33146406795));
#7514 = CARTESIAN_POINT('',(7.739399118303,85.554107056167,
    -13.3923628991));
#7515 = CARTESIAN_POINT('',(7.802545159011,85.628432015283,
    -13.44854989756));
#7516 = CARTESIAN_POINT('',(7.868895043431,85.703852739848,-13.5000006)
  );
#7517 = PCURVE('',#4007,#7518);
#7518 = DEFINITIONAL_REPRESENTATION('',(#7519),#7534);
#7519 = B_SPLINE_CURVE_WITH_KNOTS('',5,(#7520,#7521,#7522,#7523,#7524,
    #7525,#7526,#7527,#7528,#7529,#7530,#7531,#7532,#7533),
  .UNSPECIFIED.,.F.,.F.,(6,4,4,6),(0.,0.37563543835,0.759729898441,1.),
  .UNSPECIFIED.);
#7520 = CARTESIAN_POINT('',(1.657862547281,2.629866680506));
#7521 = CARTESIAN_POINT('',(1.725176663705,2.638233111612));
#7522 = CARTESIAN_POINT('',(1.792596395867,2.654727624554));
#7523 = CARTESIAN_POINT('',(1.86008125803,2.679503691381));
#7524 = CARTESIAN_POINT('',(1.92762028781,2.712913345582));
#7525 = CARTESIAN_POINT('',(2.06428877651,2.799017620256));
#7526 = CARTESIAN_POINT('',(2.133497031997,2.852178460697));
#7527 = CARTESIAN_POINT('',(2.202388291373,2.915310295476));
#7528 = CARTESIAN_POINT('',(2.27062844644,2.988577497711));
#7529 = CARTESIAN_POINT('',(2.379991040577,3.123871317283));
#7530 = CARTESIAN_POINT('',(2.421651016386,3.179773628149));
#7531 = CARTESIAN_POINT('',(2.462767889673,3.239399118303));
#7532 = CARTESIAN_POINT('',(2.503229958008,3.302545159011));
#7533 = CARTESIAN_POINT('',(2.542925063664,3.368895043431));
#7534 = ( GEOMETRIC_REPRESENTATION_CONTEXT(2) 
PARAMETRIC_REPRESENTATION_CONTEXT() REPRESENTATION_CONTEXT('2D SPACE',''
  ) );
#7535 = PCURVE('',#3980,#7536);
#7536 = DEFINITIONAL_REPRESENTATION('',(#7537),#7552);
#7537 = B_SPLINE_CURVE_WITH_KNOTS('',5,(#7538,#7539,#7540,#7541,#7542,
    #7543,#7544,#7545,#7546,#7547,#7548,#7549,#7550,#7551),
  .UNSPECIFIED.,.F.,.F.,(6,4,4,6),(0.,0.37563543835,0.759729898441,1.),
  .UNSPECIFIED.);
#7538 = CARTESIAN_POINT('',(-2.585551042373,-1.9000006));
#7539 = CARTESIAN_POINT('',(-2.583437619903,-1.745764579548));
#7540 = CARTESIAN_POINT('',(-2.579280049275,-1.592419308164));
#7541 = CARTESIAN_POINT('',(-2.573073771875,-1.441521078073));
#7542 = CARTESIAN_POINT('',(-2.564833648668,-1.294556295359));
#7543 = CARTESIAN_POINT('',(-2.544105808021,-1.008104580207));
#7544 = CARTESIAN_POINT('',(-2.531514819813,-0.868697224035));
#7545 = CARTESIAN_POINT('',(-2.516893475653,-0.737091092182));
#7546 = CARTESIAN_POINT('',(-2.500416296443,-0.615067357893));
#7547 = CARTESIAN_POINT('',(-2.470967364355,-0.433983050557));
#7548 = CARTESIAN_POINT('',(-2.459006441299,-0.368535932048));
#7549 = CARTESIAN_POINT('',(-2.446485233186,-0.307637100898));
#7550 = CARTESIAN_POINT('',(-2.433483501892,-0.251450102438));
#7551 = CARTESIAN_POINT('',(-2.420089909489,-0.1999994));
#7552 = ( GEOMETRIC_REPRESENTATION_CONTEXT(2) 
PARAMETRIC_REPRESENTATION_CONTEXT() REPRESENTATION_CONTEXT('2D SPACE',''
  ) );
#7553 = ORIENTED_EDGE('',*,*,#3992,.F.);
#7554 = ORIENTED_EDGE('',*,*,#7555,.T.);
#7555 = EDGE_CURVE('',#3993,#4019,#7556,.T.);
#7556 = SURFACE_CURVE('',#7557,(#7562,#7569),.PCURVE_S1.);
#7557 = CIRCLE('',#7558,2.3);
#7558 = AXIS2_PLACEMENT_3D('',#7559,#7560,#7561);
#7559 = CARTESIAN_POINT('',(4.5,87.,-11.6));
#7560 = DIRECTION('',(1.,0.,0.));
#7561 = DIRECTION('',(-0.,0.,1.));
#7562 = PCURVE('',#4007,#7563);
#7563 = DEFINITIONAL_REPRESENTATION('',(#7564),#7568);
#7564 = LINE('',#7565,#7566);
#7565 = CARTESIAN_POINT('',(0.,0.));
#7566 = VECTOR('',#7567,1.);
#7567 = DIRECTION('',(1.,0.));
#7568 = ( GEOMETRIC_REPRESENTATION_CONTEXT(2) 
PARAMETRIC_REPRESENTATION_CONTEXT() REPRESENTATION_CONTEXT('2D SPACE',''
  ) );
#7569 = PCURVE('',#4033,#7570);
#7570 = DEFINITIONAL_REPRESENTATION('',(#7571),#7575);
#7571 = CIRCLE('',#7572,2.3);
#7572 = AXIS2_PLACEMENT_2D('',#7573,#7574);
#7573 = CARTESIAN_POINT('',(0.,0.));
#7574 = DIRECTION('',(1.,0.));
#7575 = ( GEOMETRIC_REPRESENTATION_CONTEXT(2) 
PARAMETRIC_REPRESENTATION_CONTEXT() REPRESENTATION_CONTEXT('2D SPACE',''
  ) );
#7576 = ORIENTED_EDGE('',*,*,#4044,.T.);
#7577 = ADVANCED_FACE('',(#7578),#4033,.F.);
#7578 = FACE_BOUND('',#7579,.F.);
#7579 = EDGE_LOOP('',(#7580,#7581));
#7580 = ORIENTED_EDGE('',*,*,#4018,.F.);
#7581 = ORIENTED_EDGE('',*,*,#7555,.T.);
#7582 = ADVANCED_FACE('',(#7583),#3980,.F.);
#7583 = FACE_BOUND('',#7584,.T.);
#7584 = EDGE_LOOP('',(#7585,#7608,#7609,#7610));
#7585 = ORIENTED_EDGE('',*,*,#7586,.F.);
#7586 = EDGE_CURVE('',#3934,#7587,#7589,.T.);
#7587 = VERTEX_POINT('',#7588);
#7588 = CARTESIAN_POINT('',(6.,80.75,-11.8));
#7589 = SURFACE_CURVE('',#7590,(#7594,#7601),.PCURVE_S1.);
#7590 = LINE('',#7591,#7592);
#7591 = CARTESIAN_POINT('',(6.,80.75,-13.7));
#7592 = VECTOR('',#7593,1.);
#7593 = DIRECTION('',(0.,0.,1.));
#7594 = PCURVE('',#3980,#7595);
#7595 = DEFINITIONAL_REPRESENTATION('',(#7596),#7600);
#7596 = LINE('',#7597,#7598);
#7597 = CARTESIAN_POINT('',(-3.14159265359,0.));
#7598 = VECTOR('',#7599,1.);
#7599 = DIRECTION('',(-0.,-1.));
#7600 = ( GEOMETRIC_REPRESENTATION_CONTEXT(2) 
PARAMETRIC_REPRESENTATION_CONTEXT() REPRESENTATION_CONTEXT('2D SPACE',''
  ) );
#7601 = PCURVE('',#3948,#7602);
#7602 = DEFINITIONAL_REPRESENTATION('',(#7603),#7607);
#7603 = LINE('',#7604,#7605);
#7604 = CARTESIAN_POINT('',(0.,-49.5));
#7605 = VECTOR('',#7606,1.);
#7606 = DIRECTION('',(1.,0.));
#7607 = ( GEOMETRIC_REPRESENTATION_CONTEXT(2) 
PARAMETRIC_REPRESENTATION_CONTEXT() REPRESENTATION_CONTEXT('2D SPACE',''
  ) );
#7608 = ORIENTED_EDGE('',*,*,#3959,.T.);
#7609 = ORIENTED_EDGE('',*,*,#7500,.F.);
#7610 = ORIENTED_EDGE('',*,*,#7611,.T.);
#7611 = EDGE_CURVE('',#7480,#7587,#7612,.T.);
#7612 = SURFACE_CURVE('',#7613,(#7618,#7625),.PCURVE_S1.);
#7613 = CIRCLE('',#7614,7.5);
#7614 = AXIS2_PLACEMENT_3D('',#7615,#7616,#7617);
#7615 = CARTESIAN_POINT('',(13.5,80.75,-11.8));
#7616 = DIRECTION('',(0.,0.,1.));
#7617 = DIRECTION('',(1.,0.,0.));
#7618 = PCURVE('',#3980,#7619);
#7619 = DEFINITIONAL_REPRESENTATION('',(#7620),#7624);
#7620 = LINE('',#7621,#7622);
#7621 = CARTESIAN_POINT('',(-0.,-1.9));
#7622 = VECTOR('',#7623,1.);
#7623 = DIRECTION('',(-1.,0.));
#7624 = ( GEOMETRIC_REPRESENTATION_CONTEXT(2) 
PARAMETRIC_REPRESENTATION_CONTEXT() REPRESENTATION_CONTEXT('2D SPACE',''
  ) );
#7625 = PCURVE('',#7309,#7626);
#7626 = DEFINITIONAL_REPRESENTATION('',(#7627),#7631);
#7627 = CIRCLE('',#7628,7.5);
#7628 = AXIS2_PLACEMENT_2D('',#7629,#7630);
#7629 = CARTESIAN_POINT('',(0.,57.));
#7630 = DIRECTION('',(1.,0.));
#7631 = ( GEOMETRIC_REPRESENTATION_CONTEXT(2) 
PARAMETRIC_REPRESENTATION_CONTEXT() REPRESENTATION_CONTEXT('2D SPACE',''
  ) );
#7632 = ADVANCED_FACE('',(#7633),#3948,.T.);
#7633 = FACE_BOUND('',#7634,.T.);
#7634 = EDGE_LOOP('',(#7635,#7658,#7659,#7660));
#7635 = ORIENTED_EDGE('',*,*,#7636,.F.);
#7636 = EDGE_CURVE('',#3901,#7637,#7639,.T.);
#7637 = VERTEX_POINT('',#7638);
#7638 = CARTESIAN_POINT('',(6.,31.25,-11.8));
#7639 = SURFACE_CURVE('',#7640,(#7644,#7651),.PCURVE_S1.);
#7640 = LINE('',#7641,#7642);
#7641 = CARTESIAN_POINT('',(6.,31.25,-13.7));
#7642 = VECTOR('',#7643,1.);
#7643 = DIRECTION('',(0.,0.,1.));
#7644 = PCURVE('',#3948,#7645);
#7645 = DEFINITIONAL_REPRESENTATION('',(#7646),#7650);
#7646 = LINE('',#7647,#7648);
#7647 = CARTESIAN_POINT('',(0.,0.));
#7648 = VECTOR('',#7649,1.);
#7649 = DIRECTION('',(1.,0.));
#7650 = ( GEOMETRIC_REPRESENTATION_CONTEXT(2) 
PARAMETRIC_REPRESENTATION_CONTEXT() REPRESENTATION_CONTEXT('2D SPACE',''
  ) );
#7651 = PCURVE('',#3921,#7652);
#7652 = DEFINITIONAL_REPRESENTATION('',(#7653),#7657);
#7653 = LINE('',#7654,#7655);
#7654 = CARTESIAN_POINT('',(-3.14159265359,0.));
#7655 = VECTOR('',#7656,1.);
#7656 = DIRECTION('',(-0.,-1.));
#7657 = ( GEOMETRIC_REPRESENTATION_CONTEXT(2) 
PARAMETRIC_REPRESENTATION_CONTEXT() REPRESENTATION_CONTEXT('2D SPACE',''
  ) );
#7658 = ORIENTED_EDGE('',*,*,#3933,.T.);
#7659 = ORIENTED_EDGE('',*,*,#7586,.T.);
#7660 = ORIENTED_EDGE('',*,*,#7661,.F.);
#7661 = EDGE_CURVE('',#7637,#7587,#7662,.T.);
#7662 = SURFACE_CURVE('',#7663,(#7667,#7674),.PCURVE_S1.);
#7663 = LINE('',#7664,#7665);
#7664 = CARTESIAN_POINT('',(6.,31.25,-11.8));
#7665 = VECTOR('',#7666,1.);
#7666 = DIRECTION('',(0.,1.,0.));
#7667 = PCURVE('',#3948,#7668);
#7668 = DEFINITIONAL_REPRESENTATION('',(#7669),#7673);
#7669 = LINE('',#7670,#7671);
#7670 = CARTESIAN_POINT('',(1.9,0.));
#7671 = VECTOR('',#7672,1.);
#7672 = DIRECTION('',(0.,-1.));
#7673 = ( GEOMETRIC_REPRESENTATION_CONTEXT(2) 
PARAMETRIC_REPRESENTATION_CONTEXT() REPRESENTATION_CONTEXT('2D SPACE',''
  ) );
#7674 = PCURVE('',#7309,#7675);
#7675 = DEFINITIONAL_REPRESENTATION('',(#7676),#7680);
#7676 = LINE('',#7677,#7678);
#7677 = CARTESIAN_POINT('',(-7.5,7.5));
#7678 = VECTOR('',#7679,1.);
#7679 = DIRECTION('',(0.,1.));
#7680 = ( GEOMETRIC_REPRESENTATION_CONTEXT(2) 
PARAMETRIC_REPRESENTATION_CONTEXT() REPRESENTATION_CONTEXT('2D SPACE',''
  ) );
#7681 = ADVANCED_FACE('',(#7682),#3921,.F.);
#7682 = FACE_BOUND('',#7683,.T.);
#7683 = EDGE_LOOP('',(#7684,#7685,#7686,#7710));
#7684 = ORIENTED_EDGE('',*,*,#3900,.T.);
#7685 = ORIENTED_EDGE('',*,*,#7636,.T.);
#7686 = ORIENTED_EDGE('',*,*,#7687,.T.);
#7687 = EDGE_CURVE('',#7637,#7688,#7690,.T.);
#7688 = VERTEX_POINT('',#7689);
#7689 = CARTESIAN_POINT('',(13.5,23.75,-11.8));
#7690 = SURFACE_CURVE('',#7691,(#7696,#7703),.PCURVE_S1.);
#7691 = CIRCLE('',#7692,7.5);
#7692 = AXIS2_PLACEMENT_3D('',#7693,#7694,#7695);
#7693 = CARTESIAN_POINT('',(13.5,31.25,-11.8));
#7694 = DIRECTION('',(0.,0.,1.));
#7695 = DIRECTION('',(1.,0.,0.));
#7696 = PCURVE('',#3921,#7697);
#7697 = DEFINITIONAL_REPRESENTATION('',(#7698),#7702);
#7698 = LINE('',#7699,#7700);
#7699 = CARTESIAN_POINT('',(-0.,-1.9));
#7700 = VECTOR('',#7701,1.);
#7701 = DIRECTION('',(-1.,0.));
#7702 = ( GEOMETRIC_REPRESENTATION_CONTEXT(2) 
PARAMETRIC_REPRESENTATION_CONTEXT() REPRESENTATION_CONTEXT('2D SPACE',''
  ) );
#7703 = PCURVE('',#7309,#7704);
#7704 = DEFINITIONAL_REPRESENTATION('',(#7705),#7709);
#7705 = CIRCLE('',#7706,7.5);
#7706 = AXIS2_PLACEMENT_2D('',#7707,#7708);
#7707 = CARTESIAN_POINT('',(0.,7.5));
#7708 = DIRECTION('',(1.,0.));
#7709 = ( GEOMETRIC_REPRESENTATION_CONTEXT(2) 
PARAMETRIC_REPRESENTATION_CONTEXT() REPRESENTATION_CONTEXT('2D SPACE',''
  ) );
#7710 = ORIENTED_EDGE('',*,*,#7711,.F.);
#7711 = EDGE_CURVE('',#3875,#7688,#7712,.T.);
#7712 = SURFACE_CURVE('',#7713,(#7717,#7724),.PCURVE_S1.);
#7713 = LINE('',#7714,#7715);
#7714 = CARTESIAN_POINT('',(13.5,23.75,-13.7));
#7715 = VECTOR('',#7716,1.);
#7716 = DIRECTION('',(0.,0.,1.));
#7717 = PCURVE('',#3921,#7718);
#7718 = DEFINITIONAL_REPRESENTATION('',(#7719),#7723);
#7719 = LINE('',#7720,#7721);
#7720 = CARTESIAN_POINT('',(-4.712388980385,0.));
#7721 = VECTOR('',#7722,1.);
#7722 = DIRECTION('',(-0.,-1.));
#7723 = ( GEOMETRIC_REPRESENTATION_CONTEXT(2) 
PARAMETRIC_REPRESENTATION_CONTEXT() REPRESENTATION_CONTEXT('2D SPACE',''
  ) );
#7724 = PCURVE('',#3889,#7725);
#7725 = DEFINITIONAL_REPRESENTATION('',(#7726),#7730);
#7726 = LINE('',#7727,#7728);
#7727 = CARTESIAN_POINT('',(0.,0.));
#7728 = VECTOR('',#7729,1.);
#7729 = DIRECTION('',(1.,0.));
#7730 = ( GEOMETRIC_REPRESENTATION_CONTEXT(2) 
PARAMETRIC_REPRESENTATION_CONTEXT() REPRESENTATION_CONTEXT('2D SPACE',''
  ) );
#7731 = ADVANCED_FACE('',(#7732),#3889,.T.);
#7732 = FACE_BOUND('',#7733,.T.);
#7733 = EDGE_LOOP('',(#7734,#7755,#7756,#7757));
#7734 = ORIENTED_EDGE('',*,*,#7735,.T.);
#7735 = EDGE_CURVE('',#7736,#3842,#7738,.T.);
#7736 = VERTEX_POINT('',#7737);
#7737 = CARTESIAN_POINT('',(25.,23.75,-11.8));
#7738 = SURFACE_CURVE('',#7739,(#7743,#7749),.PCURVE_S1.);
#7739 = LINE('',#7740,#7741);
#7740 = CARTESIAN_POINT('',(25.,23.75,-13.7));
#7741 = VECTOR('',#7742,1.);
#7742 = DIRECTION('',(-0.,-0.,-1.));
#7743 = PCURVE('',#3889,#7744);
#7744 = DEFINITIONAL_REPRESENTATION('',(#7745),#7748);
#7745 = B_SPLINE_CURVE_WITH_KNOTS('',1,(#7746,#7747),.UNSPECIFIED.,.F.,
  .F.,(2,2),(-1.9000006,-3.E-02),.PIECEWISE_BEZIER_KNOTS.);
#7746 = CARTESIAN_POINT('',(1.9000006,11.5));
#7747 = CARTESIAN_POINT('',(3.E-02,11.5));
#7748 = ( GEOMETRIC_REPRESENTATION_CONTEXT(2) 
PARAMETRIC_REPRESENTATION_CONTEXT() REPRESENTATION_CONTEXT('2D SPACE',''
  ) );
#7749 = PCURVE('',#3862,#7750);
#7750 = DEFINITIONAL_REPRESENTATION('',(#7751),#7754);
#7751 = B_SPLINE_CURVE_WITH_KNOTS('',1,(#7752,#7753),.UNSPECIFIED.,.F.,
  .F.,(2,2),(-1.9000006,-3.E-02),.PIECEWISE_BEZIER_KNOTS.);
#7752 = CARTESIAN_POINT('',(-3.14159265359,-1.9000006));
#7753 = CARTESIAN_POINT('',(-3.14159265359,-3.E-02));
#7754 = ( GEOMETRIC_REPRESENTATION_CONTEXT(2) 
PARAMETRIC_REPRESENTATION_CONTEXT() REPRESENTATION_CONTEXT('2D SPACE',''
  ) );
#7755 = ORIENTED_EDGE('',*,*,#3874,.T.);
#7756 = ORIENTED_EDGE('',*,*,#7711,.T.);
#7757 = ORIENTED_EDGE('',*,*,#7758,.T.);
#7758 = EDGE_CURVE('',#7688,#7736,#7759,.T.);
#7759 = SURFACE_CURVE('',#7760,(#7764,#7771),.PCURVE_S1.);
#7760 = LINE('',#7761,#7762);
#7761 = CARTESIAN_POINT('',(13.5,23.75,-11.8));
#7762 = VECTOR('',#7763,1.);
#7763 = DIRECTION('',(1.,0.,0.));
#7764 = PCURVE('',#3889,#7765);
#7765 = DEFINITIONAL_REPRESENTATION('',(#7766),#7770);
#7766 = LINE('',#7767,#7768);
#7767 = CARTESIAN_POINT('',(1.9,0.));
#7768 = VECTOR('',#7769,1.);
#7769 = DIRECTION('',(0.,1.));
#7770 = ( GEOMETRIC_REPRESENTATION_CONTEXT(2) 
PARAMETRIC_REPRESENTATION_CONTEXT() REPRESENTATION_CONTEXT('2D SPACE',''
  ) );
#7771 = PCURVE('',#7309,#7772);
#7772 = DEFINITIONAL_REPRESENTATION('',(#7773),#7777);
#7773 = LINE('',#7774,#7775);
#7774 = CARTESIAN_POINT('',(0.,0.));
#7775 = VECTOR('',#7776,1.);
#7776 = DIRECTION('',(1.,0.));
#7777 = ( GEOMETRIC_REPRESENTATION_CONTEXT(2) 
PARAMETRIC_REPRESENTATION_CONTEXT() REPRESENTATION_CONTEXT('2D SPACE',''
  ) );
#7778 = ADVANCED_FACE('',(#7779),#3862,.F.);
#7779 = FACE_BOUND('',#7780,.T.);
#7780 = EDGE_LOOP('',(#7781,#7804,#7805,#7806));
#7781 = ORIENTED_EDGE('',*,*,#7782,.F.);
#7782 = EDGE_CURVE('',#3816,#7783,#7785,.T.);
#7783 = VERTEX_POINT('',#7784);
#7784 = CARTESIAN_POINT('',(35.,23.75,-11.8));
#7785 = SURFACE_CURVE('',#7786,(#7790,#7797),.PCURVE_S1.);
#7786 = LINE('',#7787,#7788);
#7787 = CARTESIAN_POINT('',(35.,23.75,-13.7));
#7788 = VECTOR('',#7789,1.);
#7789 = DIRECTION('',(0.,0.,1.));
#7790 = PCURVE('',#3862,#7791);
#7791 = DEFINITIONAL_REPRESENTATION('',(#7792),#7796);
#7792 = LINE('',#7793,#7794);
#7793 = CARTESIAN_POINT('',(-6.28318530718,0.));
#7794 = VECTOR('',#7795,1.);
#7795 = DIRECTION('',(-0.,-1.));
#7796 = ( GEOMETRIC_REPRESENTATION_CONTEXT(2) 
PARAMETRIC_REPRESENTATION_CONTEXT() REPRESENTATION_CONTEXT('2D SPACE',''
  ) );
#7797 = PCURVE('',#3830,#7798);
#7798 = DEFINITIONAL_REPRESENTATION('',(#7799),#7803);
#7799 = LINE('',#7800,#7801);
#7800 = CARTESIAN_POINT('',(0.,21.5));
#7801 = VECTOR('',#7802,1.);
#7802 = DIRECTION('',(1.,0.));
#7803 = ( GEOMETRIC_REPRESENTATION_CONTEXT(2) 
PARAMETRIC_REPRESENTATION_CONTEXT() REPRESENTATION_CONTEXT('2D SPACE',''
  ) );
#7804 = ORIENTED_EDGE('',*,*,#3841,.T.);
#7805 = ORIENTED_EDGE('',*,*,#7735,.F.);
#7806 = ORIENTED_EDGE('',*,*,#7807,.T.);
#7807 = EDGE_CURVE('',#7736,#7783,#7808,.T.);
#7808 = SURFACE_CURVE('',#7809,(#7814,#7821),.PCURVE_S1.);
#7809 = CIRCLE('',#7810,5.);
#7810 = AXIS2_PLACEMENT_3D('',#7811,#7812,#7813);
#7811 = CARTESIAN_POINT('',(30.,23.75,-11.8));
#7812 = DIRECTION('',(0.,0.,1.));
#7813 = DIRECTION('',(1.,0.,0.));
#7814 = PCURVE('',#3862,#7815);
#7815 = DEFINITIONAL_REPRESENTATION('',(#7816),#7820);
#7816 = LINE('',#7817,#7818);
#7817 = CARTESIAN_POINT('',(-0.,-1.9));
#7818 = VECTOR('',#7819,1.);
#7819 = DIRECTION('',(-1.,0.));
#7820 = ( GEOMETRIC_REPRESENTATION_CONTEXT(2) 
PARAMETRIC_REPRESENTATION_CONTEXT() REPRESENTATION_CONTEXT('2D SPACE',''
  ) );
#7821 = PCURVE('',#7309,#7822);
#7822 = DEFINITIONAL_REPRESENTATION('',(#7823),#7827);
#7823 = CIRCLE('',#7824,5.);
#7824 = AXIS2_PLACEMENT_2D('',#7825,#7826);
#7825 = CARTESIAN_POINT('',(16.5,0.));
#7826 = DIRECTION('',(1.,0.));
#7827 = ( GEOMETRIC_REPRESENTATION_CONTEXT(2) 
PARAMETRIC_REPRESENTATION_CONTEXT() REPRESENTATION_CONTEXT('2D SPACE',''
  ) );
#7828 = ADVANCED_FACE('',(#7829),#3830,.T.);
#7829 = FACE_BOUND('',#7830,.T.);
#7830 = EDGE_LOOP('',(#7831,#7854,#7855,#7856));
#7831 = ORIENTED_EDGE('',*,*,#7832,.F.);
#7832 = EDGE_CURVE('',#3783,#7833,#7835,.T.);
#7833 = VERTEX_POINT('',#7834);
#7834 = CARTESIAN_POINT('',(46.5,23.75,-11.8));
#7835 = SURFACE_CURVE('',#7836,(#7840,#7847),.PCURVE_S1.);
#7836 = LINE('',#7837,#7838);
#7837 = CARTESIAN_POINT('',(46.5,23.75,-13.7));
#7838 = VECTOR('',#7839,1.);
#7839 = DIRECTION('',(0.,0.,1.));
#7840 = PCURVE('',#3830,#7841);
#7841 = DEFINITIONAL_REPRESENTATION('',(#7842),#7846);
#7842 = LINE('',#7843,#7844);
#7843 = CARTESIAN_POINT('',(0.,33.));
#7844 = VECTOR('',#7845,1.);
#7845 = DIRECTION('',(1.,0.));
#7846 = ( GEOMETRIC_REPRESENTATION_CONTEXT(2) 
PARAMETRIC_REPRESENTATION_CONTEXT() REPRESENTATION_CONTEXT('2D SPACE',''
  ) );
#7847 = PCURVE('',#3803,#7848);
#7848 = DEFINITIONAL_REPRESENTATION('',(#7849),#7853);
#7849 = LINE('',#7850,#7851);
#7850 = CARTESIAN_POINT('',(-4.712388980385,0.));
#7851 = VECTOR('',#7852,1.);
#7852 = DIRECTION('',(-0.,-1.));
#7853 = ( GEOMETRIC_REPRESENTATION_CONTEXT(2) 
PARAMETRIC_REPRESENTATION_CONTEXT() REPRESENTATION_CONTEXT('2D SPACE',''
  ) );
#7854 = ORIENTED_EDGE('',*,*,#3815,.T.);
#7855 = ORIENTED_EDGE('',*,*,#7782,.T.);
#7856 = ORIENTED_EDGE('',*,*,#7857,.T.);
#7857 = EDGE_CURVE('',#7783,#7833,#7858,.T.);
#7858 = SURFACE_CURVE('',#7859,(#7863,#7870),.PCURVE_S1.);
#7859 = LINE('',#7860,#7861);
#7860 = CARTESIAN_POINT('',(13.5,23.75,-11.8));
#7861 = VECTOR('',#7862,1.);
#7862 = DIRECTION('',(1.,0.,0.));
#7863 = PCURVE('',#3830,#7864);
#7864 = DEFINITIONAL_REPRESENTATION('',(#7865),#7869);
#7865 = LINE('',#7866,#7867);
#7866 = CARTESIAN_POINT('',(1.9,0.));
#7867 = VECTOR('',#7868,1.);
#7868 = DIRECTION('',(0.,1.));
#7869 = ( GEOMETRIC_REPRESENTATION_CONTEXT(2) 
PARAMETRIC_REPRESENTATION_CONTEXT() REPRESENTATION_CONTEXT('2D SPACE',''
  ) );
#7870 = PCURVE('',#7309,#7871);
#7871 = DEFINITIONAL_REPRESENTATION('',(#7872),#7876);
#7872 = LINE('',#7873,#7874);
#7873 = CARTESIAN_POINT('',(0.,0.));
#7874 = VECTOR('',#7875,1.);
#7875 = DIRECTION('',(1.,0.));
#7876 = ( GEOMETRIC_REPRESENTATION_CONTEXT(2) 
PARAMETRIC_REPRESENTATION_CONTEXT() REPRESENTATION_CONTEXT('2D SPACE',''
  ) );
#7877 = ADVANCED_FACE('',(#7878),#3803,.F.);
#7878 = FACE_BOUND('',#7879,.T.);
#7879 = EDGE_LOOP('',(#7880,#7904,#7924,#7925));
#7880 = ORIENTED_EDGE('',*,*,#7881,.T.);
#7881 = EDGE_CURVE('',#7833,#7882,#7884,.T.);
#7882 = VERTEX_POINT('',#7883);
#7883 = CARTESIAN_POINT('',(54.,31.25,-11.8));
#7884 = SURFACE_CURVE('',#7885,(#7890,#7897),.PCURVE_S1.);
#7885 = CIRCLE('',#7886,7.5);
#7886 = AXIS2_PLACEMENT_3D('',#7887,#7888,#7889);
#7887 = CARTESIAN_POINT('',(46.5,31.25,-11.8));
#7888 = DIRECTION('',(0.,0.,1.));
#7889 = DIRECTION('',(1.,0.,0.));
#7890 = PCURVE('',#3803,#7891);
#7891 = DEFINITIONAL_REPRESENTATION('',(#7892),#7896);
#7892 = LINE('',#7893,#7894);
#7893 = CARTESIAN_POINT('',(-0.,-1.9));
#7894 = VECTOR('',#7895,1.);
#7895 = DIRECTION('',(-1.,0.));
#7896 = ( GEOMETRIC_REPRESENTATION_CONTEXT(2) 
PARAMETRIC_REPRESENTATION_CONTEXT() REPRESENTATION_CONTEXT('2D SPACE',''
  ) );
#7897 = PCURVE('',#7309,#7898);
#7898 = DEFINITIONAL_REPRESENTATION('',(#7899),#7903);
#7899 = CIRCLE('',#7900,7.5);
#7900 = AXIS2_PLACEMENT_2D('',#7901,#7902);
#7901 = CARTESIAN_POINT('',(33.,7.5));
#7902 = DIRECTION('',(1.,0.));
#7903 = ( GEOMETRIC_REPRESENTATION_CONTEXT(2) 
PARAMETRIC_REPRESENTATION_CONTEXT() REPRESENTATION_CONTEXT('2D SPACE',''
  ) );
#7904 = ORIENTED_EDGE('',*,*,#7905,.F.);
#7905 = EDGE_CURVE('',#3757,#7882,#7906,.T.);
#7906 = SURFACE_CURVE('',#7907,(#7911,#7917),.PCURVE_S1.);
#7907 = LINE('',#7908,#7909);
#7908 = CARTESIAN_POINT('',(54.,31.25,-13.7));
#7909 = VECTOR('',#7910,1.);
#7910 = DIRECTION('',(0.,0.,1.));
#7911 = PCURVE('',#3803,#7912);
#7912 = DEFINITIONAL_REPRESENTATION('',(#7913),#7916);
#7913 = B_SPLINE_CURVE_WITH_KNOTS('',1,(#7914,#7915),.UNSPECIFIED.,.F.,
  .F.,(2,2),(0.,1.9),.PIECEWISE_BEZIER_KNOTS.);
#7914 = CARTESIAN_POINT('',(-6.28318530718,0.));
#7915 = CARTESIAN_POINT('',(-6.28318530718,-1.9));
#7916 = ( GEOMETRIC_REPRESENTATION_CONTEXT(2) 
PARAMETRIC_REPRESENTATION_CONTEXT() REPRESENTATION_CONTEXT('2D SPACE',''
  ) );
#7917 = PCURVE('',#3771,#7918);
#7918 = DEFINITIONAL_REPRESENTATION('',(#7919),#7923);
#7919 = LINE('',#7920,#7921);
#7920 = CARTESIAN_POINT('',(0.,0.));
#7921 = VECTOR('',#7922,1.);
#7922 = DIRECTION('',(1.,0.));
#7923 = ( GEOMETRIC_REPRESENTATION_CONTEXT(2) 
PARAMETRIC_REPRESENTATION_CONTEXT() REPRESENTATION_CONTEXT('2D SPACE',''
  ) );
#7924 = ORIENTED_EDGE('',*,*,#3782,.T.);
#7925 = ORIENTED_EDGE('',*,*,#7832,.T.);
#7926 = ADVANCED_FACE('',(#7927),#3771,.F.);
#7927 = FACE_BOUND('',#7928,.F.);
#7928 = EDGE_LOOP('',(#7929,#7930,#7931,#7953));
#7929 = ORIENTED_EDGE('',*,*,#7905,.F.);
#7930 = ORIENTED_EDGE('',*,*,#3756,.T.);
#7931 = ORIENTED_EDGE('',*,*,#7932,.T.);
#7932 = EDGE_CURVE('',#3724,#7933,#7935,.T.);
#7933 = VERTEX_POINT('',#7934);
#7934 = CARTESIAN_POINT('',(54.,80.75,-11.8));
#7935 = SURFACE_CURVE('',#7936,(#7940,#7947),.PCURVE_S1.);
#7936 = LINE('',#7937,#7938);
#7937 = CARTESIAN_POINT('',(54.,80.75,-13.7));
#7938 = VECTOR('',#7939,1.);
#7939 = DIRECTION('',(0.,0.,1.));
#7940 = PCURVE('',#3771,#7941);
#7941 = DEFINITIONAL_REPRESENTATION('',(#7942),#7946);
#7942 = LINE('',#7943,#7944);
#7943 = CARTESIAN_POINT('',(0.,-49.5));
#7944 = VECTOR('',#7945,1.);
#7945 = DIRECTION('',(1.,0.));
#7946 = ( GEOMETRIC_REPRESENTATION_CONTEXT(2) 
PARAMETRIC_REPRESENTATION_CONTEXT() REPRESENTATION_CONTEXT('2D SPACE',''
  ) );
#7947 = PCURVE('',#3744,#7948);
#7948 = DEFINITIONAL_REPRESENTATION('',(#7949),#7952);
#7949 = B_SPLINE_CURVE_WITH_KNOTS('',1,(#7950,#7951),.UNSPECIFIED.,.F.,
  .F.,(2,2),(0.,1.9),.PIECEWISE_BEZIER_KNOTS.);
#7950 = CARTESIAN_POINT('',(0.,0.));
#7951 = CARTESIAN_POINT('',(0.,-1.9));
#7952 = ( GEOMETRIC_REPRESENTATION_CONTEXT(2) 
PARAMETRIC_REPRESENTATION_CONTEXT() REPRESENTATION_CONTEXT('2D SPACE',''
  ) );
#7953 = ORIENTED_EDGE('',*,*,#7954,.F.);
#7954 = EDGE_CURVE('',#7882,#7933,#7955,.T.);
#7955 = SURFACE_CURVE('',#7956,(#7960,#7967),.PCURVE_S1.);
#7956 = LINE('',#7957,#7958);
#7957 = CARTESIAN_POINT('',(54.,31.25,-11.8));
#7958 = VECTOR('',#7959,1.);
#7959 = DIRECTION('',(0.,1.,0.));
#7960 = PCURVE('',#3771,#7961);
#7961 = DEFINITIONAL_REPRESENTATION('',(#7962),#7966);
#7962 = LINE('',#7963,#7964);
#7963 = CARTESIAN_POINT('',(1.9,0.));
#7964 = VECTOR('',#7965,1.);
#7965 = DIRECTION('',(0.,-1.));
#7966 = ( GEOMETRIC_REPRESENTATION_CONTEXT(2) 
PARAMETRIC_REPRESENTATION_CONTEXT() REPRESENTATION_CONTEXT('2D SPACE',''
  ) );
#7967 = PCURVE('',#7309,#7968);
#7968 = DEFINITIONAL_REPRESENTATION('',(#7969),#7973);
#7969 = LINE('',#7970,#7971);
#7970 = CARTESIAN_POINT('',(40.5,7.5));
#7971 = VECTOR('',#7972,1.);
#7972 = DIRECTION('',(0.,1.));
#7973 = ( GEOMETRIC_REPRESENTATION_CONTEXT(2) 
PARAMETRIC_REPRESENTATION_CONTEXT() REPRESENTATION_CONTEXT('2D SPACE',''
  ) );
#7974 = ADVANCED_FACE('',(#7975),#3744,.F.);
#7975 = FACE_BOUND('',#7976,.T.);
#7976 = EDGE_LOOP('',(#7977,#8001,#8055,#8056));
#7977 = ORIENTED_EDGE('',*,*,#7978,.T.);
#7978 = EDGE_CURVE('',#7933,#7979,#7981,.T.);
#7979 = VERTEX_POINT('',#7980);
#7980 = CARTESIAN_POINT('',(52.870133286947,84.708712152522,-11.8));
#7981 = SURFACE_CURVE('',#7982,(#7987,#7994),.PCURVE_S1.);
#7982 = CIRCLE('',#7983,7.5);
#7983 = AXIS2_PLACEMENT_3D('',#7984,#7985,#7986);
#7984 = CARTESIAN_POINT('',(46.5,80.75,-11.8));
#7985 = DIRECTION('',(0.,0.,1.));
#7986 = DIRECTION('',(1.,0.,0.));
#7987 = PCURVE('',#3744,#7988);
#7988 = DEFINITIONAL_REPRESENTATION('',(#7989),#7993);
#7989 = LINE('',#7990,#7991);
#7990 = CARTESIAN_POINT('',(-0.,-1.9));
#7991 = VECTOR('',#7992,1.);
#7992 = DIRECTION('',(-1.,0.));
#7993 = ( GEOMETRIC_REPRESENTATION_CONTEXT(2) 
PARAMETRIC_REPRESENTATION_CONTEXT() REPRESENTATION_CONTEXT('2D SPACE',''
  ) );
#7994 = PCURVE('',#7309,#7995);
#7995 = DEFINITIONAL_REPRESENTATION('',(#7996),#8000);
#7996 = CIRCLE('',#7997,7.5);
#7997 = AXIS2_PLACEMENT_2D('',#7998,#7999);
#7998 = CARTESIAN_POINT('',(33.,57.));
#7999 = DIRECTION('',(1.,0.));
#8000 = ( GEOMETRIC_REPRESENTATION_CONTEXT(2) 
PARAMETRIC_REPRESENTATION_CONTEXT() REPRESENTATION_CONTEXT('2D SPACE',''
  ) );
#8001 = ORIENTED_EDGE('',*,*,#8002,.T.);
#8002 = EDGE_CURVE('',#7979,#3703,#8003,.T.);
#8003 = SURFACE_CURVE('',#8004,(#8019,#8037),.PCURVE_S1.);
#8004 = B_SPLINE_CURVE_WITH_KNOTS('',5,(#8005,#8006,#8007,#8008,#8009,
    #8010,#8011,#8012,#8013,#8014,#8015,#8016,#8017,#8018),
  .UNSPECIFIED.,.F.,.F.,(6,4,4,6),(0.,0.37563543837,0.759729898448,1.),
  .UNSPECIFIED.);
#8005 = CARTESIAN_POINT('',(52.870133319494,84.70871210015,-11.7999994)
  );
#8006 = CARTESIAN_POINT('',(52.861766888389,84.722174883045,
    -11.95423542043));
#8007 = CARTESIAN_POINT('',(52.845272375447,84.748637119012,
    -12.10758069184));
#8008 = CARTESIAN_POINT('',(52.820496308615,84.788041836818,
    -12.25847892193));
#8009 = CARTESIAN_POINT('',(52.787086654422,84.840042721741,
    -12.40544370462));
#8010 = CARTESIAN_POINT('',(52.700982379744,84.969478010165,
    -12.69189541979));
#8011 = CARTESIAN_POINT('',(52.647821539303,85.047531861394,
    -12.83130277596));
#8012 = CARTESIAN_POINT('',(52.584689704524,85.137222295147,
    -12.96290890781));
#8013 = CARTESIAN_POINT('',(52.511422502289,85.236787353342,
    -13.0849326421));
#8014 = CARTESIAN_POINT('',(52.376128682717,85.411366303814,
    -13.26601694944));
#8015 = CARTESIAN_POINT('',(52.320226371851,85.481535410304,
    -13.33146406795));
#8016 = CARTESIAN_POINT('',(52.260600881696,85.554107056167,
    -13.3923628991));
#8017 = CARTESIAN_POINT('',(52.197454840989,85.628432015283,
    -13.44854989756));
#8018 = CARTESIAN_POINT('',(52.131104956569,85.703852739848,-13.5000006)
  );
#8019 = PCURVE('',#3744,#8020);
#8020 = DEFINITIONAL_REPRESENTATION('',(#8021),#8036);
#8021 = B_SPLINE_CURVE_WITH_KNOTS('',5,(#8022,#8023,#8024,#8025,#8026,
    #8027,#8028,#8029,#8030,#8031,#8032,#8033,#8034,#8035),
  .UNSPECIFIED.,.F.,.F.,(6,4,4,6),(0.,0.37563543837,0.759729898448,1.),
  .UNSPECIFIED.);
#8022 = CARTESIAN_POINT('',(-0.556041611216,-1.9000006));
#8023 = CARTESIAN_POINT('',(-0.558155033686,-1.745764579561));
#8024 = CARTESIAN_POINT('',(-0.562312604315,-1.592419308152));
#8025 = CARTESIAN_POINT('',(-0.568518881715,-1.441521078064));
#8026 = CARTESIAN_POINT('',(-0.576759004921,-1.294556295371));
#8027 = CARTESIAN_POINT('',(-0.597486845568,-1.008104580207));
#8028 = CARTESIAN_POINT('',(-0.610077833776,-0.868697224035));
#8029 = CARTESIAN_POINT('',(-0.624699177937,-0.737091092182));
#8030 = CARTESIAN_POINT('',(-0.641176357147,-0.615067357893));
#8031 = CARTESIAN_POINT('',(-0.670625289235,-0.433983050557));
#8032 = CARTESIAN_POINT('',(-0.682586212291,-0.368535932048));
#8033 = CARTESIAN_POINT('',(-0.695107420403,-0.307637100898));
#8034 = CARTESIAN_POINT('',(-0.708109151698,-0.251450102438));
#8035 = CARTESIAN_POINT('',(-0.721502744101,-0.1999994));
#8036 = ( GEOMETRIC_REPRESENTATION_CONTEXT(2) 
PARAMETRIC_REPRESENTATION_CONTEXT() REPRESENTATION_CONTEXT('2D SPACE',''
  ) );
#8037 = PCURVE('',#3665,#8038);
#8038 = DEFINITIONAL_REPRESENTATION('',(#8039),#8054);
#8039 = B_SPLINE_CURVE_WITH_KNOTS('',5,(#8040,#8041,#8042,#8043,#8044,
    #8045,#8046,#8047,#8048,#8049,#8050,#8051,#8052,#8053),
  .UNSPECIFIED.,.F.,.F.,(6,4,4,6),(0.,0.37563543837,0.759729898448,1.),
  .UNSPECIFIED.);
#8040 = CARTESIAN_POINT('',(1.657862547281,1.670133319494));
#8041 = CARTESIAN_POINT('',(1.7251766637,1.661766888389));
#8042 = CARTESIAN_POINT('',(1.792596395872,1.645272375447));
#8043 = CARTESIAN_POINT('',(1.860081258034,1.620496308615));
#8044 = CARTESIAN_POINT('',(1.927620287804,1.587086654422));
#8045 = CARTESIAN_POINT('',(2.06428877651,1.500982379744));
#8046 = CARTESIAN_POINT('',(2.133497031997,1.447821539303));
#8047 = CARTESIAN_POINT('',(2.202388291373,1.384689704524));
#8048 = CARTESIAN_POINT('',(2.27062844644,1.311422502289));
#8049 = CARTESIAN_POINT('',(2.379991040577,1.176128682717));
#8050 = CARTESIAN_POINT('',(2.421651016386,1.120226371851));
#8051 = CARTESIAN_POINT('',(2.462767889673,1.060600881696));
#8052 = CARTESIAN_POINT('',(2.503229958008,0.997454840989));
#8053 = CARTESIAN_POINT('',(2.542925063664,0.931104956569));
#8054 = ( GEOMETRIC_REPRESENTATION_CONTEXT(2) 
PARAMETRIC_REPRESENTATION_CONTEXT() REPRESENTATION_CONTEXT('2D SPACE',''
  ) );
#8055 = ORIENTED_EDGE('',*,*,#3723,.T.);
#8056 = ORIENTED_EDGE('',*,*,#7932,.T.);
#8057 = ADVANCED_FACE('',(#8058),#3665,.T.);
#8058 = FACE_BOUND('',#8059,.T.);
#8059 = EDGE_LOOP('',(#8060,#8082,#8083,#8084,#8105,#8127));
#8060 = ORIENTED_EDGE('',*,*,#8061,.F.);
#8061 = EDGE_CURVE('',#3677,#3651,#8062,.T.);
#8062 = SURFACE_CURVE('',#8063,(#8068,#8075),.PCURVE_S1.);
#8063 = CIRCLE('',#8064,2.3);
#8064 = AXIS2_PLACEMENT_3D('',#8065,#8066,#8067);
#8065 = CARTESIAN_POINT('',(55.5,87.,-11.6));
#8066 = DIRECTION('',(1.,0.,0.));
#8067 = DIRECTION('',(-0.,0.,1.));
#8068 = PCURVE('',#3665,#8069);
#8069 = DEFINITIONAL_REPRESENTATION('',(#8070),#8074);
#8070 = LINE('',#8071,#8072);
#8071 = CARTESIAN_POINT('',(0.,4.3));
#8072 = VECTOR('',#8073,1.);
#8073 = DIRECTION('',(1.,0.));
#8074 = ( GEOMETRIC_REPRESENTATION_CONTEXT(2) 
PARAMETRIC_REPRESENTATION_CONTEXT() REPRESENTATION_CONTEXT('2D SPACE',''
  ) );
#8075 = PCURVE('',#3691,#8076);
#8076 = DEFINITIONAL_REPRESENTATION('',(#8077),#8081);
#8077 = CIRCLE('',#8078,2.3);
#8078 = AXIS2_PLACEMENT_2D('',#8079,#8080);
#8079 = CARTESIAN_POINT('',(0.,0.));
#8080 = DIRECTION('',(1.,0.));
#8081 = ( GEOMETRIC_REPRESENTATION_CONTEXT(2) 
PARAMETRIC_REPRESENTATION_CONTEXT() REPRESENTATION_CONTEXT('2D SPACE',''
  ) );
#8082 = ORIENTED_EDGE('',*,*,#3702,.F.);
#8083 = ORIENTED_EDGE('',*,*,#8002,.F.);
#8084 = ORIENTED_EDGE('',*,*,#8085,.F.);
#8085 = EDGE_CURVE('',#8086,#7979,#8088,.T.);
#8086 = VERTEX_POINT('',#8087);
#8087 = CARTESIAN_POINT('',(51.2,84.708712152522,-11.8));
#8088 = SURFACE_CURVE('',#8089,(#8093,#8099),.PCURVE_S1.);
#8089 = LINE('',#8090,#8091);
#8090 = CARTESIAN_POINT('',(51.2,84.708712152522,-11.8));
#8091 = VECTOR('',#8092,1.);
#8092 = DIRECTION('',(1.,0.,0.));
#8093 = PCURVE('',#3665,#8094);
#8094 = DEFINITIONAL_REPRESENTATION('',(#8095),#8098);
#8095 = B_SPLINE_CURVE_WITH_KNOTS('',1,(#8096,#8097),.UNSPECIFIED.,.F.,
  .F.,(2,2),(-5.999999999062E-07,4.3000006),.PIECEWISE_BEZIER_KNOTS.);
#8096 = CARTESIAN_POINT('',(1.657862809142,-5.999999999062E-07));
#8097 = CARTESIAN_POINT('',(1.657862809142,4.3000006));
#8098 = ( GEOMETRIC_REPRESENTATION_CONTEXT(2) 
PARAMETRIC_REPRESENTATION_CONTEXT() REPRESENTATION_CONTEXT('2D SPACE',''
  ) );
#8099 = PCURVE('',#7309,#8100);
#8100 = DEFINITIONAL_REPRESENTATION('',(#8101),#8104);
#8101 = B_SPLINE_CURVE_WITH_KNOTS('',1,(#8102,#8103),.UNSPECIFIED.,.F.,
  .F.,(2,2),(-5.999999999062E-07,4.3000006),.PIECEWISE_BEZIER_KNOTS.);
#8102 = CARTESIAN_POINT('',(37.6999994,60.958712152522));
#8103 = CARTESIAN_POINT('',(42.0000006,60.958712152522));
#8104 = ( GEOMETRIC_REPRESENTATION_CONTEXT(2) 
PARAMETRIC_REPRESENTATION_CONTEXT() REPRESENTATION_CONTEXT('2D SPACE',''
  ) );
#8105 = ORIENTED_EDGE('',*,*,#8106,.T.);
#8106 = EDGE_CURVE('',#8086,#3624,#8107,.T.);
#8107 = SURFACE_CURVE('',#8108,(#8113,#8120),.PCURVE_S1.);
#8108 = CIRCLE('',#8109,2.3);
#8109 = AXIS2_PLACEMENT_3D('',#8110,#8111,#8112);
#8110 = CARTESIAN_POINT('',(51.2,87.,-11.6));
#8111 = DIRECTION('',(1.,0.,0.));
#8112 = DIRECTION('',(-0.,0.,1.));
#8113 = PCURVE('',#3665,#8114);
#8114 = DEFINITIONAL_REPRESENTATION('',(#8115),#8119);
#8115 = LINE('',#8116,#8117);
#8116 = CARTESIAN_POINT('',(0.,0.));
#8117 = VECTOR('',#8118,1.);
#8118 = DIRECTION('',(1.,0.));
#8119 = ( GEOMETRIC_REPRESENTATION_CONTEXT(2) 
PARAMETRIC_REPRESENTATION_CONTEXT() REPRESENTATION_CONTEXT('2D SPACE',''
  ) );
#8120 = PCURVE('',#3638,#8121);
#8121 = DEFINITIONAL_REPRESENTATION('',(#8122),#8126);
#8122 = CIRCLE('',#8123,2.3);
#8123 = AXIS2_PLACEMENT_2D('',#8124,#8125);
#8124 = CARTESIAN_POINT('',(0.,0.));
#8125 = DIRECTION('',(1.,0.));
#8126 = ( GEOMETRIC_REPRESENTATION_CONTEXT(2) 
PARAMETRIC_REPRESENTATION_CONTEXT() REPRESENTATION_CONTEXT('2D SPACE',''
  ) );
#8127 = ORIENTED_EDGE('',*,*,#3650,.T.);
#8128 = ADVANCED_FACE('',(#8129),#3691,.T.);
#8129 = FACE_BOUND('',#8130,.T.);
#8130 = EDGE_LOOP('',(#8131,#8132));
#8131 = ORIENTED_EDGE('',*,*,#3676,.F.);
#8132 = ORIENTED_EDGE('',*,*,#8061,.T.);
#8133 = ADVANCED_FACE('',(#8134,#8288),#3638,.F.);
#8134 = FACE_BOUND('',#8135,.F.);
#8135 = EDGE_LOOP('',(#8136,#8158,#8159,#8160,#8184,#8206,#8239,#8261));
#8136 = ORIENTED_EDGE('',*,*,#8137,.F.);
#8137 = EDGE_CURVE('',#8086,#8138,#8140,.T.);
#8138 = VERTEX_POINT('',#8139);
#8139 = CARTESIAN_POINT('',(51.2,84.758906516899,-11.8));
#8140 = SURFACE_CURVE('',#8141,(#8145,#8152),.PCURVE_S1.);
#8141 = LINE('',#8142,#8143);
#8142 = CARTESIAN_POINT('',(51.2,55.375,-11.8));
#8143 = VECTOR('',#8144,1.);
#8144 = DIRECTION('',(0.,1.,0.));
#8145 = PCURVE('',#3638,#8146);
#8146 = DEFINITIONAL_REPRESENTATION('',(#8147),#8151);
#8147 = LINE('',#8148,#8149);
#8148 = CARTESIAN_POINT('',(-0.2,31.625));
#8149 = VECTOR('',#8150,1.);
#8150 = DIRECTION('',(0.,-1.));
#8151 = ( GEOMETRIC_REPRESENTATION_CONTEXT(2) 
PARAMETRIC_REPRESENTATION_CONTEXT() REPRESENTATION_CONTEXT('2D SPACE',''
  ) );
#8152 = PCURVE('',#7309,#8153);
#8153 = DEFINITIONAL_REPRESENTATION('',(#8154),#8157);
#8154 = B_SPLINE_CURVE_WITH_KNOTS('',1,(#8155,#8156),.UNSPECIFIED.,.F.,
  .F.,(2,2),(29.325,32.875),.PIECEWISE_BEZIER_KNOTS.);
#8155 = CARTESIAN_POINT('',(37.7,60.95));
#8156 = CARTESIAN_POINT('',(37.7,64.5));
#8157 = ( GEOMETRIC_REPRESENTATION_CONTEXT(2) 
PARAMETRIC_REPRESENTATION_CONTEXT() REPRESENTATION_CONTEXT('2D SPACE',''
  ) );
#8158 = ORIENTED_EDGE('',*,*,#8106,.T.);
#8159 = ORIENTED_EDGE('',*,*,#3623,.F.);
#8160 = ORIENTED_EDGE('',*,*,#8161,.T.);
#8161 = EDGE_CURVE('',#3598,#8162,#8164,.T.);
#8162 = VERTEX_POINT('',#8163);
#8163 = CARTESIAN_POINT('',(51.2,88.962778642639,-10.5));
#8164 = SURFACE_CURVE('',#8165,(#8170,#8177),.PCURVE_S1.);
#8165 = CIRCLE('',#8166,2.25);
#8166 = AXIS2_PLACEMENT_3D('',#8167,#8168,#8169);
#8167 = CARTESIAN_POINT('',(51.2,87.,-11.6));
#8168 = DIRECTION('',(1.,0.,0.));
#8169 = DIRECTION('',(-0.,0.,1.));
#8170 = PCURVE('',#3638,#8171);
#8171 = DEFINITIONAL_REPRESENTATION('',(#8172),#8176);
#8172 = CIRCLE('',#8173,2.25);
#8173 = AXIS2_PLACEMENT_2D('',#8174,#8175);
#8174 = CARTESIAN_POINT('',(0.,0.));
#8175 = DIRECTION('',(1.,0.));
#8176 = ( GEOMETRIC_REPRESENTATION_CONTEXT(2) 
PARAMETRIC_REPRESENTATION_CONTEXT() REPRESENTATION_CONTEXT('2D SPACE',''
  ) );
#8177 = PCURVE('',#3612,#8178);
#8178 = DEFINITIONAL_REPRESENTATION('',(#8179),#8183);
#8179 = LINE('',#8180,#8181);
#8180 = CARTESIAN_POINT('',(0.,4.1));
#8181 = VECTOR('',#8182,1.);
#8182 = DIRECTION('',(1.,0.));
#8183 = ( GEOMETRIC_REPRESENTATION_CONTEXT(2) 
PARAMETRIC_REPRESENTATION_CONTEXT() REPRESENTATION_CONTEXT('2D SPACE',''
  ) );
#8184 = ORIENTED_EDGE('',*,*,#8185,.T.);
#8185 = EDGE_CURVE('',#8162,#8186,#8188,.T.);
#8186 = VERTEX_POINT('',#8187);
#8187 = CARTESIAN_POINT('',(51.2,89.019900987672,-10.5));
#8188 = SURFACE_CURVE('',#8189,(#8193,#8200),.PCURVE_S1.);
#8189 = LINE('',#8190,#8191);
#8190 = CARTESIAN_POINT('',(51.2,46.5,-10.5));
#8191 = VECTOR('',#8192,1.);
#8192 = DIRECTION('',(0.,1.,0.));
#8193 = PCURVE('',#3638,#8194);
#8194 = DEFINITIONAL_REPRESENTATION('',(#8195),#8199);
#8195 = LINE('',#8196,#8197);
#8196 = CARTESIAN_POINT('',(1.1,40.5));
#8197 = VECTOR('',#8198,1.);
#8198 = DIRECTION('',(0.,-1.));
#8199 = ( GEOMETRIC_REPRESENTATION_CONTEXT(2) 
PARAMETRIC_REPRESENTATION_CONTEXT() REPRESENTATION_CONTEXT('2D SPACE',''
  ) );
#8200 = PCURVE('',#4373,#8201);
#8201 = DEFINITIONAL_REPRESENTATION('',(#8202),#8205);
#8202 = B_SPLINE_CURVE_WITH_KNOTS('',1,(#8203,#8204),.UNSPECIFIED.,.F.,
  .F.,(2,2),(38.2,42.8),.PIECEWISE_BEZIER_KNOTS.);
#8203 = CARTESIAN_POINT('',(44.7,78.7));
#8204 = CARTESIAN_POINT('',(44.7,83.3));
#8205 = ( GEOMETRIC_REPRESENTATION_CONTEXT(2) 
PARAMETRIC_REPRESENTATION_CONTEXT() REPRESENTATION_CONTEXT('2D SPACE',''
  ) );
#8206 = ORIENTED_EDGE('',*,*,#8207,.F.);
#8207 = EDGE_CURVE('',#8208,#8186,#8210,.T.);
#8208 = VERTEX_POINT('',#8209);
#8209 = CARTESIAN_POINT('',(51.2,84.980099012328,-10.5));
#8210 = SURFACE_CURVE('',#8211,(#8216,#8227),.PCURVE_S1.);
#8211 = CIRCLE('',#8212,2.3);
#8212 = AXIS2_PLACEMENT_3D('',#8213,#8214,#8215);
#8213 = CARTESIAN_POINT('',(51.2,87.,-11.6));
#8214 = DIRECTION('',(-1.,0.,0.));
#8215 = DIRECTION('',(0.,-0.878217820727,0.478260869565));
#8216 = PCURVE('',#3638,#8217);
#8217 = DEFINITIONAL_REPRESENTATION('',(#8218),#8226);
#8218 = ( BOUNDED_CURVE() B_SPLINE_CURVE(2,(#8219,#8220,#8221,#8222,
#8223,#8224,#8225),.UNSPECIFIED.,.T.,.F.) B_SPLINE_CURVE_WITH_KNOTS((1,2
    ,2,2,2,1),(-2.094395102393,0.,2.094395102393,4.188790204786,
6.28318530718,8.377580409573),.UNSPECIFIED.) CURVE() 
GEOMETRIC_REPRESENTATION_ITEM() RATIONAL_B_SPLINE_CURVE((1.,0.5,1.,0.5,
1.,0.5,1.)) REPRESENTATION_ITEM('') );
#8219 = CARTESIAN_POINT('',(1.1,2.019900987672));
#8220 = CARTESIAN_POINT('',(4.598571136907,0.114645099347));
#8221 = CARTESIAN_POINT('',(1.199285568454,-1.962578437999));
#8222 = CARTESIAN_POINT('',(-2.2,-4.039801975345));
#8223 = CARTESIAN_POINT('',(-2.299285568454,-5.732254967333E-02));
#8224 = CARTESIAN_POINT('',(-2.398571136907,3.925156875998));
#8225 = CARTESIAN_POINT('',(1.1,2.019900987672));
#8226 = ( GEOMETRIC_REPRESENTATION_CONTEXT(2) 
PARAMETRIC_REPRESENTATION_CONTEXT() REPRESENTATION_CONTEXT('2D SPACE',''
  ) );
#8227 = PCURVE('',#8228,#8233);
#8228 = CYLINDRICAL_SURFACE('',#8229,2.3);
#8229 = AXIS2_PLACEMENT_3D('',#8230,#8231,#8232);
#8230 = CARTESIAN_POINT('',(51.2,87.,-11.6));
#8231 = DIRECTION('',(1.,0.,0.));
#8232 = DIRECTION('',(-0.,0.,1.));
#8233 = DEFINITIONAL_REPRESENTATION('',(#8234),#8238);
#8234 = LINE('',#8235,#8236);
#8235 = CARTESIAN_POINT('',(7.355308286913,0.));
#8236 = VECTOR('',#8237,1.);
#8237 = DIRECTION('',(-1.,-0.));
#8238 = ( GEOMETRIC_REPRESENTATION_CONTEXT(2) 
PARAMETRIC_REPRESENTATION_CONTEXT() REPRESENTATION_CONTEXT('2D SPACE',''
  ) );
#8239 = ORIENTED_EDGE('',*,*,#8240,.T.);
#8240 = EDGE_CURVE('',#8208,#8241,#8243,.T.);
#8241 = VERTEX_POINT('',#8242);
#8242 = CARTESIAN_POINT('',(51.2,85.037221357361,-10.5));
#8243 = SURFACE_CURVE('',#8244,(#8248,#8255),.PCURVE_S1.);
#8244 = LINE('',#8245,#8246);
#8245 = CARTESIAN_POINT('',(51.2,46.5,-10.5));
#8246 = VECTOR('',#8247,1.);
#8247 = DIRECTION('',(0.,1.,0.));
#8248 = PCURVE('',#3638,#8249);
#8249 = DEFINITIONAL_REPRESENTATION('',(#8250),#8254);
#8250 = LINE('',#8251,#8252);
#8251 = CARTESIAN_POINT('',(1.1,40.5));
#8252 = VECTOR('',#8253,1.);
#8253 = DIRECTION('',(0.,-1.));
#8254 = ( GEOMETRIC_REPRESENTATION_CONTEXT(2) 
PARAMETRIC_REPRESENTATION_CONTEXT() REPRESENTATION_CONTEXT('2D SPACE',''
  ) );
#8255 = PCURVE('',#4373,#8256);
#8256 = DEFINITIONAL_REPRESENTATION('',(#8257),#8260);
#8257 = B_SPLINE_CURVE_WITH_KNOTS('',1,(#8258,#8259),.UNSPECIFIED.,.F.,
  .F.,(2,2),(38.2,42.8),.PIECEWISE_BEZIER_KNOTS.);
#8258 = CARTESIAN_POINT('',(44.7,78.7));
#8259 = CARTESIAN_POINT('',(44.7,83.3));
#8260 = ( GEOMETRIC_REPRESENTATION_CONTEXT(2) 
PARAMETRIC_REPRESENTATION_CONTEXT() REPRESENTATION_CONTEXT('2D SPACE',''
  ) );
#8261 = ORIENTED_EDGE('',*,*,#8262,.T.);
#8262 = EDGE_CURVE('',#8241,#8138,#8263,.T.);
#8263 = SURFACE_CURVE('',#8264,(#8269,#8276),.PCURVE_S1.);
#8264 = CIRCLE('',#8265,2.25);
#8265 = AXIS2_PLACEMENT_3D('',#8266,#8267,#8268);
#8266 = CARTESIAN_POINT('',(51.2,87.,-11.6));
#8267 = DIRECTION('',(1.,0.,0.));
#8268 = DIRECTION('',(-0.,0.,1.));
#8269 = PCURVE('',#3638,#8270);
#8270 = DEFINITIONAL_REPRESENTATION('',(#8271),#8275);
#8271 = CIRCLE('',#8272,2.25);
#8272 = AXIS2_PLACEMENT_2D('',#8273,#8274);
#8273 = CARTESIAN_POINT('',(0.,0.));
#8274 = DIRECTION('',(1.,0.));
#8275 = ( GEOMETRIC_REPRESENTATION_CONTEXT(2) 
PARAMETRIC_REPRESENTATION_CONTEXT() REPRESENTATION_CONTEXT('2D SPACE',''
  ) );
#8276 = PCURVE('',#8277,#8282);
#8277 = CYLINDRICAL_SURFACE('',#8278,2.25);
#8278 = AXIS2_PLACEMENT_3D('',#8279,#8280,#8281);
#8279 = CARTESIAN_POINT('',(47.1,87.,-11.6));
#8280 = DIRECTION('',(1.,0.,0.));
#8281 = DIRECTION('',(-0.,0.,1.));
#8282 = DEFINITIONAL_REPRESENTATION('',(#8283),#8287);
#8283 = LINE('',#8284,#8285);
#8284 = CARTESIAN_POINT('',(0.,4.1));
#8285 = VECTOR('',#8286,1.);
#8286 = DIRECTION('',(1.,0.));
#8287 = ( GEOMETRIC_REPRESENTATION_CONTEXT(2) 
PARAMETRIC_REPRESENTATION_CONTEXT() REPRESENTATION_CONTEXT('2D SPACE',''
  ) );
#8288 = FACE_BOUND('',#8289,.F.);
#8289 = EDGE_LOOP('',(#8290));
#8290 = ORIENTED_EDGE('',*,*,#8291,.F.);
#8291 = EDGE_CURVE('',#8292,#8292,#8294,.T.);
#8292 = VERTEX_POINT('',#8293);
#8293 = CARTESIAN_POINT('',(51.2,87.,-10.65));
#8294 = SURFACE_CURVE('',#8295,(#8300,#8307),.PCURVE_S1.);
#8295 = CIRCLE('',#8296,0.95);
#8296 = AXIS2_PLACEMENT_3D('',#8297,#8298,#8299);
#8297 = CARTESIAN_POINT('',(51.2,87.,-11.6));
#8298 = DIRECTION('',(1.,0.,0.));
#8299 = DIRECTION('',(-0.,0.,1.));
#8300 = PCURVE('',#3638,#8301);
#8301 = DEFINITIONAL_REPRESENTATION('',(#8302),#8306);
#8302 = CIRCLE('',#8303,0.95);
#8303 = AXIS2_PLACEMENT_2D('',#8304,#8305);
#8304 = CARTESIAN_POINT('',(0.,0.));
#8305 = DIRECTION('',(1.,0.));
#8306 = ( GEOMETRIC_REPRESENTATION_CONTEXT(2) 
PARAMETRIC_REPRESENTATION_CONTEXT() REPRESENTATION_CONTEXT('2D SPACE',''
  ) );
#8307 = PCURVE('',#8308,#8313);
#8308 = CYLINDRICAL_SURFACE('',#8309,0.95);
#8309 = AXIS2_PLACEMENT_3D('',#8310,#8311,#8312);
#8310 = CARTESIAN_POINT('',(4.,87.,-11.6));
#8311 = DIRECTION('',(1.,0.,0.));
#8312 = DIRECTION('',(-0.,0.,1.));
#8313 = DEFINITIONAL_REPRESENTATION('',(#8314),#8318);
#8314 = LINE('',#8315,#8316);
#8315 = CARTESIAN_POINT('',(0.,47.2));
#8316 = VECTOR('',#8317,1.);
#8317 = DIRECTION('',(1.,0.));
#8318 = ( GEOMETRIC_REPRESENTATION_CONTEXT(2) 
PARAMETRIC_REPRESENTATION_CONTEXT() REPRESENTATION_CONTEXT('2D SPACE',''
  ) );
#8319 = ADVANCED_FACE('',(#8320),#3612,.F.);
#8320 = FACE_BOUND('',#8321,.F.);
#8321 = EDGE_LOOP('',(#8322,#8343,#8344,#8345,#8374));
#8322 = ORIENTED_EDGE('',*,*,#8323,.T.);
#8323 = EDGE_CURVE('',#8324,#8162,#8326,.T.);
#8324 = VERTEX_POINT('',#8325);
#8325 = CARTESIAN_POINT('',(47.1,88.962778642639,-10.5));
#8326 = SURFACE_CURVE('',#8327,(#8331,#8337),.PCURVE_S1.);
#8327 = LINE('',#8328,#8329);
#8328 = CARTESIAN_POINT('',(47.1,88.962778642639,-10.5));
#8329 = VECTOR('',#8330,1.);
#8330 = DIRECTION('',(1.,0.,0.));
#8331 = PCURVE('',#3612,#8332);
#8332 = DEFINITIONAL_REPRESENTATION('',(#8333),#8336);
#8333 = B_SPLINE_CURVE_WITH_KNOTS('',1,(#8334,#8335),.UNSPECIFIED.,.F.,
  .F.,(2,2),(-5.999999999062E-07,4.1000006),.PIECEWISE_BEZIER_KNOTS.);
#8334 = CARTESIAN_POINT('',(5.223204573545,-5.999999999062E-07));
#8335 = CARTESIAN_POINT('',(5.223204573545,4.1000006));
#8336 = ( GEOMETRIC_REPRESENTATION_CONTEXT(2) 
PARAMETRIC_REPRESENTATION_CONTEXT() REPRESENTATION_CONTEXT('2D SPACE',''
  ) );
#8337 = PCURVE('',#4373,#8338);
#8338 = DEFINITIONAL_REPRESENTATION('',(#8339),#8342);
#8339 = B_SPLINE_CURVE_WITH_KNOTS('',1,(#8340,#8341),.UNSPECIFIED.,.F.,
  .F.,(2,2),(-5.999999999062E-07,4.1000006),.PIECEWISE_BEZIER_KNOTS.);
#8340 = CARTESIAN_POINT('',(40.5999994,82.962778642639));
#8341 = CARTESIAN_POINT('',(44.7000006,82.962778642639));
#8342 = ( GEOMETRIC_REPRESENTATION_CONTEXT(2) 
PARAMETRIC_REPRESENTATION_CONTEXT() REPRESENTATION_CONTEXT('2D SPACE',''
  ) );
#8343 = ORIENTED_EDGE('',*,*,#8161,.F.);
#8344 = ORIENTED_EDGE('',*,*,#3597,.F.);
#8345 = ORIENTED_EDGE('',*,*,#8346,.T.);
#8346 = EDGE_CURVE('',#3565,#8347,#8349,.T.);
#8347 = VERTEX_POINT('',#8348);
#8348 = CARTESIAN_POINT('',(47.1,88.225961476626,-13.48666861367));
#8349 = SURFACE_CURVE('',#8350,(#8356,#8365),.PCURVE_S1.);
#8350 = B_SPLINE_CURVE_WITH_KNOTS('',4,(#8351,#8352,#8353,#8354,#8355),
  .UNSPECIFIED.,.F.,.F.,(5,5),(0.,1.),.PIECEWISE_BEZIER_KNOTS.);
#8351 = CARTESIAN_POINT('',(47.31856619299,88.205196133415,-13.5000006)
  );
#8352 = CARTESIAN_POINT('',(47.264005076003,88.211186839095,
    -13.49620061418));
#8353 = CARTESIAN_POINT('',(47.209385804609,88.21664510373,
    -13.49270303814));
#8354 = CARTESIAN_POINT('',(47.154714802769,88.221570222241,
    -13.48952206073));
#8355 = CARTESIAN_POINT('',(47.0999994,88.225961524781,-13.48666858238)
  );
#8356 = PCURVE('',#3612,#8357);
#8357 = DEFINITIONAL_REPRESENTATION('',(#8358),#8364);
#8358 = B_SPLINE_CURVE_WITH_KNOTS('',4,(#8359,#8360,#8361,#8362,#8363),
  .UNSPECIFIED.,.F.,.F.,(5,5),(0.,1.),.PIECEWISE_BEZIER_KNOTS.);
#8359 = CARTESIAN_POINT('',(3.706861339765,0.21856619299));
#8360 = CARTESIAN_POINT('',(3.710014341758,0.164005076003));
#8361 = CARTESIAN_POINT('',(3.712895522469,0.109385804609));
#8362 = CARTESIAN_POINT('',(3.715501315672,5.471480276924E-02));
#8363 = CARTESIAN_POINT('',(3.717828858824,-6.E-07));
#8364 = ( GEOMETRIC_REPRESENTATION_CONTEXT(2) 
PARAMETRIC_REPRESENTATION_CONTEXT() REPRESENTATION_CONTEXT('2D SPACE',''
  ) );
#8365 = PCURVE('',#3585,#8366);
#8366 = DEFINITIONAL_REPRESENTATION('',(#8367),#8373);
#8367 = B_SPLINE_CURVE_WITH_KNOTS('',4,(#8368,#8369,#8370,#8371,#8372),
  .UNSPECIFIED.,.F.,.F.,(5,5),(0.,1.),.PIECEWISE_BEZIER_KNOTS.);
#8368 = CARTESIAN_POINT('',(-1.461436314149,-0.1999994));
#8369 = CARTESIAN_POINT('',(-1.468754849572,-0.203799385811));
#8370 = CARTESIAN_POINT('',(-1.47607334436,-0.20729696186));
#8371 = CARTESIAN_POINT('',(-1.483391982133,-0.210477939263));
#8372 = CARTESIAN_POINT('',(-1.490710827018,-0.213331417615));
#8373 = ( GEOMETRIC_REPRESENTATION_CONTEXT(2) 
PARAMETRIC_REPRESENTATION_CONTEXT() REPRESENTATION_CONTEXT('2D SPACE',''
  ) );
#8374 = ORIENTED_EDGE('',*,*,#8375,.T.);
#8375 = EDGE_CURVE('',#8347,#8324,#8376,.T.);
#8376 = SURFACE_CURVE('',#8377,(#8382,#8389),.PCURVE_S1.);
#8377 = CIRCLE('',#8378,2.25);
#8378 = AXIS2_PLACEMENT_3D('',#8379,#8380,#8381);
#8379 = CARTESIAN_POINT('',(47.1,87.,-11.6));
#8380 = DIRECTION('',(1.,0.,0.));
#8381 = DIRECTION('',(-0.,0.,1.));
#8382 = PCURVE('',#3612,#8383);
#8383 = DEFINITIONAL_REPRESENTATION('',(#8384),#8388);
#8384 = LINE('',#8385,#8386);
#8385 = CARTESIAN_POINT('',(0.,0.));
#8386 = VECTOR('',#8387,1.);
#8387 = DIRECTION('',(1.,0.));
#8388 = ( GEOMETRIC_REPRESENTATION_CONTEXT(2) 
PARAMETRIC_REPRESENTATION_CONTEXT() REPRESENTATION_CONTEXT('2D SPACE',''
  ) );
#8389 = PCURVE('',#8390,#8395);
#8390 = PLANE('',#8391);
#8391 = AXIS2_PLACEMENT_3D('',#8392,#8393,#8394);
#8392 = CARTESIAN_POINT('',(47.1,87.,-11.6));
#8393 = DIRECTION('',(1.,0.,0.));
#8394 = DIRECTION('',(-0.,0.,1.));
#8395 = DEFINITIONAL_REPRESENTATION('',(#8396),#8400);
#8396 = CIRCLE('',#8397,2.25);
#8397 = AXIS2_PLACEMENT_2D('',#8398,#8399);
#8398 = CARTESIAN_POINT('',(0.,0.));
#8399 = DIRECTION('',(1.,0.));
#8400 = ( GEOMETRIC_REPRESENTATION_CONTEXT(2) 
PARAMETRIC_REPRESENTATION_CONTEXT() REPRESENTATION_CONTEXT('2D SPACE',''
  ) );
#8401 = ADVANCED_FACE('',(#8402),#3585,.F.);
#8402 = FACE_BOUND('',#8403,.T.);
#8403 = EDGE_LOOP('',(#8404,#8405,#8406,#8407,#8428));
#8404 = ORIENTED_EDGE('',*,*,#7061,.F.);
#8405 = ORIENTED_EDGE('',*,*,#3564,.T.);
#8406 = ORIENTED_EDGE('',*,*,#8346,.T.);
#8407 = ORIENTED_EDGE('',*,*,#8408,.F.);
#8408 = EDGE_CURVE('',#8409,#8347,#8411,.T.);
#8409 = VERTEX_POINT('',#8410);
#8410 = CARTESIAN_POINT('',(47.1,88.225961476626,-11.8));
#8411 = SURFACE_CURVE('',#8412,(#8416,#8422),.PCURVE_S1.);
#8412 = LINE('',#8413,#8414);
#8413 = CARTESIAN_POINT('',(47.1,88.225961476626,-13.7));
#8414 = VECTOR('',#8415,1.);
#8415 = DIRECTION('',(-0.,-0.,-1.));
#8416 = PCURVE('',#3585,#8417);
#8417 = DEFINITIONAL_REPRESENTATION('',(#8418),#8421);
#8418 = B_SPLINE_CURVE_WITH_KNOTS('',1,(#8419,#8420),.UNSPECIFIED.,.F.,
  .F.,(2,2),(-1.9000006,-0.1999994),.PIECEWISE_BEZIER_KNOTS.);
#8419 = CARTESIAN_POINT('',(-1.490710746761,-1.9000006));
#8420 = CARTESIAN_POINT('',(-1.490710746761,-0.1999994));
#8421 = ( GEOMETRIC_REPRESENTATION_CONTEXT(2) 
PARAMETRIC_REPRESENTATION_CONTEXT() REPRESENTATION_CONTEXT('2D SPACE',''
  ) );
#8422 = PCURVE('',#8390,#8423);
#8423 = DEFINITIONAL_REPRESENTATION('',(#8424),#8427);
#8424 = B_SPLINE_CURVE_WITH_KNOTS('',1,(#8425,#8426),.UNSPECIFIED.,.F.,
  .F.,(2,2),(-1.9000006,-0.1999994),.PIECEWISE_BEZIER_KNOTS.);
#8425 = CARTESIAN_POINT('',(-0.1999994,-1.225961476626));
#8426 = CARTESIAN_POINT('',(-1.9000006,-1.225961476626));
#8427 = ( GEOMETRIC_REPRESENTATION_CONTEXT(2) 
PARAMETRIC_REPRESENTATION_CONTEXT() REPRESENTATION_CONTEXT('2D SPACE',''
  ) );
#8428 = ORIENTED_EDGE('',*,*,#8429,.T.);
#8429 = EDGE_CURVE('',#8409,#7062,#8430,.T.);
#8430 = SURFACE_CURVE('',#8431,(#8436,#8443),.PCURVE_S1.);
#8431 = CIRCLE('',#8432,7.5);
#8432 = AXIS2_PLACEMENT_3D('',#8433,#8434,#8435);
#8433 = CARTESIAN_POINT('',(46.5,80.75,-11.8));
#8434 = DIRECTION('',(0.,0.,1.));
#8435 = DIRECTION('',(1.,0.,0.));
#8436 = PCURVE('',#3585,#8437);
#8437 = DEFINITIONAL_REPRESENTATION('',(#8438),#8442);
#8438 = LINE('',#8439,#8440);
#8439 = CARTESIAN_POINT('',(-0.,-1.9));
#8440 = VECTOR('',#8441,1.);
#8441 = DIRECTION('',(-1.,0.));
#8442 = ( GEOMETRIC_REPRESENTATION_CONTEXT(2) 
PARAMETRIC_REPRESENTATION_CONTEXT() REPRESENTATION_CONTEXT('2D SPACE',''
  ) );
#8443 = PCURVE('',#7122,#8444);
#8444 = DEFINITIONAL_REPRESENTATION('',(#8445),#8449);
#8445 = CIRCLE('',#8446,7.5);
#8446 = AXIS2_PLACEMENT_2D('',#8447,#8448);
#8447 = CARTESIAN_POINT('',(33.,57.));
#8448 = DIRECTION('',(1.,0.));
#8449 = ( GEOMETRIC_REPRESENTATION_CONTEXT(2) 
PARAMETRIC_REPRESENTATION_CONTEXT() REPRESENTATION_CONTEXT('2D SPACE',''
  ) );
#8450 = ADVANCED_FACE('',(#8451,#8610,#8716,#8812,#8847,#8953,#9049,
    #9155,#9251,#9286,#9392,#9488,#9594,#9690,#9801,#9836,#9947),#4373,
  .T.);
#8451 = FACE_BOUND('',#8452,.T.);
#8452 = EDGE_LOOP('',(#8453,#8454,#8455,#8479,#8507,#8533,#8559,#8585,
    #8606,#8607,#8608,#8609));
#8453 = ORIENTED_EDGE('',*,*,#5098,.T.);
#8454 = ORIENTED_EDGE('',*,*,#5373,.F.);
#8455 = ORIENTED_EDGE('',*,*,#8456,.T.);
#8456 = EDGE_CURVE('',#5374,#8457,#8459,.T.);
#8457 = VERTEX_POINT('',#8458);
#8458 = CARTESIAN_POINT('',(-2.7,99.,-10.5));
#8459 = SURFACE_CURVE('',#8460,(#8465,#8472),.PCURVE_S1.);
#8460 = CIRCLE('',#8461,9.2);
#8461 = AXIS2_PLACEMENT_3D('',#8462,#8463,#8464);
#8462 = CARTESIAN_POINT('',(6.5,99.,-10.5));
#8463 = DIRECTION('',(0.,0.,1.));
#8464 = DIRECTION('',(1.,0.,0.));
#8465 = PCURVE('',#4373,#8466);
#8466 = DEFINITIONAL_REPRESENTATION('',(#8467),#8471);
#8467 = CIRCLE('',#8468,9.2);
#8468 = AXIS2_PLACEMENT_2D('',#8469,#8470);
#8469 = CARTESIAN_POINT('',(8.881784197001E-16,93.));
#8470 = DIRECTION('',(1.,0.));
#8471 = ( GEOMETRIC_REPRESENTATION_CONTEXT(2) 
PARAMETRIC_REPRESENTATION_CONTEXT() REPRESENTATION_CONTEXT('2D SPACE',''
  ) );
#8472 = PCURVE('',#5412,#8473);
#8473 = DEFINITIONAL_REPRESENTATION('',(#8474),#8478);
#8474 = LINE('',#8475,#8476);
#8475 = CARTESIAN_POINT('',(-0.,0.));
#8476 = VECTOR('',#8477,1.);
#8477 = DIRECTION('',(-1.,0.));
#8478 = ( GEOMETRIC_REPRESENTATION_CONTEXT(2) 
PARAMETRIC_REPRESENTATION_CONTEXT() REPRESENTATION_CONTEXT('2D SPACE',''
  ) );
#8479 = ORIENTED_EDGE('',*,*,#8480,.F.);
#8480 = EDGE_CURVE('',#8481,#8457,#8483,.T.);
#8481 = VERTEX_POINT('',#8482);
#8482 = CARTESIAN_POINT('',(-2.7,21.462657938636,-10.5));
#8483 = SURFACE_CURVE('',#8484,(#8488,#8495),.PCURVE_S1.);
#8484 = LINE('',#8485,#8486);
#8485 = CARTESIAN_POINT('',(-2.7,6.,-10.5));
#8486 = VECTOR('',#8487,1.);
#8487 = DIRECTION('',(0.,1.,0.));
#8488 = PCURVE('',#4373,#8489);
#8489 = DEFINITIONAL_REPRESENTATION('',(#8490),#8494);
#8490 = LINE('',#8491,#8492);
#8491 = CARTESIAN_POINT('',(-9.2,-8.881784197001E-16));
#8492 = VECTOR('',#8493,1.);
#8493 = DIRECTION('',(0.,1.));
#8494 = ( GEOMETRIC_REPRESENTATION_CONTEXT(2) 
PARAMETRIC_REPRESENTATION_CONTEXT() REPRESENTATION_CONTEXT('2D SPACE',''
  ) );
#8495 = PCURVE('',#8496,#8501);
#8496 = PLANE('',#8497);
#8497 = AXIS2_PLACEMENT_3D('',#8498,#8499,#8500);
#8498 = CARTESIAN_POINT('',(-2.7,6.,-10.5));
#8499 = DIRECTION('',(1.,0.,0.));
#8500 = DIRECTION('',(0.,0.,1.));
#8501 = DEFINITIONAL_REPRESENTATION('',(#8502),#8506);
#8502 = LINE('',#8503,#8504);
#8503 = CARTESIAN_POINT('',(0.,0.));
#8504 = VECTOR('',#8505,1.);
#8505 = DIRECTION('',(0.,-1.));
#8506 = ( GEOMETRIC_REPRESENTATION_CONTEXT(2) 
PARAMETRIC_REPRESENTATION_CONTEXT() REPRESENTATION_CONTEXT('2D SPACE',''
  ) );
#8507 = ORIENTED_EDGE('',*,*,#8508,.T.);
#8508 = EDGE_CURVE('',#8481,#8509,#8511,.T.);
#8509 = VERTEX_POINT('',#8510);
#8510 = CARTESIAN_POINT('',(-0.2,21.462657938636,-10.5));
#8511 = SURFACE_CURVE('',#8512,(#8516,#8522),.PCURVE_S1.);
#8512 = LINE('',#8513,#8514);
#8513 = CARTESIAN_POINT('',(-5.7,21.462657938636,-10.5));
#8514 = VECTOR('',#8515,1.);
#8515 = DIRECTION('',(1.,0.,0.));
#8516 = PCURVE('',#4373,#8517);
#8517 = DEFINITIONAL_REPRESENTATION('',(#8518),#8521);
#8518 = B_SPLINE_CURVE_WITH_KNOTS('',1,(#8519,#8520),.UNSPECIFIED.,.F.,
  .F.,(2,2),(-5.999999999062E-07,5.5000006),.PIECEWISE_BEZIER_KNOTS.);
#8519 = CARTESIAN_POINT('',(-12.2000006,15.462657938636));
#8520 = CARTESIAN_POINT('',(-6.6999994,15.462657938636));
#8521 = ( GEOMETRIC_REPRESENTATION_CONTEXT(2) 
PARAMETRIC_REPRESENTATION_CONTEXT() REPRESENTATION_CONTEXT('2D SPACE',''
  ) );
#8522 = PCURVE('',#8523,#8528);
#8523 = CYLINDRICAL_SURFACE('',#8524,6.);
#8524 = AXIS2_PLACEMENT_3D('',#8525,#8526,#8527);
#8525 = CARTESIAN_POINT('',(-5.7,18.,-5.6));
#8526 = DIRECTION('',(1.,0.,0.));
#8527 = DIRECTION('',(-0.,0.,1.));
#8528 = DEFINITIONAL_REPRESENTATION('',(#8529),#8532);
#8529 = B_SPLINE_CURVE_WITH_KNOTS('',1,(#8530,#8531),.UNSPECIFIED.,.F.,
  .F.,(2,2),(-5.999999999062E-07,5.5000006),.PIECEWISE_BEZIER_KNOTS.);
#8530 = CARTESIAN_POINT('',(3.756777703721,-5.999999999062E-07));
#8531 = CARTESIAN_POINT('',(3.756777703721,5.5000006));
#8532 = ( GEOMETRIC_REPRESENTATION_CONTEXT(2) 
PARAMETRIC_REPRESENTATION_CONTEXT() REPRESENTATION_CONTEXT('2D SPACE',''
  ) );
#8533 = ORIENTED_EDGE('',*,*,#8534,.F.);
#8534 = EDGE_CURVE('',#8535,#8509,#8537,.T.);
#8535 = VERTEX_POINT('',#8536);
#8536 = CARTESIAN_POINT('',(-0.2,14.537342061364,-10.5));
#8537 = SURFACE_CURVE('',#8538,(#8542,#8548),.PCURVE_S1.);
#8538 = LINE('',#8539,#8540);
#8539 = CARTESIAN_POINT('',(-0.2,12.,-10.5));
#8540 = VECTOR('',#8541,1.);
#8541 = DIRECTION('',(0.,1.,0.));
#8542 = PCURVE('',#4373,#8543);
#8543 = DEFINITIONAL_REPRESENTATION('',(#8544),#8547);
#8544 = B_SPLINE_CURVE_WITH_KNOTS('',1,(#8545,#8546),.UNSPECIFIED.,.F.,
  .F.,(2,2),(0.,12.),.PIECEWISE_BEZIER_KNOTS.);
#8545 = CARTESIAN_POINT('',(-6.7,6.));
#8546 = CARTESIAN_POINT('',(-6.7,18.));
#8547 = ( GEOMETRIC_REPRESENTATION_CONTEXT(2) 
PARAMETRIC_REPRESENTATION_CONTEXT() REPRESENTATION_CONTEXT('2D SPACE',''
  ) );
#8548 = PCURVE('',#8549,#8554);
#8549 = PLANE('',#8550);
#8550 = AXIS2_PLACEMENT_3D('',#8551,#8552,#8553);
#8551 = CARTESIAN_POINT('',(-0.2,18.,-5.6));
#8552 = DIRECTION('',(1.,0.,0.));
#8553 = DIRECTION('',(-0.,0.,1.));
#8554 = DEFINITIONAL_REPRESENTATION('',(#8555),#8558);
#8555 = B_SPLINE_CURVE_WITH_KNOTS('',1,(#8556,#8557),.UNSPECIFIED.,.F.,
  .F.,(2,2),(0.,12.),.PIECEWISE_BEZIER_KNOTS.);
#8556 = CARTESIAN_POINT('',(-4.9,6.));
#8557 = CARTESIAN_POINT('',(-4.9,-6.));
#8558 = ( GEOMETRIC_REPRESENTATION_CONTEXT(2) 
PARAMETRIC_REPRESENTATION_CONTEXT() REPRESENTATION_CONTEXT('2D SPACE',''
  ) );
#8559 = ORIENTED_EDGE('',*,*,#8560,.F.);
#8560 = EDGE_CURVE('',#8561,#8535,#8563,.T.);
#8561 = VERTEX_POINT('',#8562);
#8562 = CARTESIAN_POINT('',(-2.7,14.537342061364,-10.5));
#8563 = SURFACE_CURVE('',#8564,(#8568,#8574),.PCURVE_S1.);
#8564 = LINE('',#8565,#8566);
#8565 = CARTESIAN_POINT('',(-5.7,14.537342061364,-10.5));
#8566 = VECTOR('',#8567,1.);
#8567 = DIRECTION('',(1.,0.,0.));
#8568 = PCURVE('',#4373,#8569);
#8569 = DEFINITIONAL_REPRESENTATION('',(#8570),#8573);
#8570 = B_SPLINE_CURVE_WITH_KNOTS('',1,(#8571,#8572),.UNSPECIFIED.,.F.,
  .F.,(2,2),(-5.999999999062E-07,5.5000006),.PIECEWISE_BEZIER_KNOTS.);
#8571 = CARTESIAN_POINT('',(-12.2000006,8.537342061364));
#8572 = CARTESIAN_POINT('',(-6.6999994,8.537342061364));
#8573 = ( GEOMETRIC_REPRESENTATION_CONTEXT(2) 
PARAMETRIC_REPRESENTATION_CONTEXT() REPRESENTATION_CONTEXT('2D SPACE',''
  ) );
#8574 = PCURVE('',#8575,#8580);
#8575 = CYLINDRICAL_SURFACE('',#8576,6.);
#8576 = AXIS2_PLACEMENT_3D('',#8577,#8578,#8579);
#8577 = CARTESIAN_POINT('',(-5.7,18.,-5.6));
#8578 = DIRECTION('',(1.,0.,0.));
#8579 = DIRECTION('',(-0.,0.,1.));
#8580 = DEFINITIONAL_REPRESENTATION('',(#8581),#8584);
#8581 = B_SPLINE_CURVE_WITH_KNOTS('',1,(#8582,#8583),.UNSPECIFIED.,.F.,
  .F.,(2,2),(-5.999999999062E-07,5.5000006),.PIECEWISE_BEZIER_KNOTS.);
#8582 = CARTESIAN_POINT('',(2.526407603459,-5.999999999062E-07));
#8583 = CARTESIAN_POINT('',(2.526407603459,5.5000006));
#8584 = ( GEOMETRIC_REPRESENTATION_CONTEXT(2) 
PARAMETRIC_REPRESENTATION_CONTEXT() REPRESENTATION_CONTEXT('2D SPACE',''
  ) );
#8585 = ORIENTED_EDGE('',*,*,#8586,.F.);
#8586 = EDGE_CURVE('',#6356,#8561,#8587,.T.);
#8587 = SURFACE_CURVE('',#8588,(#8592,#8599),.PCURVE_S1.);
#8588 = LINE('',#8589,#8590);
#8589 = CARTESIAN_POINT('',(-2.7,6.,-10.5));
#8590 = VECTOR('',#8591,1.);
#8591 = DIRECTION('',(0.,1.,0.));
#8592 = PCURVE('',#4373,#8593);
#8593 = DEFINITIONAL_REPRESENTATION('',(#8594),#8598);
#8594 = LINE('',#8595,#8596);
#8595 = CARTESIAN_POINT('',(-9.2,-8.881784197001E-16));
#8596 = VECTOR('',#8597,1.);
#8597 = DIRECTION('',(0.,1.));
#8598 = ( GEOMETRIC_REPRESENTATION_CONTEXT(2) 
PARAMETRIC_REPRESENTATION_CONTEXT() REPRESENTATION_CONTEXT('2D SPACE',''
  ) );
#8599 = PCURVE('',#6395,#8600);
#8600 = DEFINITIONAL_REPRESENTATION('',(#8601),#8605);
#8601 = LINE('',#8602,#8603);
#8602 = CARTESIAN_POINT('',(0.,0.));
#8603 = VECTOR('',#8604,1.);
#8604 = DIRECTION('',(0.,-1.));
#8605 = ( GEOMETRIC_REPRESENTATION_CONTEXT(2) 
PARAMETRIC_REPRESENTATION_CONTEXT() REPRESENTATION_CONTEXT('2D SPACE',''
  ) );
#8606 = ORIENTED_EDGE('',*,*,#6355,.T.);
#8607 = ORIENTED_EDGE('',*,*,#4357,.T.);
#8608 = ORIENTED_EDGE('',*,*,#4515,.T.);
#8609 = ORIENTED_EDGE('',*,*,#4759,.T.);
#8610 = FACE_BOUND('',#8611,.T.);
#8611 = EDGE_LOOP('',(#8612,#8640,#8666,#8692));
#8612 = ORIENTED_EDGE('',*,*,#8613,.T.);
#8613 = EDGE_CURVE('',#8614,#8616,#8618,.T.);
#8614 = VERTEX_POINT('',#8615);
#8615 = CARTESIAN_POINT('',(14.,25.6,-10.5));
#8616 = VERTEX_POINT('',#8617);
#8617 = CARTESIAN_POINT('',(13.2,25.6,-10.5));
#8618 = SURFACE_CURVE('',#8619,(#8623,#8629),.PCURVE_S1.);
#8619 = LINE('',#8620,#8621);
#8620 = CARTESIAN_POINT('',(9.85,25.6,-10.5));
#8621 = VECTOR('',#8622,1.);
#8622 = DIRECTION('',(-1.,0.,0.));
#8623 = PCURVE('',#4373,#8624);
#8624 = DEFINITIONAL_REPRESENTATION('',(#8625),#8628);
#8625 = B_SPLINE_CURVE_WITH_KNOTS('',1,(#8626,#8627),.UNSPECIFIED.,.F.,
  .F.,(2,2),(-7.95,-3.35),.PIECEWISE_BEZIER_KNOTS.);
#8626 = CARTESIAN_POINT('',(11.3,19.6));
#8627 = CARTESIAN_POINT('',(6.7,19.6));
#8628 = ( GEOMETRIC_REPRESENTATION_CONTEXT(2) 
PARAMETRIC_REPRESENTATION_CONTEXT() REPRESENTATION_CONTEXT('2D SPACE',''
  ) );
#8629 = PCURVE('',#8630,#8635);
#8630 = PLANE('',#8631);
#8631 = AXIS2_PLACEMENT_3D('',#8632,#8633,#8634);
#8632 = CARTESIAN_POINT('',(13.2,25.6,-10.55));
#8633 = DIRECTION('',(0.,1.,0.));
#8634 = DIRECTION('',(0.,0.,1.));
#8635 = DEFINITIONAL_REPRESENTATION('',(#8636),#8639);
#8636 = B_SPLINE_CURVE_WITH_KNOTS('',1,(#8637,#8638),.UNSPECIFIED.,.F.,
  .F.,(2,2),(-7.95,-3.35),.PIECEWISE_BEZIER_KNOTS.);
#8637 = CARTESIAN_POINT('',(5.E-02,4.6));
#8638 = CARTESIAN_POINT('',(5.E-02,0.));
#8639 = ( GEOMETRIC_REPRESENTATION_CONTEXT(2) 
PARAMETRIC_REPRESENTATION_CONTEXT() REPRESENTATION_CONTEXT('2D SPACE',''
  ) );
#8640 = ORIENTED_EDGE('',*,*,#8641,.T.);
#8641 = EDGE_CURVE('',#8616,#8642,#8644,.T.);
#8642 = VERTEX_POINT('',#8643);
#8643 = CARTESIAN_POINT('',(13.2,28.,-10.5));
#8644 = SURFACE_CURVE('',#8645,(#8649,#8655),.PCURVE_S1.);
#8645 = LINE('',#8646,#8647);
#8646 = CARTESIAN_POINT('',(13.2,15.8,-10.5));
#8647 = VECTOR('',#8648,1.);
#8648 = DIRECTION('',(0.,1.,0.));
#8649 = PCURVE('',#4373,#8650);
#8650 = DEFINITIONAL_REPRESENTATION('',(#8651),#8654);
#8651 = B_SPLINE_CURVE_WITH_KNOTS('',1,(#8652,#8653),.UNSPECIFIED.,.F.,
  .F.,(2,2),(9.8,12.2),.PIECEWISE_BEZIER_KNOTS.);
#8652 = CARTESIAN_POINT('',(6.7,19.6));
#8653 = CARTESIAN_POINT('',(6.7,22.));
#8654 = ( GEOMETRIC_REPRESENTATION_CONTEXT(2) 
PARAMETRIC_REPRESENTATION_CONTEXT() REPRESENTATION_CONTEXT('2D SPACE',''
  ) );
#8655 = PCURVE('',#8656,#8661);
#8656 = PLANE('',#8657);
#8657 = AXIS2_PLACEMENT_3D('',#8658,#8659,#8660);
#8658 = CARTESIAN_POINT('',(13.2,25.6,-10.55));
#8659 = DIRECTION('',(1.,0.,0.));
#8660 = DIRECTION('',(0.,0.,1.));
#8661 = DEFINITIONAL_REPRESENTATION('',(#8662),#8665);
#8662 = B_SPLINE_CURVE_WITH_KNOTS('',1,(#8663,#8664),.UNSPECIFIED.,.F.,
  .F.,(2,2),(9.8,12.2),.PIECEWISE_BEZIER_KNOTS.);
#8663 = CARTESIAN_POINT('',(5.E-02,0.));
#8664 = CARTESIAN_POINT('',(5.E-02,-2.4));
#8665 = ( GEOMETRIC_REPRESENTATION_CONTEXT(2) 
PARAMETRIC_REPRESENTATION_CONTEXT() REPRESENTATION_CONTEXT('2D SPACE',''
  ) );
#8666 = ORIENTED_EDGE('',*,*,#8667,.F.);
#8667 = EDGE_CURVE('',#8668,#8642,#8670,.T.);
#8668 = VERTEX_POINT('',#8669);
#8669 = CARTESIAN_POINT('',(14.,28.,-10.5));
#8670 = SURFACE_CURVE('',#8671,(#8675,#8681),.PCURVE_S1.);
#8671 = LINE('',#8672,#8673);
#8672 = CARTESIAN_POINT('',(9.85,28.,-10.5));
#8673 = VECTOR('',#8674,1.);
#8674 = DIRECTION('',(-1.,0.,0.));
#8675 = PCURVE('',#4373,#8676);
#8676 = DEFINITIONAL_REPRESENTATION('',(#8677),#8680);
#8677 = B_SPLINE_CURVE_WITH_KNOTS('',1,(#8678,#8679),.UNSPECIFIED.,.F.,
  .F.,(2,2),(-7.95,-3.35),.PIECEWISE_BEZIER_KNOTS.);
#8678 = CARTESIAN_POINT('',(11.3,22.));
#8679 = CARTESIAN_POINT('',(6.7,22.));
#8680 = ( GEOMETRIC_REPRESENTATION_CONTEXT(2) 
PARAMETRIC_REPRESENTATION_CONTEXT() REPRESENTATION_CONTEXT('2D SPACE',''
  ) );
#8681 = PCURVE('',#8682,#8687);
#8682 = PLANE('',#8683);
#8683 = AXIS2_PLACEMENT_3D('',#8684,#8685,#8686);
#8684 = CARTESIAN_POINT('',(13.2,28.,-10.55));
#8685 = DIRECTION('',(0.,1.,0.));
#8686 = DIRECTION('',(0.,0.,1.));
#8687 = DEFINITIONAL_REPRESENTATION('',(#8688),#8691);
#8688 = B_SPLINE_CURVE_WITH_KNOTS('',1,(#8689,#8690),.UNSPECIFIED.,.F.,
  .F.,(2,2),(-7.95,-3.35),.PIECEWISE_BEZIER_KNOTS.);
#8689 = CARTESIAN_POINT('',(5.E-02,4.6));
#8690 = CARTESIAN_POINT('',(5.E-02,0.));
#8691 = ( GEOMETRIC_REPRESENTATION_CONTEXT(2) 
PARAMETRIC_REPRESENTATION_CONTEXT() REPRESENTATION_CONTEXT('2D SPACE',''
  ) );
#8692 = ORIENTED_EDGE('',*,*,#8693,.F.);
#8693 = EDGE_CURVE('',#8614,#8668,#8694,.T.);
#8694 = SURFACE_CURVE('',#8695,(#8699,#8705),.PCURVE_S1.);
#8695 = LINE('',#8696,#8697);
#8696 = CARTESIAN_POINT('',(14.,15.8,-10.5));
#8697 = VECTOR('',#8698,1.);
#8698 = DIRECTION('',(0.,1.,0.));
#8699 = PCURVE('',#4373,#8700);
#8700 = DEFINITIONAL_REPRESENTATION('',(#8701),#8704);
#8701 = B_SPLINE_CURVE_WITH_KNOTS('',1,(#8702,#8703),.UNSPECIFIED.,.F.,
  .F.,(2,2),(9.8,12.2),.PIECEWISE_BEZIER_KNOTS.);
#8702 = CARTESIAN_POINT('',(7.5,19.6));
#8703 = CARTESIAN_POINT('',(7.5,22.));
#8704 = ( GEOMETRIC_REPRESENTATION_CONTEXT(2) 
PARAMETRIC_REPRESENTATION_CONTEXT() REPRESENTATION_CONTEXT('2D SPACE',''
  ) );
#8705 = PCURVE('',#8706,#8711);
#8706 = PLANE('',#8707);
#8707 = AXIS2_PLACEMENT_3D('',#8708,#8709,#8710);
#8708 = CARTESIAN_POINT('',(14.,25.6,-10.55));
#8709 = DIRECTION('',(1.,0.,0.));
#8710 = DIRECTION('',(0.,0.,1.));
#8711 = DEFINITIONAL_REPRESENTATION('',(#8712),#8715);
#8712 = B_SPLINE_CURVE_WITH_KNOTS('',1,(#8713,#8714),.UNSPECIFIED.,.F.,
  .F.,(2,2),(9.8,12.2),.PIECEWISE_BEZIER_KNOTS.);
#8713 = CARTESIAN_POINT('',(5.E-02,0.));
#8714 = CARTESIAN_POINT('',(5.E-02,-2.4));
#8715 = ( GEOMETRIC_REPRESENTATION_CONTEXT(2) 
PARAMETRIC_REPRESENTATION_CONTEXT() REPRESENTATION_CONTEXT('2D SPACE',''
  ) );
#8716 = FACE_BOUND('',#8717,.T.);
#8717 = EDGE_LOOP('',(#8718,#8746,#8767,#8793));
#8718 = ORIENTED_EDGE('',*,*,#8719,.F.);
#8719 = EDGE_CURVE('',#8720,#8722,#8724,.T.);
#8720 = VERTEX_POINT('',#8721);
#8721 = CARTESIAN_POINT('',(17.8,25.6,-10.5));
#8722 = VERTEX_POINT('',#8723);
#8723 = CARTESIAN_POINT('',(17.8,28.,-10.5));
#8724 = SURFACE_CURVE('',#8725,(#8729,#8735),.PCURVE_S1.);
#8725 = LINE('',#8726,#8727);
#8726 = CARTESIAN_POINT('',(17.8,15.8,-10.5));
#8727 = VECTOR('',#8728,1.);
#8728 = DIRECTION('',(0.,1.,0.));
#8729 = PCURVE('',#4373,#8730);
#8730 = DEFINITIONAL_REPRESENTATION('',(#8731),#8734);
#8731 = B_SPLINE_CURVE_WITH_KNOTS('',1,(#8732,#8733),.UNSPECIFIED.,.F.,
  .F.,(2,2),(9.8,12.2),.PIECEWISE_BEZIER_KNOTS.);
#8732 = CARTESIAN_POINT('',(11.3,19.6));
#8733 = CARTESIAN_POINT('',(11.3,22.));
#8734 = ( GEOMETRIC_REPRESENTATION_CONTEXT(2) 
PARAMETRIC_REPRESENTATION_CONTEXT() REPRESENTATION_CONTEXT('2D SPACE',''
  ) );
#8735 = PCURVE('',#8736,#8741);
#8736 = PLANE('',#8737);
#8737 = AXIS2_PLACEMENT_3D('',#8738,#8739,#8740);
#8738 = CARTESIAN_POINT('',(17.8,25.6,-8.55));
#8739 = DIRECTION('',(1.,0.,0.));
#8740 = DIRECTION('',(0.,0.,1.));
#8741 = DEFINITIONAL_REPRESENTATION('',(#8742),#8745);
#8742 = B_SPLINE_CURVE_WITH_KNOTS('',1,(#8743,#8744),.UNSPECIFIED.,.F.,
  .F.,(2,2),(9.8,12.2),.PIECEWISE_BEZIER_KNOTS.);
#8743 = CARTESIAN_POINT('',(-1.95,0.));
#8744 = CARTESIAN_POINT('',(-1.95,-2.4));
#8745 = ( GEOMETRIC_REPRESENTATION_CONTEXT(2) 
PARAMETRIC_REPRESENTATION_CONTEXT() REPRESENTATION_CONTEXT('2D SPACE',''
  ) );
#8746 = ORIENTED_EDGE('',*,*,#8747,.T.);
#8747 = EDGE_CURVE('',#8720,#8748,#8750,.T.);
#8748 = VERTEX_POINT('',#8749);
#8749 = CARTESIAN_POINT('',(17.,25.6,-10.5));
#8750 = SURFACE_CURVE('',#8751,(#8755,#8761),.PCURVE_S1.);
#8751 = LINE('',#8752,#8753);
#8752 = CARTESIAN_POINT('',(9.85,25.6,-10.5));
#8753 = VECTOR('',#8754,1.);
#8754 = DIRECTION('',(-1.,0.,0.));
#8755 = PCURVE('',#4373,#8756);
#8756 = DEFINITIONAL_REPRESENTATION('',(#8757),#8760);
#8757 = B_SPLINE_CURVE_WITH_KNOTS('',1,(#8758,#8759),.UNSPECIFIED.,.F.,
  .F.,(2,2),(-7.95,-3.35),.PIECEWISE_BEZIER_KNOTS.);
#8758 = CARTESIAN_POINT('',(11.3,19.6));
#8759 = CARTESIAN_POINT('',(6.7,19.6));
#8760 = ( GEOMETRIC_REPRESENTATION_CONTEXT(2) 
PARAMETRIC_REPRESENTATION_CONTEXT() REPRESENTATION_CONTEXT('2D SPACE',''
  ) );
#8761 = PCURVE('',#8630,#8762);
#8762 = DEFINITIONAL_REPRESENTATION('',(#8763),#8766);
#8763 = B_SPLINE_CURVE_WITH_KNOTS('',1,(#8764,#8765),.UNSPECIFIED.,.F.,
  .F.,(2,2),(-7.95,-3.35),.PIECEWISE_BEZIER_KNOTS.);
#8764 = CARTESIAN_POINT('',(5.E-02,4.6));
#8765 = CARTESIAN_POINT('',(5.E-02,0.));
#8766 = ( GEOMETRIC_REPRESENTATION_CONTEXT(2) 
PARAMETRIC_REPRESENTATION_CONTEXT() REPRESENTATION_CONTEXT('2D SPACE',''
  ) );
#8767 = ORIENTED_EDGE('',*,*,#8768,.T.);
#8768 = EDGE_CURVE('',#8748,#8769,#8771,.T.);
#8769 = VERTEX_POINT('',#8770);
#8770 = CARTESIAN_POINT('',(17.,28.,-10.5));
#8771 = SURFACE_CURVE('',#8772,(#8776,#8782),.PCURVE_S1.);
#8772 = LINE('',#8773,#8774);
#8773 = CARTESIAN_POINT('',(17.,15.8,-10.5));
#8774 = VECTOR('',#8775,1.);
#8775 = DIRECTION('',(0.,1.,0.));
#8776 = PCURVE('',#4373,#8777);
#8777 = DEFINITIONAL_REPRESENTATION('',(#8778),#8781);
#8778 = B_SPLINE_CURVE_WITH_KNOTS('',1,(#8779,#8780),.UNSPECIFIED.,.F.,
  .F.,(2,2),(9.8,12.2),.PIECEWISE_BEZIER_KNOTS.);
#8779 = CARTESIAN_POINT('',(10.5,19.6));
#8780 = CARTESIAN_POINT('',(10.5,22.));
#8781 = ( GEOMETRIC_REPRESENTATION_CONTEXT(2) 
PARAMETRIC_REPRESENTATION_CONTEXT() REPRESENTATION_CONTEXT('2D SPACE',''
  ) );
#8782 = PCURVE('',#8783,#8788);
#8783 = PLANE('',#8784);
#8784 = AXIS2_PLACEMENT_3D('',#8785,#8786,#8787);
#8785 = CARTESIAN_POINT('',(17.,25.6,-10.55));
#8786 = DIRECTION('',(1.,0.,0.));
#8787 = DIRECTION('',(0.,0.,1.));
#8788 = DEFINITIONAL_REPRESENTATION('',(#8789),#8792);
#8789 = B_SPLINE_CURVE_WITH_KNOTS('',1,(#8790,#8791),.UNSPECIFIED.,.F.,
  .F.,(2,2),(9.8,12.2),.PIECEWISE_BEZIER_KNOTS.);
#8790 = CARTESIAN_POINT('',(5.E-02,0.));
#8791 = CARTESIAN_POINT('',(5.E-02,-2.4));
#8792 = ( GEOMETRIC_REPRESENTATION_CONTEXT(2) 
PARAMETRIC_REPRESENTATION_CONTEXT() REPRESENTATION_CONTEXT('2D SPACE',''
  ) );
#8793 = ORIENTED_EDGE('',*,*,#8794,.F.);
#8794 = EDGE_CURVE('',#8722,#8769,#8795,.T.);
#8795 = SURFACE_CURVE('',#8796,(#8800,#8806),.PCURVE_S1.);
#8796 = LINE('',#8797,#8798);
#8797 = CARTESIAN_POINT('',(9.85,28.,-10.5));
#8798 = VECTOR('',#8799,1.);
#8799 = DIRECTION('',(-1.,0.,0.));
#8800 = PCURVE('',#4373,#8801);
#8801 = DEFINITIONAL_REPRESENTATION('',(#8802),#8805);
#8802 = B_SPLINE_CURVE_WITH_KNOTS('',1,(#8803,#8804),.UNSPECIFIED.,.F.,
  .F.,(2,2),(-7.95,-3.35),.PIECEWISE_BEZIER_KNOTS.);
#8803 = CARTESIAN_POINT('',(11.3,22.));
#8804 = CARTESIAN_POINT('',(6.7,22.));
#8805 = ( GEOMETRIC_REPRESENTATION_CONTEXT(2) 
PARAMETRIC_REPRESENTATION_CONTEXT() REPRESENTATION_CONTEXT('2D SPACE',''
  ) );
#8806 = PCURVE('',#8682,#8807);
#8807 = DEFINITIONAL_REPRESENTATION('',(#8808),#8811);
#8808 = B_SPLINE_CURVE_WITH_KNOTS('',1,(#8809,#8810),.UNSPECIFIED.,.F.,
  .F.,(2,2),(-7.95,-3.35),.PIECEWISE_BEZIER_KNOTS.);
#8809 = CARTESIAN_POINT('',(5.E-02,4.6));
#8810 = CARTESIAN_POINT('',(5.E-02,0.));
#8811 = ( GEOMETRIC_REPRESENTATION_CONTEXT(2) 
PARAMETRIC_REPRESENTATION_CONTEXT() REPRESENTATION_CONTEXT('2D SPACE',''
  ) );
#8812 = FACE_BOUND('',#8813,.T.);
#8813 = EDGE_LOOP('',(#8814));
#8814 = ORIENTED_EDGE('',*,*,#8815,.T.);
#8815 = EDGE_CURVE('',#8816,#8816,#8818,.T.);
#8816 = VERTEX_POINT('',#8817);
#8817 = CARTESIAN_POINT('',(9.,37.,-10.5));
#8818 = SURFACE_CURVE('',#8819,(#8824,#8835),.PCURVE_S1.);
#8819 = CIRCLE('',#8820,3.);
#8820 = AXIS2_PLACEMENT_3D('',#8821,#8822,#8823);
#8821 = CARTESIAN_POINT('',(6.,37.,-10.5));
#8822 = DIRECTION('',(0.,0.,-1.));
#8823 = DIRECTION('',(1.,0.,0.));
#8824 = PCURVE('',#4373,#8825);
#8825 = DEFINITIONAL_REPRESENTATION('',(#8826),#8834);
#8826 = ( BOUNDED_CURVE() B_SPLINE_CURVE(2,(#8827,#8828,#8829,#8830,
#8831,#8832,#8833),.UNSPECIFIED.,.T.,.F.) B_SPLINE_CURVE_WITH_KNOTS((1,2
    ,2,2,2,1),(-2.094395102393,0.,2.094395102393,4.188790204786,
6.28318530718,8.377580409573),.UNSPECIFIED.) CURVE() 
GEOMETRIC_REPRESENTATION_ITEM() RATIONAL_B_SPLINE_CURVE((1.,0.5,1.,0.5,
1.,0.5,1.)) REPRESENTATION_ITEM('') );
#8827 = CARTESIAN_POINT('',(2.5,31.));
#8828 = CARTESIAN_POINT('',(2.5,25.803847577293));
#8829 = CARTESIAN_POINT('',(-2.,28.401923788647));
#8830 = CARTESIAN_POINT('',(-6.5,31.));
#8831 = CARTESIAN_POINT('',(-2.,33.598076211353));
#8832 = CARTESIAN_POINT('',(2.5,36.196152422707));
#8833 = CARTESIAN_POINT('',(2.5,31.));
#8834 = ( GEOMETRIC_REPRESENTATION_CONTEXT(2) 
PARAMETRIC_REPRESENTATION_CONTEXT() REPRESENTATION_CONTEXT('2D SPACE',''
  ) );
#8835 = PCURVE('',#8836,#8841);
#8836 = CYLINDRICAL_SURFACE('',#8837,3.);
#8837 = AXIS2_PLACEMENT_3D('',#8838,#8839,#8840);
#8838 = CARTESIAN_POINT('',(6.,37.,-10.8));
#8839 = DIRECTION('',(-0.,-0.,-1.));
#8840 = DIRECTION('',(1.,0.,0.));
#8841 = DEFINITIONAL_REPRESENTATION('',(#8842),#8846);
#8842 = LINE('',#8843,#8844);
#8843 = CARTESIAN_POINT('',(-6.28318530718,-0.3));
#8844 = VECTOR('',#8845,1.);
#8845 = DIRECTION('',(1.,-0.));
#8846 = ( GEOMETRIC_REPRESENTATION_CONTEXT(2) 
PARAMETRIC_REPRESENTATION_CONTEXT() REPRESENTATION_CONTEXT('2D SPACE',''
  ) );
#8847 = FACE_BOUND('',#8848,.T.);
#8848 = EDGE_LOOP('',(#8849,#8877,#8903,#8929));
#8849 = ORIENTED_EDGE('',*,*,#8850,.T.);
#8850 = EDGE_CURVE('',#8851,#8853,#8855,.T.);
#8851 = VERTEX_POINT('',#8852);
#8852 = CARTESIAN_POINT('',(30.,32.6,-10.5));
#8853 = VERTEX_POINT('',#8854);
#8854 = CARTESIAN_POINT('',(29.2,32.6,-10.5));
#8855 = SURFACE_CURVE('',#8856,(#8860,#8866),.PCURVE_S1.);
#8856 = LINE('',#8857,#8858);
#8857 = CARTESIAN_POINT('',(17.85,32.6,-10.5));
#8858 = VECTOR('',#8859,1.);
#8859 = DIRECTION('',(-1.,0.,0.));
#8860 = PCURVE('',#4373,#8861);
#8861 = DEFINITIONAL_REPRESENTATION('',(#8862),#8865);
#8862 = B_SPLINE_CURVE_WITH_KNOTS('',1,(#8863,#8864),.UNSPECIFIED.,.F.,
  .F.,(2,2),(-15.95,-11.35),.PIECEWISE_BEZIER_KNOTS.);
#8863 = CARTESIAN_POINT('',(27.3,26.6));
#8864 = CARTESIAN_POINT('',(22.7,26.6));
#8865 = ( GEOMETRIC_REPRESENTATION_CONTEXT(2) 
PARAMETRIC_REPRESENTATION_CONTEXT() REPRESENTATION_CONTEXT('2D SPACE',''
  ) );
#8866 = PCURVE('',#8867,#8872);
#8867 = PLANE('',#8868);
#8868 = AXIS2_PLACEMENT_3D('',#8869,#8870,#8871);
#8869 = CARTESIAN_POINT('',(29.2,32.6,-10.55));
#8870 = DIRECTION('',(0.,1.,0.));
#8871 = DIRECTION('',(0.,0.,1.));
#8872 = DEFINITIONAL_REPRESENTATION('',(#8873),#8876);
#8873 = B_SPLINE_CURVE_WITH_KNOTS('',1,(#8874,#8875),.UNSPECIFIED.,.F.,
  .F.,(2,2),(-15.95,-11.35),.PIECEWISE_BEZIER_KNOTS.);
#8874 = CARTESIAN_POINT('',(5.E-02,4.6));
#8875 = CARTESIAN_POINT('',(5.E-02,-3.552713678801E-15));
#8876 = ( GEOMETRIC_REPRESENTATION_CONTEXT(2) 
PARAMETRIC_REPRESENTATION_CONTEXT() REPRESENTATION_CONTEXT('2D SPACE',''
  ) );
#8877 = ORIENTED_EDGE('',*,*,#8878,.T.);
#8878 = EDGE_CURVE('',#8853,#8879,#8881,.T.);
#8879 = VERTEX_POINT('',#8880);
#8880 = CARTESIAN_POINT('',(29.2,35.,-10.5));
#8881 = SURFACE_CURVE('',#8882,(#8886,#8892),.PCURVE_S1.);
#8882 = LINE('',#8883,#8884);
#8883 = CARTESIAN_POINT('',(29.2,19.3,-10.5));
#8884 = VECTOR('',#8885,1.);
#8885 = DIRECTION('',(0.,1.,0.));
#8886 = PCURVE('',#4373,#8887);
#8887 = DEFINITIONAL_REPRESENTATION('',(#8888),#8891);
#8888 = B_SPLINE_CURVE_WITH_KNOTS('',1,(#8889,#8890),.UNSPECIFIED.,.F.,
  .F.,(2,2),(13.3,15.7),.PIECEWISE_BEZIER_KNOTS.);
#8889 = CARTESIAN_POINT('',(22.7,26.6));
#8890 = CARTESIAN_POINT('',(22.7,29.));
#8891 = ( GEOMETRIC_REPRESENTATION_CONTEXT(2) 
PARAMETRIC_REPRESENTATION_CONTEXT() REPRESENTATION_CONTEXT('2D SPACE',''
  ) );
#8892 = PCURVE('',#8893,#8898);
#8893 = PLANE('',#8894);
#8894 = AXIS2_PLACEMENT_3D('',#8895,#8896,#8897);
#8895 = CARTESIAN_POINT('',(29.2,32.6,-10.55));
#8896 = DIRECTION('',(1.,0.,0.));
#8897 = DIRECTION('',(0.,0.,1.));
#8898 = DEFINITIONAL_REPRESENTATION('',(#8899),#8902);
#8899 = B_SPLINE_CURVE_WITH_KNOTS('',1,(#8900,#8901),.UNSPECIFIED.,.F.,
  .F.,(2,2),(13.3,15.7),.PIECEWISE_BEZIER_KNOTS.);
#8900 = CARTESIAN_POINT('',(5.E-02,0.));
#8901 = CARTESIAN_POINT('',(5.E-02,-2.4));
#8902 = ( GEOMETRIC_REPRESENTATION_CONTEXT(2) 
PARAMETRIC_REPRESENTATION_CONTEXT() REPRESENTATION_CONTEXT('2D SPACE',''
  ) );
#8903 = ORIENTED_EDGE('',*,*,#8904,.F.);
#8904 = EDGE_CURVE('',#8905,#8879,#8907,.T.);
#8905 = VERTEX_POINT('',#8906);
#8906 = CARTESIAN_POINT('',(30.,35.,-10.5));
#8907 = SURFACE_CURVE('',#8908,(#8912,#8918),.PCURVE_S1.);
#8908 = LINE('',#8909,#8910);
#8909 = CARTESIAN_POINT('',(17.85,35.,-10.5));
#8910 = VECTOR('',#8911,1.);
#8911 = DIRECTION('',(-1.,0.,0.));
#8912 = PCURVE('',#4373,#8913);
#8913 = DEFINITIONAL_REPRESENTATION('',(#8914),#8917);
#8914 = B_SPLINE_CURVE_WITH_KNOTS('',1,(#8915,#8916),.UNSPECIFIED.,.F.,
  .F.,(2,2),(-15.95,-11.35),.PIECEWISE_BEZIER_KNOTS.);
#8915 = CARTESIAN_POINT('',(27.3,29.));
#8916 = CARTESIAN_POINT('',(22.7,29.));
#8917 = ( GEOMETRIC_REPRESENTATION_CONTEXT(2) 
PARAMETRIC_REPRESENTATION_CONTEXT() REPRESENTATION_CONTEXT('2D SPACE',''
  ) );
#8918 = PCURVE('',#8919,#8924);
#8919 = PLANE('',#8920);
#8920 = AXIS2_PLACEMENT_3D('',#8921,#8922,#8923);
#8921 = CARTESIAN_POINT('',(29.2,35.,-10.55));
#8922 = DIRECTION('',(0.,1.,0.));
#8923 = DIRECTION('',(0.,0.,1.));
#8924 = DEFINITIONAL_REPRESENTATION('',(#8925),#8928);
#8925 = B_SPLINE_CURVE_WITH_KNOTS('',1,(#8926,#8927),.UNSPECIFIED.,.F.,
  .F.,(2,2),(-15.95,-11.35),.PIECEWISE_BEZIER_KNOTS.);
#8926 = CARTESIAN_POINT('',(5.E-02,4.6));
#8927 = CARTESIAN_POINT('',(5.E-02,-3.552713678801E-15));
#8928 = ( GEOMETRIC_REPRESENTATION_CONTEXT(2) 
PARAMETRIC_REPRESENTATION_CONTEXT() REPRESENTATION_CONTEXT('2D SPACE',''
  ) );
#8929 = ORIENTED_EDGE('',*,*,#8930,.F.);
#8930 = EDGE_CURVE('',#8851,#8905,#8931,.T.);
#8931 = SURFACE_CURVE('',#8932,(#8936,#8942),.PCURVE_S1.);
#8932 = LINE('',#8933,#8934);
#8933 = CARTESIAN_POINT('',(30.,19.3,-10.5));
#8934 = VECTOR('',#8935,1.);
#8935 = DIRECTION('',(0.,1.,0.));
#8936 = PCURVE('',#4373,#8937);
#8937 = DEFINITIONAL_REPRESENTATION('',(#8938),#8941);
#8938 = B_SPLINE_CURVE_WITH_KNOTS('',1,(#8939,#8940),.UNSPECIFIED.,.F.,
  .F.,(2,2),(13.3,15.7),.PIECEWISE_BEZIER_KNOTS.);
#8939 = CARTESIAN_POINT('',(23.5,26.6));
#8940 = CARTESIAN_POINT('',(23.5,29.));
#8941 = ( GEOMETRIC_REPRESENTATION_CONTEXT(2) 
PARAMETRIC_REPRESENTATION_CONTEXT() REPRESENTATION_CONTEXT('2D SPACE',''
  ) );
#8942 = PCURVE('',#8943,#8948);
#8943 = PLANE('',#8944);
#8944 = AXIS2_PLACEMENT_3D('',#8945,#8946,#8947);
#8945 = CARTESIAN_POINT('',(30.,32.6,-10.55));
#8946 = DIRECTION('',(1.,0.,0.));
#8947 = DIRECTION('',(0.,0.,1.));
#8948 = DEFINITIONAL_REPRESENTATION('',(#8949),#8952);
#8949 = B_SPLINE_CURVE_WITH_KNOTS('',1,(#8950,#8951),.UNSPECIFIED.,.F.,
  .F.,(2,2),(13.3,15.7),.PIECEWISE_BEZIER_KNOTS.);
#8950 = CARTESIAN_POINT('',(5.E-02,0.));
#8951 = CARTESIAN_POINT('',(5.E-02,-2.4));
#8952 = ( GEOMETRIC_REPRESENTATION_CONTEXT(2) 
PARAMETRIC_REPRESENTATION_CONTEXT() REPRESENTATION_CONTEXT('2D SPACE',''
  ) );
#8953 = FACE_BOUND('',#8954,.T.);
#8954 = EDGE_LOOP('',(#8955,#8983,#9004,#9030));
#8955 = ORIENTED_EDGE('',*,*,#8956,.F.);
#8956 = EDGE_CURVE('',#8957,#8959,#8961,.T.);
#8957 = VERTEX_POINT('',#8958);
#8958 = CARTESIAN_POINT('',(33.8,32.6,-10.5));
#8959 = VERTEX_POINT('',#8960);
#8960 = CARTESIAN_POINT('',(33.8,35.,-10.5));
#8961 = SURFACE_CURVE('',#8962,(#8966,#8972),.PCURVE_S1.);
#8962 = LINE('',#8963,#8964);
#8963 = CARTESIAN_POINT('',(33.8,19.3,-10.5));
#8964 = VECTOR('',#8965,1.);
#8965 = DIRECTION('',(0.,1.,0.));
#8966 = PCURVE('',#4373,#8967);
#8967 = DEFINITIONAL_REPRESENTATION('',(#8968),#8971);
#8968 = B_SPLINE_CURVE_WITH_KNOTS('',1,(#8969,#8970),.UNSPECIFIED.,.F.,
  .F.,(2,2),(13.3,15.7),.PIECEWISE_BEZIER_KNOTS.);
#8969 = CARTESIAN_POINT('',(27.3,26.6));
#8970 = CARTESIAN_POINT('',(27.3,29.));
#8971 = ( GEOMETRIC_REPRESENTATION_CONTEXT(2) 
PARAMETRIC_REPRESENTATION_CONTEXT() REPRESENTATION_CONTEXT('2D SPACE',''
  ) );
#8972 = PCURVE('',#8973,#8978);
#8973 = PLANE('',#8974);
#8974 = AXIS2_PLACEMENT_3D('',#8975,#8976,#8977);
#8975 = CARTESIAN_POINT('',(33.8,32.6,-8.55));
#8976 = DIRECTION('',(1.,0.,0.));
#8977 = DIRECTION('',(0.,0.,1.));
#8978 = DEFINITIONAL_REPRESENTATION('',(#8979),#8982);
#8979 = B_SPLINE_CURVE_WITH_KNOTS('',1,(#8980,#8981),.UNSPECIFIED.,.F.,
  .F.,(2,2),(13.3,15.7),.PIECEWISE_BEZIER_KNOTS.);
#8980 = CARTESIAN_POINT('',(-1.95,0.));
#8981 = CARTESIAN_POINT('',(-1.95,-2.4));
#8982 = ( GEOMETRIC_REPRESENTATION_CONTEXT(2) 
PARAMETRIC_REPRESENTATION_CONTEXT() REPRESENTATION_CONTEXT('2D SPACE',''
  ) );
#8983 = ORIENTED_EDGE('',*,*,#8984,.T.);
#8984 = EDGE_CURVE('',#8957,#8985,#8987,.T.);
#8985 = VERTEX_POINT('',#8986);
#8986 = CARTESIAN_POINT('',(33.,32.6,-10.5));
#8987 = SURFACE_CURVE('',#8988,(#8992,#8998),.PCURVE_S1.);
#8988 = LINE('',#8989,#8990);
#8989 = CARTESIAN_POINT('',(17.85,32.6,-10.5));
#8990 = VECTOR('',#8991,1.);
#8991 = DIRECTION('',(-1.,0.,0.));
#8992 = PCURVE('',#4373,#8993);
#8993 = DEFINITIONAL_REPRESENTATION('',(#8994),#8997);
#8994 = B_SPLINE_CURVE_WITH_KNOTS('',1,(#8995,#8996),.UNSPECIFIED.,.F.,
  .F.,(2,2),(-15.95,-11.35),.PIECEWISE_BEZIER_KNOTS.);
#8995 = CARTESIAN_POINT('',(27.3,26.6));
#8996 = CARTESIAN_POINT('',(22.7,26.6));
#8997 = ( GEOMETRIC_REPRESENTATION_CONTEXT(2) 
PARAMETRIC_REPRESENTATION_CONTEXT() REPRESENTATION_CONTEXT('2D SPACE',''
  ) );
#8998 = PCURVE('',#8867,#8999);
#8999 = DEFINITIONAL_REPRESENTATION('',(#9000),#9003);
#9000 = B_SPLINE_CURVE_WITH_KNOTS('',1,(#9001,#9002),.UNSPECIFIED.,.F.,
  .F.,(2,2),(-15.95,-11.35),.PIECEWISE_BEZIER_KNOTS.);
#9001 = CARTESIAN_POINT('',(5.E-02,4.6));
#9002 = CARTESIAN_POINT('',(5.E-02,-3.552713678801E-15));
#9003 = ( GEOMETRIC_REPRESENTATION_CONTEXT(2) 
PARAMETRIC_REPRESENTATION_CONTEXT() REPRESENTATION_CONTEXT('2D SPACE',''
  ) );
#9004 = ORIENTED_EDGE('',*,*,#9005,.T.);
#9005 = EDGE_CURVE('',#8985,#9006,#9008,.T.);
#9006 = VERTEX_POINT('',#9007);
#9007 = CARTESIAN_POINT('',(33.,35.,-10.5));
#9008 = SURFACE_CURVE('',#9009,(#9013,#9019),.PCURVE_S1.);
#9009 = LINE('',#9010,#9011);
#9010 = CARTESIAN_POINT('',(33.,19.3,-10.5));
#9011 = VECTOR('',#9012,1.);
#9012 = DIRECTION('',(0.,1.,0.));
#9013 = PCURVE('',#4373,#9014);
#9014 = DEFINITIONAL_REPRESENTATION('',(#9015),#9018);
#9015 = B_SPLINE_CURVE_WITH_KNOTS('',1,(#9016,#9017),.UNSPECIFIED.,.F.,
  .F.,(2,2),(13.3,15.7),.PIECEWISE_BEZIER_KNOTS.);
#9016 = CARTESIAN_POINT('',(26.5,26.6));
#9017 = CARTESIAN_POINT('',(26.5,29.));
#9018 = ( GEOMETRIC_REPRESENTATION_CONTEXT(2) 
PARAMETRIC_REPRESENTATION_CONTEXT() REPRESENTATION_CONTEXT('2D SPACE',''
  ) );
#9019 = PCURVE('',#9020,#9025);
#9020 = PLANE('',#9021);
#9021 = AXIS2_PLACEMENT_3D('',#9022,#9023,#9024);
#9022 = CARTESIAN_POINT('',(33.,32.6,-10.55));
#9023 = DIRECTION('',(1.,0.,0.));
#9024 = DIRECTION('',(0.,0.,1.));
#9025 = DEFINITIONAL_REPRESENTATION('',(#9026),#9029);
#9026 = B_SPLINE_CURVE_WITH_KNOTS('',1,(#9027,#9028),.UNSPECIFIED.,.F.,
  .F.,(2,2),(13.3,15.7),.PIECEWISE_BEZIER_KNOTS.);
#9027 = CARTESIAN_POINT('',(5.E-02,0.));
#9028 = CARTESIAN_POINT('',(5.E-02,-2.4));
#9029 = ( GEOMETRIC_REPRESENTATION_CONTEXT(2) 
PARAMETRIC_REPRESENTATION_CONTEXT() REPRESENTATION_CONTEXT('2D SPACE',''
  ) );
#9030 = ORIENTED_EDGE('',*,*,#9031,.F.);
#9031 = EDGE_CURVE('',#8959,#9006,#9032,.T.);
#9032 = SURFACE_CURVE('',#9033,(#9037,#9043),.PCURVE_S1.);
#9033 = LINE('',#9034,#9035);
#9034 = CARTESIAN_POINT('',(17.85,35.,-10.5));
#9035 = VECTOR('',#9036,1.);
#9036 = DIRECTION('',(-1.,0.,0.));
#9037 = PCURVE('',#4373,#9038);
#9038 = DEFINITIONAL_REPRESENTATION('',(#9039),#9042);
#9039 = B_SPLINE_CURVE_WITH_KNOTS('',1,(#9040,#9041),.UNSPECIFIED.,.F.,
  .F.,(2,2),(-15.95,-11.35),.PIECEWISE_BEZIER_KNOTS.);
#9040 = CARTESIAN_POINT('',(27.3,29.));
#9041 = CARTESIAN_POINT('',(22.7,29.));
#9042 = ( GEOMETRIC_REPRESENTATION_CONTEXT(2) 
PARAMETRIC_REPRESENTATION_CONTEXT() REPRESENTATION_CONTEXT('2D SPACE',''
  ) );
#9043 = PCURVE('',#8919,#9044);
#9044 = DEFINITIONAL_REPRESENTATION('',(#9045),#9048);
#9045 = B_SPLINE_CURVE_WITH_KNOTS('',1,(#9046,#9047),.UNSPECIFIED.,.F.,
  .F.,(2,2),(-15.95,-11.35),.PIECEWISE_BEZIER_KNOTS.);
#9046 = CARTESIAN_POINT('',(5.E-02,4.6));
#9047 = CARTESIAN_POINT('',(5.E-02,-3.552713678801E-15));
#9048 = ( GEOMETRIC_REPRESENTATION_CONTEXT(2) 
PARAMETRIC_REPRESENTATION_CONTEXT() REPRESENTATION_CONTEXT('2D SPACE',''
  ) );
#9049 = FACE_BOUND('',#9050,.T.);
#9050 = EDGE_LOOP('',(#9051,#9079,#9105,#9131));
#9051 = ORIENTED_EDGE('',*,*,#9052,.T.);
#9052 = EDGE_CURVE('',#9053,#9055,#9057,.T.);
#9053 = VERTEX_POINT('',#9054);
#9054 = CARTESIAN_POINT('',(46.5,38.1,-10.5));
#9055 = VERTEX_POINT('',#9056);
#9056 = CARTESIAN_POINT('',(45.7,38.1,-10.5));
#9057 = SURFACE_CURVE('',#9058,(#9062,#9068),.PCURVE_S1.);
#9058 = LINE('',#9059,#9060);
#9059 = CARTESIAN_POINT('',(26.1,38.1,-10.5));
#9060 = VECTOR('',#9061,1.);
#9061 = DIRECTION('',(-1.,0.,0.));
#9062 = PCURVE('',#4373,#9063);
#9063 = DEFINITIONAL_REPRESENTATION('',(#9064),#9067);
#9064 = B_SPLINE_CURVE_WITH_KNOTS('',1,(#9065,#9066),.UNSPECIFIED.,.F.,
  .F.,(2,2),(-24.2,-19.6),.PIECEWISE_BEZIER_KNOTS.);
#9065 = CARTESIAN_POINT('',(43.8,32.1));
#9066 = CARTESIAN_POINT('',(39.2,32.1));
#9067 = ( GEOMETRIC_REPRESENTATION_CONTEXT(2) 
PARAMETRIC_REPRESENTATION_CONTEXT() REPRESENTATION_CONTEXT('2D SPACE',''
  ) );
#9068 = PCURVE('',#9069,#9074);
#9069 = PLANE('',#9070);
#9070 = AXIS2_PLACEMENT_3D('',#9071,#9072,#9073);
#9071 = CARTESIAN_POINT('',(45.7,38.1,-10.55));
#9072 = DIRECTION('',(0.,1.,0.));
#9073 = DIRECTION('',(0.,0.,1.));
#9074 = DEFINITIONAL_REPRESENTATION('',(#9075),#9078);
#9075 = B_SPLINE_CURVE_WITH_KNOTS('',1,(#9076,#9077),.UNSPECIFIED.,.F.,
  .F.,(2,2),(-24.2,-19.6),.PIECEWISE_BEZIER_KNOTS.);
#9076 = CARTESIAN_POINT('',(5.E-02,4.6));
#9077 = CARTESIAN_POINT('',(5.E-02,0.));
#9078 = ( GEOMETRIC_REPRESENTATION_CONTEXT(2) 
PARAMETRIC_REPRESENTATION_CONTEXT() REPRESENTATION_CONTEXT('2D SPACE',''
  ) );
#9079 = ORIENTED_EDGE('',*,*,#9080,.T.);
#9080 = EDGE_CURVE('',#9055,#9081,#9083,.T.);
#9081 = VERTEX_POINT('',#9082);
#9082 = CARTESIAN_POINT('',(45.7,40.5,-10.5));
#9083 = SURFACE_CURVE('',#9084,(#9088,#9094),.PCURVE_S1.);
#9084 = LINE('',#9085,#9086);
#9085 = CARTESIAN_POINT('',(45.7,22.05,-10.5));
#9086 = VECTOR('',#9087,1.);
#9087 = DIRECTION('',(0.,1.,0.));
#9088 = PCURVE('',#4373,#9089);
#9089 = DEFINITIONAL_REPRESENTATION('',(#9090),#9093);
#9090 = B_SPLINE_CURVE_WITH_KNOTS('',1,(#9091,#9092),.UNSPECIFIED.,.F.,
  .F.,(2,2),(16.05,18.45),.PIECEWISE_BEZIER_KNOTS.);
#9091 = CARTESIAN_POINT('',(39.2,32.1));
#9092 = CARTESIAN_POINT('',(39.2,34.5));
#9093 = ( GEOMETRIC_REPRESENTATION_CONTEXT(2) 
PARAMETRIC_REPRESENTATION_CONTEXT() REPRESENTATION_CONTEXT('2D SPACE',''
  ) );
#9094 = PCURVE('',#9095,#9100);
#9095 = PLANE('',#9096);
#9096 = AXIS2_PLACEMENT_3D('',#9097,#9098,#9099);
#9097 = CARTESIAN_POINT('',(45.7,38.1,-10.55));
#9098 = DIRECTION('',(1.,0.,0.));
#9099 = DIRECTION('',(0.,0.,1.));
#9100 = DEFINITIONAL_REPRESENTATION('',(#9101),#9104);
#9101 = B_SPLINE_CURVE_WITH_KNOTS('',1,(#9102,#9103),.UNSPECIFIED.,.F.,
  .F.,(2,2),(16.05,18.45),.PIECEWISE_BEZIER_KNOTS.);
#9102 = CARTESIAN_POINT('',(5.E-02,0.));
#9103 = CARTESIAN_POINT('',(5.E-02,-2.4));
#9104 = ( GEOMETRIC_REPRESENTATION_CONTEXT(2) 
PARAMETRIC_REPRESENTATION_CONTEXT() REPRESENTATION_CONTEXT('2D SPACE',''
  ) );
#9105 = ORIENTED_EDGE('',*,*,#9106,.F.);
#9106 = EDGE_CURVE('',#9107,#9081,#9109,.T.);
#9107 = VERTEX_POINT('',#9108);
#9108 = CARTESIAN_POINT('',(46.5,40.5,-10.5));
#9109 = SURFACE_CURVE('',#9110,(#9114,#9120),.PCURVE_S1.);
#9110 = LINE('',#9111,#9112);
#9111 = CARTESIAN_POINT('',(26.1,40.5,-10.5));
#9112 = VECTOR('',#9113,1.);
#9113 = DIRECTION('',(-1.,0.,0.));
#9114 = PCURVE('',#4373,#9115);
#9115 = DEFINITIONAL_REPRESENTATION('',(#9116),#9119);
#9116 = B_SPLINE_CURVE_WITH_KNOTS('',1,(#9117,#9118),.UNSPECIFIED.,.F.,
  .F.,(2,2),(-24.2,-19.6),.PIECEWISE_BEZIER_KNOTS.);
#9117 = CARTESIAN_POINT('',(43.8,34.5));
#9118 = CARTESIAN_POINT('',(39.2,34.5));
#9119 = ( GEOMETRIC_REPRESENTATION_CONTEXT(2) 
PARAMETRIC_REPRESENTATION_CONTEXT() REPRESENTATION_CONTEXT('2D SPACE',''
  ) );
#9120 = PCURVE('',#9121,#9126);
#9121 = PLANE('',#9122);
#9122 = AXIS2_PLACEMENT_3D('',#9123,#9124,#9125);
#9123 = CARTESIAN_POINT('',(45.7,40.5,-10.55));
#9124 = DIRECTION('',(0.,1.,0.));
#9125 = DIRECTION('',(0.,0.,1.));
#9126 = DEFINITIONAL_REPRESENTATION('',(#9127),#9130);
#9127 = B_SPLINE_CURVE_WITH_KNOTS('',1,(#9128,#9129),.UNSPECIFIED.,.F.,
  .F.,(2,2),(-24.2,-19.6),.PIECEWISE_BEZIER_KNOTS.);
#9128 = CARTESIAN_POINT('',(5.E-02,4.6));
#9129 = CARTESIAN_POINT('',(5.E-02,0.));
#9130 = ( GEOMETRIC_REPRESENTATION_CONTEXT(2) 
PARAMETRIC_REPRESENTATION_CONTEXT() REPRESENTATION_CONTEXT('2D SPACE',''
  ) );
#9131 = ORIENTED_EDGE('',*,*,#9132,.F.);
#9132 = EDGE_CURVE('',#9053,#9107,#9133,.T.);
#9133 = SURFACE_CURVE('',#9134,(#9138,#9144),.PCURVE_S1.);
#9134 = LINE('',#9135,#9136);
#9135 = CARTESIAN_POINT('',(46.5,22.05,-10.5));
#9136 = VECTOR('',#9137,1.);
#9137 = DIRECTION('',(0.,1.,0.));
#9138 = PCURVE('',#4373,#9139);
#9139 = DEFINITIONAL_REPRESENTATION('',(#9140),#9143);
#9140 = B_SPLINE_CURVE_WITH_KNOTS('',1,(#9141,#9142),.UNSPECIFIED.,.F.,
  .F.,(2,2),(16.05,18.45),.PIECEWISE_BEZIER_KNOTS.);
#9141 = CARTESIAN_POINT('',(40.,32.1));
#9142 = CARTESIAN_POINT('',(40.,34.5));
#9143 = ( GEOMETRIC_REPRESENTATION_CONTEXT(2) 
PARAMETRIC_REPRESENTATION_CONTEXT() REPRESENTATION_CONTEXT('2D SPACE',''
  ) );
#9144 = PCURVE('',#9145,#9150);
#9145 = PLANE('',#9146);
#9146 = AXIS2_PLACEMENT_3D('',#9147,#9148,#9149);
#9147 = CARTESIAN_POINT('',(46.5,38.1,-10.55));
#9148 = DIRECTION('',(1.,0.,0.));
#9149 = DIRECTION('',(0.,0.,1.));
#9150 = DEFINITIONAL_REPRESENTATION('',(#9151),#9154);
#9151 = B_SPLINE_CURVE_WITH_KNOTS('',1,(#9152,#9153),.UNSPECIFIED.,.F.,
  .F.,(2,2),(16.05,18.45),.PIECEWISE_BEZIER_KNOTS.);
#9152 = CARTESIAN_POINT('',(5.E-02,0.));
#9153 = CARTESIAN_POINT('',(5.E-02,-2.4));
#9154 = ( GEOMETRIC_REPRESENTATION_CONTEXT(2) 
PARAMETRIC_REPRESENTATION_CONTEXT() REPRESENTATION_CONTEXT('2D SPACE',''
  ) );
#9155 = FACE_BOUND('',#9156,.T.);
#9156 = EDGE_LOOP('',(#9157,#9185,#9206,#9232));
#9157 = ORIENTED_EDGE('',*,*,#9158,.F.);
#9158 = EDGE_CURVE('',#9159,#9161,#9163,.T.);
#9159 = VERTEX_POINT('',#9160);
#9160 = CARTESIAN_POINT('',(50.3,38.1,-10.5));
#9161 = VERTEX_POINT('',#9162);
#9162 = CARTESIAN_POINT('',(50.3,40.5,-10.5));
#9163 = SURFACE_CURVE('',#9164,(#9168,#9174),.PCURVE_S1.);
#9164 = LINE('',#9165,#9166);
#9165 = CARTESIAN_POINT('',(50.3,22.05,-10.5));
#9166 = VECTOR('',#9167,1.);
#9167 = DIRECTION('',(0.,1.,0.));
#9168 = PCURVE('',#4373,#9169);
#9169 = DEFINITIONAL_REPRESENTATION('',(#9170),#9173);
#9170 = B_SPLINE_CURVE_WITH_KNOTS('',1,(#9171,#9172),.UNSPECIFIED.,.F.,
  .F.,(2,2),(16.05,18.45),.PIECEWISE_BEZIER_KNOTS.);
#9171 = CARTESIAN_POINT('',(43.8,32.1));
#9172 = CARTESIAN_POINT('',(43.8,34.5));
#9173 = ( GEOMETRIC_REPRESENTATION_CONTEXT(2) 
PARAMETRIC_REPRESENTATION_CONTEXT() REPRESENTATION_CONTEXT('2D SPACE',''
  ) );
#9174 = PCURVE('',#9175,#9180);
#9175 = PLANE('',#9176);
#9176 = AXIS2_PLACEMENT_3D('',#9177,#9178,#9179);
#9177 = CARTESIAN_POINT('',(50.3,38.1,-8.55));
#9178 = DIRECTION('',(1.,0.,0.));
#9179 = DIRECTION('',(0.,0.,1.));
#9180 = DEFINITIONAL_REPRESENTATION('',(#9181),#9184);
#9181 = B_SPLINE_CURVE_WITH_KNOTS('',1,(#9182,#9183),.UNSPECIFIED.,.F.,
  .F.,(2,2),(16.05,18.45),.PIECEWISE_BEZIER_KNOTS.);
#9182 = CARTESIAN_POINT('',(-1.95,0.));
#9183 = CARTESIAN_POINT('',(-1.95,-2.4));
#9184 = ( GEOMETRIC_REPRESENTATION_CONTEXT(2) 
PARAMETRIC_REPRESENTATION_CONTEXT() REPRESENTATION_CONTEXT('2D SPACE',''
  ) );
#9185 = ORIENTED_EDGE('',*,*,#9186,.T.);
#9186 = EDGE_CURVE('',#9159,#9187,#9189,.T.);
#9187 = VERTEX_POINT('',#9188);
#9188 = CARTESIAN_POINT('',(49.5,38.1,-10.5));
#9189 = SURFACE_CURVE('',#9190,(#9194,#9200),.PCURVE_S1.);
#9190 = LINE('',#9191,#9192);
#9191 = CARTESIAN_POINT('',(26.1,38.1,-10.5));
#9192 = VECTOR('',#9193,1.);
#9193 = DIRECTION('',(-1.,0.,0.));
#9194 = PCURVE('',#4373,#9195);
#9195 = DEFINITIONAL_REPRESENTATION('',(#9196),#9199);
#9196 = B_SPLINE_CURVE_WITH_KNOTS('',1,(#9197,#9198),.UNSPECIFIED.,.F.,
  .F.,(2,2),(-24.2,-19.6),.PIECEWISE_BEZIER_KNOTS.);
#9197 = CARTESIAN_POINT('',(43.8,32.1));
#9198 = CARTESIAN_POINT('',(39.2,32.1));
#9199 = ( GEOMETRIC_REPRESENTATION_CONTEXT(2) 
PARAMETRIC_REPRESENTATION_CONTEXT() REPRESENTATION_CONTEXT('2D SPACE',''
  ) );
#9200 = PCURVE('',#9069,#9201);
#9201 = DEFINITIONAL_REPRESENTATION('',(#9202),#9205);
#9202 = B_SPLINE_CURVE_WITH_KNOTS('',1,(#9203,#9204),.UNSPECIFIED.,.F.,
  .F.,(2,2),(-24.2,-19.6),.PIECEWISE_BEZIER_KNOTS.);
#9203 = CARTESIAN_POINT('',(5.E-02,4.6));
#9204 = CARTESIAN_POINT('',(5.E-02,0.));
#9205 = ( GEOMETRIC_REPRESENTATION_CONTEXT(2) 
PARAMETRIC_REPRESENTATION_CONTEXT() REPRESENTATION_CONTEXT('2D SPACE',''
  ) );
#9206 = ORIENTED_EDGE('',*,*,#9207,.T.);
#9207 = EDGE_CURVE('',#9187,#9208,#9210,.T.);
#9208 = VERTEX_POINT('',#9209);
#9209 = CARTESIAN_POINT('',(49.5,40.5,-10.5));
#9210 = SURFACE_CURVE('',#9211,(#9215,#9221),.PCURVE_S1.);
#9211 = LINE('',#9212,#9213);
#9212 = CARTESIAN_POINT('',(49.5,22.05,-10.5));
#9213 = VECTOR('',#9214,1.);
#9214 = DIRECTION('',(0.,1.,0.));
#9215 = PCURVE('',#4373,#9216);
#9216 = DEFINITIONAL_REPRESENTATION('',(#9217),#9220);
#9217 = B_SPLINE_CURVE_WITH_KNOTS('',1,(#9218,#9219),.UNSPECIFIED.,.F.,
  .F.,(2,2),(16.05,18.45),.PIECEWISE_BEZIER_KNOTS.);
#9218 = CARTESIAN_POINT('',(43.,32.1));
#9219 = CARTESIAN_POINT('',(43.,34.5));
#9220 = ( GEOMETRIC_REPRESENTATION_CONTEXT(2) 
PARAMETRIC_REPRESENTATION_CONTEXT() REPRESENTATION_CONTEXT('2D SPACE',''
  ) );
#9221 = PCURVE('',#9222,#9227);
#9222 = PLANE('',#9223);
#9223 = AXIS2_PLACEMENT_3D('',#9224,#9225,#9226);
#9224 = CARTESIAN_POINT('',(49.5,38.1,-10.55));
#9225 = DIRECTION('',(1.,0.,0.));
#9226 = DIRECTION('',(0.,0.,1.));
#9227 = DEFINITIONAL_REPRESENTATION('',(#9228),#9231);
#9228 = B_SPLINE_CURVE_WITH_KNOTS('',1,(#9229,#9230),.UNSPECIFIED.,.F.,
  .F.,(2,2),(16.05,18.45),.PIECEWISE_BEZIER_KNOTS.);
#9229 = CARTESIAN_POINT('',(5.E-02,0.));
#9230 = CARTESIAN_POINT('',(5.E-02,-2.4));
#9231 = ( GEOMETRIC_REPRESENTATION_CONTEXT(2) 
PARAMETRIC_REPRESENTATION_CONTEXT() REPRESENTATION_CONTEXT('2D SPACE',''
  ) );
#9232 = ORIENTED_EDGE('',*,*,#9233,.F.);
#9233 = EDGE_CURVE('',#9161,#9208,#9234,.T.);
#9234 = SURFACE_CURVE('',#9235,(#9239,#9245),.PCURVE_S1.);
#9235 = LINE('',#9236,#9237);
#9236 = CARTESIAN_POINT('',(26.1,40.5,-10.5));
#9237 = VECTOR('',#9238,1.);
#9238 = DIRECTION('',(-1.,0.,0.));
#9239 = PCURVE('',#4373,#9240);
#9240 = DEFINITIONAL_REPRESENTATION('',(#9241),#9244);
#9241 = B_SPLINE_CURVE_WITH_KNOTS('',1,(#9242,#9243),.UNSPECIFIED.,.F.,
  .F.,(2,2),(-24.2,-19.6),.PIECEWISE_BEZIER_KNOTS.);
#9242 = CARTESIAN_POINT('',(43.8,34.5));
#9243 = CARTESIAN_POINT('',(39.2,34.5));
#9244 = ( GEOMETRIC_REPRESENTATION_CONTEXT(2) 
PARAMETRIC_REPRESENTATION_CONTEXT() REPRESENTATION_CONTEXT('2D SPACE',''
  ) );
#9245 = PCURVE('',#9121,#9246);
#9246 = DEFINITIONAL_REPRESENTATION('',(#9247),#9250);
#9247 = B_SPLINE_CURVE_WITH_KNOTS('',1,(#9248,#9249),.UNSPECIFIED.,.F.,
  .F.,(2,2),(-24.2,-19.6),.PIECEWISE_BEZIER_KNOTS.);
#9248 = CARTESIAN_POINT('',(5.E-02,4.6));
#9249 = CARTESIAN_POINT('',(5.E-02,0.));
#9250 = ( GEOMETRIC_REPRESENTATION_CONTEXT(2) 
PARAMETRIC_REPRESENTATION_CONTEXT() REPRESENTATION_CONTEXT('2D SPACE',''
  ) );
#9251 = FACE_BOUND('',#9252,.T.);
#9252 = EDGE_LOOP('',(#9253));
#9253 = ORIENTED_EDGE('',*,*,#9254,.T.);
#9254 = EDGE_CURVE('',#9255,#9255,#9257,.T.);
#9255 = VERTEX_POINT('',#9256);
#9256 = CARTESIAN_POINT('',(57.,37.,-10.5));
#9257 = SURFACE_CURVE('',#9258,(#9263,#9274),.PCURVE_S1.);
#9258 = CIRCLE('',#9259,3.);
#9259 = AXIS2_PLACEMENT_3D('',#9260,#9261,#9262);
#9260 = CARTESIAN_POINT('',(54.,37.,-10.5));
#9261 = DIRECTION('',(0.,0.,-1.));
#9262 = DIRECTION('',(1.,0.,0.));
#9263 = PCURVE('',#4373,#9264);
#9264 = DEFINITIONAL_REPRESENTATION('',(#9265),#9273);
#9265 = ( BOUNDED_CURVE() B_SPLINE_CURVE(2,(#9266,#9267,#9268,#9269,
#9270,#9271,#9272),.UNSPECIFIED.,.T.,.F.) B_SPLINE_CURVE_WITH_KNOTS((1,2
    ,2,2,2,1),(-2.094395102393,0.,2.094395102393,4.188790204786,
6.28318530718,8.377580409573),.UNSPECIFIED.) CURVE() 
GEOMETRIC_REPRESENTATION_ITEM() RATIONAL_B_SPLINE_CURVE((1.,0.5,1.,0.5,
1.,0.5,1.)) REPRESENTATION_ITEM('') );
#9266 = CARTESIAN_POINT('',(50.5,31.));
#9267 = CARTESIAN_POINT('',(50.5,25.803847577293));
#9268 = CARTESIAN_POINT('',(46.,28.401923788647));
#9269 = CARTESIAN_POINT('',(41.5,31.));
#9270 = CARTESIAN_POINT('',(46.,33.598076211353));
#9271 = CARTESIAN_POINT('',(50.5,36.196152422707));
#9272 = CARTESIAN_POINT('',(50.5,31.));
#9273 = ( GEOMETRIC_REPRESENTATION_CONTEXT(2) 
PARAMETRIC_REPRESENTATION_CONTEXT() REPRESENTATION_CONTEXT('2D SPACE',''
  ) );
#9274 = PCURVE('',#9275,#9280);
#9275 = CYLINDRICAL_SURFACE('',#9276,3.);
#9276 = AXIS2_PLACEMENT_3D('',#9277,#9278,#9279);
#9277 = CARTESIAN_POINT('',(54.,37.,-10.8));
#9278 = DIRECTION('',(-0.,-0.,-1.));
#9279 = DIRECTION('',(1.,0.,0.));
#9280 = DEFINITIONAL_REPRESENTATION('',(#9281),#9285);
#9281 = LINE('',#9282,#9283);
#9282 = CARTESIAN_POINT('',(-6.28318530718,-0.3));
#9283 = VECTOR('',#9284,1.);
#9284 = DIRECTION('',(1.,-0.));
#9285 = ( GEOMETRIC_REPRESENTATION_CONTEXT(2) 
PARAMETRIC_REPRESENTATION_CONTEXT() REPRESENTATION_CONTEXT('2D SPACE',''
  ) );
#9286 = FACE_BOUND('',#9287,.T.);
#9287 = EDGE_LOOP('',(#9288,#9316,#9342,#9368));
#9288 = ORIENTED_EDGE('',*,*,#9289,.T.);
#9289 = EDGE_CURVE('',#9290,#9292,#9294,.T.);
#9290 = VERTEX_POINT('',#9291);
#9291 = CARTESIAN_POINT('',(58.1,44.8,-10.5));
#9292 = VERTEX_POINT('',#9293);
#9293 = CARTESIAN_POINT('',(57.3,44.8,-10.5));
#9294 = SURFACE_CURVE('',#9295,(#9299,#9305),.PCURVE_S1.);
#9295 = LINE('',#9296,#9297);
#9296 = CARTESIAN_POINT('',(31.9,44.8,-10.5));
#9297 = VECTOR('',#9298,1.);
#9298 = DIRECTION('',(-1.,0.,0.));
#9299 = PCURVE('',#4373,#9300);
#9300 = DEFINITIONAL_REPRESENTATION('',(#9301),#9304);
#9301 = B_SPLINE_CURVE_WITH_KNOTS('',1,(#9302,#9303),.UNSPECIFIED.,.F.,
  .F.,(2,2),(-30.,-25.4),.PIECEWISE_BEZIER_KNOTS.);
#9302 = CARTESIAN_POINT('',(55.4,38.8));
#9303 = CARTESIAN_POINT('',(50.8,38.8));
#9304 = ( GEOMETRIC_REPRESENTATION_CONTEXT(2) 
PARAMETRIC_REPRESENTATION_CONTEXT() REPRESENTATION_CONTEXT('2D SPACE',''
  ) );
#9305 = PCURVE('',#9306,#9311);
#9306 = PLANE('',#9307);
#9307 = AXIS2_PLACEMENT_3D('',#9308,#9309,#9310);
#9308 = CARTESIAN_POINT('',(57.3,44.8,-10.55));
#9309 = DIRECTION('',(0.,1.,0.));
#9310 = DIRECTION('',(0.,0.,1.));
#9311 = DEFINITIONAL_REPRESENTATION('',(#9312),#9315);
#9312 = B_SPLINE_CURVE_WITH_KNOTS('',1,(#9313,#9314),.UNSPECIFIED.,.F.,
  .F.,(2,2),(-30.,-25.4),.PIECEWISE_BEZIER_KNOTS.);
#9313 = CARTESIAN_POINT('',(5.E-02,4.6));
#9314 = CARTESIAN_POINT('',(5.E-02,0.));
#9315 = ( GEOMETRIC_REPRESENTATION_CONTEXT(2) 
PARAMETRIC_REPRESENTATION_CONTEXT() REPRESENTATION_CONTEXT('2D SPACE',''
  ) );
#9316 = ORIENTED_EDGE('',*,*,#9317,.T.);
#9317 = EDGE_CURVE('',#9292,#9318,#9320,.T.);
#9318 = VERTEX_POINT('',#9319);
#9319 = CARTESIAN_POINT('',(57.3,47.2,-10.5));
#9320 = SURFACE_CURVE('',#9321,(#9325,#9331),.PCURVE_S1.);
#9321 = LINE('',#9322,#9323);
#9322 = CARTESIAN_POINT('',(57.3,25.4,-10.5));
#9323 = VECTOR('',#9324,1.);
#9324 = DIRECTION('',(0.,1.,0.));
#9325 = PCURVE('',#4373,#9326);
#9326 = DEFINITIONAL_REPRESENTATION('',(#9327),#9330);
#9327 = B_SPLINE_CURVE_WITH_KNOTS('',1,(#9328,#9329),.UNSPECIFIED.,.F.,
  .F.,(2,2),(19.4,21.8),.PIECEWISE_BEZIER_KNOTS.);
#9328 = CARTESIAN_POINT('',(50.8,38.8));
#9329 = CARTESIAN_POINT('',(50.8,41.2));
#9330 = ( GEOMETRIC_REPRESENTATION_CONTEXT(2) 
PARAMETRIC_REPRESENTATION_CONTEXT() REPRESENTATION_CONTEXT('2D SPACE',''
  ) );
#9331 = PCURVE('',#9332,#9337);
#9332 = PLANE('',#9333);
#9333 = AXIS2_PLACEMENT_3D('',#9334,#9335,#9336);
#9334 = CARTESIAN_POINT('',(57.3,44.8,-10.55));
#9335 = DIRECTION('',(1.,0.,0.));
#9336 = DIRECTION('',(0.,0.,1.));
#9337 = DEFINITIONAL_REPRESENTATION('',(#9338),#9341);
#9338 = B_SPLINE_CURVE_WITH_KNOTS('',1,(#9339,#9340),.UNSPECIFIED.,.F.,
  .F.,(2,2),(19.4,21.8),.PIECEWISE_BEZIER_KNOTS.);
#9339 = CARTESIAN_POINT('',(5.E-02,0.));
#9340 = CARTESIAN_POINT('',(5.E-02,-2.4));
#9341 = ( GEOMETRIC_REPRESENTATION_CONTEXT(2) 
PARAMETRIC_REPRESENTATION_CONTEXT() REPRESENTATION_CONTEXT('2D SPACE',''
  ) );
#9342 = ORIENTED_EDGE('',*,*,#9343,.F.);
#9343 = EDGE_CURVE('',#9344,#9318,#9346,.T.);
#9344 = VERTEX_POINT('',#9345);
#9345 = CARTESIAN_POINT('',(58.1,47.2,-10.5));
#9346 = SURFACE_CURVE('',#9347,(#9351,#9357),.PCURVE_S1.);
#9347 = LINE('',#9348,#9349);
#9348 = CARTESIAN_POINT('',(31.9,47.2,-10.5));
#9349 = VECTOR('',#9350,1.);
#9350 = DIRECTION('',(-1.,0.,0.));
#9351 = PCURVE('',#4373,#9352);
#9352 = DEFINITIONAL_REPRESENTATION('',(#9353),#9356);
#9353 = B_SPLINE_CURVE_WITH_KNOTS('',1,(#9354,#9355),.UNSPECIFIED.,.F.,
  .F.,(2,2),(-30.,-25.4),.PIECEWISE_BEZIER_KNOTS.);
#9354 = CARTESIAN_POINT('',(55.4,41.2));
#9355 = CARTESIAN_POINT('',(50.8,41.2));
#9356 = ( GEOMETRIC_REPRESENTATION_CONTEXT(2) 
PARAMETRIC_REPRESENTATION_CONTEXT() REPRESENTATION_CONTEXT('2D SPACE',''
  ) );
#9357 = PCURVE('',#9358,#9363);
#9358 = PLANE('',#9359);
#9359 = AXIS2_PLACEMENT_3D('',#9360,#9361,#9362);
#9360 = CARTESIAN_POINT('',(57.3,47.2,-10.55));
#9361 = DIRECTION('',(0.,1.,0.));
#9362 = DIRECTION('',(0.,0.,1.));
#9363 = DEFINITIONAL_REPRESENTATION('',(#9364),#9367);
#9364 = B_SPLINE_CURVE_WITH_KNOTS('',1,(#9365,#9366),.UNSPECIFIED.,.F.,
  .F.,(2,2),(-30.,-25.4),.PIECEWISE_BEZIER_KNOTS.);
#9365 = CARTESIAN_POINT('',(5.E-02,4.6));
#9366 = CARTESIAN_POINT('',(5.E-02,0.));
#9367 = ( GEOMETRIC_REPRESENTATION_CONTEXT(2) 
PARAMETRIC_REPRESENTATION_CONTEXT() REPRESENTATION_CONTEXT('2D SPACE',''
  ) );
#9368 = ORIENTED_EDGE('',*,*,#9369,.F.);
#9369 = EDGE_CURVE('',#9290,#9344,#9370,.T.);
#9370 = SURFACE_CURVE('',#9371,(#9375,#9381),.PCURVE_S1.);
#9371 = LINE('',#9372,#9373);
#9372 = CARTESIAN_POINT('',(58.1,25.4,-10.5));
#9373 = VECTOR('',#9374,1.);
#9374 = DIRECTION('',(0.,1.,0.));
#9375 = PCURVE('',#4373,#9376);
#9376 = DEFINITIONAL_REPRESENTATION('',(#9377),#9380);
#9377 = B_SPLINE_CURVE_WITH_KNOTS('',1,(#9378,#9379),.UNSPECIFIED.,.F.,
  .F.,(2,2),(19.4,21.8),.PIECEWISE_BEZIER_KNOTS.);
#9378 = CARTESIAN_POINT('',(51.6,38.8));
#9379 = CARTESIAN_POINT('',(51.6,41.2));
#9380 = ( GEOMETRIC_REPRESENTATION_CONTEXT(2) 
PARAMETRIC_REPRESENTATION_CONTEXT() REPRESENTATION_CONTEXT('2D SPACE',''
  ) );
#9381 = PCURVE('',#9382,#9387);
#9382 = PLANE('',#9383);
#9383 = AXIS2_PLACEMENT_3D('',#9384,#9385,#9386);
#9384 = CARTESIAN_POINT('',(58.1,44.8,-10.55));
#9385 = DIRECTION('',(1.,0.,0.));
#9386 = DIRECTION('',(0.,0.,1.));
#9387 = DEFINITIONAL_REPRESENTATION('',(#9388),#9391);
#9388 = B_SPLINE_CURVE_WITH_KNOTS('',1,(#9389,#9390),.UNSPECIFIED.,.F.,
  .F.,(2,2),(19.4,21.8),.PIECEWISE_BEZIER_KNOTS.);
#9389 = CARTESIAN_POINT('',(5.E-02,0.));
#9390 = CARTESIAN_POINT('',(5.E-02,-2.4));
#9391 = ( GEOMETRIC_REPRESENTATION_CONTEXT(2) 
PARAMETRIC_REPRESENTATION_CONTEXT() REPRESENTATION_CONTEXT('2D SPACE',''
  ) );
#9392 = FACE_BOUND('',#9393,.T.);
#9393 = EDGE_LOOP('',(#9394,#9422,#9443,#9469));
#9394 = ORIENTED_EDGE('',*,*,#9395,.F.);
#9395 = EDGE_CURVE('',#9396,#9398,#9400,.T.);
#9396 = VERTEX_POINT('',#9397);
#9397 = CARTESIAN_POINT('',(61.9,44.8,-10.5));
#9398 = VERTEX_POINT('',#9399);
#9399 = CARTESIAN_POINT('',(61.9,47.2,-10.5));
#9400 = SURFACE_CURVE('',#9401,(#9405,#9411),.PCURVE_S1.);
#9401 = LINE('',#9402,#9403);
#9402 = CARTESIAN_POINT('',(61.9,25.4,-10.5));
#9403 = VECTOR('',#9404,1.);
#9404 = DIRECTION('',(0.,1.,0.));
#9405 = PCURVE('',#4373,#9406);
#9406 = DEFINITIONAL_REPRESENTATION('',(#9407),#9410);
#9407 = B_SPLINE_CURVE_WITH_KNOTS('',1,(#9408,#9409),.UNSPECIFIED.,.F.,
  .F.,(2,2),(19.4,21.8),.PIECEWISE_BEZIER_KNOTS.);
#9408 = CARTESIAN_POINT('',(55.4,38.8));
#9409 = CARTESIAN_POINT('',(55.4,41.2));
#9410 = ( GEOMETRIC_REPRESENTATION_CONTEXT(2) 
PARAMETRIC_REPRESENTATION_CONTEXT() REPRESENTATION_CONTEXT('2D SPACE',''
  ) );
#9411 = PCURVE('',#9412,#9417);
#9412 = PLANE('',#9413);
#9413 = AXIS2_PLACEMENT_3D('',#9414,#9415,#9416);
#9414 = CARTESIAN_POINT('',(61.9,44.8,-8.55));
#9415 = DIRECTION('',(1.,0.,0.));
#9416 = DIRECTION('',(0.,0.,1.));
#9417 = DEFINITIONAL_REPRESENTATION('',(#9418),#9421);
#9418 = B_SPLINE_CURVE_WITH_KNOTS('',1,(#9419,#9420),.UNSPECIFIED.,.F.,
  .F.,(2,2),(19.4,21.8),.PIECEWISE_BEZIER_KNOTS.);
#9419 = CARTESIAN_POINT('',(-1.95,0.));
#9420 = CARTESIAN_POINT('',(-1.95,-2.4));
#9421 = ( GEOMETRIC_REPRESENTATION_CONTEXT(2) 
PARAMETRIC_REPRESENTATION_CONTEXT() REPRESENTATION_CONTEXT('2D SPACE',''
  ) );
#9422 = ORIENTED_EDGE('',*,*,#9423,.T.);
#9423 = EDGE_CURVE('',#9396,#9424,#9426,.T.);
#9424 = VERTEX_POINT('',#9425);
#9425 = CARTESIAN_POINT('',(61.1,44.8,-10.5));
#9426 = SURFACE_CURVE('',#9427,(#9431,#9437),.PCURVE_S1.);
#9427 = LINE('',#9428,#9429);
#9428 = CARTESIAN_POINT('',(31.9,44.8,-10.5));
#9429 = VECTOR('',#9430,1.);
#9430 = DIRECTION('',(-1.,0.,0.));
#9431 = PCURVE('',#4373,#9432);
#9432 = DEFINITIONAL_REPRESENTATION('',(#9433),#9436);
#9433 = B_SPLINE_CURVE_WITH_KNOTS('',1,(#9434,#9435),.UNSPECIFIED.,.F.,
  .F.,(2,2),(-30.,-25.4),.PIECEWISE_BEZIER_KNOTS.);
#9434 = CARTESIAN_POINT('',(55.4,38.8));
#9435 = CARTESIAN_POINT('',(50.8,38.8));
#9436 = ( GEOMETRIC_REPRESENTATION_CONTEXT(2) 
PARAMETRIC_REPRESENTATION_CONTEXT() REPRESENTATION_CONTEXT('2D SPACE',''
  ) );
#9437 = PCURVE('',#9306,#9438);
#9438 = DEFINITIONAL_REPRESENTATION('',(#9439),#9442);
#9439 = B_SPLINE_CURVE_WITH_KNOTS('',1,(#9440,#9441),.UNSPECIFIED.,.F.,
  .F.,(2,2),(-30.,-25.4),.PIECEWISE_BEZIER_KNOTS.);
#9440 = CARTESIAN_POINT('',(5.E-02,4.6));
#9441 = CARTESIAN_POINT('',(5.E-02,0.));
#9442 = ( GEOMETRIC_REPRESENTATION_CONTEXT(2) 
PARAMETRIC_REPRESENTATION_CONTEXT() REPRESENTATION_CONTEXT('2D SPACE',''
  ) );
#9443 = ORIENTED_EDGE('',*,*,#9444,.T.);
#9444 = EDGE_CURVE('',#9424,#9445,#9447,.T.);
#9445 = VERTEX_POINT('',#9446);
#9446 = CARTESIAN_POINT('',(61.1,47.2,-10.5));
#9447 = SURFACE_CURVE('',#9448,(#9452,#9458),.PCURVE_S1.);
#9448 = LINE('',#9449,#9450);
#9449 = CARTESIAN_POINT('',(61.1,25.4,-10.5));
#9450 = VECTOR('',#9451,1.);
#9451 = DIRECTION('',(0.,1.,0.));
#9452 = PCURVE('',#4373,#9453);
#9453 = DEFINITIONAL_REPRESENTATION('',(#9454),#9457);
#9454 = B_SPLINE_CURVE_WITH_KNOTS('',1,(#9455,#9456),.UNSPECIFIED.,.F.,
  .F.,(2,2),(19.4,21.8),.PIECEWISE_BEZIER_KNOTS.);
#9455 = CARTESIAN_POINT('',(54.6,38.8));
#9456 = CARTESIAN_POINT('',(54.6,41.2));
#9457 = ( GEOMETRIC_REPRESENTATION_CONTEXT(2) 
PARAMETRIC_REPRESENTATION_CONTEXT() REPRESENTATION_CONTEXT('2D SPACE',''
  ) );
#9458 = PCURVE('',#9459,#9464);
#9459 = PLANE('',#9460);
#9460 = AXIS2_PLACEMENT_3D('',#9461,#9462,#9463);
#9461 = CARTESIAN_POINT('',(61.1,44.8,-10.55));
#9462 = DIRECTION('',(1.,0.,0.));
#9463 = DIRECTION('',(0.,0.,1.));
#9464 = DEFINITIONAL_REPRESENTATION('',(#9465),#9468);
#9465 = B_SPLINE_CURVE_WITH_KNOTS('',1,(#9466,#9467),.UNSPECIFIED.,.F.,
  .F.,(2,2),(19.4,21.8),.PIECEWISE_BEZIER_KNOTS.);
#9466 = CARTESIAN_POINT('',(5.E-02,0.));
#9467 = CARTESIAN_POINT('',(5.E-02,-2.4));
#9468 = ( GEOMETRIC_REPRESENTATION_CONTEXT(2) 
PARAMETRIC_REPRESENTATION_CONTEXT() REPRESENTATION_CONTEXT('2D SPACE',''
  ) );
#9469 = ORIENTED_EDGE('',*,*,#9470,.F.);
#9470 = EDGE_CURVE('',#9398,#9445,#9471,.T.);
#9471 = SURFACE_CURVE('',#9472,(#9476,#9482),.PCURVE_S1.);
#9472 = LINE('',#9473,#9474);
#9473 = CARTESIAN_POINT('',(31.9,47.2,-10.5));
#9474 = VECTOR('',#9475,1.);
#9475 = DIRECTION('',(-1.,0.,0.));
#9476 = PCURVE('',#4373,#9477);
#9477 = DEFINITIONAL_REPRESENTATION('',(#9478),#9481);
#9478 = B_SPLINE_CURVE_WITH_KNOTS('',1,(#9479,#9480),.UNSPECIFIED.,.F.,
  .F.,(2,2),(-30.,-25.4),.PIECEWISE_BEZIER_KNOTS.);
#9479 = CARTESIAN_POINT('',(55.4,41.2));
#9480 = CARTESIAN_POINT('',(50.8,41.2));
#9481 = ( GEOMETRIC_REPRESENTATION_CONTEXT(2) 
PARAMETRIC_REPRESENTATION_CONTEXT() REPRESENTATION_CONTEXT('2D SPACE',''
  ) );
#9482 = PCURVE('',#9358,#9483);
#9483 = DEFINITIONAL_REPRESENTATION('',(#9484),#9487);
#9484 = B_SPLINE_CURVE_WITH_KNOTS('',1,(#9485,#9486),.UNSPECIFIED.,.F.,
  .F.,(2,2),(-30.,-25.4),.PIECEWISE_BEZIER_KNOTS.);
#9485 = CARTESIAN_POINT('',(5.E-02,4.6));
#9486 = CARTESIAN_POINT('',(5.E-02,0.));
#9487 = ( GEOMETRIC_REPRESENTATION_CONTEXT(2) 
PARAMETRIC_REPRESENTATION_CONTEXT() REPRESENTATION_CONTEXT('2D SPACE',''
  ) );
#9488 = FACE_BOUND('',#9489,.T.);
#9489 = EDGE_LOOP('',(#9490,#9518,#9544,#9570));
#9490 = ORIENTED_EDGE('',*,*,#9491,.T.);
#9491 = EDGE_CURVE('',#9492,#9494,#9496,.T.);
#9492 = VERTEX_POINT('',#9493);
#9493 = CARTESIAN_POINT('',(58.1,56.8,-10.5));
#9494 = VERTEX_POINT('',#9495);
#9495 = CARTESIAN_POINT('',(57.3,56.8,-10.5));
#9496 = SURFACE_CURVE('',#9497,(#9501,#9507),.PCURVE_S1.);
#9497 = LINE('',#9498,#9499);
#9498 = CARTESIAN_POINT('',(31.9,56.8,-10.5));
#9499 = VECTOR('',#9500,1.);
#9500 = DIRECTION('',(-1.,0.,0.));
#9501 = PCURVE('',#4373,#9502);
#9502 = DEFINITIONAL_REPRESENTATION('',(#9503),#9506);
#9503 = B_SPLINE_CURVE_WITH_KNOTS('',1,(#9504,#9505),.UNSPECIFIED.,.F.,
  .F.,(2,2),(-30.,-25.4),.PIECEWISE_BEZIER_KNOTS.);
#9504 = CARTESIAN_POINT('',(55.4,50.8));
#9505 = CARTESIAN_POINT('',(50.8,50.8));
#9506 = ( GEOMETRIC_REPRESENTATION_CONTEXT(2) 
PARAMETRIC_REPRESENTATION_CONTEXT() REPRESENTATION_CONTEXT('2D SPACE',''
  ) );
#9507 = PCURVE('',#9508,#9513);
#9508 = PLANE('',#9509);
#9509 = AXIS2_PLACEMENT_3D('',#9510,#9511,#9512);
#9510 = CARTESIAN_POINT('',(57.3,56.8,-10.55));
#9511 = DIRECTION('',(0.,1.,0.));
#9512 = DIRECTION('',(0.,0.,1.));
#9513 = DEFINITIONAL_REPRESENTATION('',(#9514),#9517);
#9514 = B_SPLINE_CURVE_WITH_KNOTS('',1,(#9515,#9516),.UNSPECIFIED.,.F.,
  .F.,(2,2),(-30.,-25.4),.PIECEWISE_BEZIER_KNOTS.);
#9515 = CARTESIAN_POINT('',(5.E-02,4.6));
#9516 = CARTESIAN_POINT('',(5.E-02,0.));
#9517 = ( GEOMETRIC_REPRESENTATION_CONTEXT(2) 
PARAMETRIC_REPRESENTATION_CONTEXT() REPRESENTATION_CONTEXT('2D SPACE',''
  ) );
#9518 = ORIENTED_EDGE('',*,*,#9519,.T.);
#9519 = EDGE_CURVE('',#9494,#9520,#9522,.T.);
#9520 = VERTEX_POINT('',#9521);
#9521 = CARTESIAN_POINT('',(57.3,59.2,-10.5));
#9522 = SURFACE_CURVE('',#9523,(#9527,#9533),.PCURVE_S1.);
#9523 = LINE('',#9524,#9525);
#9524 = CARTESIAN_POINT('',(57.3,31.4,-10.5));
#9525 = VECTOR('',#9526,1.);
#9526 = DIRECTION('',(0.,1.,0.));
#9527 = PCURVE('',#4373,#9528);
#9528 = DEFINITIONAL_REPRESENTATION('',(#9529),#9532);
#9529 = B_SPLINE_CURVE_WITH_KNOTS('',1,(#9530,#9531),.UNSPECIFIED.,.F.,
  .F.,(2,2),(25.4,27.8),.PIECEWISE_BEZIER_KNOTS.);
#9530 = CARTESIAN_POINT('',(50.8,50.8));
#9531 = CARTESIAN_POINT('',(50.8,53.2));
#9532 = ( GEOMETRIC_REPRESENTATION_CONTEXT(2) 
PARAMETRIC_REPRESENTATION_CONTEXT() REPRESENTATION_CONTEXT('2D SPACE',''
  ) );
#9533 = PCURVE('',#9534,#9539);
#9534 = PLANE('',#9535);
#9535 = AXIS2_PLACEMENT_3D('',#9536,#9537,#9538);
#9536 = CARTESIAN_POINT('',(57.3,56.8,-10.55));
#9537 = DIRECTION('',(1.,0.,0.));
#9538 = DIRECTION('',(0.,0.,1.));
#9539 = DEFINITIONAL_REPRESENTATION('',(#9540),#9543);
#9540 = B_SPLINE_CURVE_WITH_KNOTS('',1,(#9541,#9542),.UNSPECIFIED.,.F.,
  .F.,(2,2),(25.4,27.8),.PIECEWISE_BEZIER_KNOTS.);
#9541 = CARTESIAN_POINT('',(5.E-02,0.));
#9542 = CARTESIAN_POINT('',(5.E-02,-2.4));
#9543 = ( GEOMETRIC_REPRESENTATION_CONTEXT(2) 
PARAMETRIC_REPRESENTATION_CONTEXT() REPRESENTATION_CONTEXT('2D SPACE',''
  ) );
#9544 = ORIENTED_EDGE('',*,*,#9545,.F.);
#9545 = EDGE_CURVE('',#9546,#9520,#9548,.T.);
#9546 = VERTEX_POINT('',#9547);
#9547 = CARTESIAN_POINT('',(58.1,59.2,-10.5));
#9548 = SURFACE_CURVE('',#9549,(#9553,#9559),.PCURVE_S1.);
#9549 = LINE('',#9550,#9551);
#9550 = CARTESIAN_POINT('',(31.9,59.2,-10.5));
#9551 = VECTOR('',#9552,1.);
#9552 = DIRECTION('',(-1.,0.,0.));
#9553 = PCURVE('',#4373,#9554);
#9554 = DEFINITIONAL_REPRESENTATION('',(#9555),#9558);
#9555 = B_SPLINE_CURVE_WITH_KNOTS('',1,(#9556,#9557),.UNSPECIFIED.,.F.,
  .F.,(2,2),(-30.,-25.4),.PIECEWISE_BEZIER_KNOTS.);
#9556 = CARTESIAN_POINT('',(55.4,53.2));
#9557 = CARTESIAN_POINT('',(50.8,53.2));
#9558 = ( GEOMETRIC_REPRESENTATION_CONTEXT(2) 
PARAMETRIC_REPRESENTATION_CONTEXT() REPRESENTATION_CONTEXT('2D SPACE',''
  ) );
#9559 = PCURVE('',#9560,#9565);
#9560 = PLANE('',#9561);
#9561 = AXIS2_PLACEMENT_3D('',#9562,#9563,#9564);
#9562 = CARTESIAN_POINT('',(57.3,59.2,-10.55));
#9563 = DIRECTION('',(0.,1.,0.));
#9564 = DIRECTION('',(0.,0.,1.));
#9565 = DEFINITIONAL_REPRESENTATION('',(#9566),#9569);
#9566 = B_SPLINE_CURVE_WITH_KNOTS('',1,(#9567,#9568),.UNSPECIFIED.,.F.,
  .F.,(2,2),(-30.,-25.4),.PIECEWISE_BEZIER_KNOTS.);
#9567 = CARTESIAN_POINT('',(5.E-02,4.6));
#9568 = CARTESIAN_POINT('',(5.E-02,0.));
#9569 = ( GEOMETRIC_REPRESENTATION_CONTEXT(2) 
PARAMETRIC_REPRESENTATION_CONTEXT() REPRESENTATION_CONTEXT('2D SPACE',''
  ) );
#9570 = ORIENTED_EDGE('',*,*,#9571,.F.);
#9571 = EDGE_CURVE('',#9492,#9546,#9572,.T.);
#9572 = SURFACE_CURVE('',#9573,(#9577,#9583),.PCURVE_S1.);
#9573 = LINE('',#9574,#9575);
#9574 = CARTESIAN_POINT('',(58.1,31.4,-10.5));
#9575 = VECTOR('',#9576,1.);
#9576 = DIRECTION('',(0.,1.,0.));
#9577 = PCURVE('',#4373,#9578);
#9578 = DEFINITIONAL_REPRESENTATION('',(#9579),#9582);
#9579 = B_SPLINE_CURVE_WITH_KNOTS('',1,(#9580,#9581),.UNSPECIFIED.,.F.,
  .F.,(2,2),(25.4,27.8),.PIECEWISE_BEZIER_KNOTS.);
#9580 = CARTESIAN_POINT('',(51.6,50.8));
#9581 = CARTESIAN_POINT('',(51.6,53.2));
#9582 = ( GEOMETRIC_REPRESENTATION_CONTEXT(2) 
PARAMETRIC_REPRESENTATION_CONTEXT() REPRESENTATION_CONTEXT('2D SPACE',''
  ) );
#9583 = PCURVE('',#9584,#9589);
#9584 = PLANE('',#9585);
#9585 = AXIS2_PLACEMENT_3D('',#9586,#9587,#9588);
#9586 = CARTESIAN_POINT('',(58.1,56.8,-10.55));
#9587 = DIRECTION('',(1.,0.,0.));
#9588 = DIRECTION('',(0.,0.,1.));
#9589 = DEFINITIONAL_REPRESENTATION('',(#9590),#9593);
#9590 = B_SPLINE_CURVE_WITH_KNOTS('',1,(#9591,#9592),.UNSPECIFIED.,.F.,
  .F.,(2,2),(25.4,27.8),.PIECEWISE_BEZIER_KNOTS.);
#9591 = CARTESIAN_POINT('',(5.E-02,0.));
#9592 = CARTESIAN_POINT('',(5.E-02,-2.4));
#9593 = ( GEOMETRIC_REPRESENTATION_CONTEXT(2) 
PARAMETRIC_REPRESENTATION_CONTEXT() REPRESENTATION_CONTEXT('2D SPACE',''
  ) );
#9594 = FACE_BOUND('',#9595,.T.);
#9595 = EDGE_LOOP('',(#9596,#9624,#9645,#9671));
#9596 = ORIENTED_EDGE('',*,*,#9597,.F.);
#9597 = EDGE_CURVE('',#9598,#9600,#9602,.T.);
#9598 = VERTEX_POINT('',#9599);
#9599 = CARTESIAN_POINT('',(61.9,56.8,-10.5));
#9600 = VERTEX_POINT('',#9601);
#9601 = CARTESIAN_POINT('',(61.9,59.2,-10.5));
#9602 = SURFACE_CURVE('',#9603,(#9607,#9613),.PCURVE_S1.);
#9603 = LINE('',#9604,#9605);
#9604 = CARTESIAN_POINT('',(61.9,31.4,-10.5));
#9605 = VECTOR('',#9606,1.);
#9606 = DIRECTION('',(0.,1.,0.));
#9607 = PCURVE('',#4373,#9608);
#9608 = DEFINITIONAL_REPRESENTATION('',(#9609),#9612);
#9609 = B_SPLINE_CURVE_WITH_KNOTS('',1,(#9610,#9611),.UNSPECIFIED.,.F.,
  .F.,(2,2),(25.4,27.8),.PIECEWISE_BEZIER_KNOTS.);
#9610 = CARTESIAN_POINT('',(55.4,50.8));
#9611 = CARTESIAN_POINT('',(55.4,53.2));
#9612 = ( GEOMETRIC_REPRESENTATION_CONTEXT(2) 
PARAMETRIC_REPRESENTATION_CONTEXT() REPRESENTATION_CONTEXT('2D SPACE',''
  ) );
#9613 = PCURVE('',#9614,#9619);
#9614 = PLANE('',#9615);
#9615 = AXIS2_PLACEMENT_3D('',#9616,#9617,#9618);
#9616 = CARTESIAN_POINT('',(61.9,56.8,-8.55));
#9617 = DIRECTION('',(1.,0.,0.));
#9618 = DIRECTION('',(0.,0.,1.));
#9619 = DEFINITIONAL_REPRESENTATION('',(#9620),#9623);
#9620 = B_SPLINE_CURVE_WITH_KNOTS('',1,(#9621,#9622),.UNSPECIFIED.,.F.,
  .F.,(2,2),(25.4,27.8),.PIECEWISE_BEZIER_KNOTS.);
#9621 = CARTESIAN_POINT('',(-1.95,0.));
#9622 = CARTESIAN_POINT('',(-1.95,-2.4));
#9623 = ( GEOMETRIC_REPRESENTATION_CONTEXT(2) 
PARAMETRIC_REPRESENTATION_CONTEXT() REPRESENTATION_CONTEXT('2D SPACE',''
  ) );
#9624 = ORIENTED_EDGE('',*,*,#9625,.T.);
#9625 = EDGE_CURVE('',#9598,#9626,#9628,.T.);
#9626 = VERTEX_POINT('',#9627);
#9627 = CARTESIAN_POINT('',(61.1,56.8,-10.5));
#9628 = SURFACE_CURVE('',#9629,(#9633,#9639),.PCURVE_S1.);
#9629 = LINE('',#9630,#9631);
#9630 = CARTESIAN_POINT('',(31.9,56.8,-10.5));
#9631 = VECTOR('',#9632,1.);
#9632 = DIRECTION('',(-1.,0.,0.));
#9633 = PCURVE('',#4373,#9634);
#9634 = DEFINITIONAL_REPRESENTATION('',(#9635),#9638);
#9635 = B_SPLINE_CURVE_WITH_KNOTS('',1,(#9636,#9637),.UNSPECIFIED.,.F.,
  .F.,(2,2),(-30.,-25.4),.PIECEWISE_BEZIER_KNOTS.);
#9636 = CARTESIAN_POINT('',(55.4,50.8));
#9637 = CARTESIAN_POINT('',(50.8,50.8));
#9638 = ( GEOMETRIC_REPRESENTATION_CONTEXT(2) 
PARAMETRIC_REPRESENTATION_CONTEXT() REPRESENTATION_CONTEXT('2D SPACE',''
  ) );
#9639 = PCURVE('',#9508,#9640);
#9640 = DEFINITIONAL_REPRESENTATION('',(#9641),#9644);
#9641 = B_SPLINE_CURVE_WITH_KNOTS('',1,(#9642,#9643),.UNSPECIFIED.,.F.,
  .F.,(2,2),(-30.,-25.4),.PIECEWISE_BEZIER_KNOTS.);
#9642 = CARTESIAN_POINT('',(5.E-02,4.6));
#9643 = CARTESIAN_POINT('',(5.E-02,0.));
#9644 = ( GEOMETRIC_REPRESENTATION_CONTEXT(2) 
PARAMETRIC_REPRESENTATION_CONTEXT() REPRESENTATION_CONTEXT('2D SPACE',''
  ) );
#9645 = ORIENTED_EDGE('',*,*,#9646,.T.);
#9646 = EDGE_CURVE('',#9626,#9647,#9649,.T.);
#9647 = VERTEX_POINT('',#9648);
#9648 = CARTESIAN_POINT('',(61.1,59.2,-10.5));
#9649 = SURFACE_CURVE('',#9650,(#9654,#9660),.PCURVE_S1.);
#9650 = LINE('',#9651,#9652);
#9651 = CARTESIAN_POINT('',(61.1,31.4,-10.5));
#9652 = VECTOR('',#9653,1.);
#9653 = DIRECTION('',(0.,1.,0.));
#9654 = PCURVE('',#4373,#9655);
#9655 = DEFINITIONAL_REPRESENTATION('',(#9656),#9659);
#9656 = B_SPLINE_CURVE_WITH_KNOTS('',1,(#9657,#9658),.UNSPECIFIED.,.F.,
  .F.,(2,2),(25.4,27.8),.PIECEWISE_BEZIER_KNOTS.);
#9657 = CARTESIAN_POINT('',(54.6,50.8));
#9658 = CARTESIAN_POINT('',(54.6,53.2));
#9659 = ( GEOMETRIC_REPRESENTATION_CONTEXT(2) 
PARAMETRIC_REPRESENTATION_CONTEXT() REPRESENTATION_CONTEXT('2D SPACE',''
  ) );
#9660 = PCURVE('',#9661,#9666);
#9661 = PLANE('',#9662);
#9662 = AXIS2_PLACEMENT_3D('',#9663,#9664,#9665);
#9663 = CARTESIAN_POINT('',(61.1,56.8,-10.55));
#9664 = DIRECTION('',(1.,0.,0.));
#9665 = DIRECTION('',(0.,0.,1.));
#9666 = DEFINITIONAL_REPRESENTATION('',(#9667),#9670);
#9667 = B_SPLINE_CURVE_WITH_KNOTS('',1,(#9668,#9669),.UNSPECIFIED.,.F.,
  .F.,(2,2),(25.4,27.8),.PIECEWISE_BEZIER_KNOTS.);
#9668 = CARTESIAN_POINT('',(5.E-02,0.));
#9669 = CARTESIAN_POINT('',(5.E-02,-2.4));
#9670 = ( GEOMETRIC_REPRESENTATION_CONTEXT(2) 
PARAMETRIC_REPRESENTATION_CONTEXT() REPRESENTATION_CONTEXT('2D SPACE',''
  ) );
#9671 = ORIENTED_EDGE('',*,*,#9672,.F.);
#9672 = EDGE_CURVE('',#9600,#9647,#9673,.T.);
#9673 = SURFACE_CURVE('',#9674,(#9678,#9684),.PCURVE_S1.);
#9674 = LINE('',#9675,#9676);
#9675 = CARTESIAN_POINT('',(31.9,59.2,-10.5));
#9676 = VECTOR('',#9677,1.);
#9677 = DIRECTION('',(-1.,0.,0.));
#9678 = PCURVE('',#4373,#9679);
#9679 = DEFINITIONAL_REPRESENTATION('',(#9680),#9683);
#9680 = B_SPLINE_CURVE_WITH_KNOTS('',1,(#9681,#9682),.UNSPECIFIED.,.F.,
  .F.,(2,2),(-30.,-25.4),.PIECEWISE_BEZIER_KNOTS.);
#9681 = CARTESIAN_POINT('',(55.4,53.2));
#9682 = CARTESIAN_POINT('',(50.8,53.2));
#9683 = ( GEOMETRIC_REPRESENTATION_CONTEXT(2) 
PARAMETRIC_REPRESENTATION_CONTEXT() REPRESENTATION_CONTEXT('2D SPACE',''
  ) );
#9684 = PCURVE('',#9560,#9685);
#9685 = DEFINITIONAL_REPRESENTATION('',(#9686),#9689);
#9686 = B_SPLINE_CURVE_WITH_KNOTS('',1,(#9687,#9688),.UNSPECIFIED.,.F.,
  .F.,(2,2),(-30.,-25.4),.PIECEWISE_BEZIER_KNOTS.);
#9687 = CARTESIAN_POINT('',(5.E-02,4.6));
#9688 = CARTESIAN_POINT('',(5.E-02,0.));
#9689 = ( GEOMETRIC_REPRESENTATION_CONTEXT(2) 
PARAMETRIC_REPRESENTATION_CONTEXT() REPRESENTATION_CONTEXT('2D SPACE',''
  ) );
#9690 = FACE_BOUND('',#9691,.T.);
#9691 = EDGE_LOOP('',(#9692,#9713,#9714,#9735,#9761,#9780,#9781,#9782));
#9692 = ORIENTED_EDGE('',*,*,#9693,.F.);
#9693 = EDGE_CURVE('',#7396,#9694,#9696,.T.);
#9694 = VERTEX_POINT('',#9695);
#9695 = CARTESIAN_POINT('',(12.9,85.037221357361,-10.5));
#9696 = SURFACE_CURVE('',#9697,(#9701,#9707),.PCURVE_S1.);
#9697 = LINE('',#9698,#9699);
#9698 = CARTESIAN_POINT('',(8.8,85.037221357361,-10.5));
#9699 = VECTOR('',#9700,1.);
#9700 = DIRECTION('',(1.,0.,0.));
#9701 = PCURVE('',#4373,#9702);
#9702 = DEFINITIONAL_REPRESENTATION('',(#9703),#9706);
#9703 = B_SPLINE_CURVE_WITH_KNOTS('',1,(#9704,#9705),.UNSPECIFIED.,.F.,
  .F.,(2,2),(-5.999999999062E-07,4.1000006),.PIECEWISE_BEZIER_KNOTS.);
#9704 = CARTESIAN_POINT('',(2.2999994,79.037221357361));
#9705 = CARTESIAN_POINT('',(6.4000006,79.037221357361));
#9706 = ( GEOMETRIC_REPRESENTATION_CONTEXT(2) 
PARAMETRIC_REPRESENTATION_CONTEXT() REPRESENTATION_CONTEXT('2D SPACE',''
  ) );
#9707 = PCURVE('',#7432,#9708);
#9708 = DEFINITIONAL_REPRESENTATION('',(#9709),#9712);
#9709 = B_SPLINE_CURVE_WITH_KNOTS('',1,(#9710,#9711),.UNSPECIFIED.,.F.,
  .F.,(2,2),(-5.999999999062E-07,4.1000006),.PIECEWISE_BEZIER_KNOTS.);
#9710 = CARTESIAN_POINT('',(1.059980733635,-5.999999999062E-07));
#9711 = CARTESIAN_POINT('',(1.059980733635,4.1000006));
#9712 = ( GEOMETRIC_REPRESENTATION_CONTEXT(2) 
PARAMETRIC_REPRESENTATION_CONTEXT() REPRESENTATION_CONTEXT('2D SPACE',''
  ) );
#9713 = ORIENTED_EDGE('',*,*,#7395,.F.);
#9714 = ORIENTED_EDGE('',*,*,#9715,.F.);
#9715 = EDGE_CURVE('',#9716,#7367,#9718,.T.);
#9716 = VERTEX_POINT('',#9717);
#9717 = CARTESIAN_POINT('',(4.5,84.980099012328,-10.5));
#9718 = SURFACE_CURVE('',#9719,(#9723,#9729),.PCURVE_S1.);
#9719 = LINE('',#9720,#9721);
#9720 = CARTESIAN_POINT('',(4.5,84.980099012328,-10.5));
#9721 = VECTOR('',#9722,1.);
#9722 = DIRECTION('',(1.,0.,0.));
#9723 = PCURVE('',#4373,#9724);
#9724 = DEFINITIONAL_REPRESENTATION('',(#9725),#9728);
#9725 = B_SPLINE_CURVE_WITH_KNOTS('',1,(#9726,#9727),.UNSPECIFIED.,.F.,
  .F.,(2,2),(-5.999999999062E-07,4.3000006),.PIECEWISE_BEZIER_KNOTS.);
#9726 = CARTESIAN_POINT('',(-2.0000006,78.980099012328));
#9727 = CARTESIAN_POINT('',(2.3000006,78.980099012328));
#9728 = ( GEOMETRIC_REPRESENTATION_CONTEXT(2) 
PARAMETRIC_REPRESENTATION_CONTEXT() REPRESENTATION_CONTEXT('2D SPACE',''
  ) );
#9729 = PCURVE('',#7383,#9730);
#9730 = DEFINITIONAL_REPRESENTATION('',(#9731),#9734);
#9731 = B_SPLINE_CURVE_WITH_KNOTS('',1,(#9732,#9733),.UNSPECIFIED.,.F.,
  .F.,(2,2),(0.,4.3),.PIECEWISE_BEZIER_KNOTS.);
#9732 = CARTESIAN_POINT('',(7.355308286913,0.));
#9733 = CARTESIAN_POINT('',(7.355308286913,4.3));
#9734 = ( GEOMETRIC_REPRESENTATION_CONTEXT(2) 
PARAMETRIC_REPRESENTATION_CONTEXT() REPRESENTATION_CONTEXT('2D SPACE',''
  ) );
#9735 = ORIENTED_EDGE('',*,*,#9736,.T.);
#9736 = EDGE_CURVE('',#9716,#9737,#9739,.T.);
#9737 = VERTEX_POINT('',#9738);
#9738 = CARTESIAN_POINT('',(4.5,89.019900987672,-10.5));
#9739 = SURFACE_CURVE('',#9740,(#9744,#9750),.PCURVE_S1.);
#9740 = LINE('',#9741,#9742);
#9741 = CARTESIAN_POINT('',(4.5,46.5,-10.5));
#9742 = VECTOR('',#9743,1.);
#9743 = DIRECTION('',(0.,1.,0.));
#9744 = PCURVE('',#4373,#9745);
#9745 = DEFINITIONAL_REPRESENTATION('',(#9746),#9749);
#9746 = B_SPLINE_CURVE_WITH_KNOTS('',1,(#9747,#9748),.UNSPECIFIED.,.F.,
  .F.,(2,2),(38.2,42.8),.PIECEWISE_BEZIER_KNOTS.);
#9747 = CARTESIAN_POINT('',(-2.,78.7));
#9748 = CARTESIAN_POINT('',(-2.,83.3));
#9749 = ( GEOMETRIC_REPRESENTATION_CONTEXT(2) 
PARAMETRIC_REPRESENTATION_CONTEXT() REPRESENTATION_CONTEXT('2D SPACE',''
  ) );
#9750 = PCURVE('',#9751,#9756);
#9751 = PLANE('',#9752);
#9752 = AXIS2_PLACEMENT_3D('',#9753,#9754,#9755);
#9753 = CARTESIAN_POINT('',(4.5,87.,-11.6));
#9754 = DIRECTION('',(1.,0.,0.));
#9755 = DIRECTION('',(-0.,0.,1.));
#9756 = DEFINITIONAL_REPRESENTATION('',(#9757),#9760);
#9757 = B_SPLINE_CURVE_WITH_KNOTS('',1,(#9758,#9759),.UNSPECIFIED.,.F.,
  .F.,(2,2),(38.2,42.8),.PIECEWISE_BEZIER_KNOTS.);
#9758 = CARTESIAN_POINT('',(1.1,2.3));
#9759 = CARTESIAN_POINT('',(1.1,-2.3));
#9760 = ( GEOMETRIC_REPRESENTATION_CONTEXT(2) 
PARAMETRIC_REPRESENTATION_CONTEXT() REPRESENTATION_CONTEXT('2D SPACE',''
  ) );
#9761 = ORIENTED_EDGE('',*,*,#9762,.T.);
#9762 = EDGE_CURVE('',#9737,#7345,#9763,.T.);
#9763 = SURFACE_CURVE('',#9764,(#9768,#9774),.PCURVE_S1.);
#9764 = LINE('',#9765,#9766);
#9765 = CARTESIAN_POINT('',(4.5,89.019900987672,-10.5));
#9766 = VECTOR('',#9767,1.);
#9767 = DIRECTION('',(1.,0.,0.));
#9768 = PCURVE('',#4373,#9769);
#9769 = DEFINITIONAL_REPRESENTATION('',(#9770),#9773);
#9770 = B_SPLINE_CURVE_WITH_KNOTS('',1,(#9771,#9772),.UNSPECIFIED.,.F.,
  .F.,(2,2),(-5.999999999062E-07,4.3000006),.PIECEWISE_BEZIER_KNOTS.);
#9771 = CARTESIAN_POINT('',(-2.0000006,83.019900987672));
#9772 = CARTESIAN_POINT('',(2.3000006,83.019900987672));
#9773 = ( GEOMETRIC_REPRESENTATION_CONTEXT(2) 
PARAMETRIC_REPRESENTATION_CONTEXT() REPRESENTATION_CONTEXT('2D SPACE',''
  ) );
#9774 = PCURVE('',#7383,#9775);
#9775 = DEFINITIONAL_REPRESENTATION('',(#9776),#9779);
#9776 = B_SPLINE_CURVE_WITH_KNOTS('',1,(#9777,#9778),.UNSPECIFIED.,.F.,
  .F.,(2,2),(0.,4.3),.PIECEWISE_BEZIER_KNOTS.);
#9777 = CARTESIAN_POINT('',(5.211062327447,0.));
#9778 = CARTESIAN_POINT('',(5.211062327447,4.3));
#9779 = ( GEOMETRIC_REPRESENTATION_CONTEXT(2) 
PARAMETRIC_REPRESENTATION_CONTEXT() REPRESENTATION_CONTEXT('2D SPACE',''
  ) );
#9780 = ORIENTED_EDGE('',*,*,#7344,.F.);
#9781 = ORIENTED_EDGE('',*,*,#7219,.T.);
#9782 = ORIENTED_EDGE('',*,*,#9783,.F.);
#9783 = EDGE_CURVE('',#9694,#7222,#9784,.T.);
#9784 = SURFACE_CURVE('',#9785,(#9789,#9795),.PCURVE_S1.);
#9785 = LINE('',#9786,#9787);
#9786 = CARTESIAN_POINT('',(12.9,46.5,-10.5));
#9787 = VECTOR('',#9788,1.);
#9788 = DIRECTION('',(0.,1.,0.));
#9789 = PCURVE('',#4373,#9790);
#9790 = DEFINITIONAL_REPRESENTATION('',(#9791),#9794);
#9791 = B_SPLINE_CURVE_WITH_KNOTS('',1,(#9792,#9793),.UNSPECIFIED.,.F.,
  .F.,(2,2),(38.25,42.75),.PIECEWISE_BEZIER_KNOTS.);
#9792 = CARTESIAN_POINT('',(6.4,78.75));
#9793 = CARTESIAN_POINT('',(6.4,83.25));
#9794 = ( GEOMETRIC_REPRESENTATION_CONTEXT(2) 
PARAMETRIC_REPRESENTATION_CONTEXT() REPRESENTATION_CONTEXT('2D SPACE',''
  ) );
#9795 = PCURVE('',#7205,#9796);
#9796 = DEFINITIONAL_REPRESENTATION('',(#9797),#9800);
#9797 = B_SPLINE_CURVE_WITH_KNOTS('',1,(#9798,#9799),.UNSPECIFIED.,.F.,
  .F.,(2,2),(38.25,42.75),.PIECEWISE_BEZIER_KNOTS.);
#9798 = CARTESIAN_POINT('',(1.1,2.25));
#9799 = CARTESIAN_POINT('',(1.1,-2.25));
#9800 = ( GEOMETRIC_REPRESENTATION_CONTEXT(2) 
PARAMETRIC_REPRESENTATION_CONTEXT() REPRESENTATION_CONTEXT('2D SPACE',''
  ) );
#9801 = FACE_BOUND('',#9802,.T.);
#9802 = EDGE_LOOP('',(#9803));
#9803 = ORIENTED_EDGE('',*,*,#9804,.T.);
#9804 = EDGE_CURVE('',#9805,#9805,#9807,.T.);
#9805 = VERTEX_POINT('',#9806);
#9806 = CARTESIAN_POINT('',(9.,99.,-10.5));
#9807 = SURFACE_CURVE('',#9808,(#9813,#9824),.PCURVE_S1.);
#9808 = CIRCLE('',#9809,3.);
#9809 = AXIS2_PLACEMENT_3D('',#9810,#9811,#9812);
#9810 = CARTESIAN_POINT('',(6.,99.,-10.5));
#9811 = DIRECTION('',(0.,0.,-1.));
#9812 = DIRECTION('',(1.,0.,0.));
#9813 = PCURVE('',#4373,#9814);
#9814 = DEFINITIONAL_REPRESENTATION('',(#9815),#9823);
#9815 = ( BOUNDED_CURVE() B_SPLINE_CURVE(2,(#9816,#9817,#9818,#9819,
#9820,#9821,#9822),.UNSPECIFIED.,.T.,.F.) B_SPLINE_CURVE_WITH_KNOTS((1,2
    ,2,2,2,1),(-2.094395102393,0.,2.094395102393,4.188790204786,
6.28318530718,8.377580409573),.UNSPECIFIED.) CURVE() 
GEOMETRIC_REPRESENTATION_ITEM() RATIONAL_B_SPLINE_CURVE((1.,0.5,1.,0.5,
1.,0.5,1.)) REPRESENTATION_ITEM('') );
#9816 = CARTESIAN_POINT('',(2.5,93.));
#9817 = CARTESIAN_POINT('',(2.5,87.803847577293));
#9818 = CARTESIAN_POINT('',(-2.,90.401923788647));
#9819 = CARTESIAN_POINT('',(-6.5,93.));
#9820 = CARTESIAN_POINT('',(-2.,95.598076211353));
#9821 = CARTESIAN_POINT('',(2.5,98.196152422707));
#9822 = CARTESIAN_POINT('',(2.5,93.));
#9823 = ( GEOMETRIC_REPRESENTATION_CONTEXT(2) 
PARAMETRIC_REPRESENTATION_CONTEXT() REPRESENTATION_CONTEXT('2D SPACE',''
  ) );
#9824 = PCURVE('',#9825,#9830);
#9825 = CYLINDRICAL_SURFACE('',#9826,3.);
#9826 = AXIS2_PLACEMENT_3D('',#9827,#9828,#9829);
#9827 = CARTESIAN_POINT('',(6.,99.,-10.8));
#9828 = DIRECTION('',(-0.,-0.,-1.));
#9829 = DIRECTION('',(1.,0.,0.));
#9830 = DEFINITIONAL_REPRESENTATION('',(#9831),#9835);
#9831 = LINE('',#9832,#9833);
#9832 = CARTESIAN_POINT('',(-6.28318530718,-0.3));
#9833 = VECTOR('',#9834,1.);
#9834 = DIRECTION('',(1.,-0.));
#9835 = ( GEOMETRIC_REPRESENTATION_CONTEXT(2) 
PARAMETRIC_REPRESENTATION_CONTEXT() REPRESENTATION_CONTEXT('2D SPACE',''
  ) );
#9836 = FACE_BOUND('',#9837,.T.);
#9837 = EDGE_LOOP('',(#9838,#9859,#9878,#9879,#9880,#9901,#9927,#9946));
#9838 = ORIENTED_EDGE('',*,*,#9839,.F.);
#9839 = EDGE_CURVE('',#9840,#8241,#9842,.T.);
#9840 = VERTEX_POINT('',#9841);
#9841 = CARTESIAN_POINT('',(47.1,85.037221357361,-10.5));
#9842 = SURFACE_CURVE('',#9843,(#9847,#9853),.PCURVE_S1.);
#9843 = LINE('',#9844,#9845);
#9844 = CARTESIAN_POINT('',(47.1,85.037221357361,-10.5));
#9845 = VECTOR('',#9846,1.);
#9846 = DIRECTION('',(1.,0.,0.));
#9847 = PCURVE('',#4373,#9848);
#9848 = DEFINITIONAL_REPRESENTATION('',(#9849),#9852);
#9849 = B_SPLINE_CURVE_WITH_KNOTS('',1,(#9850,#9851),.UNSPECIFIED.,.F.,
  .F.,(2,2),(-5.999999999062E-07,4.1000006),.PIECEWISE_BEZIER_KNOTS.);
#9850 = CARTESIAN_POINT('',(40.5999994,79.037221357361));
#9851 = CARTESIAN_POINT('',(44.7000006,79.037221357361));
#9852 = ( GEOMETRIC_REPRESENTATION_CONTEXT(2) 
PARAMETRIC_REPRESENTATION_CONTEXT() REPRESENTATION_CONTEXT('2D SPACE',''
  ) );
#9853 = PCURVE('',#8277,#9854);
#9854 = DEFINITIONAL_REPRESENTATION('',(#9855),#9858);
#9855 = B_SPLINE_CURVE_WITH_KNOTS('',1,(#9856,#9857),.UNSPECIFIED.,.F.,
  .F.,(2,2),(-5.999999999062E-07,4.1000006),.PIECEWISE_BEZIER_KNOTS.);
#9856 = CARTESIAN_POINT('',(1.059980733635,-5.999999999062E-07));
#9857 = CARTESIAN_POINT('',(1.059980733635,4.1000006));
#9858 = ( GEOMETRIC_REPRESENTATION_CONTEXT(2) 
PARAMETRIC_REPRESENTATION_CONTEXT() REPRESENTATION_CONTEXT('2D SPACE',''
  ) );
#9859 = ORIENTED_EDGE('',*,*,#9860,.T.);
#9860 = EDGE_CURVE('',#9840,#8324,#9861,.T.);
#9861 = SURFACE_CURVE('',#9862,(#9866,#9872),.PCURVE_S1.);
#9862 = LINE('',#9863,#9864);
#9863 = CARTESIAN_POINT('',(47.1,46.5,-10.5));
#9864 = VECTOR('',#9865,1.);
#9865 = DIRECTION('',(0.,1.,0.));
#9866 = PCURVE('',#4373,#9867);
#9867 = DEFINITIONAL_REPRESENTATION('',(#9868),#9871);
#9868 = B_SPLINE_CURVE_WITH_KNOTS('',1,(#9869,#9870),.UNSPECIFIED.,.F.,
  .F.,(2,2),(38.25,42.75),.PIECEWISE_BEZIER_KNOTS.);
#9869 = CARTESIAN_POINT('',(40.6,78.75));
#9870 = CARTESIAN_POINT('',(40.6,83.25));
#9871 = ( GEOMETRIC_REPRESENTATION_CONTEXT(2) 
PARAMETRIC_REPRESENTATION_CONTEXT() REPRESENTATION_CONTEXT('2D SPACE',''
  ) );
#9872 = PCURVE('',#8390,#9873);
#9873 = DEFINITIONAL_REPRESENTATION('',(#9874),#9877);
#9874 = B_SPLINE_CURVE_WITH_KNOTS('',1,(#9875,#9876),.UNSPECIFIED.,.F.,
  .F.,(2,2),(38.25,42.75),.PIECEWISE_BEZIER_KNOTS.);
#9875 = CARTESIAN_POINT('',(1.1,2.25));
#9876 = CARTESIAN_POINT('',(1.1,-2.25));
#9877 = ( GEOMETRIC_REPRESENTATION_CONTEXT(2) 
PARAMETRIC_REPRESENTATION_CONTEXT() REPRESENTATION_CONTEXT('2D SPACE',''
  ) );
#9878 = ORIENTED_EDGE('',*,*,#8323,.T.);
#9879 = ORIENTED_EDGE('',*,*,#8185,.T.);
#9880 = ORIENTED_EDGE('',*,*,#9881,.T.);
#9881 = EDGE_CURVE('',#8186,#9882,#9884,.T.);
#9882 = VERTEX_POINT('',#9883);
#9883 = CARTESIAN_POINT('',(55.5,89.019900987672,-10.5));
#9884 = SURFACE_CURVE('',#9885,(#9889,#9895),.PCURVE_S1.);
#9885 = LINE('',#9886,#9887);
#9886 = CARTESIAN_POINT('',(51.2,89.019900987672,-10.5));
#9887 = VECTOR('',#9888,1.);
#9888 = DIRECTION('',(1.,0.,0.));
#9889 = PCURVE('',#4373,#9890);
#9890 = DEFINITIONAL_REPRESENTATION('',(#9891),#9894);
#9891 = B_SPLINE_CURVE_WITH_KNOTS('',1,(#9892,#9893),.UNSPECIFIED.,.F.,
  .F.,(2,2),(-5.999999999062E-07,4.3000006),.PIECEWISE_BEZIER_KNOTS.);
#9892 = CARTESIAN_POINT('',(44.6999994,83.019900987672));
#9893 = CARTESIAN_POINT('',(49.0000006,83.019900987672));
#9894 = ( GEOMETRIC_REPRESENTATION_CONTEXT(2) 
PARAMETRIC_REPRESENTATION_CONTEXT() REPRESENTATION_CONTEXT('2D SPACE',''
  ) );
#9895 = PCURVE('',#8228,#9896);
#9896 = DEFINITIONAL_REPRESENTATION('',(#9897),#9900);
#9897 = B_SPLINE_CURVE_WITH_KNOTS('',1,(#9898,#9899),.UNSPECIFIED.,.F.,
  .F.,(2,2),(0.,4.3),.PIECEWISE_BEZIER_KNOTS.);
#9898 = CARTESIAN_POINT('',(5.211062327447,0.));
#9899 = CARTESIAN_POINT('',(5.211062327447,4.3));
#9900 = ( GEOMETRIC_REPRESENTATION_CONTEXT(2) 
PARAMETRIC_REPRESENTATION_CONTEXT() REPRESENTATION_CONTEXT('2D SPACE',''
  ) );
#9901 = ORIENTED_EDGE('',*,*,#9902,.F.);
#9902 = EDGE_CURVE('',#9903,#9882,#9905,.T.);
#9903 = VERTEX_POINT('',#9904);
#9904 = CARTESIAN_POINT('',(55.5,84.980099012328,-10.5));
#9905 = SURFACE_CURVE('',#9906,(#9910,#9916),.PCURVE_S1.);
#9906 = LINE('',#9907,#9908);
#9907 = CARTESIAN_POINT('',(55.5,46.5,-10.5));
#9908 = VECTOR('',#9909,1.);
#9909 = DIRECTION('',(0.,1.,0.));
#9910 = PCURVE('',#4373,#9911);
#9911 = DEFINITIONAL_REPRESENTATION('',(#9912),#9915);
#9912 = B_SPLINE_CURVE_WITH_KNOTS('',1,(#9913,#9914),.UNSPECIFIED.,.F.,
  .F.,(2,2),(38.2,42.8),.PIECEWISE_BEZIER_KNOTS.);
#9913 = CARTESIAN_POINT('',(49.,78.7));
#9914 = CARTESIAN_POINT('',(49.,83.3));
#9915 = ( GEOMETRIC_REPRESENTATION_CONTEXT(2) 
PARAMETRIC_REPRESENTATION_CONTEXT() REPRESENTATION_CONTEXT('2D SPACE',''
  ) );
#9916 = PCURVE('',#9917,#9922);
#9917 = PLANE('',#9918);
#9918 = AXIS2_PLACEMENT_3D('',#9919,#9920,#9921);
#9919 = CARTESIAN_POINT('',(55.5,87.,-11.6));
#9920 = DIRECTION('',(1.,0.,0.));
#9921 = DIRECTION('',(-0.,0.,1.));
#9922 = DEFINITIONAL_REPRESENTATION('',(#9923),#9926);
#9923 = B_SPLINE_CURVE_WITH_KNOTS('',1,(#9924,#9925),.UNSPECIFIED.,.F.,
  .F.,(2,2),(38.2,42.8),.PIECEWISE_BEZIER_KNOTS.);
#9924 = CARTESIAN_POINT('',(1.1,2.3));
#9925 = CARTESIAN_POINT('',(1.1,-2.3));
#9926 = ( GEOMETRIC_REPRESENTATION_CONTEXT(2) 
PARAMETRIC_REPRESENTATION_CONTEXT() REPRESENTATION_CONTEXT('2D SPACE',''
  ) );
#9927 = ORIENTED_EDGE('',*,*,#9928,.F.);
#9928 = EDGE_CURVE('',#8208,#9903,#9929,.T.);
#9929 = SURFACE_CURVE('',#9930,(#9934,#9940),.PCURVE_S1.);
#9930 = LINE('',#9931,#9932);
#9931 = CARTESIAN_POINT('',(51.2,84.980099012328,-10.5));
#9932 = VECTOR('',#9933,1.);
#9933 = DIRECTION('',(1.,0.,0.));
#9934 = PCURVE('',#4373,#9935);
#9935 = DEFINITIONAL_REPRESENTATION('',(#9936),#9939);
#9936 = B_SPLINE_CURVE_WITH_KNOTS('',1,(#9937,#9938),.UNSPECIFIED.,.F.,
  .F.,(2,2),(-5.999999999062E-07,4.3000006),.PIECEWISE_BEZIER_KNOTS.);
#9937 = CARTESIAN_POINT('',(44.6999994,78.980099012328));
#9938 = CARTESIAN_POINT('',(49.0000006,78.980099012328));
#9939 = ( GEOMETRIC_REPRESENTATION_CONTEXT(2) 
PARAMETRIC_REPRESENTATION_CONTEXT() REPRESENTATION_CONTEXT('2D SPACE',''
  ) );
#9940 = PCURVE('',#8228,#9941);
#9941 = DEFINITIONAL_REPRESENTATION('',(#9942),#9945);
#9942 = B_SPLINE_CURVE_WITH_KNOTS('',1,(#9943,#9944),.UNSPECIFIED.,.F.,
  .F.,(2,2),(0.,4.3),.PIECEWISE_BEZIER_KNOTS.);
#9943 = CARTESIAN_POINT('',(7.355308286913,0.));
#9944 = CARTESIAN_POINT('',(7.355308286913,4.3));
#9945 = ( GEOMETRIC_REPRESENTATION_CONTEXT(2) 
PARAMETRIC_REPRESENTATION_CONTEXT() REPRESENTATION_CONTEXT('2D SPACE',''
  ) );
#9946 = ORIENTED_EDGE('',*,*,#8240,.T.);
#9947 = FACE_BOUND('',#9948,.T.);
#9948 = EDGE_LOOP('',(#9949));
#9949 = ORIENTED_EDGE('',*,*,#9950,.T.);
#9950 = EDGE_CURVE('',#9951,#9951,#9953,.T.);
#9951 = VERTEX_POINT('',#9952);
#9952 = CARTESIAN_POINT('',(57.,99.,-10.5));
#9953 = SURFACE_CURVE('',#9954,(#9959,#9970),.PCURVE_S1.);
#9954 = CIRCLE('',#9955,3.);
#9955 = AXIS2_PLACEMENT_3D('',#9956,#9957,#9958);
#9956 = CARTESIAN_POINT('',(54.,99.,-10.5));
#9957 = DIRECTION('',(0.,0.,-1.));
#9958 = DIRECTION('',(1.,0.,0.));
#9959 = PCURVE('',#4373,#9960);
#9960 = DEFINITIONAL_REPRESENTATION('',(#9961),#9969);
#9961 = ( BOUNDED_CURVE() B_SPLINE_CURVE(2,(#9962,#9963,#9964,#9965,
#9966,#9967,#9968),.UNSPECIFIED.,.T.,.F.) B_SPLINE_CURVE_WITH_KNOTS((1,2
    ,2,2,2,1),(-2.094395102393,0.,2.094395102393,4.188790204786,
6.28318530718,8.377580409573),.UNSPECIFIED.) CURVE() 
GEOMETRIC_REPRESENTATION_ITEM() RATIONAL_B_SPLINE_CURVE((1.,0.5,1.,0.5,
1.,0.5,1.)) REPRESENTATION_ITEM('') );
#9962 = CARTESIAN_POINT('',(50.5,93.));
#9963 = CARTESIAN_POINT('',(50.5,87.803847577293));
#9964 = CARTESIAN_POINT('',(46.,90.401923788647));
#9965 = CARTESIAN_POINT('',(41.5,93.));
#9966 = CARTESIAN_POINT('',(46.,95.598076211353));
#9967 = CARTESIAN_POINT('',(50.5,98.196152422707));
#9968 = CARTESIAN_POINT('',(50.5,93.));
#9969 = ( GEOMETRIC_REPRESENTATION_CONTEXT(2) 
PARAMETRIC_REPRESENTATION_CONTEXT() REPRESENTATION_CONTEXT('2D SPACE',''
  ) );
#9970 = PCURVE('',#9971,#9976);
#9971 = CYLINDRICAL_SURFACE('',#9972,3.);
#9972 = AXIS2_PLACEMENT_3D('',#9973,#9974,#9975);
#9973 = CARTESIAN_POINT('',(54.,99.,-10.8));
#9974 = DIRECTION('',(-0.,-0.,-1.));
#9975 = DIRECTION('',(1.,0.,0.));
#9976 = DEFINITIONAL_REPRESENTATION('',(#9977),#9981);
#9977 = LINE('',#9978,#9979);
#9978 = CARTESIAN_POINT('',(-6.28318530718,-0.3));
#9979 = VECTOR('',#9980,1.);
#9980 = DIRECTION('',(1.,-0.));
#9981 = ( GEOMETRIC_REPRESENTATION_CONTEXT(2) 
PARAMETRIC_REPRESENTATION_CONTEXT() REPRESENTATION_CONTEXT('2D SPACE',''
  ) );
#9982 = ADVANCED_FACE('',(#9983),#4846,.T.);
#9983 = FACE_BOUND('',#9984,.T.);
#9984 = EDGE_LOOP('',(#9985,#10009,#10037,#10066,#10094,#10123,#10151,
    #10173));
#9985 = ORIENTED_EDGE('',*,*,#9986,.T.);
#9986 = EDGE_CURVE('',#4830,#9987,#9989,.T.);
#9987 = VERTEX_POINT('',#9988);
#9988 = CARTESIAN_POINT('',(62.3,28.5,-8.E-02));
#9989 = SURFACE_CURVE('',#9990,(#9995,#10002),.PCURVE_S1.);
#9990 = CIRCLE('',#9991,0.7);
#9991 = AXIS2_PLACEMENT_3D('',#9992,#9993,#9994);
#9992 = CARTESIAN_POINT('',(62.3,27.8,-8.E-02));
#9993 = DIRECTION('',(0.,0.,1.));
#9994 = DIRECTION('',(1.,0.,0.));
#9995 = PCURVE('',#4846,#9996);
#9996 = DEFINITIONAL_REPRESENTATION('',(#9997),#10001);
#9997 = CIRCLE('',#9998,0.7);
#9998 = AXIS2_PLACEMENT_2D('',#9999,#10000);
#9999 = CARTESIAN_POINT('',(5.,16.3));
#10000 = DIRECTION('',(1.,0.));
#10001 = ( GEOMETRIC_REPRESENTATION_CONTEXT(2) 
PARAMETRIC_REPRESENTATION_CONTEXT() REPRESENTATION_CONTEXT('2D SPACE',''
  ) );
#10002 = PCURVE('',#4872,#10003);
#10003 = DEFINITIONAL_REPRESENTATION('',(#10004),#10008);
#10004 = LINE('',#10005,#10006);
#10005 = CARTESIAN_POINT('',(-0.,-0.92));
#10006 = VECTOR('',#10007,1.);
#10007 = DIRECTION('',(-1.,0.));
#10008 = ( GEOMETRIC_REPRESENTATION_CONTEXT(2) 
PARAMETRIC_REPRESENTATION_CONTEXT() REPRESENTATION_CONTEXT('2D SPACE',''
  ) );
#10009 = ORIENTED_EDGE('',*,*,#10010,.F.);
#10010 = EDGE_CURVE('',#10011,#9987,#10013,.T.);
#10011 = VERTEX_POINT('',#10012);
#10012 = CARTESIAN_POINT('',(57.3,28.5,-8.E-02));
#10013 = SURFACE_CURVE('',#10014,(#10018,#10025),.PCURVE_S1.);
#10014 = LINE('',#10015,#10016);
#10015 = CARTESIAN_POINT('',(57.3,28.5,-8.E-02));
#10016 = VECTOR('',#10017,1.);
#10017 = DIRECTION('',(1.,0.,0.));
#10018 = PCURVE('',#4846,#10019);
#10019 = DEFINITIONAL_REPRESENTATION('',(#10020),#10024);
#10020 = LINE('',#10021,#10022);
#10021 = CARTESIAN_POINT('',(0.,17.));
#10022 = VECTOR('',#10023,1.);
#10023 = DIRECTION('',(1.,0.));
#10024 = ( GEOMETRIC_REPRESENTATION_CONTEXT(2) 
PARAMETRIC_REPRESENTATION_CONTEXT() REPRESENTATION_CONTEXT('2D SPACE',''
  ) );
#10025 = PCURVE('',#10026,#10031);
#10026 = PLANE('',#10027);
#10027 = AXIS2_PLACEMENT_3D('',#10028,#10029,#10030);
#10028 = CARTESIAN_POINT('',(57.3,28.5,-1.));
#10029 = DIRECTION('',(0.,1.,0.));
#10030 = DIRECTION('',(0.,0.,1.));
#10031 = DEFINITIONAL_REPRESENTATION('',(#10032),#10036);
#10032 = LINE('',#10033,#10034);
#10033 = CARTESIAN_POINT('',(0.92,0.));
#10034 = VECTOR('',#10035,1.);
#10035 = DIRECTION('',(0.,1.));
#10036 = ( GEOMETRIC_REPRESENTATION_CONTEXT(2) 
PARAMETRIC_REPRESENTATION_CONTEXT() REPRESENTATION_CONTEXT('2D SPACE',''
  ) );
#10037 = ORIENTED_EDGE('',*,*,#10038,.T.);
#10038 = EDGE_CURVE('',#10011,#10039,#10041,.T.);
#10039 = VERTEX_POINT('',#10040);
#10040 = CARTESIAN_POINT('',(56.6,27.8,-8.E-02));
#10041 = SURFACE_CURVE('',#10042,(#10047,#10054),.PCURVE_S1.);
#10042 = CIRCLE('',#10043,0.7);
#10043 = AXIS2_PLACEMENT_3D('',#10044,#10045,#10046);
#10044 = CARTESIAN_POINT('',(57.3,27.8,-8.E-02));
#10045 = DIRECTION('',(0.,0.,1.));
#10046 = DIRECTION('',(1.,0.,0.));
#10047 = PCURVE('',#4846,#10048);
#10048 = DEFINITIONAL_REPRESENTATION('',(#10049),#10053);
#10049 = CIRCLE('',#10050,0.7);
#10050 = AXIS2_PLACEMENT_2D('',#10051,#10052);
#10051 = CARTESIAN_POINT('',(0.,16.3));
#10052 = DIRECTION('',(1.,0.));
#10053 = ( GEOMETRIC_REPRESENTATION_CONTEXT(2) 
PARAMETRIC_REPRESENTATION_CONTEXT() REPRESENTATION_CONTEXT('2D SPACE',''
  ) );
#10054 = PCURVE('',#10055,#10060);
#10055 = CYLINDRICAL_SURFACE('',#10056,0.7);
#10056 = AXIS2_PLACEMENT_3D('',#10057,#10058,#10059);
#10057 = CARTESIAN_POINT('',(57.3,27.8,-1.));
#10058 = DIRECTION('',(-0.,-0.,-1.));
#10059 = DIRECTION('',(1.,0.,0.));
#10060 = DEFINITIONAL_REPRESENTATION('',(#10061),#10065);
#10061 = LINE('',#10062,#10063);
#10062 = CARTESIAN_POINT('',(-0.,-0.92));
#10063 = VECTOR('',#10064,1.);
#10064 = DIRECTION('',(-1.,0.));
#10065 = ( GEOMETRIC_REPRESENTATION_CONTEXT(2) 
PARAMETRIC_REPRESENTATION_CONTEXT() REPRESENTATION_CONTEXT('2D SPACE',''
  ) );
#10066 = ORIENTED_EDGE('',*,*,#10067,.F.);
#10067 = EDGE_CURVE('',#10068,#10039,#10070,.T.);
#10068 = VERTEX_POINT('',#10069);
#10069 = CARTESIAN_POINT('',(56.6,12.2,-8.E-02));
#10070 = SURFACE_CURVE('',#10071,(#10075,#10082),.PCURVE_S1.);
#10071 = LINE('',#10072,#10073);
#10072 = CARTESIAN_POINT('',(56.6,12.2,-8.E-02));
#10073 = VECTOR('',#10074,1.);
#10074 = DIRECTION('',(0.,1.,0.));
#10075 = PCURVE('',#4846,#10076);
#10076 = DEFINITIONAL_REPRESENTATION('',(#10077),#10081);
#10077 = LINE('',#10078,#10079);
#10078 = CARTESIAN_POINT('',(-0.7,0.7));
#10079 = VECTOR('',#10080,1.);
#10080 = DIRECTION('',(0.,1.));
#10081 = ( GEOMETRIC_REPRESENTATION_CONTEXT(2) 
PARAMETRIC_REPRESENTATION_CONTEXT() REPRESENTATION_CONTEXT('2D SPACE',''
  ) );
#10082 = PCURVE('',#10083,#10088);
#10083 = PLANE('',#10084);
#10084 = AXIS2_PLACEMENT_3D('',#10085,#10086,#10087);
#10085 = CARTESIAN_POINT('',(56.6,12.2,-1.));
#10086 = DIRECTION('',(1.,0.,0.));
#10087 = DIRECTION('',(0.,0.,1.));
#10088 = DEFINITIONAL_REPRESENTATION('',(#10089),#10093);
#10089 = LINE('',#10090,#10091);
#10090 = CARTESIAN_POINT('',(0.92,0.));
#10091 = VECTOR('',#10092,1.);
#10092 = DIRECTION('',(0.,-1.));
#10093 = ( GEOMETRIC_REPRESENTATION_CONTEXT(2) 
PARAMETRIC_REPRESENTATION_CONTEXT() REPRESENTATION_CONTEXT('2D SPACE',''
  ) );
#10094 = ORIENTED_EDGE('',*,*,#10095,.T.);
#10095 = EDGE_CURVE('',#10068,#10096,#10098,.T.);
#10096 = VERTEX_POINT('',#10097);
#10097 = CARTESIAN_POINT('',(57.3,11.5,-8.E-02));
#10098 = SURFACE_CURVE('',#10099,(#10104,#10111),.PCURVE_S1.);
#10099 = CIRCLE('',#10100,0.7);
#10100 = AXIS2_PLACEMENT_3D('',#10101,#10102,#10103);
#10101 = CARTESIAN_POINT('',(57.3,12.2,-8.E-02));
#10102 = DIRECTION('',(0.,0.,1.));
#10103 = DIRECTION('',(1.,0.,0.));
#10104 = PCURVE('',#4846,#10105);
#10105 = DEFINITIONAL_REPRESENTATION('',(#10106),#10110);
#10106 = CIRCLE('',#10107,0.7);
#10107 = AXIS2_PLACEMENT_2D('',#10108,#10109);
#10108 = CARTESIAN_POINT('',(0.,0.7));
#10109 = DIRECTION('',(1.,0.));
#10110 = ( GEOMETRIC_REPRESENTATION_CONTEXT(2) 
PARAMETRIC_REPRESENTATION_CONTEXT() REPRESENTATION_CONTEXT('2D SPACE',''
  ) );
#10111 = PCURVE('',#10112,#10117);
#10112 = CYLINDRICAL_SURFACE('',#10113,0.7);
#10113 = AXIS2_PLACEMENT_3D('',#10114,#10115,#10116);
#10114 = CARTESIAN_POINT('',(57.3,12.2,-1.));
#10115 = DIRECTION('',(-0.,-0.,-1.));
#10116 = DIRECTION('',(1.,0.,0.));
#10117 = DEFINITIONAL_REPRESENTATION('',(#10118),#10122);
#10118 = LINE('',#10119,#10120);
#10119 = CARTESIAN_POINT('',(-0.,-0.92));
#10120 = VECTOR('',#10121,1.);
#10121 = DIRECTION('',(-1.,0.));
#10122 = ( GEOMETRIC_REPRESENTATION_CONTEXT(2) 
PARAMETRIC_REPRESENTATION_CONTEXT() REPRESENTATION_CONTEXT('2D SPACE',''
  ) );
#10123 = ORIENTED_EDGE('',*,*,#10124,.T.);
#10124 = EDGE_CURVE('',#10096,#10125,#10127,.T.);
#10125 = VERTEX_POINT('',#10126);
#10126 = CARTESIAN_POINT('',(62.3,11.5,-8.E-02));
#10127 = SURFACE_CURVE('',#10128,(#10132,#10139),.PCURVE_S1.);
#10128 = LINE('',#10129,#10130);
#10129 = CARTESIAN_POINT('',(57.3,11.5,-8.E-02));
#10130 = VECTOR('',#10131,1.);
#10131 = DIRECTION('',(1.,0.,0.));
#10132 = PCURVE('',#4846,#10133);
#10133 = DEFINITIONAL_REPRESENTATION('',(#10134),#10138);
#10134 = LINE('',#10135,#10136);
#10135 = CARTESIAN_POINT('',(0.,0.));
#10136 = VECTOR('',#10137,1.);
#10137 = DIRECTION('',(1.,0.));
#10138 = ( GEOMETRIC_REPRESENTATION_CONTEXT(2) 
PARAMETRIC_REPRESENTATION_CONTEXT() REPRESENTATION_CONTEXT('2D SPACE',''
  ) );
#10139 = PCURVE('',#10140,#10145);
#10140 = PLANE('',#10141);
#10141 = AXIS2_PLACEMENT_3D('',#10142,#10143,#10144);
#10142 = CARTESIAN_POINT('',(57.3,11.5,-1.));
#10143 = DIRECTION('',(0.,1.,0.));
#10144 = DIRECTION('',(0.,0.,1.));
#10145 = DEFINITIONAL_REPRESENTATION('',(#10146),#10150);
#10146 = LINE('',#10147,#10148);
#10147 = CARTESIAN_POINT('',(0.92,0.));
#10148 = VECTOR('',#10149,1.);
#10149 = DIRECTION('',(0.,1.));
#10150 = ( GEOMETRIC_REPRESENTATION_CONTEXT(2) 
PARAMETRIC_REPRESENTATION_CONTEXT() REPRESENTATION_CONTEXT('2D SPACE',''
  ) );
#10151 = ORIENTED_EDGE('',*,*,#10152,.T.);
#10152 = EDGE_CURVE('',#10125,#4832,#10153,.T.);
#10153 = SURFACE_CURVE('',#10154,(#10159,#10166),.PCURVE_S1.);
#10154 = CIRCLE('',#10155,0.7);
#10155 = AXIS2_PLACEMENT_3D('',#10156,#10157,#10158);
#10156 = CARTESIAN_POINT('',(62.3,12.2,-8.E-02));
#10157 = DIRECTION('',(0.,0.,1.));
#10158 = DIRECTION('',(1.,0.,0.));
#10159 = PCURVE('',#4846,#10160);
#10160 = DEFINITIONAL_REPRESENTATION('',(#10161),#10165);
#10161 = CIRCLE('',#10162,0.7);
#10162 = AXIS2_PLACEMENT_2D('',#10163,#10164);
#10163 = CARTESIAN_POINT('',(5.,0.7));
#10164 = DIRECTION('',(1.,0.));
#10165 = ( GEOMETRIC_REPRESENTATION_CONTEXT(2) 
PARAMETRIC_REPRESENTATION_CONTEXT() REPRESENTATION_CONTEXT('2D SPACE',''
  ) );
#10166 = PCURVE('',#4922,#10167);
#10167 = DEFINITIONAL_REPRESENTATION('',(#10168),#10172);
#10168 = LINE('',#10169,#10170);
#10169 = CARTESIAN_POINT('',(-0.,-0.92));
#10170 = VECTOR('',#10171,1.);
#10171 = DIRECTION('',(-1.,0.));
#10172 = ( GEOMETRIC_REPRESENTATION_CONTEXT(2) 
PARAMETRIC_REPRESENTATION_CONTEXT() REPRESENTATION_CONTEXT('2D SPACE',''
  ) );
#10173 = ORIENTED_EDGE('',*,*,#4829,.F.);
#10174 = ADVANCED_FACE('',(#10175),#4872,.T.);
#10175 = FACE_BOUND('',#10176,.F.);
#10176 = EDGE_LOOP('',(#10177,#10201,#10202,#10203));
#10177 = ORIENTED_EDGE('',*,*,#10178,.F.);
#10178 = EDGE_CURVE('',#4858,#10179,#10181,.T.);
#10179 = VERTEX_POINT('',#10180);
#10180 = CARTESIAN_POINT('',(62.3,28.5,-1.));
#10181 = SURFACE_CURVE('',#10182,(#10187,#10194),.PCURVE_S1.);
#10182 = CIRCLE('',#10183,0.7);
#10183 = AXIS2_PLACEMENT_3D('',#10184,#10185,#10186);
#10184 = CARTESIAN_POINT('',(62.3,27.8,-1.));
#10185 = DIRECTION('',(0.,0.,1.));
#10186 = DIRECTION('',(1.,0.,0.));
#10187 = PCURVE('',#4872,#10188);
#10188 = DEFINITIONAL_REPRESENTATION('',(#10189),#10193);
#10189 = LINE('',#10190,#10191);
#10190 = CARTESIAN_POINT('',(-0.,0.));
#10191 = VECTOR('',#10192,1.);
#10192 = DIRECTION('',(-1.,0.));
#10193 = ( GEOMETRIC_REPRESENTATION_CONTEXT(2) 
PARAMETRIC_REPRESENTATION_CONTEXT() REPRESENTATION_CONTEXT('2D SPACE',''
  ) );
#10194 = PCURVE('',#4898,#10195);
#10195 = DEFINITIONAL_REPRESENTATION('',(#10196),#10200);
#10196 = CIRCLE('',#10197,0.7);
#10197 = AXIS2_PLACEMENT_2D('',#10198,#10199);
#10198 = CARTESIAN_POINT('',(5.,15.6));
#10199 = DIRECTION('',(1.,0.));
#10200 = ( GEOMETRIC_REPRESENTATION_CONTEXT(2) 
PARAMETRIC_REPRESENTATION_CONTEXT() REPRESENTATION_CONTEXT('2D SPACE',''
  ) );
#10201 = ORIENTED_EDGE('',*,*,#4857,.F.);
#10202 = ORIENTED_EDGE('',*,*,#9986,.T.);
#10203 = ORIENTED_EDGE('',*,*,#10204,.F.);
#10204 = EDGE_CURVE('',#10179,#9987,#10205,.T.);
#10205 = SURFACE_CURVE('',#10206,(#10210,#10217),.PCURVE_S1.);
#10206 = LINE('',#10207,#10208);
#10207 = CARTESIAN_POINT('',(62.3,28.5,-1.));
#10208 = VECTOR('',#10209,1.);
#10209 = DIRECTION('',(0.,0.,1.));
#10210 = PCURVE('',#4872,#10211);
#10211 = DEFINITIONAL_REPRESENTATION('',(#10212),#10216);
#10212 = LINE('',#10213,#10214);
#10213 = CARTESIAN_POINT('',(-1.570796326795,0.));
#10214 = VECTOR('',#10215,1.);
#10215 = DIRECTION('',(-0.,-1.));
#10216 = ( GEOMETRIC_REPRESENTATION_CONTEXT(2) 
PARAMETRIC_REPRESENTATION_CONTEXT() REPRESENTATION_CONTEXT('2D SPACE',''
  ) );
#10217 = PCURVE('',#10026,#10218);
#10218 = DEFINITIONAL_REPRESENTATION('',(#10219),#10223);
#10219 = LINE('',#10220,#10221);
#10220 = CARTESIAN_POINT('',(0.,5.));
#10221 = VECTOR('',#10222,1.);
#10222 = DIRECTION('',(1.,0.));
#10223 = ( GEOMETRIC_REPRESENTATION_CONTEXT(2) 
PARAMETRIC_REPRESENTATION_CONTEXT() REPRESENTATION_CONTEXT('2D SPACE',''
  ) );
#10224 = ADVANCED_FACE('',(#10225),#4922,.T.);
#10225 = FACE_BOUND('',#10226,.F.);
#10226 = EDGE_LOOP('',(#10227,#10228,#10252,#10273));
#10227 = ORIENTED_EDGE('',*,*,#4909,.T.);
#10228 = ORIENTED_EDGE('',*,*,#10229,.F.);
#10229 = EDGE_CURVE('',#10230,#4884,#10232,.T.);
#10230 = VERTEX_POINT('',#10231);
#10231 = CARTESIAN_POINT('',(62.3,11.5,-1.));
#10232 = SURFACE_CURVE('',#10233,(#10238,#10245),.PCURVE_S1.);
#10233 = CIRCLE('',#10234,0.7);
#10234 = AXIS2_PLACEMENT_3D('',#10235,#10236,#10237);
#10235 = CARTESIAN_POINT('',(62.3,12.2,-1.));
#10236 = DIRECTION('',(0.,0.,1.));
#10237 = DIRECTION('',(1.,0.,0.));
#10238 = PCURVE('',#4922,#10239);
#10239 = DEFINITIONAL_REPRESENTATION('',(#10240),#10244);
#10240 = LINE('',#10241,#10242);
#10241 = CARTESIAN_POINT('',(-0.,0.));
#10242 = VECTOR('',#10243,1.);
#10243 = DIRECTION('',(-1.,0.));
#10244 = ( GEOMETRIC_REPRESENTATION_CONTEXT(2) 
PARAMETRIC_REPRESENTATION_CONTEXT() REPRESENTATION_CONTEXT('2D SPACE',''
  ) );
#10245 = PCURVE('',#4898,#10246);
#10246 = DEFINITIONAL_REPRESENTATION('',(#10247),#10251);
#10247 = CIRCLE('',#10248,0.7);
#10248 = AXIS2_PLACEMENT_2D('',#10249,#10250);
#10249 = CARTESIAN_POINT('',(5.,0.));
#10250 = DIRECTION('',(1.,0.));
#10251 = ( GEOMETRIC_REPRESENTATION_CONTEXT(2) 
PARAMETRIC_REPRESENTATION_CONTEXT() REPRESENTATION_CONTEXT('2D SPACE',''
  ) );
#10252 = ORIENTED_EDGE('',*,*,#10253,.T.);
#10253 = EDGE_CURVE('',#10230,#10125,#10254,.T.);
#10254 = SURFACE_CURVE('',#10255,(#10259,#10266),.PCURVE_S1.);
#10255 = LINE('',#10256,#10257);
#10256 = CARTESIAN_POINT('',(62.3,11.5,-1.));
#10257 = VECTOR('',#10258,1.);
#10258 = DIRECTION('',(0.,0.,1.));
#10259 = PCURVE('',#4922,#10260);
#10260 = DEFINITIONAL_REPRESENTATION('',(#10261),#10265);
#10261 = LINE('',#10262,#10263);
#10262 = CARTESIAN_POINT('',(-4.712388980385,0.));
#10263 = VECTOR('',#10264,1.);
#10264 = DIRECTION('',(-0.,-1.));
#10265 = ( GEOMETRIC_REPRESENTATION_CONTEXT(2) 
PARAMETRIC_REPRESENTATION_CONTEXT() REPRESENTATION_CONTEXT('2D SPACE',''
  ) );
#10266 = PCURVE('',#10140,#10267);
#10267 = DEFINITIONAL_REPRESENTATION('',(#10268),#10272);
#10268 = LINE('',#10269,#10270);
#10269 = CARTESIAN_POINT('',(0.,5.));
#10270 = VECTOR('',#10271,1.);
#10271 = DIRECTION('',(1.,0.));
#10272 = ( GEOMETRIC_REPRESENTATION_CONTEXT(2) 
PARAMETRIC_REPRESENTATION_CONTEXT() REPRESENTATION_CONTEXT('2D SPACE',''
  ) );
#10273 = ORIENTED_EDGE('',*,*,#10152,.T.);
#10274 = ADVANCED_FACE('',(#10275),#4898,.F.);
#10275 = FACE_BOUND('',#10276,.F.);
#10276 = EDGE_LOOP('',(#10277,#10278,#10301,#10325,#10348,#10372,#10393,
    #10394));
#10277 = ORIENTED_EDGE('',*,*,#10178,.T.);
#10278 = ORIENTED_EDGE('',*,*,#10279,.F.);
#10279 = EDGE_CURVE('',#10280,#10179,#10282,.T.);
#10280 = VERTEX_POINT('',#10281);
#10281 = CARTESIAN_POINT('',(57.3,28.5,-1.));
#10282 = SURFACE_CURVE('',#10283,(#10287,#10294),.PCURVE_S1.);
#10283 = LINE('',#10284,#10285);
#10284 = CARTESIAN_POINT('',(57.3,28.5,-1.));
#10285 = VECTOR('',#10286,1.);
#10286 = DIRECTION('',(1.,0.,0.));
#10287 = PCURVE('',#4898,#10288);
#10288 = DEFINITIONAL_REPRESENTATION('',(#10289),#10293);
#10289 = LINE('',#10290,#10291);
#10290 = CARTESIAN_POINT('',(0.,16.3));
#10291 = VECTOR('',#10292,1.);
#10292 = DIRECTION('',(1.,0.));
#10293 = ( GEOMETRIC_REPRESENTATION_CONTEXT(2) 
PARAMETRIC_REPRESENTATION_CONTEXT() REPRESENTATION_CONTEXT('2D SPACE',''
  ) );
#10294 = PCURVE('',#10026,#10295);
#10295 = DEFINITIONAL_REPRESENTATION('',(#10296),#10300);
#10296 = LINE('',#10297,#10298);
#10297 = CARTESIAN_POINT('',(0.,0.));
#10298 = VECTOR('',#10299,1.);
#10299 = DIRECTION('',(0.,1.));
#10300 = ( GEOMETRIC_REPRESENTATION_CONTEXT(2) 
PARAMETRIC_REPRESENTATION_CONTEXT() REPRESENTATION_CONTEXT('2D SPACE',''
  ) );
#10301 = ORIENTED_EDGE('',*,*,#10302,.T.);
#10302 = EDGE_CURVE('',#10280,#10303,#10305,.T.);
#10303 = VERTEX_POINT('',#10304);
#10304 = CARTESIAN_POINT('',(56.6,27.8,-1.));
#10305 = SURFACE_CURVE('',#10306,(#10311,#10318),.PCURVE_S1.);
#10306 = CIRCLE('',#10307,0.7);
#10307 = AXIS2_PLACEMENT_3D('',#10308,#10309,#10310);
#10308 = CARTESIAN_POINT('',(57.3,27.8,-1.));
#10309 = DIRECTION('',(0.,0.,1.));
#10310 = DIRECTION('',(1.,0.,0.));
#10311 = PCURVE('',#4898,#10312);
#10312 = DEFINITIONAL_REPRESENTATION('',(#10313),#10317);
#10313 = CIRCLE('',#10314,0.7);
#10314 = AXIS2_PLACEMENT_2D('',#10315,#10316);
#10315 = CARTESIAN_POINT('',(0.,15.6));
#10316 = DIRECTION('',(1.,0.));
#10317 = ( GEOMETRIC_REPRESENTATION_CONTEXT(2) 
PARAMETRIC_REPRESENTATION_CONTEXT() REPRESENTATION_CONTEXT('2D SPACE',''
  ) );
#10318 = PCURVE('',#10055,#10319);
#10319 = DEFINITIONAL_REPRESENTATION('',(#10320),#10324);
#10320 = LINE('',#10321,#10322);
#10321 = CARTESIAN_POINT('',(-0.,0.));
#10322 = VECTOR('',#10323,1.);
#10323 = DIRECTION('',(-1.,0.));
#10324 = ( GEOMETRIC_REPRESENTATION_CONTEXT(2) 
PARAMETRIC_REPRESENTATION_CONTEXT() REPRESENTATION_CONTEXT('2D SPACE',''
  ) );
#10325 = ORIENTED_EDGE('',*,*,#10326,.F.);
#10326 = EDGE_CURVE('',#10327,#10303,#10329,.T.);
#10327 = VERTEX_POINT('',#10328);
#10328 = CARTESIAN_POINT('',(56.6,12.2,-1.));
#10329 = SURFACE_CURVE('',#10330,(#10334,#10341),.PCURVE_S1.);
#10330 = LINE('',#10331,#10332);
#10331 = CARTESIAN_POINT('',(56.6,12.2,-1.));
#10332 = VECTOR('',#10333,1.);
#10333 = DIRECTION('',(0.,1.,0.));
#10334 = PCURVE('',#4898,#10335);
#10335 = DEFINITIONAL_REPRESENTATION('',(#10336),#10340);
#10336 = LINE('',#10337,#10338);
#10337 = CARTESIAN_POINT('',(-0.7,0.));
#10338 = VECTOR('',#10339,1.);
#10339 = DIRECTION('',(0.,1.));
#10340 = ( GEOMETRIC_REPRESENTATION_CONTEXT(2) 
PARAMETRIC_REPRESENTATION_CONTEXT() REPRESENTATION_CONTEXT('2D SPACE',''
  ) );
#10341 = PCURVE('',#10083,#10342);
#10342 = DEFINITIONAL_REPRESENTATION('',(#10343),#10347);
#10343 = LINE('',#10344,#10345);
#10344 = CARTESIAN_POINT('',(0.,0.));
#10345 = VECTOR('',#10346,1.);
#10346 = DIRECTION('',(0.,-1.));
#10347 = ( GEOMETRIC_REPRESENTATION_CONTEXT(2) 
PARAMETRIC_REPRESENTATION_CONTEXT() REPRESENTATION_CONTEXT('2D SPACE',''
  ) );
#10348 = ORIENTED_EDGE('',*,*,#10349,.T.);
#10349 = EDGE_CURVE('',#10327,#10350,#10352,.T.);
#10350 = VERTEX_POINT('',#10351);
#10351 = CARTESIAN_POINT('',(57.3,11.5,-1.));
#10352 = SURFACE_CURVE('',#10353,(#10358,#10365),.PCURVE_S1.);
#10353 = CIRCLE('',#10354,0.7);
#10354 = AXIS2_PLACEMENT_3D('',#10355,#10356,#10357);
#10355 = CARTESIAN_POINT('',(57.3,12.2,-1.));
#10356 = DIRECTION('',(0.,0.,1.));
#10357 = DIRECTION('',(1.,0.,0.));
#10358 = PCURVE('',#4898,#10359);
#10359 = DEFINITIONAL_REPRESENTATION('',(#10360),#10364);
#10360 = CIRCLE('',#10361,0.7);
#10361 = AXIS2_PLACEMENT_2D('',#10362,#10363);
#10362 = CARTESIAN_POINT('',(0.,0.));
#10363 = DIRECTION('',(1.,0.));
#10364 = ( GEOMETRIC_REPRESENTATION_CONTEXT(2) 
PARAMETRIC_REPRESENTATION_CONTEXT() REPRESENTATION_CONTEXT('2D SPACE',''
  ) );
#10365 = PCURVE('',#10112,#10366);
#10366 = DEFINITIONAL_REPRESENTATION('',(#10367),#10371);
#10367 = LINE('',#10368,#10369);
#10368 = CARTESIAN_POINT('',(-0.,0.));
#10369 = VECTOR('',#10370,1.);
#10370 = DIRECTION('',(-1.,0.));
#10371 = ( GEOMETRIC_REPRESENTATION_CONTEXT(2) 
PARAMETRIC_REPRESENTATION_CONTEXT() REPRESENTATION_CONTEXT('2D SPACE',''
  ) );
#10372 = ORIENTED_EDGE('',*,*,#10373,.T.);
#10373 = EDGE_CURVE('',#10350,#10230,#10374,.T.);
#10374 = SURFACE_CURVE('',#10375,(#10379,#10386),.PCURVE_S1.);
#10375 = LINE('',#10376,#10377);
#10376 = CARTESIAN_POINT('',(57.3,11.5,-1.));
#10377 = VECTOR('',#10378,1.);
#10378 = DIRECTION('',(1.,0.,0.));
#10379 = PCURVE('',#4898,#10380);
#10380 = DEFINITIONAL_REPRESENTATION('',(#10381),#10385);
#10381 = LINE('',#10382,#10383);
#10382 = CARTESIAN_POINT('',(0.,-0.7));
#10383 = VECTOR('',#10384,1.);
#10384 = DIRECTION('',(1.,0.));
#10385 = ( GEOMETRIC_REPRESENTATION_CONTEXT(2) 
PARAMETRIC_REPRESENTATION_CONTEXT() REPRESENTATION_CONTEXT('2D SPACE',''
  ) );
#10386 = PCURVE('',#10140,#10387);
#10387 = DEFINITIONAL_REPRESENTATION('',(#10388),#10392);
#10388 = LINE('',#10389,#10390);
#10389 = CARTESIAN_POINT('',(0.,0.));
#10390 = VECTOR('',#10391,1.);
#10391 = DIRECTION('',(0.,1.));
#10392 = ( GEOMETRIC_REPRESENTATION_CONTEXT(2) 
PARAMETRIC_REPRESENTATION_CONTEXT() REPRESENTATION_CONTEXT('2D SPACE',''
  ) );
#10393 = ORIENTED_EDGE('',*,*,#10229,.T.);
#10394 = ORIENTED_EDGE('',*,*,#4883,.F.);
#10395 = ADVANCED_FACE('',(#10396),#5439,.F.);
#10396 = FACE_BOUND('',#10397,.F.);
#10397 = EDGE_LOOP('',(#10398,#10399,#10427,#10448,#10481,#10501));
#10398 = ORIENTED_EDGE('',*,*,#5424,.F.);
#10399 = ORIENTED_EDGE('',*,*,#10400,.F.);
#10400 = EDGE_CURVE('',#10401,#5397,#10403,.T.);
#10401 = VERTEX_POINT('',#10402);
#10402 = CARTESIAN_POINT('',(-0.204476116745,105.3,0.2));
#10403 = SURFACE_CURVE('',#10404,(#10409,#10420),.PCURVE_S1.);
#10404 = CIRCLE('',#10405,9.2);
#10405 = AXIS2_PLACEMENT_3D('',#10406,#10407,#10408);
#10406 = CARTESIAN_POINT('',(6.5,99.,0.2));
#10407 = DIRECTION('',(0.,0.,-1.));
#10408 = DIRECTION('',(1.,0.,0.));
#10409 = PCURVE('',#5439,#10410);
#10410 = DEFINITIONAL_REPRESENTATION('',(#10411),#10419);
#10411 = ( BOUNDED_CURVE() B_SPLINE_CURVE(2,(#10412,#10413,#10414,#10415
    ,#10416,#10417,#10418),.UNSPECIFIED.,.T.,.F.) 
B_SPLINE_CURVE_WITH_KNOTS((1,2,2,2,2,1),(-2.094395102393,0.,
    2.094395102393,4.188790204786,6.28318530718,8.377580409573),
.UNSPECIFIED.) CURVE() GEOMETRIC_REPRESENTATION_ITEM() 
RATIONAL_B_SPLINE_CURVE((1.,0.5,1.,0.5,1.,0.5,1.)) REPRESENTATION_ITEM(
  '') );
#10412 = CARTESIAN_POINT('',(9.2,93.));
#10413 = CARTESIAN_POINT('',(9.2,77.065132570366));
#10414 = CARTESIAN_POINT('',(-4.6,85.032566285183));
#10415 = CARTESIAN_POINT('',(-18.4,93.));
#10416 = CARTESIAN_POINT('',(-4.6,100.96743371481));
#10417 = CARTESIAN_POINT('',(9.2,108.93486742963));
#10418 = CARTESIAN_POINT('',(9.2,93.));
#10419 = ( GEOMETRIC_REPRESENTATION_CONTEXT(2) 
PARAMETRIC_REPRESENTATION_CONTEXT() REPRESENTATION_CONTEXT('2D SPACE',''
  ) );
#10420 = PCURVE('',#5412,#10421);
#10421 = DEFINITIONAL_REPRESENTATION('',(#10422),#10426);
#10422 = LINE('',#10423,#10424);
#10423 = CARTESIAN_POINT('',(-6.28318530718,-10.7));
#10424 = VECTOR('',#10425,1.);
#10425 = DIRECTION('',(1.,-0.));
#10426 = ( GEOMETRIC_REPRESENTATION_CONTEXT(2) 
PARAMETRIC_REPRESENTATION_CONTEXT() REPRESENTATION_CONTEXT('2D SPACE',''
  ) );
#10427 = ORIENTED_EDGE('',*,*,#10428,.F.);
#10428 = EDGE_CURVE('',#10429,#10401,#10431,.T.);
#10429 = VERTEX_POINT('',#10430);
#10430 = CARTESIAN_POINT('',(1.52575709992,105.3,0.2));
#10431 = SURFACE_CURVE('',#10432,(#10436,#10442),.PCURVE_S1.);
#10432 = LINE('',#10433,#10434);
#10433 = CARTESIAN_POINT('',(3.1,105.3,0.2));
#10434 = VECTOR('',#10435,1.);
#10435 = DIRECTION('',(-1.,0.,0.));
#10436 = PCURVE('',#5439,#10437);
#10437 = DEFINITIONAL_REPRESENTATION('',(#10438),#10441);
#10438 = B_SPLINE_CURVE_WITH_KNOTS('',1,(#10439,#10440),.UNSPECIFIED.,
  .F.,.F.,(2,2),(-57.2,3.4),.PIECEWISE_BEZIER_KNOTS.);
#10439 = CARTESIAN_POINT('',(53.8,99.3));
#10440 = CARTESIAN_POINT('',(-6.8,99.3));
#10441 = ( GEOMETRIC_REPRESENTATION_CONTEXT(2) 
PARAMETRIC_REPRESENTATION_CONTEXT() REPRESENTATION_CONTEXT('2D SPACE',''
  ) );
#10442 = PCURVE('',#5916,#10443);
#10443 = DEFINITIONAL_REPRESENTATION('',(#10444),#10447);
#10444 = B_SPLINE_CURVE_WITH_KNOTS('',1,(#10445,#10446),.UNSPECIFIED.,
  .F.,.F.,(2,2),(-57.2,3.4),.PIECEWISE_BEZIER_KNOTS.);
#10445 = CARTESIAN_POINT('',(0.15,60.6));
#10446 = CARTESIAN_POINT('',(0.15,0.));
#10447 = ( GEOMETRIC_REPRESENTATION_CONTEXT(2) 
PARAMETRIC_REPRESENTATION_CONTEXT() REPRESENTATION_CONTEXT('2D SPACE',''
  ) );
#10448 = ORIENTED_EDGE('',*,*,#10449,.T.);
#10449 = EDGE_CURVE('',#10429,#10450,#10452,.T.);
#10450 = VERTEX_POINT('',#10451);
#10451 = CARTESIAN_POINT('',(6.495,107.025,0.2));
#10452 = SURFACE_CURVE('',#10453,(#10458,#10469),.PCURVE_S1.);
#10453 = CIRCLE('',#10454,8.02);
#10454 = AXIS2_PLACEMENT_3D('',#10455,#10456,#10457);
#10455 = CARTESIAN_POINT('',(6.495,99.005,0.2));
#10456 = DIRECTION('',(0.,0.,-1.));
#10457 = DIRECTION('',(1.,0.,0.));
#10458 = PCURVE('',#5439,#10459);
#10459 = DEFINITIONAL_REPRESENTATION('',(#10460),#10468);
#10460 = ( BOUNDED_CURVE() B_SPLINE_CURVE(2,(#10461,#10462,#10463,#10464
    ,#10465,#10466,#10467),.UNSPECIFIED.,.T.,.F.) 
B_SPLINE_CURVE_WITH_KNOTS((1,2,2,2,2,1),(-2.094395102393,0.,
    2.094395102393,4.188790204786,6.28318530718,8.377580409573),
.UNSPECIFIED.) CURVE() GEOMETRIC_REPRESENTATION_ITEM() 
RATIONAL_B_SPLINE_CURVE((1.,0.5,1.,0.5,1.,0.5,1.)) REPRESENTATION_ITEM(
  '') );
#10461 = CARTESIAN_POINT('',(8.015,93.005));
#10462 = CARTESIAN_POINT('',(8.015,79.113952523298));
#10463 = CARTESIAN_POINT('',(-4.015,86.059476261649));
#10464 = CARTESIAN_POINT('',(-16.045,93.005));
#10465 = CARTESIAN_POINT('',(-4.015,99.950523738351));
#10466 = CARTESIAN_POINT('',(8.015,106.8960474767));
#10467 = CARTESIAN_POINT('',(8.015,93.005));
#10468 = ( GEOMETRIC_REPRESENTATION_CONTEXT(2) 
PARAMETRIC_REPRESENTATION_CONTEXT() REPRESENTATION_CONTEXT('2D SPACE',''
  ) );
#10469 = PCURVE('',#10470,#10475);
#10470 = CYLINDRICAL_SURFACE('',#10471,8.02);
#10471 = AXIS2_PLACEMENT_3D('',#10472,#10473,#10474);
#10472 = CARTESIAN_POINT('',(6.495,99.005,0.25));
#10473 = DIRECTION('',(-0.,-0.,-1.));
#10474 = DIRECTION('',(1.,0.,0.));
#10475 = DEFINITIONAL_REPRESENTATION('',(#10476),#10480);
#10476 = LINE('',#10477,#10478);
#10477 = CARTESIAN_POINT('',(-6.28318530718,5.E-02));
#10478 = VECTOR('',#10479,1.);
#10479 = DIRECTION('',(1.,-0.));
#10480 = ( GEOMETRIC_REPRESENTATION_CONTEXT(2) 
PARAMETRIC_REPRESENTATION_CONTEXT() REPRESENTATION_CONTEXT('2D SPACE',''
  ) );
#10481 = ORIENTED_EDGE('',*,*,#10482,.F.);
#10482 = EDGE_CURVE('',#5607,#10450,#10483,.T.);
#10483 = SURFACE_CURVE('',#10484,(#10488,#10494),.PCURVE_S1.);
#10484 = LINE('',#10485,#10486);
#10485 = CARTESIAN_POINT('',(6.4975,107.025,0.2));
#10486 = VECTOR('',#10487,1.);
#10487 = DIRECTION('',(-1.,0.,0.));
#10488 = PCURVE('',#5439,#10489);
#10489 = DEFINITIONAL_REPRESENTATION('',(#10490),#10493);
#10490 = B_SPLINE_CURVE_WITH_KNOTS('',1,(#10491,#10492),.UNSPECIFIED.,
  .F.,.F.,(2,2),(-47.0075,2.500000000003E-03),.PIECEWISE_BEZIER_KNOTS.);
#10491 = CARTESIAN_POINT('',(47.005,101.025));
#10492 = CARTESIAN_POINT('',(-5.000000000005E-03,101.025));
#10493 = ( GEOMETRIC_REPRESENTATION_CONTEXT(2) 
PARAMETRIC_REPRESENTATION_CONTEXT() REPRESENTATION_CONTEXT('2D SPACE',''
  ) );
#10494 = PCURVE('',#5621,#10495);
#10495 = DEFINITIONAL_REPRESENTATION('',(#10496),#10500);
#10496 = LINE('',#10497,#10498);
#10497 = CARTESIAN_POINT('',(-5.E-02,2.500000000003E-03));
#10498 = VECTOR('',#10499,1.);
#10499 = DIRECTION('',(0.,-1.));
#10500 = ( GEOMETRIC_REPRESENTATION_CONTEXT(2) 
PARAMETRIC_REPRESENTATION_CONTEXT() REPRESENTATION_CONTEXT('2D SPACE',''
  ) );
#10501 = ORIENTED_EDGE('',*,*,#5632,.T.);
#10502 = ADVANCED_FACE('',(#10503),#5412,.F.);
#10503 = FACE_BOUND('',#10504,.T.);
#10504 = EDGE_LOOP('',(#10505,#10506,#10507,#10508,#10529,#10562,#10583,
    #10616));
#10505 = ORIENTED_EDGE('',*,*,#8456,.F.);
#10506 = ORIENTED_EDGE('',*,*,#5396,.T.);
#10507 = ORIENTED_EDGE('',*,*,#10400,.F.);
#10508 = ORIENTED_EDGE('',*,*,#10509,.T.);
#10509 = EDGE_CURVE('',#10401,#10510,#10512,.T.);
#10510 = VERTEX_POINT('',#10511);
#10511 = CARTESIAN_POINT('',(-0.204476116744,105.3,5.E-02));
#10512 = SURFACE_CURVE('',#10513,(#10517,#10523),.PCURVE_S1.);
#10513 = LINE('',#10514,#10515);
#10514 = CARTESIAN_POINT('',(-0.204476116745,105.3,-10.5));
#10515 = VECTOR('',#10516,1.);
#10516 = DIRECTION('',(-0.,-0.,-1.));
#10517 = PCURVE('',#5412,#10518);
#10518 = DEFINITIONAL_REPRESENTATION('',(#10519),#10522);
#10519 = B_SPLINE_CURVE_WITH_KNOTS('',1,(#10520,#10521),.UNSPECIFIED.,
  .F.,.F.,(2,2),(-10.7000006,-10.365),.PIECEWISE_BEZIER_KNOTS.);
#10520 = CARTESIAN_POINT('',(-2.387287304737,-10.7000006));
#10521 = CARTESIAN_POINT('',(-2.387287304737,-10.365));
#10522 = ( GEOMETRIC_REPRESENTATION_CONTEXT(2) 
PARAMETRIC_REPRESENTATION_CONTEXT() REPRESENTATION_CONTEXT('2D SPACE',''
  ) );
#10523 = PCURVE('',#5916,#10524);
#10524 = DEFINITIONAL_REPRESENTATION('',(#10525),#10528);
#10525 = B_SPLINE_CURVE_WITH_KNOTS('',1,(#10526,#10527),.UNSPECIFIED.,
  .F.,.F.,(2,2),(-10.7000006,-10.365),.PIECEWISE_BEZIER_KNOTS.);
#10526 = CARTESIAN_POINT('',(0.1500006,9.55238832553E-02));
#10527 = CARTESIAN_POINT('',(-0.185,9.55238832553E-02));
#10528 = ( GEOMETRIC_REPRESENTATION_CONTEXT(2) 
PARAMETRIC_REPRESENTATION_CONTEXT() REPRESENTATION_CONTEXT('2D SPACE',''
  ) );
#10529 = ORIENTED_EDGE('',*,*,#10530,.F.);
#10530 = EDGE_CURVE('',#10531,#10510,#10533,.T.);
#10531 = VERTEX_POINT('',#10532);
#10532 = CARTESIAN_POINT('',(-0.3,105.19677335393,5.E-02));
#10533 = SURFACE_CURVE('',#10534,(#10539,#10546),.PCURVE_S1.);
#10534 = CIRCLE('',#10535,9.2);
#10535 = AXIS2_PLACEMENT_3D('',#10536,#10537,#10538);
#10536 = CARTESIAN_POINT('',(6.5,99.,5.E-02));
#10537 = DIRECTION('',(0.,0.,-1.));
#10538 = DIRECTION('',(1.,0.,0.));
#10539 = PCURVE('',#5412,#10540);
#10540 = DEFINITIONAL_REPRESENTATION('',(#10541),#10545);
#10541 = LINE('',#10542,#10543);
#10542 = CARTESIAN_POINT('',(-6.28318530718,-10.55));
#10543 = VECTOR('',#10544,1.);
#10544 = DIRECTION('',(1.,-0.));
#10545 = ( GEOMETRIC_REPRESENTATION_CONTEXT(2) 
PARAMETRIC_REPRESENTATION_CONTEXT() REPRESENTATION_CONTEXT('2D SPACE',''
  ) );
#10546 = PCURVE('',#10547,#10552);
#10547 = PLANE('',#10548);
#10548 = AXIS2_PLACEMENT_3D('',#10549,#10550,#10551);
#10549 = CARTESIAN_POINT('',(-0.3,-0.3,5.E-02));
#10550 = DIRECTION('',(0.,0.,1.));
#10551 = DIRECTION('',(1.,0.,0.));
#10552 = DEFINITIONAL_REPRESENTATION('',(#10553),#10561);
#10553 = ( BOUNDED_CURVE() B_SPLINE_CURVE(2,(#10554,#10555,#10556,#10557
    ,#10558,#10559,#10560),.UNSPECIFIED.,.T.,.F.) 
B_SPLINE_CURVE_WITH_KNOTS((1,2,2,2,2,1),(-2.094395102393,0.,
    2.094395102393,4.188790204786,6.28318530718,8.377580409573),
.UNSPECIFIED.) CURVE() GEOMETRIC_REPRESENTATION_ITEM() 
RATIONAL_B_SPLINE_CURVE((1.,0.5,1.,0.5,1.,0.5,1.)) REPRESENTATION_ITEM(
  '') );
#10554 = CARTESIAN_POINT('',(16.,99.3));
#10555 = CARTESIAN_POINT('',(16.,83.365132570366));
#10556 = CARTESIAN_POINT('',(2.2,91.332566285183));
#10557 = CARTESIAN_POINT('',(-11.6,99.3));
#10558 = CARTESIAN_POINT('',(2.2,107.26743371481));
#10559 = CARTESIAN_POINT('',(16.,115.23486742963));
#10560 = CARTESIAN_POINT('',(16.,99.3));
#10561 = ( GEOMETRIC_REPRESENTATION_CONTEXT(2) 
PARAMETRIC_REPRESENTATION_CONTEXT() REPRESENTATION_CONTEXT('2D SPACE',''
  ) );
#10562 = ORIENTED_EDGE('',*,*,#10563,.F.);
#10563 = EDGE_CURVE('',#10564,#10531,#10566,.T.);
#10564 = VERTEX_POINT('',#10565);
#10565 = CARTESIAN_POINT('',(-0.3,105.19677335393,0.2));
#10566 = SURFACE_CURVE('',#10567,(#10571,#10577),.PCURVE_S1.);
#10567 = LINE('',#10568,#10569);
#10568 = CARTESIAN_POINT('',(-0.3,105.19677335393,-10.5));
#10569 = VECTOR('',#10570,1.);
#10570 = DIRECTION('',(-0.,-0.,-1.));
#10571 = PCURVE('',#5412,#10572);
#10572 = DEFINITIONAL_REPRESENTATION('',(#10573),#10576);
#10573 = B_SPLINE_CURVE_WITH_KNOTS('',1,(#10574,#10575),.UNSPECIFIED.,
  .F.,.F.,(2,2),(-10.7000006,-10.365),.PIECEWISE_BEZIER_KNOTS.);
#10574 = CARTESIAN_POINT('',(-2.402574774576,-10.7000006));
#10575 = CARTESIAN_POINT('',(-2.402574774576,-10.365));
#10576 = ( GEOMETRIC_REPRESENTATION_CONTEXT(2) 
PARAMETRIC_REPRESENTATION_CONTEXT() REPRESENTATION_CONTEXT('2D SPACE',''
  ) );
#10577 = PCURVE('',#5890,#10578);
#10578 = DEFINITIONAL_REPRESENTATION('',(#10579),#10582);
#10579 = B_SPLINE_CURVE_WITH_KNOTS('',1,(#10580,#10581),.UNSPECIFIED.,
  .F.,.F.,(2,2),(-10.7000006,-10.365),.PIECEWISE_BEZIER_KNOTS.);
#10580 = CARTESIAN_POINT('',(0.1500006,-105.4967733539));
#10581 = CARTESIAN_POINT('',(-0.185,-105.4967733539));
#10582 = ( GEOMETRIC_REPRESENTATION_CONTEXT(2) 
PARAMETRIC_REPRESENTATION_CONTEXT() REPRESENTATION_CONTEXT('2D SPACE',''
  ) );
#10583 = ORIENTED_EDGE('',*,*,#10584,.F.);
#10584 = EDGE_CURVE('',#10585,#10564,#10587,.T.);
#10585 = VERTEX_POINT('',#10586);
#10586 = CARTESIAN_POINT('',(-2.7,99.,0.2));
#10587 = SURFACE_CURVE('',#10588,(#10593,#10600),.PCURVE_S1.);
#10588 = CIRCLE('',#10589,9.2);
#10589 = AXIS2_PLACEMENT_3D('',#10590,#10591,#10592);
#10590 = CARTESIAN_POINT('',(6.5,99.,0.2));
#10591 = DIRECTION('',(0.,0.,-1.));
#10592 = DIRECTION('',(1.,0.,0.));
#10593 = PCURVE('',#5412,#10594);
#10594 = DEFINITIONAL_REPRESENTATION('',(#10595),#10599);
#10595 = LINE('',#10596,#10597);
#10596 = CARTESIAN_POINT('',(-6.28318530718,-10.7));
#10597 = VECTOR('',#10598,1.);
#10598 = DIRECTION('',(1.,-0.));
#10599 = ( GEOMETRIC_REPRESENTATION_CONTEXT(2) 
PARAMETRIC_REPRESENTATION_CONTEXT() REPRESENTATION_CONTEXT('2D SPACE',''
  ) );
#10600 = PCURVE('',#10601,#10606);
#10601 = PLANE('',#10602);
#10602 = AXIS2_PLACEMENT_3D('',#10603,#10604,#10605);
#10603 = CARTESIAN_POINT('',(6.5,6.,0.2));
#10604 = DIRECTION('',(0.,0.,1.));
#10605 = DIRECTION('',(1.,0.,-0.));
#10606 = DEFINITIONAL_REPRESENTATION('',(#10607),#10615);
#10607 = ( BOUNDED_CURVE() B_SPLINE_CURVE(2,(#10608,#10609,#10610,#10611
    ,#10612,#10613,#10614),.UNSPECIFIED.,.T.,.F.) 
B_SPLINE_CURVE_WITH_KNOTS((1,2,2,2,2,1),(-2.094395102393,0.,
    2.094395102393,4.188790204786,6.28318530718,8.377580409573),
.UNSPECIFIED.) CURVE() GEOMETRIC_REPRESENTATION_ITEM() 
RATIONAL_B_SPLINE_CURVE((1.,0.5,1.,0.5,1.,0.5,1.)) REPRESENTATION_ITEM(
  '') );
#10608 = CARTESIAN_POINT('',(9.2,93.));
#10609 = CARTESIAN_POINT('',(9.2,77.065132570366));
#10610 = CARTESIAN_POINT('',(-4.6,85.032566285183));
#10611 = CARTESIAN_POINT('',(-18.4,93.));
#10612 = CARTESIAN_POINT('',(-4.6,100.96743371481));
#10613 = CARTESIAN_POINT('',(9.2,108.93486742963));
#10614 = CARTESIAN_POINT('',(9.2,93.));
#10615 = ( GEOMETRIC_REPRESENTATION_CONTEXT(2) 
PARAMETRIC_REPRESENTATION_CONTEXT() REPRESENTATION_CONTEXT('2D SPACE',''
  ) );
#10616 = ORIENTED_EDGE('',*,*,#10617,.F.);
#10617 = EDGE_CURVE('',#8457,#10585,#10618,.T.);
#10618 = SURFACE_CURVE('',#10619,(#10623,#10630),.PCURVE_S1.);
#10619 = LINE('',#10620,#10621);
#10620 = CARTESIAN_POINT('',(-2.7,99.,-10.5));
#10621 = VECTOR('',#10622,1.);
#10622 = DIRECTION('',(0.,0.,1.));
#10623 = PCURVE('',#5412,#10624);
#10624 = DEFINITIONAL_REPRESENTATION('',(#10625),#10629);
#10625 = LINE('',#10626,#10627);
#10626 = CARTESIAN_POINT('',(-3.14159265359,0.));
#10627 = VECTOR('',#10628,1.);
#10628 = DIRECTION('',(-0.,-1.));
#10629 = ( GEOMETRIC_REPRESENTATION_CONTEXT(2) 
PARAMETRIC_REPRESENTATION_CONTEXT() REPRESENTATION_CONTEXT('2D SPACE',''
  ) );
#10630 = PCURVE('',#8496,#10631);
#10631 = DEFINITIONAL_REPRESENTATION('',(#10632),#10636);
#10632 = LINE('',#10633,#10634);
#10633 = CARTESIAN_POINT('',(0.,-93.));
#10634 = VECTOR('',#10635,1.);
#10635 = DIRECTION('',(1.,0.));
#10636 = ( GEOMETRIC_REPRESENTATION_CONTEXT(2) 
PARAMETRIC_REPRESENTATION_CONTEXT() REPRESENTATION_CONTEXT('2D SPACE',''
  ) );
#10637 = ADVANCED_FACE('',(#10638),#5621,.F.);
#10638 = FACE_BOUND('',#10639,.F.);
#10639 = EDGE_LOOP('',(#10640,#10641,#10642,#10665));
#10640 = ORIENTED_EDGE('',*,*,#5606,.T.);
#10641 = ORIENTED_EDGE('',*,*,#10482,.T.);
#10642 = ORIENTED_EDGE('',*,*,#10643,.F.);
#10643 = EDGE_CURVE('',#10644,#10450,#10646,.T.);
#10644 = VERTEX_POINT('',#10645);
#10645 = CARTESIAN_POINT('',(6.495,107.025,1.5));
#10646 = SURFACE_CURVE('',#10647,(#10651,#10658),.PCURVE_S1.);
#10647 = LINE('',#10648,#10649);
#10648 = CARTESIAN_POINT('',(6.495,107.025,1.5));
#10649 = VECTOR('',#10650,1.);
#10650 = DIRECTION('',(0.,0.,-1.));
#10651 = PCURVE('',#5621,#10652);
#10652 = DEFINITIONAL_REPRESENTATION('',(#10653),#10657);
#10653 = LINE('',#10654,#10655);
#10654 = CARTESIAN_POINT('',(1.25,0.));
#10655 = VECTOR('',#10656,1.);
#10656 = DIRECTION('',(-1.,0.));
#10657 = ( GEOMETRIC_REPRESENTATION_CONTEXT(2) 
PARAMETRIC_REPRESENTATION_CONTEXT() REPRESENTATION_CONTEXT('2D SPACE',''
  ) );
#10658 = PCURVE('',#10470,#10659);
#10659 = DEFINITIONAL_REPRESENTATION('',(#10660),#10664);
#10660 = LINE('',#10661,#10662);
#10661 = CARTESIAN_POINT('',(-1.570796326795,-1.25));
#10662 = VECTOR('',#10663,1.);
#10663 = DIRECTION('',(0.,1.));
#10664 = ( GEOMETRIC_REPRESENTATION_CONTEXT(2) 
PARAMETRIC_REPRESENTATION_CONTEXT() REPRESENTATION_CONTEXT('2D SPACE',''
  ) );
#10665 = ORIENTED_EDGE('',*,*,#10666,.F.);
#10666 = EDGE_CURVE('',#5581,#10644,#10667,.T.);
#10667 = SURFACE_CURVE('',#10668,(#10672,#10679),.PCURVE_S1.);
#10668 = LINE('',#10669,#10670);
#10669 = CARTESIAN_POINT('',(6.495,107.025,1.5));
#10670 = VECTOR('',#10671,1.);
#10671 = DIRECTION('',(-1.,0.,0.));
#10672 = PCURVE('',#5621,#10673);
#10673 = DEFINITIONAL_REPRESENTATION('',(#10674),#10678);
#10674 = LINE('',#10675,#10676);
#10675 = CARTESIAN_POINT('',(1.25,0.));
#10676 = VECTOR('',#10677,1.);
#10677 = DIRECTION('',(0.,-1.));
#10678 = ( GEOMETRIC_REPRESENTATION_CONTEXT(2) 
PARAMETRIC_REPRESENTATION_CONTEXT() REPRESENTATION_CONTEXT('2D SPACE',''
  ) );
#10679 = PCURVE('',#5595,#10680);
#10680 = DEFINITIONAL_REPRESENTATION('',(#10681),#10684);
#10681 = B_SPLINE_CURVE_WITH_KNOTS('',1,(#10682,#10683),.UNSPECIFIED.,
  .F.,.F.,(2,2),(-47.01,0.),.PIECEWISE_BEZIER_KNOTS.);
#10682 = CARTESIAN_POINT('',(47.01,110.05));
#10683 = CARTESIAN_POINT('',(0.,110.05));
#10684 = ( GEOMETRIC_REPRESENTATION_CONTEXT(2) 
PARAMETRIC_REPRESENTATION_CONTEXT() REPRESENTATION_CONTEXT('2D SPACE',''
  ) );
#10685 = ADVANCED_FACE('',(#10686),#5595,.T.);
#10686 = FACE_BOUND('',#10687,.T.);
#10687 = EDGE_LOOP('',(#10688,#10689,#10712,#10736,#10757,#10783));
#10688 = ORIENTED_EDGE('',*,*,#5580,.T.);
#10689 = ORIENTED_EDGE('',*,*,#10690,.F.);
#10690 = EDGE_CURVE('',#10691,#5555,#10693,.T.);
#10691 = VERTEX_POINT('',#10692);
#10692 = CARTESIAN_POINT('',(6.495,108.025,1.5));
#10693 = SURFACE_CURVE('',#10694,(#10698,#10705),.PCURVE_S1.);
#10694 = LINE('',#10695,#10696);
#10695 = CARTESIAN_POINT('',(6.495,108.025,1.5));
#10696 = VECTOR('',#10697,1.);
#10697 = DIRECTION('',(1.,0.,0.));
#10698 = PCURVE('',#5595,#10699);
#10699 = DEFINITIONAL_REPRESENTATION('',(#10700),#10704);
#10700 = LINE('',#10701,#10702);
#10701 = CARTESIAN_POINT('',(0.,111.05));
#10702 = VECTOR('',#10703,1.);
#10703 = DIRECTION('',(1.,0.));
#10704 = ( GEOMETRIC_REPRESENTATION_CONTEXT(2) 
PARAMETRIC_REPRESENTATION_CONTEXT() REPRESENTATION_CONTEXT('2D SPACE',''
  ) );
#10705 = PCURVE('',#5569,#10706);
#10706 = DEFINITIONAL_REPRESENTATION('',(#10707),#10711);
#10707 = LINE('',#10708,#10709);
#10708 = CARTESIAN_POINT('',(1.15,0.));
#10709 = VECTOR('',#10710,1.);
#10710 = DIRECTION('',(0.,1.));
#10711 = ( GEOMETRIC_REPRESENTATION_CONTEXT(2) 
PARAMETRIC_REPRESENTATION_CONTEXT() REPRESENTATION_CONTEXT('2D SPACE',''
  ) );
#10712 = ORIENTED_EDGE('',*,*,#10713,.T.);
#10713 = EDGE_CURVE('',#10691,#10714,#10716,.T.);
#10714 = VERTEX_POINT('',#10715);
#10715 = CARTESIAN_POINT('',(3.486261755989E-02,105.3,1.5));
#10716 = SURFACE_CURVE('',#10717,(#10722,#10729),.PCURVE_S1.);
#10717 = CIRCLE('',#10718,9.02);
#10718 = AXIS2_PLACEMENT_3D('',#10719,#10720,#10721);
#10719 = CARTESIAN_POINT('',(6.495,99.005,1.5));
#10720 = DIRECTION('',(0.,0.,1.));
#10721 = DIRECTION('',(1.,0.,0.));
#10722 = PCURVE('',#5595,#10723);
#10723 = DEFINITIONAL_REPRESENTATION('',(#10724),#10728);
#10724 = CIRCLE('',#10725,9.02);
#10725 = AXIS2_PLACEMENT_2D('',#10726,#10727);
#10726 = CARTESIAN_POINT('',(0.,102.03));
#10727 = DIRECTION('',(1.,0.));
#10728 = ( GEOMETRIC_REPRESENTATION_CONTEXT(2) 
PARAMETRIC_REPRESENTATION_CONTEXT() REPRESENTATION_CONTEXT('2D SPACE',''
  ) );
#10729 = PCURVE('',#5948,#10730);
#10730 = DEFINITIONAL_REPRESENTATION('',(#10731),#10735);
#10731 = LINE('',#10732,#10733);
#10732 = CARTESIAN_POINT('',(-0.,-1.15));
#10733 = VECTOR('',#10734,1.);
#10734 = DIRECTION('',(-1.,0.));
#10735 = ( GEOMETRIC_REPRESENTATION_CONTEXT(2) 
PARAMETRIC_REPRESENTATION_CONTEXT() REPRESENTATION_CONTEXT('2D SPACE',''
  ) );
#10736 = ORIENTED_EDGE('',*,*,#10737,.F.);
#10737 = EDGE_CURVE('',#10738,#10714,#10740,.T.);
#10738 = VERTEX_POINT('',#10739);
#10739 = CARTESIAN_POINT('',(1.52575709992,105.3,1.5));
#10740 = SURFACE_CURVE('',#10741,(#10745,#10751),.PCURVE_S1.);
#10741 = LINE('',#10742,#10743);
#10742 = CARTESIAN_POINT('',(3.0975,105.3,1.5));
#10743 = VECTOR('',#10744,1.);
#10744 = DIRECTION('',(-1.,0.,0.));
#10745 = PCURVE('',#5595,#10746);
#10746 = DEFINITIONAL_REPRESENTATION('',(#10747),#10750);
#10747 = B_SPLINE_CURVE_WITH_KNOTS('',1,(#10748,#10749),.UNSPECIFIED.,
  .F.,.F.,(2,2),(-57.2025,3.3975),.PIECEWISE_BEZIER_KNOTS.);
#10748 = CARTESIAN_POINT('',(53.805,108.325));
#10749 = CARTESIAN_POINT('',(-6.795,108.325));
#10750 = ( GEOMETRIC_REPRESENTATION_CONTEXT(2) 
PARAMETRIC_REPRESENTATION_CONTEXT() REPRESENTATION_CONTEXT('2D SPACE',''
  ) );
#10751 = PCURVE('',#5916,#10752);
#10752 = DEFINITIONAL_REPRESENTATION('',(#10753),#10756);
#10753 = B_SPLINE_CURVE_WITH_KNOTS('',1,(#10754,#10755),.UNSPECIFIED.,
  .F.,.F.,(2,2),(-57.2025,3.3975),.PIECEWISE_BEZIER_KNOTS.);
#10754 = CARTESIAN_POINT('',(1.45,60.6));
#10755 = CARTESIAN_POINT('',(1.45,0.));
#10756 = ( GEOMETRIC_REPRESENTATION_CONTEXT(2) 
PARAMETRIC_REPRESENTATION_CONTEXT() REPRESENTATION_CONTEXT('2D SPACE',''
  ) );
#10757 = ORIENTED_EDGE('',*,*,#10758,.T.);
#10758 = EDGE_CURVE('',#10738,#10644,#10759,.T.);
#10759 = SURFACE_CURVE('',#10760,(#10765,#10776),.PCURVE_S1.);
#10760 = CIRCLE('',#10761,8.02);
#10761 = AXIS2_PLACEMENT_3D('',#10762,#10763,#10764);
#10762 = CARTESIAN_POINT('',(6.495,99.005,1.5));
#10763 = DIRECTION('',(0.,0.,-1.));
#10764 = DIRECTION('',(1.,0.,0.));
#10765 = PCURVE('',#5595,#10766);
#10766 = DEFINITIONAL_REPRESENTATION('',(#10767),#10775);
#10767 = ( BOUNDED_CURVE() B_SPLINE_CURVE(2,(#10768,#10769,#10770,#10771
    ,#10772,#10773,#10774),.UNSPECIFIED.,.T.,.F.) 
B_SPLINE_CURVE_WITH_KNOTS((1,2,2,2,2,1),(-2.094395102393,0.,
    2.094395102393,4.188790204786,6.28318530718,8.377580409573),
.UNSPECIFIED.) CURVE() GEOMETRIC_REPRESENTATION_ITEM() 
RATIONAL_B_SPLINE_CURVE((1.,0.5,1.,0.5,1.,0.5,1.)) REPRESENTATION_ITEM(
  '') );
#10768 = CARTESIAN_POINT('',(8.02,102.03));
#10769 = CARTESIAN_POINT('',(8.02,88.138952523298));
#10770 = CARTESIAN_POINT('',(-4.01,95.084476261649));
#10771 = CARTESIAN_POINT('',(-16.04,102.03));
#10772 = CARTESIAN_POINT('',(-4.01,108.97552373835));
#10773 = CARTESIAN_POINT('',(8.02,115.9210474767));
#10774 = CARTESIAN_POINT('',(8.02,102.03));
#10775 = ( GEOMETRIC_REPRESENTATION_CONTEXT(2) 
PARAMETRIC_REPRESENTATION_CONTEXT() REPRESENTATION_CONTEXT('2D SPACE',''
  ) );
#10776 = PCURVE('',#10470,#10777);
#10777 = DEFINITIONAL_REPRESENTATION('',(#10778),#10782);
#10778 = LINE('',#10779,#10780);
#10779 = CARTESIAN_POINT('',(-6.28318530718,-1.25));
#10780 = VECTOR('',#10781,1.);
#10781 = DIRECTION('',(1.,-0.));
#10782 = ( GEOMETRIC_REPRESENTATION_CONTEXT(2) 
PARAMETRIC_REPRESENTATION_CONTEXT() REPRESENTATION_CONTEXT('2D SPACE',''
  ) );
#10783 = ORIENTED_EDGE('',*,*,#10666,.F.);
#10784 = ADVANCED_FACE('',(#10785),#5569,.T.);
#10785 = FACE_BOUND('',#10786,.T.);
#10786 = EDGE_LOOP('',(#10787,#10788,#10789,#10810));
#10787 = ORIENTED_EDGE('',*,*,#5554,.T.);
#10788 = ORIENTED_EDGE('',*,*,#5960,.T.);
#10789 = ORIENTED_EDGE('',*,*,#10790,.T.);
#10790 = EDGE_CURVE('',#5928,#10691,#10791,.T.);
#10791 = SURFACE_CURVE('',#10792,(#10796,#10803),.PCURVE_S1.);
#10792 = LINE('',#10793,#10794);
#10793 = CARTESIAN_POINT('',(6.495,108.025,0.35));
#10794 = VECTOR('',#10795,1.);
#10795 = DIRECTION('',(0.,0.,1.));
#10796 = PCURVE('',#5569,#10797);
#10797 = DEFINITIONAL_REPRESENTATION('',(#10798),#10802);
#10798 = LINE('',#10799,#10800);
#10799 = CARTESIAN_POINT('',(0.,0.));
#10800 = VECTOR('',#10801,1.);
#10801 = DIRECTION('',(1.,0.));
#10802 = ( GEOMETRIC_REPRESENTATION_CONTEXT(2) 
PARAMETRIC_REPRESENTATION_CONTEXT() REPRESENTATION_CONTEXT('2D SPACE',''
  ) );
#10803 = PCURVE('',#5948,#10804);
#10804 = DEFINITIONAL_REPRESENTATION('',(#10805),#10809);
#10805 = LINE('',#10806,#10807);
#10806 = CARTESIAN_POINT('',(-1.570796326795,-1.110223024625E-16));
#10807 = VECTOR('',#10808,1.);
#10808 = DIRECTION('',(-0.,-1.));
#10809 = ( GEOMETRIC_REPRESENTATION_CONTEXT(2) 
PARAMETRIC_REPRESENTATION_CONTEXT() REPRESENTATION_CONTEXT('2D SPACE',''
  ) );
#10810 = ORIENTED_EDGE('',*,*,#10690,.T.);
#10811 = ADVANCED_FACE('',(#10812),#5948,.T.);
#10812 = FACE_BOUND('',#10813,.F.);
#10813 = EDGE_LOOP('',(#10814,#10833,#10834,#10835));
#10814 = ORIENTED_EDGE('',*,*,#10815,.T.);
#10815 = EDGE_CURVE('',#10714,#5902,#10816,.T.);
#10816 = SURFACE_CURVE('',#10817,(#10821,#10827),.PCURVE_S1.);
#10817 = LINE('',#10818,#10819);
#10818 = CARTESIAN_POINT('',(3.486261755988E-02,105.3,0.35));
#10819 = VECTOR('',#10820,1.);
#10820 = DIRECTION('',(-0.,-0.,-1.));
#10821 = PCURVE('',#5948,#10822);
#10822 = DEFINITIONAL_REPRESENTATION('',(#10823),#10826);
#10823 = B_SPLINE_CURVE_WITH_KNOTS('',1,(#10824,#10825),.UNSPECIFIED.,
  .F.,.F.,(2,2),(-1.1500006,-8.99994E-02),.PIECEWISE_BEZIER_KNOTS.);
#10824 = CARTESIAN_POINT('',(-2.369140501807,-1.1500006));
#10825 = CARTESIAN_POINT('',(-2.369140501807,-8.99994E-02));
#10826 = ( GEOMETRIC_REPRESENTATION_CONTEXT(2) 
PARAMETRIC_REPRESENTATION_CONTEXT() REPRESENTATION_CONTEXT('2D SPACE',''
  ) );
#10827 = PCURVE('',#5916,#10828);
#10828 = DEFINITIONAL_REPRESENTATION('',(#10829),#10832);
#10829 = B_SPLINE_CURVE_WITH_KNOTS('',1,(#10830,#10831),.UNSPECIFIED.,
  .F.,.F.,(2,2),(-1.1500006,-8.99994E-02),.PIECEWISE_BEZIER_KNOTS.);
#10830 = CARTESIAN_POINT('',(1.4500006,0.33486261756));
#10831 = CARTESIAN_POINT('',(0.3899994,0.33486261756));
#10832 = ( GEOMETRIC_REPRESENTATION_CONTEXT(2) 
PARAMETRIC_REPRESENTATION_CONTEXT() REPRESENTATION_CONTEXT('2D SPACE',''
  ) );
#10833 = ORIENTED_EDGE('',*,*,#5927,.T.);
#10834 = ORIENTED_EDGE('',*,*,#10790,.T.);
#10835 = ORIENTED_EDGE('',*,*,#10713,.T.);
#10836 = ADVANCED_FACE('',(#10837),#5916,.F.);
#10837 = FACE_BOUND('',#10838,.F.);
#10838 = EDGE_LOOP('',(#10839,#10862,#10883,#10884,#10885,#10886,#10905,
    #10906));
#10839 = ORIENTED_EDGE('',*,*,#10840,.F.);
#10840 = EDGE_CURVE('',#10841,#10510,#10843,.T.);
#10841 = VERTEX_POINT('',#10842);
#10842 = CARTESIAN_POINT('',(-0.3,105.3,5.E-02));
#10843 = SURFACE_CURVE('',#10844,(#10848,#10855),.PCURVE_S1.);
#10844 = LINE('',#10845,#10846);
#10845 = CARTESIAN_POINT('',(-0.3,105.3,5.E-02));
#10846 = VECTOR('',#10847,1.);
#10847 = DIRECTION('',(1.,0.,0.));
#10848 = PCURVE('',#5916,#10849);
#10849 = DEFINITIONAL_REPRESENTATION('',(#10850),#10854);
#10850 = LINE('',#10851,#10852);
#10851 = CARTESIAN_POINT('',(0.,0.));
#10852 = VECTOR('',#10853,1.);
#10853 = DIRECTION('',(0.,1.));
#10854 = ( GEOMETRIC_REPRESENTATION_CONTEXT(2) 
PARAMETRIC_REPRESENTATION_CONTEXT() REPRESENTATION_CONTEXT('2D SPACE',''
  ) );
#10855 = PCURVE('',#10547,#10856);
#10856 = DEFINITIONAL_REPRESENTATION('',(#10857),#10861);
#10857 = LINE('',#10858,#10859);
#10858 = CARTESIAN_POINT('',(0.,105.6));
#10859 = VECTOR('',#10860,1.);
#10860 = DIRECTION('',(1.,0.));
#10861 = ( GEOMETRIC_REPRESENTATION_CONTEXT(2) 
PARAMETRIC_REPRESENTATION_CONTEXT() REPRESENTATION_CONTEXT('2D SPACE',''
  ) );
#10862 = ORIENTED_EDGE('',*,*,#10863,.T.);
#10863 = EDGE_CURVE('',#10841,#5876,#10864,.T.);
#10864 = SURFACE_CURVE('',#10865,(#10869,#10876),.PCURVE_S1.);
#10865 = LINE('',#10866,#10867);
#10866 = CARTESIAN_POINT('',(-0.3,105.3,5.E-02));
#10867 = VECTOR('',#10868,1.);
#10868 = DIRECTION('',(0.,0.,1.));
#10869 = PCURVE('',#5916,#10870);
#10870 = DEFINITIONAL_REPRESENTATION('',(#10871),#10875);
#10871 = LINE('',#10872,#10873);
#10872 = CARTESIAN_POINT('',(0.,0.));
#10873 = VECTOR('',#10874,1.);
#10874 = DIRECTION('',(1.,0.));
#10875 = ( GEOMETRIC_REPRESENTATION_CONTEXT(2) 
PARAMETRIC_REPRESENTATION_CONTEXT() REPRESENTATION_CONTEXT('2D SPACE',''
  ) );
#10876 = PCURVE('',#5890,#10877);
#10877 = DEFINITIONAL_REPRESENTATION('',(#10878),#10882);
#10878 = LINE('',#10879,#10880);
#10879 = CARTESIAN_POINT('',(0.,-105.6));
#10880 = VECTOR('',#10881,1.);
#10881 = DIRECTION('',(1.,0.));
#10882 = ( GEOMETRIC_REPRESENTATION_CONTEXT(2) 
PARAMETRIC_REPRESENTATION_CONTEXT() REPRESENTATION_CONTEXT('2D SPACE',''
  ) );
#10883 = ORIENTED_EDGE('',*,*,#5901,.F.);
#10884 = ORIENTED_EDGE('',*,*,#10815,.F.);
#10885 = ORIENTED_EDGE('',*,*,#10737,.F.);
#10886 = ORIENTED_EDGE('',*,*,#10887,.T.);
#10887 = EDGE_CURVE('',#10738,#10429,#10888,.T.);
#10888 = SURFACE_CURVE('',#10889,(#10893,#10899),.PCURVE_S1.);
#10889 = LINE('',#10890,#10891);
#10890 = CARTESIAN_POINT('',(1.52575709992,105.3,0.25));
#10891 = VECTOR('',#10892,1.);
#10892 = DIRECTION('',(-0.,-0.,-1.));
#10893 = PCURVE('',#5916,#10894);
#10894 = DEFINITIONAL_REPRESENTATION('',(#10895),#10898);
#10895 = B_SPLINE_CURVE_WITH_KNOTS('',1,(#10896,#10897),.UNSPECIFIED.,
  .F.,.F.,(2,2),(-1.2500006,5.00006E-02),.PIECEWISE_BEZIER_KNOTS.);
#10896 = CARTESIAN_POINT('',(1.4500006,1.82575709992));
#10897 = CARTESIAN_POINT('',(0.1499994,1.82575709992));
#10898 = ( GEOMETRIC_REPRESENTATION_CONTEXT(2) 
PARAMETRIC_REPRESENTATION_CONTEXT() REPRESENTATION_CONTEXT('2D SPACE',''
  ) );
#10899 = PCURVE('',#10470,#10900);
#10900 = DEFINITIONAL_REPRESENTATION('',(#10901),#10904);
#10901 = B_SPLINE_CURVE_WITH_KNOTS('',1,(#10902,#10903),.UNSPECIFIED.,
  .F.,.F.,(2,2),(-1.2500006,5.00006E-02),.PIECEWISE_BEZIER_KNOTS.);
#10902 = CARTESIAN_POINT('',(-2.239037405653,-1.2500006));
#10903 = CARTESIAN_POINT('',(-2.239037405653,5.00006E-02));
#10904 = ( GEOMETRIC_REPRESENTATION_CONTEXT(2) 
PARAMETRIC_REPRESENTATION_CONTEXT() REPRESENTATION_CONTEXT('2D SPACE',''
  ) );
#10905 = ORIENTED_EDGE('',*,*,#10428,.T.);
#10906 = ORIENTED_EDGE('',*,*,#10509,.T.);
#10907 = ADVANCED_FACE('',(#10908),#5890,.T.);
#10908 = FACE_BOUND('',#10909,.T.);
#10909 = EDGE_LOOP('',(#10910,#10911,#10932,#10933,#10934,#10955,#10981,
    #11007));
#10910 = ORIENTED_EDGE('',*,*,#10563,.T.);
#10911 = ORIENTED_EDGE('',*,*,#10912,.T.);
#10912 = EDGE_CURVE('',#10531,#10841,#10913,.T.);
#10913 = SURFACE_CURVE('',#10914,(#10918,#10925),.PCURVE_S1.);
#10914 = LINE('',#10915,#10916);
#10915 = CARTESIAN_POINT('',(-0.3,-0.3,5.E-02));
#10916 = VECTOR('',#10917,1.);
#10917 = DIRECTION('',(0.,1.,0.));
#10918 = PCURVE('',#5890,#10919);
#10919 = DEFINITIONAL_REPRESENTATION('',(#10920),#10924);
#10920 = LINE('',#10921,#10922);
#10921 = CARTESIAN_POINT('',(0.,0.));
#10922 = VECTOR('',#10923,1.);
#10923 = DIRECTION('',(0.,-1.));
#10924 = ( GEOMETRIC_REPRESENTATION_CONTEXT(2) 
PARAMETRIC_REPRESENTATION_CONTEXT() REPRESENTATION_CONTEXT('2D SPACE',''
  ) );
#10925 = PCURVE('',#10547,#10926);
#10926 = DEFINITIONAL_REPRESENTATION('',(#10927),#10931);
#10927 = LINE('',#10928,#10929);
#10928 = CARTESIAN_POINT('',(0.,0.));
#10929 = VECTOR('',#10930,1.);
#10930 = DIRECTION('',(0.,1.));
#10931 = ( GEOMETRIC_REPRESENTATION_CONTEXT(2) 
PARAMETRIC_REPRESENTATION_CONTEXT() REPRESENTATION_CONTEXT('2D SPACE',''
  ) );
#10932 = ORIENTED_EDGE('',*,*,#10863,.T.);
#10933 = ORIENTED_EDGE('',*,*,#5875,.F.);
#10934 = ORIENTED_EDGE('',*,*,#10935,.F.);
#10935 = EDGE_CURVE('',#10936,#5843,#10938,.T.);
#10936 = VERTEX_POINT('',#10937);
#10937 = CARTESIAN_POINT('',(-0.3,104.9369790121,1.5));
#10938 = SURFACE_CURVE('',#10939,(#10943,#10949),.PCURVE_S1.);
#10939 = LINE('',#10940,#10941);
#10940 = CARTESIAN_POINT('',(-0.3,104.9369790121,0.35));
#10941 = VECTOR('',#10942,1.);
#10942 = DIRECTION('',(-0.,-0.,-1.));
#10943 = PCURVE('',#5890,#10944);
#10944 = DEFINITIONAL_REPRESENTATION('',(#10945),#10948);
#10945 = B_SPLINE_CURVE_WITH_KNOTS('',1,(#10946,#10947),.UNSPECIFIED.,
  .F.,.F.,(2,2),(-1.1500006,-8.99994E-02),.PIECEWISE_BEZIER_KNOTS.);
#10946 = CARTESIAN_POINT('',(1.4500006,-105.2369790121));
#10947 = CARTESIAN_POINT('',(0.3899994,-105.2369790121));
#10948 = ( GEOMETRIC_REPRESENTATION_CONTEXT(2) 
PARAMETRIC_REPRESENTATION_CONTEXT() REPRESENTATION_CONTEXT('2D SPACE',''
  ) );
#10949 = PCURVE('',#5863,#10950);
#10950 = DEFINITIONAL_REPRESENTATION('',(#10951),#10954);
#10951 = B_SPLINE_CURVE_WITH_KNOTS('',1,(#10952,#10953),.UNSPECIFIED.,
  .F.,.F.,(2,2),(-1.1500006,-8.99994E-02),.PIECEWISE_BEZIER_KNOTS.);
#10952 = CARTESIAN_POINT('',(-2.423901196617,-1.1500006));
#10953 = CARTESIAN_POINT('',(-2.423901196617,-8.99994E-02));
#10954 = ( GEOMETRIC_REPRESENTATION_CONTEXT(2) 
PARAMETRIC_REPRESENTATION_CONTEXT() REPRESENTATION_CONTEXT('2D SPACE',''
  ) );
#10955 = ORIENTED_EDGE('',*,*,#10956,.F.);
#10956 = EDGE_CURVE('',#10957,#10936,#10959,.T.);
#10957 = VERTEX_POINT('',#10958);
#10958 = CARTESIAN_POINT('',(-0.3,103.26509096147,1.5));
#10959 = SURFACE_CURVE('',#10960,(#10964,#10970),.PCURVE_S1.);
#10960 = LINE('',#10961,#10962);
#10961 = CARTESIAN_POINT('',(-0.3,-1.6625,1.5));
#10962 = VECTOR('',#10963,1.);
#10963 = DIRECTION('',(0.,1.,0.));
#10964 = PCURVE('',#5890,#10965);
#10965 = DEFINITIONAL_REPRESENTATION('',(#10966),#10969);
#10966 = B_SPLINE_CURVE_WITH_KNOTS('',1,(#10967,#10968),.UNSPECIFIED.,
  .F.,.F.,(2,2),(1.3625,106.9625),.PIECEWISE_BEZIER_KNOTS.);
#10967 = CARTESIAN_POINT('',(1.45,0.));
#10968 = CARTESIAN_POINT('',(1.45,-105.6));
#10969 = ( GEOMETRIC_REPRESENTATION_CONTEXT(2) 
PARAMETRIC_REPRESENTATION_CONTEXT() REPRESENTATION_CONTEXT('2D SPACE',''
  ) );
#10970 = PCURVE('',#10971,#10976);
#10971 = PLANE('',#10972);
#10972 = AXIS2_PLACEMENT_3D('',#10973,#10974,#10975);
#10973 = CARTESIAN_POINT('',(6.495,-3.025,1.5));
#10974 = DIRECTION('',(0.,0.,1.));
#10975 = DIRECTION('',(1.,0.,0.));
#10976 = DEFINITIONAL_REPRESENTATION('',(#10977),#10980);
#10977 = B_SPLINE_CURVE_WITH_KNOTS('',1,(#10978,#10979),.UNSPECIFIED.,
  .F.,.F.,(2,2),(1.3625,106.9625),.PIECEWISE_BEZIER_KNOTS.);
#10978 = CARTESIAN_POINT('',(-6.795,2.725));
#10979 = CARTESIAN_POINT('',(-6.795,108.325));
#10980 = ( GEOMETRIC_REPRESENTATION_CONTEXT(2) 
PARAMETRIC_REPRESENTATION_CONTEXT() REPRESENTATION_CONTEXT('2D SPACE',''
  ) );
#10981 = ORIENTED_EDGE('',*,*,#10982,.T.);
#10982 = EDGE_CURVE('',#10957,#10983,#10985,.T.);
#10983 = VERTEX_POINT('',#10984);
#10984 = CARTESIAN_POINT('',(-0.3,103.26509096147,0.2));
#10985 = SURFACE_CURVE('',#10986,(#10990,#10996),.PCURVE_S1.);
#10986 = LINE('',#10987,#10988);
#10987 = CARTESIAN_POINT('',(-0.3,103.26509096147,0.25));
#10988 = VECTOR('',#10989,1.);
#10989 = DIRECTION('',(-0.,-0.,-1.));
#10990 = PCURVE('',#5890,#10991);
#10991 = DEFINITIONAL_REPRESENTATION('',(#10992),#10995);
#10992 = B_SPLINE_CURVE_WITH_KNOTS('',1,(#10993,#10994),.UNSPECIFIED.,
  .F.,.F.,(2,2),(-1.2500006,5.00006E-02),.PIECEWISE_BEZIER_KNOTS.);
#10993 = CARTESIAN_POINT('',(1.4500006,-103.5650909614));
#10994 = CARTESIAN_POINT('',(0.1499994,-103.5650909614));
#10995 = ( GEOMETRIC_REPRESENTATION_CONTEXT(2) 
PARAMETRIC_REPRESENTATION_CONTEXT() REPRESENTATION_CONTEXT('2D SPACE',''
  ) );
#10996 = PCURVE('',#10997,#11002);
#10997 = CYLINDRICAL_SURFACE('',#10998,8.02);
#10998 = AXIS2_PLACEMENT_3D('',#10999,#11000,#11001);
#10999 = CARTESIAN_POINT('',(6.495,99.005,0.25));
#11000 = DIRECTION('',(-0.,-0.,-1.));
#11001 = DIRECTION('',(1.,0.,0.));
#11002 = DEFINITIONAL_REPRESENTATION('',(#11003),#11006);
#11003 = B_SPLINE_CURVE_WITH_KNOTS('',1,(#11004,#11005),.UNSPECIFIED.,
  .F.,.F.,(2,2),(-1.2500006,5.00006E-02),.PIECEWISE_BEZIER_KNOTS.);
#11004 = CARTESIAN_POINT('',(-2.581595942166,-1.2500006));
#11005 = CARTESIAN_POINT('',(-2.581595942166,5.00006E-02));
#11006 = ( GEOMETRIC_REPRESENTATION_CONTEXT(2) 
PARAMETRIC_REPRESENTATION_CONTEXT() REPRESENTATION_CONTEXT('2D SPACE',''
  ) );
#11007 = ORIENTED_EDGE('',*,*,#11008,.T.);
#11008 = EDGE_CURVE('',#10983,#10564,#11009,.T.);
#11009 = SURFACE_CURVE('',#11010,(#11014,#11020),.PCURVE_S1.);
#11010 = LINE('',#11011,#11012);
#11011 = CARTESIAN_POINT('',(-0.3,2.85,0.2));
#11012 = VECTOR('',#11013,1.);
#11013 = DIRECTION('',(0.,1.,0.));
#11014 = PCURVE('',#5890,#11015);
#11015 = DEFINITIONAL_REPRESENTATION('',(#11016),#11019);
#11016 = B_SPLINE_CURVE_WITH_KNOTS('',1,(#11017,#11018),.UNSPECIFIED.,
  .F.,.F.,(2,2),(-3.15,102.45),.PIECEWISE_BEZIER_KNOTS.);
#11017 = CARTESIAN_POINT('',(0.15,0.));
#11018 = CARTESIAN_POINT('',(0.15,-105.6));
#11019 = ( GEOMETRIC_REPRESENTATION_CONTEXT(2) 
PARAMETRIC_REPRESENTATION_CONTEXT() REPRESENTATION_CONTEXT('2D SPACE',''
  ) );
#11020 = PCURVE('',#10601,#11021);
#11021 = DEFINITIONAL_REPRESENTATION('',(#11022),#11025);
#11022 = B_SPLINE_CURVE_WITH_KNOTS('',1,(#11023,#11024),.UNSPECIFIED.,
  .F.,.F.,(2,2),(-3.15,102.45),.PIECEWISE_BEZIER_KNOTS.);
#11023 = CARTESIAN_POINT('',(-6.8,-6.3));
#11024 = CARTESIAN_POINT('',(-6.8,99.3));
#11025 = ( GEOMETRIC_REPRESENTATION_CONTEXT(2) 
PARAMETRIC_REPRESENTATION_CONTEXT() REPRESENTATION_CONTEXT('2D SPACE',''
  ) );
#11026 = ADVANCED_FACE('',(#11027),#5863,.T.);
#11027 = FACE_BOUND('',#11028,.F.);
#11028 = EDGE_LOOP('',(#11029,#11052,#11053,#11054));
#11029 = ORIENTED_EDGE('',*,*,#11030,.F.);
#11030 = EDGE_CURVE('',#5817,#11031,#11033,.T.);
#11031 = VERTEX_POINT('',#11032);
#11032 = CARTESIAN_POINT('',(-2.525,99.005,1.5));
#11033 = SURFACE_CURVE('',#11034,(#11038,#11045),.PCURVE_S1.);
#11034 = LINE('',#11035,#11036);
#11035 = CARTESIAN_POINT('',(-2.525,99.005,0.35));
#11036 = VECTOR('',#11037,1.);
#11037 = DIRECTION('',(0.,0.,1.));
#11038 = PCURVE('',#5863,#11039);
#11039 = DEFINITIONAL_REPRESENTATION('',(#11040),#11044);
#11040 = LINE('',#11041,#11042);
#11041 = CARTESIAN_POINT('',(-3.14159265359,-1.110223024625E-16));
#11042 = VECTOR('',#11043,1.);
#11043 = DIRECTION('',(-0.,-1.));
#11044 = ( GEOMETRIC_REPRESENTATION_CONTEXT(2) 
PARAMETRIC_REPRESENTATION_CONTEXT() REPRESENTATION_CONTEXT('2D SPACE',''
  ) );
#11045 = PCURVE('',#5831,#11046);
#11046 = DEFINITIONAL_REPRESENTATION('',(#11047),#11051);
#11047 = LINE('',#11048,#11049);
#11048 = CARTESIAN_POINT('',(0.,-93.01));
#11049 = VECTOR('',#11050,1.);
#11050 = DIRECTION('',(1.,0.));
#11051 = ( GEOMETRIC_REPRESENTATION_CONTEXT(2) 
PARAMETRIC_REPRESENTATION_CONTEXT() REPRESENTATION_CONTEXT('2D SPACE',''
  ) );
#11052 = ORIENTED_EDGE('',*,*,#5842,.T.);
#11053 = ORIENTED_EDGE('',*,*,#10935,.F.);
#11054 = ORIENTED_EDGE('',*,*,#11055,.T.);
#11055 = EDGE_CURVE('',#10936,#11031,#11056,.T.);
#11056 = SURFACE_CURVE('',#11057,(#11062,#11069),.PCURVE_S1.);
#11057 = CIRCLE('',#11058,9.02);
#11058 = AXIS2_PLACEMENT_3D('',#11059,#11060,#11061);
#11059 = CARTESIAN_POINT('',(6.495,99.005,1.5));
#11060 = DIRECTION('',(0.,0.,1.));
#11061 = DIRECTION('',(1.,0.,0.));
#11062 = PCURVE('',#5863,#11063);
#11063 = DEFINITIONAL_REPRESENTATION('',(#11064),#11068);
#11064 = LINE('',#11065,#11066);
#11065 = CARTESIAN_POINT('',(-0.,-1.15));
#11066 = VECTOR('',#11067,1.);
#11067 = DIRECTION('',(-1.,0.));
#11068 = ( GEOMETRIC_REPRESENTATION_CONTEXT(2) 
PARAMETRIC_REPRESENTATION_CONTEXT() REPRESENTATION_CONTEXT('2D SPACE',''
  ) );
#11069 = PCURVE('',#10971,#11070);
#11070 = DEFINITIONAL_REPRESENTATION('',(#11071),#11075);
#11071 = CIRCLE('',#11072,9.02);
#11072 = AXIS2_PLACEMENT_2D('',#11073,#11074);
#11073 = CARTESIAN_POINT('',(0.,102.03));
#11074 = DIRECTION('',(1.,0.));
#11075 = ( GEOMETRIC_REPRESENTATION_CONTEXT(2) 
PARAMETRIC_REPRESENTATION_CONTEXT() REPRESENTATION_CONTEXT('2D SPACE',''
  ) );
#11076 = ADVANCED_FACE('',(#11077),#5831,.F.);
#11077 = FACE_BOUND('',#11078,.F.);
#11078 = EDGE_LOOP('',(#11079,#11102,#11103,#11104));
#11079 = ORIENTED_EDGE('',*,*,#11080,.F.);
#11080 = EDGE_CURVE('',#5784,#11081,#11083,.T.);
#11081 = VERTEX_POINT('',#11082);
#11082 = CARTESIAN_POINT('',(-2.525,5.995,1.5));
#11083 = SURFACE_CURVE('',#11084,(#11088,#11095),.PCURVE_S1.);
#11084 = LINE('',#11085,#11086);
#11085 = CARTESIAN_POINT('',(-2.525,5.995,0.35));
#11086 = VECTOR('',#11087,1.);
#11087 = DIRECTION('',(0.,0.,1.));
#11088 = PCURVE('',#5831,#11089);
#11089 = DEFINITIONAL_REPRESENTATION('',(#11090),#11094);
#11090 = LINE('',#11091,#11092);
#11091 = CARTESIAN_POINT('',(0.,0.));
#11092 = VECTOR('',#11093,1.);
#11093 = DIRECTION('',(1.,0.));
#11094 = ( GEOMETRIC_REPRESENTATION_CONTEXT(2) 
PARAMETRIC_REPRESENTATION_CONTEXT() REPRESENTATION_CONTEXT('2D SPACE',''
  ) );
#11095 = PCURVE('',#5804,#11096);
#11096 = DEFINITIONAL_REPRESENTATION('',(#11097),#11101);
#11097 = LINE('',#11098,#11099);
#11098 = CARTESIAN_POINT('',(-3.14159265359,-1.110223024625E-16));
#11099 = VECTOR('',#11100,1.);
#11100 = DIRECTION('',(-0.,-1.));
#11101 = ( GEOMETRIC_REPRESENTATION_CONTEXT(2) 
PARAMETRIC_REPRESENTATION_CONTEXT() REPRESENTATION_CONTEXT('2D SPACE',''
  ) );
#11102 = ORIENTED_EDGE('',*,*,#5816,.T.);
#11103 = ORIENTED_EDGE('',*,*,#11030,.T.);
#11104 = ORIENTED_EDGE('',*,*,#11105,.F.);
#11105 = EDGE_CURVE('',#11081,#11031,#11106,.T.);
#11106 = SURFACE_CURVE('',#11107,(#11111,#11118),.PCURVE_S1.);
#11107 = LINE('',#11108,#11109);
#11108 = CARTESIAN_POINT('',(-2.525,5.995,1.5));
#11109 = VECTOR('',#11110,1.);
#11110 = DIRECTION('',(0.,1.,0.));
#11111 = PCURVE('',#5831,#11112);
#11112 = DEFINITIONAL_REPRESENTATION('',(#11113),#11117);
#11113 = LINE('',#11114,#11115);
#11114 = CARTESIAN_POINT('',(1.15,0.));
#11115 = VECTOR('',#11116,1.);
#11116 = DIRECTION('',(0.,-1.));
#11117 = ( GEOMETRIC_REPRESENTATION_CONTEXT(2) 
PARAMETRIC_REPRESENTATION_CONTEXT() REPRESENTATION_CONTEXT('2D SPACE',''
  ) );
#11118 = PCURVE('',#10971,#11119);
#11119 = DEFINITIONAL_REPRESENTATION('',(#11120),#11124);
#11120 = LINE('',#11121,#11122);
#11121 = CARTESIAN_POINT('',(-9.02,9.02));
#11122 = VECTOR('',#11123,1.);
#11123 = DIRECTION('',(0.,1.));
#11124 = ( GEOMETRIC_REPRESENTATION_CONTEXT(2) 
PARAMETRIC_REPRESENTATION_CONTEXT() REPRESENTATION_CONTEXT('2D SPACE',''
  ) );
#11125 = ADVANCED_FACE('',(#11126),#5804,.T.);
#11126 = FACE_BOUND('',#11127,.F.);
#11127 = EDGE_LOOP('',(#11128,#11149,#11150,#11151));
#11128 = ORIENTED_EDGE('',*,*,#11129,.T.);
#11129 = EDGE_CURVE('',#11130,#5758,#11132,.T.);
#11130 = VERTEX_POINT('',#11131);
#11131 = CARTESIAN_POINT('',(-0.3,6.302098789955E-02,1.5));
#11132 = SURFACE_CURVE('',#11133,(#11137,#11143),.PCURVE_S1.);
#11133 = LINE('',#11134,#11135);
#11134 = CARTESIAN_POINT('',(-0.3,6.302098789955E-02,0.35));
#11135 = VECTOR('',#11136,1.);
#11136 = DIRECTION('',(-0.,-0.,-1.));
#11137 = PCURVE('',#5804,#11138);
#11138 = DEFINITIONAL_REPRESENTATION('',(#11139),#11142);
#11139 = B_SPLINE_CURVE_WITH_KNOTS('',1,(#11140,#11141),.UNSPECIFIED.,
  .F.,.F.,(2,2),(-1.1500006,-8.99994E-02),.PIECEWISE_BEZIER_KNOTS.);
#11140 = CARTESIAN_POINT('',(-3.859284110563,-1.1500006));
#11141 = CARTESIAN_POINT('',(-3.859284110563,-8.99994E-02));
#11142 = ( GEOMETRIC_REPRESENTATION_CONTEXT(2) 
PARAMETRIC_REPRESENTATION_CONTEXT() REPRESENTATION_CONTEXT('2D SPACE',''
  ) );
#11143 = PCURVE('',#5772,#11144);
#11144 = DEFINITIONAL_REPRESENTATION('',(#11145),#11148);
#11145 = B_SPLINE_CURVE_WITH_KNOTS('',1,(#11146,#11147),.UNSPECIFIED.,
  .F.,.F.,(2,2),(-1.1500006,-8.99994E-02),.PIECEWISE_BEZIER_KNOTS.);
#11146 = CARTESIAN_POINT('',(1.4500006,-0.3630209879));
#11147 = CARTESIAN_POINT('',(0.3899994,-0.3630209879));
#11148 = ( GEOMETRIC_REPRESENTATION_CONTEXT(2) 
PARAMETRIC_REPRESENTATION_CONTEXT() REPRESENTATION_CONTEXT('2D SPACE',''
  ) );
#11149 = ORIENTED_EDGE('',*,*,#5783,.T.);
#11150 = ORIENTED_EDGE('',*,*,#11080,.T.);
#11151 = ORIENTED_EDGE('',*,*,#11152,.T.);
#11152 = EDGE_CURVE('',#11081,#11130,#11153,.T.);
#11153 = SURFACE_CURVE('',#11154,(#11159,#11166),.PCURVE_S1.);
#11154 = CIRCLE('',#11155,9.02);
#11155 = AXIS2_PLACEMENT_3D('',#11156,#11157,#11158);
#11156 = CARTESIAN_POINT('',(6.495,5.995,1.5));
#11157 = DIRECTION('',(0.,0.,1.));
#11158 = DIRECTION('',(1.,0.,0.));
#11159 = PCURVE('',#5804,#11160);
#11160 = DEFINITIONAL_REPRESENTATION('',(#11161),#11165);
#11161 = LINE('',#11162,#11163);
#11162 = CARTESIAN_POINT('',(-0.,-1.15));
#11163 = VECTOR('',#11164,1.);
#11164 = DIRECTION('',(-1.,0.));
#11165 = ( GEOMETRIC_REPRESENTATION_CONTEXT(2) 
PARAMETRIC_REPRESENTATION_CONTEXT() REPRESENTATION_CONTEXT('2D SPACE',''
  ) );
#11166 = PCURVE('',#10971,#11167);
#11167 = DEFINITIONAL_REPRESENTATION('',(#11168),#11172);
#11168 = CIRCLE('',#11169,9.02);
#11169 = AXIS2_PLACEMENT_2D('',#11170,#11171);
#11170 = CARTESIAN_POINT('',(0.,9.02));
#11171 = DIRECTION('',(1.,0.));
#11172 = ( GEOMETRIC_REPRESENTATION_CONTEXT(2) 
PARAMETRIC_REPRESENTATION_CONTEXT() REPRESENTATION_CONTEXT('2D SPACE',''
  ) );
#11173 = ADVANCED_FACE('',(#11174),#5772,.T.);
#11174 = FACE_BOUND('',#11175,.T.);
#11175 = EDGE_LOOP('',(#11176,#11199,#11220,#11221,#11242,#11268,#11287,
    #11288));
#11176 = ORIENTED_EDGE('',*,*,#11177,.F.);
#11177 = EDGE_CURVE('',#11178,#5732,#11180,.T.);
#11178 = VERTEX_POINT('',#11179);
#11179 = CARTESIAN_POINT('',(-0.3,-0.3,5.E-02));
#11180 = SURFACE_CURVE('',#11181,(#11185,#11192),.PCURVE_S1.);
#11181 = LINE('',#11182,#11183);
#11182 = CARTESIAN_POINT('',(-0.3,-0.3,5.E-02));
#11183 = VECTOR('',#11184,1.);
#11184 = DIRECTION('',(0.,0.,1.));
#11185 = PCURVE('',#5772,#11186);
#11186 = DEFINITIONAL_REPRESENTATION('',(#11187),#11191);
#11187 = LINE('',#11188,#11189);
#11188 = CARTESIAN_POINT('',(0.,0.));
#11189 = VECTOR('',#11190,1.);
#11190 = DIRECTION('',(1.,0.));
#11191 = ( GEOMETRIC_REPRESENTATION_CONTEXT(2) 
PARAMETRIC_REPRESENTATION_CONTEXT() REPRESENTATION_CONTEXT('2D SPACE',''
  ) );
#11192 = PCURVE('',#5746,#11193);
#11193 = DEFINITIONAL_REPRESENTATION('',(#11194),#11198);
#11194 = LINE('',#11195,#11196);
#11195 = CARTESIAN_POINT('',(0.,0.));
#11196 = VECTOR('',#11197,1.);
#11197 = DIRECTION('',(1.,0.));
#11198 = ( GEOMETRIC_REPRESENTATION_CONTEXT(2) 
PARAMETRIC_REPRESENTATION_CONTEXT() REPRESENTATION_CONTEXT('2D SPACE',''
  ) );
#11199 = ORIENTED_EDGE('',*,*,#11200,.T.);
#11200 = EDGE_CURVE('',#11178,#6441,#11201,.T.);
#11201 = SURFACE_CURVE('',#11202,(#11206,#11213),.PCURVE_S1.);
#11202 = LINE('',#11203,#11204);
#11203 = CARTESIAN_POINT('',(-0.3,-0.3,5.E-02));
#11204 = VECTOR('',#11205,1.);
#11205 = DIRECTION('',(0.,1.,0.));
#11206 = PCURVE('',#5772,#11207);
#11207 = DEFINITIONAL_REPRESENTATION('',(#11208),#11212);
#11208 = LINE('',#11209,#11210);
#11209 = CARTESIAN_POINT('',(0.,0.));
#11210 = VECTOR('',#11211,1.);
#11211 = DIRECTION('',(0.,-1.));
#11212 = ( GEOMETRIC_REPRESENTATION_CONTEXT(2) 
PARAMETRIC_REPRESENTATION_CONTEXT() REPRESENTATION_CONTEXT('2D SPACE',''
  ) );
#11213 = PCURVE('',#6478,#11214);
#11214 = DEFINITIONAL_REPRESENTATION('',(#11215),#11219);
#11215 = LINE('',#11216,#11217);
#11216 = CARTESIAN_POINT('',(0.,0.));
#11217 = VECTOR('',#11218,1.);
#11218 = DIRECTION('',(0.,1.));
#11219 = ( GEOMETRIC_REPRESENTATION_CONTEXT(2) 
PARAMETRIC_REPRESENTATION_CONTEXT() REPRESENTATION_CONTEXT('2D SPACE',''
  ) );
#11220 = ORIENTED_EDGE('',*,*,#6440,.F.);
#11221 = ORIENTED_EDGE('',*,*,#11222,.T.);
#11222 = EDGE_CURVE('',#6408,#11223,#11225,.T.);
#11223 = VERTEX_POINT('',#11224);
#11224 = CARTESIAN_POINT('',(-0.3,1.73490903853,0.2));
#11225 = SURFACE_CURVE('',#11226,(#11230,#11236),.PCURVE_S1.);
#11226 = LINE('',#11227,#11228);
#11227 = CARTESIAN_POINT('',(-0.3,2.85,0.2));
#11228 = VECTOR('',#11229,1.);
#11229 = DIRECTION('',(0.,1.,0.));
#11230 = PCURVE('',#5772,#11231);
#11231 = DEFINITIONAL_REPRESENTATION('',(#11232),#11235);
#11232 = B_SPLINE_CURVE_WITH_KNOTS('',1,(#11233,#11234),.UNSPECIFIED.,
  .F.,.F.,(2,2),(-3.15,102.45),.PIECEWISE_BEZIER_KNOTS.);
#11233 = CARTESIAN_POINT('',(0.15,0.));
#11234 = CARTESIAN_POINT('',(0.15,-105.6));
#11235 = ( GEOMETRIC_REPRESENTATION_CONTEXT(2) 
PARAMETRIC_REPRESENTATION_CONTEXT() REPRESENTATION_CONTEXT('2D SPACE',''
  ) );
#11236 = PCURVE('',#6424,#11237);
#11237 = DEFINITIONAL_REPRESENTATION('',(#11238),#11241);
#11238 = B_SPLINE_CURVE_WITH_KNOTS('',1,(#11239,#11240),.UNSPECIFIED.,
  .F.,.F.,(2,2),(-3.15,102.45),.PIECEWISE_BEZIER_KNOTS.);
#11239 = CARTESIAN_POINT('',(-6.8,-6.3));
#11240 = CARTESIAN_POINT('',(-6.8,99.3));
#11241 = ( GEOMETRIC_REPRESENTATION_CONTEXT(2) 
PARAMETRIC_REPRESENTATION_CONTEXT() REPRESENTATION_CONTEXT('2D SPACE',''
  ) );
#11242 = ORIENTED_EDGE('',*,*,#11243,.F.);
#11243 = EDGE_CURVE('',#11244,#11223,#11246,.T.);
#11244 = VERTEX_POINT('',#11245);
#11245 = CARTESIAN_POINT('',(-0.3,1.73490903853,1.5));
#11246 = SURFACE_CURVE('',#11247,(#11251,#11257),.PCURVE_S1.);
#11247 = LINE('',#11248,#11249);
#11248 = CARTESIAN_POINT('',(-0.3,1.73490903853,0.25));
#11249 = VECTOR('',#11250,1.);
#11250 = DIRECTION('',(-0.,-0.,-1.));
#11251 = PCURVE('',#5772,#11252);
#11252 = DEFINITIONAL_REPRESENTATION('',(#11253),#11256);
#11253 = B_SPLINE_CURVE_WITH_KNOTS('',1,(#11254,#11255),.UNSPECIFIED.,
  .F.,.F.,(2,2),(-1.2500006,5.00006E-02),.PIECEWISE_BEZIER_KNOTS.);
#11254 = CARTESIAN_POINT('',(1.4500006,-2.03490903853));
#11255 = CARTESIAN_POINT('',(0.1499994,-2.03490903853));
#11256 = ( GEOMETRIC_REPRESENTATION_CONTEXT(2) 
PARAMETRIC_REPRESENTATION_CONTEXT() REPRESENTATION_CONTEXT('2D SPACE',''
  ) );
#11257 = PCURVE('',#11258,#11263);
#11258 = CYLINDRICAL_SURFACE('',#11259,8.02);
#11259 = AXIS2_PLACEMENT_3D('',#11260,#11261,#11262);
#11260 = CARTESIAN_POINT('',(6.495,5.995,0.25));
#11261 = DIRECTION('',(-0.,-0.,-1.));
#11262 = DIRECTION('',(1.,0.,0.));
#11263 = DEFINITIONAL_REPRESENTATION('',(#11264),#11267);
#11264 = B_SPLINE_CURVE_WITH_KNOTS('',1,(#11265,#11266),.UNSPECIFIED.,
  .F.,.F.,(2,2),(-1.2500006,5.00006E-02),.PIECEWISE_BEZIER_KNOTS.);
#11265 = CARTESIAN_POINT('',(-3.701589365013,-1.2500006));
#11266 = CARTESIAN_POINT('',(-3.701589365013,5.00006E-02));
#11267 = ( GEOMETRIC_REPRESENTATION_CONTEXT(2) 
PARAMETRIC_REPRESENTATION_CONTEXT() REPRESENTATION_CONTEXT('2D SPACE',''
  ) );
#11268 = ORIENTED_EDGE('',*,*,#11269,.F.);
#11269 = EDGE_CURVE('',#11130,#11244,#11270,.T.);
#11270 = SURFACE_CURVE('',#11271,(#11275,#11281),.PCURVE_S1.);
#11271 = LINE('',#11272,#11273);
#11272 = CARTESIAN_POINT('',(-0.3,-1.6625,1.5));
#11273 = VECTOR('',#11274,1.);
#11274 = DIRECTION('',(0.,1.,0.));
#11275 = PCURVE('',#5772,#11276);
#11276 = DEFINITIONAL_REPRESENTATION('',(#11277),#11280);
#11277 = B_SPLINE_CURVE_WITH_KNOTS('',1,(#11278,#11279),.UNSPECIFIED.,
  .F.,.F.,(2,2),(1.3625,106.9625),.PIECEWISE_BEZIER_KNOTS.);
#11278 = CARTESIAN_POINT('',(1.45,0.));
#11279 = CARTESIAN_POINT('',(1.45,-105.6));
#11280 = ( GEOMETRIC_REPRESENTATION_CONTEXT(2) 
PARAMETRIC_REPRESENTATION_CONTEXT() REPRESENTATION_CONTEXT('2D SPACE',''
  ) );
#11281 = PCURVE('',#10971,#11282);
#11282 = DEFINITIONAL_REPRESENTATION('',(#11283),#11286);
#11283 = B_SPLINE_CURVE_WITH_KNOTS('',1,(#11284,#11285),.UNSPECIFIED.,
  .F.,.F.,(2,2),(1.3625,106.9625),.PIECEWISE_BEZIER_KNOTS.);
#11284 = CARTESIAN_POINT('',(-6.795,2.725));
#11285 = CARTESIAN_POINT('',(-6.795,108.325));
#11286 = ( GEOMETRIC_REPRESENTATION_CONTEXT(2) 
PARAMETRIC_REPRESENTATION_CONTEXT() REPRESENTATION_CONTEXT('2D SPACE',''
  ) );
#11287 = ORIENTED_EDGE('',*,*,#11129,.T.);
#11288 = ORIENTED_EDGE('',*,*,#5757,.F.);
#11289 = ADVANCED_FACE('',(#11290),#5746,.T.);
#11290 = FACE_BOUND('',#11291,.T.);
#11291 = EDGE_LOOP('',(#11292,#11313,#11314,#11315,#11316,#11317,#11336,
    #11337));
#11292 = ORIENTED_EDGE('',*,*,#11293,.F.);
#11293 = EDGE_CURVE('',#11178,#6462,#11294,.T.);
#11294 = SURFACE_CURVE('',#11295,(#11299,#11306),.PCURVE_S1.);
#11295 = LINE('',#11296,#11297);
#11296 = CARTESIAN_POINT('',(-0.3,-0.3,5.E-02));
#11297 = VECTOR('',#11298,1.);
#11298 = DIRECTION('',(1.,0.,0.));
#11299 = PCURVE('',#5746,#11300);
#11300 = DEFINITIONAL_REPRESENTATION('',(#11301),#11305);
#11301 = LINE('',#11302,#11303);
#11302 = CARTESIAN_POINT('',(0.,0.));
#11303 = VECTOR('',#11304,1.);
#11304 = DIRECTION('',(0.,1.));
#11305 = ( GEOMETRIC_REPRESENTATION_CONTEXT(2) 
PARAMETRIC_REPRESENTATION_CONTEXT() REPRESENTATION_CONTEXT('2D SPACE',''
  ) );
#11306 = PCURVE('',#6478,#11307);
#11307 = DEFINITIONAL_REPRESENTATION('',(#11308),#11312);
#11308 = LINE('',#11309,#11310);
#11309 = CARTESIAN_POINT('',(0.,0.));
#11310 = VECTOR('',#11311,1.);
#11311 = DIRECTION('',(1.,0.));
#11312 = ( GEOMETRIC_REPRESENTATION_CONTEXT(2) 
PARAMETRIC_REPRESENTATION_CONTEXT() REPRESENTATION_CONTEXT('2D SPACE',''
  ) );
#11313 = ORIENTED_EDGE('',*,*,#11177,.T.);
#11314 = ORIENTED_EDGE('',*,*,#5731,.F.);
#11315 = ORIENTED_EDGE('',*,*,#6273,.F.);
#11316 = ORIENTED_EDGE('',*,*,#6249,.F.);
#11317 = ORIENTED_EDGE('',*,*,#11318,.T.);
#11318 = EDGE_CURVE('',#6222,#6548,#11319,.T.);
#11319 = SURFACE_CURVE('',#11320,(#11324,#11330),.PCURVE_S1.);
#11320 = LINE('',#11321,#11322);
#11321 = CARTESIAN_POINT('',(1.52575709992,-0.3,0.25));
#11322 = VECTOR('',#11323,1.);
#11323 = DIRECTION('',(-0.,-0.,-1.));
#11324 = PCURVE('',#5746,#11325);
#11325 = DEFINITIONAL_REPRESENTATION('',(#11326),#11329);
#11326 = B_SPLINE_CURVE_WITH_KNOTS('',1,(#11327,#11328),.UNSPECIFIED.,
  .F.,.F.,(2,2),(-1.2500006,5.00006E-02),.PIECEWISE_BEZIER_KNOTS.);
#11327 = CARTESIAN_POINT('',(1.4500006,1.82575709992));
#11328 = CARTESIAN_POINT('',(0.1499994,1.82575709992));
#11329 = ( GEOMETRIC_REPRESENTATION_CONTEXT(2) 
PARAMETRIC_REPRESENTATION_CONTEXT() REPRESENTATION_CONTEXT('2D SPACE',''
  ) );
#11330 = PCURVE('',#6181,#11331);
#11331 = DEFINITIONAL_REPRESENTATION('',(#11332),#11335);
#11332 = B_SPLINE_CURVE_WITH_KNOTS('',1,(#11333,#11334),.UNSPECIFIED.,
  .F.,.F.,(2,2),(-1.2500006,5.00006E-02),.PIECEWISE_BEZIER_KNOTS.);
#11333 = CARTESIAN_POINT('',(-4.044147901527,-1.2500006));
#11334 = CARTESIAN_POINT('',(-4.044147901527,5.00006E-02));
#11335 = ( GEOMETRIC_REPRESENTATION_CONTEXT(2) 
PARAMETRIC_REPRESENTATION_CONTEXT() REPRESENTATION_CONTEXT('2D SPACE',''
  ) );
#11336 = ORIENTED_EDGE('',*,*,#6575,.T.);
#11337 = ORIENTED_EDGE('',*,*,#6494,.T.);
#11338 = ADVANCED_FACE('',(#11339),#6181,.F.);
#11339 = FACE_BOUND('',#11340,.T.);
#11340 = EDGE_LOOP('',(#11341,#11342,#11343,#11344));
#11341 = ORIENTED_EDGE('',*,*,#6221,.F.);
#11342 = ORIENTED_EDGE('',*,*,#6168,.T.);
#11343 = ORIENTED_EDGE('',*,*,#6547,.T.);
#11344 = ORIENTED_EDGE('',*,*,#11318,.F.);
#11345 = ADVANCED_FACE('',(#11346),#6478,.T.);
#11346 = FACE_BOUND('',#11347,.T.);
#11347 = EDGE_LOOP('',(#11348,#11349,#11350));
#11348 = ORIENTED_EDGE('',*,*,#11200,.F.);
#11349 = ORIENTED_EDGE('',*,*,#11293,.T.);
#11350 = ORIENTED_EDGE('',*,*,#6461,.T.);
#11351 = ADVANCED_FACE('',(#11352),#6424,.F.);
#11352 = FACE_BOUND('',#11353,.F.);
#11353 = EDGE_LOOP('',(#11354,#11383,#11409,#11428,#11429,#11430));
#11354 = ORIENTED_EDGE('',*,*,#11355,.T.);
#11355 = EDGE_CURVE('',#11356,#11358,#11360,.T.);
#11356 = VERTEX_POINT('',#11357);
#11357 = CARTESIAN_POINT('',(-1.525,5.995,0.2));
#11358 = VERTEX_POINT('',#11359);
#11359 = CARTESIAN_POINT('',(-1.525,16.463770850426,0.2));
#11360 = SURFACE_CURVE('',#11361,(#11365,#11371),.PCURVE_S1.);
#11361 = LINE('',#11362,#11363);
#11362 = CARTESIAN_POINT('',(-1.525,5.9975,0.2));
#11363 = VECTOR('',#11364,1.);
#11364 = DIRECTION('',(0.,1.,0.));
#11365 = PCURVE('',#6424,#11366);
#11366 = DEFINITIONAL_REPRESENTATION('',(#11367),#11370);
#11367 = B_SPLINE_CURVE_WITH_KNOTS('',1,(#11368,#11369),.UNSPECIFIED.,
  .F.,.F.,(2,2),(-2.500000000005E-03,93.0075),.PIECEWISE_BEZIER_KNOTS.);
#11368 = CARTESIAN_POINT('',(-8.025,-5.00000000001E-03));
#11369 = CARTESIAN_POINT('',(-8.025,93.005));
#11370 = ( GEOMETRIC_REPRESENTATION_CONTEXT(2) 
PARAMETRIC_REPRESENTATION_CONTEXT() REPRESENTATION_CONTEXT('2D SPACE',''
  ) );
#11371 = PCURVE('',#11372,#11377);
#11372 = PLANE('',#11373);
#11373 = AXIS2_PLACEMENT_3D('',#11374,#11375,#11376);
#11374 = CARTESIAN_POINT('',(-1.525,5.995,0.25));
#11375 = DIRECTION('',(1.,0.,0.));
#11376 = DIRECTION('',(0.,0.,1.));
#11377 = DEFINITIONAL_REPRESENTATION('',(#11378),#11382);
#11378 = LINE('',#11379,#11380);
#11379 = CARTESIAN_POINT('',(-5.E-02,-2.500000000005E-03));
#11380 = VECTOR('',#11381,1.);
#11381 = DIRECTION('',(0.,-1.));
#11382 = ( GEOMETRIC_REPRESENTATION_CONTEXT(2) 
PARAMETRIC_REPRESENTATION_CONTEXT() REPRESENTATION_CONTEXT('2D SPACE',''
  ) );
#11383 = ORIENTED_EDGE('',*,*,#11384,.F.);
#11384 = EDGE_CURVE('',#11385,#11358,#11387,.T.);
#11385 = VERTEX_POINT('',#11386);
#11386 = CARTESIAN_POINT('',(-2.7,16.463770850426,0.2));
#11387 = SURFACE_CURVE('',#11388,(#11392,#11398),.PCURVE_S1.);
#11388 = LINE('',#11389,#11390);
#11389 = CARTESIAN_POINT('',(-5.7,16.463770850426,0.2));
#11390 = VECTOR('',#11391,1.);
#11391 = DIRECTION('',(1.,0.,0.));
#11392 = PCURVE('',#6424,#11393);
#11393 = DEFINITIONAL_REPRESENTATION('',(#11394),#11397);
#11394 = B_SPLINE_CURVE_WITH_KNOTS('',1,(#11395,#11396),.UNSPECIFIED.,
  .F.,.F.,(2,2),(2.76,5.5000006),.PIECEWISE_BEZIER_KNOTS.);
#11395 = CARTESIAN_POINT('',(-9.44,10.463770850426));
#11396 = CARTESIAN_POINT('',(-6.6999994,10.463770850426));
#11397 = ( GEOMETRIC_REPRESENTATION_CONTEXT(2) 
PARAMETRIC_REPRESENTATION_CONTEXT() REPRESENTATION_CONTEXT('2D SPACE',''
  ) );
#11398 = PCURVE('',#11399,#11404);
#11399 = CYLINDRICAL_SURFACE('',#11400,6.);
#11400 = AXIS2_PLACEMENT_3D('',#11401,#11402,#11403);
#11401 = CARTESIAN_POINT('',(-5.7,18.,-5.6));
#11402 = DIRECTION('',(1.,0.,0.));
#11403 = DIRECTION('',(-0.,0.,1.));
#11404 = DEFINITIONAL_REPRESENTATION('',(#11405),#11408);
#11405 = B_SPLINE_CURVE_WITH_KNOTS('',1,(#11406,#11407),.UNSPECIFIED.,
  .F.,.F.,(2,2),(3.,4.175),.PIECEWISE_BEZIER_KNOTS.);
#11406 = CARTESIAN_POINT('',(6.542106849186,3.));
#11407 = CARTESIAN_POINT('',(6.542106849186,4.175));
#11408 = ( GEOMETRIC_REPRESENTATION_CONTEXT(2) 
PARAMETRIC_REPRESENTATION_CONTEXT() REPRESENTATION_CONTEXT('2D SPACE',''
  ) );
#11409 = ORIENTED_EDGE('',*,*,#11410,.T.);
#11410 = EDGE_CURVE('',#11385,#6380,#11411,.T.);
#11411 = SURFACE_CURVE('',#11412,(#11416,#11422),.PCURVE_S1.);
#11412 = LINE('',#11413,#11414);
#11413 = CARTESIAN_POINT('',(-2.7,6.,0.2));
#11414 = VECTOR('',#11415,1.);
#11415 = DIRECTION('',(0.,-1.,0.));
#11416 = PCURVE('',#6424,#11417);
#11417 = DEFINITIONAL_REPRESENTATION('',(#11418),#11421);
#11418 = B_SPLINE_CURVE_WITH_KNOTS('',1,(#11419,#11420),.UNSPECIFIED.,
  .F.,.F.,(2,2),(-93.,0.),.PIECEWISE_BEZIER_KNOTS.);
#11419 = CARTESIAN_POINT('',(-9.2,93.));
#11420 = CARTESIAN_POINT('',(-9.2,0.));
#11421 = ( GEOMETRIC_REPRESENTATION_CONTEXT(2) 
PARAMETRIC_REPRESENTATION_CONTEXT() REPRESENTATION_CONTEXT('2D SPACE',''
  ) );
#11422 = PCURVE('',#6395,#11423);
#11423 = DEFINITIONAL_REPRESENTATION('',(#11424),#11427);
#11424 = B_SPLINE_CURVE_WITH_KNOTS('',1,(#11425,#11426),.UNSPECIFIED.,
  .F.,.F.,(2,2),(-93.,0.),.PIECEWISE_BEZIER_KNOTS.);
#11425 = CARTESIAN_POINT('',(10.7,-93.));
#11426 = CARTESIAN_POINT('',(10.7,0.));
#11427 = ( GEOMETRIC_REPRESENTATION_CONTEXT(2) 
PARAMETRIC_REPRESENTATION_CONTEXT() REPRESENTATION_CONTEXT('2D SPACE',''
  ) );
#11428 = ORIENTED_EDGE('',*,*,#6407,.F.);
#11429 = ORIENTED_EDGE('',*,*,#11222,.T.);
#11430 = ORIENTED_EDGE('',*,*,#11431,.T.);
#11431 = EDGE_CURVE('',#11223,#11356,#11432,.T.);
#11432 = SURFACE_CURVE('',#11433,(#11438,#11449),.PCURVE_S1.);
#11433 = CIRCLE('',#11434,8.02);
#11434 = AXIS2_PLACEMENT_3D('',#11435,#11436,#11437);
#11435 = CARTESIAN_POINT('',(6.495,5.995,0.2));
#11436 = DIRECTION('',(0.,0.,-1.));
#11437 = DIRECTION('',(1.,0.,0.));
#11438 = PCURVE('',#6424,#11439);
#11439 = DEFINITIONAL_REPRESENTATION('',(#11440),#11448);
#11440 = ( BOUNDED_CURVE() B_SPLINE_CURVE(2,(#11441,#11442,#11443,#11444
    ,#11445,#11446,#11447),.UNSPECIFIED.,.T.,.F.) 
B_SPLINE_CURVE_WITH_KNOTS((1,2,2,2,2,1),(-2.094395102393,0.,
    2.094395102393,4.188790204786,6.28318530718,8.377580409573),
.UNSPECIFIED.) CURVE() GEOMETRIC_REPRESENTATION_ITEM() 
RATIONAL_B_SPLINE_CURVE((1.,0.5,1.,0.5,1.,0.5,1.)) REPRESENTATION_ITEM(
  '') );
#11441 = CARTESIAN_POINT('',(8.015,-5.00000000001E-03));
#11442 = CARTESIAN_POINT('',(8.015,-13.8960474767));
#11443 = CARTESIAN_POINT('',(-4.015,-6.950523738351));
#11444 = CARTESIAN_POINT('',(-16.045,-5.000000000012E-03));
#11445 = CARTESIAN_POINT('',(-4.015,6.940523738351));
#11446 = CARTESIAN_POINT('',(8.015,13.886047476702));
#11447 = CARTESIAN_POINT('',(8.015,-5.00000000001E-03));
#11448 = ( GEOMETRIC_REPRESENTATION_CONTEXT(2) 
PARAMETRIC_REPRESENTATION_CONTEXT() REPRESENTATION_CONTEXT('2D SPACE',''
  ) );
#11449 = PCURVE('',#11258,#11450);
#11450 = DEFINITIONAL_REPRESENTATION('',(#11451),#11455);
#11451 = LINE('',#11452,#11453);
#11452 = CARTESIAN_POINT('',(-6.28318530718,5.E-02));
#11453 = VECTOR('',#11454,1.);
#11454 = DIRECTION('',(1.,-0.));
#11455 = ( GEOMETRIC_REPRESENTATION_CONTEXT(2) 
PARAMETRIC_REPRESENTATION_CONTEXT() REPRESENTATION_CONTEXT('2D SPACE',''
  ) );
#11456 = ADVANCED_FACE('',(#11457),#6395,.T.);
#11457 = FACE_BOUND('',#11458,.T.);
#11458 = EDGE_LOOP('',(#11459,#11460,#11461,#11485,#11511,#11537,#11563,
    #11584));
#11459 = ORIENTED_EDGE('',*,*,#6379,.F.);
#11460 = ORIENTED_EDGE('',*,*,#8586,.T.);
#11461 = ORIENTED_EDGE('',*,*,#11462,.F.);
#11462 = EDGE_CURVE('',#11463,#8561,#11465,.T.);
#11463 = VERTEX_POINT('',#11464);
#11464 = CARTESIAN_POINT('',(-2.7,14.147727943148,-1.));
#11465 = SURFACE_CURVE('',#11466,(#11471,#11478),.PCURVE_S1.);
#11466 = CIRCLE('',#11467,6.);
#11467 = AXIS2_PLACEMENT_3D('',#11468,#11469,#11470);
#11468 = CARTESIAN_POINT('',(-2.7,18.,-5.6));
#11469 = DIRECTION('',(1.,0.,0.));
#11470 = DIRECTION('',(-0.,0.,1.));
#11471 = PCURVE('',#6395,#11472);
#11472 = DEFINITIONAL_REPRESENTATION('',(#11473),#11477);
#11473 = CIRCLE('',#11474,6.);
#11474 = AXIS2_PLACEMENT_2D('',#11475,#11476);
#11475 = CARTESIAN_POINT('',(4.9,-12.));
#11476 = DIRECTION('',(1.,0.));
#11477 = ( GEOMETRIC_REPRESENTATION_CONTEXT(2) 
PARAMETRIC_REPRESENTATION_CONTEXT() REPRESENTATION_CONTEXT('2D SPACE',''
  ) );
#11478 = PCURVE('',#8575,#11479);
#11479 = DEFINITIONAL_REPRESENTATION('',(#11480),#11484);
#11480 = LINE('',#11481,#11482);
#11481 = CARTESIAN_POINT('',(0.,3.));
#11482 = VECTOR('',#11483,1.);
#11483 = DIRECTION('',(1.,0.));
#11484 = ( GEOMETRIC_REPRESENTATION_CONTEXT(2) 
PARAMETRIC_REPRESENTATION_CONTEXT() REPRESENTATION_CONTEXT('2D SPACE',''
  ) );
#11485 = ORIENTED_EDGE('',*,*,#11486,.T.);
#11486 = EDGE_CURVE('',#11463,#11487,#11489,.T.);
#11487 = VERTEX_POINT('',#11488);
#11488 = CARTESIAN_POINT('',(-2.7,11.625543735346,-1.));
#11489 = SURFACE_CURVE('',#11490,(#11494,#11500),.PCURVE_S1.);
#11490 = LINE('',#11491,#11492);
#11491 = CARTESIAN_POINT('',(-2.7,9.1,-1.));
#11492 = VECTOR('',#11493,1.);
#11493 = DIRECTION('',(0.,-1.,0.));
#11494 = PCURVE('',#6395,#11495);
#11495 = DEFINITIONAL_REPRESENTATION('',(#11496),#11499);
#11496 = B_SPLINE_CURVE_WITH_KNOTS('',1,(#11497,#11498),.UNSPECIFIED.,
  .F.,.F.,(2,2),(-19.4,-2.4),.PIECEWISE_BEZIER_KNOTS.);
#11497 = CARTESIAN_POINT('',(9.5,-22.5));
#11498 = CARTESIAN_POINT('',(9.5,-5.5));
#11499 = ( GEOMETRIC_REPRESENTATION_CONTEXT(2) 
PARAMETRIC_REPRESENTATION_CONTEXT() REPRESENTATION_CONTEXT('2D SPACE',''
  ) );
#11500 = PCURVE('',#11501,#11506);
#11501 = PLANE('',#11502);
#11502 = AXIS2_PLACEMENT_3D('',#11503,#11504,#11505);
#11503 = CARTESIAN_POINT('',(-2.3,12.2,-1.));
#11504 = DIRECTION('',(0.,0.,1.));
#11505 = DIRECTION('',(1.,0.,-0.));
#11506 = DEFINITIONAL_REPRESENTATION('',(#11507),#11510);
#11507 = B_SPLINE_CURVE_WITH_KNOTS('',1,(#11508,#11509),.UNSPECIFIED.,
  .F.,.F.,(2,2),(-19.4,-2.4),.PIECEWISE_BEZIER_KNOTS.);
#11508 = CARTESIAN_POINT('',(-0.4,16.3));
#11509 = CARTESIAN_POINT('',(-0.4,-0.7));
#11510 = ( GEOMETRIC_REPRESENTATION_CONTEXT(2) 
PARAMETRIC_REPRESENTATION_CONTEXT() REPRESENTATION_CONTEXT('2D SPACE',''
  ) );
#11511 = ORIENTED_EDGE('',*,*,#11512,.F.);
#11512 = EDGE_CURVE('',#11513,#11487,#11515,.T.);
#11513 = VERTEX_POINT('',#11514);
#11514 = CARTESIAN_POINT('',(-2.7,11.625543735346,-8.E-02));
#11515 = SURFACE_CURVE('',#11516,(#11520,#11526),.PCURVE_S1.);
#11516 = LINE('',#11517,#11518);
#11517 = CARTESIAN_POINT('',(-2.7,11.625543735346,-1.));
#11518 = VECTOR('',#11519,1.);
#11519 = DIRECTION('',(-0.,-0.,-1.));
#11520 = PCURVE('',#6395,#11521);
#11521 = DEFINITIONAL_REPRESENTATION('',(#11522),#11525);
#11522 = B_SPLINE_CURVE_WITH_KNOTS('',1,(#11523,#11524),.UNSPECIFIED.,
  .F.,.F.,(2,2),(-0.9200006,5.999999999062E-07),
  .PIECEWISE_BEZIER_KNOTS.);
#11523 = CARTESIAN_POINT('',(10.4200006,-5.625543735346));
#11524 = CARTESIAN_POINT('',(9.4999994,-5.625543735346));
#11525 = ( GEOMETRIC_REPRESENTATION_CONTEXT(2) 
PARAMETRIC_REPRESENTATION_CONTEXT() REPRESENTATION_CONTEXT('2D SPACE',''
  ) );
#11526 = PCURVE('',#11527,#11532);
#11527 = CYLINDRICAL_SURFACE('',#11528,0.7);
#11528 = AXIS2_PLACEMENT_3D('',#11529,#11530,#11531);
#11529 = CARTESIAN_POINT('',(-2.3,12.2,-1.));
#11530 = DIRECTION('',(-0.,-0.,-1.));
#11531 = DIRECTION('',(1.,0.,0.));
#11532 = DEFINITIONAL_REPRESENTATION('',(#11533),#11536);
#11533 = B_SPLINE_CURVE_WITH_KNOTS('',1,(#11534,#11535),.UNSPECIFIED.,
  .F.,.F.,(2,2),(-0.9200006,5.999999999062E-07),
  .PIECEWISE_BEZIER_KNOTS.);
#11534 = CARTESIAN_POINT('',(-4.104143401474,-0.9200006));
#11535 = CARTESIAN_POINT('',(-4.104143401474,5.999999999062E-07));
#11536 = ( GEOMETRIC_REPRESENTATION_CONTEXT(2) 
PARAMETRIC_REPRESENTATION_CONTEXT() REPRESENTATION_CONTEXT('2D SPACE',''
  ) );
#11537 = ORIENTED_EDGE('',*,*,#11538,.F.);
#11538 = EDGE_CURVE('',#11539,#11513,#11541,.T.);
#11539 = VERTEX_POINT('',#11540);
#11540 = CARTESIAN_POINT('',(-2.7,15.648489846928,-8.E-02));
#11541 = SURFACE_CURVE('',#11542,(#11546,#11552),.PCURVE_S1.);
#11542 = LINE('',#11543,#11544);
#11543 = CARTESIAN_POINT('',(-2.7,8.75,-8.E-02));
#11544 = VECTOR('',#11545,1.);
#11545 = DIRECTION('',(0.,-1.,0.));
#11546 = PCURVE('',#6395,#11547);
#11547 = DEFINITIONAL_REPRESENTATION('',(#11548),#11551);
#11548 = B_SPLINE_CURVE_WITH_KNOTS('',1,(#11549,#11550),.UNSPECIFIED.,
  .F.,.F.,(2,2),(-19.75,-2.75),.PIECEWISE_BEZIER_KNOTS.);
#11549 = CARTESIAN_POINT('',(10.42,-22.5));
#11550 = CARTESIAN_POINT('',(10.42,-5.5));
#11551 = ( GEOMETRIC_REPRESENTATION_CONTEXT(2) 
PARAMETRIC_REPRESENTATION_CONTEXT() REPRESENTATION_CONTEXT('2D SPACE',''
  ) );
#11552 = PCURVE('',#11553,#11558);
#11553 = PLANE('',#11554);
#11554 = AXIS2_PLACEMENT_3D('',#11555,#11556,#11557);
#11555 = CARTESIAN_POINT('',(-2.3,11.5,-8.E-02));
#11556 = DIRECTION('',(0.,0.,1.));
#11557 = DIRECTION('',(1.,0.,0.));
#11558 = DEFINITIONAL_REPRESENTATION('',(#11559),#11562);
#11559 = B_SPLINE_CURVE_WITH_KNOTS('',1,(#11560,#11561),.UNSPECIFIED.,
  .F.,.F.,(2,2),(-19.75,-2.75),.PIECEWISE_BEZIER_KNOTS.);
#11560 = CARTESIAN_POINT('',(-0.4,17.));
#11561 = CARTESIAN_POINT('',(-0.4,-8.881784197001E-16));
#11562 = ( GEOMETRIC_REPRESENTATION_CONTEXT(2) 
PARAMETRIC_REPRESENTATION_CONTEXT() REPRESENTATION_CONTEXT('2D SPACE',''
  ) );
#11563 = ORIENTED_EDGE('',*,*,#11564,.F.);
#11564 = EDGE_CURVE('',#11385,#11539,#11565,.T.);
#11565 = SURFACE_CURVE('',#11566,(#11571,#11578),.PCURVE_S1.);
#11566 = CIRCLE('',#11567,6.);
#11567 = AXIS2_PLACEMENT_3D('',#11568,#11569,#11570);
#11568 = CARTESIAN_POINT('',(-2.7,18.,-5.6));
#11569 = DIRECTION('',(1.,0.,0.));
#11570 = DIRECTION('',(-0.,0.,1.));
#11571 = PCURVE('',#6395,#11572);
#11572 = DEFINITIONAL_REPRESENTATION('',(#11573),#11577);
#11573 = CIRCLE('',#11574,6.);
#11574 = AXIS2_PLACEMENT_2D('',#11575,#11576);
#11575 = CARTESIAN_POINT('',(4.9,-12.));
#11576 = DIRECTION('',(1.,0.));
#11577 = ( GEOMETRIC_REPRESENTATION_CONTEXT(2) 
PARAMETRIC_REPRESENTATION_CONTEXT() REPRESENTATION_CONTEXT('2D SPACE',''
  ) );
#11578 = PCURVE('',#11399,#11579);
#11579 = DEFINITIONAL_REPRESENTATION('',(#11580),#11583);
#11580 = B_SPLINE_CURVE_WITH_KNOTS('',1,(#11581,#11582),.UNSPECIFIED.,
  .F.,.F.,(2,2),(0.258921542006,0.402715841581),
  .PIECEWISE_BEZIER_KNOTS.);
#11581 = CARTESIAN_POINT('',(6.542106849186,3.));
#11582 = CARTESIAN_POINT('',(6.68590114876,3.));
#11583 = ( GEOMETRIC_REPRESENTATION_CONTEXT(2) 
PARAMETRIC_REPRESENTATION_CONTEXT() REPRESENTATION_CONTEXT('2D SPACE',''
  ) );
#11584 = ORIENTED_EDGE('',*,*,#11410,.T.);
#11585 = ADVANCED_FACE('',(#11586),#6622,.T.);
#11586 = FACE_BOUND('',#11587,.T.);
#11587 = EDGE_LOOP('',(#11588,#11589,#11613,#11634));
#11588 = ORIENTED_EDGE('',*,*,#6605,.F.);
#11589 = ORIENTED_EDGE('',*,*,#11590,.T.);
#11590 = EDGE_CURVE('',#6606,#11591,#11593,.T.);
#11591 = VERTEX_POINT('',#11592);
#11592 = CARTESIAN_POINT('',(-9.881875,81.,-10.40182741093));
#11593 = SURFACE_CURVE('',#11594,(#11599,#11606),.PCURVE_S1.);
#11594 = CIRCLE('',#11595,5.5);
#11595 = AXIS2_PLACEMENT_3D('',#11596,#11597,#11598);
#11596 = CARTESIAN_POINT('',(-7.2,81.,-5.6));
#11597 = DIRECTION('',(0.,1.,0.));
#11598 = DIRECTION('',(-0.487613636364,0.,0.87305952926));
#11599 = PCURVE('',#6622,#11600);
#11600 = DEFINITIONAL_REPRESENTATION('',(#11601),#11605);
#11601 = LINE('',#11602,#11603);
#11602 = CARTESIAN_POINT('',(5.773830981594,0.));
#11603 = VECTOR('',#11604,1.);
#11604 = DIRECTION('',(1.,0.));
#11605 = ( GEOMETRIC_REPRESENTATION_CONTEXT(2) 
PARAMETRIC_REPRESENTATION_CONTEXT() REPRESENTATION_CONTEXT('2D SPACE',''
  ) );
#11606 = PCURVE('',#6648,#11607);
#11607 = DEFINITIONAL_REPRESENTATION('',(#11608),#11612);
#11608 = CIRCLE('',#11609,5.5);
#11609 = AXIS2_PLACEMENT_2D('',#11610,#11611);
#11610 = CARTESIAN_POINT('',(0.,0.));
#11611 = DIRECTION('',(0.87305952926,-0.487613636364));
#11612 = ( GEOMETRIC_REPRESENTATION_CONTEXT(2) 
PARAMETRIC_REPRESENTATION_CONTEXT() REPRESENTATION_CONTEXT('2D SPACE',''
  ) );
#11613 = ORIENTED_EDGE('',*,*,#11614,.T.);
#11614 = EDGE_CURVE('',#11591,#11615,#11617,.T.);
#11615 = VERTEX_POINT('',#11616);
#11616 = CARTESIAN_POINT('',(-9.881875,87.,-10.40182741093));
#11617 = SURFACE_CURVE('',#11618,(#11622,#11628),.PCURVE_S1.);
#11618 = LINE('',#11619,#11620);
#11619 = CARTESIAN_POINT('',(-9.881875,81.,-10.40182741093));
#11620 = VECTOR('',#11621,1.);
#11621 = DIRECTION('',(0.,1.,0.));
#11622 = PCURVE('',#6622,#11623);
#11623 = DEFINITIONAL_REPRESENTATION('',(#11624),#11627);
#11624 = B_SPLINE_CURVE_WITH_KNOTS('',1,(#11625,#11626),.UNSPECIFIED.,
  .F.,.F.,(2,2),(0.,6.),.PIECEWISE_BEZIER_KNOTS.);
#11625 = CARTESIAN_POINT('',(9.934132286355,0.));
#11626 = CARTESIAN_POINT('',(9.934132286355,6.));
#11627 = ( GEOMETRIC_REPRESENTATION_CONTEXT(2) 
PARAMETRIC_REPRESENTATION_CONTEXT() REPRESENTATION_CONTEXT('2D SPACE',''
  ) );
#11628 = PCURVE('',#6674,#11629);
#11629 = DEFINITIONAL_REPRESENTATION('',(#11630),#11633);
#11630 = B_SPLINE_CURVE_WITH_KNOTS('',1,(#11631,#11632),.UNSPECIFIED.,
  .F.,.F.,(2,2),(0.,6.),.PIECEWISE_BEZIER_KNOTS.);
#11631 = CARTESIAN_POINT('',(9.565838080455,0.2));
#11632 = CARTESIAN_POINT('',(9.565838080455,6.2));
#11633 = ( GEOMETRIC_REPRESENTATION_CONTEXT(2) 
PARAMETRIC_REPRESENTATION_CONTEXT() REPRESENTATION_CONTEXT('2D SPACE',''
  ) );
#11634 = ORIENTED_EDGE('',*,*,#11635,.T.);
#11635 = EDGE_CURVE('',#11615,#6608,#11636,.T.);
#11636 = SURFACE_CURVE('',#11637,(#11642,#11649),.PCURVE_S1.);
#11637 = CIRCLE('',#11638,5.5);
#11638 = AXIS2_PLACEMENT_3D('',#11639,#11640,#11641);
#11639 = CARTESIAN_POINT('',(-7.2,87.,-5.6));
#11640 = DIRECTION('',(0.,-1.,-0.));
#11641 = DIRECTION('',(-0.487613636364,0.,-0.87305952926));
#11642 = PCURVE('',#6622,#11643);
#11643 = DEFINITIONAL_REPRESENTATION('',(#11644),#11648);
#11644 = LINE('',#11645,#11646);
#11645 = CARTESIAN_POINT('',(9.934132286355,6.));
#11646 = VECTOR('',#11647,1.);
#11647 = DIRECTION('',(-1.,-0.));
#11648 = ( GEOMETRIC_REPRESENTATION_CONTEXT(2) 
PARAMETRIC_REPRESENTATION_CONTEXT() REPRESENTATION_CONTEXT('2D SPACE',''
  ) );
#11649 = PCURVE('',#6698,#11650);
#11650 = DEFINITIONAL_REPRESENTATION('',(#11651),#11659);
#11651 = ( BOUNDED_CURVE() B_SPLINE_CURVE(2,(#11652,#11653,#11654,#11655
    ,#11656,#11657,#11658),.UNSPECIFIED.,.T.,.F.) 
B_SPLINE_CURVE_WITH_KNOTS((1,2,2,2,2,1),(-2.094395102393,0.,
    2.094395102393,4.188790204786,6.28318530718,8.377580409573),
.UNSPECIFIED.) CURVE() GEOMETRIC_REPRESENTATION_ITEM() 
RATIONAL_B_SPLINE_CURVE((1.,0.5,1.,0.5,1.,0.5,1.)) REPRESENTATION_ITEM(
  '') );
#11652 = CARTESIAN_POINT('',(-4.801827410932,-2.681875));
#11653 = CARTESIAN_POINT('',(-9.44697117048,5.635134044911));
#11654 = CARTESIAN_POINT('',(7.834182569146E-02,5.499442022455));
#11655 = CARTESIAN_POINT('',(9.603654821863,5.36375));
#11656 = CARTESIAN_POINT('',(4.72348558524,-2.817567022455));
#11657 = CARTESIAN_POINT('',(-0.156683651383,-10.99888404491));
#11658 = CARTESIAN_POINT('',(-4.801827410932,-2.681875));
#11659 = ( GEOMETRIC_REPRESENTATION_CONTEXT(2) 
PARAMETRIC_REPRESENTATION_CONTEXT() REPRESENTATION_CONTEXT('2D SPACE',''
  ) );
#11660 = ADVANCED_FACE('',(#11661),#6698,.T.);
#11661 = FACE_BOUND('',#11662,.T.);
#11662 = EDGE_LOOP('',(#11663,#11685,#11686));
#11663 = ORIENTED_EDGE('',*,*,#11664,.F.);
#11664 = EDGE_CURVE('',#6660,#11615,#11665,.T.);
#11665 = SURFACE_CURVE('',#11666,(#11671,#11678),.PCURVE_S1.);
#11666 = CIRCLE('',#11667,4.85);
#11667 = AXIS2_PLACEMENT_3D('',#11668,#11669,#11670);
#11668 = CARTESIAN_POINT('',(-9.2,87.,-5.6));
#11669 = DIRECTION('',(0.,1.,0.));
#11670 = DIRECTION('',(-0.140592783505,0.,0.990067507409));
#11671 = PCURVE('',#6698,#11672);
#11672 = DEFINITIONAL_REPRESENTATION('',(#11673),#11677);
#11673 = CIRCLE('',#11674,4.85);
#11674 = AXIS2_PLACEMENT_2D('',#11675,#11676);
#11675 = CARTESIAN_POINT('',(0.,-2.));
#11676 = DIRECTION('',(0.990067507409,-0.140592783505));
#11677 = ( GEOMETRIC_REPRESENTATION_CONTEXT(2) 
PARAMETRIC_REPRESENTATION_CONTEXT() REPRESENTATION_CONTEXT('2D SPACE',''
  ) );
#11678 = PCURVE('',#6674,#11679);
#11679 = DEFINITIONAL_REPRESENTATION('',(#11680),#11684);
#11680 = LINE('',#11681,#11682);
#11681 = CARTESIAN_POINT('',(6.142125187494,6.2));
#11682 = VECTOR('',#11683,1.);
#11683 = DIRECTION('',(1.,0.));
#11684 = ( GEOMETRIC_REPRESENTATION_CONTEXT(2) 
PARAMETRIC_REPRESENTATION_CONTEXT() REPRESENTATION_CONTEXT('2D SPACE',''
  ) );
#11685 = ORIENTED_EDGE('',*,*,#6685,.F.);
#11686 = ORIENTED_EDGE('',*,*,#11635,.F.);
#11687 = ADVANCED_FACE('',(#11688),#6674,.F.);
#11688 = FACE_BOUND('',#11689,.F.);
#11689 = EDGE_LOOP('',(#11690,#11691,#11713,#11714));
#11690 = ORIENTED_EDGE('',*,*,#6659,.F.);
#11691 = ORIENTED_EDGE('',*,*,#11692,.T.);
#11692 = EDGE_CURVE('',#6634,#11591,#11693,.T.);
#11693 = SURFACE_CURVE('',#11694,(#11699,#11706),.PCURVE_S1.);
#11694 = CIRCLE('',#11695,4.85);
#11695 = AXIS2_PLACEMENT_3D('',#11696,#11697,#11698);
#11696 = CARTESIAN_POINT('',(-9.2,81.,-5.6));
#11697 = DIRECTION('',(0.,1.,0.));
#11698 = DIRECTION('',(-0.140592783505,0.,0.990067507409));
#11699 = PCURVE('',#6674,#11700);
#11700 = DEFINITIONAL_REPRESENTATION('',(#11701),#11705);
#11701 = LINE('',#11702,#11703);
#11702 = CARTESIAN_POINT('',(6.142125187494,0.2));
#11703 = VECTOR('',#11704,1.);
#11704 = DIRECTION('',(1.,0.));
#11705 = ( GEOMETRIC_REPRESENTATION_CONTEXT(2) 
PARAMETRIC_REPRESENTATION_CONTEXT() REPRESENTATION_CONTEXT('2D SPACE',''
  ) );
#11706 = PCURVE('',#6648,#11707);
#11707 = DEFINITIONAL_REPRESENTATION('',(#11708),#11712);
#11708 = CIRCLE('',#11709,4.85);
#11709 = AXIS2_PLACEMENT_2D('',#11710,#11711);
#11710 = CARTESIAN_POINT('',(0.,-2.));
#11711 = DIRECTION('',(0.990067507409,-0.140592783505));
#11712 = ( GEOMETRIC_REPRESENTATION_CONTEXT(2) 
PARAMETRIC_REPRESENTATION_CONTEXT() REPRESENTATION_CONTEXT('2D SPACE',''
  ) );
#11713 = ORIENTED_EDGE('',*,*,#11614,.T.);
#11714 = ORIENTED_EDGE('',*,*,#11664,.F.);
#11715 = ADVANCED_FACE('',(#11716),#6648,.F.);
#11716 = FACE_BOUND('',#11717,.F.);
#11717 = EDGE_LOOP('',(#11718,#11719,#11720));
#11718 = ORIENTED_EDGE('',*,*,#11692,.F.);
#11719 = ORIENTED_EDGE('',*,*,#6633,.F.);
#11720 = ORIENTED_EDGE('',*,*,#11590,.T.);
#11721 = ADVANCED_FACE('',(#11722),#6728,.F.);
#11722 = FACE_BOUND('',#11723,.F.);
#11723 = EDGE_LOOP('',(#11724,#11748,#11770));
#11724 = ORIENTED_EDGE('',*,*,#11725,.F.);
#11725 = EDGE_CURVE('',#11726,#6712,#11728,.T.);
#11726 = VERTEX_POINT('',#11727);
#11727 = CARTESIAN_POINT('',(-9.881875,81.,-0.798172589068));
#11728 = SURFACE_CURVE('',#11729,(#11734,#11741),.PCURVE_S1.);
#11729 = CIRCLE('',#11730,4.85);
#11730 = AXIS2_PLACEMENT_3D('',#11731,#11732,#11733);
#11731 = CARTESIAN_POINT('',(-9.2,81.,-5.6));
#11732 = DIRECTION('',(0.,1.,0.));
#11733 = DIRECTION('',(-0.140592783505,0.,0.990067507409));
#11734 = PCURVE('',#6728,#11735);
#11735 = DEFINITIONAL_REPRESENTATION('',(#11736),#11740);
#11736 = CIRCLE('',#11737,4.85);
#11737 = AXIS2_PLACEMENT_2D('',#11738,#11739);
#11738 = CARTESIAN_POINT('',(0.,-2.));
#11739 = DIRECTION('',(0.990067507409,-0.140592783505));
#11740 = ( GEOMETRIC_REPRESENTATION_CONTEXT(2) 
PARAMETRIC_REPRESENTATION_CONTEXT() REPRESENTATION_CONTEXT('2D SPACE',''
  ) );
#11741 = PCURVE('',#6804,#11742);
#11742 = DEFINITIONAL_REPRESENTATION('',(#11743),#11747);
#11743 = LINE('',#11744,#11745);
#11744 = CARTESIAN_POINT('',(6.142125187494,0.2));
#11745 = VECTOR('',#11746,1.);
#11746 = DIRECTION('',(1.,0.));
#11747 = ( GEOMETRIC_REPRESENTATION_CONTEXT(2) 
PARAMETRIC_REPRESENTATION_CONTEXT() REPRESENTATION_CONTEXT('2D SPACE',''
  ) );
#11748 = ORIENTED_EDGE('',*,*,#11749,.T.);
#11749 = EDGE_CURVE('',#11726,#6714,#11750,.T.);
#11750 = SURFACE_CURVE('',#11751,(#11756,#11763),.PCURVE_S1.);
#11751 = CIRCLE('',#11752,5.5);
#11752 = AXIS2_PLACEMENT_3D('',#11753,#11754,#11755);
#11753 = CARTESIAN_POINT('',(-7.2,81.,-5.6));
#11754 = DIRECTION('',(0.,1.,0.));
#11755 = DIRECTION('',(-0.487613636364,0.,0.87305952926));
#11756 = PCURVE('',#6728,#11757);
#11757 = DEFINITIONAL_REPRESENTATION('',(#11758),#11762);
#11758 = CIRCLE('',#11759,5.5);
#11759 = AXIS2_PLACEMENT_2D('',#11760,#11761);
#11760 = CARTESIAN_POINT('',(0.,0.));
#11761 = DIRECTION('',(0.87305952926,-0.487613636364));
#11762 = ( GEOMETRIC_REPRESENTATION_CONTEXT(2) 
PARAMETRIC_REPRESENTATION_CONTEXT() REPRESENTATION_CONTEXT('2D SPACE',''
  ) );
#11763 = PCURVE('',#6754,#11764);
#11764 = DEFINITIONAL_REPRESENTATION('',(#11765),#11769);
#11765 = LINE('',#11766,#11767);
#11766 = CARTESIAN_POINT('',(5.773830981594,0.));
#11767 = VECTOR('',#11768,1.);
#11768 = DIRECTION('',(1.,0.));
#11769 = ( GEOMETRIC_REPRESENTATION_CONTEXT(2) 
PARAMETRIC_REPRESENTATION_CONTEXT() REPRESENTATION_CONTEXT('2D SPACE',''
  ) );
#11770 = ORIENTED_EDGE('',*,*,#6711,.F.);
#11771 = ADVANCED_FACE('',(#11772),#6804,.F.);
#11772 = FACE_BOUND('',#11773,.F.);
#11773 = EDGE_LOOP('',(#11774,#11795,#11796,#11797));
#11774 = ORIENTED_EDGE('',*,*,#11775,.F.);
#11775 = EDGE_CURVE('',#11726,#11776,#11778,.T.);
#11776 = VERTEX_POINT('',#11777);
#11777 = CARTESIAN_POINT('',(-9.881875,87.,-0.798172589068));
#11778 = SURFACE_CURVE('',#11779,(#11783,#11789),.PCURVE_S1.);
#11779 = LINE('',#11780,#11781);
#11780 = CARTESIAN_POINT('',(-9.881875,81.,-0.798172589068));
#11781 = VECTOR('',#11782,1.);
#11782 = DIRECTION('',(0.,1.,0.));
#11783 = PCURVE('',#6804,#11784);
#11784 = DEFINITIONAL_REPRESENTATION('',(#11785),#11788);
#11785 = B_SPLINE_CURVE_WITH_KNOTS('',1,(#11786,#11787),.UNSPECIFIED.,
  .F.,.F.,(2,2),(0.,6.),.PIECEWISE_BEZIER_KNOTS.);
#11786 = CARTESIAN_POINT('',(6.142125187494,0.2));
#11787 = CARTESIAN_POINT('',(6.142125187494,6.2));
#11788 = ( GEOMETRIC_REPRESENTATION_CONTEXT(2) 
PARAMETRIC_REPRESENTATION_CONTEXT() REPRESENTATION_CONTEXT('2D SPACE',''
  ) );
#11789 = PCURVE('',#6754,#11790);
#11790 = DEFINITIONAL_REPRESENTATION('',(#11791),#11794);
#11791 = B_SPLINE_CURVE_WITH_KNOTS('',1,(#11792,#11793),.UNSPECIFIED.,
  .F.,.F.,(2,2),(0.,6.),.PIECEWISE_BEZIER_KNOTS.);
#11792 = CARTESIAN_POINT('',(5.773830981594,0.));
#11793 = CARTESIAN_POINT('',(5.773830981594,6.));
#11794 = ( GEOMETRIC_REPRESENTATION_CONTEXT(2) 
PARAMETRIC_REPRESENTATION_CONTEXT() REPRESENTATION_CONTEXT('2D SPACE',''
  ) );
#11795 = ORIENTED_EDGE('',*,*,#11725,.T.);
#11796 = ORIENTED_EDGE('',*,*,#6791,.T.);
#11797 = ORIENTED_EDGE('',*,*,#11798,.F.);
#11798 = EDGE_CURVE('',#11776,#6766,#11799,.T.);
#11799 = SURFACE_CURVE('',#11800,(#11805,#11812),.PCURVE_S1.);
#11800 = CIRCLE('',#11801,4.85);
#11801 = AXIS2_PLACEMENT_3D('',#11802,#11803,#11804);
#11802 = CARTESIAN_POINT('',(-9.2,87.,-5.6));
#11803 = DIRECTION('',(0.,1.,0.));
#11804 = DIRECTION('',(-0.140592783505,0.,0.990067507409));
#11805 = PCURVE('',#6804,#11806);
#11806 = DEFINITIONAL_REPRESENTATION('',(#11807),#11811);
#11807 = LINE('',#11808,#11809);
#11808 = CARTESIAN_POINT('',(6.142125187494,6.2));
#11809 = VECTOR('',#11810,1.);
#11810 = DIRECTION('',(1.,0.));
#11811 = ( GEOMETRIC_REPRESENTATION_CONTEXT(2) 
PARAMETRIC_REPRESENTATION_CONTEXT() REPRESENTATION_CONTEXT('2D SPACE',''
  ) );
#11812 = PCURVE('',#6780,#11813);
#11813 = DEFINITIONAL_REPRESENTATION('',(#11814),#11818);
#11814 = CIRCLE('',#11815,4.85);
#11815 = AXIS2_PLACEMENT_2D('',#11816,#11817);
#11816 = CARTESIAN_POINT('',(0.,-2.));
#11817 = DIRECTION('',(0.990067507409,-0.140592783505));
#11818 = ( GEOMETRIC_REPRESENTATION_CONTEXT(2) 
PARAMETRIC_REPRESENTATION_CONTEXT() REPRESENTATION_CONTEXT('2D SPACE',''
  ) );
#11819 = ADVANCED_FACE('',(#11820),#6780,.T.);
#11820 = FACE_BOUND('',#11821,.T.);
#11821 = EDGE_LOOP('',(#11822,#11823,#11849));
#11822 = ORIENTED_EDGE('',*,*,#11798,.F.);
#11823 = ORIENTED_EDGE('',*,*,#11824,.F.);
#11824 = EDGE_CURVE('',#6740,#11776,#11825,.T.);
#11825 = SURFACE_CURVE('',#11826,(#11831,#11842),.PCURVE_S1.);
#11826 = CIRCLE('',#11827,5.5);
#11827 = AXIS2_PLACEMENT_3D('',#11828,#11829,#11830);
#11828 = CARTESIAN_POINT('',(-7.2,87.,-5.6));
#11829 = DIRECTION('',(0.,-1.,-0.));
#11830 = DIRECTION('',(-0.487613636364,0.,-0.87305952926));
#11831 = PCURVE('',#6780,#11832);
#11832 = DEFINITIONAL_REPRESENTATION('',(#11833),#11841);
#11833 = ( BOUNDED_CURVE() B_SPLINE_CURVE(2,(#11834,#11835,#11836,#11837
    ,#11838,#11839,#11840),.UNSPECIFIED.,.T.,.F.) 
B_SPLINE_CURVE_WITH_KNOTS((1,2,2,2,2,1),(-2.094395102393,0.,
    2.094395102393,4.188790204786,6.28318530718,8.377580409573),
.UNSPECIFIED.) CURVE() GEOMETRIC_REPRESENTATION_ITEM() 
RATIONAL_B_SPLINE_CURVE((1.,0.5,1.,0.5,1.,0.5,1.)) REPRESENTATION_ITEM(
  '') );
#11834 = CARTESIAN_POINT('',(-4.801827410932,-2.681875));
#11835 = CARTESIAN_POINT('',(-9.44697117048,5.635134044911));
#11836 = CARTESIAN_POINT('',(7.834182569146E-02,5.499442022455));
#11837 = CARTESIAN_POINT('',(9.603654821863,5.36375));
#11838 = CARTESIAN_POINT('',(4.72348558524,-2.817567022455));
#11839 = CARTESIAN_POINT('',(-0.156683651383,-10.99888404491));
#11840 = CARTESIAN_POINT('',(-4.801827410932,-2.681875));
#11841 = ( GEOMETRIC_REPRESENTATION_CONTEXT(2) 
PARAMETRIC_REPRESENTATION_CONTEXT() REPRESENTATION_CONTEXT('2D SPACE',''
  ) );
#11842 = PCURVE('',#6754,#11843);
#11843 = DEFINITIONAL_REPRESENTATION('',(#11844),#11848);
#11844 = LINE('',#11845,#11846);
#11845 = CARTESIAN_POINT('',(9.934132286355,6.));
#11846 = VECTOR('',#11847,1.);
#11847 = DIRECTION('',(-1.,-0.));
#11848 = ( GEOMETRIC_REPRESENTATION_CONTEXT(2) 
PARAMETRIC_REPRESENTATION_CONTEXT() REPRESENTATION_CONTEXT('2D SPACE',''
  ) );
#11849 = ORIENTED_EDGE('',*,*,#6765,.F.);
#11850 = ADVANCED_FACE('',(#11851),#6754,.T.);
#11851 = FACE_BOUND('',#11852,.T.);
#11852 = EDGE_LOOP('',(#11853,#11854,#11855,#11856));
#11853 = ORIENTED_EDGE('',*,*,#11775,.F.);
#11854 = ORIENTED_EDGE('',*,*,#11749,.T.);
#11855 = ORIENTED_EDGE('',*,*,#6739,.T.);
#11856 = ORIENTED_EDGE('',*,*,#11824,.T.);
#11857 = ADVANCED_FACE('',(#11858),#6834,.T.);
#11858 = FACE_BOUND('',#11859,.T.);
#11859 = EDGE_LOOP('',(#11860,#11861,#11885,#11906));
#11860 = ORIENTED_EDGE('',*,*,#6817,.F.);
#11861 = ORIENTED_EDGE('',*,*,#11862,.T.);
#11862 = EDGE_CURVE('',#6818,#11863,#11865,.T.);
#11863 = VERTEX_POINT('',#11864);
#11864 = CARTESIAN_POINT('',(-9.881875,45.,-10.40182741093));
#11865 = SURFACE_CURVE('',#11866,(#11871,#11878),.PCURVE_S1.);
#11866 = CIRCLE('',#11867,5.5);
#11867 = AXIS2_PLACEMENT_3D('',#11868,#11869,#11870);
#11868 = CARTESIAN_POINT('',(-7.2,45.,-5.6));
#11869 = DIRECTION('',(0.,1.,0.));
#11870 = DIRECTION('',(-0.487613636364,0.,0.87305952926));
#11871 = PCURVE('',#6834,#11872);
#11872 = DEFINITIONAL_REPRESENTATION('',(#11873),#11877);
#11873 = LINE('',#11874,#11875);
#11874 = CARTESIAN_POINT('',(5.773830981594,0.));
#11875 = VECTOR('',#11876,1.);
#11876 = DIRECTION('',(1.,0.));
#11877 = ( GEOMETRIC_REPRESENTATION_CONTEXT(2) 
PARAMETRIC_REPRESENTATION_CONTEXT() REPRESENTATION_CONTEXT('2D SPACE',''
  ) );
#11878 = PCURVE('',#6860,#11879);
#11879 = DEFINITIONAL_REPRESENTATION('',(#11880),#11884);
#11880 = CIRCLE('',#11881,5.5);
#11881 = AXIS2_PLACEMENT_2D('',#11882,#11883);
#11882 = CARTESIAN_POINT('',(0.,0.));
#11883 = DIRECTION('',(0.87305952926,-0.487613636364));
#11884 = ( GEOMETRIC_REPRESENTATION_CONTEXT(2) 
PARAMETRIC_REPRESENTATION_CONTEXT() REPRESENTATION_CONTEXT('2D SPACE',''
  ) );
#11885 = ORIENTED_EDGE('',*,*,#11886,.T.);
#11886 = EDGE_CURVE('',#11863,#11887,#11889,.T.);
#11887 = VERTEX_POINT('',#11888);
#11888 = CARTESIAN_POINT('',(-9.881875,51.,-10.40182741093));
#11889 = SURFACE_CURVE('',#11890,(#11894,#11900),.PCURVE_S1.);
#11890 = LINE('',#11891,#11892);
#11891 = CARTESIAN_POINT('',(-9.881875,45.,-10.40182741093));
#11892 = VECTOR('',#11893,1.);
#11893 = DIRECTION('',(0.,1.,0.));
#11894 = PCURVE('',#6834,#11895);
#11895 = DEFINITIONAL_REPRESENTATION('',(#11896),#11899);
#11896 = B_SPLINE_CURVE_WITH_KNOTS('',1,(#11897,#11898),.UNSPECIFIED.,
  .F.,.F.,(2,2),(0.,6.),.PIECEWISE_BEZIER_KNOTS.);
#11897 = CARTESIAN_POINT('',(9.934132286355,0.));
#11898 = CARTESIAN_POINT('',(9.934132286355,6.));
#11899 = ( GEOMETRIC_REPRESENTATION_CONTEXT(2) 
PARAMETRIC_REPRESENTATION_CONTEXT() REPRESENTATION_CONTEXT('2D SPACE',''
  ) );
#11900 = PCURVE('',#6886,#11901);
#11901 = DEFINITIONAL_REPRESENTATION('',(#11902),#11905);
#11902 = B_SPLINE_CURVE_WITH_KNOTS('',1,(#11903,#11904),.UNSPECIFIED.,
  .F.,.F.,(2,2),(0.,6.),.PIECEWISE_BEZIER_KNOTS.);
#11903 = CARTESIAN_POINT('',(9.565838080455,0.2));
#11904 = CARTESIAN_POINT('',(9.565838080455,6.2));
#11905 = ( GEOMETRIC_REPRESENTATION_CONTEXT(2) 
PARAMETRIC_REPRESENTATION_CONTEXT() REPRESENTATION_CONTEXT('2D SPACE',''
  ) );
#11906 = ORIENTED_EDGE('',*,*,#11907,.T.);
#11907 = EDGE_CURVE('',#11887,#6820,#11908,.T.);
#11908 = SURFACE_CURVE('',#11909,(#11914,#11921),.PCURVE_S1.);
#11909 = CIRCLE('',#11910,5.5);
#11910 = AXIS2_PLACEMENT_3D('',#11911,#11912,#11913);
#11911 = CARTESIAN_POINT('',(-7.2,51.,-5.6));
#11912 = DIRECTION('',(0.,-1.,-0.));
#11913 = DIRECTION('',(-0.487613636364,0.,-0.87305952926));
#11914 = PCURVE('',#6834,#11915);
#11915 = DEFINITIONAL_REPRESENTATION('',(#11916),#11920);
#11916 = LINE('',#11917,#11918);
#11917 = CARTESIAN_POINT('',(9.934132286355,6.));
#11918 = VECTOR('',#11919,1.);
#11919 = DIRECTION('',(-1.,-0.));
#11920 = ( GEOMETRIC_REPRESENTATION_CONTEXT(2) 
PARAMETRIC_REPRESENTATION_CONTEXT() REPRESENTATION_CONTEXT('2D SPACE',''
  ) );
#11921 = PCURVE('',#6910,#11922);
#11922 = DEFINITIONAL_REPRESENTATION('',(#11923),#11931);
#11923 = ( BOUNDED_CURVE() B_SPLINE_CURVE(2,(#11924,#11925,#11926,#11927
    ,#11928,#11929,#11930),.UNSPECIFIED.,.T.,.F.) 
B_SPLINE_CURVE_WITH_KNOTS((1,2,2,2,2,1),(-2.094395102393,0.,
    2.094395102393,4.188790204786,6.28318530718,8.377580409573),
.UNSPECIFIED.) CURVE() GEOMETRIC_REPRESENTATION_ITEM() 
RATIONAL_B_SPLINE_CURVE((1.,0.5,1.,0.5,1.,0.5,1.)) REPRESENTATION_ITEM(
  '') );
#11924 = CARTESIAN_POINT('',(-4.801827410932,-2.681875));
#11925 = CARTESIAN_POINT('',(-9.44697117048,5.635134044911));
#11926 = CARTESIAN_POINT('',(7.834182569146E-02,5.499442022455));
#11927 = CARTESIAN_POINT('',(9.603654821863,5.36375));
#11928 = CARTESIAN_POINT('',(4.72348558524,-2.817567022455));
#11929 = CARTESIAN_POINT('',(-0.156683651383,-10.99888404491));
#11930 = CARTESIAN_POINT('',(-4.801827410932,-2.681875));
#11931 = ( GEOMETRIC_REPRESENTATION_CONTEXT(2) 
PARAMETRIC_REPRESENTATION_CONTEXT() REPRESENTATION_CONTEXT('2D SPACE',''
  ) );
#11932 = ADVANCED_FACE('',(#11933),#6860,.F.);
#11933 = FACE_BOUND('',#11934,.F.);
#11934 = EDGE_LOOP('',(#11935,#11957,#11958));
#11935 = ORIENTED_EDGE('',*,*,#11936,.F.);
#11936 = EDGE_CURVE('',#6846,#11863,#11937,.T.);
#11937 = SURFACE_CURVE('',#11938,(#11943,#11950),.PCURVE_S1.);
#11938 = CIRCLE('',#11939,4.85);
#11939 = AXIS2_PLACEMENT_3D('',#11940,#11941,#11942);
#11940 = CARTESIAN_POINT('',(-9.2,45.,-5.6));
#11941 = DIRECTION('',(0.,1.,0.));
#11942 = DIRECTION('',(-0.140592783505,0.,0.990067507409));
#11943 = PCURVE('',#6860,#11944);
#11944 = DEFINITIONAL_REPRESENTATION('',(#11945),#11949);
#11945 = CIRCLE('',#11946,4.85);
#11946 = AXIS2_PLACEMENT_2D('',#11947,#11948);
#11947 = CARTESIAN_POINT('',(0.,-2.));
#11948 = DIRECTION('',(0.990067507409,-0.140592783505));
#11949 = ( GEOMETRIC_REPRESENTATION_CONTEXT(2) 
PARAMETRIC_REPRESENTATION_CONTEXT() REPRESENTATION_CONTEXT('2D SPACE',''
  ) );
#11950 = PCURVE('',#6886,#11951);
#11951 = DEFINITIONAL_REPRESENTATION('',(#11952),#11956);
#11952 = LINE('',#11953,#11954);
#11953 = CARTESIAN_POINT('',(6.142125187494,0.2));
#11954 = VECTOR('',#11955,1.);
#11955 = DIRECTION('',(1.,0.));
#11956 = ( GEOMETRIC_REPRESENTATION_CONTEXT(2) 
PARAMETRIC_REPRESENTATION_CONTEXT() REPRESENTATION_CONTEXT('2D SPACE',''
  ) );
#11957 = ORIENTED_EDGE('',*,*,#6845,.F.);
#11958 = ORIENTED_EDGE('',*,*,#11862,.T.);
#11959 = ADVANCED_FACE('',(#11960),#6910,.T.);
#11960 = FACE_BOUND('',#11961,.T.);
#11961 = EDGE_LOOP('',(#11962,#11984,#11985));
#11962 = ORIENTED_EDGE('',*,*,#11963,.F.);
#11963 = EDGE_CURVE('',#6872,#11887,#11964,.T.);
#11964 = SURFACE_CURVE('',#11965,(#11970,#11977),.PCURVE_S1.);
#11965 = CIRCLE('',#11966,4.85);
#11966 = AXIS2_PLACEMENT_3D('',#11967,#11968,#11969);
#11967 = CARTESIAN_POINT('',(-9.2,51.,-5.6));
#11968 = DIRECTION('',(0.,1.,0.));
#11969 = DIRECTION('',(-0.140592783505,0.,0.990067507409));
#11970 = PCURVE('',#6910,#11971);
#11971 = DEFINITIONAL_REPRESENTATION('',(#11972),#11976);
#11972 = CIRCLE('',#11973,4.85);
#11973 = AXIS2_PLACEMENT_2D('',#11974,#11975);
#11974 = CARTESIAN_POINT('',(0.,-2.));
#11975 = DIRECTION('',(0.990067507409,-0.140592783505));
#11976 = ( GEOMETRIC_REPRESENTATION_CONTEXT(2) 
PARAMETRIC_REPRESENTATION_CONTEXT() REPRESENTATION_CONTEXT('2D SPACE',''
  ) );
#11977 = PCURVE('',#6886,#11978);
#11978 = DEFINITIONAL_REPRESENTATION('',(#11979),#11983);
#11979 = LINE('',#11980,#11981);
#11980 = CARTESIAN_POINT('',(6.142125187494,6.2));
#11981 = VECTOR('',#11982,1.);
#11982 = DIRECTION('',(1.,0.));
#11983 = ( GEOMETRIC_REPRESENTATION_CONTEXT(2) 
PARAMETRIC_REPRESENTATION_CONTEXT() REPRESENTATION_CONTEXT('2D SPACE',''
  ) );
#11984 = ORIENTED_EDGE('',*,*,#6897,.F.);
#11985 = ORIENTED_EDGE('',*,*,#11907,.F.);
#11986 = ADVANCED_FACE('',(#11987),#6886,.F.);
#11987 = FACE_BOUND('',#11988,.F.);
#11988 = EDGE_LOOP('',(#11989,#11990,#11991,#11992));
#11989 = ORIENTED_EDGE('',*,*,#6871,.F.);
#11990 = ORIENTED_EDGE('',*,*,#11936,.T.);
#11991 = ORIENTED_EDGE('',*,*,#11886,.T.);
#11992 = ORIENTED_EDGE('',*,*,#11963,.F.);
#11993 = ADVANCED_FACE('',(#11994),#6940,.F.);
#11994 = FACE_BOUND('',#11995,.F.);
#11995 = EDGE_LOOP('',(#11996,#12020,#12042));
#11996 = ORIENTED_EDGE('',*,*,#11997,.F.);
#11997 = EDGE_CURVE('',#11998,#6924,#12000,.T.);
#11998 = VERTEX_POINT('',#11999);
#11999 = CARTESIAN_POINT('',(-9.881875,45.,-0.798172589068));
#12000 = SURFACE_CURVE('',#12001,(#12006,#12013),.PCURVE_S1.);
#12001 = CIRCLE('',#12002,4.85);
#12002 = AXIS2_PLACEMENT_3D('',#12003,#12004,#12005);
#12003 = CARTESIAN_POINT('',(-9.2,45.,-5.6));
#12004 = DIRECTION('',(0.,1.,0.));
#12005 = DIRECTION('',(-0.140592783505,0.,0.990067507409));
#12006 = PCURVE('',#6940,#12007);
#12007 = DEFINITIONAL_REPRESENTATION('',(#12008),#12012);
#12008 = CIRCLE('',#12009,4.85);
#12009 = AXIS2_PLACEMENT_2D('',#12010,#12011);
#12010 = CARTESIAN_POINT('',(0.,-2.));
#12011 = DIRECTION('',(0.990067507409,-0.140592783505));
#12012 = ( GEOMETRIC_REPRESENTATION_CONTEXT(2) 
PARAMETRIC_REPRESENTATION_CONTEXT() REPRESENTATION_CONTEXT('2D SPACE',''
  ) );
#12013 = PCURVE('',#7016,#12014);
#12014 = DEFINITIONAL_REPRESENTATION('',(#12015),#12019);
#12015 = LINE('',#12016,#12017);
#12016 = CARTESIAN_POINT('',(6.142125187494,0.2));
#12017 = VECTOR('',#12018,1.);
#12018 = DIRECTION('',(1.,0.));
#12019 = ( GEOMETRIC_REPRESENTATION_CONTEXT(2) 
PARAMETRIC_REPRESENTATION_CONTEXT() REPRESENTATION_CONTEXT('2D SPACE',''
  ) );
#12020 = ORIENTED_EDGE('',*,*,#12021,.T.);
#12021 = EDGE_CURVE('',#11998,#6926,#12022,.T.);
#12022 = SURFACE_CURVE('',#12023,(#12028,#12035),.PCURVE_S1.);
#12023 = CIRCLE('',#12024,5.5);
#12024 = AXIS2_PLACEMENT_3D('',#12025,#12026,#12027);
#12025 = CARTESIAN_POINT('',(-7.2,45.,-5.6));
#12026 = DIRECTION('',(0.,1.,0.));
#12027 = DIRECTION('',(-0.487613636364,0.,0.87305952926));
#12028 = PCURVE('',#6940,#12029);
#12029 = DEFINITIONAL_REPRESENTATION('',(#12030),#12034);
#12030 = CIRCLE('',#12031,5.5);
#12031 = AXIS2_PLACEMENT_2D('',#12032,#12033);
#12032 = CARTESIAN_POINT('',(0.,0.));
#12033 = DIRECTION('',(0.87305952926,-0.487613636364));
#12034 = ( GEOMETRIC_REPRESENTATION_CONTEXT(2) 
PARAMETRIC_REPRESENTATION_CONTEXT() REPRESENTATION_CONTEXT('2D SPACE',''
  ) );
#12035 = PCURVE('',#6966,#12036);
#12036 = DEFINITIONAL_REPRESENTATION('',(#12037),#12041);
#12037 = LINE('',#12038,#12039);
#12038 = CARTESIAN_POINT('',(5.773830981594,0.));
#12039 = VECTOR('',#12040,1.);
#12040 = DIRECTION('',(1.,0.));
#12041 = ( GEOMETRIC_REPRESENTATION_CONTEXT(2) 
PARAMETRIC_REPRESENTATION_CONTEXT() REPRESENTATION_CONTEXT('2D SPACE',''
  ) );
#12042 = ORIENTED_EDGE('',*,*,#6923,.F.);
#12043 = ADVANCED_FACE('',(#12044),#7016,.F.);
#12044 = FACE_BOUND('',#12045,.F.);
#12045 = EDGE_LOOP('',(#12046,#12067,#12068,#12069));
#12046 = ORIENTED_EDGE('',*,*,#12047,.F.);
#12047 = EDGE_CURVE('',#11998,#12048,#12050,.T.);
#12048 = VERTEX_POINT('',#12049);
#12049 = CARTESIAN_POINT('',(-9.881875,51.,-0.798172589068));
#12050 = SURFACE_CURVE('',#12051,(#12055,#12061),.PCURVE_S1.);
#12051 = LINE('',#12052,#12053);
#12052 = CARTESIAN_POINT('',(-9.881875,45.,-0.798172589068));
#12053 = VECTOR('',#12054,1.);
#12054 = DIRECTION('',(0.,1.,0.));
#12055 = PCURVE('',#7016,#12056);
#12056 = DEFINITIONAL_REPRESENTATION('',(#12057),#12060);
#12057 = B_SPLINE_CURVE_WITH_KNOTS('',1,(#12058,#12059),.UNSPECIFIED.,
  .F.,.F.,(2,2),(0.,6.),.PIECEWISE_BEZIER_KNOTS.);
#12058 = CARTESIAN_POINT('',(6.142125187494,0.2));
#12059 = CARTESIAN_POINT('',(6.142125187494,6.2));
#12060 = ( GEOMETRIC_REPRESENTATION_CONTEXT(2) 
PARAMETRIC_REPRESENTATION_CONTEXT() REPRESENTATION_CONTEXT('2D SPACE',''
  ) );
#12061 = PCURVE('',#6966,#12062);
#12062 = DEFINITIONAL_REPRESENTATION('',(#12063),#12066);
#12063 = B_SPLINE_CURVE_WITH_KNOTS('',1,(#12064,#12065),.UNSPECIFIED.,
  .F.,.F.,(2,2),(0.,6.),.PIECEWISE_BEZIER_KNOTS.);
#12064 = CARTESIAN_POINT('',(5.773830981594,0.));
#12065 = CARTESIAN_POINT('',(5.773830981594,6.));
#12066 = ( GEOMETRIC_REPRESENTATION_CONTEXT(2) 
PARAMETRIC_REPRESENTATION_CONTEXT() REPRESENTATION_CONTEXT('2D SPACE',''
  ) );
#12067 = ORIENTED_EDGE('',*,*,#11997,.T.);
#12068 = ORIENTED_EDGE('',*,*,#7003,.T.);
#12069 = ORIENTED_EDGE('',*,*,#12070,.F.);
#12070 = EDGE_CURVE('',#12048,#6978,#12071,.T.);
#12071 = SURFACE_CURVE('',#12072,(#12077,#12084),.PCURVE_S1.);
#12072 = CIRCLE('',#12073,4.85);
#12073 = AXIS2_PLACEMENT_3D('',#12074,#12075,#12076);
#12074 = CARTESIAN_POINT('',(-9.2,51.,-5.6));
#12075 = DIRECTION('',(0.,1.,0.));
#12076 = DIRECTION('',(-0.140592783505,0.,0.990067507409));
#12077 = PCURVE('',#7016,#12078);
#12078 = DEFINITIONAL_REPRESENTATION('',(#12079),#12083);
#12079 = LINE('',#12080,#12081);
#12080 = CARTESIAN_POINT('',(6.142125187494,6.2));
#12081 = VECTOR('',#12082,1.);
#12082 = DIRECTION('',(1.,0.));
#12083 = ( GEOMETRIC_REPRESENTATION_CONTEXT(2) 
PARAMETRIC_REPRESENTATION_CONTEXT() REPRESENTATION_CONTEXT('2D SPACE',''
  ) );
#12084 = PCURVE('',#6992,#12085);
#12085 = DEFINITIONAL_REPRESENTATION('',(#12086),#12090);
#12086 = CIRCLE('',#12087,4.85);
#12087 = AXIS2_PLACEMENT_2D('',#12088,#12089);
#12088 = CARTESIAN_POINT('',(0.,-2.));
#12089 = DIRECTION('',(0.990067507409,-0.140592783505));
#12090 = ( GEOMETRIC_REPRESENTATION_CONTEXT(2) 
PARAMETRIC_REPRESENTATION_CONTEXT() REPRESENTATION_CONTEXT('2D SPACE',''
  ) );
#12091 = ADVANCED_FACE('',(#12092),#6966,.T.);
#12092 = FACE_BOUND('',#12093,.T.);
#12093 = EDGE_LOOP('',(#12094,#12095,#12096,#12097));
#12094 = ORIENTED_EDGE('',*,*,#12047,.F.);
#12095 = ORIENTED_EDGE('',*,*,#12021,.T.);
#12096 = ORIENTED_EDGE('',*,*,#6951,.T.);
#12097 = ORIENTED_EDGE('',*,*,#12098,.T.);
#12098 = EDGE_CURVE('',#6952,#12048,#12099,.T.);
#12099 = SURFACE_CURVE('',#12100,(#12105,#12112),.PCURVE_S1.);
#12100 = CIRCLE('',#12101,5.5);
#12101 = AXIS2_PLACEMENT_3D('',#12102,#12103,#12104);
#12102 = CARTESIAN_POINT('',(-7.2,51.,-5.6));
#12103 = DIRECTION('',(0.,-1.,-0.));
#12104 = DIRECTION('',(-0.487613636364,0.,-0.87305952926));
#12105 = PCURVE('',#6966,#12106);
#12106 = DEFINITIONAL_REPRESENTATION('',(#12107),#12111);
#12107 = LINE('',#12108,#12109);
#12108 = CARTESIAN_POINT('',(9.934132286355,6.));
#12109 = VECTOR('',#12110,1.);
#12110 = DIRECTION('',(-1.,-0.));
#12111 = ( GEOMETRIC_REPRESENTATION_CONTEXT(2) 
PARAMETRIC_REPRESENTATION_CONTEXT() REPRESENTATION_CONTEXT('2D SPACE',''
  ) );
#12112 = PCURVE('',#6992,#12113);
#12113 = DEFINITIONAL_REPRESENTATION('',(#12114),#12122);
#12114 = ( BOUNDED_CURVE() B_SPLINE_CURVE(2,(#12115,#12116,#12117,#12118
    ,#12119,#12120,#12121),.UNSPECIFIED.,.T.,.F.) 
B_SPLINE_CURVE_WITH_KNOTS((1,2,2,2,2,1),(-2.094395102393,0.,
    2.094395102393,4.188790204786,6.28318530718,8.377580409573),
.UNSPECIFIED.) CURVE() GEOMETRIC_REPRESENTATION_ITEM() 
RATIONAL_B_SPLINE_CURVE((1.,0.5,1.,0.5,1.,0.5,1.)) REPRESENTATION_ITEM(
  '') );
#12115 = CARTESIAN_POINT('',(-4.801827410932,-2.681875));
#12116 = CARTESIAN_POINT('',(-9.44697117048,5.635134044911));
#12117 = CARTESIAN_POINT('',(7.834182569146E-02,5.499442022455));
#12118 = CARTESIAN_POINT('',(9.603654821863,5.36375));
#12119 = CARTESIAN_POINT('',(4.72348558524,-2.817567022455));
#12120 = CARTESIAN_POINT('',(-0.156683651383,-10.99888404491));
#12121 = CARTESIAN_POINT('',(-4.801827410932,-2.681875));
#12122 = ( GEOMETRIC_REPRESENTATION_CONTEXT(2) 
PARAMETRIC_REPRESENTATION_CONTEXT() REPRESENTATION_CONTEXT('2D SPACE',''
  ) );
#12123 = ADVANCED_FACE('',(#12124),#6992,.T.);
#12124 = FACE_BOUND('',#12125,.T.);
#12125 = EDGE_LOOP('',(#12126,#12127,#12128));
#12126 = ORIENTED_EDGE('',*,*,#12070,.F.);
#12127 = ORIENTED_EDGE('',*,*,#12098,.F.);
#12128 = ORIENTED_EDGE('',*,*,#6977,.F.);
#12129 = ADVANCED_FACE('',(#12130),#7046,.T.);
#12130 = FACE_BOUND('',#12131,.T.);
#12131 = EDGE_LOOP('',(#12132,#12133,#12156,#12183));
#12132 = ORIENTED_EDGE('',*,*,#7029,.F.);
#12133 = ORIENTED_EDGE('',*,*,#12134,.F.);
#12134 = EDGE_CURVE('',#12135,#7030,#12137,.T.);
#12135 = VERTEX_POINT('',#12136);
#12136 = CARTESIAN_POINT('',(-5.7,18.,0.4));
#12137 = SEAM_CURVE('',#12138,(#12142,#12149),.PCURVE_S1.);
#12138 = LINE('',#12139,#12140);
#12139 = CARTESIAN_POINT('',(-5.7,18.,0.4));
#12140 = VECTOR('',#12141,1.);
#12141 = DIRECTION('',(1.,0.,0.));
#12142 = PCURVE('',#7046,#12143);
#12143 = DEFINITIONAL_REPRESENTATION('',(#12144),#12148);
#12144 = LINE('',#12145,#12146);
#12145 = CARTESIAN_POINT('',(6.28318530718,-0.));
#12146 = VECTOR('',#12147,1.);
#12147 = DIRECTION('',(0.,1.));
#12148 = ( GEOMETRIC_REPRESENTATION_CONTEXT(2) 
PARAMETRIC_REPRESENTATION_CONTEXT() REPRESENTATION_CONTEXT('2D SPACE',''
  ) );
#12149 = PCURVE('',#7046,#12150);
#12150 = DEFINITIONAL_REPRESENTATION('',(#12151),#12155);
#12151 = LINE('',#12152,#12153);
#12152 = CARTESIAN_POINT('',(0.,-0.));
#12153 = VECTOR('',#12154,1.);
#12154 = DIRECTION('',(0.,1.));
#12155 = ( GEOMETRIC_REPRESENTATION_CONTEXT(2) 
PARAMETRIC_REPRESENTATION_CONTEXT() REPRESENTATION_CONTEXT('2D SPACE',''
  ) );
#12156 = ORIENTED_EDGE('',*,*,#12157,.T.);
#12157 = EDGE_CURVE('',#12135,#12135,#12158,.T.);
#12158 = SURFACE_CURVE('',#12159,(#12164,#12171),.PCURVE_S1.);
#12159 = CIRCLE('',#12160,6.);
#12160 = AXIS2_PLACEMENT_3D('',#12161,#12162,#12163);
#12161 = CARTESIAN_POINT('',(-5.7,18.,-5.6));
#12162 = DIRECTION('',(1.,0.,0.));
#12163 = DIRECTION('',(-0.,0.,1.));
#12164 = PCURVE('',#7046,#12165);
#12165 = DEFINITIONAL_REPRESENTATION('',(#12166),#12170);
#12166 = LINE('',#12167,#12168);
#12167 = CARTESIAN_POINT('',(0.,0.));
#12168 = VECTOR('',#12169,1.);
#12169 = DIRECTION('',(1.,0.));
#12170 = ( GEOMETRIC_REPRESENTATION_CONTEXT(2) 
PARAMETRIC_REPRESENTATION_CONTEXT() REPRESENTATION_CONTEXT('2D SPACE',''
  ) );
#12171 = PCURVE('',#12172,#12177);
#12172 = PLANE('',#12173);
#12173 = AXIS2_PLACEMENT_3D('',#12174,#12175,#12176);
#12174 = CARTESIAN_POINT('',(-5.7,18.,-5.6));
#12175 = DIRECTION('',(1.,0.,0.));
#12176 = DIRECTION('',(-0.,0.,1.));
#12177 = DEFINITIONAL_REPRESENTATION('',(#12178),#12182);
#12178 = CIRCLE('',#12179,6.);
#12179 = AXIS2_PLACEMENT_2D('',#12180,#12181);
#12180 = CARTESIAN_POINT('',(0.,0.));
#12181 = DIRECTION('',(1.,0.));
#12182 = ( GEOMETRIC_REPRESENTATION_CONTEXT(2) 
PARAMETRIC_REPRESENTATION_CONTEXT() REPRESENTATION_CONTEXT('2D SPACE',''
  ) );
#12183 = ORIENTED_EDGE('',*,*,#12134,.T.);
#12184 = ADVANCED_FACE('',(#12185),#7122,.F.);
#12185 = FACE_BOUND('',#12186,.F.);
#12186 = EDGE_LOOP('',(#12187,#12208,#12234,#12253,#12254,#12255));
#12187 = ORIENTED_EDGE('',*,*,#12188,.F.);
#12188 = EDGE_CURVE('',#12189,#7169,#12191,.T.);
#12189 = VERTEX_POINT('',#12190);
#12190 = CARTESIAN_POINT('',(12.9,87.92870878105,-11.8));
#12191 = SURFACE_CURVE('',#12192,(#12196,#12202),.PCURVE_S1.);
#12192 = LINE('',#12193,#12194);
#12193 = CARTESIAN_POINT('',(12.9,55.375,-11.8));
#12194 = VECTOR('',#12195,1.);
#12195 = DIRECTION('',(0.,1.,0.));
#12196 = PCURVE('',#7122,#12197);
#12197 = DEFINITIONAL_REPRESENTATION('',(#12198),#12201);
#12198 = B_SPLINE_CURVE_WITH_KNOTS('',1,(#12199,#12200),.UNSPECIFIED.,
  .F.,.F.,(2,2),(29.375,32.875),.PIECEWISE_BEZIER_KNOTS.);
#12199 = CARTESIAN_POINT('',(-0.6,61.));
#12200 = CARTESIAN_POINT('',(-0.6,64.5));
#12201 = ( GEOMETRIC_REPRESENTATION_CONTEXT(2) 
PARAMETRIC_REPRESENTATION_CONTEXT() REPRESENTATION_CONTEXT('2D SPACE',''
  ) );
#12202 = PCURVE('',#7205,#12203);
#12203 = DEFINITIONAL_REPRESENTATION('',(#12204),#12207);
#12204 = B_SPLINE_CURVE_WITH_KNOTS('',1,(#12205,#12206),.UNSPECIFIED.,
  .F.,.F.,(2,2),(29.375,32.875),.PIECEWISE_BEZIER_KNOTS.);
#12205 = CARTESIAN_POINT('',(-0.2,2.25));
#12206 = CARTESIAN_POINT('',(-0.2,-1.25));
#12207 = ( GEOMETRIC_REPRESENTATION_CONTEXT(2) 
PARAMETRIC_REPRESENTATION_CONTEXT() REPRESENTATION_CONTEXT('2D SPACE',''
  ) );
#12208 = ORIENTED_EDGE('',*,*,#12209,.T.);
#12209 = EDGE_CURVE('',#12189,#12210,#12212,.T.);
#12210 = VERTEX_POINT('',#12211);
#12211 = CARTESIAN_POINT('',(47.1,87.92870878105,-11.8));
#12212 = SURFACE_CURVE('',#12213,(#12217,#12223),.PCURVE_S1.);
#12213 = LINE('',#12214,#12215);
#12214 = CARTESIAN_POINT('',(4.,87.92870878105,-11.8));
#12215 = VECTOR('',#12216,1.);
#12216 = DIRECTION('',(1.,0.,0.));
#12217 = PCURVE('',#7122,#12218);
#12218 = DEFINITIONAL_REPRESENTATION('',(#12219),#12222);
#12219 = B_SPLINE_CURVE_WITH_KNOTS('',1,(#12220,#12221),.UNSPECIFIED.,
  .F.,.F.,(2,2),(-5.999999999062E-07,52.0000006),
  .PIECEWISE_BEZIER_KNOTS.);
#12220 = CARTESIAN_POINT('',(-9.5000006,64.17870878105));
#12221 = CARTESIAN_POINT('',(42.5000006,64.17870878105));
#12222 = ( GEOMETRIC_REPRESENTATION_CONTEXT(2) 
PARAMETRIC_REPRESENTATION_CONTEXT() REPRESENTATION_CONTEXT('2D SPACE',''
  ) );
#12223 = PCURVE('',#12224,#12229);
#12224 = CYLINDRICAL_SURFACE('',#12225,0.95);
#12225 = AXIS2_PLACEMENT_3D('',#12226,#12227,#12228);
#12226 = CARTESIAN_POINT('',(4.,87.,-11.6));
#12227 = DIRECTION('',(1.,0.,0.));
#12228 = DIRECTION('',(-0.,0.,1.));
#12229 = DEFINITIONAL_REPRESENTATION('',(#12230),#12233);
#12230 = B_SPLINE_CURVE_WITH_KNOTS('',1,(#12231,#12232),.UNSPECIFIED.,
  .F.,.F.,(2,2),(8.9,43.1),.PIECEWISE_BEZIER_KNOTS.);
#12231 = CARTESIAN_POINT('',(4.500275669905,8.9));
#12232 = CARTESIAN_POINT('',(4.500275669905,43.1));
#12233 = ( GEOMETRIC_REPRESENTATION_CONTEXT(2) 
PARAMETRIC_REPRESENTATION_CONTEXT() REPRESENTATION_CONTEXT('2D SPACE',''
  ) );
#12234 = ORIENTED_EDGE('',*,*,#12235,.T.);
#12235 = EDGE_CURVE('',#12210,#8409,#12236,.T.);
#12236 = SURFACE_CURVE('',#12237,(#12241,#12247),.PCURVE_S1.);
#12237 = LINE('',#12238,#12239);
#12238 = CARTESIAN_POINT('',(47.1,55.375,-11.8));
#12239 = VECTOR('',#12240,1.);
#12240 = DIRECTION('',(0.,1.,0.));
#12241 = PCURVE('',#7122,#12242);
#12242 = DEFINITIONAL_REPRESENTATION('',(#12243),#12246);
#12243 = B_SPLINE_CURVE_WITH_KNOTS('',1,(#12244,#12245),.UNSPECIFIED.,
  .F.,.F.,(2,2),(29.375,32.875),.PIECEWISE_BEZIER_KNOTS.);
#12244 = CARTESIAN_POINT('',(33.6,61.));
#12245 = CARTESIAN_POINT('',(33.6,64.5));
#12246 = ( GEOMETRIC_REPRESENTATION_CONTEXT(2) 
PARAMETRIC_REPRESENTATION_CONTEXT() REPRESENTATION_CONTEXT('2D SPACE',''
  ) );
#12247 = PCURVE('',#8390,#12248);
#12248 = DEFINITIONAL_REPRESENTATION('',(#12249),#12252);
#12249 = B_SPLINE_CURVE_WITH_KNOTS('',1,(#12250,#12251),.UNSPECIFIED.,
  .F.,.F.,(2,2),(29.375,32.875),.PIECEWISE_BEZIER_KNOTS.);
#12250 = CARTESIAN_POINT('',(-0.2,2.25));
#12251 = CARTESIAN_POINT('',(-0.2,-1.25));
#12252 = ( GEOMETRIC_REPRESENTATION_CONTEXT(2) 
PARAMETRIC_REPRESENTATION_CONTEXT() REPRESENTATION_CONTEXT('2D SPACE',''
  ) );
#12253 = ORIENTED_EDGE('',*,*,#8429,.T.);
#12254 = ORIENTED_EDGE('',*,*,#7108,.F.);
#12255 = ORIENTED_EDGE('',*,*,#7168,.T.);
#12256 = ADVANCED_FACE('',(#12257),#7205,.F.);
#12257 = FACE_BOUND('',#12258,.F.);
#12258 = EDGE_LOOP('',(#12259,#12260,#12284,#12305,#12327,#12328,#12329)
  );
#12259 = ORIENTED_EDGE('',*,*,#9783,.F.);
#12260 = ORIENTED_EDGE('',*,*,#12261,.T.);
#12261 = EDGE_CURVE('',#9694,#12262,#12264,.T.);
#12262 = VERTEX_POINT('',#12263);
#12263 = CARTESIAN_POINT('',(12.9,84.758906516899,-11.8));
#12264 = SURFACE_CURVE('',#12265,(#12270,#12277),.PCURVE_S1.);
#12265 = CIRCLE('',#12266,2.25);
#12266 = AXIS2_PLACEMENT_3D('',#12267,#12268,#12269);
#12267 = CARTESIAN_POINT('',(12.9,87.,-11.6));
#12268 = DIRECTION('',(1.,0.,0.));
#12269 = DIRECTION('',(-0.,0.,1.));
#12270 = PCURVE('',#7205,#12271);
#12271 = DEFINITIONAL_REPRESENTATION('',(#12272),#12276);
#12272 = CIRCLE('',#12273,2.25);
#12273 = AXIS2_PLACEMENT_2D('',#12274,#12275);
#12274 = CARTESIAN_POINT('',(0.,0.));
#12275 = DIRECTION('',(1.,0.));
#12276 = ( GEOMETRIC_REPRESENTATION_CONTEXT(2) 
PARAMETRIC_REPRESENTATION_CONTEXT() REPRESENTATION_CONTEXT('2D SPACE',''
  ) );
#12277 = PCURVE('',#7432,#12278);
#12278 = DEFINITIONAL_REPRESENTATION('',(#12279),#12283);
#12279 = LINE('',#12280,#12281);
#12280 = CARTESIAN_POINT('',(0.,4.1));
#12281 = VECTOR('',#12282,1.);
#12282 = DIRECTION('',(1.,0.));
#12283 = ( GEOMETRIC_REPRESENTATION_CONTEXT(2) 
PARAMETRIC_REPRESENTATION_CONTEXT() REPRESENTATION_CONTEXT('2D SPACE',''
  ) );
#12284 = ORIENTED_EDGE('',*,*,#12285,.T.);
#12285 = EDGE_CURVE('',#12262,#12286,#12288,.T.);
#12286 = VERTEX_POINT('',#12287);
#12287 = CARTESIAN_POINT('',(12.9,86.07129121895,-11.8));
#12288 = SURFACE_CURVE('',#12289,(#12293,#12299),.PCURVE_S1.);
#12289 = LINE('',#12290,#12291);
#12290 = CARTESIAN_POINT('',(12.9,55.375,-11.8));
#12291 = VECTOR('',#12292,1.);
#12292 = DIRECTION('',(0.,1.,0.));
#12293 = PCURVE('',#7205,#12294);
#12294 = DEFINITIONAL_REPRESENTATION('',(#12295),#12298);
#12295 = B_SPLINE_CURVE_WITH_KNOTS('',1,(#12296,#12297),.UNSPECIFIED.,
  .F.,.F.,(2,2),(29.375,32.875),.PIECEWISE_BEZIER_KNOTS.);
#12296 = CARTESIAN_POINT('',(-0.2,2.25));
#12297 = CARTESIAN_POINT('',(-0.2,-1.25));
#12298 = ( GEOMETRIC_REPRESENTATION_CONTEXT(2) 
PARAMETRIC_REPRESENTATION_CONTEXT() REPRESENTATION_CONTEXT('2D SPACE',''
  ) );
#12299 = PCURVE('',#7309,#12300);
#12300 = DEFINITIONAL_REPRESENTATION('',(#12301),#12304);
#12301 = B_SPLINE_CURVE_WITH_KNOTS('',1,(#12302,#12303),.UNSPECIFIED.,
  .F.,.F.,(2,2),(29.375,32.875),.PIECEWISE_BEZIER_KNOTS.);
#12302 = CARTESIAN_POINT('',(-0.6,61.));
#12303 = CARTESIAN_POINT('',(-0.6,64.5));
#12304 = ( GEOMETRIC_REPRESENTATION_CONTEXT(2) 
PARAMETRIC_REPRESENTATION_CONTEXT() REPRESENTATION_CONTEXT('2D SPACE',''
  ) );
#12305 = ORIENTED_EDGE('',*,*,#12306,.F.);
#12306 = EDGE_CURVE('',#12189,#12286,#12307,.T.);
#12307 = SURFACE_CURVE('',#12308,(#12313,#12320),.PCURVE_S1.);
#12308 = CIRCLE('',#12309,0.95);
#12309 = AXIS2_PLACEMENT_3D('',#12310,#12311,#12312);
#12310 = CARTESIAN_POINT('',(12.9,87.,-11.6));
#12311 = DIRECTION('',(1.,-0.,0.));
#12312 = DIRECTION('',(0.,0.977588190579,-0.21052631579));
#12313 = PCURVE('',#7205,#12314);
#12314 = DEFINITIONAL_REPRESENTATION('',(#12315),#12319);
#12315 = CIRCLE('',#12316,0.95);
#12316 = AXIS2_PLACEMENT_2D('',#12317,#12318);
#12317 = CARTESIAN_POINT('',(0.,0.));
#12318 = DIRECTION('',(-0.21052631579,-0.977588190579));
#12319 = ( GEOMETRIC_REPRESENTATION_CONTEXT(2) 
PARAMETRIC_REPRESENTATION_CONTEXT() REPRESENTATION_CONTEXT('2D SPACE',''
  ) );
#12320 = PCURVE('',#12224,#12321);
#12321 = DEFINITIONAL_REPRESENTATION('',(#12322),#12326);
#12322 = LINE('',#12323,#12324);
#12323 = CARTESIAN_POINT('',(4.500275669905,8.9));
#12324 = VECTOR('',#12325,1.);
#12325 = DIRECTION('',(1.,0.));
#12326 = ( GEOMETRIC_REPRESENTATION_CONTEXT(2) 
PARAMETRIC_REPRESENTATION_CONTEXT() REPRESENTATION_CONTEXT('2D SPACE',''
  ) );
#12327 = ORIENTED_EDGE('',*,*,#12188,.T.);
#12328 = ORIENTED_EDGE('',*,*,#7192,.T.);
#12329 = ORIENTED_EDGE('',*,*,#7242,.T.);
#12330 = ADVANCED_FACE('',(#12331),#7309,.F.);
#12331 = FACE_BOUND('',#12332,.F.);
#12332 = EDGE_LOOP('',(#12333,#12334,#12335,#12336,#12337,#12338,#12339,
    #12340,#12341,#12362,#12383,#12402,#12403,#12422,#12423,#12424,
    #12425,#12426));
#12333 = ORIENTED_EDGE('',*,*,#7758,.T.);
#12334 = ORIENTED_EDGE('',*,*,#7807,.T.);
#12335 = ORIENTED_EDGE('',*,*,#7857,.T.);
#12336 = ORIENTED_EDGE('',*,*,#7881,.T.);
#12337 = ORIENTED_EDGE('',*,*,#7954,.T.);
#12338 = ORIENTED_EDGE('',*,*,#7978,.T.);
#12339 = ORIENTED_EDGE('',*,*,#8085,.F.);
#12340 = ORIENTED_EDGE('',*,*,#8137,.T.);
#12341 = ORIENTED_EDGE('',*,*,#12342,.F.);
#12342 = EDGE_CURVE('',#12343,#8138,#12345,.T.);
#12343 = VERTEX_POINT('',#12344);
#12344 = CARTESIAN_POINT('',(47.1,84.758906516899,-11.8));
#12345 = SURFACE_CURVE('',#12346,(#12350,#12356),.PCURVE_S1.);
#12346 = LINE('',#12347,#12348);
#12347 = CARTESIAN_POINT('',(47.1,84.758906516899,-11.8));
#12348 = VECTOR('',#12349,1.);
#12349 = DIRECTION('',(1.,0.,0.));
#12350 = PCURVE('',#7309,#12351);
#12351 = DEFINITIONAL_REPRESENTATION('',(#12352),#12355);
#12352 = B_SPLINE_CURVE_WITH_KNOTS('',1,(#12353,#12354),.UNSPECIFIED.,
  .F.,.F.,(2,2),(-5.999999999062E-07,4.1000006),
  .PIECEWISE_BEZIER_KNOTS.);
#12353 = CARTESIAN_POINT('',(33.5999994,61.008906516899));
#12354 = CARTESIAN_POINT('',(37.7000006,61.008906516899));
#12355 = ( GEOMETRIC_REPRESENTATION_CONTEXT(2) 
PARAMETRIC_REPRESENTATION_CONTEXT() REPRESENTATION_CONTEXT('2D SPACE',''
  ) );
#12356 = PCURVE('',#8277,#12357);
#12357 = DEFINITIONAL_REPRESENTATION('',(#12358),#12361);
#12358 = B_SPLINE_CURVE_WITH_KNOTS('',1,(#12359,#12360),.UNSPECIFIED.,
  .F.,.F.,(2,2),(-5.999999999062E-07,4.1000006),
  .PIECEWISE_BEZIER_KNOTS.);
#12359 = CARTESIAN_POINT('',(1.659802689175,-5.999999999062E-07));
#12360 = CARTESIAN_POINT('',(1.659802689175,4.1000006));
#12361 = ( GEOMETRIC_REPRESENTATION_CONTEXT(2) 
PARAMETRIC_REPRESENTATION_CONTEXT() REPRESENTATION_CONTEXT('2D SPACE',''
  ) );
#12362 = ORIENTED_EDGE('',*,*,#12363,.T.);
#12363 = EDGE_CURVE('',#12343,#12364,#12366,.T.);
#12364 = VERTEX_POINT('',#12365);
#12365 = CARTESIAN_POINT('',(47.1,86.07129121895,-11.8));
#12366 = SURFACE_CURVE('',#12367,(#12371,#12377),.PCURVE_S1.);
#12367 = LINE('',#12368,#12369);
#12368 = CARTESIAN_POINT('',(47.1,55.375,-11.8));
#12369 = VECTOR('',#12370,1.);
#12370 = DIRECTION('',(0.,1.,0.));
#12371 = PCURVE('',#7309,#12372);
#12372 = DEFINITIONAL_REPRESENTATION('',(#12373),#12376);
#12373 = B_SPLINE_CURVE_WITH_KNOTS('',1,(#12374,#12375),.UNSPECIFIED.,
  .F.,.F.,(2,2),(29.375,32.875),.PIECEWISE_BEZIER_KNOTS.);
#12374 = CARTESIAN_POINT('',(33.6,61.));
#12375 = CARTESIAN_POINT('',(33.6,64.5));
#12376 = ( GEOMETRIC_REPRESENTATION_CONTEXT(2) 
PARAMETRIC_REPRESENTATION_CONTEXT() REPRESENTATION_CONTEXT('2D SPACE',''
  ) );
#12377 = PCURVE('',#8390,#12378);
#12378 = DEFINITIONAL_REPRESENTATION('',(#12379),#12382);
#12379 = B_SPLINE_CURVE_WITH_KNOTS('',1,(#12380,#12381),.UNSPECIFIED.,
  .F.,.F.,(2,2),(29.375,32.875),.PIECEWISE_BEZIER_KNOTS.);
#12380 = CARTESIAN_POINT('',(-0.2,2.25));
#12381 = CARTESIAN_POINT('',(-0.2,-1.25));
#12382 = ( GEOMETRIC_REPRESENTATION_CONTEXT(2) 
PARAMETRIC_REPRESENTATION_CONTEXT() REPRESENTATION_CONTEXT('2D SPACE',''
  ) );
#12383 = ORIENTED_EDGE('',*,*,#12384,.F.);
#12384 = EDGE_CURVE('',#12286,#12364,#12385,.T.);
#12385 = SURFACE_CURVE('',#12386,(#12390,#12396),.PCURVE_S1.);
#12386 = LINE('',#12387,#12388);
#12387 = CARTESIAN_POINT('',(4.,86.07129121895,-11.8));
#12388 = VECTOR('',#12389,1.);
#12389 = DIRECTION('',(1.,0.,0.));
#12390 = PCURVE('',#7309,#12391);
#12391 = DEFINITIONAL_REPRESENTATION('',(#12392),#12395);
#12392 = B_SPLINE_CURVE_WITH_KNOTS('',1,(#12393,#12394),.UNSPECIFIED.,
  .F.,.F.,(2,2),(-5.999999999062E-07,52.0000006),
  .PIECEWISE_BEZIER_KNOTS.);
#12393 = CARTESIAN_POINT('',(-9.5000006,62.32129121895));
#12394 = CARTESIAN_POINT('',(42.5000006,62.32129121895));
#12395 = ( GEOMETRIC_REPRESENTATION_CONTEXT(2) 
PARAMETRIC_REPRESENTATION_CONTEXT() REPRESENTATION_CONTEXT('2D SPACE',''
  ) );
#12396 = PCURVE('',#12224,#12397);
#12397 = DEFINITIONAL_REPRESENTATION('',(#12398),#12401);
#12398 = B_SPLINE_CURVE_WITH_KNOTS('',1,(#12399,#12400),.UNSPECIFIED.,
  .F.,.F.,(2,2),(8.9,43.1),.PIECEWISE_BEZIER_KNOTS.);
#12399 = CARTESIAN_POINT('',(8.066094944454,8.9));
#12400 = CARTESIAN_POINT('',(8.066094944454,43.1));
#12401 = ( GEOMETRIC_REPRESENTATION_CONTEXT(2) 
PARAMETRIC_REPRESENTATION_CONTEXT() REPRESENTATION_CONTEXT('2D SPACE',''
  ) );
#12402 = ORIENTED_EDGE('',*,*,#12285,.F.);
#12403 = ORIENTED_EDGE('',*,*,#12404,.F.);
#12404 = EDGE_CURVE('',#7294,#12262,#12405,.T.);
#12405 = SURFACE_CURVE('',#12406,(#12410,#12416),.PCURVE_S1.);
#12406 = LINE('',#12407,#12408);
#12407 = CARTESIAN_POINT('',(8.8,84.758906516899,-11.8));
#12408 = VECTOR('',#12409,1.);
#12409 = DIRECTION('',(1.,0.,0.));
#12410 = PCURVE('',#7309,#12411);
#12411 = DEFINITIONAL_REPRESENTATION('',(#12412),#12415);
#12412 = B_SPLINE_CURVE_WITH_KNOTS('',1,(#12413,#12414),.UNSPECIFIED.,
  .F.,.F.,(2,2),(-5.999999999062E-07,4.1000006),
  .PIECEWISE_BEZIER_KNOTS.);
#12413 = CARTESIAN_POINT('',(-4.7000006,61.008906516899));
#12414 = CARTESIAN_POINT('',(-0.5999994,61.008906516899));
#12415 = ( GEOMETRIC_REPRESENTATION_CONTEXT(2) 
PARAMETRIC_REPRESENTATION_CONTEXT() REPRESENTATION_CONTEXT('2D SPACE',''
  ) );
#12416 = PCURVE('',#7432,#12417);
#12417 = DEFINITIONAL_REPRESENTATION('',(#12418),#12421);
#12418 = B_SPLINE_CURVE_WITH_KNOTS('',1,(#12419,#12420),.UNSPECIFIED.,
  .F.,.F.,(2,2),(-5.999999999062E-07,4.1000006),
  .PIECEWISE_BEZIER_KNOTS.);
#12419 = CARTESIAN_POINT('',(1.659802689175,-5.999999999062E-07));
#12420 = CARTESIAN_POINT('',(1.659802689175,4.1000006));
#12421 = ( GEOMETRIC_REPRESENTATION_CONTEXT(2) 
PARAMETRIC_REPRESENTATION_CONTEXT() REPRESENTATION_CONTEXT('2D SPACE',''
  ) );
#12422 = ORIENTED_EDGE('',*,*,#7291,.F.);
#12423 = ORIENTED_EDGE('',*,*,#7479,.F.);
#12424 = ORIENTED_EDGE('',*,*,#7611,.T.);
#12425 = ORIENTED_EDGE('',*,*,#7661,.F.);
#12426 = ORIENTED_EDGE('',*,*,#7687,.T.);
#12427 = ADVANCED_FACE('',(#12428),#7432,.F.);
#12428 = FACE_BOUND('',#12429,.F.);
#12429 = EDGE_LOOP('',(#12430,#12431,#12432,#12433));
#12430 = ORIENTED_EDGE('',*,*,#12261,.F.);
#12431 = ORIENTED_EDGE('',*,*,#9693,.F.);
#12432 = ORIENTED_EDGE('',*,*,#7417,.T.);
#12433 = ORIENTED_EDGE('',*,*,#12404,.T.);
#12434 = ADVANCED_FACE('',(#12435),#7383,.T.);
#12435 = FACE_BOUND('',#12436,.T.);
#12436 = EDGE_LOOP('',(#12437,#12459,#12460,#12461));
#12437 = ORIENTED_EDGE('',*,*,#12438,.T.);
#12438 = EDGE_CURVE('',#9737,#9716,#12439,.T.);
#12439 = SURFACE_CURVE('',#12440,(#12445,#12452),.PCURVE_S1.);
#12440 = CIRCLE('',#12441,2.3);
#12441 = AXIS2_PLACEMENT_3D('',#12442,#12443,#12444);
#12442 = CARTESIAN_POINT('',(4.5,87.,-11.6));
#12443 = DIRECTION('',(1.,0.,0.));
#12444 = DIRECTION('',(-0.,0.878217820727,0.478260869565));
#12445 = PCURVE('',#7383,#12446);
#12446 = DEFINITIONAL_REPRESENTATION('',(#12447),#12451);
#12447 = LINE('',#12448,#12449);
#12448 = CARTESIAN_POINT('',(5.211062327447,0.));
#12449 = VECTOR('',#12450,1.);
#12450 = DIRECTION('',(1.,0.));
#12451 = ( GEOMETRIC_REPRESENTATION_CONTEXT(2) 
PARAMETRIC_REPRESENTATION_CONTEXT() REPRESENTATION_CONTEXT('2D SPACE',''
  ) );
#12452 = PCURVE('',#9751,#12453);
#12453 = DEFINITIONAL_REPRESENTATION('',(#12454),#12458);
#12454 = CIRCLE('',#12455,2.3);
#12455 = AXIS2_PLACEMENT_2D('',#12456,#12457);
#12456 = CARTESIAN_POINT('',(0.,0.));
#12457 = DIRECTION('',(0.478260869565,-0.878217820727));
#12458 = ( GEOMETRIC_REPRESENTATION_CONTEXT(2) 
PARAMETRIC_REPRESENTATION_CONTEXT() REPRESENTATION_CONTEXT('2D SPACE',''
  ) );
#12459 = ORIENTED_EDGE('',*,*,#9715,.T.);
#12460 = ORIENTED_EDGE('',*,*,#7366,.F.);
#12461 = ORIENTED_EDGE('',*,*,#9762,.F.);
#12462 = ADVANCED_FACE('',(#12463),#7463,.F.);
#12463 = FACE_BOUND('',#12464,.F.);
#12464 = EDGE_LOOP('',(#12465,#12466,#12489,#12516));
#12465 = ORIENTED_EDGE('',*,*,#7446,.F.);
#12466 = ORIENTED_EDGE('',*,*,#12467,.F.);
#12467 = EDGE_CURVE('',#12468,#7447,#12470,.T.);
#12468 = VERTEX_POINT('',#12469);
#12469 = CARTESIAN_POINT('',(4.,87.,-10.65));
#12470 = SEAM_CURVE('',#12471,(#12475,#12482),.PCURVE_S1.);
#12471 = LINE('',#12472,#12473);
#12472 = CARTESIAN_POINT('',(4.,87.,-10.65));
#12473 = VECTOR('',#12474,1.);
#12474 = DIRECTION('',(1.,0.,0.));
#12475 = PCURVE('',#7463,#12476);
#12476 = DEFINITIONAL_REPRESENTATION('',(#12477),#12481);
#12477 = LINE('',#12478,#12479);
#12478 = CARTESIAN_POINT('',(6.28318530718,-0.));
#12479 = VECTOR('',#12480,1.);
#12480 = DIRECTION('',(0.,1.));
#12481 = ( GEOMETRIC_REPRESENTATION_CONTEXT(2) 
PARAMETRIC_REPRESENTATION_CONTEXT() REPRESENTATION_CONTEXT('2D SPACE',''
  ) );
#12482 = PCURVE('',#7463,#12483);
#12483 = DEFINITIONAL_REPRESENTATION('',(#12484),#12488);
#12484 = LINE('',#12485,#12486);
#12485 = CARTESIAN_POINT('',(0.,-0.));
#12486 = VECTOR('',#12487,1.);
#12487 = DIRECTION('',(0.,1.));
#12488 = ( GEOMETRIC_REPRESENTATION_CONTEXT(2) 
PARAMETRIC_REPRESENTATION_CONTEXT() REPRESENTATION_CONTEXT('2D SPACE',''
  ) );
#12489 = ORIENTED_EDGE('',*,*,#12490,.T.);
#12490 = EDGE_CURVE('',#12468,#12468,#12491,.T.);
#12491 = SURFACE_CURVE('',#12492,(#12497,#12504),.PCURVE_S1.);
#12492 = CIRCLE('',#12493,0.95);
#12493 = AXIS2_PLACEMENT_3D('',#12494,#12495,#12496);
#12494 = CARTESIAN_POINT('',(4.,87.,-11.6));
#12495 = DIRECTION('',(1.,0.,0.));
#12496 = DIRECTION('',(-0.,0.,1.));
#12497 = PCURVE('',#7463,#12498);
#12498 = DEFINITIONAL_REPRESENTATION('',(#12499),#12503);
#12499 = LINE('',#12500,#12501);
#12500 = CARTESIAN_POINT('',(0.,0.));
#12501 = VECTOR('',#12502,1.);
#12502 = DIRECTION('',(1.,0.));
#12503 = ( GEOMETRIC_REPRESENTATION_CONTEXT(2) 
PARAMETRIC_REPRESENTATION_CONTEXT() REPRESENTATION_CONTEXT('2D SPACE',''
  ) );
#12504 = PCURVE('',#12505,#12510);
#12505 = PLANE('',#12506);
#12506 = AXIS2_PLACEMENT_3D('',#12507,#12508,#12509);
#12507 = CARTESIAN_POINT('',(4.,87.,-11.6));
#12508 = DIRECTION('',(1.,0.,0.));
#12509 = DIRECTION('',(-0.,0.,1.));
#12510 = DEFINITIONAL_REPRESENTATION('',(#12511),#12515);
#12511 = CIRCLE('',#12512,0.95);
#12512 = AXIS2_PLACEMENT_2D('',#12513,#12514);
#12513 = CARTESIAN_POINT('',(0.,0.));
#12514 = DIRECTION('',(1.,0.));
#12515 = ( GEOMETRIC_REPRESENTATION_CONTEXT(2) 
PARAMETRIC_REPRESENTATION_CONTEXT() REPRESENTATION_CONTEXT('2D SPACE',''
  ) );
#12516 = ORIENTED_EDGE('',*,*,#12467,.T.);
#12517 = ADVANCED_FACE('',(#12518),#8277,.F.);
#12518 = FACE_BOUND('',#12519,.F.);
#12519 = EDGE_LOOP('',(#12520,#12521,#12522,#12544));
#12520 = ORIENTED_EDGE('',*,*,#8262,.F.);
#12521 = ORIENTED_EDGE('',*,*,#9839,.F.);
#12522 = ORIENTED_EDGE('',*,*,#12523,.T.);
#12523 = EDGE_CURVE('',#9840,#12343,#12524,.T.);
#12524 = SURFACE_CURVE('',#12525,(#12530,#12537),.PCURVE_S1.);
#12525 = CIRCLE('',#12526,2.25);
#12526 = AXIS2_PLACEMENT_3D('',#12527,#12528,#12529);
#12527 = CARTESIAN_POINT('',(47.1,87.,-11.6));
#12528 = DIRECTION('',(1.,0.,0.));
#12529 = DIRECTION('',(-0.,0.,1.));
#12530 = PCURVE('',#8277,#12531);
#12531 = DEFINITIONAL_REPRESENTATION('',(#12532),#12536);
#12532 = LINE('',#12533,#12534);
#12533 = CARTESIAN_POINT('',(0.,0.));
#12534 = VECTOR('',#12535,1.);
#12535 = DIRECTION('',(1.,0.));
#12536 = ( GEOMETRIC_REPRESENTATION_CONTEXT(2) 
PARAMETRIC_REPRESENTATION_CONTEXT() REPRESENTATION_CONTEXT('2D SPACE',''
  ) );
#12537 = PCURVE('',#8390,#12538);
#12538 = DEFINITIONAL_REPRESENTATION('',(#12539),#12543);
#12539 = CIRCLE('',#12540,2.25);
#12540 = AXIS2_PLACEMENT_2D('',#12541,#12542);
#12541 = CARTESIAN_POINT('',(0.,0.));
#12542 = DIRECTION('',(1.,0.));
#12543 = ( GEOMETRIC_REPRESENTATION_CONTEXT(2) 
PARAMETRIC_REPRESENTATION_CONTEXT() REPRESENTATION_CONTEXT('2D SPACE',''
  ) );
#12544 = ORIENTED_EDGE('',*,*,#12342,.T.);
#12545 = ADVANCED_FACE('',(#12546),#8228,.T.);
#12546 = FACE_BOUND('',#12547,.T.);
#12547 = EDGE_LOOP('',(#12548,#12574,#12575,#12576));
#12548 = ORIENTED_EDGE('',*,*,#12549,.T.);
#12549 = EDGE_CURVE('',#9903,#9882,#12550,.T.);
#12550 = SURFACE_CURVE('',#12551,(#12556,#12563),.PCURVE_S1.);
#12551 = CIRCLE('',#12552,2.3);
#12552 = AXIS2_PLACEMENT_3D('',#12553,#12554,#12555);
#12553 = CARTESIAN_POINT('',(55.5,87.,-11.6));
#12554 = DIRECTION('',(-1.,0.,0.));
#12555 = DIRECTION('',(0.,-0.878217820727,0.478260869565));
#12556 = PCURVE('',#8228,#12557);
#12557 = DEFINITIONAL_REPRESENTATION('',(#12558),#12562);
#12558 = LINE('',#12559,#12560);
#12559 = CARTESIAN_POINT('',(7.355308286913,4.3));
#12560 = VECTOR('',#12561,1.);
#12561 = DIRECTION('',(-1.,-0.));
#12562 = ( GEOMETRIC_REPRESENTATION_CONTEXT(2) 
PARAMETRIC_REPRESENTATION_CONTEXT() REPRESENTATION_CONTEXT('2D SPACE',''
  ) );
#12563 = PCURVE('',#9917,#12564);
#12564 = DEFINITIONAL_REPRESENTATION('',(#12565),#12573);
#12565 = ( BOUNDED_CURVE() B_SPLINE_CURVE(2,(#12566,#12567,#12568,#12569
    ,#12570,#12571,#12572),.UNSPECIFIED.,.T.,.F.) 
B_SPLINE_CURVE_WITH_KNOTS((1,2,2,2,2,1),(-2.094395102393,0.,
    2.094395102393,4.188790204786,6.28318530718,8.377580409573),
.UNSPECIFIED.) CURVE() GEOMETRIC_REPRESENTATION_ITEM() 
RATIONAL_B_SPLINE_CURVE((1.,0.5,1.,0.5,1.,0.5,1.)) REPRESENTATION_ITEM(
  '') );
#12566 = CARTESIAN_POINT('',(1.1,2.019900987672));
#12567 = CARTESIAN_POINT('',(4.598571136907,0.114645099347));
#12568 = CARTESIAN_POINT('',(1.199285568454,-1.962578437999));
#12569 = CARTESIAN_POINT('',(-2.2,-4.039801975345));
#12570 = CARTESIAN_POINT('',(-2.299285568454,-5.732254967333E-02));
#12571 = CARTESIAN_POINT('',(-2.398571136907,3.925156875998));
#12572 = CARTESIAN_POINT('',(1.1,2.019900987672));
#12573 = ( GEOMETRIC_REPRESENTATION_CONTEXT(2) 
PARAMETRIC_REPRESENTATION_CONTEXT() REPRESENTATION_CONTEXT('2D SPACE',''
  ) );
#12574 = ORIENTED_EDGE('',*,*,#9881,.F.);
#12575 = ORIENTED_EDGE('',*,*,#8207,.F.);
#12576 = ORIENTED_EDGE('',*,*,#9928,.T.);
#12577 = ADVANCED_FACE('',(#12578),#8308,.F.);
#12578 = FACE_BOUND('',#12579,.F.);
#12579 = EDGE_LOOP('',(#12580,#12603,#12630,#12631));
#12580 = ORIENTED_EDGE('',*,*,#12581,.T.);
#12581 = EDGE_CURVE('',#8292,#12582,#12584,.T.);
#12582 = VERTEX_POINT('',#12583);
#12583 = CARTESIAN_POINT('',(56.,87.,-10.65));
#12584 = SEAM_CURVE('',#12585,(#12589,#12596),.PCURVE_S1.);
#12585 = LINE('',#12586,#12587);
#12586 = CARTESIAN_POINT('',(4.,87.,-10.65));
#12587 = VECTOR('',#12588,1.);
#12588 = DIRECTION('',(1.,0.,0.));
#12589 = PCURVE('',#8308,#12590);
#12590 = DEFINITIONAL_REPRESENTATION('',(#12591),#12595);
#12591 = LINE('',#12592,#12593);
#12592 = CARTESIAN_POINT('',(6.28318530718,-0.));
#12593 = VECTOR('',#12594,1.);
#12594 = DIRECTION('',(0.,1.));
#12595 = ( GEOMETRIC_REPRESENTATION_CONTEXT(2) 
PARAMETRIC_REPRESENTATION_CONTEXT() REPRESENTATION_CONTEXT('2D SPACE',''
  ) );
#12596 = PCURVE('',#8308,#12597);
#12597 = DEFINITIONAL_REPRESENTATION('',(#12598),#12602);
#12598 = LINE('',#12599,#12600);
#12599 = CARTESIAN_POINT('',(0.,-0.));
#12600 = VECTOR('',#12601,1.);
#12601 = DIRECTION('',(0.,1.));
#12602 = ( GEOMETRIC_REPRESENTATION_CONTEXT(2) 
PARAMETRIC_REPRESENTATION_CONTEXT() REPRESENTATION_CONTEXT('2D SPACE',''
  ) );
#12603 = ORIENTED_EDGE('',*,*,#12604,.F.);
#12604 = EDGE_CURVE('',#12582,#12582,#12605,.T.);
#12605 = SURFACE_CURVE('',#12606,(#12611,#12618),.PCURVE_S1.);
#12606 = CIRCLE('',#12607,0.95);
#12607 = AXIS2_PLACEMENT_3D('',#12608,#12609,#12610);
#12608 = CARTESIAN_POINT('',(56.,87.,-11.6));
#12609 = DIRECTION('',(1.,0.,0.));
#12610 = DIRECTION('',(-0.,0.,1.));
#12611 = PCURVE('',#8308,#12612);
#12612 = DEFINITIONAL_REPRESENTATION('',(#12613),#12617);
#12613 = LINE('',#12614,#12615);
#12614 = CARTESIAN_POINT('',(0.,52.));
#12615 = VECTOR('',#12616,1.);
#12616 = DIRECTION('',(1.,0.));
#12617 = ( GEOMETRIC_REPRESENTATION_CONTEXT(2) 
PARAMETRIC_REPRESENTATION_CONTEXT() REPRESENTATION_CONTEXT('2D SPACE',''
  ) );
#12618 = PCURVE('',#12619,#12624);
#12619 = PLANE('',#12620);
#12620 = AXIS2_PLACEMENT_3D('',#12621,#12622,#12623);
#12621 = CARTESIAN_POINT('',(56.,87.,-11.6));
#12622 = DIRECTION('',(1.,0.,0.));
#12623 = DIRECTION('',(-0.,0.,1.));
#12624 = DEFINITIONAL_REPRESENTATION('',(#12625),#12629);
#12625 = CIRCLE('',#12626,0.95);
#12626 = AXIS2_PLACEMENT_2D('',#12627,#12628);
#12627 = CARTESIAN_POINT('',(0.,0.));
#12628 = DIRECTION('',(1.,0.));
#12629 = ( GEOMETRIC_REPRESENTATION_CONTEXT(2) 
PARAMETRIC_REPRESENTATION_CONTEXT() REPRESENTATION_CONTEXT('2D SPACE',''
  ) );
#12630 = ORIENTED_EDGE('',*,*,#12581,.F.);
#12631 = ORIENTED_EDGE('',*,*,#8291,.T.);
#12632 = ADVANCED_FACE('',(#12633),#8390,.T.);
#12633 = FACE_BOUND('',#12634,.T.);
#12634 = EDGE_LOOP('',(#12635,#12636,#12637,#12638,#12664,#12665,#12666)
  );
#12635 = ORIENTED_EDGE('',*,*,#9860,.F.);
#12636 = ORIENTED_EDGE('',*,*,#12523,.T.);
#12637 = ORIENTED_EDGE('',*,*,#12363,.T.);
#12638 = ORIENTED_EDGE('',*,*,#12639,.T.);
#12639 = EDGE_CURVE('',#12364,#12210,#12640,.T.);
#12640 = SURFACE_CURVE('',#12641,(#12646,#12657),.PCURVE_S1.);
#12641 = CIRCLE('',#12642,0.95);
#12642 = AXIS2_PLACEMENT_3D('',#12643,#12644,#12645);
#12643 = CARTESIAN_POINT('',(47.1,87.,-11.6));
#12644 = DIRECTION('',(-1.,-0.,0.));
#12645 = DIRECTION('',(0.,-0.977588190579,-0.21052631579));
#12646 = PCURVE('',#8390,#12647);
#12647 = DEFINITIONAL_REPRESENTATION('',(#12648),#12656);
#12648 = ( BOUNDED_CURVE() B_SPLINE_CURVE(2,(#12649,#12650,#12651,#12652
    ,#12653,#12654,#12655),.UNSPECIFIED.,.T.,.F.) 
B_SPLINE_CURVE_WITH_KNOTS((1,2,2,2,2,1),(-2.094395102393,0.,
    2.094395102393,4.188790204786,6.28318530718,8.377580409573),
.UNSPECIFIED.) CURVE() GEOMETRIC_REPRESENTATION_ITEM() 
RATIONAL_B_SPLINE_CURVE((1.,0.5,1.,0.5,1.,0.5,1.)) REPRESENTATION_ITEM(
  '') );
#12649 = CARTESIAN_POINT('',(-0.2,0.92870878105));
#12650 = CARTESIAN_POINT('',(1.408570794214,1.275118942564));
#12651 = CARTESIAN_POINT('',(0.904285397107,-0.291149309768));
#12652 = CARTESIAN_POINT('',(0.4,-1.857417562101));
#12653 = CARTESIAN_POINT('',(-0.704285397107,-0.637559471282));
#12654 = CARTESIAN_POINT('',(-1.808570794215,0.582298619536));
#12655 = CARTESIAN_POINT('',(-0.2,0.92870878105));
#12656 = ( GEOMETRIC_REPRESENTATION_CONTEXT(2) 
PARAMETRIC_REPRESENTATION_CONTEXT() REPRESENTATION_CONTEXT('2D SPACE',''
  ) );
#12657 = PCURVE('',#12224,#12658);
#12658 = DEFINITIONAL_REPRESENTATION('',(#12659),#12663);
#12659 = LINE('',#12660,#12661);
#12660 = CARTESIAN_POINT('',(8.066094944454,43.1));
#12661 = VECTOR('',#12662,1.);
#12662 = DIRECTION('',(-1.,-0.));
#12663 = ( GEOMETRIC_REPRESENTATION_CONTEXT(2) 
PARAMETRIC_REPRESENTATION_CONTEXT() REPRESENTATION_CONTEXT('2D SPACE',''
  ) );
#12664 = ORIENTED_EDGE('',*,*,#12235,.T.);
#12665 = ORIENTED_EDGE('',*,*,#8408,.T.);
#12666 = ORIENTED_EDGE('',*,*,#8375,.T.);
#12667 = ADVANCED_FACE('',(#12668,#12806,#12907),#8496,.T.);
#12668 = FACE_BOUND('',#12669,.T.);
#12669 = EDGE_LOOP('',(#12670,#12694,#12695,#12696,#12717,#12740,#12761,
    #12787));
#12670 = ORIENTED_EDGE('',*,*,#12671,.F.);
#12671 = EDGE_CURVE('',#8481,#12672,#12674,.T.);
#12672 = VERTEX_POINT('',#12673);
#12673 = CARTESIAN_POINT('',(-2.7,21.852272056852,-1.));
#12674 = SURFACE_CURVE('',#12675,(#12680,#12687),.PCURVE_S1.);
#12675 = CIRCLE('',#12676,6.);
#12676 = AXIS2_PLACEMENT_3D('',#12677,#12678,#12679);
#12677 = CARTESIAN_POINT('',(-2.7,18.,-5.6));
#12678 = DIRECTION('',(1.,0.,0.));
#12679 = DIRECTION('',(-0.,0.,1.));
#12680 = PCURVE('',#8496,#12681);
#12681 = DEFINITIONAL_REPRESENTATION('',(#12682),#12686);
#12682 = CIRCLE('',#12683,6.);
#12683 = AXIS2_PLACEMENT_2D('',#12684,#12685);
#12684 = CARTESIAN_POINT('',(4.9,-12.));
#12685 = DIRECTION('',(1.,0.));
#12686 = ( GEOMETRIC_REPRESENTATION_CONTEXT(2) 
PARAMETRIC_REPRESENTATION_CONTEXT() REPRESENTATION_CONTEXT('2D SPACE',''
  ) );
#12687 = PCURVE('',#8523,#12688);
#12688 = DEFINITIONAL_REPRESENTATION('',(#12689),#12693);
#12689 = LINE('',#12690,#12691);
#12690 = CARTESIAN_POINT('',(0.,3.));
#12691 = VECTOR('',#12692,1.);
#12692 = DIRECTION('',(1.,0.));
#12693 = ( GEOMETRIC_REPRESENTATION_CONTEXT(2) 
PARAMETRIC_REPRESENTATION_CONTEXT() REPRESENTATION_CONTEXT('2D SPACE',''
  ) );
#12694 = ORIENTED_EDGE('',*,*,#8480,.T.);
#12695 = ORIENTED_EDGE('',*,*,#10617,.T.);
#12696 = ORIENTED_EDGE('',*,*,#12697,.T.);
#12697 = EDGE_CURVE('',#10585,#12698,#12700,.T.);
#12698 = VERTEX_POINT('',#12699);
#12699 = CARTESIAN_POINT('',(-2.7,19.536229149574,0.2));
#12700 = SURFACE_CURVE('',#12701,(#12705,#12711),.PCURVE_S1.);
#12701 = LINE('',#12702,#12703);
#12702 = CARTESIAN_POINT('',(-2.7,6.,0.2));
#12703 = VECTOR('',#12704,1.);
#12704 = DIRECTION('',(0.,-1.,0.));
#12705 = PCURVE('',#8496,#12706);
#12706 = DEFINITIONAL_REPRESENTATION('',(#12707),#12710);
#12707 = B_SPLINE_CURVE_WITH_KNOTS('',1,(#12708,#12709),.UNSPECIFIED.,
  .F.,.F.,(2,2),(-93.,0.),.PIECEWISE_BEZIER_KNOTS.);
#12708 = CARTESIAN_POINT('',(10.7,-93.));
#12709 = CARTESIAN_POINT('',(10.7,0.));
#12710 = ( GEOMETRIC_REPRESENTATION_CONTEXT(2) 
PARAMETRIC_REPRESENTATION_CONTEXT() REPRESENTATION_CONTEXT('2D SPACE',''
  ) );
#12711 = PCURVE('',#10601,#12712);
#12712 = DEFINITIONAL_REPRESENTATION('',(#12713),#12716);
#12713 = B_SPLINE_CURVE_WITH_KNOTS('',1,(#12714,#12715),.UNSPECIFIED.,
  .F.,.F.,(2,2),(-93.,0.),.PIECEWISE_BEZIER_KNOTS.);
#12714 = CARTESIAN_POINT('',(-9.2,93.));
#12715 = CARTESIAN_POINT('',(-9.2,0.));
#12716 = ( GEOMETRIC_REPRESENTATION_CONTEXT(2) 
PARAMETRIC_REPRESENTATION_CONTEXT() REPRESENTATION_CONTEXT('2D SPACE',''
  ) );
#12717 = ORIENTED_EDGE('',*,*,#12718,.F.);
#12718 = EDGE_CURVE('',#12719,#12698,#12721,.T.);
#12719 = VERTEX_POINT('',#12720);
#12720 = CARTESIAN_POINT('',(-2.7,20.351510153072,-8.E-02));
#12721 = SURFACE_CURVE('',#12722,(#12727,#12734),.PCURVE_S1.);
#12722 = CIRCLE('',#12723,6.);
#12723 = AXIS2_PLACEMENT_3D('',#12724,#12725,#12726);
#12724 = CARTESIAN_POINT('',(-2.7,18.,-5.6));
#12725 = DIRECTION('',(1.,0.,0.));
#12726 = DIRECTION('',(-0.,0.,1.));
#12727 = PCURVE('',#8496,#12728);
#12728 = DEFINITIONAL_REPRESENTATION('',(#12729),#12733);
#12729 = CIRCLE('',#12730,6.);
#12730 = AXIS2_PLACEMENT_2D('',#12731,#12732);
#12731 = CARTESIAN_POINT('',(4.9,-12.));
#12732 = DIRECTION('',(1.,0.));
#12733 = ( GEOMETRIC_REPRESENTATION_CONTEXT(2) 
PARAMETRIC_REPRESENTATION_CONTEXT() REPRESENTATION_CONTEXT('2D SPACE',''
  ) );
#12734 = PCURVE('',#11399,#12735);
#12735 = DEFINITIONAL_REPRESENTATION('',(#12736),#12739);
#12736 = B_SPLINE_CURVE_WITH_KNOTS('',1,(#12737,#12738),.UNSPECIFIED.,
  .F.,.F.,(2,2),(5.880469465599,6.024263765173),
  .PIECEWISE_BEZIER_KNOTS.);
#12737 = CARTESIAN_POINT('',(5.880469465599,3.));
#12738 = CARTESIAN_POINT('',(6.024263765173,3.));
#12739 = ( GEOMETRIC_REPRESENTATION_CONTEXT(2) 
PARAMETRIC_REPRESENTATION_CONTEXT() REPRESENTATION_CONTEXT('2D SPACE',''
  ) );
#12740 = ORIENTED_EDGE('',*,*,#12741,.F.);
#12741 = EDGE_CURVE('',#12742,#12719,#12744,.T.);
#12742 = VERTEX_POINT('',#12743);
#12743 = CARTESIAN_POINT('',(-2.7,28.374456264654,-8.E-02));
#12744 = SURFACE_CURVE('',#12745,(#12749,#12755),.PCURVE_S1.);
#12745 = LINE('',#12746,#12747);
#12746 = CARTESIAN_POINT('',(-2.7,8.75,-8.E-02));
#12747 = VECTOR('',#12748,1.);
#12748 = DIRECTION('',(0.,-1.,0.));
#12749 = PCURVE('',#8496,#12750);
#12750 = DEFINITIONAL_REPRESENTATION('',(#12751),#12754);
#12751 = B_SPLINE_CURVE_WITH_KNOTS('',1,(#12752,#12753),.UNSPECIFIED.,
  .F.,.F.,(2,2),(-19.75,-2.75),.PIECEWISE_BEZIER_KNOTS.);
#12752 = CARTESIAN_POINT('',(10.42,-22.5));
#12753 = CARTESIAN_POINT('',(10.42,-5.5));
#12754 = ( GEOMETRIC_REPRESENTATION_CONTEXT(2) 
PARAMETRIC_REPRESENTATION_CONTEXT() REPRESENTATION_CONTEXT('2D SPACE',''
  ) );
#12755 = PCURVE('',#11553,#12756);
#12756 = DEFINITIONAL_REPRESENTATION('',(#12757),#12760);
#12757 = B_SPLINE_CURVE_WITH_KNOTS('',1,(#12758,#12759),.UNSPECIFIED.,
  .F.,.F.,(2,2),(-19.75,-2.75),.PIECEWISE_BEZIER_KNOTS.);
#12758 = CARTESIAN_POINT('',(-0.4,17.));
#12759 = CARTESIAN_POINT('',(-0.4,-8.881784197001E-16));
#12760 = ( GEOMETRIC_REPRESENTATION_CONTEXT(2) 
PARAMETRIC_REPRESENTATION_CONTEXT() REPRESENTATION_CONTEXT('2D SPACE',''
  ) );
#12761 = ORIENTED_EDGE('',*,*,#12762,.T.);
#12762 = EDGE_CURVE('',#12742,#12763,#12765,.T.);
#12763 = VERTEX_POINT('',#12764);
#12764 = CARTESIAN_POINT('',(-2.7,28.374456264654,-1.));
#12765 = SURFACE_CURVE('',#12766,(#12770,#12776),.PCURVE_S1.);
#12766 = LINE('',#12767,#12768);
#12767 = CARTESIAN_POINT('',(-2.7,28.374456264654,-1.));
#12768 = VECTOR('',#12769,1.);
#12769 = DIRECTION('',(-0.,-0.,-1.));
#12770 = PCURVE('',#8496,#12771);
#12771 = DEFINITIONAL_REPRESENTATION('',(#12772),#12775);
#12772 = B_SPLINE_CURVE_WITH_KNOTS('',1,(#12773,#12774),.UNSPECIFIED.,
  .F.,.F.,(2,2),(-0.9200006,5.999999999062E-07),
  .PIECEWISE_BEZIER_KNOTS.);
#12773 = CARTESIAN_POINT('',(10.4200006,-22.37445626465));
#12774 = CARTESIAN_POINT('',(9.4999994,-22.37445626465));
#12775 = ( GEOMETRIC_REPRESENTATION_CONTEXT(2) 
PARAMETRIC_REPRESENTATION_CONTEXT() REPRESENTATION_CONTEXT('2D SPACE',''
  ) );
#12776 = PCURVE('',#12777,#12782);
#12777 = CYLINDRICAL_SURFACE('',#12778,0.7);
#12778 = AXIS2_PLACEMENT_3D('',#12779,#12780,#12781);
#12779 = CARTESIAN_POINT('',(-2.3,27.8,-1.));
#12780 = DIRECTION('',(-0.,-0.,-1.));
#12781 = DIRECTION('',(1.,0.,0.));
#12782 = DEFINITIONAL_REPRESENTATION('',(#12783),#12786);
#12783 = B_SPLINE_CURVE_WITH_KNOTS('',1,(#12784,#12785),.UNSPECIFIED.,
  .F.,.F.,(2,2),(-0.9200006,5.999999999062E-07),
  .PIECEWISE_BEZIER_KNOTS.);
#12784 = CARTESIAN_POINT('',(-2.179041905705,-0.9200006));
#12785 = CARTESIAN_POINT('',(-2.179041905705,5.999999999062E-07));
#12786 = ( GEOMETRIC_REPRESENTATION_CONTEXT(2) 
PARAMETRIC_REPRESENTATION_CONTEXT() REPRESENTATION_CONTEXT('2D SPACE',''
  ) );
#12787 = ORIENTED_EDGE('',*,*,#12788,.T.);
#12788 = EDGE_CURVE('',#12763,#12672,#12789,.T.);
#12789 = SURFACE_CURVE('',#12790,(#12794,#12800),.PCURVE_S1.);
#12790 = LINE('',#12791,#12792);
#12791 = CARTESIAN_POINT('',(-2.7,9.1,-1.));
#12792 = VECTOR('',#12793,1.);
#12793 = DIRECTION('',(0.,-1.,0.));
#12794 = PCURVE('',#8496,#12795);
#12795 = DEFINITIONAL_REPRESENTATION('',(#12796),#12799);
#12796 = B_SPLINE_CURVE_WITH_KNOTS('',1,(#12797,#12798),.UNSPECIFIED.,
  .F.,.F.,(2,2),(-19.4,-2.4),.PIECEWISE_BEZIER_KNOTS.);
#12797 = CARTESIAN_POINT('',(9.5,-22.5));
#12798 = CARTESIAN_POINT('',(9.5,-5.5));
#12799 = ( GEOMETRIC_REPRESENTATION_CONTEXT(2) 
PARAMETRIC_REPRESENTATION_CONTEXT() REPRESENTATION_CONTEXT('2D SPACE',''
  ) );
#12800 = PCURVE('',#11501,#12801);
#12801 = DEFINITIONAL_REPRESENTATION('',(#12802),#12805);
#12802 = B_SPLINE_CURVE_WITH_KNOTS('',1,(#12803,#12804),.UNSPECIFIED.,
  .F.,.F.,(2,2),(-19.4,-2.4),.PIECEWISE_BEZIER_KNOTS.);
#12803 = CARTESIAN_POINT('',(-0.4,16.3));
#12804 = CARTESIAN_POINT('',(-0.4,-0.7));
#12805 = ( GEOMETRIC_REPRESENTATION_CONTEXT(2) 
PARAMETRIC_REPRESENTATION_CONTEXT() REPRESENTATION_CONTEXT('2D SPACE',''
  ) );
#12806 = FACE_BOUND('',#12807,.T.);
#12807 = EDGE_LOOP('',(#12808,#12836,#12862,#12888));
#12808 = ORIENTED_EDGE('',*,*,#12809,.T.);
#12809 = EDGE_CURVE('',#12810,#12812,#12814,.T.);
#12810 = VERTEX_POINT('',#12811);
#12811 = CARTESIAN_POINT('',(-2.7,81.,-8.762277660168));
#12812 = VERTEX_POINT('',#12813);
#12813 = CARTESIAN_POINT('',(-2.7,81.,-2.437722339832));
#12814 = SURFACE_CURVE('',#12815,(#12819,#12825),.PCURVE_S1.);
#12815 = LINE('',#12816,#12817);
#12816 = CARTESIAN_POINT('',(-2.7,81.,-8.05));
#12817 = VECTOR('',#12818,1.);
#12818 = DIRECTION('',(0.,0.,1.));
#12819 = PCURVE('',#8496,#12820);
#12820 = DEFINITIONAL_REPRESENTATION('',(#12821),#12824);
#12821 = B_SPLINE_CURVE_WITH_KNOTS('',1,(#12822,#12823),.UNSPECIFIED.,
  .F.,.F.,(2,2),(-2.45,7.95),.PIECEWISE_BEZIER_KNOTS.);
#12822 = CARTESIAN_POINT('',(0.,-75.));
#12823 = CARTESIAN_POINT('',(10.4,-75.));
#12824 = ( GEOMETRIC_REPRESENTATION_CONTEXT(2) 
PARAMETRIC_REPRESENTATION_CONTEXT() REPRESENTATION_CONTEXT('2D SPACE',''
  ) );
#12825 = PCURVE('',#12826,#12831);
#12826 = PLANE('',#12827);
#12827 = AXIS2_PLACEMENT_3D('',#12828,#12829,#12830);
#12828 = CARTESIAN_POINT('',(-7.2,81.,-5.6));
#12829 = DIRECTION('',(0.,1.,0.));
#12830 = DIRECTION('',(0.,-0.,1.));
#12831 = DEFINITIONAL_REPRESENTATION('',(#12832),#12835);
#12832 = B_SPLINE_CURVE_WITH_KNOTS('',1,(#12833,#12834),.UNSPECIFIED.,
  .F.,.F.,(2,2),(-2.45,7.95),.PIECEWISE_BEZIER_KNOTS.);
#12833 = CARTESIAN_POINT('',(-4.9,4.5));
#12834 = CARTESIAN_POINT('',(5.5,4.5));
#12835 = ( GEOMETRIC_REPRESENTATION_CONTEXT(2) 
PARAMETRIC_REPRESENTATION_CONTEXT() REPRESENTATION_CONTEXT('2D SPACE',''
  ) );
#12836 = ORIENTED_EDGE('',*,*,#12837,.T.);
#12837 = EDGE_CURVE('',#12812,#12838,#12840,.T.);
#12838 = VERTEX_POINT('',#12839);
#12839 = CARTESIAN_POINT('',(-2.7,87.,-2.437722339832));
#12840 = SURFACE_CURVE('',#12841,(#12845,#12851),.PCURVE_S1.);
#12841 = LINE('',#12842,#12843);
#12842 = CARTESIAN_POINT('',(-2.7,81.,-2.437722339832));
#12843 = VECTOR('',#12844,1.);
#12844 = DIRECTION('',(0.,1.,0.));
#12845 = PCURVE('',#8496,#12846);
#12846 = DEFINITIONAL_REPRESENTATION('',(#12847),#12850);
#12847 = B_SPLINE_CURVE_WITH_KNOTS('',1,(#12848,#12849),.UNSPECIFIED.,
  .F.,.F.,(2,2),(-6.000000070117E-07,6.0000006),
  .PIECEWISE_BEZIER_KNOTS.);
#12848 = CARTESIAN_POINT('',(8.062277660168,-74.9999994));
#12849 = CARTESIAN_POINT('',(8.062277660168,-81.0000006));
#12850 = ( GEOMETRIC_REPRESENTATION_CONTEXT(2) 
PARAMETRIC_REPRESENTATION_CONTEXT() REPRESENTATION_CONTEXT('2D SPACE',''
  ) );
#12851 = PCURVE('',#12852,#12857);
#12852 = CYLINDRICAL_SURFACE('',#12853,5.5);
#12853 = AXIS2_PLACEMENT_3D('',#12854,#12855,#12856);
#12854 = CARTESIAN_POINT('',(-7.2,81.,-5.6));
#12855 = DIRECTION('',(0.,1.,0.));
#12856 = DIRECTION('',(0.,-0.,1.));
#12857 = DEFINITIONAL_REPRESENTATION('',(#12858),#12861);
#12858 = B_SPLINE_CURVE_WITH_KNOTS('',1,(#12859,#12860),.UNSPECIFIED.,
  .F.,.F.,(2,2),(-6.000000070117E-07,6.0000006),
  .PIECEWISE_BEZIER_KNOTS.);
#12859 = CARTESIAN_POINT('',(7.241426895635,-6.000000070117E-07));
#12860 = CARTESIAN_POINT('',(7.241426895635,6.0000006));
#12861 = ( GEOMETRIC_REPRESENTATION_CONTEXT(2) 
PARAMETRIC_REPRESENTATION_CONTEXT() REPRESENTATION_CONTEXT('2D SPACE',''
  ) );
#12862 = ORIENTED_EDGE('',*,*,#12863,.F.);
#12863 = EDGE_CURVE('',#12864,#12838,#12866,.T.);
#12864 = VERTEX_POINT('',#12865);
#12865 = CARTESIAN_POINT('',(-2.7,87.,-8.762277660168));
#12866 = SURFACE_CURVE('',#12867,(#12871,#12877),.PCURVE_S1.);
#12867 = LINE('',#12868,#12869);
#12868 = CARTESIAN_POINT('',(-2.7,87.,-8.05));
#12869 = VECTOR('',#12870,1.);
#12870 = DIRECTION('',(0.,0.,1.));
#12871 = PCURVE('',#8496,#12872);
#12872 = DEFINITIONAL_REPRESENTATION('',(#12873),#12876);
#12873 = B_SPLINE_CURVE_WITH_KNOTS('',1,(#12874,#12875),.UNSPECIFIED.,
  .F.,.F.,(2,2),(-2.45,7.95),.PIECEWISE_BEZIER_KNOTS.);
#12874 = CARTESIAN_POINT('',(0.,-81.));
#12875 = CARTESIAN_POINT('',(10.4,-81.));
#12876 = ( GEOMETRIC_REPRESENTATION_CONTEXT(2) 
PARAMETRIC_REPRESENTATION_CONTEXT() REPRESENTATION_CONTEXT('2D SPACE',''
  ) );
#12877 = PCURVE('',#12878,#12883);
#12878 = PLANE('',#12879);
#12879 = AXIS2_PLACEMENT_3D('',#12880,#12881,#12882);
#12880 = CARTESIAN_POINT('',(-7.2,87.,-5.6));
#12881 = DIRECTION('',(0.,1.,0.));
#12882 = DIRECTION('',(0.,-0.,1.));
#12883 = DEFINITIONAL_REPRESENTATION('',(#12884),#12887);
#12884 = B_SPLINE_CURVE_WITH_KNOTS('',1,(#12885,#12886),.UNSPECIFIED.,
  .F.,.F.,(2,2),(-2.45,7.95),.PIECEWISE_BEZIER_KNOTS.);
#12885 = CARTESIAN_POINT('',(-4.9,4.5));
#12886 = CARTESIAN_POINT('',(5.5,4.5));
#12887 = ( GEOMETRIC_REPRESENTATION_CONTEXT(2) 
PARAMETRIC_REPRESENTATION_CONTEXT() REPRESENTATION_CONTEXT('2D SPACE',''
  ) );
#12888 = ORIENTED_EDGE('',*,*,#12889,.F.);
#12889 = EDGE_CURVE('',#12810,#12864,#12890,.T.);
#12890 = SURFACE_CURVE('',#12891,(#12895,#12901),.PCURVE_S1.);
#12891 = LINE('',#12892,#12893);
#12892 = CARTESIAN_POINT('',(-2.7,81.,-8.762277660168));
#12893 = VECTOR('',#12894,1.);
#12894 = DIRECTION('',(0.,1.,0.));
#12895 = PCURVE('',#8496,#12896);
#12896 = DEFINITIONAL_REPRESENTATION('',(#12897),#12900);
#12897 = B_SPLINE_CURVE_WITH_KNOTS('',1,(#12898,#12899),.UNSPECIFIED.,
  .F.,.F.,(2,2),(-6.000000070117E-07,6.0000006),
  .PIECEWISE_BEZIER_KNOTS.);
#12898 = CARTESIAN_POINT('',(1.737722339832,-74.9999994));
#12899 = CARTESIAN_POINT('',(1.737722339832,-81.0000006));
#12900 = ( GEOMETRIC_REPRESENTATION_CONTEXT(2) 
PARAMETRIC_REPRESENTATION_CONTEXT() REPRESENTATION_CONTEXT('2D SPACE',''
  ) );
#12901 = PCURVE('',#12852,#12902);
#12902 = DEFINITIONAL_REPRESENTATION('',(#12903),#12906);
#12903 = B_SPLINE_CURVE_WITH_KNOTS('',1,(#12904,#12905),.UNSPECIFIED.,
  .F.,.F.,(2,2),(-6.000000070117E-07,6.0000006),
  .PIECEWISE_BEZIER_KNOTS.);
#12904 = CARTESIAN_POINT('',(8.466536372314,-6.000000070117E-07));
#12905 = CARTESIAN_POINT('',(8.466536372314,6.0000006));
#12906 = ( GEOMETRIC_REPRESENTATION_CONTEXT(2) 
PARAMETRIC_REPRESENTATION_CONTEXT() REPRESENTATION_CONTEXT('2D SPACE',''
  ) );
#12907 = FACE_BOUND('',#12908,.T.);
#12908 = EDGE_LOOP('',(#12909,#12937,#12963,#12989));
#12909 = ORIENTED_EDGE('',*,*,#12910,.T.);
#12910 = EDGE_CURVE('',#12911,#12913,#12915,.T.);
#12911 = VERTEX_POINT('',#12912);
#12912 = CARTESIAN_POINT('',(-2.7,45.,-8.762277660168));
#12913 = VERTEX_POINT('',#12914);
#12914 = CARTESIAN_POINT('',(-2.7,45.,-2.437722339832));
#12915 = SURFACE_CURVE('',#12916,(#12920,#12926),.PCURVE_S1.);
#12916 = LINE('',#12917,#12918);
#12917 = CARTESIAN_POINT('',(-2.7,45.,-8.05));
#12918 = VECTOR('',#12919,1.);
#12919 = DIRECTION('',(0.,0.,1.));
#12920 = PCURVE('',#8496,#12921);
#12921 = DEFINITIONAL_REPRESENTATION('',(#12922),#12925);
#12922 = B_SPLINE_CURVE_WITH_KNOTS('',1,(#12923,#12924),.UNSPECIFIED.,
  .F.,.F.,(2,2),(-2.45,7.95),.PIECEWISE_BEZIER_KNOTS.);
#12923 = CARTESIAN_POINT('',(0.,-39.));
#12924 = CARTESIAN_POINT('',(10.4,-39.));
#12925 = ( GEOMETRIC_REPRESENTATION_CONTEXT(2) 
PARAMETRIC_REPRESENTATION_CONTEXT() REPRESENTATION_CONTEXT('2D SPACE',''
  ) );
#12926 = PCURVE('',#12927,#12932);
#12927 = PLANE('',#12928);
#12928 = AXIS2_PLACEMENT_3D('',#12929,#12930,#12931);
#12929 = CARTESIAN_POINT('',(-7.2,45.,-5.6));
#12930 = DIRECTION('',(0.,1.,0.));
#12931 = DIRECTION('',(0.,-0.,1.));
#12932 = DEFINITIONAL_REPRESENTATION('',(#12933),#12936);
#12933 = B_SPLINE_CURVE_WITH_KNOTS('',1,(#12934,#12935),.UNSPECIFIED.,
  .F.,.F.,(2,2),(-2.45,7.95),.PIECEWISE_BEZIER_KNOTS.);
#12934 = CARTESIAN_POINT('',(-4.9,4.5));
#12935 = CARTESIAN_POINT('',(5.5,4.5));
#12936 = ( GEOMETRIC_REPRESENTATION_CONTEXT(2) 
PARAMETRIC_REPRESENTATION_CONTEXT() REPRESENTATION_CONTEXT('2D SPACE',''
  ) );
#12937 = ORIENTED_EDGE('',*,*,#12938,.T.);
#12938 = EDGE_CURVE('',#12913,#12939,#12941,.T.);
#12939 = VERTEX_POINT('',#12940);
#12940 = CARTESIAN_POINT('',(-2.7,51.,-2.437722339832));
#12941 = SURFACE_CURVE('',#12942,(#12946,#12952),.PCURVE_S1.);
#12942 = LINE('',#12943,#12944);
#12943 = CARTESIAN_POINT('',(-2.7,45.,-2.437722339832));
#12944 = VECTOR('',#12945,1.);
#12945 = DIRECTION('',(0.,1.,0.));
#12946 = PCURVE('',#8496,#12947);
#12947 = DEFINITIONAL_REPRESENTATION('',(#12948),#12951);
#12948 = B_SPLINE_CURVE_WITH_KNOTS('',1,(#12949,#12950),.UNSPECIFIED.,
  .F.,.F.,(2,2),(-5.999999999062E-07,6.0000006),
  .PIECEWISE_BEZIER_KNOTS.);
#12949 = CARTESIAN_POINT('',(8.062277660168,-38.9999994));
#12950 = CARTESIAN_POINT('',(8.062277660168,-45.0000006));
#12951 = ( GEOMETRIC_REPRESENTATION_CONTEXT(2) 
PARAMETRIC_REPRESENTATION_CONTEXT() REPRESENTATION_CONTEXT('2D SPACE',''
  ) );
#12952 = PCURVE('',#12953,#12958);
#12953 = CYLINDRICAL_SURFACE('',#12954,5.5);
#12954 = AXIS2_PLACEMENT_3D('',#12955,#12956,#12957);
#12955 = CARTESIAN_POINT('',(-7.2,45.,-5.6));
#12956 = DIRECTION('',(0.,1.,0.));
#12957 = DIRECTION('',(0.,-0.,1.));
#12958 = DEFINITIONAL_REPRESENTATION('',(#12959),#12962);
#12959 = B_SPLINE_CURVE_WITH_KNOTS('',1,(#12960,#12961),.UNSPECIFIED.,
  .F.,.F.,(2,2),(-5.999999999062E-07,6.0000006),
  .PIECEWISE_BEZIER_KNOTS.);
#12960 = CARTESIAN_POINT('',(7.241426895635,-5.999999999062E-07));
#12961 = CARTESIAN_POINT('',(7.241426895635,6.0000006));
#12962 = ( GEOMETRIC_REPRESENTATION_CONTEXT(2) 
PARAMETRIC_REPRESENTATION_CONTEXT() REPRESENTATION_CONTEXT('2D SPACE',''
  ) );
#12963 = ORIENTED_EDGE('',*,*,#12964,.F.);
#12964 = EDGE_CURVE('',#12965,#12939,#12967,.T.);
#12965 = VERTEX_POINT('',#12966);
#12966 = CARTESIAN_POINT('',(-2.7,51.,-8.762277660168));
#12967 = SURFACE_CURVE('',#12968,(#12972,#12978),.PCURVE_S1.);
#12968 = LINE('',#12969,#12970);
#12969 = CARTESIAN_POINT('',(-2.7,51.,-8.05));
#12970 = VECTOR('',#12971,1.);
#12971 = DIRECTION('',(0.,0.,1.));
#12972 = PCURVE('',#8496,#12973);
#12973 = DEFINITIONAL_REPRESENTATION('',(#12974),#12977);
#12974 = B_SPLINE_CURVE_WITH_KNOTS('',1,(#12975,#12976),.UNSPECIFIED.,
  .F.,.F.,(2,2),(-2.45,7.95),.PIECEWISE_BEZIER_KNOTS.);
#12975 = CARTESIAN_POINT('',(0.,-45.));
#12976 = CARTESIAN_POINT('',(10.4,-45.));
#12977 = ( GEOMETRIC_REPRESENTATION_CONTEXT(2) 
PARAMETRIC_REPRESENTATION_CONTEXT() REPRESENTATION_CONTEXT('2D SPACE',''
  ) );
#12978 = PCURVE('',#12979,#12984);
#12979 = PLANE('',#12980);
#12980 = AXIS2_PLACEMENT_3D('',#12981,#12982,#12983);
#12981 = CARTESIAN_POINT('',(-7.2,51.,-5.6));
#12982 = DIRECTION('',(0.,1.,0.));
#12983 = DIRECTION('',(0.,-0.,1.));
#12984 = DEFINITIONAL_REPRESENTATION('',(#12985),#12988);
#12985 = B_SPLINE_CURVE_WITH_KNOTS('',1,(#12986,#12987),.UNSPECIFIED.,
  .F.,.F.,(2,2),(-2.45,7.95),.PIECEWISE_BEZIER_KNOTS.);
#12986 = CARTESIAN_POINT('',(-4.9,4.5));
#12987 = CARTESIAN_POINT('',(5.5,4.5));
#12988 = ( GEOMETRIC_REPRESENTATION_CONTEXT(2) 
PARAMETRIC_REPRESENTATION_CONTEXT() REPRESENTATION_CONTEXT('2D SPACE',''
  ) );
#12989 = ORIENTED_EDGE('',*,*,#12990,.F.);
#12990 = EDGE_CURVE('',#12911,#12965,#12991,.T.);
#12991 = SURFACE_CURVE('',#12992,(#12996,#13002),.PCURVE_S1.);
#12992 = LINE('',#12993,#12994);
#12993 = CARTESIAN_POINT('',(-2.7,45.,-8.762277660168));
#12994 = VECTOR('',#12995,1.);
#12995 = DIRECTION('',(0.,1.,0.));
#12996 = PCURVE('',#8496,#12997);
#12997 = DEFINITIONAL_REPRESENTATION('',(#12998),#13001);
#12998 = B_SPLINE_CURVE_WITH_KNOTS('',1,(#12999,#13000),.UNSPECIFIED.,
  .F.,.F.,(2,2),(-5.999999999062E-07,6.0000006),
  .PIECEWISE_BEZIER_KNOTS.);
#12999 = CARTESIAN_POINT('',(1.737722339832,-38.9999994));
#13000 = CARTESIAN_POINT('',(1.737722339832,-45.0000006));
#13001 = ( GEOMETRIC_REPRESENTATION_CONTEXT(2) 
PARAMETRIC_REPRESENTATION_CONTEXT() REPRESENTATION_CONTEXT('2D SPACE',''
  ) );
#13002 = PCURVE('',#12953,#13003);
#13003 = DEFINITIONAL_REPRESENTATION('',(#13004),#13007);
#13004 = B_SPLINE_CURVE_WITH_KNOTS('',1,(#13005,#13006),.UNSPECIFIED.,
  .F.,.F.,(2,2),(-5.999999999062E-07,6.0000006),
  .PIECEWISE_BEZIER_KNOTS.);
#13005 = CARTESIAN_POINT('',(8.466536372314,-5.999999999062E-07));
#13006 = CARTESIAN_POINT('',(8.466536372314,6.0000006));
#13007 = ( GEOMETRIC_REPRESENTATION_CONTEXT(2) 
PARAMETRIC_REPRESENTATION_CONTEXT() REPRESENTATION_CONTEXT('2D SPACE',''
  ) );
#13008 = ADVANCED_FACE('',(#13009),#8523,.T.);
#13009 = FACE_BOUND('',#13010,.T.);
#13010 = EDGE_LOOP('',(#13011,#13032,#13054,#13055));
#13011 = ORIENTED_EDGE('',*,*,#13012,.T.);
#13012 = EDGE_CURVE('',#12672,#13013,#13015,.T.);
#13013 = VERTEX_POINT('',#13014);
#13014 = CARTESIAN_POINT('',(-0.2,21.852272056852,-1.));
#13015 = SURFACE_CURVE('',#13016,(#13020,#13026),.PCURVE_S1.);
#13016 = LINE('',#13017,#13018);
#13017 = CARTESIAN_POINT('',(-5.7,21.852272056852,-1.));
#13018 = VECTOR('',#13019,1.);
#13019 = DIRECTION('',(1.,0.,0.));
#13020 = PCURVE('',#8523,#13021);
#13021 = DEFINITIONAL_REPRESENTATION('',(#13022),#13025);
#13022 = B_SPLINE_CURVE_WITH_KNOTS('',1,(#13023,#13024),.UNSPECIFIED.,
  .F.,.F.,(2,2),(2.39,5.5000006),.PIECEWISE_BEZIER_KNOTS.);
#13023 = CARTESIAN_POINT('',(5.586022173537,2.39));
#13024 = CARTESIAN_POINT('',(5.586022173537,5.5000006));
#13025 = ( GEOMETRIC_REPRESENTATION_CONTEXT(2) 
PARAMETRIC_REPRESENTATION_CONTEXT() REPRESENTATION_CONTEXT('2D SPACE',''
  ) );
#13026 = PCURVE('',#11501,#13027);
#13027 = DEFINITIONAL_REPRESENTATION('',(#13028),#13031);
#13028 = B_SPLINE_CURVE_WITH_KNOTS('',1,(#13029,#13030),.UNSPECIFIED.,
  .F.,.F.,(2,2),(2.39,5.5000006),.PIECEWISE_BEZIER_KNOTS.);
#13029 = CARTESIAN_POINT('',(-1.01,9.652272056852));
#13030 = CARTESIAN_POINT('',(2.1000006,9.652272056852));
#13031 = ( GEOMETRIC_REPRESENTATION_CONTEXT(2) 
PARAMETRIC_REPRESENTATION_CONTEXT() REPRESENTATION_CONTEXT('2D SPACE',''
  ) );
#13032 = ORIENTED_EDGE('',*,*,#13033,.F.);
#13033 = EDGE_CURVE('',#8509,#13013,#13034,.T.);
#13034 = SURFACE_CURVE('',#13035,(#13040,#13047),.PCURVE_S1.);
#13035 = CIRCLE('',#13036,6.);
#13036 = AXIS2_PLACEMENT_3D('',#13037,#13038,#13039);
#13037 = CARTESIAN_POINT('',(-0.2,18.,-5.6));
#13038 = DIRECTION('',(1.,0.,0.));
#13039 = DIRECTION('',(-0.,0.,1.));
#13040 = PCURVE('',#8523,#13041);
#13041 = DEFINITIONAL_REPRESENTATION('',(#13042),#13046);
#13042 = LINE('',#13043,#13044);
#13043 = CARTESIAN_POINT('',(0.,5.5));
#13044 = VECTOR('',#13045,1.);
#13045 = DIRECTION('',(1.,0.));
#13046 = ( GEOMETRIC_REPRESENTATION_CONTEXT(2) 
PARAMETRIC_REPRESENTATION_CONTEXT() REPRESENTATION_CONTEXT('2D SPACE',''
  ) );
#13047 = PCURVE('',#8549,#13048);
#13048 = DEFINITIONAL_REPRESENTATION('',(#13049),#13053);
#13049 = CIRCLE('',#13050,6.);
#13050 = AXIS2_PLACEMENT_2D('',#13051,#13052);
#13051 = CARTESIAN_POINT('',(0.,0.));
#13052 = DIRECTION('',(1.,0.));
#13053 = ( GEOMETRIC_REPRESENTATION_CONTEXT(2) 
PARAMETRIC_REPRESENTATION_CONTEXT() REPRESENTATION_CONTEXT('2D SPACE',''
  ) );
#13054 = ORIENTED_EDGE('',*,*,#8508,.F.);
#13055 = ORIENTED_EDGE('',*,*,#12671,.T.);
#13056 = ADVANCED_FACE('',(#13057,#13104),#8549,.T.);
#13057 = FACE_BOUND('',#13058,.T.);
#13058 = EDGE_LOOP('',(#13059,#13080,#13102,#13103));
#13059 = ORIENTED_EDGE('',*,*,#13060,.F.);
#13060 = EDGE_CURVE('',#13061,#13013,#13063,.T.);
#13061 = VERTEX_POINT('',#13062);
#13062 = CARTESIAN_POINT('',(-0.2,14.147727943148,-1.));
#13063 = SURFACE_CURVE('',#13064,(#13068,#13074),.PCURVE_S1.);
#13064 = LINE('',#13065,#13066);
#13065 = CARTESIAN_POINT('',(-0.2,15.1,-1.));
#13066 = VECTOR('',#13067,1.);
#13067 = DIRECTION('',(0.,1.,0.));
#13068 = PCURVE('',#8549,#13069);
#13069 = DEFINITIONAL_REPRESENTATION('',(#13070),#13073);
#13070 = B_SPLINE_CURVE_WITH_KNOTS('',1,(#13071,#13072),.UNSPECIFIED.,
  .F.,.F.,(2,2),(-3.1,8.9),.PIECEWISE_BEZIER_KNOTS.);
#13071 = CARTESIAN_POINT('',(4.6,6.));
#13072 = CARTESIAN_POINT('',(4.6,-6.));
#13073 = ( GEOMETRIC_REPRESENTATION_CONTEXT(2) 
PARAMETRIC_REPRESENTATION_CONTEXT() REPRESENTATION_CONTEXT('2D SPACE',''
  ) );
#13074 = PCURVE('',#11501,#13075);
#13075 = DEFINITIONAL_REPRESENTATION('',(#13076),#13079);
#13076 = B_SPLINE_CURVE_WITH_KNOTS('',1,(#13077,#13078),.UNSPECIFIED.,
  .F.,.F.,(2,2),(-3.1,8.9),.PIECEWISE_BEZIER_KNOTS.);
#13077 = CARTESIAN_POINT('',(2.1,-0.2));
#13078 = CARTESIAN_POINT('',(2.1,11.8));
#13079 = ( GEOMETRIC_REPRESENTATION_CONTEXT(2) 
PARAMETRIC_REPRESENTATION_CONTEXT() REPRESENTATION_CONTEXT('2D SPACE',''
  ) );
#13080 = ORIENTED_EDGE('',*,*,#13081,.T.);
#13081 = EDGE_CURVE('',#13061,#8535,#13082,.T.);
#13082 = SURFACE_CURVE('',#13083,(#13088,#13095),.PCURVE_S1.);
#13083 = CIRCLE('',#13084,6.);
#13084 = AXIS2_PLACEMENT_3D('',#13085,#13086,#13087);
#13085 = CARTESIAN_POINT('',(-0.2,18.,-5.6));
#13086 = DIRECTION('',(1.,0.,0.));
#13087 = DIRECTION('',(-0.,0.,1.));
#13088 = PCURVE('',#8549,#13089);
#13089 = DEFINITIONAL_REPRESENTATION('',(#13090),#13094);
#13090 = CIRCLE('',#13091,6.);
#13091 = AXIS2_PLACEMENT_2D('',#13092,#13093);
#13092 = CARTESIAN_POINT('',(0.,0.));
#13093 = DIRECTION('',(1.,0.));
#13094 = ( GEOMETRIC_REPRESENTATION_CONTEXT(2) 
PARAMETRIC_REPRESENTATION_CONTEXT() REPRESENTATION_CONTEXT('2D SPACE',''
  ) );
#13095 = PCURVE('',#8575,#13096);
#13096 = DEFINITIONAL_REPRESENTATION('',(#13097),#13101);
#13097 = LINE('',#13098,#13099);
#13098 = CARTESIAN_POINT('',(0.,5.5));
#13099 = VECTOR('',#13100,1.);
#13100 = DIRECTION('',(1.,0.));
#13101 = ( GEOMETRIC_REPRESENTATION_CONTEXT(2) 
PARAMETRIC_REPRESENTATION_CONTEXT() REPRESENTATION_CONTEXT('2D SPACE',''
  ) );
#13102 = ORIENTED_EDGE('',*,*,#8534,.T.);
#13103 = ORIENTED_EDGE('',*,*,#13033,.T.);
#13104 = FACE_BOUND('',#13105,.T.);
#13105 = EDGE_LOOP('',(#13106));
#13106 = ORIENTED_EDGE('',*,*,#13107,.F.);
#13107 = EDGE_CURVE('',#13108,#13108,#13110,.T.);
#13108 = VERTEX_POINT('',#13109);
#13109 = CARTESIAN_POINT('',(-0.2,18.,-2.2));
#13110 = SURFACE_CURVE('',#13111,(#13116,#13123),.PCURVE_S1.);
#13111 = CIRCLE('',#13112,3.4);
#13112 = AXIS2_PLACEMENT_3D('',#13113,#13114,#13115);
#13113 = CARTESIAN_POINT('',(-0.2,18.,-5.6));
#13114 = DIRECTION('',(1.,0.,0.));
#13115 = DIRECTION('',(-0.,0.,1.));
#13116 = PCURVE('',#8549,#13117);
#13117 = DEFINITIONAL_REPRESENTATION('',(#13118),#13122);
#13118 = CIRCLE('',#13119,3.4);
#13119 = AXIS2_PLACEMENT_2D('',#13120,#13121);
#13120 = CARTESIAN_POINT('',(0.,0.));
#13121 = DIRECTION('',(1.,0.));
#13122 = ( GEOMETRIC_REPRESENTATION_CONTEXT(2) 
PARAMETRIC_REPRESENTATION_CONTEXT() REPRESENTATION_CONTEXT('2D SPACE',''
  ) );
#13123 = PCURVE('',#13124,#13129);
#13124 = CYLINDRICAL_SURFACE('',#13125,3.4);
#13125 = AXIS2_PLACEMENT_3D('',#13126,#13127,#13128);
#13126 = CARTESIAN_POINT('',(-6.8,18.,-5.6));
#13127 = DIRECTION('',(1.,0.,0.));
#13128 = DIRECTION('',(-0.,0.,1.));
#13129 = DEFINITIONAL_REPRESENTATION('',(#13130),#13134);
#13130 = LINE('',#13131,#13132);
#13131 = CARTESIAN_POINT('',(0.,6.6));
#13132 = VECTOR('',#13133,1.);
#13133 = DIRECTION('',(1.,0.));
#13134 = ( GEOMETRIC_REPRESENTATION_CONTEXT(2) 
PARAMETRIC_REPRESENTATION_CONTEXT() REPRESENTATION_CONTEXT('2D SPACE',''
  ) );
#13135 = ADVANCED_FACE('',(#13136),#8575,.T.);
#13136 = FACE_BOUND('',#13137,.T.);
#13137 = EDGE_LOOP('',(#13138,#13139,#13158,#13159));
#13138 = ORIENTED_EDGE('',*,*,#13081,.F.);
#13139 = ORIENTED_EDGE('',*,*,#13140,.F.);
#13140 = EDGE_CURVE('',#11463,#13061,#13141,.T.);
#13141 = SURFACE_CURVE('',#13142,(#13146,#13152),.PCURVE_S1.);
#13142 = LINE('',#13143,#13144);
#13143 = CARTESIAN_POINT('',(-5.7,14.147727943148,-1.));
#13144 = VECTOR('',#13145,1.);
#13145 = DIRECTION('',(1.,0.,0.));
#13146 = PCURVE('',#8575,#13147);
#13147 = DEFINITIONAL_REPRESENTATION('',(#13148),#13151);
#13148 = B_SPLINE_CURVE_WITH_KNOTS('',1,(#13149,#13150),.UNSPECIFIED.,
  .F.,.F.,(2,2),(2.39,5.5000006),.PIECEWISE_BEZIER_KNOTS.);
#13149 = CARTESIAN_POINT('',(0.697163133642,2.39));
#13150 = CARTESIAN_POINT('',(0.697163133642,5.5000006));
#13151 = ( GEOMETRIC_REPRESENTATION_CONTEXT(2) 
PARAMETRIC_REPRESENTATION_CONTEXT() REPRESENTATION_CONTEXT('2D SPACE',''
  ) );
#13152 = PCURVE('',#11501,#13153);
#13153 = DEFINITIONAL_REPRESENTATION('',(#13154),#13157);
#13154 = B_SPLINE_CURVE_WITH_KNOTS('',1,(#13155,#13156),.UNSPECIFIED.,
  .F.,.F.,(2,2),(2.39,5.5000006),.PIECEWISE_BEZIER_KNOTS.);
#13155 = CARTESIAN_POINT('',(-1.01,1.947727943148));
#13156 = CARTESIAN_POINT('',(2.1000006,1.947727943148));
#13157 = ( GEOMETRIC_REPRESENTATION_CONTEXT(2) 
PARAMETRIC_REPRESENTATION_CONTEXT() REPRESENTATION_CONTEXT('2D SPACE',''
  ) );
#13158 = ORIENTED_EDGE('',*,*,#11462,.T.);
#13159 = ORIENTED_EDGE('',*,*,#8560,.T.);
#13160 = ADVANCED_FACE('',(#13161),#8630,.F.);
#13161 = FACE_BOUND('',#13162,.F.);
#13162 = EDGE_LOOP('',(#13163,#13186,#13187,#13210,#13238,#13259,#13260,
    #13283));
#13163 = ORIENTED_EDGE('',*,*,#13164,.F.);
#13164 = EDGE_CURVE('',#8614,#13165,#13167,.T.);
#13165 = VERTEX_POINT('',#13166);
#13166 = CARTESIAN_POINT('',(14.,25.6,-8.55));
#13167 = SURFACE_CURVE('',#13168,(#13172,#13179),.PCURVE_S1.);
#13168 = LINE('',#13169,#13170);
#13169 = CARTESIAN_POINT('',(14.,25.6,-10.55));
#13170 = VECTOR('',#13171,1.);
#13171 = DIRECTION('',(0.,0.,1.));
#13172 = PCURVE('',#8630,#13173);
#13173 = DEFINITIONAL_REPRESENTATION('',(#13174),#13178);
#13174 = LINE('',#13175,#13176);
#13175 = CARTESIAN_POINT('',(0.,0.8));
#13176 = VECTOR('',#13177,1.);
#13177 = DIRECTION('',(1.,0.));
#13178 = ( GEOMETRIC_REPRESENTATION_CONTEXT(2) 
PARAMETRIC_REPRESENTATION_CONTEXT() REPRESENTATION_CONTEXT('2D SPACE',''
  ) );
#13179 = PCURVE('',#8706,#13180);
#13180 = DEFINITIONAL_REPRESENTATION('',(#13181),#13185);
#13181 = LINE('',#13182,#13183);
#13182 = CARTESIAN_POINT('',(0.,0.));
#13183 = VECTOR('',#13184,1.);
#13184 = DIRECTION('',(1.,0.));
#13185 = ( GEOMETRIC_REPRESENTATION_CONTEXT(2) 
PARAMETRIC_REPRESENTATION_CONTEXT() REPRESENTATION_CONTEXT('2D SPACE',''
  ) );
#13186 = ORIENTED_EDGE('',*,*,#8613,.T.);
#13187 = ORIENTED_EDGE('',*,*,#13188,.T.);
#13188 = EDGE_CURVE('',#8616,#13189,#13191,.T.);
#13189 = VERTEX_POINT('',#13190);
#13190 = CARTESIAN_POINT('',(13.2,25.6,-7.85));
#13191 = SURFACE_CURVE('',#13192,(#13196,#13203),.PCURVE_S1.);
#13192 = LINE('',#13193,#13194);
#13193 = CARTESIAN_POINT('',(13.2,25.6,-10.55));
#13194 = VECTOR('',#13195,1.);
#13195 = DIRECTION('',(0.,0.,1.));
#13196 = PCURVE('',#8630,#13197);
#13197 = DEFINITIONAL_REPRESENTATION('',(#13198),#13202);
#13198 = LINE('',#13199,#13200);
#13199 = CARTESIAN_POINT('',(0.,0.));
#13200 = VECTOR('',#13201,1.);
#13201 = DIRECTION('',(1.,0.));
#13202 = ( GEOMETRIC_REPRESENTATION_CONTEXT(2) 
PARAMETRIC_REPRESENTATION_CONTEXT() REPRESENTATION_CONTEXT('2D SPACE',''
  ) );
#13203 = PCURVE('',#8656,#13204);
#13204 = DEFINITIONAL_REPRESENTATION('',(#13205),#13209);
#13205 = LINE('',#13206,#13207);
#13206 = CARTESIAN_POINT('',(0.,0.));
#13207 = VECTOR('',#13208,1.);
#13208 = DIRECTION('',(1.,0.));
#13209 = ( GEOMETRIC_REPRESENTATION_CONTEXT(2) 
PARAMETRIC_REPRESENTATION_CONTEXT() REPRESENTATION_CONTEXT('2D SPACE',''
  ) );
#13210 = ORIENTED_EDGE('',*,*,#13211,.T.);
#13211 = EDGE_CURVE('',#13189,#13212,#13214,.T.);
#13212 = VERTEX_POINT('',#13213);
#13213 = CARTESIAN_POINT('',(17.8,25.6,-7.85));
#13214 = SURFACE_CURVE('',#13215,(#13219,#13226),.PCURVE_S1.);
#13215 = LINE('',#13216,#13217);
#13216 = CARTESIAN_POINT('',(13.2,25.6,-7.85));
#13217 = VECTOR('',#13218,1.);
#13218 = DIRECTION('',(1.,0.,0.));
#13219 = PCURVE('',#8630,#13220);
#13220 = DEFINITIONAL_REPRESENTATION('',(#13221),#13225);
#13221 = LINE('',#13222,#13223);
#13222 = CARTESIAN_POINT('',(2.7,0.));
#13223 = VECTOR('',#13224,1.);
#13224 = DIRECTION('',(0.,1.));
#13225 = ( GEOMETRIC_REPRESENTATION_CONTEXT(2) 
PARAMETRIC_REPRESENTATION_CONTEXT() REPRESENTATION_CONTEXT('2D SPACE',''
  ) );
#13226 = PCURVE('',#13227,#13232);
#13227 = PLANE('',#13228);
#13228 = AXIS2_PLACEMENT_3D('',#13229,#13230,#13231);
#13229 = CARTESIAN_POINT('',(13.2,25.6,-7.85));
#13230 = DIRECTION('',(0.,0.,1.));
#13231 = DIRECTION('',(1.,0.,0.));
#13232 = DEFINITIONAL_REPRESENTATION('',(#13233),#13237);
#13233 = LINE('',#13234,#13235);
#13234 = CARTESIAN_POINT('',(0.,0.));
#13235 = VECTOR('',#13236,1.);
#13236 = DIRECTION('',(1.,0.));
#13237 = ( GEOMETRIC_REPRESENTATION_CONTEXT(2) 
PARAMETRIC_REPRESENTATION_CONTEXT() REPRESENTATION_CONTEXT('2D SPACE',''
  ) );
#13238 = ORIENTED_EDGE('',*,*,#13239,.F.);
#13239 = EDGE_CURVE('',#8720,#13212,#13240,.T.);
#13240 = SURFACE_CURVE('',#13241,(#13245,#13252),.PCURVE_S1.);
#13241 = LINE('',#13242,#13243);
#13242 = CARTESIAN_POINT('',(17.8,25.6,-10.55));
#13243 = VECTOR('',#13244,1.);
#13244 = DIRECTION('',(1.315819881037E-15,0.,1.));
#13245 = PCURVE('',#8630,#13246);
#13246 = DEFINITIONAL_REPRESENTATION('',(#13247),#13251);
#13247 = LINE('',#13248,#13249);
#13248 = CARTESIAN_POINT('',(0.,4.6));
#13249 = VECTOR('',#13250,1.);
#13250 = DIRECTION('',(1.,1.315819881037E-15));
#13251 = ( GEOMETRIC_REPRESENTATION_CONTEXT(2) 
PARAMETRIC_REPRESENTATION_CONTEXT() REPRESENTATION_CONTEXT('2D SPACE',''
  ) );
#13252 = PCURVE('',#8736,#13253);
#13253 = DEFINITIONAL_REPRESENTATION('',(#13254),#13258);
#13254 = LINE('',#13255,#13256);
#13255 = CARTESIAN_POINT('',(-2.,0.));
#13256 = VECTOR('',#13257,1.);
#13257 = DIRECTION('',(1.,0.));
#13258 = ( GEOMETRIC_REPRESENTATION_CONTEXT(2) 
PARAMETRIC_REPRESENTATION_CONTEXT() REPRESENTATION_CONTEXT('2D SPACE',''
  ) );
#13259 = ORIENTED_EDGE('',*,*,#8747,.T.);
#13260 = ORIENTED_EDGE('',*,*,#13261,.T.);
#13261 = EDGE_CURVE('',#8748,#13262,#13264,.T.);
#13262 = VERTEX_POINT('',#13263);
#13263 = CARTESIAN_POINT('',(17.,25.6,-8.55));
#13264 = SURFACE_CURVE('',#13265,(#13269,#13276),.PCURVE_S1.);
#13265 = LINE('',#13266,#13267);
#13266 = CARTESIAN_POINT('',(17.,25.6,-10.55));
#13267 = VECTOR('',#13268,1.);
#13268 = DIRECTION('',(0.,0.,1.));
#13269 = PCURVE('',#8630,#13270);
#13270 = DEFINITIONAL_REPRESENTATION('',(#13271),#13275);
#13271 = LINE('',#13272,#13273);
#13272 = CARTESIAN_POINT('',(0.,3.8));
#13273 = VECTOR('',#13274,1.);
#13274 = DIRECTION('',(1.,0.));
#13275 = ( GEOMETRIC_REPRESENTATION_CONTEXT(2) 
PARAMETRIC_REPRESENTATION_CONTEXT() REPRESENTATION_CONTEXT('2D SPACE',''
  ) );
#13276 = PCURVE('',#8783,#13277);
#13277 = DEFINITIONAL_REPRESENTATION('',(#13278),#13282);
#13278 = LINE('',#13279,#13280);
#13279 = CARTESIAN_POINT('',(0.,0.));
#13280 = VECTOR('',#13281,1.);
#13281 = DIRECTION('',(1.,0.));
#13282 = ( GEOMETRIC_REPRESENTATION_CONTEXT(2) 
PARAMETRIC_REPRESENTATION_CONTEXT() REPRESENTATION_CONTEXT('2D SPACE',''
  ) );
#13283 = ORIENTED_EDGE('',*,*,#13284,.F.);
#13284 = EDGE_CURVE('',#13165,#13262,#13285,.T.);
#13285 = SURFACE_CURVE('',#13286,(#13290,#13297),.PCURVE_S1.);
#13286 = LINE('',#13287,#13288);
#13287 = CARTESIAN_POINT('',(13.2,25.6,-8.55));
#13288 = VECTOR('',#13289,1.);
#13289 = DIRECTION('',(1.,0.,0.));
#13290 = PCURVE('',#8630,#13291);
#13291 = DEFINITIONAL_REPRESENTATION('',(#13292),#13296);
#13292 = LINE('',#13293,#13294);
#13293 = CARTESIAN_POINT('',(2.,0.));
#13294 = VECTOR('',#13295,1.);
#13295 = DIRECTION('',(0.,1.));
#13296 = ( GEOMETRIC_REPRESENTATION_CONTEXT(2) 
PARAMETRIC_REPRESENTATION_CONTEXT() REPRESENTATION_CONTEXT('2D SPACE',''
  ) );
#13297 = PCURVE('',#13298,#13303);
#13298 = PLANE('',#13299);
#13299 = AXIS2_PLACEMENT_3D('',#13300,#13301,#13302);
#13300 = CARTESIAN_POINT('',(13.2,25.6,-8.55));
#13301 = DIRECTION('',(0.,0.,1.));
#13302 = DIRECTION('',(1.,0.,0.));
#13303 = DEFINITIONAL_REPRESENTATION('',(#13304),#13308);
#13304 = LINE('',#13305,#13306);
#13305 = CARTESIAN_POINT('',(0.,0.));
#13306 = VECTOR('',#13307,1.);
#13307 = DIRECTION('',(1.,0.));
#13308 = ( GEOMETRIC_REPRESENTATION_CONTEXT(2) 
PARAMETRIC_REPRESENTATION_CONTEXT() REPRESENTATION_CONTEXT('2D SPACE',''
  ) );
#13309 = ADVANCED_FACE('',(#13310),#8706,.T.);
#13310 = FACE_BOUND('',#13311,.T.);
#13311 = EDGE_LOOP('',(#13312,#13313,#13314,#13337));
#13312 = ORIENTED_EDGE('',*,*,#13164,.F.);
#13313 = ORIENTED_EDGE('',*,*,#8693,.T.);
#13314 = ORIENTED_EDGE('',*,*,#13315,.T.);
#13315 = EDGE_CURVE('',#8668,#13316,#13318,.T.);
#13316 = VERTEX_POINT('',#13317);
#13317 = CARTESIAN_POINT('',(14.,28.,-8.55));
#13318 = SURFACE_CURVE('',#13319,(#13323,#13330),.PCURVE_S1.);
#13319 = LINE('',#13320,#13321);
#13320 = CARTESIAN_POINT('',(14.,28.,-10.55));
#13321 = VECTOR('',#13322,1.);
#13322 = DIRECTION('',(0.,0.,1.));
#13323 = PCURVE('',#8706,#13324);
#13324 = DEFINITIONAL_REPRESENTATION('',(#13325),#13329);
#13325 = LINE('',#13326,#13327);
#13326 = CARTESIAN_POINT('',(0.,-2.4));
#13327 = VECTOR('',#13328,1.);
#13328 = DIRECTION('',(1.,0.));
#13329 = ( GEOMETRIC_REPRESENTATION_CONTEXT(2) 
PARAMETRIC_REPRESENTATION_CONTEXT() REPRESENTATION_CONTEXT('2D SPACE',''
  ) );
#13330 = PCURVE('',#8682,#13331);
#13331 = DEFINITIONAL_REPRESENTATION('',(#13332),#13336);
#13332 = LINE('',#13333,#13334);
#13333 = CARTESIAN_POINT('',(0.,0.8));
#13334 = VECTOR('',#13335,1.);
#13335 = DIRECTION('',(1.,0.));
#13336 = ( GEOMETRIC_REPRESENTATION_CONTEXT(2) 
PARAMETRIC_REPRESENTATION_CONTEXT() REPRESENTATION_CONTEXT('2D SPACE',''
  ) );
#13337 = ORIENTED_EDGE('',*,*,#13338,.F.);
#13338 = EDGE_CURVE('',#13165,#13316,#13339,.T.);
#13339 = SURFACE_CURVE('',#13340,(#13344,#13351),.PCURVE_S1.);
#13340 = LINE('',#13341,#13342);
#13341 = CARTESIAN_POINT('',(14.,25.6,-8.55));
#13342 = VECTOR('',#13343,1.);
#13343 = DIRECTION('',(0.,1.,0.));
#13344 = PCURVE('',#8706,#13345);
#13345 = DEFINITIONAL_REPRESENTATION('',(#13346),#13350);
#13346 = LINE('',#13347,#13348);
#13347 = CARTESIAN_POINT('',(2.,0.));
#13348 = VECTOR('',#13349,1.);
#13349 = DIRECTION('',(0.,-1.));
#13350 = ( GEOMETRIC_REPRESENTATION_CONTEXT(2) 
PARAMETRIC_REPRESENTATION_CONTEXT() REPRESENTATION_CONTEXT('2D SPACE',''
  ) );
#13351 = PCURVE('',#13298,#13352);
#13352 = DEFINITIONAL_REPRESENTATION('',(#13353),#13357);
#13353 = LINE('',#13354,#13355);
#13354 = CARTESIAN_POINT('',(0.8,0.));
#13355 = VECTOR('',#13356,1.);
#13356 = DIRECTION('',(0.,1.));
#13357 = ( GEOMETRIC_REPRESENTATION_CONTEXT(2) 
PARAMETRIC_REPRESENTATION_CONTEXT() REPRESENTATION_CONTEXT('2D SPACE',''
  ) );
#13358 = ADVANCED_FACE('',(#13359),#8682,.T.);
#13359 = FACE_BOUND('',#13360,.T.);
#13360 = EDGE_LOOP('',(#13361,#13362,#13363,#13386,#13409,#13430,#13431,
    #13454));
#13361 = ORIENTED_EDGE('',*,*,#13315,.F.);
#13362 = ORIENTED_EDGE('',*,*,#8667,.T.);
#13363 = ORIENTED_EDGE('',*,*,#13364,.F.);
#13364 = EDGE_CURVE('',#13365,#8642,#13367,.T.);
#13365 = VERTEX_POINT('',#13366);
#13366 = CARTESIAN_POINT('',(13.2,28.,-7.85));
#13367 = SURFACE_CURVE('',#13368,(#13372,#13379),.PCURVE_S1.);
#13368 = LINE('',#13369,#13370);
#13369 = CARTESIAN_POINT('',(13.2,28.,-7.85));
#13370 = VECTOR('',#13371,1.);
#13371 = DIRECTION('',(0.,0.,-1.));
#13372 = PCURVE('',#8682,#13373);
#13373 = DEFINITIONAL_REPRESENTATION('',(#13374),#13378);
#13374 = LINE('',#13375,#13376);
#13375 = CARTESIAN_POINT('',(2.7,0.));
#13376 = VECTOR('',#13377,1.);
#13377 = DIRECTION('',(-1.,0.));
#13378 = ( GEOMETRIC_REPRESENTATION_CONTEXT(2) 
PARAMETRIC_REPRESENTATION_CONTEXT() REPRESENTATION_CONTEXT('2D SPACE',''
  ) );
#13379 = PCURVE('',#8656,#13380);
#13380 = DEFINITIONAL_REPRESENTATION('',(#13381),#13385);
#13381 = LINE('',#13382,#13383);
#13382 = CARTESIAN_POINT('',(2.7,-2.4));
#13383 = VECTOR('',#13384,1.);
#13384 = DIRECTION('',(-1.,0.));
#13385 = ( GEOMETRIC_REPRESENTATION_CONTEXT(2) 
PARAMETRIC_REPRESENTATION_CONTEXT() REPRESENTATION_CONTEXT('2D SPACE',''
  ) );
#13386 = ORIENTED_EDGE('',*,*,#13387,.T.);
#13387 = EDGE_CURVE('',#13365,#13388,#13390,.T.);
#13388 = VERTEX_POINT('',#13389);
#13389 = CARTESIAN_POINT('',(17.8,28.,-7.85));
#13390 = SURFACE_CURVE('',#13391,(#13395,#13402),.PCURVE_S1.);
#13391 = LINE('',#13392,#13393);
#13392 = CARTESIAN_POINT('',(13.2,28.,-7.85));
#13393 = VECTOR('',#13394,1.);
#13394 = DIRECTION('',(1.,0.,0.));
#13395 = PCURVE('',#8682,#13396);
#13396 = DEFINITIONAL_REPRESENTATION('',(#13397),#13401);
#13397 = LINE('',#13398,#13399);
#13398 = CARTESIAN_POINT('',(2.7,0.));
#13399 = VECTOR('',#13400,1.);
#13400 = DIRECTION('',(0.,1.));
#13401 = ( GEOMETRIC_REPRESENTATION_CONTEXT(2) 
PARAMETRIC_REPRESENTATION_CONTEXT() REPRESENTATION_CONTEXT('2D SPACE',''
  ) );
#13402 = PCURVE('',#13227,#13403);
#13403 = DEFINITIONAL_REPRESENTATION('',(#13404),#13408);
#13404 = LINE('',#13405,#13406);
#13405 = CARTESIAN_POINT('',(0.,2.4));
#13406 = VECTOR('',#13407,1.);
#13407 = DIRECTION('',(1.,0.));
#13408 = ( GEOMETRIC_REPRESENTATION_CONTEXT(2) 
PARAMETRIC_REPRESENTATION_CONTEXT() REPRESENTATION_CONTEXT('2D SPACE',''
  ) );
#13409 = ORIENTED_EDGE('',*,*,#13410,.T.);
#13410 = EDGE_CURVE('',#13388,#8722,#13411,.T.);
#13411 = SURFACE_CURVE('',#13412,(#13416,#13423),.PCURVE_S1.);
#13412 = LINE('',#13413,#13414);
#13413 = CARTESIAN_POINT('',(17.8,28.,-7.85));
#13414 = VECTOR('',#13415,1.);
#13415 = DIRECTION('',(-1.315819881037E-15,0.,-1.));
#13416 = PCURVE('',#8682,#13417);
#13417 = DEFINITIONAL_REPRESENTATION('',(#13418),#13422);
#13418 = LINE('',#13419,#13420);
#13419 = CARTESIAN_POINT('',(2.7,4.6));
#13420 = VECTOR('',#13421,1.);
#13421 = DIRECTION('',(-1.,-1.315819881037E-15));
#13422 = ( GEOMETRIC_REPRESENTATION_CONTEXT(2) 
PARAMETRIC_REPRESENTATION_CONTEXT() REPRESENTATION_CONTEXT('2D SPACE',''
  ) );
#13423 = PCURVE('',#8736,#13424);
#13424 = DEFINITIONAL_REPRESENTATION('',(#13425),#13429);
#13425 = LINE('',#13426,#13427);
#13426 = CARTESIAN_POINT('',(0.7,-2.4));
#13427 = VECTOR('',#13428,1.);
#13428 = DIRECTION('',(-1.,0.));
#13429 = ( GEOMETRIC_REPRESENTATION_CONTEXT(2) 
PARAMETRIC_REPRESENTATION_CONTEXT() REPRESENTATION_CONTEXT('2D SPACE',''
  ) );
#13430 = ORIENTED_EDGE('',*,*,#8794,.T.);
#13431 = ORIENTED_EDGE('',*,*,#13432,.T.);
#13432 = EDGE_CURVE('',#8769,#13433,#13435,.T.);
#13433 = VERTEX_POINT('',#13434);
#13434 = CARTESIAN_POINT('',(17.,28.,-8.55));
#13435 = SURFACE_CURVE('',#13436,(#13440,#13447),.PCURVE_S1.);
#13436 = LINE('',#13437,#13438);
#13437 = CARTESIAN_POINT('',(17.,28.,-10.55));
#13438 = VECTOR('',#13439,1.);
#13439 = DIRECTION('',(0.,0.,1.));
#13440 = PCURVE('',#8682,#13441);
#13441 = DEFINITIONAL_REPRESENTATION('',(#13442),#13446);
#13442 = LINE('',#13443,#13444);
#13443 = CARTESIAN_POINT('',(0.,3.8));
#13444 = VECTOR('',#13445,1.);
#13445 = DIRECTION('',(1.,0.));
#13446 = ( GEOMETRIC_REPRESENTATION_CONTEXT(2) 
PARAMETRIC_REPRESENTATION_CONTEXT() REPRESENTATION_CONTEXT('2D SPACE',''
  ) );
#13447 = PCURVE('',#8783,#13448);
#13448 = DEFINITIONAL_REPRESENTATION('',(#13449),#13453);
#13449 = LINE('',#13450,#13451);
#13450 = CARTESIAN_POINT('',(0.,-2.4));
#13451 = VECTOR('',#13452,1.);
#13452 = DIRECTION('',(1.,0.));
#13453 = ( GEOMETRIC_REPRESENTATION_CONTEXT(2) 
PARAMETRIC_REPRESENTATION_CONTEXT() REPRESENTATION_CONTEXT('2D SPACE',''
  ) );
#13454 = ORIENTED_EDGE('',*,*,#13455,.F.);
#13455 = EDGE_CURVE('',#13316,#13433,#13456,.T.);
#13456 = SURFACE_CURVE('',#13457,(#13461,#13468),.PCURVE_S1.);
#13457 = LINE('',#13458,#13459);
#13458 = CARTESIAN_POINT('',(13.2,28.,-8.55));
#13459 = VECTOR('',#13460,1.);
#13460 = DIRECTION('',(1.,0.,0.));
#13461 = PCURVE('',#8682,#13462);
#13462 = DEFINITIONAL_REPRESENTATION('',(#13463),#13467);
#13463 = LINE('',#13464,#13465);
#13464 = CARTESIAN_POINT('',(2.,0.));
#13465 = VECTOR('',#13466,1.);
#13466 = DIRECTION('',(0.,1.));
#13467 = ( GEOMETRIC_REPRESENTATION_CONTEXT(2) 
PARAMETRIC_REPRESENTATION_CONTEXT() REPRESENTATION_CONTEXT('2D SPACE',''
  ) );
#13468 = PCURVE('',#13298,#13469);
#13469 = DEFINITIONAL_REPRESENTATION('',(#13470),#13474);
#13470 = LINE('',#13471,#13472);
#13471 = CARTESIAN_POINT('',(0.,2.4));
#13472 = VECTOR('',#13473,1.);
#13473 = DIRECTION('',(1.,0.));
#13474 = ( GEOMETRIC_REPRESENTATION_CONTEXT(2) 
PARAMETRIC_REPRESENTATION_CONTEXT() REPRESENTATION_CONTEXT('2D SPACE',''
  ) );
#13475 = ADVANCED_FACE('',(#13476),#8656,.F.);
#13476 = FACE_BOUND('',#13477,.F.);
#13477 = EDGE_LOOP('',(#13478,#13479,#13480,#13481));
#13478 = ORIENTED_EDGE('',*,*,#13188,.F.);
#13479 = ORIENTED_EDGE('',*,*,#8641,.T.);
#13480 = ORIENTED_EDGE('',*,*,#13364,.F.);
#13481 = ORIENTED_EDGE('',*,*,#13482,.F.);
#13482 = EDGE_CURVE('',#13189,#13365,#13483,.T.);
#13483 = SURFACE_CURVE('',#13484,(#13488,#13495),.PCURVE_S1.);
#13484 = LINE('',#13485,#13486);
#13485 = CARTESIAN_POINT('',(13.2,25.6,-7.85));
#13486 = VECTOR('',#13487,1.);
#13487 = DIRECTION('',(0.,1.,0.));
#13488 = PCURVE('',#8656,#13489);
#13489 = DEFINITIONAL_REPRESENTATION('',(#13490),#13494);
#13490 = LINE('',#13491,#13492);
#13491 = CARTESIAN_POINT('',(2.7,0.));
#13492 = VECTOR('',#13493,1.);
#13493 = DIRECTION('',(0.,-1.));
#13494 = ( GEOMETRIC_REPRESENTATION_CONTEXT(2) 
PARAMETRIC_REPRESENTATION_CONTEXT() REPRESENTATION_CONTEXT('2D SPACE',''
  ) );
#13495 = PCURVE('',#13227,#13496);
#13496 = DEFINITIONAL_REPRESENTATION('',(#13497),#13501);
#13497 = LINE('',#13498,#13499);
#13498 = CARTESIAN_POINT('',(0.,0.));
#13499 = VECTOR('',#13500,1.);
#13500 = DIRECTION('',(0.,1.));
#13501 = ( GEOMETRIC_REPRESENTATION_CONTEXT(2) 
PARAMETRIC_REPRESENTATION_CONTEXT() REPRESENTATION_CONTEXT('2D SPACE',''
  ) );
#13502 = ADVANCED_FACE('',(#13503),#8736,.T.);
#13503 = FACE_BOUND('',#13504,.T.);
#13504 = EDGE_LOOP('',(#13505,#13506,#13507,#13508));
#13505 = ORIENTED_EDGE('',*,*,#13239,.F.);
#13506 = ORIENTED_EDGE('',*,*,#8719,.T.);
#13507 = ORIENTED_EDGE('',*,*,#13410,.F.);
#13508 = ORIENTED_EDGE('',*,*,#13509,.F.);
#13509 = EDGE_CURVE('',#13212,#13388,#13510,.T.);
#13510 = SURFACE_CURVE('',#13511,(#13515,#13522),.PCURVE_S1.);
#13511 = LINE('',#13512,#13513);
#13512 = CARTESIAN_POINT('',(17.8,25.6,-7.85));
#13513 = VECTOR('',#13514,1.);
#13514 = DIRECTION('',(0.,1.,0.));
#13515 = PCURVE('',#8736,#13516);
#13516 = DEFINITIONAL_REPRESENTATION('',(#13517),#13521);
#13517 = LINE('',#13518,#13519);
#13518 = CARTESIAN_POINT('',(0.7,0.));
#13519 = VECTOR('',#13520,1.);
#13520 = DIRECTION('',(0.,-1.));
#13521 = ( GEOMETRIC_REPRESENTATION_CONTEXT(2) 
PARAMETRIC_REPRESENTATION_CONTEXT() REPRESENTATION_CONTEXT('2D SPACE',''
  ) );
#13522 = PCURVE('',#13227,#13523);
#13523 = DEFINITIONAL_REPRESENTATION('',(#13524),#13528);
#13524 = LINE('',#13525,#13526);
#13525 = CARTESIAN_POINT('',(4.6,0.));
#13526 = VECTOR('',#13527,1.);
#13527 = DIRECTION('',(0.,1.));
#13528 = ( GEOMETRIC_REPRESENTATION_CONTEXT(2) 
PARAMETRIC_REPRESENTATION_CONTEXT() REPRESENTATION_CONTEXT('2D SPACE',''
  ) );
#13529 = ADVANCED_FACE('',(#13530),#8783,.F.);
#13530 = FACE_BOUND('',#13531,.F.);
#13531 = EDGE_LOOP('',(#13532,#13533,#13534,#13535));
#13532 = ORIENTED_EDGE('',*,*,#13261,.F.);
#13533 = ORIENTED_EDGE('',*,*,#8768,.T.);
#13534 = ORIENTED_EDGE('',*,*,#13432,.T.);
#13535 = ORIENTED_EDGE('',*,*,#13536,.F.);
#13536 = EDGE_CURVE('',#13262,#13433,#13537,.T.);
#13537 = SURFACE_CURVE('',#13538,(#13542,#13549),.PCURVE_S1.);
#13538 = LINE('',#13539,#13540);
#13539 = CARTESIAN_POINT('',(17.,25.6,-8.55));
#13540 = VECTOR('',#13541,1.);
#13541 = DIRECTION('',(0.,1.,0.));
#13542 = PCURVE('',#8783,#13543);
#13543 = DEFINITIONAL_REPRESENTATION('',(#13544),#13548);
#13544 = LINE('',#13545,#13546);
#13545 = CARTESIAN_POINT('',(2.,0.));
#13546 = VECTOR('',#13547,1.);
#13547 = DIRECTION('',(0.,-1.));
#13548 = ( GEOMETRIC_REPRESENTATION_CONTEXT(2) 
PARAMETRIC_REPRESENTATION_CONTEXT() REPRESENTATION_CONTEXT('2D SPACE',''
  ) );
#13549 = PCURVE('',#13298,#13550);
#13550 = DEFINITIONAL_REPRESENTATION('',(#13551),#13555);
#13551 = LINE('',#13552,#13553);
#13552 = CARTESIAN_POINT('',(3.8,0.));
#13553 = VECTOR('',#13554,1.);
#13554 = DIRECTION('',(0.,1.));
#13555 = ( GEOMETRIC_REPRESENTATION_CONTEXT(2) 
PARAMETRIC_REPRESENTATION_CONTEXT() REPRESENTATION_CONTEXT('2D SPACE',''
  ) );
#13556 = ADVANCED_FACE('',(#13557),#8836,.T.);
#13557 = FACE_BOUND('',#13558,.F.);
#13558 = EDGE_LOOP('',(#13559,#13560,#13583,#13610));
#13559 = ORIENTED_EDGE('',*,*,#8815,.T.);
#13560 = ORIENTED_EDGE('',*,*,#13561,.T.);
#13561 = EDGE_CURVE('',#8816,#13562,#13564,.T.);
#13562 = VERTEX_POINT('',#13563);
#13563 = CARTESIAN_POINT('',(9.,37.,-1.E-01));
#13564 = SEAM_CURVE('',#13565,(#13569,#13576),.PCURVE_S1.);
#13565 = LINE('',#13566,#13567);
#13566 = CARTESIAN_POINT('',(9.,37.,-10.8));
#13567 = VECTOR('',#13568,1.);
#13568 = DIRECTION('',(0.,0.,1.));
#13569 = PCURVE('',#8836,#13570);
#13570 = DEFINITIONAL_REPRESENTATION('',(#13571),#13575);
#13571 = LINE('',#13572,#13573);
#13572 = CARTESIAN_POINT('',(-6.28318530718,0.));
#13573 = VECTOR('',#13574,1.);
#13574 = DIRECTION('',(-0.,-1.));
#13575 = ( GEOMETRIC_REPRESENTATION_CONTEXT(2) 
PARAMETRIC_REPRESENTATION_CONTEXT() REPRESENTATION_CONTEXT('2D SPACE',''
  ) );
#13576 = PCURVE('',#8836,#13577);
#13577 = DEFINITIONAL_REPRESENTATION('',(#13578),#13582);
#13578 = LINE('',#13579,#13580);
#13579 = CARTESIAN_POINT('',(-0.,0.));
#13580 = VECTOR('',#13581,1.);
#13581 = DIRECTION('',(-0.,-1.));
#13582 = ( GEOMETRIC_REPRESENTATION_CONTEXT(2) 
PARAMETRIC_REPRESENTATION_CONTEXT() REPRESENTATION_CONTEXT('2D SPACE',''
  ) );
#13583 = ORIENTED_EDGE('',*,*,#13584,.T.);
#13584 = EDGE_CURVE('',#13562,#13562,#13585,.T.);
#13585 = SURFACE_CURVE('',#13586,(#13591,#13598),.PCURVE_S1.);
#13586 = CIRCLE('',#13587,3.);
#13587 = AXIS2_PLACEMENT_3D('',#13588,#13589,#13590);
#13588 = CARTESIAN_POINT('',(6.,37.,-1.E-01));
#13589 = DIRECTION('',(0.,0.,1.));
#13590 = DIRECTION('',(1.,0.,0.));
#13591 = PCURVE('',#8836,#13592);
#13592 = DEFINITIONAL_REPRESENTATION('',(#13593),#13597);
#13593 = LINE('',#13594,#13595);
#13594 = CARTESIAN_POINT('',(-0.,-10.7));
#13595 = VECTOR('',#13596,1.);
#13596 = DIRECTION('',(-1.,0.));
#13597 = ( GEOMETRIC_REPRESENTATION_CONTEXT(2) 
PARAMETRIC_REPRESENTATION_CONTEXT() REPRESENTATION_CONTEXT('2D SPACE',''
  ) );
#13598 = PCURVE('',#13599,#13604);
#13599 = PLANE('',#13600);
#13600 = AXIS2_PLACEMENT_3D('',#13601,#13602,#13603);
#13601 = CARTESIAN_POINT('',(6.,37.,-1.E-01));
#13602 = DIRECTION('',(0.,0.,1.));
#13603 = DIRECTION('',(1.,0.,-0.));
#13604 = DEFINITIONAL_REPRESENTATION('',(#13605),#13609);
#13605 = CIRCLE('',#13606,3.);
#13606 = AXIS2_PLACEMENT_2D('',#13607,#13608);
#13607 = CARTESIAN_POINT('',(0.,0.));
#13608 = DIRECTION('',(1.,0.));
#13609 = ( GEOMETRIC_REPRESENTATION_CONTEXT(2) 
PARAMETRIC_REPRESENTATION_CONTEXT() REPRESENTATION_CONTEXT('2D SPACE',''
  ) );
#13610 = ORIENTED_EDGE('',*,*,#13561,.F.);
#13611 = ADVANCED_FACE('',(#13612),#8867,.F.);
#13612 = FACE_BOUND('',#13613,.F.);
#13613 = EDGE_LOOP('',(#13614,#13637,#13638,#13661,#13689,#13710,#13711,
    #13734));
#13614 = ORIENTED_EDGE('',*,*,#13615,.F.);
#13615 = EDGE_CURVE('',#8851,#13616,#13618,.T.);
#13616 = VERTEX_POINT('',#13617);
#13617 = CARTESIAN_POINT('',(30.,32.6,-8.55));
#13618 = SURFACE_CURVE('',#13619,(#13623,#13630),.PCURVE_S1.);
#13619 = LINE('',#13620,#13621);
#13620 = CARTESIAN_POINT('',(30.,32.6,-10.55));
#13621 = VECTOR('',#13622,1.);
#13622 = DIRECTION('',(0.,0.,1.));
#13623 = PCURVE('',#8867,#13624);
#13624 = DEFINITIONAL_REPRESENTATION('',(#13625),#13629);
#13625 = LINE('',#13626,#13627);
#13626 = CARTESIAN_POINT('',(0.,0.8));
#13627 = VECTOR('',#13628,1.);
#13628 = DIRECTION('',(1.,0.));
#13629 = ( GEOMETRIC_REPRESENTATION_CONTEXT(2) 
PARAMETRIC_REPRESENTATION_CONTEXT() REPRESENTATION_CONTEXT('2D SPACE',''
  ) );
#13630 = PCURVE('',#8943,#13631);
#13631 = DEFINITIONAL_REPRESENTATION('',(#13632),#13636);
#13632 = LINE('',#13633,#13634);
#13633 = CARTESIAN_POINT('',(0.,0.));
#13634 = VECTOR('',#13635,1.);
#13635 = DIRECTION('',(1.,0.));
#13636 = ( GEOMETRIC_REPRESENTATION_CONTEXT(2) 
PARAMETRIC_REPRESENTATION_CONTEXT() REPRESENTATION_CONTEXT('2D SPACE',''
  ) );
#13637 = ORIENTED_EDGE('',*,*,#8850,.T.);
#13638 = ORIENTED_EDGE('',*,*,#13639,.T.);
#13639 = EDGE_CURVE('',#8853,#13640,#13642,.T.);
#13640 = VERTEX_POINT('',#13641);
#13641 = CARTESIAN_POINT('',(29.2,32.6,-7.85));
#13642 = SURFACE_CURVE('',#13643,(#13647,#13654),.PCURVE_S1.);
#13643 = LINE('',#13644,#13645);
#13644 = CARTESIAN_POINT('',(29.2,32.6,-10.55));
#13645 = VECTOR('',#13646,1.);
#13646 = DIRECTION('',(-1.315819881037E-15,0.,1.));
#13647 = PCURVE('',#8867,#13648);
#13648 = DEFINITIONAL_REPRESENTATION('',(#13649),#13653);
#13649 = LINE('',#13650,#13651);
#13650 = CARTESIAN_POINT('',(0.,0.));
#13651 = VECTOR('',#13652,1.);
#13652 = DIRECTION('',(1.,-1.315819881037E-15));
#13653 = ( GEOMETRIC_REPRESENTATION_CONTEXT(2) 
PARAMETRIC_REPRESENTATION_CONTEXT() REPRESENTATION_CONTEXT('2D SPACE',''
  ) );
#13654 = PCURVE('',#8893,#13655);
#13655 = DEFINITIONAL_REPRESENTATION('',(#13656),#13660);
#13656 = LINE('',#13657,#13658);
#13657 = CARTESIAN_POINT('',(0.,0.));
#13658 = VECTOR('',#13659,1.);
#13659 = DIRECTION('',(1.,0.));
#13660 = ( GEOMETRIC_REPRESENTATION_CONTEXT(2) 
PARAMETRIC_REPRESENTATION_CONTEXT() REPRESENTATION_CONTEXT('2D SPACE',''
  ) );
#13661 = ORIENTED_EDGE('',*,*,#13662,.T.);
#13662 = EDGE_CURVE('',#13640,#13663,#13665,.T.);
#13663 = VERTEX_POINT('',#13664);
#13664 = CARTESIAN_POINT('',(33.8,32.6,-7.85));
#13665 = SURFACE_CURVE('',#13666,(#13670,#13677),.PCURVE_S1.);
#13666 = LINE('',#13667,#13668);
#13667 = CARTESIAN_POINT('',(29.2,32.6,-7.85));
#13668 = VECTOR('',#13669,1.);
#13669 = DIRECTION('',(1.,0.,0.));
#13670 = PCURVE('',#8867,#13671);
#13671 = DEFINITIONAL_REPRESENTATION('',(#13672),#13676);
#13672 = LINE('',#13673,#13674);
#13673 = CARTESIAN_POINT('',(2.7,-3.552713678801E-15));
#13674 = VECTOR('',#13675,1.);
#13675 = DIRECTION('',(0.,1.));
#13676 = ( GEOMETRIC_REPRESENTATION_CONTEXT(2) 
PARAMETRIC_REPRESENTATION_CONTEXT() REPRESENTATION_CONTEXT('2D SPACE',''
  ) );
#13677 = PCURVE('',#13678,#13683);
#13678 = PLANE('',#13679);
#13679 = AXIS2_PLACEMENT_3D('',#13680,#13681,#13682);
#13680 = CARTESIAN_POINT('',(29.2,32.6,-7.85));
#13681 = DIRECTION('',(0.,0.,1.));
#13682 = DIRECTION('',(1.,0.,0.));
#13683 = DEFINITIONAL_REPRESENTATION('',(#13684),#13688);
#13684 = LINE('',#13685,#13686);
#13685 = CARTESIAN_POINT('',(0.,0.));
#13686 = VECTOR('',#13687,1.);
#13687 = DIRECTION('',(1.,0.));
#13688 = ( GEOMETRIC_REPRESENTATION_CONTEXT(2) 
PARAMETRIC_REPRESENTATION_CONTEXT() REPRESENTATION_CONTEXT('2D SPACE',''
  ) );
#13689 = ORIENTED_EDGE('',*,*,#13690,.F.);
#13690 = EDGE_CURVE('',#8957,#13663,#13691,.T.);
#13691 = SURFACE_CURVE('',#13692,(#13696,#13703),.PCURVE_S1.);
#13692 = LINE('',#13693,#13694);
#13693 = CARTESIAN_POINT('',(33.8,32.6,-10.55));
#13694 = VECTOR('',#13695,1.);
#13695 = DIRECTION('',(0.,0.,1.));
#13696 = PCURVE('',#8867,#13697);
#13697 = DEFINITIONAL_REPRESENTATION('',(#13698),#13702);
#13698 = LINE('',#13699,#13700);
#13699 = CARTESIAN_POINT('',(0.,4.6));
#13700 = VECTOR('',#13701,1.);
#13701 = DIRECTION('',(1.,0.));
#13702 = ( GEOMETRIC_REPRESENTATION_CONTEXT(2) 
PARAMETRIC_REPRESENTATION_CONTEXT() REPRESENTATION_CONTEXT('2D SPACE',''
  ) );
#13703 = PCURVE('',#8973,#13704);
#13704 = DEFINITIONAL_REPRESENTATION('',(#13705),#13709);
#13705 = LINE('',#13706,#13707);
#13706 = CARTESIAN_POINT('',(-2.,0.));
#13707 = VECTOR('',#13708,1.);
#13708 = DIRECTION('',(1.,0.));
#13709 = ( GEOMETRIC_REPRESENTATION_CONTEXT(2) 
PARAMETRIC_REPRESENTATION_CONTEXT() REPRESENTATION_CONTEXT('2D SPACE',''
  ) );
#13710 = ORIENTED_EDGE('',*,*,#8984,.T.);
#13711 = ORIENTED_EDGE('',*,*,#13712,.T.);
#13712 = EDGE_CURVE('',#8985,#13713,#13715,.T.);
#13713 = VERTEX_POINT('',#13714);
#13714 = CARTESIAN_POINT('',(33.,32.6,-8.55));
#13715 = SURFACE_CURVE('',#13716,(#13720,#13727),.PCURVE_S1.);
#13716 = LINE('',#13717,#13718);
#13717 = CARTESIAN_POINT('',(33.,32.6,-10.55));
#13718 = VECTOR('',#13719,1.);
#13719 = DIRECTION('',(0.,0.,1.));
#13720 = PCURVE('',#8867,#13721);
#13721 = DEFINITIONAL_REPRESENTATION('',(#13722),#13726);
#13722 = LINE('',#13723,#13724);
#13723 = CARTESIAN_POINT('',(0.,3.8));
#13724 = VECTOR('',#13725,1.);
#13725 = DIRECTION('',(1.,0.));
#13726 = ( GEOMETRIC_REPRESENTATION_CONTEXT(2) 
PARAMETRIC_REPRESENTATION_CONTEXT() REPRESENTATION_CONTEXT('2D SPACE',''
  ) );
#13727 = PCURVE('',#9020,#13728);
#13728 = DEFINITIONAL_REPRESENTATION('',(#13729),#13733);
#13729 = LINE('',#13730,#13731);
#13730 = CARTESIAN_POINT('',(0.,0.));
#13731 = VECTOR('',#13732,1.);
#13732 = DIRECTION('',(1.,0.));
#13733 = ( GEOMETRIC_REPRESENTATION_CONTEXT(2) 
PARAMETRIC_REPRESENTATION_CONTEXT() REPRESENTATION_CONTEXT('2D SPACE',''
  ) );
#13734 = ORIENTED_EDGE('',*,*,#13735,.F.);
#13735 = EDGE_CURVE('',#13616,#13713,#13736,.T.);
#13736 = SURFACE_CURVE('',#13737,(#13741,#13748),.PCURVE_S1.);
#13737 = LINE('',#13738,#13739);
#13738 = CARTESIAN_POINT('',(29.2,32.6,-8.55));
#13739 = VECTOR('',#13740,1.);
#13740 = DIRECTION('',(1.,0.,0.));
#13741 = PCURVE('',#8867,#13742);
#13742 = DEFINITIONAL_REPRESENTATION('',(#13743),#13747);
#13743 = LINE('',#13744,#13745);
#13744 = CARTESIAN_POINT('',(2.,-3.552713678801E-15));
#13745 = VECTOR('',#13746,1.);
#13746 = DIRECTION('',(0.,1.));
#13747 = ( GEOMETRIC_REPRESENTATION_CONTEXT(2) 
PARAMETRIC_REPRESENTATION_CONTEXT() REPRESENTATION_CONTEXT('2D SPACE',''
  ) );
#13748 = PCURVE('',#13749,#13754);
#13749 = PLANE('',#13750);
#13750 = AXIS2_PLACEMENT_3D('',#13751,#13752,#13753);
#13751 = CARTESIAN_POINT('',(29.2,32.6,-8.55));
#13752 = DIRECTION('',(0.,0.,1.));
#13753 = DIRECTION('',(1.,0.,0.));
#13754 = DEFINITIONAL_REPRESENTATION('',(#13755),#13759);
#13755 = LINE('',#13756,#13757);
#13756 = CARTESIAN_POINT('',(0.,0.));
#13757 = VECTOR('',#13758,1.);
#13758 = DIRECTION('',(1.,0.));
#13759 = ( GEOMETRIC_REPRESENTATION_CONTEXT(2) 
PARAMETRIC_REPRESENTATION_CONTEXT() REPRESENTATION_CONTEXT('2D SPACE',''
  ) );
#13760 = ADVANCED_FACE('',(#13761),#8943,.T.);
#13761 = FACE_BOUND('',#13762,.T.);
#13762 = EDGE_LOOP('',(#13763,#13764,#13765,#13788));
#13763 = ORIENTED_EDGE('',*,*,#13615,.F.);
#13764 = ORIENTED_EDGE('',*,*,#8930,.T.);
#13765 = ORIENTED_EDGE('',*,*,#13766,.T.);
#13766 = EDGE_CURVE('',#8905,#13767,#13769,.T.);
#13767 = VERTEX_POINT('',#13768);
#13768 = CARTESIAN_POINT('',(30.,35.,-8.55));
#13769 = SURFACE_CURVE('',#13770,(#13774,#13781),.PCURVE_S1.);
#13770 = LINE('',#13771,#13772);
#13771 = CARTESIAN_POINT('',(30.,35.,-10.55));
#13772 = VECTOR('',#13773,1.);
#13773 = DIRECTION('',(0.,0.,1.));
#13774 = PCURVE('',#8943,#13775);
#13775 = DEFINITIONAL_REPRESENTATION('',(#13776),#13780);
#13776 = LINE('',#13777,#13778);
#13777 = CARTESIAN_POINT('',(0.,-2.4));
#13778 = VECTOR('',#13779,1.);
#13779 = DIRECTION('',(1.,0.));
#13780 = ( GEOMETRIC_REPRESENTATION_CONTEXT(2) 
PARAMETRIC_REPRESENTATION_CONTEXT() REPRESENTATION_CONTEXT('2D SPACE',''
  ) );
#13781 = PCURVE('',#8919,#13782);
#13782 = DEFINITIONAL_REPRESENTATION('',(#13783),#13787);
#13783 = LINE('',#13784,#13785);
#13784 = CARTESIAN_POINT('',(0.,0.8));
#13785 = VECTOR('',#13786,1.);
#13786 = DIRECTION('',(1.,0.));
#13787 = ( GEOMETRIC_REPRESENTATION_CONTEXT(2) 
PARAMETRIC_REPRESENTATION_CONTEXT() REPRESENTATION_CONTEXT('2D SPACE',''
  ) );
#13788 = ORIENTED_EDGE('',*,*,#13789,.F.);
#13789 = EDGE_CURVE('',#13616,#13767,#13790,.T.);
#13790 = SURFACE_CURVE('',#13791,(#13795,#13802),.PCURVE_S1.);
#13791 = LINE('',#13792,#13793);
#13792 = CARTESIAN_POINT('',(30.,32.6,-8.55));
#13793 = VECTOR('',#13794,1.);
#13794 = DIRECTION('',(0.,1.,0.));
#13795 = PCURVE('',#8943,#13796);
#13796 = DEFINITIONAL_REPRESENTATION('',(#13797),#13801);
#13797 = LINE('',#13798,#13799);
#13798 = CARTESIAN_POINT('',(2.,0.));
#13799 = VECTOR('',#13800,1.);
#13800 = DIRECTION('',(0.,-1.));
#13801 = ( GEOMETRIC_REPRESENTATION_CONTEXT(2) 
PARAMETRIC_REPRESENTATION_CONTEXT() REPRESENTATION_CONTEXT('2D SPACE',''
  ) );
#13802 = PCURVE('',#13749,#13803);
#13803 = DEFINITIONAL_REPRESENTATION('',(#13804),#13808);
#13804 = LINE('',#13805,#13806);
#13805 = CARTESIAN_POINT('',(0.8,0.));
#13806 = VECTOR('',#13807,1.);
#13807 = DIRECTION('',(0.,1.));
#13808 = ( GEOMETRIC_REPRESENTATION_CONTEXT(2) 
PARAMETRIC_REPRESENTATION_CONTEXT() REPRESENTATION_CONTEXT('2D SPACE',''
  ) );
#13809 = ADVANCED_FACE('',(#13810),#8893,.F.);
#13810 = FACE_BOUND('',#13811,.F.);
#13811 = EDGE_LOOP('',(#13812,#13813,#13814,#13837));
#13812 = ORIENTED_EDGE('',*,*,#13639,.F.);
#13813 = ORIENTED_EDGE('',*,*,#8878,.T.);
#13814 = ORIENTED_EDGE('',*,*,#13815,.F.);
#13815 = EDGE_CURVE('',#13816,#8879,#13818,.T.);
#13816 = VERTEX_POINT('',#13817);
#13817 = CARTESIAN_POINT('',(29.2,35.,-7.85));
#13818 = SURFACE_CURVE('',#13819,(#13823,#13830),.PCURVE_S1.);
#13819 = LINE('',#13820,#13821);
#13820 = CARTESIAN_POINT('',(29.2,35.,-7.85));
#13821 = VECTOR('',#13822,1.);
#13822 = DIRECTION('',(1.315819881037E-15,0.,-1.));
#13823 = PCURVE('',#8893,#13824);
#13824 = DEFINITIONAL_REPRESENTATION('',(#13825),#13829);
#13825 = LINE('',#13826,#13827);
#13826 = CARTESIAN_POINT('',(2.7,-2.4));
#13827 = VECTOR('',#13828,1.);
#13828 = DIRECTION('',(-1.,0.));
#13829 = ( GEOMETRIC_REPRESENTATION_CONTEXT(2) 
PARAMETRIC_REPRESENTATION_CONTEXT() REPRESENTATION_CONTEXT('2D SPACE',''
  ) );
#13830 = PCURVE('',#8919,#13831);
#13831 = DEFINITIONAL_REPRESENTATION('',(#13832),#13836);
#13832 = LINE('',#13833,#13834);
#13833 = CARTESIAN_POINT('',(2.7,-3.552713678801E-15));
#13834 = VECTOR('',#13835,1.);
#13835 = DIRECTION('',(-1.,1.315819881037E-15));
#13836 = ( GEOMETRIC_REPRESENTATION_CONTEXT(2) 
PARAMETRIC_REPRESENTATION_CONTEXT() REPRESENTATION_CONTEXT('2D SPACE',''
  ) );
#13837 = ORIENTED_EDGE('',*,*,#13838,.F.);
#13838 = EDGE_CURVE('',#13640,#13816,#13839,.T.);
#13839 = SURFACE_CURVE('',#13840,(#13844,#13851),.PCURVE_S1.);
#13840 = LINE('',#13841,#13842);
#13841 = CARTESIAN_POINT('',(29.2,32.6,-7.85));
#13842 = VECTOR('',#13843,1.);
#13843 = DIRECTION('',(0.,1.,0.));
#13844 = PCURVE('',#8893,#13845);
#13845 = DEFINITIONAL_REPRESENTATION('',(#13846),#13850);
#13846 = LINE('',#13847,#13848);
#13847 = CARTESIAN_POINT('',(2.7,0.));
#13848 = VECTOR('',#13849,1.);
#13849 = DIRECTION('',(0.,-1.));
#13850 = ( GEOMETRIC_REPRESENTATION_CONTEXT(2) 
PARAMETRIC_REPRESENTATION_CONTEXT() REPRESENTATION_CONTEXT('2D SPACE',''
  ) );
#13851 = PCURVE('',#13678,#13852);
#13852 = DEFINITIONAL_REPRESENTATION('',(#13853),#13857);
#13853 = LINE('',#13854,#13855);
#13854 = CARTESIAN_POINT('',(0.,0.));
#13855 = VECTOR('',#13856,1.);
#13856 = DIRECTION('',(0.,1.));
#13857 = ( GEOMETRIC_REPRESENTATION_CONTEXT(2) 
PARAMETRIC_REPRESENTATION_CONTEXT() REPRESENTATION_CONTEXT('2D SPACE',''
  ) );
#13858 = ADVANCED_FACE('',(#13859),#8919,.T.);
#13859 = FACE_BOUND('',#13860,.T.);
#13860 = EDGE_LOOP('',(#13861,#13862,#13863,#13864,#13887,#13908,#13909,
    #13932));
#13861 = ORIENTED_EDGE('',*,*,#13766,.F.);
#13862 = ORIENTED_EDGE('',*,*,#8904,.T.);
#13863 = ORIENTED_EDGE('',*,*,#13815,.F.);
#13864 = ORIENTED_EDGE('',*,*,#13865,.T.);
#13865 = EDGE_CURVE('',#13816,#13866,#13868,.T.);
#13866 = VERTEX_POINT('',#13867);
#13867 = CARTESIAN_POINT('',(33.8,35.,-7.85));
#13868 = SURFACE_CURVE('',#13869,(#13873,#13880),.PCURVE_S1.);
#13869 = LINE('',#13870,#13871);
#13870 = CARTESIAN_POINT('',(29.2,35.,-7.85));
#13871 = VECTOR('',#13872,1.);
#13872 = DIRECTION('',(1.,0.,0.));
#13873 = PCURVE('',#8919,#13874);
#13874 = DEFINITIONAL_REPRESENTATION('',(#13875),#13879);
#13875 = LINE('',#13876,#13877);
#13876 = CARTESIAN_POINT('',(2.7,-3.552713678801E-15));
#13877 = VECTOR('',#13878,1.);
#13878 = DIRECTION('',(0.,1.));
#13879 = ( GEOMETRIC_REPRESENTATION_CONTEXT(2) 
PARAMETRIC_REPRESENTATION_CONTEXT() REPRESENTATION_CONTEXT('2D SPACE',''
  ) );
#13880 = PCURVE('',#13678,#13881);
#13881 = DEFINITIONAL_REPRESENTATION('',(#13882),#13886);
#13882 = LINE('',#13883,#13884);
#13883 = CARTESIAN_POINT('',(0.,2.4));
#13884 = VECTOR('',#13885,1.);
#13885 = DIRECTION('',(1.,0.));
#13886 = ( GEOMETRIC_REPRESENTATION_CONTEXT(2) 
PARAMETRIC_REPRESENTATION_CONTEXT() REPRESENTATION_CONTEXT('2D SPACE',''
  ) );
#13887 = ORIENTED_EDGE('',*,*,#13888,.T.);
#13888 = EDGE_CURVE('',#13866,#8959,#13889,.T.);
#13889 = SURFACE_CURVE('',#13890,(#13894,#13901),.PCURVE_S1.);
#13890 = LINE('',#13891,#13892);
#13891 = CARTESIAN_POINT('',(33.8,35.,-7.85));
#13892 = VECTOR('',#13893,1.);
#13893 = DIRECTION('',(0.,0.,-1.));
#13894 = PCURVE('',#8919,#13895);
#13895 = DEFINITIONAL_REPRESENTATION('',(#13896),#13900);
#13896 = LINE('',#13897,#13898);
#13897 = CARTESIAN_POINT('',(2.7,4.6));
#13898 = VECTOR('',#13899,1.);
#13899 = DIRECTION('',(-1.,0.));
#13900 = ( GEOMETRIC_REPRESENTATION_CONTEXT(2) 
PARAMETRIC_REPRESENTATION_CONTEXT() REPRESENTATION_CONTEXT('2D SPACE',''
  ) );
#13901 = PCURVE('',#8973,#13902);
#13902 = DEFINITIONAL_REPRESENTATION('',(#13903),#13907);
#13903 = LINE('',#13904,#13905);
#13904 = CARTESIAN_POINT('',(0.7,-2.4));
#13905 = VECTOR('',#13906,1.);
#13906 = DIRECTION('',(-1.,0.));
#13907 = ( GEOMETRIC_REPRESENTATION_CONTEXT(2) 
PARAMETRIC_REPRESENTATION_CONTEXT() REPRESENTATION_CONTEXT('2D SPACE',''
  ) );
#13908 = ORIENTED_EDGE('',*,*,#9031,.T.);
#13909 = ORIENTED_EDGE('',*,*,#13910,.T.);
#13910 = EDGE_CURVE('',#9006,#13911,#13913,.T.);
#13911 = VERTEX_POINT('',#13912);
#13912 = CARTESIAN_POINT('',(33.,35.,-8.55));
#13913 = SURFACE_CURVE('',#13914,(#13918,#13925),.PCURVE_S1.);
#13914 = LINE('',#13915,#13916);
#13915 = CARTESIAN_POINT('',(33.,35.,-10.55));
#13916 = VECTOR('',#13917,1.);
#13917 = DIRECTION('',(0.,0.,1.));
#13918 = PCURVE('',#8919,#13919);
#13919 = DEFINITIONAL_REPRESENTATION('',(#13920),#13924);
#13920 = LINE('',#13921,#13922);
#13921 = CARTESIAN_POINT('',(0.,3.8));
#13922 = VECTOR('',#13923,1.);
#13923 = DIRECTION('',(1.,0.));
#13924 = ( GEOMETRIC_REPRESENTATION_CONTEXT(2) 
PARAMETRIC_REPRESENTATION_CONTEXT() REPRESENTATION_CONTEXT('2D SPACE',''
  ) );
#13925 = PCURVE('',#9020,#13926);
#13926 = DEFINITIONAL_REPRESENTATION('',(#13927),#13931);
#13927 = LINE('',#13928,#13929);
#13928 = CARTESIAN_POINT('',(0.,-2.4));
#13929 = VECTOR('',#13930,1.);
#13930 = DIRECTION('',(1.,0.));
#13931 = ( GEOMETRIC_REPRESENTATION_CONTEXT(2) 
PARAMETRIC_REPRESENTATION_CONTEXT() REPRESENTATION_CONTEXT('2D SPACE',''
  ) );
#13932 = ORIENTED_EDGE('',*,*,#13933,.F.);
#13933 = EDGE_CURVE('',#13767,#13911,#13934,.T.);
#13934 = SURFACE_CURVE('',#13935,(#13939,#13946),.PCURVE_S1.);
#13935 = LINE('',#13936,#13937);
#13936 = CARTESIAN_POINT('',(29.2,35.,-8.55));
#13937 = VECTOR('',#13938,1.);
#13938 = DIRECTION('',(1.,0.,0.));
#13939 = PCURVE('',#8919,#13940);
#13940 = DEFINITIONAL_REPRESENTATION('',(#13941),#13945);
#13941 = LINE('',#13942,#13943);
#13942 = CARTESIAN_POINT('',(2.,-3.552713678801E-15));
#13943 = VECTOR('',#13944,1.);
#13944 = DIRECTION('',(0.,1.));
#13945 = ( GEOMETRIC_REPRESENTATION_CONTEXT(2) 
PARAMETRIC_REPRESENTATION_CONTEXT() REPRESENTATION_CONTEXT('2D SPACE',''
  ) );
#13946 = PCURVE('',#13749,#13947);
#13947 = DEFINITIONAL_REPRESENTATION('',(#13948),#13952);
#13948 = LINE('',#13949,#13950);
#13949 = CARTESIAN_POINT('',(0.,2.4));
#13950 = VECTOR('',#13951,1.);
#13951 = DIRECTION('',(1.,0.));
#13952 = ( GEOMETRIC_REPRESENTATION_CONTEXT(2) 
PARAMETRIC_REPRESENTATION_CONTEXT() REPRESENTATION_CONTEXT('2D SPACE',''
  ) );
#13953 = ADVANCED_FACE('',(#13954),#8973,.T.);
#13954 = FACE_BOUND('',#13955,.T.);
#13955 = EDGE_LOOP('',(#13956,#13957,#13958,#13959));
#13956 = ORIENTED_EDGE('',*,*,#13690,.F.);
#13957 = ORIENTED_EDGE('',*,*,#8956,.T.);
#13958 = ORIENTED_EDGE('',*,*,#13888,.F.);
#13959 = ORIENTED_EDGE('',*,*,#13960,.F.);
#13960 = EDGE_CURVE('',#13663,#13866,#13961,.T.);
#13961 = SURFACE_CURVE('',#13962,(#13966,#13973),.PCURVE_S1.);
#13962 = LINE('',#13963,#13964);
#13963 = CARTESIAN_POINT('',(33.8,32.6,-7.85));
#13964 = VECTOR('',#13965,1.);
#13965 = DIRECTION('',(0.,1.,0.));
#13966 = PCURVE('',#8973,#13967);
#13967 = DEFINITIONAL_REPRESENTATION('',(#13968),#13972);
#13968 = LINE('',#13969,#13970);
#13969 = CARTESIAN_POINT('',(0.7,0.));
#13970 = VECTOR('',#13971,1.);
#13971 = DIRECTION('',(0.,-1.));
#13972 = ( GEOMETRIC_REPRESENTATION_CONTEXT(2) 
PARAMETRIC_REPRESENTATION_CONTEXT() REPRESENTATION_CONTEXT('2D SPACE',''
  ) );
#13973 = PCURVE('',#13678,#13974);
#13974 = DEFINITIONAL_REPRESENTATION('',(#13975),#13979);
#13975 = LINE('',#13976,#13977);
#13976 = CARTESIAN_POINT('',(4.6,0.));
#13977 = VECTOR('',#13978,1.);
#13978 = DIRECTION('',(0.,1.));
#13979 = ( GEOMETRIC_REPRESENTATION_CONTEXT(2) 
PARAMETRIC_REPRESENTATION_CONTEXT() REPRESENTATION_CONTEXT('2D SPACE',''
  ) );
#13980 = ADVANCED_FACE('',(#13981),#9020,.F.);
#13981 = FACE_BOUND('',#13982,.F.);
#13982 = EDGE_LOOP('',(#13983,#13984,#13985,#13986));
#13983 = ORIENTED_EDGE('',*,*,#13712,.F.);
#13984 = ORIENTED_EDGE('',*,*,#9005,.T.);
#13985 = ORIENTED_EDGE('',*,*,#13910,.T.);
#13986 = ORIENTED_EDGE('',*,*,#13987,.F.);
#13987 = EDGE_CURVE('',#13713,#13911,#13988,.T.);
#13988 = SURFACE_CURVE('',#13989,(#13993,#14000),.PCURVE_S1.);
#13989 = LINE('',#13990,#13991);
#13990 = CARTESIAN_POINT('',(33.,32.6,-8.55));
#13991 = VECTOR('',#13992,1.);
#13992 = DIRECTION('',(0.,1.,0.));
#13993 = PCURVE('',#9020,#13994);
#13994 = DEFINITIONAL_REPRESENTATION('',(#13995),#13999);
#13995 = LINE('',#13996,#13997);
#13996 = CARTESIAN_POINT('',(2.,0.));
#13997 = VECTOR('',#13998,1.);
#13998 = DIRECTION('',(0.,-1.));
#13999 = ( GEOMETRIC_REPRESENTATION_CONTEXT(2) 
PARAMETRIC_REPRESENTATION_CONTEXT() REPRESENTATION_CONTEXT('2D SPACE',''
  ) );
#14000 = PCURVE('',#13749,#14001);
#14001 = DEFINITIONAL_REPRESENTATION('',(#14002),#14006);
#14002 = LINE('',#14003,#14004);
#14003 = CARTESIAN_POINT('',(3.8,0.));
#14004 = VECTOR('',#14005,1.);
#14005 = DIRECTION('',(0.,1.));
#14006 = ( GEOMETRIC_REPRESENTATION_CONTEXT(2) 
PARAMETRIC_REPRESENTATION_CONTEXT() REPRESENTATION_CONTEXT('2D SPACE',''
  ) );
#14007 = ADVANCED_FACE('',(#14008),#9069,.F.);
#14008 = FACE_BOUND('',#14009,.F.);
#14009 = EDGE_LOOP('',(#14010,#14033,#14034,#14057,#14085,#14106,#14107,
    #14130));
#14010 = ORIENTED_EDGE('',*,*,#14011,.F.);
#14011 = EDGE_CURVE('',#9053,#14012,#14014,.T.);
#14012 = VERTEX_POINT('',#14013);
#14013 = CARTESIAN_POINT('',(46.5,38.1,-8.55));
#14014 = SURFACE_CURVE('',#14015,(#14019,#14026),.PCURVE_S1.);
#14015 = LINE('',#14016,#14017);
#14016 = CARTESIAN_POINT('',(46.5,38.1,-10.55));
#14017 = VECTOR('',#14018,1.);
#14018 = DIRECTION('',(0.,0.,1.));
#14019 = PCURVE('',#9069,#14020);
#14020 = DEFINITIONAL_REPRESENTATION('',(#14021),#14025);
#14021 = LINE('',#14022,#14023);
#14022 = CARTESIAN_POINT('',(0.,0.8));
#14023 = VECTOR('',#14024,1.);
#14024 = DIRECTION('',(1.,0.));
#14025 = ( GEOMETRIC_REPRESENTATION_CONTEXT(2) 
PARAMETRIC_REPRESENTATION_CONTEXT() REPRESENTATION_CONTEXT('2D SPACE',''
  ) );
#14026 = PCURVE('',#9145,#14027);
#14027 = DEFINITIONAL_REPRESENTATION('',(#14028),#14032);
#14028 = LINE('',#14029,#14030);
#14029 = CARTESIAN_POINT('',(0.,0.));
#14030 = VECTOR('',#14031,1.);
#14031 = DIRECTION('',(1.,0.));
#14032 = ( GEOMETRIC_REPRESENTATION_CONTEXT(2) 
PARAMETRIC_REPRESENTATION_CONTEXT() REPRESENTATION_CONTEXT('2D SPACE',''
  ) );
#14033 = ORIENTED_EDGE('',*,*,#9052,.T.);
#14034 = ORIENTED_EDGE('',*,*,#14035,.T.);
#14035 = EDGE_CURVE('',#9055,#14036,#14038,.T.);
#14036 = VERTEX_POINT('',#14037);
#14037 = CARTESIAN_POINT('',(45.7,38.1,-7.85));
#14038 = SURFACE_CURVE('',#14039,(#14043,#14050),.PCURVE_S1.);
#14039 = LINE('',#14040,#14041);
#14040 = CARTESIAN_POINT('',(45.7,38.1,-10.55));
#14041 = VECTOR('',#14042,1.);
#14042 = DIRECTION('',(0.,0.,1.));
#14043 = PCURVE('',#9069,#14044);
#14044 = DEFINITIONAL_REPRESENTATION('',(#14045),#14049);
#14045 = LINE('',#14046,#14047);
#14046 = CARTESIAN_POINT('',(0.,0.));
#14047 = VECTOR('',#14048,1.);
#14048 = DIRECTION('',(1.,0.));
#14049 = ( GEOMETRIC_REPRESENTATION_CONTEXT(2) 
PARAMETRIC_REPRESENTATION_CONTEXT() REPRESENTATION_CONTEXT('2D SPACE',''
  ) );
#14050 = PCURVE('',#9095,#14051);
#14051 = DEFINITIONAL_REPRESENTATION('',(#14052),#14056);
#14052 = LINE('',#14053,#14054);
#14053 = CARTESIAN_POINT('',(0.,0.));
#14054 = VECTOR('',#14055,1.);
#14055 = DIRECTION('',(1.,0.));
#14056 = ( GEOMETRIC_REPRESENTATION_CONTEXT(2) 
PARAMETRIC_REPRESENTATION_CONTEXT() REPRESENTATION_CONTEXT('2D SPACE',''
  ) );
#14057 = ORIENTED_EDGE('',*,*,#14058,.T.);
#14058 = EDGE_CURVE('',#14036,#14059,#14061,.T.);
#14059 = VERTEX_POINT('',#14060);
#14060 = CARTESIAN_POINT('',(50.3,38.1,-7.85));
#14061 = SURFACE_CURVE('',#14062,(#14066,#14073),.PCURVE_S1.);
#14062 = LINE('',#14063,#14064);
#14063 = CARTESIAN_POINT('',(45.7,38.1,-7.85));
#14064 = VECTOR('',#14065,1.);
#14065 = DIRECTION('',(1.,0.,0.));
#14066 = PCURVE('',#9069,#14067);
#14067 = DEFINITIONAL_REPRESENTATION('',(#14068),#14072);
#14068 = LINE('',#14069,#14070);
#14069 = CARTESIAN_POINT('',(2.7,0.));
#14070 = VECTOR('',#14071,1.);
#14071 = DIRECTION('',(0.,1.));
#14072 = ( GEOMETRIC_REPRESENTATION_CONTEXT(2) 
PARAMETRIC_REPRESENTATION_CONTEXT() REPRESENTATION_CONTEXT('2D SPACE',''
  ) );
#14073 = PCURVE('',#14074,#14079);
#14074 = PLANE('',#14075);
#14075 = AXIS2_PLACEMENT_3D('',#14076,#14077,#14078);
#14076 = CARTESIAN_POINT('',(45.7,38.1,-7.85));
#14077 = DIRECTION('',(0.,0.,1.));
#14078 = DIRECTION('',(1.,0.,0.));
#14079 = DEFINITIONAL_REPRESENTATION('',(#14080),#14084);
#14080 = LINE('',#14081,#14082);
#14081 = CARTESIAN_POINT('',(0.,0.));
#14082 = VECTOR('',#14083,1.);
#14083 = DIRECTION('',(1.,0.));
#14084 = ( GEOMETRIC_REPRESENTATION_CONTEXT(2) 
PARAMETRIC_REPRESENTATION_CONTEXT() REPRESENTATION_CONTEXT('2D SPACE',''
  ) );
#14085 = ORIENTED_EDGE('',*,*,#14086,.F.);
#14086 = EDGE_CURVE('',#9159,#14059,#14087,.T.);
#14087 = SURFACE_CURVE('',#14088,(#14092,#14099),.PCURVE_S1.);
#14088 = LINE('',#14089,#14090);
#14089 = CARTESIAN_POINT('',(50.3,38.1,-10.55));
#14090 = VECTOR('',#14091,1.);
#14091 = DIRECTION('',(0.,0.,1.));
#14092 = PCURVE('',#9069,#14093);
#14093 = DEFINITIONAL_REPRESENTATION('',(#14094),#14098);
#14094 = LINE('',#14095,#14096);
#14095 = CARTESIAN_POINT('',(0.,4.6));
#14096 = VECTOR('',#14097,1.);
#14097 = DIRECTION('',(1.,0.));
#14098 = ( GEOMETRIC_REPRESENTATION_CONTEXT(2) 
PARAMETRIC_REPRESENTATION_CONTEXT() REPRESENTATION_CONTEXT('2D SPACE',''
  ) );
#14099 = PCURVE('',#9175,#14100);
#14100 = DEFINITIONAL_REPRESENTATION('',(#14101),#14105);
#14101 = LINE('',#14102,#14103);
#14102 = CARTESIAN_POINT('',(-2.,0.));
#14103 = VECTOR('',#14104,1.);
#14104 = DIRECTION('',(1.,0.));
#14105 = ( GEOMETRIC_REPRESENTATION_CONTEXT(2) 
PARAMETRIC_REPRESENTATION_CONTEXT() REPRESENTATION_CONTEXT('2D SPACE',''
  ) );
#14106 = ORIENTED_EDGE('',*,*,#9186,.T.);
#14107 = ORIENTED_EDGE('',*,*,#14108,.T.);
#14108 = EDGE_CURVE('',#9187,#14109,#14111,.T.);
#14109 = VERTEX_POINT('',#14110);
#14110 = CARTESIAN_POINT('',(49.5,38.1,-8.55));
#14111 = SURFACE_CURVE('',#14112,(#14116,#14123),.PCURVE_S1.);
#14112 = LINE('',#14113,#14114);
#14113 = CARTESIAN_POINT('',(49.5,38.1,-10.55));
#14114 = VECTOR('',#14115,1.);
#14115 = DIRECTION('',(0.,0.,1.));
#14116 = PCURVE('',#9069,#14117);
#14117 = DEFINITIONAL_REPRESENTATION('',(#14118),#14122);
#14118 = LINE('',#14119,#14120);
#14119 = CARTESIAN_POINT('',(0.,3.8));
#14120 = VECTOR('',#14121,1.);
#14121 = DIRECTION('',(1.,0.));
#14122 = ( GEOMETRIC_REPRESENTATION_CONTEXT(2) 
PARAMETRIC_REPRESENTATION_CONTEXT() REPRESENTATION_CONTEXT('2D SPACE',''
  ) );
#14123 = PCURVE('',#9222,#14124);
#14124 = DEFINITIONAL_REPRESENTATION('',(#14125),#14129);
#14125 = LINE('',#14126,#14127);
#14126 = CARTESIAN_POINT('',(0.,0.));
#14127 = VECTOR('',#14128,1.);
#14128 = DIRECTION('',(1.,0.));
#14129 = ( GEOMETRIC_REPRESENTATION_CONTEXT(2) 
PARAMETRIC_REPRESENTATION_CONTEXT() REPRESENTATION_CONTEXT('2D SPACE',''
  ) );
#14130 = ORIENTED_EDGE('',*,*,#14131,.F.);
#14131 = EDGE_CURVE('',#14012,#14109,#14132,.T.);
#14132 = SURFACE_CURVE('',#14133,(#14137,#14144),.PCURVE_S1.);
#14133 = LINE('',#14134,#14135);
#14134 = CARTESIAN_POINT('',(45.7,38.1,-8.55));
#14135 = VECTOR('',#14136,1.);
#14136 = DIRECTION('',(1.,0.,0.));
#14137 = PCURVE('',#9069,#14138);
#14138 = DEFINITIONAL_REPRESENTATION('',(#14139),#14143);
#14139 = LINE('',#14140,#14141);
#14140 = CARTESIAN_POINT('',(2.,0.));
#14141 = VECTOR('',#14142,1.);
#14142 = DIRECTION('',(0.,1.));
#14143 = ( GEOMETRIC_REPRESENTATION_CONTEXT(2) 
PARAMETRIC_REPRESENTATION_CONTEXT() REPRESENTATION_CONTEXT('2D SPACE',''
  ) );
#14144 = PCURVE('',#14145,#14150);
#14145 = PLANE('',#14146);
#14146 = AXIS2_PLACEMENT_3D('',#14147,#14148,#14149);
#14147 = CARTESIAN_POINT('',(45.7,38.1,-8.55));
#14148 = DIRECTION('',(0.,0.,1.));
#14149 = DIRECTION('',(1.,0.,0.));
#14150 = DEFINITIONAL_REPRESENTATION('',(#14151),#14155);
#14151 = LINE('',#14152,#14153);
#14152 = CARTESIAN_POINT('',(0.,0.));
#14153 = VECTOR('',#14154,1.);
#14154 = DIRECTION('',(1.,0.));
#14155 = ( GEOMETRIC_REPRESENTATION_CONTEXT(2) 
PARAMETRIC_REPRESENTATION_CONTEXT() REPRESENTATION_CONTEXT('2D SPACE',''
  ) );
#14156 = ADVANCED_FACE('',(#14157),#9145,.T.);
#14157 = FACE_BOUND('',#14158,.T.);
#14158 = EDGE_LOOP('',(#14159,#14160,#14161,#14184));
#14159 = ORIENTED_EDGE('',*,*,#14011,.F.);
#14160 = ORIENTED_EDGE('',*,*,#9132,.T.);
#14161 = ORIENTED_EDGE('',*,*,#14162,.T.);
#14162 = EDGE_CURVE('',#9107,#14163,#14165,.T.);
#14163 = VERTEX_POINT('',#14164);
#14164 = CARTESIAN_POINT('',(46.5,40.5,-8.55));
#14165 = SURFACE_CURVE('',#14166,(#14170,#14177),.PCURVE_S1.);
#14166 = LINE('',#14167,#14168);
#14167 = CARTESIAN_POINT('',(46.5,40.5,-10.55));
#14168 = VECTOR('',#14169,1.);
#14169 = DIRECTION('',(0.,0.,1.));
#14170 = PCURVE('',#9145,#14171);
#14171 = DEFINITIONAL_REPRESENTATION('',(#14172),#14176);
#14172 = LINE('',#14173,#14174);
#14173 = CARTESIAN_POINT('',(0.,-2.4));
#14174 = VECTOR('',#14175,1.);
#14175 = DIRECTION('',(1.,0.));
#14176 = ( GEOMETRIC_REPRESENTATION_CONTEXT(2) 
PARAMETRIC_REPRESENTATION_CONTEXT() REPRESENTATION_CONTEXT('2D SPACE',''
  ) );
#14177 = PCURVE('',#9121,#14178);
#14178 = DEFINITIONAL_REPRESENTATION('',(#14179),#14183);
#14179 = LINE('',#14180,#14181);
#14180 = CARTESIAN_POINT('',(0.,0.8));
#14181 = VECTOR('',#14182,1.);
#14182 = DIRECTION('',(1.,0.));
#14183 = ( GEOMETRIC_REPRESENTATION_CONTEXT(2) 
PARAMETRIC_REPRESENTATION_CONTEXT() REPRESENTATION_CONTEXT('2D SPACE',''
  ) );
#14184 = ORIENTED_EDGE('',*,*,#14185,.F.);
#14185 = EDGE_CURVE('',#14012,#14163,#14186,.T.);
#14186 = SURFACE_CURVE('',#14187,(#14191,#14198),.PCURVE_S1.);
#14187 = LINE('',#14188,#14189);
#14188 = CARTESIAN_POINT('',(46.5,38.1,-8.55));
#14189 = VECTOR('',#14190,1.);
#14190 = DIRECTION('',(0.,1.,0.));
#14191 = PCURVE('',#9145,#14192);
#14192 = DEFINITIONAL_REPRESENTATION('',(#14193),#14197);
#14193 = LINE('',#14194,#14195);
#14194 = CARTESIAN_POINT('',(2.,0.));
#14195 = VECTOR('',#14196,1.);
#14196 = DIRECTION('',(0.,-1.));
#14197 = ( GEOMETRIC_REPRESENTATION_CONTEXT(2) 
PARAMETRIC_REPRESENTATION_CONTEXT() REPRESENTATION_CONTEXT('2D SPACE',''
  ) );
#14198 = PCURVE('',#14145,#14199);
#14199 = DEFINITIONAL_REPRESENTATION('',(#14200),#14204);
#14200 = LINE('',#14201,#14202);
#14201 = CARTESIAN_POINT('',(0.8,0.));
#14202 = VECTOR('',#14203,1.);
#14203 = DIRECTION('',(0.,1.));
#14204 = ( GEOMETRIC_REPRESENTATION_CONTEXT(2) 
PARAMETRIC_REPRESENTATION_CONTEXT() REPRESENTATION_CONTEXT('2D SPACE',''
  ) );
#14205 = ADVANCED_FACE('',(#14206),#9095,.F.);
#14206 = FACE_BOUND('',#14207,.F.);
#14207 = EDGE_LOOP('',(#14208,#14209,#14210,#14233));
#14208 = ORIENTED_EDGE('',*,*,#14035,.F.);
#14209 = ORIENTED_EDGE('',*,*,#9080,.T.);
#14210 = ORIENTED_EDGE('',*,*,#14211,.F.);
#14211 = EDGE_CURVE('',#14212,#9081,#14214,.T.);
#14212 = VERTEX_POINT('',#14213);
#14213 = CARTESIAN_POINT('',(45.7,40.5,-7.85));
#14214 = SURFACE_CURVE('',#14215,(#14219,#14226),.PCURVE_S1.);
#14215 = LINE('',#14216,#14217);
#14216 = CARTESIAN_POINT('',(45.7,40.5,-7.85));
#14217 = VECTOR('',#14218,1.);
#14218 = DIRECTION('',(0.,0.,-1.));
#14219 = PCURVE('',#9095,#14220);
#14220 = DEFINITIONAL_REPRESENTATION('',(#14221),#14225);
#14221 = LINE('',#14222,#14223);
#14222 = CARTESIAN_POINT('',(2.7,-2.4));
#14223 = VECTOR('',#14224,1.);
#14224 = DIRECTION('',(-1.,0.));
#14225 = ( GEOMETRIC_REPRESENTATION_CONTEXT(2) 
PARAMETRIC_REPRESENTATION_CONTEXT() REPRESENTATION_CONTEXT('2D SPACE',''
  ) );
#14226 = PCURVE('',#9121,#14227);
#14227 = DEFINITIONAL_REPRESENTATION('',(#14228),#14232);
#14228 = LINE('',#14229,#14230);
#14229 = CARTESIAN_POINT('',(2.7,0.));
#14230 = VECTOR('',#14231,1.);
#14231 = DIRECTION('',(-1.,0.));
#14232 = ( GEOMETRIC_REPRESENTATION_CONTEXT(2) 
PARAMETRIC_REPRESENTATION_CONTEXT() REPRESENTATION_CONTEXT('2D SPACE',''
  ) );
#14233 = ORIENTED_EDGE('',*,*,#14234,.F.);
#14234 = EDGE_CURVE('',#14036,#14212,#14235,.T.);
#14235 = SURFACE_CURVE('',#14236,(#14240,#14247),.PCURVE_S1.);
#14236 = LINE('',#14237,#14238);
#14237 = CARTESIAN_POINT('',(45.7,38.1,-7.85));
#14238 = VECTOR('',#14239,1.);
#14239 = DIRECTION('',(0.,1.,0.));
#14240 = PCURVE('',#9095,#14241);
#14241 = DEFINITIONAL_REPRESENTATION('',(#14242),#14246);
#14242 = LINE('',#14243,#14244);
#14243 = CARTESIAN_POINT('',(2.7,0.));
#14244 = VECTOR('',#14245,1.);
#14245 = DIRECTION('',(0.,-1.));
#14246 = ( GEOMETRIC_REPRESENTATION_CONTEXT(2) 
PARAMETRIC_REPRESENTATION_CONTEXT() REPRESENTATION_CONTEXT('2D SPACE',''
  ) );
#14247 = PCURVE('',#14074,#14248);
#14248 = DEFINITIONAL_REPRESENTATION('',(#14249),#14253);
#14249 = LINE('',#14250,#14251);
#14250 = CARTESIAN_POINT('',(0.,0.));
#14251 = VECTOR('',#14252,1.);
#14252 = DIRECTION('',(0.,1.));
#14253 = ( GEOMETRIC_REPRESENTATION_CONTEXT(2) 
PARAMETRIC_REPRESENTATION_CONTEXT() REPRESENTATION_CONTEXT('2D SPACE',''
  ) );
#14254 = ADVANCED_FACE('',(#14255),#9121,.T.);
#14255 = FACE_BOUND('',#14256,.T.);
#14256 = EDGE_LOOP('',(#14257,#14258,#14259,#14260,#14283,#14304,#14305,
    #14328));
#14257 = ORIENTED_EDGE('',*,*,#14162,.F.);
#14258 = ORIENTED_EDGE('',*,*,#9106,.T.);
#14259 = ORIENTED_EDGE('',*,*,#14211,.F.);
#14260 = ORIENTED_EDGE('',*,*,#14261,.T.);
#14261 = EDGE_CURVE('',#14212,#14262,#14264,.T.);
#14262 = VERTEX_POINT('',#14263);
#14263 = CARTESIAN_POINT('',(50.3,40.5,-7.85));
#14264 = SURFACE_CURVE('',#14265,(#14269,#14276),.PCURVE_S1.);
#14265 = LINE('',#14266,#14267);
#14266 = CARTESIAN_POINT('',(45.7,40.5,-7.85));
#14267 = VECTOR('',#14268,1.);
#14268 = DIRECTION('',(1.,0.,0.));
#14269 = PCURVE('',#9121,#14270);
#14270 = DEFINITIONAL_REPRESENTATION('',(#14271),#14275);
#14271 = LINE('',#14272,#14273);
#14272 = CARTESIAN_POINT('',(2.7,0.));
#14273 = VECTOR('',#14274,1.);
#14274 = DIRECTION('',(0.,1.));
#14275 = ( GEOMETRIC_REPRESENTATION_CONTEXT(2) 
PARAMETRIC_REPRESENTATION_CONTEXT() REPRESENTATION_CONTEXT('2D SPACE',''
  ) );
#14276 = PCURVE('',#14074,#14277);
#14277 = DEFINITIONAL_REPRESENTATION('',(#14278),#14282);
#14278 = LINE('',#14279,#14280);
#14279 = CARTESIAN_POINT('',(0.,2.4));
#14280 = VECTOR('',#14281,1.);
#14281 = DIRECTION('',(1.,0.));
#14282 = ( GEOMETRIC_REPRESENTATION_CONTEXT(2) 
PARAMETRIC_REPRESENTATION_CONTEXT() REPRESENTATION_CONTEXT('2D SPACE',''
  ) );
#14283 = ORIENTED_EDGE('',*,*,#14284,.T.);
#14284 = EDGE_CURVE('',#14262,#9161,#14285,.T.);
#14285 = SURFACE_CURVE('',#14286,(#14290,#14297),.PCURVE_S1.);
#14286 = LINE('',#14287,#14288);
#14287 = CARTESIAN_POINT('',(50.3,40.5,-7.85));
#14288 = VECTOR('',#14289,1.);
#14289 = DIRECTION('',(0.,0.,-1.));
#14290 = PCURVE('',#9121,#14291);
#14291 = DEFINITIONAL_REPRESENTATION('',(#14292),#14296);
#14292 = LINE('',#14293,#14294);
#14293 = CARTESIAN_POINT('',(2.7,4.6));
#14294 = VECTOR('',#14295,1.);
#14295 = DIRECTION('',(-1.,0.));
#14296 = ( GEOMETRIC_REPRESENTATION_CONTEXT(2) 
PARAMETRIC_REPRESENTATION_CONTEXT() REPRESENTATION_CONTEXT('2D SPACE',''
  ) );
#14297 = PCURVE('',#9175,#14298);
#14298 = DEFINITIONAL_REPRESENTATION('',(#14299),#14303);
#14299 = LINE('',#14300,#14301);
#14300 = CARTESIAN_POINT('',(0.7,-2.4));
#14301 = VECTOR('',#14302,1.);
#14302 = DIRECTION('',(-1.,0.));
#14303 = ( GEOMETRIC_REPRESENTATION_CONTEXT(2) 
PARAMETRIC_REPRESENTATION_CONTEXT() REPRESENTATION_CONTEXT('2D SPACE',''
  ) );
#14304 = ORIENTED_EDGE('',*,*,#9233,.T.);
#14305 = ORIENTED_EDGE('',*,*,#14306,.T.);
#14306 = EDGE_CURVE('',#9208,#14307,#14309,.T.);
#14307 = VERTEX_POINT('',#14308);
#14308 = CARTESIAN_POINT('',(49.5,40.5,-8.55));
#14309 = SURFACE_CURVE('',#14310,(#14314,#14321),.PCURVE_S1.);
#14310 = LINE('',#14311,#14312);
#14311 = CARTESIAN_POINT('',(49.5,40.5,-10.55));
#14312 = VECTOR('',#14313,1.);
#14313 = DIRECTION('',(0.,0.,1.));
#14314 = PCURVE('',#9121,#14315);
#14315 = DEFINITIONAL_REPRESENTATION('',(#14316),#14320);
#14316 = LINE('',#14317,#14318);
#14317 = CARTESIAN_POINT('',(0.,3.8));
#14318 = VECTOR('',#14319,1.);
#14319 = DIRECTION('',(1.,0.));
#14320 = ( GEOMETRIC_REPRESENTATION_CONTEXT(2) 
PARAMETRIC_REPRESENTATION_CONTEXT() REPRESENTATION_CONTEXT('2D SPACE',''
  ) );
#14321 = PCURVE('',#9222,#14322);
#14322 = DEFINITIONAL_REPRESENTATION('',(#14323),#14327);
#14323 = LINE('',#14324,#14325);
#14324 = CARTESIAN_POINT('',(0.,-2.4));
#14325 = VECTOR('',#14326,1.);
#14326 = DIRECTION('',(1.,0.));
#14327 = ( GEOMETRIC_REPRESENTATION_CONTEXT(2) 
PARAMETRIC_REPRESENTATION_CONTEXT() REPRESENTATION_CONTEXT('2D SPACE',''
  ) );
#14328 = ORIENTED_EDGE('',*,*,#14329,.F.);
#14329 = EDGE_CURVE('',#14163,#14307,#14330,.T.);
#14330 = SURFACE_CURVE('',#14331,(#14335,#14342),.PCURVE_S1.);
#14331 = LINE('',#14332,#14333);
#14332 = CARTESIAN_POINT('',(45.7,40.5,-8.55));
#14333 = VECTOR('',#14334,1.);
#14334 = DIRECTION('',(1.,0.,0.));
#14335 = PCURVE('',#9121,#14336);
#14336 = DEFINITIONAL_REPRESENTATION('',(#14337),#14341);
#14337 = LINE('',#14338,#14339);
#14338 = CARTESIAN_POINT('',(2.,0.));
#14339 = VECTOR('',#14340,1.);
#14340 = DIRECTION('',(0.,1.));
#14341 = ( GEOMETRIC_REPRESENTATION_CONTEXT(2) 
PARAMETRIC_REPRESENTATION_CONTEXT() REPRESENTATION_CONTEXT('2D SPACE',''
  ) );
#14342 = PCURVE('',#14145,#14343);
#14343 = DEFINITIONAL_REPRESENTATION('',(#14344),#14348);
#14344 = LINE('',#14345,#14346);
#14345 = CARTESIAN_POINT('',(0.,2.4));
#14346 = VECTOR('',#14347,1.);
#14347 = DIRECTION('',(1.,0.));
#14348 = ( GEOMETRIC_REPRESENTATION_CONTEXT(2) 
PARAMETRIC_REPRESENTATION_CONTEXT() REPRESENTATION_CONTEXT('2D SPACE',''
  ) );
#14349 = ADVANCED_FACE('',(#14350),#9175,.T.);
#14350 = FACE_BOUND('',#14351,.T.);
#14351 = EDGE_LOOP('',(#14352,#14353,#14354,#14355));
#14352 = ORIENTED_EDGE('',*,*,#14086,.F.);
#14353 = ORIENTED_EDGE('',*,*,#9158,.T.);
#14354 = ORIENTED_EDGE('',*,*,#14284,.F.);
#14355 = ORIENTED_EDGE('',*,*,#14356,.F.);
#14356 = EDGE_CURVE('',#14059,#14262,#14357,.T.);
#14357 = SURFACE_CURVE('',#14358,(#14362,#14369),.PCURVE_S1.);
#14358 = LINE('',#14359,#14360);
#14359 = CARTESIAN_POINT('',(50.3,38.1,-7.85));
#14360 = VECTOR('',#14361,1.);
#14361 = DIRECTION('',(0.,1.,0.));
#14362 = PCURVE('',#9175,#14363);
#14363 = DEFINITIONAL_REPRESENTATION('',(#14364),#14368);
#14364 = LINE('',#14365,#14366);
#14365 = CARTESIAN_POINT('',(0.7,0.));
#14366 = VECTOR('',#14367,1.);
#14367 = DIRECTION('',(0.,-1.));
#14368 = ( GEOMETRIC_REPRESENTATION_CONTEXT(2) 
PARAMETRIC_REPRESENTATION_CONTEXT() REPRESENTATION_CONTEXT('2D SPACE',''
  ) );
#14369 = PCURVE('',#14074,#14370);
#14370 = DEFINITIONAL_REPRESENTATION('',(#14371),#14375);
#14371 = LINE('',#14372,#14373);
#14372 = CARTESIAN_POINT('',(4.6,0.));
#14373 = VECTOR('',#14374,1.);
#14374 = DIRECTION('',(0.,1.));
#14375 = ( GEOMETRIC_REPRESENTATION_CONTEXT(2) 
PARAMETRIC_REPRESENTATION_CONTEXT() REPRESENTATION_CONTEXT('2D SPACE',''
  ) );
#14376 = ADVANCED_FACE('',(#14377),#9222,.F.);
#14377 = FACE_BOUND('',#14378,.F.);
#14378 = EDGE_LOOP('',(#14379,#14380,#14381,#14382));
#14379 = ORIENTED_EDGE('',*,*,#14108,.F.);
#14380 = ORIENTED_EDGE('',*,*,#9207,.T.);
#14381 = ORIENTED_EDGE('',*,*,#14306,.T.);
#14382 = ORIENTED_EDGE('',*,*,#14383,.F.);
#14383 = EDGE_CURVE('',#14109,#14307,#14384,.T.);
#14384 = SURFACE_CURVE('',#14385,(#14389,#14396),.PCURVE_S1.);
#14385 = LINE('',#14386,#14387);
#14386 = CARTESIAN_POINT('',(49.5,38.1,-8.55));
#14387 = VECTOR('',#14388,1.);
#14388 = DIRECTION('',(0.,1.,0.));
#14389 = PCURVE('',#9222,#14390);
#14390 = DEFINITIONAL_REPRESENTATION('',(#14391),#14395);
#14391 = LINE('',#14392,#14393);
#14392 = CARTESIAN_POINT('',(2.,0.));
#14393 = VECTOR('',#14394,1.);
#14394 = DIRECTION('',(0.,-1.));
#14395 = ( GEOMETRIC_REPRESENTATION_CONTEXT(2) 
PARAMETRIC_REPRESENTATION_CONTEXT() REPRESENTATION_CONTEXT('2D SPACE',''
  ) );
#14396 = PCURVE('',#14145,#14397);
#14397 = DEFINITIONAL_REPRESENTATION('',(#14398),#14402);
#14398 = LINE('',#14399,#14400);
#14399 = CARTESIAN_POINT('',(3.8,0.));
#14400 = VECTOR('',#14401,1.);
#14401 = DIRECTION('',(0.,1.));
#14402 = ( GEOMETRIC_REPRESENTATION_CONTEXT(2) 
PARAMETRIC_REPRESENTATION_CONTEXT() REPRESENTATION_CONTEXT('2D SPACE',''
  ) );
#14403 = ADVANCED_FACE('',(#14404),#9275,.T.);
#14404 = FACE_BOUND('',#14405,.F.);
#14405 = EDGE_LOOP('',(#14406,#14407,#14430,#14457));
#14406 = ORIENTED_EDGE('',*,*,#9254,.T.);
#14407 = ORIENTED_EDGE('',*,*,#14408,.T.);
#14408 = EDGE_CURVE('',#9255,#14409,#14411,.T.);
#14409 = VERTEX_POINT('',#14410);
#14410 = CARTESIAN_POINT('',(57.,37.,-1.E-01));
#14411 = SEAM_CURVE('',#14412,(#14416,#14423),.PCURVE_S1.);
#14412 = LINE('',#14413,#14414);
#14413 = CARTESIAN_POINT('',(57.,37.,-10.8));
#14414 = VECTOR('',#14415,1.);
#14415 = DIRECTION('',(0.,0.,1.));
#14416 = PCURVE('',#9275,#14417);
#14417 = DEFINITIONAL_REPRESENTATION('',(#14418),#14422);
#14418 = LINE('',#14419,#14420);
#14419 = CARTESIAN_POINT('',(-6.28318530718,0.));
#14420 = VECTOR('',#14421,1.);
#14421 = DIRECTION('',(-0.,-1.));
#14422 = ( GEOMETRIC_REPRESENTATION_CONTEXT(2) 
PARAMETRIC_REPRESENTATION_CONTEXT() REPRESENTATION_CONTEXT('2D SPACE',''
  ) );
#14423 = PCURVE('',#9275,#14424);
#14424 = DEFINITIONAL_REPRESENTATION('',(#14425),#14429);
#14425 = LINE('',#14426,#14427);
#14426 = CARTESIAN_POINT('',(-0.,0.));
#14427 = VECTOR('',#14428,1.);
#14428 = DIRECTION('',(-0.,-1.));
#14429 = ( GEOMETRIC_REPRESENTATION_CONTEXT(2) 
PARAMETRIC_REPRESENTATION_CONTEXT() REPRESENTATION_CONTEXT('2D SPACE',''
  ) );
#14430 = ORIENTED_EDGE('',*,*,#14431,.T.);
#14431 = EDGE_CURVE('',#14409,#14409,#14432,.T.);
#14432 = SURFACE_CURVE('',#14433,(#14438,#14445),.PCURVE_S1.);
#14433 = CIRCLE('',#14434,3.);
#14434 = AXIS2_PLACEMENT_3D('',#14435,#14436,#14437);
#14435 = CARTESIAN_POINT('',(54.,37.,-1.E-01));
#14436 = DIRECTION('',(0.,0.,1.));
#14437 = DIRECTION('',(1.,0.,0.));
#14438 = PCURVE('',#9275,#14439);
#14439 = DEFINITIONAL_REPRESENTATION('',(#14440),#14444);
#14440 = LINE('',#14441,#14442);
#14441 = CARTESIAN_POINT('',(-0.,-10.7));
#14442 = VECTOR('',#14443,1.);
#14443 = DIRECTION('',(-1.,0.));
#14444 = ( GEOMETRIC_REPRESENTATION_CONTEXT(2) 
PARAMETRIC_REPRESENTATION_CONTEXT() REPRESENTATION_CONTEXT('2D SPACE',''
  ) );
#14445 = PCURVE('',#14446,#14451);
#14446 = PLANE('',#14447);
#14447 = AXIS2_PLACEMENT_3D('',#14448,#14449,#14450);
#14448 = CARTESIAN_POINT('',(54.,37.,-1.E-01));
#14449 = DIRECTION('',(0.,0.,1.));
#14450 = DIRECTION('',(1.,0.,-0.));
#14451 = DEFINITIONAL_REPRESENTATION('',(#14452),#14456);
#14452 = CIRCLE('',#14453,3.);
#14453 = AXIS2_PLACEMENT_2D('',#14454,#14455);
#14454 = CARTESIAN_POINT('',(0.,0.));
#14455 = DIRECTION('',(1.,0.));
#14456 = ( GEOMETRIC_REPRESENTATION_CONTEXT(2) 
PARAMETRIC_REPRESENTATION_CONTEXT() REPRESENTATION_CONTEXT('2D SPACE',''
  ) );
#14457 = ORIENTED_EDGE('',*,*,#14408,.F.);
#14458 = ADVANCED_FACE('',(#14459),#9306,.F.);
#14459 = FACE_BOUND('',#14460,.F.);
#14460 = EDGE_LOOP('',(#14461,#14484,#14485,#14508,#14536,#14557,#14558,
    #14581));
#14461 = ORIENTED_EDGE('',*,*,#14462,.F.);
#14462 = EDGE_CURVE('',#9290,#14463,#14465,.T.);
#14463 = VERTEX_POINT('',#14464);
#14464 = CARTESIAN_POINT('',(58.1,44.8,-8.55));
#14465 = SURFACE_CURVE('',#14466,(#14470,#14477),.PCURVE_S1.);
#14466 = LINE('',#14467,#14468);
#14467 = CARTESIAN_POINT('',(58.1,44.8,-10.55));
#14468 = VECTOR('',#14469,1.);
#14469 = DIRECTION('',(0.,0.,1.));
#14470 = PCURVE('',#9306,#14471);
#14471 = DEFINITIONAL_REPRESENTATION('',(#14472),#14476);
#14472 = LINE('',#14473,#14474);
#14473 = CARTESIAN_POINT('',(0.,0.8));
#14474 = VECTOR('',#14475,1.);
#14475 = DIRECTION('',(1.,0.));
#14476 = ( GEOMETRIC_REPRESENTATION_CONTEXT(2) 
PARAMETRIC_REPRESENTATION_CONTEXT() REPRESENTATION_CONTEXT('2D SPACE',''
  ) );
#14477 = PCURVE('',#9382,#14478);
#14478 = DEFINITIONAL_REPRESENTATION('',(#14479),#14483);
#14479 = LINE('',#14480,#14481);
#14480 = CARTESIAN_POINT('',(0.,0.));
#14481 = VECTOR('',#14482,1.);
#14482 = DIRECTION('',(1.,0.));
#14483 = ( GEOMETRIC_REPRESENTATION_CONTEXT(2) 
PARAMETRIC_REPRESENTATION_CONTEXT() REPRESENTATION_CONTEXT('2D SPACE',''
  ) );
#14484 = ORIENTED_EDGE('',*,*,#9289,.T.);
#14485 = ORIENTED_EDGE('',*,*,#14486,.T.);
#14486 = EDGE_CURVE('',#9292,#14487,#14489,.T.);
#14487 = VERTEX_POINT('',#14488);
#14488 = CARTESIAN_POINT('',(57.3,44.8,-7.85));
#14489 = SURFACE_CURVE('',#14490,(#14494,#14501),.PCURVE_S1.);
#14490 = LINE('',#14491,#14492);
#14491 = CARTESIAN_POINT('',(57.3,44.8,-10.55));
#14492 = VECTOR('',#14493,1.);
#14493 = DIRECTION('',(0.,0.,1.));
#14494 = PCURVE('',#9306,#14495);
#14495 = DEFINITIONAL_REPRESENTATION('',(#14496),#14500);
#14496 = LINE('',#14497,#14498);
#14497 = CARTESIAN_POINT('',(0.,0.));
#14498 = VECTOR('',#14499,1.);
#14499 = DIRECTION('',(1.,0.));
#14500 = ( GEOMETRIC_REPRESENTATION_CONTEXT(2) 
PARAMETRIC_REPRESENTATION_CONTEXT() REPRESENTATION_CONTEXT('2D SPACE',''
  ) );
#14501 = PCURVE('',#9332,#14502);
#14502 = DEFINITIONAL_REPRESENTATION('',(#14503),#14507);
#14503 = LINE('',#14504,#14505);
#14504 = CARTESIAN_POINT('',(0.,0.));
#14505 = VECTOR('',#14506,1.);
#14506 = DIRECTION('',(1.,0.));
#14507 = ( GEOMETRIC_REPRESENTATION_CONTEXT(2) 
PARAMETRIC_REPRESENTATION_CONTEXT() REPRESENTATION_CONTEXT('2D SPACE',''
  ) );
#14508 = ORIENTED_EDGE('',*,*,#14509,.T.);
#14509 = EDGE_CURVE('',#14487,#14510,#14512,.T.);
#14510 = VERTEX_POINT('',#14511);
#14511 = CARTESIAN_POINT('',(61.9,44.8,-7.85));
#14512 = SURFACE_CURVE('',#14513,(#14517,#14524),.PCURVE_S1.);
#14513 = LINE('',#14514,#14515);
#14514 = CARTESIAN_POINT('',(57.3,44.8,-7.85));
#14515 = VECTOR('',#14516,1.);
#14516 = DIRECTION('',(1.,0.,0.));
#14517 = PCURVE('',#9306,#14518);
#14518 = DEFINITIONAL_REPRESENTATION('',(#14519),#14523);
#14519 = LINE('',#14520,#14521);
#14520 = CARTESIAN_POINT('',(2.7,0.));
#14521 = VECTOR('',#14522,1.);
#14522 = DIRECTION('',(0.,1.));
#14523 = ( GEOMETRIC_REPRESENTATION_CONTEXT(2) 
PARAMETRIC_REPRESENTATION_CONTEXT() REPRESENTATION_CONTEXT('2D SPACE',''
  ) );
#14524 = PCURVE('',#14525,#14530);
#14525 = PLANE('',#14526);
#14526 = AXIS2_PLACEMENT_3D('',#14527,#14528,#14529);
#14527 = CARTESIAN_POINT('',(57.3,44.8,-7.85));
#14528 = DIRECTION('',(0.,0.,1.));
#14529 = DIRECTION('',(1.,0.,0.));
#14530 = DEFINITIONAL_REPRESENTATION('',(#14531),#14535);
#14531 = LINE('',#14532,#14533);
#14532 = CARTESIAN_POINT('',(0.,0.));
#14533 = VECTOR('',#14534,1.);
#14534 = DIRECTION('',(1.,0.));
#14535 = ( GEOMETRIC_REPRESENTATION_CONTEXT(2) 
PARAMETRIC_REPRESENTATION_CONTEXT() REPRESENTATION_CONTEXT('2D SPACE',''
  ) );
#14536 = ORIENTED_EDGE('',*,*,#14537,.F.);
#14537 = EDGE_CURVE('',#9396,#14510,#14538,.T.);
#14538 = SURFACE_CURVE('',#14539,(#14543,#14550),.PCURVE_S1.);
#14539 = LINE('',#14540,#14541);
#14540 = CARTESIAN_POINT('',(61.9,44.8,-10.55));
#14541 = VECTOR('',#14542,1.);
#14542 = DIRECTION('',(0.,0.,1.));
#14543 = PCURVE('',#9306,#14544);
#14544 = DEFINITIONAL_REPRESENTATION('',(#14545),#14549);
#14545 = LINE('',#14546,#14547);
#14546 = CARTESIAN_POINT('',(0.,4.6));
#14547 = VECTOR('',#14548,1.);
#14548 = DIRECTION('',(1.,0.));
#14549 = ( GEOMETRIC_REPRESENTATION_CONTEXT(2) 
PARAMETRIC_REPRESENTATION_CONTEXT() REPRESENTATION_CONTEXT('2D SPACE',''
  ) );
#14550 = PCURVE('',#9412,#14551);
#14551 = DEFINITIONAL_REPRESENTATION('',(#14552),#14556);
#14552 = LINE('',#14553,#14554);
#14553 = CARTESIAN_POINT('',(-2.,0.));
#14554 = VECTOR('',#14555,1.);
#14555 = DIRECTION('',(1.,0.));
#14556 = ( GEOMETRIC_REPRESENTATION_CONTEXT(2) 
PARAMETRIC_REPRESENTATION_CONTEXT() REPRESENTATION_CONTEXT('2D SPACE',''
  ) );
#14557 = ORIENTED_EDGE('',*,*,#9423,.T.);
#14558 = ORIENTED_EDGE('',*,*,#14559,.T.);
#14559 = EDGE_CURVE('',#9424,#14560,#14562,.T.);
#14560 = VERTEX_POINT('',#14561);
#14561 = CARTESIAN_POINT('',(61.1,44.8,-8.55));
#14562 = SURFACE_CURVE('',#14563,(#14567,#14574),.PCURVE_S1.);
#14563 = LINE('',#14564,#14565);
#14564 = CARTESIAN_POINT('',(61.1,44.8,-10.55));
#14565 = VECTOR('',#14566,1.);
#14566 = DIRECTION('',(0.,0.,1.));
#14567 = PCURVE('',#9306,#14568);
#14568 = DEFINITIONAL_REPRESENTATION('',(#14569),#14573);
#14569 = LINE('',#14570,#14571);
#14570 = CARTESIAN_POINT('',(0.,3.8));
#14571 = VECTOR('',#14572,1.);
#14572 = DIRECTION('',(1.,0.));
#14573 = ( GEOMETRIC_REPRESENTATION_CONTEXT(2) 
PARAMETRIC_REPRESENTATION_CONTEXT() REPRESENTATION_CONTEXT('2D SPACE',''
  ) );
#14574 = PCURVE('',#9459,#14575);
#14575 = DEFINITIONAL_REPRESENTATION('',(#14576),#14580);
#14576 = LINE('',#14577,#14578);
#14577 = CARTESIAN_POINT('',(0.,0.));
#14578 = VECTOR('',#14579,1.);
#14579 = DIRECTION('',(1.,0.));
#14580 = ( GEOMETRIC_REPRESENTATION_CONTEXT(2) 
PARAMETRIC_REPRESENTATION_CONTEXT() REPRESENTATION_CONTEXT('2D SPACE',''
  ) );
#14581 = ORIENTED_EDGE('',*,*,#14582,.F.);
#14582 = EDGE_CURVE('',#14463,#14560,#14583,.T.);
#14583 = SURFACE_CURVE('',#14584,(#14588,#14595),.PCURVE_S1.);
#14584 = LINE('',#14585,#14586);
#14585 = CARTESIAN_POINT('',(57.3,44.8,-8.55));
#14586 = VECTOR('',#14587,1.);
#14587 = DIRECTION('',(1.,0.,0.));
#14588 = PCURVE('',#9306,#14589);
#14589 = DEFINITIONAL_REPRESENTATION('',(#14590),#14594);
#14590 = LINE('',#14591,#14592);
#14591 = CARTESIAN_POINT('',(2.,0.));
#14592 = VECTOR('',#14593,1.);
#14593 = DIRECTION('',(0.,1.));
#14594 = ( GEOMETRIC_REPRESENTATION_CONTEXT(2) 
PARAMETRIC_REPRESENTATION_CONTEXT() REPRESENTATION_CONTEXT('2D SPACE',''
  ) );
#14595 = PCURVE('',#14596,#14601);
#14596 = PLANE('',#14597);
#14597 = AXIS2_PLACEMENT_3D('',#14598,#14599,#14600);
#14598 = CARTESIAN_POINT('',(57.3,44.8,-8.55));
#14599 = DIRECTION('',(0.,0.,1.));
#14600 = DIRECTION('',(1.,0.,0.));
#14601 = DEFINITIONAL_REPRESENTATION('',(#14602),#14606);
#14602 = LINE('',#14603,#14604);
#14603 = CARTESIAN_POINT('',(0.,0.));
#14604 = VECTOR('',#14605,1.);
#14605 = DIRECTION('',(1.,0.));
#14606 = ( GEOMETRIC_REPRESENTATION_CONTEXT(2) 
PARAMETRIC_REPRESENTATION_CONTEXT() REPRESENTATION_CONTEXT('2D SPACE',''
  ) );
#14607 = ADVANCED_FACE('',(#14608),#9382,.T.);
#14608 = FACE_BOUND('',#14609,.T.);
#14609 = EDGE_LOOP('',(#14610,#14611,#14612,#14635));
#14610 = ORIENTED_EDGE('',*,*,#14462,.F.);
#14611 = ORIENTED_EDGE('',*,*,#9369,.T.);
#14612 = ORIENTED_EDGE('',*,*,#14613,.T.);
#14613 = EDGE_CURVE('',#9344,#14614,#14616,.T.);
#14614 = VERTEX_POINT('',#14615);
#14615 = CARTESIAN_POINT('',(58.1,47.2,-8.55));
#14616 = SURFACE_CURVE('',#14617,(#14621,#14628),.PCURVE_S1.);
#14617 = LINE('',#14618,#14619);
#14618 = CARTESIAN_POINT('',(58.1,47.2,-10.55));
#14619 = VECTOR('',#14620,1.);
#14620 = DIRECTION('',(0.,0.,1.));
#14621 = PCURVE('',#9382,#14622);
#14622 = DEFINITIONAL_REPRESENTATION('',(#14623),#14627);
#14623 = LINE('',#14624,#14625);
#14624 = CARTESIAN_POINT('',(0.,-2.4));
#14625 = VECTOR('',#14626,1.);
#14626 = DIRECTION('',(1.,0.));
#14627 = ( GEOMETRIC_REPRESENTATION_CONTEXT(2) 
PARAMETRIC_REPRESENTATION_CONTEXT() REPRESENTATION_CONTEXT('2D SPACE',''
  ) );
#14628 = PCURVE('',#9358,#14629);
#14629 = DEFINITIONAL_REPRESENTATION('',(#14630),#14634);
#14630 = LINE('',#14631,#14632);
#14631 = CARTESIAN_POINT('',(0.,0.8));
#14632 = VECTOR('',#14633,1.);
#14633 = DIRECTION('',(1.,0.));
#14634 = ( GEOMETRIC_REPRESENTATION_CONTEXT(2) 
PARAMETRIC_REPRESENTATION_CONTEXT() REPRESENTATION_CONTEXT('2D SPACE',''
  ) );
#14635 = ORIENTED_EDGE('',*,*,#14636,.F.);
#14636 = EDGE_CURVE('',#14463,#14614,#14637,.T.);
#14637 = SURFACE_CURVE('',#14638,(#14642,#14649),.PCURVE_S1.);
#14638 = LINE('',#14639,#14640);
#14639 = CARTESIAN_POINT('',(58.1,44.8,-8.55));
#14640 = VECTOR('',#14641,1.);
#14641 = DIRECTION('',(0.,1.,0.));
#14642 = PCURVE('',#9382,#14643);
#14643 = DEFINITIONAL_REPRESENTATION('',(#14644),#14648);
#14644 = LINE('',#14645,#14646);
#14645 = CARTESIAN_POINT('',(2.,0.));
#14646 = VECTOR('',#14647,1.);
#14647 = DIRECTION('',(0.,-1.));
#14648 = ( GEOMETRIC_REPRESENTATION_CONTEXT(2) 
PARAMETRIC_REPRESENTATION_CONTEXT() REPRESENTATION_CONTEXT('2D SPACE',''
  ) );
#14649 = PCURVE('',#14596,#14650);
#14650 = DEFINITIONAL_REPRESENTATION('',(#14651),#14655);
#14651 = LINE('',#14652,#14653);
#14652 = CARTESIAN_POINT('',(0.8,0.));
#14653 = VECTOR('',#14654,1.);
#14654 = DIRECTION('',(0.,1.));
#14655 = ( GEOMETRIC_REPRESENTATION_CONTEXT(2) 
PARAMETRIC_REPRESENTATION_CONTEXT() REPRESENTATION_CONTEXT('2D SPACE',''
  ) );
#14656 = ADVANCED_FACE('',(#14657),#9332,.F.);
#14657 = FACE_BOUND('',#14658,.F.);
#14658 = EDGE_LOOP('',(#14659,#14660,#14661,#14684));
#14659 = ORIENTED_EDGE('',*,*,#14486,.F.);
#14660 = ORIENTED_EDGE('',*,*,#9317,.T.);
#14661 = ORIENTED_EDGE('',*,*,#14662,.F.);
#14662 = EDGE_CURVE('',#14663,#9318,#14665,.T.);
#14663 = VERTEX_POINT('',#14664);
#14664 = CARTESIAN_POINT('',(57.3,47.2,-7.85));
#14665 = SURFACE_CURVE('',#14666,(#14670,#14677),.PCURVE_S1.);
#14666 = LINE('',#14667,#14668);
#14667 = CARTESIAN_POINT('',(57.3,47.2,-7.85));
#14668 = VECTOR('',#14669,1.);
#14669 = DIRECTION('',(0.,0.,-1.));
#14670 = PCURVE('',#9332,#14671);
#14671 = DEFINITIONAL_REPRESENTATION('',(#14672),#14676);
#14672 = LINE('',#14673,#14674);
#14673 = CARTESIAN_POINT('',(2.7,-2.4));
#14674 = VECTOR('',#14675,1.);
#14675 = DIRECTION('',(-1.,0.));
#14676 = ( GEOMETRIC_REPRESENTATION_CONTEXT(2) 
PARAMETRIC_REPRESENTATION_CONTEXT() REPRESENTATION_CONTEXT('2D SPACE',''
  ) );
#14677 = PCURVE('',#9358,#14678);
#14678 = DEFINITIONAL_REPRESENTATION('',(#14679),#14683);
#14679 = LINE('',#14680,#14681);
#14680 = CARTESIAN_POINT('',(2.7,0.));
#14681 = VECTOR('',#14682,1.);
#14682 = DIRECTION('',(-1.,0.));
#14683 = ( GEOMETRIC_REPRESENTATION_CONTEXT(2) 
PARAMETRIC_REPRESENTATION_CONTEXT() REPRESENTATION_CONTEXT('2D SPACE',''
  ) );
#14684 = ORIENTED_EDGE('',*,*,#14685,.F.);
#14685 = EDGE_CURVE('',#14487,#14663,#14686,.T.);
#14686 = SURFACE_CURVE('',#14687,(#14691,#14698),.PCURVE_S1.);
#14687 = LINE('',#14688,#14689);
#14688 = CARTESIAN_POINT('',(57.3,44.8,-7.85));
#14689 = VECTOR('',#14690,1.);
#14690 = DIRECTION('',(0.,1.,0.));
#14691 = PCURVE('',#9332,#14692);
#14692 = DEFINITIONAL_REPRESENTATION('',(#14693),#14697);
#14693 = LINE('',#14694,#14695);
#14694 = CARTESIAN_POINT('',(2.7,0.));
#14695 = VECTOR('',#14696,1.);
#14696 = DIRECTION('',(0.,-1.));
#14697 = ( GEOMETRIC_REPRESENTATION_CONTEXT(2) 
PARAMETRIC_REPRESENTATION_CONTEXT() REPRESENTATION_CONTEXT('2D SPACE',''
  ) );
#14698 = PCURVE('',#14525,#14699);
#14699 = DEFINITIONAL_REPRESENTATION('',(#14700),#14704);
#14700 = LINE('',#14701,#14702);
#14701 = CARTESIAN_POINT('',(0.,0.));
#14702 = VECTOR('',#14703,1.);
#14703 = DIRECTION('',(0.,1.));
#14704 = ( GEOMETRIC_REPRESENTATION_CONTEXT(2) 
PARAMETRIC_REPRESENTATION_CONTEXT() REPRESENTATION_CONTEXT('2D SPACE',''
  ) );
#14705 = ADVANCED_FACE('',(#14706),#9358,.T.);
#14706 = FACE_BOUND('',#14707,.T.);
#14707 = EDGE_LOOP('',(#14708,#14709,#14710,#14711,#14734,#14755,#14756,
    #14779));
#14708 = ORIENTED_EDGE('',*,*,#14613,.F.);
#14709 = ORIENTED_EDGE('',*,*,#9343,.T.);
#14710 = ORIENTED_EDGE('',*,*,#14662,.F.);
#14711 = ORIENTED_EDGE('',*,*,#14712,.T.);
#14712 = EDGE_CURVE('',#14663,#14713,#14715,.T.);
#14713 = VERTEX_POINT('',#14714);
#14714 = CARTESIAN_POINT('',(61.9,47.2,-7.85));
#14715 = SURFACE_CURVE('',#14716,(#14720,#14727),.PCURVE_S1.);
#14716 = LINE('',#14717,#14718);
#14717 = CARTESIAN_POINT('',(57.3,47.2,-7.85));
#14718 = VECTOR('',#14719,1.);
#14719 = DIRECTION('',(1.,0.,0.));
#14720 = PCURVE('',#9358,#14721);
#14721 = DEFINITIONAL_REPRESENTATION('',(#14722),#14726);
#14722 = LINE('',#14723,#14724);
#14723 = CARTESIAN_POINT('',(2.7,0.));
#14724 = VECTOR('',#14725,1.);
#14725 = DIRECTION('',(0.,1.));
#14726 = ( GEOMETRIC_REPRESENTATION_CONTEXT(2) 
PARAMETRIC_REPRESENTATION_CONTEXT() REPRESENTATION_CONTEXT('2D SPACE',''
  ) );
#14727 = PCURVE('',#14525,#14728);
#14728 = DEFINITIONAL_REPRESENTATION('',(#14729),#14733);
#14729 = LINE('',#14730,#14731);
#14730 = CARTESIAN_POINT('',(0.,2.4));
#14731 = VECTOR('',#14732,1.);
#14732 = DIRECTION('',(1.,0.));
#14733 = ( GEOMETRIC_REPRESENTATION_CONTEXT(2) 
PARAMETRIC_REPRESENTATION_CONTEXT() REPRESENTATION_CONTEXT('2D SPACE',''
  ) );
#14734 = ORIENTED_EDGE('',*,*,#14735,.T.);
#14735 = EDGE_CURVE('',#14713,#9398,#14736,.T.);
#14736 = SURFACE_CURVE('',#14737,(#14741,#14748),.PCURVE_S1.);
#14737 = LINE('',#14738,#14739);
#14738 = CARTESIAN_POINT('',(61.9,47.2,-7.85));
#14739 = VECTOR('',#14740,1.);
#14740 = DIRECTION('',(0.,0.,-1.));
#14741 = PCURVE('',#9358,#14742);
#14742 = DEFINITIONAL_REPRESENTATION('',(#14743),#14747);
#14743 = LINE('',#14744,#14745);
#14744 = CARTESIAN_POINT('',(2.7,4.6));
#14745 = VECTOR('',#14746,1.);
#14746 = DIRECTION('',(-1.,0.));
#14747 = ( GEOMETRIC_REPRESENTATION_CONTEXT(2) 
PARAMETRIC_REPRESENTATION_CONTEXT() REPRESENTATION_CONTEXT('2D SPACE',''
  ) );
#14748 = PCURVE('',#9412,#14749);
#14749 = DEFINITIONAL_REPRESENTATION('',(#14750),#14754);
#14750 = LINE('',#14751,#14752);
#14751 = CARTESIAN_POINT('',(0.7,-2.4));
#14752 = VECTOR('',#14753,1.);
#14753 = DIRECTION('',(-1.,0.));
#14754 = ( GEOMETRIC_REPRESENTATION_CONTEXT(2) 
PARAMETRIC_REPRESENTATION_CONTEXT() REPRESENTATION_CONTEXT('2D SPACE',''
  ) );
#14755 = ORIENTED_EDGE('',*,*,#9470,.T.);
#14756 = ORIENTED_EDGE('',*,*,#14757,.T.);
#14757 = EDGE_CURVE('',#9445,#14758,#14760,.T.);
#14758 = VERTEX_POINT('',#14759);
#14759 = CARTESIAN_POINT('',(61.1,47.2,-8.55));
#14760 = SURFACE_CURVE('',#14761,(#14765,#14772),.PCURVE_S1.);
#14761 = LINE('',#14762,#14763);
#14762 = CARTESIAN_POINT('',(61.1,47.2,-10.55));
#14763 = VECTOR('',#14764,1.);
#14764 = DIRECTION('',(0.,0.,1.));
#14765 = PCURVE('',#9358,#14766);
#14766 = DEFINITIONAL_REPRESENTATION('',(#14767),#14771);
#14767 = LINE('',#14768,#14769);
#14768 = CARTESIAN_POINT('',(0.,3.8));
#14769 = VECTOR('',#14770,1.);
#14770 = DIRECTION('',(1.,0.));
#14771 = ( GEOMETRIC_REPRESENTATION_CONTEXT(2) 
PARAMETRIC_REPRESENTATION_CONTEXT() REPRESENTATION_CONTEXT('2D SPACE',''
  ) );
#14772 = PCURVE('',#9459,#14773);
#14773 = DEFINITIONAL_REPRESENTATION('',(#14774),#14778);
#14774 = LINE('',#14775,#14776);
#14775 = CARTESIAN_POINT('',(0.,-2.4));
#14776 = VECTOR('',#14777,1.);
#14777 = DIRECTION('',(1.,0.));
#14778 = ( GEOMETRIC_REPRESENTATION_CONTEXT(2) 
PARAMETRIC_REPRESENTATION_CONTEXT() REPRESENTATION_CONTEXT('2D SPACE',''
  ) );
#14779 = ORIENTED_EDGE('',*,*,#14780,.F.);
#14780 = EDGE_CURVE('',#14614,#14758,#14781,.T.);
#14781 = SURFACE_CURVE('',#14782,(#14786,#14793),.PCURVE_S1.);
#14782 = LINE('',#14783,#14784);
#14783 = CARTESIAN_POINT('',(57.3,47.2,-8.55));
#14784 = VECTOR('',#14785,1.);
#14785 = DIRECTION('',(1.,0.,0.));
#14786 = PCURVE('',#9358,#14787);
#14787 = DEFINITIONAL_REPRESENTATION('',(#14788),#14792);
#14788 = LINE('',#14789,#14790);
#14789 = CARTESIAN_POINT('',(2.,0.));
#14790 = VECTOR('',#14791,1.);
#14791 = DIRECTION('',(0.,1.));
#14792 = ( GEOMETRIC_REPRESENTATION_CONTEXT(2) 
PARAMETRIC_REPRESENTATION_CONTEXT() REPRESENTATION_CONTEXT('2D SPACE',''
  ) );
#14793 = PCURVE('',#14596,#14794);
#14794 = DEFINITIONAL_REPRESENTATION('',(#14795),#14799);
#14795 = LINE('',#14796,#14797);
#14796 = CARTESIAN_POINT('',(0.,2.4));
#14797 = VECTOR('',#14798,1.);
#14798 = DIRECTION('',(1.,0.));
#14799 = ( GEOMETRIC_REPRESENTATION_CONTEXT(2) 
PARAMETRIC_REPRESENTATION_CONTEXT() REPRESENTATION_CONTEXT('2D SPACE',''
  ) );
#14800 = ADVANCED_FACE('',(#14801),#9412,.T.);
#14801 = FACE_BOUND('',#14802,.T.);
#14802 = EDGE_LOOP('',(#14803,#14804,#14805,#14806));
#14803 = ORIENTED_EDGE('',*,*,#14537,.F.);
#14804 = ORIENTED_EDGE('',*,*,#9395,.T.);
#14805 = ORIENTED_EDGE('',*,*,#14735,.F.);
#14806 = ORIENTED_EDGE('',*,*,#14807,.F.);
#14807 = EDGE_CURVE('',#14510,#14713,#14808,.T.);
#14808 = SURFACE_CURVE('',#14809,(#14813,#14820),.PCURVE_S1.);
#14809 = LINE('',#14810,#14811);
#14810 = CARTESIAN_POINT('',(61.9,44.8,-7.85));
#14811 = VECTOR('',#14812,1.);
#14812 = DIRECTION('',(0.,1.,0.));
#14813 = PCURVE('',#9412,#14814);
#14814 = DEFINITIONAL_REPRESENTATION('',(#14815),#14819);
#14815 = LINE('',#14816,#14817);
#14816 = CARTESIAN_POINT('',(0.7,0.));
#14817 = VECTOR('',#14818,1.);
#14818 = DIRECTION('',(0.,-1.));
#14819 = ( GEOMETRIC_REPRESENTATION_CONTEXT(2) 
PARAMETRIC_REPRESENTATION_CONTEXT() REPRESENTATION_CONTEXT('2D SPACE',''
  ) );
#14820 = PCURVE('',#14525,#14821);
#14821 = DEFINITIONAL_REPRESENTATION('',(#14822),#14826);
#14822 = LINE('',#14823,#14824);
#14823 = CARTESIAN_POINT('',(4.6,0.));
#14824 = VECTOR('',#14825,1.);
#14825 = DIRECTION('',(0.,1.));
#14826 = ( GEOMETRIC_REPRESENTATION_CONTEXT(2) 
PARAMETRIC_REPRESENTATION_CONTEXT() REPRESENTATION_CONTEXT('2D SPACE',''
  ) );
#14827 = ADVANCED_FACE('',(#14828),#9459,.F.);
#14828 = FACE_BOUND('',#14829,.F.);
#14829 = EDGE_LOOP('',(#14830,#14831,#14832,#14833));
#14830 = ORIENTED_EDGE('',*,*,#14559,.F.);
#14831 = ORIENTED_EDGE('',*,*,#9444,.T.);
#14832 = ORIENTED_EDGE('',*,*,#14757,.T.);
#14833 = ORIENTED_EDGE('',*,*,#14834,.F.);
#14834 = EDGE_CURVE('',#14560,#14758,#14835,.T.);
#14835 = SURFACE_CURVE('',#14836,(#14840,#14847),.PCURVE_S1.);
#14836 = LINE('',#14837,#14838);
#14837 = CARTESIAN_POINT('',(61.1,44.8,-8.55));
#14838 = VECTOR('',#14839,1.);
#14839 = DIRECTION('',(0.,1.,0.));
#14840 = PCURVE('',#9459,#14841);
#14841 = DEFINITIONAL_REPRESENTATION('',(#14842),#14846);
#14842 = LINE('',#14843,#14844);
#14843 = CARTESIAN_POINT('',(2.,0.));
#14844 = VECTOR('',#14845,1.);
#14845 = DIRECTION('',(0.,-1.));
#14846 = ( GEOMETRIC_REPRESENTATION_CONTEXT(2) 
PARAMETRIC_REPRESENTATION_CONTEXT() REPRESENTATION_CONTEXT('2D SPACE',''
  ) );
#14847 = PCURVE('',#14596,#14848);
#14848 = DEFINITIONAL_REPRESENTATION('',(#14849),#14853);
#14849 = LINE('',#14850,#14851);
#14850 = CARTESIAN_POINT('',(3.8,0.));
#14851 = VECTOR('',#14852,1.);
#14852 = DIRECTION('',(0.,1.));
#14853 = ( GEOMETRIC_REPRESENTATION_CONTEXT(2) 
PARAMETRIC_REPRESENTATION_CONTEXT() REPRESENTATION_CONTEXT('2D SPACE',''
  ) );
#14854 = ADVANCED_FACE('',(#14855),#9508,.F.);
#14855 = FACE_BOUND('',#14856,.F.);
#14856 = EDGE_LOOP('',(#14857,#14880,#14881,#14904,#14932,#14953,#14954,
    #14977));
#14857 = ORIENTED_EDGE('',*,*,#14858,.F.);
#14858 = EDGE_CURVE('',#9492,#14859,#14861,.T.);
#14859 = VERTEX_POINT('',#14860);
#14860 = CARTESIAN_POINT('',(58.1,56.8,-8.55));
#14861 = SURFACE_CURVE('',#14862,(#14866,#14873),.PCURVE_S1.);
#14862 = LINE('',#14863,#14864);
#14863 = CARTESIAN_POINT('',(58.1,56.8,-10.55));
#14864 = VECTOR('',#14865,1.);
#14865 = DIRECTION('',(0.,0.,1.));
#14866 = PCURVE('',#9508,#14867);
#14867 = DEFINITIONAL_REPRESENTATION('',(#14868),#14872);
#14868 = LINE('',#14869,#14870);
#14869 = CARTESIAN_POINT('',(0.,0.8));
#14870 = VECTOR('',#14871,1.);
#14871 = DIRECTION('',(1.,0.));
#14872 = ( GEOMETRIC_REPRESENTATION_CONTEXT(2) 
PARAMETRIC_REPRESENTATION_CONTEXT() REPRESENTATION_CONTEXT('2D SPACE',''
  ) );
#14873 = PCURVE('',#9584,#14874);
#14874 = DEFINITIONAL_REPRESENTATION('',(#14875),#14879);
#14875 = LINE('',#14876,#14877);
#14876 = CARTESIAN_POINT('',(0.,0.));
#14877 = VECTOR('',#14878,1.);
#14878 = DIRECTION('',(1.,0.));
#14879 = ( GEOMETRIC_REPRESENTATION_CONTEXT(2) 
PARAMETRIC_REPRESENTATION_CONTEXT() REPRESENTATION_CONTEXT('2D SPACE',''
  ) );
#14880 = ORIENTED_EDGE('',*,*,#9491,.T.);
#14881 = ORIENTED_EDGE('',*,*,#14882,.T.);
#14882 = EDGE_CURVE('',#9494,#14883,#14885,.T.);
#14883 = VERTEX_POINT('',#14884);
#14884 = CARTESIAN_POINT('',(57.3,56.8,-7.85));
#14885 = SURFACE_CURVE('',#14886,(#14890,#14897),.PCURVE_S1.);
#14886 = LINE('',#14887,#14888);
#14887 = CARTESIAN_POINT('',(57.3,56.8,-10.55));
#14888 = VECTOR('',#14889,1.);
#14889 = DIRECTION('',(0.,0.,1.));
#14890 = PCURVE('',#9508,#14891);
#14891 = DEFINITIONAL_REPRESENTATION('',(#14892),#14896);
#14892 = LINE('',#14893,#14894);
#14893 = CARTESIAN_POINT('',(0.,0.));
#14894 = VECTOR('',#14895,1.);
#14895 = DIRECTION('',(1.,0.));
#14896 = ( GEOMETRIC_REPRESENTATION_CONTEXT(2) 
PARAMETRIC_REPRESENTATION_CONTEXT() REPRESENTATION_CONTEXT('2D SPACE',''
  ) );
#14897 = PCURVE('',#9534,#14898);
#14898 = DEFINITIONAL_REPRESENTATION('',(#14899),#14903);
#14899 = LINE('',#14900,#14901);
#14900 = CARTESIAN_POINT('',(0.,0.));
#14901 = VECTOR('',#14902,1.);
#14902 = DIRECTION('',(1.,0.));
#14903 = ( GEOMETRIC_REPRESENTATION_CONTEXT(2) 
PARAMETRIC_REPRESENTATION_CONTEXT() REPRESENTATION_CONTEXT('2D SPACE',''
  ) );
#14904 = ORIENTED_EDGE('',*,*,#14905,.T.);
#14905 = EDGE_CURVE('',#14883,#14906,#14908,.T.);
#14906 = VERTEX_POINT('',#14907);
#14907 = CARTESIAN_POINT('',(61.9,56.8,-7.85));
#14908 = SURFACE_CURVE('',#14909,(#14913,#14920),.PCURVE_S1.);
#14909 = LINE('',#14910,#14911);
#14910 = CARTESIAN_POINT('',(57.3,56.8,-7.85));
#14911 = VECTOR('',#14912,1.);
#14912 = DIRECTION('',(1.,0.,0.));
#14913 = PCURVE('',#9508,#14914);
#14914 = DEFINITIONAL_REPRESENTATION('',(#14915),#14919);
#14915 = LINE('',#14916,#14917);
#14916 = CARTESIAN_POINT('',(2.7,0.));
#14917 = VECTOR('',#14918,1.);
#14918 = DIRECTION('',(0.,1.));
#14919 = ( GEOMETRIC_REPRESENTATION_CONTEXT(2) 
PARAMETRIC_REPRESENTATION_CONTEXT() REPRESENTATION_CONTEXT('2D SPACE',''
  ) );
#14920 = PCURVE('',#14921,#14926);
#14921 = PLANE('',#14922);
#14922 = AXIS2_PLACEMENT_3D('',#14923,#14924,#14925);
#14923 = CARTESIAN_POINT('',(57.3,56.8,-7.85));
#14924 = DIRECTION('',(0.,0.,1.));
#14925 = DIRECTION('',(1.,0.,0.));
#14926 = DEFINITIONAL_REPRESENTATION('',(#14927),#14931);
#14927 = LINE('',#14928,#14929);
#14928 = CARTESIAN_POINT('',(0.,0.));
#14929 = VECTOR('',#14930,1.);
#14930 = DIRECTION('',(1.,0.));
#14931 = ( GEOMETRIC_REPRESENTATION_CONTEXT(2) 
PARAMETRIC_REPRESENTATION_CONTEXT() REPRESENTATION_CONTEXT('2D SPACE',''
  ) );
#14932 = ORIENTED_EDGE('',*,*,#14933,.F.);
#14933 = EDGE_CURVE('',#9598,#14906,#14934,.T.);
#14934 = SURFACE_CURVE('',#14935,(#14939,#14946),.PCURVE_S1.);
#14935 = LINE('',#14936,#14937);
#14936 = CARTESIAN_POINT('',(61.9,56.8,-10.55));
#14937 = VECTOR('',#14938,1.);
#14938 = DIRECTION('',(0.,0.,1.));
#14939 = PCURVE('',#9508,#14940);
#14940 = DEFINITIONAL_REPRESENTATION('',(#14941),#14945);
#14941 = LINE('',#14942,#14943);
#14942 = CARTESIAN_POINT('',(0.,4.6));
#14943 = VECTOR('',#14944,1.);
#14944 = DIRECTION('',(1.,0.));
#14945 = ( GEOMETRIC_REPRESENTATION_CONTEXT(2) 
PARAMETRIC_REPRESENTATION_CONTEXT() REPRESENTATION_CONTEXT('2D SPACE',''
  ) );
#14946 = PCURVE('',#9614,#14947);
#14947 = DEFINITIONAL_REPRESENTATION('',(#14948),#14952);
#14948 = LINE('',#14949,#14950);
#14949 = CARTESIAN_POINT('',(-2.,0.));
#14950 = VECTOR('',#14951,1.);
#14951 = DIRECTION('',(1.,0.));
#14952 = ( GEOMETRIC_REPRESENTATION_CONTEXT(2) 
PARAMETRIC_REPRESENTATION_CONTEXT() REPRESENTATION_CONTEXT('2D SPACE',''
  ) );
#14953 = ORIENTED_EDGE('',*,*,#9625,.T.);
#14954 = ORIENTED_EDGE('',*,*,#14955,.T.);
#14955 = EDGE_CURVE('',#9626,#14956,#14958,.T.);
#14956 = VERTEX_POINT('',#14957);
#14957 = CARTESIAN_POINT('',(61.1,56.8,-8.55));
#14958 = SURFACE_CURVE('',#14959,(#14963,#14970),.PCURVE_S1.);
#14959 = LINE('',#14960,#14961);
#14960 = CARTESIAN_POINT('',(61.1,56.8,-10.55));
#14961 = VECTOR('',#14962,1.);
#14962 = DIRECTION('',(0.,0.,1.));
#14963 = PCURVE('',#9508,#14964);
#14964 = DEFINITIONAL_REPRESENTATION('',(#14965),#14969);
#14965 = LINE('',#14966,#14967);
#14966 = CARTESIAN_POINT('',(0.,3.8));
#14967 = VECTOR('',#14968,1.);
#14968 = DIRECTION('',(1.,0.));
#14969 = ( GEOMETRIC_REPRESENTATION_CONTEXT(2) 
PARAMETRIC_REPRESENTATION_CONTEXT() REPRESENTATION_CONTEXT('2D SPACE',''
  ) );
#14970 = PCURVE('',#9661,#14971);
#14971 = DEFINITIONAL_REPRESENTATION('',(#14972),#14976);
#14972 = LINE('',#14973,#14974);
#14973 = CARTESIAN_POINT('',(0.,0.));
#14974 = VECTOR('',#14975,1.);
#14975 = DIRECTION('',(1.,0.));
#14976 = ( GEOMETRIC_REPRESENTATION_CONTEXT(2) 
PARAMETRIC_REPRESENTATION_CONTEXT() REPRESENTATION_CONTEXT('2D SPACE',''
  ) );
#14977 = ORIENTED_EDGE('',*,*,#14978,.F.);
#14978 = EDGE_CURVE('',#14859,#14956,#14979,.T.);
#14979 = SURFACE_CURVE('',#14980,(#14984,#14991),.PCURVE_S1.);
#14980 = LINE('',#14981,#14982);
#14981 = CARTESIAN_POINT('',(57.3,56.8,-8.55));
#14982 = VECTOR('',#14983,1.);
#14983 = DIRECTION('',(1.,0.,0.));
#14984 = PCURVE('',#9508,#14985);
#14985 = DEFINITIONAL_REPRESENTATION('',(#14986),#14990);
#14986 = LINE('',#14987,#14988);
#14987 = CARTESIAN_POINT('',(2.,0.));
#14988 = VECTOR('',#14989,1.);
#14989 = DIRECTION('',(0.,1.));
#14990 = ( GEOMETRIC_REPRESENTATION_CONTEXT(2) 
PARAMETRIC_REPRESENTATION_CONTEXT() REPRESENTATION_CONTEXT('2D SPACE',''
  ) );
#14991 = PCURVE('',#14992,#14997);
#14992 = PLANE('',#14993);
#14993 = AXIS2_PLACEMENT_3D('',#14994,#14995,#14996);
#14994 = CARTESIAN_POINT('',(57.3,56.8,-8.55));
#14995 = DIRECTION('',(0.,0.,1.));
#14996 = DIRECTION('',(1.,0.,0.));
#14997 = DEFINITIONAL_REPRESENTATION('',(#14998),#15002);
#14998 = LINE('',#14999,#15000);
#14999 = CARTESIAN_POINT('',(0.,0.));
#15000 = VECTOR('',#15001,1.);
#15001 = DIRECTION('',(1.,0.));
#15002 = ( GEOMETRIC_REPRESENTATION_CONTEXT(2) 
PARAMETRIC_REPRESENTATION_CONTEXT() REPRESENTATION_CONTEXT('2D SPACE',''
  ) );
#15003 = ADVANCED_FACE('',(#15004),#9584,.T.);
#15004 = FACE_BOUND('',#15005,.T.);
#15005 = EDGE_LOOP('',(#15006,#15007,#15008,#15031));
#15006 = ORIENTED_EDGE('',*,*,#14858,.F.);
#15007 = ORIENTED_EDGE('',*,*,#9571,.T.);
#15008 = ORIENTED_EDGE('',*,*,#15009,.T.);
#15009 = EDGE_CURVE('',#9546,#15010,#15012,.T.);
#15010 = VERTEX_POINT('',#15011);
#15011 = CARTESIAN_POINT('',(58.1,59.2,-8.55));
#15012 = SURFACE_CURVE('',#15013,(#15017,#15024),.PCURVE_S1.);
#15013 = LINE('',#15014,#15015);
#15014 = CARTESIAN_POINT('',(58.1,59.2,-10.55));
#15015 = VECTOR('',#15016,1.);
#15016 = DIRECTION('',(0.,0.,1.));
#15017 = PCURVE('',#9584,#15018);
#15018 = DEFINITIONAL_REPRESENTATION('',(#15019),#15023);
#15019 = LINE('',#15020,#15021);
#15020 = CARTESIAN_POINT('',(0.,-2.4));
#15021 = VECTOR('',#15022,1.);
#15022 = DIRECTION('',(1.,0.));
#15023 = ( GEOMETRIC_REPRESENTATION_CONTEXT(2) 
PARAMETRIC_REPRESENTATION_CONTEXT() REPRESENTATION_CONTEXT('2D SPACE',''
  ) );
#15024 = PCURVE('',#9560,#15025);
#15025 = DEFINITIONAL_REPRESENTATION('',(#15026),#15030);
#15026 = LINE('',#15027,#15028);
#15027 = CARTESIAN_POINT('',(0.,0.8));
#15028 = VECTOR('',#15029,1.);
#15029 = DIRECTION('',(1.,0.));
#15030 = ( GEOMETRIC_REPRESENTATION_CONTEXT(2) 
PARAMETRIC_REPRESENTATION_CONTEXT() REPRESENTATION_CONTEXT('2D SPACE',''
  ) );
#15031 = ORIENTED_EDGE('',*,*,#15032,.F.);
#15032 = EDGE_CURVE('',#14859,#15010,#15033,.T.);
#15033 = SURFACE_CURVE('',#15034,(#15038,#15045),.PCURVE_S1.);
#15034 = LINE('',#15035,#15036);
#15035 = CARTESIAN_POINT('',(58.1,56.8,-8.55));
#15036 = VECTOR('',#15037,1.);
#15037 = DIRECTION('',(0.,1.,0.));
#15038 = PCURVE('',#9584,#15039);
#15039 = DEFINITIONAL_REPRESENTATION('',(#15040),#15044);
#15040 = LINE('',#15041,#15042);
#15041 = CARTESIAN_POINT('',(2.,0.));
#15042 = VECTOR('',#15043,1.);
#15043 = DIRECTION('',(0.,-1.));
#15044 = ( GEOMETRIC_REPRESENTATION_CONTEXT(2) 
PARAMETRIC_REPRESENTATION_CONTEXT() REPRESENTATION_CONTEXT('2D SPACE',''
  ) );
#15045 = PCURVE('',#14992,#15046);
#15046 = DEFINITIONAL_REPRESENTATION('',(#15047),#15051);
#15047 = LINE('',#15048,#15049);
#15048 = CARTESIAN_POINT('',(0.8,0.));
#15049 = VECTOR('',#15050,1.);
#15050 = DIRECTION('',(0.,1.));
#15051 = ( GEOMETRIC_REPRESENTATION_CONTEXT(2) 
PARAMETRIC_REPRESENTATION_CONTEXT() REPRESENTATION_CONTEXT('2D SPACE',''
  ) );
#15052 = ADVANCED_FACE('',(#15053),#9534,.F.);
#15053 = FACE_BOUND('',#15054,.F.);
#15054 = EDGE_LOOP('',(#15055,#15056,#15057,#15080));
#15055 = ORIENTED_EDGE('',*,*,#14882,.F.);
#15056 = ORIENTED_EDGE('',*,*,#9519,.T.);
#15057 = ORIENTED_EDGE('',*,*,#15058,.F.);
#15058 = EDGE_CURVE('',#15059,#9520,#15061,.T.);
#15059 = VERTEX_POINT('',#15060);
#15060 = CARTESIAN_POINT('',(57.3,59.2,-7.85));
#15061 = SURFACE_CURVE('',#15062,(#15066,#15073),.PCURVE_S1.);
#15062 = LINE('',#15063,#15064);
#15063 = CARTESIAN_POINT('',(57.3,59.2,-7.85));
#15064 = VECTOR('',#15065,1.);
#15065 = DIRECTION('',(0.,0.,-1.));
#15066 = PCURVE('',#9534,#15067);
#15067 = DEFINITIONAL_REPRESENTATION('',(#15068),#15072);
#15068 = LINE('',#15069,#15070);
#15069 = CARTESIAN_POINT('',(2.7,-2.4));
#15070 = VECTOR('',#15071,1.);
#15071 = DIRECTION('',(-1.,0.));
#15072 = ( GEOMETRIC_REPRESENTATION_CONTEXT(2) 
PARAMETRIC_REPRESENTATION_CONTEXT() REPRESENTATION_CONTEXT('2D SPACE',''
  ) );
#15073 = PCURVE('',#9560,#15074);
#15074 = DEFINITIONAL_REPRESENTATION('',(#15075),#15079);
#15075 = LINE('',#15076,#15077);
#15076 = CARTESIAN_POINT('',(2.7,0.));
#15077 = VECTOR('',#15078,1.);
#15078 = DIRECTION('',(-1.,0.));
#15079 = ( GEOMETRIC_REPRESENTATION_CONTEXT(2) 
PARAMETRIC_REPRESENTATION_CONTEXT() REPRESENTATION_CONTEXT('2D SPACE',''
  ) );
#15080 = ORIENTED_EDGE('',*,*,#15081,.F.);
#15081 = EDGE_CURVE('',#14883,#15059,#15082,.T.);
#15082 = SURFACE_CURVE('',#15083,(#15087,#15094),.PCURVE_S1.);
#15083 = LINE('',#15084,#15085);
#15084 = CARTESIAN_POINT('',(57.3,56.8,-7.85));
#15085 = VECTOR('',#15086,1.);
#15086 = DIRECTION('',(0.,1.,0.));
#15087 = PCURVE('',#9534,#15088);
#15088 = DEFINITIONAL_REPRESENTATION('',(#15089),#15093);
#15089 = LINE('',#15090,#15091);
#15090 = CARTESIAN_POINT('',(2.7,0.));
#15091 = VECTOR('',#15092,1.);
#15092 = DIRECTION('',(0.,-1.));
#15093 = ( GEOMETRIC_REPRESENTATION_CONTEXT(2) 
PARAMETRIC_REPRESENTATION_CONTEXT() REPRESENTATION_CONTEXT('2D SPACE',''
  ) );
#15094 = PCURVE('',#14921,#15095);
#15095 = DEFINITIONAL_REPRESENTATION('',(#15096),#15100);
#15096 = LINE('',#15097,#15098);
#15097 = CARTESIAN_POINT('',(0.,0.));
#15098 = VECTOR('',#15099,1.);
#15099 = DIRECTION('',(0.,1.));
#15100 = ( GEOMETRIC_REPRESENTATION_CONTEXT(2) 
PARAMETRIC_REPRESENTATION_CONTEXT() REPRESENTATION_CONTEXT('2D SPACE',''
  ) );
#15101 = ADVANCED_FACE('',(#15102),#9560,.T.);
#15102 = FACE_BOUND('',#15103,.T.);
#15103 = EDGE_LOOP('',(#15104,#15105,#15106,#15107,#15130,#15151,#15152,
    #15175));
#15104 = ORIENTED_EDGE('',*,*,#15009,.F.);
#15105 = ORIENTED_EDGE('',*,*,#9545,.T.);
#15106 = ORIENTED_EDGE('',*,*,#15058,.F.);
#15107 = ORIENTED_EDGE('',*,*,#15108,.T.);
#15108 = EDGE_CURVE('',#15059,#15109,#15111,.T.);
#15109 = VERTEX_POINT('',#15110);
#15110 = CARTESIAN_POINT('',(61.9,59.2,-7.85));
#15111 = SURFACE_CURVE('',#15112,(#15116,#15123),.PCURVE_S1.);
#15112 = LINE('',#15113,#15114);
#15113 = CARTESIAN_POINT('',(57.3,59.2,-7.85));
#15114 = VECTOR('',#15115,1.);
#15115 = DIRECTION('',(1.,0.,0.));
#15116 = PCURVE('',#9560,#15117);
#15117 = DEFINITIONAL_REPRESENTATION('',(#15118),#15122);
#15118 = LINE('',#15119,#15120);
#15119 = CARTESIAN_POINT('',(2.7,0.));
#15120 = VECTOR('',#15121,1.);
#15121 = DIRECTION('',(0.,1.));
#15122 = ( GEOMETRIC_REPRESENTATION_CONTEXT(2) 
PARAMETRIC_REPRESENTATION_CONTEXT() REPRESENTATION_CONTEXT('2D SPACE',''
  ) );
#15123 = PCURVE('',#14921,#15124);
#15124 = DEFINITIONAL_REPRESENTATION('',(#15125),#15129);
#15125 = LINE('',#15126,#15127);
#15126 = CARTESIAN_POINT('',(0.,2.4));
#15127 = VECTOR('',#15128,1.);
#15128 = DIRECTION('',(1.,0.));
#15129 = ( GEOMETRIC_REPRESENTATION_CONTEXT(2) 
PARAMETRIC_REPRESENTATION_CONTEXT() REPRESENTATION_CONTEXT('2D SPACE',''
  ) );
#15130 = ORIENTED_EDGE('',*,*,#15131,.T.);
#15131 = EDGE_CURVE('',#15109,#9600,#15132,.T.);
#15132 = SURFACE_CURVE('',#15133,(#15137,#15144),.PCURVE_S1.);
#15133 = LINE('',#15134,#15135);
#15134 = CARTESIAN_POINT('',(61.9,59.2,-7.85));
#15135 = VECTOR('',#15136,1.);
#15136 = DIRECTION('',(0.,0.,-1.));
#15137 = PCURVE('',#9560,#15138);
#15138 = DEFINITIONAL_REPRESENTATION('',(#15139),#15143);
#15139 = LINE('',#15140,#15141);
#15140 = CARTESIAN_POINT('',(2.7,4.6));
#15141 = VECTOR('',#15142,1.);
#15142 = DIRECTION('',(-1.,0.));
#15143 = ( GEOMETRIC_REPRESENTATION_CONTEXT(2) 
PARAMETRIC_REPRESENTATION_CONTEXT() REPRESENTATION_CONTEXT('2D SPACE',''
  ) );
#15144 = PCURVE('',#9614,#15145);
#15145 = DEFINITIONAL_REPRESENTATION('',(#15146),#15150);
#15146 = LINE('',#15147,#15148);
#15147 = CARTESIAN_POINT('',(0.7,-2.4));
#15148 = VECTOR('',#15149,1.);
#15149 = DIRECTION('',(-1.,0.));
#15150 = ( GEOMETRIC_REPRESENTATION_CONTEXT(2) 
PARAMETRIC_REPRESENTATION_CONTEXT() REPRESENTATION_CONTEXT('2D SPACE',''
  ) );
#15151 = ORIENTED_EDGE('',*,*,#9672,.T.);
#15152 = ORIENTED_EDGE('',*,*,#15153,.T.);
#15153 = EDGE_CURVE('',#9647,#15154,#15156,.T.);
#15154 = VERTEX_POINT('',#15155);
#15155 = CARTESIAN_POINT('',(61.1,59.2,-8.55));
#15156 = SURFACE_CURVE('',#15157,(#15161,#15168),.PCURVE_S1.);
#15157 = LINE('',#15158,#15159);
#15158 = CARTESIAN_POINT('',(61.1,59.2,-10.55));
#15159 = VECTOR('',#15160,1.);
#15160 = DIRECTION('',(0.,0.,1.));
#15161 = PCURVE('',#9560,#15162);
#15162 = DEFINITIONAL_REPRESENTATION('',(#15163),#15167);
#15163 = LINE('',#15164,#15165);
#15164 = CARTESIAN_POINT('',(0.,3.8));
#15165 = VECTOR('',#15166,1.);
#15166 = DIRECTION('',(1.,0.));
#15167 = ( GEOMETRIC_REPRESENTATION_CONTEXT(2) 
PARAMETRIC_REPRESENTATION_CONTEXT() REPRESENTATION_CONTEXT('2D SPACE',''
  ) );
#15168 = PCURVE('',#9661,#15169);
#15169 = DEFINITIONAL_REPRESENTATION('',(#15170),#15174);
#15170 = LINE('',#15171,#15172);
#15171 = CARTESIAN_POINT('',(0.,-2.4));
#15172 = VECTOR('',#15173,1.);
#15173 = DIRECTION('',(1.,0.));
#15174 = ( GEOMETRIC_REPRESENTATION_CONTEXT(2) 
PARAMETRIC_REPRESENTATION_CONTEXT() REPRESENTATION_CONTEXT('2D SPACE',''
  ) );
#15175 = ORIENTED_EDGE('',*,*,#15176,.F.);
#15176 = EDGE_CURVE('',#15010,#15154,#15177,.T.);
#15177 = SURFACE_CURVE('',#15178,(#15182,#15189),.PCURVE_S1.);
#15178 = LINE('',#15179,#15180);
#15179 = CARTESIAN_POINT('',(57.3,59.2,-8.55));
#15180 = VECTOR('',#15181,1.);
#15181 = DIRECTION('',(1.,0.,0.));
#15182 = PCURVE('',#9560,#15183);
#15183 = DEFINITIONAL_REPRESENTATION('',(#15184),#15188);
#15184 = LINE('',#15185,#15186);
#15185 = CARTESIAN_POINT('',(2.,0.));
#15186 = VECTOR('',#15187,1.);
#15187 = DIRECTION('',(0.,1.));
#15188 = ( GEOMETRIC_REPRESENTATION_CONTEXT(2) 
PARAMETRIC_REPRESENTATION_CONTEXT() REPRESENTATION_CONTEXT('2D SPACE',''
  ) );
#15189 = PCURVE('',#14992,#15190);
#15190 = DEFINITIONAL_REPRESENTATION('',(#15191),#15195);
#15191 = LINE('',#15192,#15193);
#15192 = CARTESIAN_POINT('',(0.,2.4));
#15193 = VECTOR('',#15194,1.);
#15194 = DIRECTION('',(1.,0.));
#15195 = ( GEOMETRIC_REPRESENTATION_CONTEXT(2) 
PARAMETRIC_REPRESENTATION_CONTEXT() REPRESENTATION_CONTEXT('2D SPACE',''
  ) );
#15196 = ADVANCED_FACE('',(#15197),#9614,.T.);
#15197 = FACE_BOUND('',#15198,.T.);
#15198 = EDGE_LOOP('',(#15199,#15200,#15201,#15202));
#15199 = ORIENTED_EDGE('',*,*,#14933,.F.);
#15200 = ORIENTED_EDGE('',*,*,#9597,.T.);
#15201 = ORIENTED_EDGE('',*,*,#15131,.F.);
#15202 = ORIENTED_EDGE('',*,*,#15203,.F.);
#15203 = EDGE_CURVE('',#14906,#15109,#15204,.T.);
#15204 = SURFACE_CURVE('',#15205,(#15209,#15216),.PCURVE_S1.);
#15205 = LINE('',#15206,#15207);
#15206 = CARTESIAN_POINT('',(61.9,56.8,-7.85));
#15207 = VECTOR('',#15208,1.);
#15208 = DIRECTION('',(0.,1.,0.));
#15209 = PCURVE('',#9614,#15210);
#15210 = DEFINITIONAL_REPRESENTATION('',(#15211),#15215);
#15211 = LINE('',#15212,#15213);
#15212 = CARTESIAN_POINT('',(0.7,0.));
#15213 = VECTOR('',#15214,1.);
#15214 = DIRECTION('',(0.,-1.));
#15215 = ( GEOMETRIC_REPRESENTATION_CONTEXT(2) 
PARAMETRIC_REPRESENTATION_CONTEXT() REPRESENTATION_CONTEXT('2D SPACE',''
  ) );
#15216 = PCURVE('',#14921,#15217);
#15217 = DEFINITIONAL_REPRESENTATION('',(#15218),#15222);
#15218 = LINE('',#15219,#15220);
#15219 = CARTESIAN_POINT('',(4.6,0.));
#15220 = VECTOR('',#15221,1.);
#15221 = DIRECTION('',(0.,1.));
#15222 = ( GEOMETRIC_REPRESENTATION_CONTEXT(2) 
PARAMETRIC_REPRESENTATION_CONTEXT() REPRESENTATION_CONTEXT('2D SPACE',''
  ) );
#15223 = ADVANCED_FACE('',(#15224),#9661,.F.);
#15224 = FACE_BOUND('',#15225,.F.);
#15225 = EDGE_LOOP('',(#15226,#15227,#15228,#15229));
#15226 = ORIENTED_EDGE('',*,*,#14955,.F.);
#15227 = ORIENTED_EDGE('',*,*,#9646,.T.);
#15228 = ORIENTED_EDGE('',*,*,#15153,.T.);
#15229 = ORIENTED_EDGE('',*,*,#15230,.F.);
#15230 = EDGE_CURVE('',#14956,#15154,#15231,.T.);
#15231 = SURFACE_CURVE('',#15232,(#15236,#15243),.PCURVE_S1.);
#15232 = LINE('',#15233,#15234);
#15233 = CARTESIAN_POINT('',(61.1,56.8,-8.55));
#15234 = VECTOR('',#15235,1.);
#15235 = DIRECTION('',(0.,1.,0.));
#15236 = PCURVE('',#9661,#15237);
#15237 = DEFINITIONAL_REPRESENTATION('',(#15238),#15242);
#15238 = LINE('',#15239,#15240);
#15239 = CARTESIAN_POINT('',(2.,0.));
#15240 = VECTOR('',#15241,1.);
#15241 = DIRECTION('',(0.,-1.));
#15242 = ( GEOMETRIC_REPRESENTATION_CONTEXT(2) 
PARAMETRIC_REPRESENTATION_CONTEXT() REPRESENTATION_CONTEXT('2D SPACE',''
  ) );
#15243 = PCURVE('',#14992,#15244);
#15244 = DEFINITIONAL_REPRESENTATION('',(#15245),#15249);
#15245 = LINE('',#15246,#15247);
#15246 = CARTESIAN_POINT('',(3.8,0.));
#15247 = VECTOR('',#15248,1.);
#15248 = DIRECTION('',(0.,1.));
#15249 = ( GEOMETRIC_REPRESENTATION_CONTEXT(2) 
PARAMETRIC_REPRESENTATION_CONTEXT() REPRESENTATION_CONTEXT('2D SPACE',''
  ) );
#15250 = ADVANCED_FACE('',(#15251),#9751,.F.);
#15251 = FACE_BOUND('',#15252,.F.);
#15252 = EDGE_LOOP('',(#15253,#15254));
#15253 = ORIENTED_EDGE('',*,*,#12438,.T.);
#15254 = ORIENTED_EDGE('',*,*,#9736,.T.);
#15255 = ADVANCED_FACE('',(#15256),#9825,.T.);
#15256 = FACE_BOUND('',#15257,.F.);
#15257 = EDGE_LOOP('',(#15258,#15259,#15282,#15309));
#15258 = ORIENTED_EDGE('',*,*,#9804,.T.);
#15259 = ORIENTED_EDGE('',*,*,#15260,.T.);
#15260 = EDGE_CURVE('',#9805,#15261,#15263,.T.);
#15261 = VERTEX_POINT('',#15262);
#15262 = CARTESIAN_POINT('',(9.,99.,-1.E-01));
#15263 = SEAM_CURVE('',#15264,(#15268,#15275),.PCURVE_S1.);
#15264 = LINE('',#15265,#15266);
#15265 = CARTESIAN_POINT('',(9.,99.,-10.8));
#15266 = VECTOR('',#15267,1.);
#15267 = DIRECTION('',(0.,0.,1.));
#15268 = PCURVE('',#9825,#15269);
#15269 = DEFINITIONAL_REPRESENTATION('',(#15270),#15274);
#15270 = LINE('',#15271,#15272);
#15271 = CARTESIAN_POINT('',(-6.28318530718,0.));
#15272 = VECTOR('',#15273,1.);
#15273 = DIRECTION('',(-0.,-1.));
#15274 = ( GEOMETRIC_REPRESENTATION_CONTEXT(2) 
PARAMETRIC_REPRESENTATION_CONTEXT() REPRESENTATION_CONTEXT('2D SPACE',''
  ) );
#15275 = PCURVE('',#9825,#15276);
#15276 = DEFINITIONAL_REPRESENTATION('',(#15277),#15281);
#15277 = LINE('',#15278,#15279);
#15278 = CARTESIAN_POINT('',(-0.,0.));
#15279 = VECTOR('',#15280,1.);
#15280 = DIRECTION('',(-0.,-1.));
#15281 = ( GEOMETRIC_REPRESENTATION_CONTEXT(2) 
PARAMETRIC_REPRESENTATION_CONTEXT() REPRESENTATION_CONTEXT('2D SPACE',''
  ) );
#15282 = ORIENTED_EDGE('',*,*,#15283,.T.);
#15283 = EDGE_CURVE('',#15261,#15261,#15284,.T.);
#15284 = SURFACE_CURVE('',#15285,(#15290,#15297),.PCURVE_S1.);
#15285 = CIRCLE('',#15286,3.);
#15286 = AXIS2_PLACEMENT_3D('',#15287,#15288,#15289);
#15287 = CARTESIAN_POINT('',(6.,99.,-1.E-01));
#15288 = DIRECTION('',(0.,0.,1.));
#15289 = DIRECTION('',(1.,0.,0.));
#15290 = PCURVE('',#9825,#15291);
#15291 = DEFINITIONAL_REPRESENTATION('',(#15292),#15296);
#15292 = LINE('',#15293,#15294);
#15293 = CARTESIAN_POINT('',(-0.,-10.7));
#15294 = VECTOR('',#15295,1.);
#15295 = DIRECTION('',(-1.,0.));
#15296 = ( GEOMETRIC_REPRESENTATION_CONTEXT(2) 
PARAMETRIC_REPRESENTATION_CONTEXT() REPRESENTATION_CONTEXT('2D SPACE',''
  ) );
#15297 = PCURVE('',#15298,#15303);
#15298 = PLANE('',#15299);
#15299 = AXIS2_PLACEMENT_3D('',#15300,#15301,#15302);
#15300 = CARTESIAN_POINT('',(6.,99.,-1.E-01));
#15301 = DIRECTION('',(0.,0.,1.));
#15302 = DIRECTION('',(1.,0.,-0.));
#15303 = DEFINITIONAL_REPRESENTATION('',(#15304),#15308);
#15304 = CIRCLE('',#15305,3.);
#15305 = AXIS2_PLACEMENT_2D('',#15306,#15307);
#15306 = CARTESIAN_POINT('',(0.,0.));
#15307 = DIRECTION('',(1.,0.));
#15308 = ( GEOMETRIC_REPRESENTATION_CONTEXT(2) 
PARAMETRIC_REPRESENTATION_CONTEXT() REPRESENTATION_CONTEXT('2D SPACE',''
  ) );
#15309 = ORIENTED_EDGE('',*,*,#15260,.F.);
#15310 = ADVANCED_FACE('',(#15311),#9917,.T.);
#15311 = FACE_BOUND('',#15312,.T.);
#15312 = EDGE_LOOP('',(#15313,#15314));
#15313 = ORIENTED_EDGE('',*,*,#9902,.T.);
#15314 = ORIENTED_EDGE('',*,*,#12549,.F.);
#15315 = ADVANCED_FACE('',(#15316),#9971,.T.);
#15316 = FACE_BOUND('',#15317,.F.);
#15317 = EDGE_LOOP('',(#15318,#15319,#15342,#15369));
#15318 = ORIENTED_EDGE('',*,*,#9950,.T.);
#15319 = ORIENTED_EDGE('',*,*,#15320,.T.);
#15320 = EDGE_CURVE('',#9951,#15321,#15323,.T.);
#15321 = VERTEX_POINT('',#15322);
#15322 = CARTESIAN_POINT('',(57.,99.,-1.E-01));
#15323 = SEAM_CURVE('',#15324,(#15328,#15335),.PCURVE_S1.);
#15324 = LINE('',#15325,#15326);
#15325 = CARTESIAN_POINT('',(57.,99.,-10.8));
#15326 = VECTOR('',#15327,1.);
#15327 = DIRECTION('',(0.,0.,1.));
#15328 = PCURVE('',#9971,#15329);
#15329 = DEFINITIONAL_REPRESENTATION('',(#15330),#15334);
#15330 = LINE('',#15331,#15332);
#15331 = CARTESIAN_POINT('',(-6.28318530718,0.));
#15332 = VECTOR('',#15333,1.);
#15333 = DIRECTION('',(-0.,-1.));
#15334 = ( GEOMETRIC_REPRESENTATION_CONTEXT(2) 
PARAMETRIC_REPRESENTATION_CONTEXT() REPRESENTATION_CONTEXT('2D SPACE',''
  ) );
#15335 = PCURVE('',#9971,#15336);
#15336 = DEFINITIONAL_REPRESENTATION('',(#15337),#15341);
#15337 = LINE('',#15338,#15339);
#15338 = CARTESIAN_POINT('',(-0.,0.));
#15339 = VECTOR('',#15340,1.);
#15340 = DIRECTION('',(-0.,-1.));
#15341 = ( GEOMETRIC_REPRESENTATION_CONTEXT(2) 
PARAMETRIC_REPRESENTATION_CONTEXT() REPRESENTATION_CONTEXT('2D SPACE',''
  ) );
#15342 = ORIENTED_EDGE('',*,*,#15343,.T.);
#15343 = EDGE_CURVE('',#15321,#15321,#15344,.T.);
#15344 = SURFACE_CURVE('',#15345,(#15350,#15357),.PCURVE_S1.);
#15345 = CIRCLE('',#15346,3.);
#15346 = AXIS2_PLACEMENT_3D('',#15347,#15348,#15349);
#15347 = CARTESIAN_POINT('',(54.,99.,-1.E-01));
#15348 = DIRECTION('',(0.,0.,1.));
#15349 = DIRECTION('',(1.,0.,0.));
#15350 = PCURVE('',#9971,#15351);
#15351 = DEFINITIONAL_REPRESENTATION('',(#15352),#15356);
#15352 = LINE('',#15353,#15354);
#15353 = CARTESIAN_POINT('',(-0.,-10.7));
#15354 = VECTOR('',#15355,1.);
#15355 = DIRECTION('',(-1.,0.));
#15356 = ( GEOMETRIC_REPRESENTATION_CONTEXT(2) 
PARAMETRIC_REPRESENTATION_CONTEXT() REPRESENTATION_CONTEXT('2D SPACE',''
  ) );
#15357 = PCURVE('',#15358,#15363);
#15358 = PLANE('',#15359);
#15359 = AXIS2_PLACEMENT_3D('',#15360,#15361,#15362);
#15360 = CARTESIAN_POINT('',(54.,99.,-1.E-01));
#15361 = DIRECTION('',(0.,0.,1.));
#15362 = DIRECTION('',(1.,0.,-0.));
#15363 = DEFINITIONAL_REPRESENTATION('',(#15364),#15368);
#15364 = CIRCLE('',#15365,3.);
#15365 = AXIS2_PLACEMENT_2D('',#15366,#15367);
#15366 = CARTESIAN_POINT('',(0.,0.));
#15367 = DIRECTION('',(1.,0.));
#15368 = ( GEOMETRIC_REPRESENTATION_CONTEXT(2) 
PARAMETRIC_REPRESENTATION_CONTEXT() REPRESENTATION_CONTEXT('2D SPACE',''
  ) );
#15369 = ORIENTED_EDGE('',*,*,#15320,.F.);
#15370 = ADVANCED_FACE('',(#15371),#10140,.F.);
#15371 = FACE_BOUND('',#15372,.F.);
#15372 = EDGE_LOOP('',(#15373,#15374,#15395,#15396));
#15373 = ORIENTED_EDGE('',*,*,#10373,.F.);
#15374 = ORIENTED_EDGE('',*,*,#15375,.T.);
#15375 = EDGE_CURVE('',#10350,#10096,#15376,.T.);
#15376 = SURFACE_CURVE('',#15377,(#15381,#15388),.PCURVE_S1.);
#15377 = LINE('',#15378,#15379);
#15378 = CARTESIAN_POINT('',(57.3,11.5,-1.));
#15379 = VECTOR('',#15380,1.);
#15380 = DIRECTION('',(0.,0.,1.));
#15381 = PCURVE('',#10140,#15382);
#15382 = DEFINITIONAL_REPRESENTATION('',(#15383),#15387);
#15383 = LINE('',#15384,#15385);
#15384 = CARTESIAN_POINT('',(0.,0.));
#15385 = VECTOR('',#15386,1.);
#15386 = DIRECTION('',(1.,0.));
#15387 = ( GEOMETRIC_REPRESENTATION_CONTEXT(2) 
PARAMETRIC_REPRESENTATION_CONTEXT() REPRESENTATION_CONTEXT('2D SPACE',''
  ) );
#15388 = PCURVE('',#10112,#15389);
#15389 = DEFINITIONAL_REPRESENTATION('',(#15390),#15394);
#15390 = LINE('',#15391,#15392);
#15391 = CARTESIAN_POINT('',(-4.712388980385,0.));
#15392 = VECTOR('',#15393,1.);
#15393 = DIRECTION('',(-0.,-1.));
#15394 = ( GEOMETRIC_REPRESENTATION_CONTEXT(2) 
PARAMETRIC_REPRESENTATION_CONTEXT() REPRESENTATION_CONTEXT('2D SPACE',''
  ) );
#15395 = ORIENTED_EDGE('',*,*,#10124,.T.);
#15396 = ORIENTED_EDGE('',*,*,#10253,.F.);
#15397 = ADVANCED_FACE('',(#15398),#10112,.T.);
#15398 = FACE_BOUND('',#15399,.F.);
#15399 = EDGE_LOOP('',(#15400,#15401,#15422,#15423));
#15400 = ORIENTED_EDGE('',*,*,#10349,.F.);
#15401 = ORIENTED_EDGE('',*,*,#15402,.T.);
#15402 = EDGE_CURVE('',#10327,#10068,#15403,.T.);
#15403 = SURFACE_CURVE('',#15404,(#15408,#15415),.PCURVE_S1.);
#15404 = LINE('',#15405,#15406);
#15405 = CARTESIAN_POINT('',(56.6,12.2,-1.));
#15406 = VECTOR('',#15407,1.);
#15407 = DIRECTION('',(0.,0.,1.));
#15408 = PCURVE('',#10112,#15409);
#15409 = DEFINITIONAL_REPRESENTATION('',(#15410),#15414);
#15410 = LINE('',#15411,#15412);
#15411 = CARTESIAN_POINT('',(-3.14159265359,0.));
#15412 = VECTOR('',#15413,1.);
#15413 = DIRECTION('',(-0.,-1.));
#15414 = ( GEOMETRIC_REPRESENTATION_CONTEXT(2) 
PARAMETRIC_REPRESENTATION_CONTEXT() REPRESENTATION_CONTEXT('2D SPACE',''
  ) );
#15415 = PCURVE('',#10083,#15416);
#15416 = DEFINITIONAL_REPRESENTATION('',(#15417),#15421);
#15417 = LINE('',#15418,#15419);
#15418 = CARTESIAN_POINT('',(0.,0.));
#15419 = VECTOR('',#15420,1.);
#15420 = DIRECTION('',(1.,0.));
#15421 = ( GEOMETRIC_REPRESENTATION_CONTEXT(2) 
PARAMETRIC_REPRESENTATION_CONTEXT() REPRESENTATION_CONTEXT('2D SPACE',''
  ) );
#15422 = ORIENTED_EDGE('',*,*,#10095,.T.);
#15423 = ORIENTED_EDGE('',*,*,#15375,.F.);
#15424 = ADVANCED_FACE('',(#15425),#10083,.F.);
#15425 = FACE_BOUND('',#15426,.F.);
#15426 = EDGE_LOOP('',(#15427,#15428,#15429,#15450));
#15427 = ORIENTED_EDGE('',*,*,#15402,.F.);
#15428 = ORIENTED_EDGE('',*,*,#10326,.T.);
#15429 = ORIENTED_EDGE('',*,*,#15430,.T.);
#15430 = EDGE_CURVE('',#10303,#10039,#15431,.T.);
#15431 = SURFACE_CURVE('',#15432,(#15436,#15443),.PCURVE_S1.);
#15432 = LINE('',#15433,#15434);
#15433 = CARTESIAN_POINT('',(56.6,27.8,-1.));
#15434 = VECTOR('',#15435,1.);
#15435 = DIRECTION('',(0.,0.,1.));
#15436 = PCURVE('',#10083,#15437);
#15437 = DEFINITIONAL_REPRESENTATION('',(#15438),#15442);
#15438 = LINE('',#15439,#15440);
#15439 = CARTESIAN_POINT('',(0.,-15.6));
#15440 = VECTOR('',#15441,1.);
#15441 = DIRECTION('',(1.,0.));
#15442 = ( GEOMETRIC_REPRESENTATION_CONTEXT(2) 
PARAMETRIC_REPRESENTATION_CONTEXT() REPRESENTATION_CONTEXT('2D SPACE',''
  ) );
#15443 = PCURVE('',#10055,#15444);
#15444 = DEFINITIONAL_REPRESENTATION('',(#15445),#15449);
#15445 = LINE('',#15446,#15447);
#15446 = CARTESIAN_POINT('',(-3.14159265359,0.));
#15447 = VECTOR('',#15448,1.);
#15448 = DIRECTION('',(-0.,-1.));
#15449 = ( GEOMETRIC_REPRESENTATION_CONTEXT(2) 
PARAMETRIC_REPRESENTATION_CONTEXT() REPRESENTATION_CONTEXT('2D SPACE',''
  ) );
#15450 = ORIENTED_EDGE('',*,*,#10067,.F.);
#15451 = ADVANCED_FACE('',(#15452),#10055,.T.);
#15452 = FACE_BOUND('',#15453,.F.);
#15453 = EDGE_LOOP('',(#15454,#15455,#15476,#15477));
#15454 = ORIENTED_EDGE('',*,*,#10302,.F.);
#15455 = ORIENTED_EDGE('',*,*,#15456,.T.);
#15456 = EDGE_CURVE('',#10280,#10011,#15457,.T.);
#15457 = SURFACE_CURVE('',#15458,(#15462,#15469),.PCURVE_S1.);
#15458 = LINE('',#15459,#15460);
#15459 = CARTESIAN_POINT('',(57.3,28.5,-1.));
#15460 = VECTOR('',#15461,1.);
#15461 = DIRECTION('',(0.,0.,1.));
#15462 = PCURVE('',#10055,#15463);
#15463 = DEFINITIONAL_REPRESENTATION('',(#15464),#15468);
#15464 = LINE('',#15465,#15466);
#15465 = CARTESIAN_POINT('',(-1.570796326795,0.));
#15466 = VECTOR('',#15467,1.);
#15467 = DIRECTION('',(-0.,-1.));
#15468 = ( GEOMETRIC_REPRESENTATION_CONTEXT(2) 
PARAMETRIC_REPRESENTATION_CONTEXT() REPRESENTATION_CONTEXT('2D SPACE',''
  ) );
#15469 = PCURVE('',#10026,#15470);
#15470 = DEFINITIONAL_REPRESENTATION('',(#15471),#15475);
#15471 = LINE('',#15472,#15473);
#15472 = CARTESIAN_POINT('',(0.,0.));
#15473 = VECTOR('',#15474,1.);
#15474 = DIRECTION('',(1.,0.));
#15475 = ( GEOMETRIC_REPRESENTATION_CONTEXT(2) 
PARAMETRIC_REPRESENTATION_CONTEXT() REPRESENTATION_CONTEXT('2D SPACE',''
  ) );
#15476 = ORIENTED_EDGE('',*,*,#10038,.T.);
#15477 = ORIENTED_EDGE('',*,*,#15430,.F.);
#15478 = ADVANCED_FACE('',(#15479),#10026,.T.);
#15479 = FACE_BOUND('',#15480,.T.);
#15480 = EDGE_LOOP('',(#15481,#15482,#15483,#15484));
#15481 = ORIENTED_EDGE('',*,*,#10279,.F.);
#15482 = ORIENTED_EDGE('',*,*,#15456,.T.);
#15483 = ORIENTED_EDGE('',*,*,#10010,.T.);
#15484 = ORIENTED_EDGE('',*,*,#10204,.F.);
#15485 = ADVANCED_FACE('',(#15486),#10470,.F.);
#15486 = FACE_BOUND('',#15487,.T.);
#15487 = EDGE_LOOP('',(#15488,#15489,#15490,#15491));
#15488 = ORIENTED_EDGE('',*,*,#10758,.F.);
#15489 = ORIENTED_EDGE('',*,*,#10887,.T.);
#15490 = ORIENTED_EDGE('',*,*,#10449,.T.);
#15491 = ORIENTED_EDGE('',*,*,#10643,.F.);
#15492 = ADVANCED_FACE('',(#15493),#10601,.F.);
#15493 = FACE_BOUND('',#15494,.F.);
#15494 = EDGE_LOOP('',(#15495,#15523,#15524,#15525,#15526,#15547));
#15495 = ORIENTED_EDGE('',*,*,#15496,.T.);
#15496 = EDGE_CURVE('',#15497,#10983,#15499,.T.);
#15497 = VERTEX_POINT('',#15498);
#15498 = CARTESIAN_POINT('',(-1.525,99.005,0.2));
#15499 = SURFACE_CURVE('',#15500,(#15505,#15516),.PCURVE_S1.);
#15500 = CIRCLE('',#15501,8.02);
#15501 = AXIS2_PLACEMENT_3D('',#15502,#15503,#15504);
#15502 = CARTESIAN_POINT('',(6.495,99.005,0.2));
#15503 = DIRECTION('',(0.,0.,-1.));
#15504 = DIRECTION('',(1.,0.,0.));
#15505 = PCURVE('',#10601,#15506);
#15506 = DEFINITIONAL_REPRESENTATION('',(#15507),#15515);
#15507 = ( BOUNDED_CURVE() B_SPLINE_CURVE(2,(#15508,#15509,#15510,#15511
    ,#15512,#15513,#15514),.UNSPECIFIED.,.T.,.F.) 
B_SPLINE_CURVE_WITH_KNOTS((1,2,2,2,2,1),(-2.094395102393,0.,
    2.094395102393,4.188790204786,6.28318530718,8.377580409573),
.UNSPECIFIED.) CURVE() GEOMETRIC_REPRESENTATION_ITEM() 
RATIONAL_B_SPLINE_CURVE((1.,0.5,1.,0.5,1.,0.5,1.)) REPRESENTATION_ITEM(
  '') );
#15508 = CARTESIAN_POINT('',(8.015,93.005));
#15509 = CARTESIAN_POINT('',(8.015,79.113952523298));
#15510 = CARTESIAN_POINT('',(-4.015,86.059476261649));
#15511 = CARTESIAN_POINT('',(-16.045,93.005));
#15512 = CARTESIAN_POINT('',(-4.015,99.950523738351));
#15513 = CARTESIAN_POINT('',(8.015,106.8960474767));
#15514 = CARTESIAN_POINT('',(8.015,93.005));
#15515 = ( GEOMETRIC_REPRESENTATION_CONTEXT(2) 
PARAMETRIC_REPRESENTATION_CONTEXT() REPRESENTATION_CONTEXT('2D SPACE',''
  ) );
#15516 = PCURVE('',#10997,#15517);
#15517 = DEFINITIONAL_REPRESENTATION('',(#15518),#15522);
#15518 = LINE('',#15519,#15520);
#15519 = CARTESIAN_POINT('',(-6.28318530718,5.E-02));
#15520 = VECTOR('',#15521,1.);
#15521 = DIRECTION('',(1.,-0.));
#15522 = ( GEOMETRIC_REPRESENTATION_CONTEXT(2) 
PARAMETRIC_REPRESENTATION_CONTEXT() REPRESENTATION_CONTEXT('2D SPACE',''
  ) );
#15523 = ORIENTED_EDGE('',*,*,#11008,.T.);
#15524 = ORIENTED_EDGE('',*,*,#10584,.F.);
#15525 = ORIENTED_EDGE('',*,*,#12697,.T.);
#15526 = ORIENTED_EDGE('',*,*,#15527,.T.);
#15527 = EDGE_CURVE('',#12698,#15528,#15530,.T.);
#15528 = VERTEX_POINT('',#15529);
#15529 = CARTESIAN_POINT('',(-1.525,19.536229149574,0.2));
#15530 = SURFACE_CURVE('',#15531,(#15535,#15541),.PCURVE_S1.);
#15531 = LINE('',#15532,#15533);
#15532 = CARTESIAN_POINT('',(-5.7,19.536229149574,0.2));
#15533 = VECTOR('',#15534,1.);
#15534 = DIRECTION('',(1.,0.,0.));
#15535 = PCURVE('',#10601,#15536);
#15536 = DEFINITIONAL_REPRESENTATION('',(#15537),#15540);
#15537 = B_SPLINE_CURVE_WITH_KNOTS('',1,(#15538,#15539),.UNSPECIFIED.,
  .F.,.F.,(2,2),(2.76,5.5000006),.PIECEWISE_BEZIER_KNOTS.);
#15538 = CARTESIAN_POINT('',(-9.44,13.536229149574));
#15539 = CARTESIAN_POINT('',(-6.6999994,13.536229149574));
#15540 = ( GEOMETRIC_REPRESENTATION_CONTEXT(2) 
PARAMETRIC_REPRESENTATION_CONTEXT() REPRESENTATION_CONTEXT('2D SPACE',''
  ) );
#15541 = PCURVE('',#11399,#15542);
#15542 = DEFINITIONAL_REPRESENTATION('',(#15543),#15546);
#15543 = B_SPLINE_CURVE_WITH_KNOTS('',1,(#15544,#15545),.UNSPECIFIED.,
  .F.,.F.,(2,2),(3.,4.175),.PIECEWISE_BEZIER_KNOTS.);
#15544 = CARTESIAN_POINT('',(6.024263765173,3.));
#15545 = CARTESIAN_POINT('',(6.024263765173,4.175));
#15546 = ( GEOMETRIC_REPRESENTATION_CONTEXT(2) 
PARAMETRIC_REPRESENTATION_CONTEXT() REPRESENTATION_CONTEXT('2D SPACE',''
  ) );
#15547 = ORIENTED_EDGE('',*,*,#15548,.T.);
#15548 = EDGE_CURVE('',#15528,#15497,#15549,.T.);
#15549 = SURFACE_CURVE('',#15550,(#15554,#15560),.PCURVE_S1.);
#15550 = LINE('',#15551,#15552);
#15551 = CARTESIAN_POINT('',(-1.525,5.9975,0.2));
#15552 = VECTOR('',#15553,1.);
#15553 = DIRECTION('',(0.,1.,0.));
#15554 = PCURVE('',#10601,#15555);
#15555 = DEFINITIONAL_REPRESENTATION('',(#15556),#15559);
#15556 = B_SPLINE_CURVE_WITH_KNOTS('',1,(#15557,#15558),.UNSPECIFIED.,
  .F.,.F.,(2,2),(-2.500000000005E-03,93.0075),.PIECEWISE_BEZIER_KNOTS.);
#15557 = CARTESIAN_POINT('',(-8.025,-5.00000000001E-03));
#15558 = CARTESIAN_POINT('',(-8.025,93.005));
#15559 = ( GEOMETRIC_REPRESENTATION_CONTEXT(2) 
PARAMETRIC_REPRESENTATION_CONTEXT() REPRESENTATION_CONTEXT('2D SPACE',''
  ) );
#15560 = PCURVE('',#11372,#15561);
#15561 = DEFINITIONAL_REPRESENTATION('',(#15562),#15566);
#15562 = LINE('',#15563,#15564);
#15563 = CARTESIAN_POINT('',(-5.E-02,-2.500000000005E-03));
#15564 = VECTOR('',#15565,1.);
#15565 = DIRECTION('',(0.,-1.));
#15566 = ( GEOMETRIC_REPRESENTATION_CONTEXT(2) 
PARAMETRIC_REPRESENTATION_CONTEXT() REPRESENTATION_CONTEXT('2D SPACE',''
  ) );
#15567 = ADVANCED_FACE('',(#15568),#10547,.T.);
#15568 = FACE_BOUND('',#15569,.T.);
#15569 = EDGE_LOOP('',(#15570,#15571,#15572));
#15570 = ORIENTED_EDGE('',*,*,#10912,.F.);
#15571 = ORIENTED_EDGE('',*,*,#10530,.T.);
#15572 = ORIENTED_EDGE('',*,*,#10840,.F.);
#15573 = ADVANCED_FACE('',(#15574),#10997,.F.);
#15574 = FACE_BOUND('',#15575,.T.);
#15575 = EDGE_LOOP('',(#15576,#15604,#15625,#15626));
#15576 = ORIENTED_EDGE('',*,*,#15577,.F.);
#15577 = EDGE_CURVE('',#15578,#10957,#15580,.T.);
#15578 = VERTEX_POINT('',#15579);
#15579 = CARTESIAN_POINT('',(-1.525,99.005,1.5));
#15580 = SURFACE_CURVE('',#15581,(#15586,#15593),.PCURVE_S1.);
#15581 = CIRCLE('',#15582,8.02);
#15582 = AXIS2_PLACEMENT_3D('',#15583,#15584,#15585);
#15583 = CARTESIAN_POINT('',(6.495,99.005,1.5));
#15584 = DIRECTION('',(0.,0.,-1.));
#15585 = DIRECTION('',(1.,0.,0.));
#15586 = PCURVE('',#10997,#15587);
#15587 = DEFINITIONAL_REPRESENTATION('',(#15588),#15592);
#15588 = LINE('',#15589,#15590);
#15589 = CARTESIAN_POINT('',(-6.28318530718,-1.25));
#15590 = VECTOR('',#15591,1.);
#15591 = DIRECTION('',(1.,-0.));
#15592 = ( GEOMETRIC_REPRESENTATION_CONTEXT(2) 
PARAMETRIC_REPRESENTATION_CONTEXT() REPRESENTATION_CONTEXT('2D SPACE',''
  ) );
#15593 = PCURVE('',#10971,#15594);
#15594 = DEFINITIONAL_REPRESENTATION('',(#15595),#15603);
#15595 = ( BOUNDED_CURVE() B_SPLINE_CURVE(2,(#15596,#15597,#15598,#15599
    ,#15600,#15601,#15602),.UNSPECIFIED.,.T.,.F.) 
B_SPLINE_CURVE_WITH_KNOTS((1,2,2,2,2,1),(-2.094395102393,0.,
    2.094395102393,4.188790204786,6.28318530718,8.377580409573),
.UNSPECIFIED.) CURVE() GEOMETRIC_REPRESENTATION_ITEM() 
RATIONAL_B_SPLINE_CURVE((1.,0.5,1.,0.5,1.,0.5,1.)) REPRESENTATION_ITEM(
  '') );
#15596 = CARTESIAN_POINT('',(8.02,102.03));
#15597 = CARTESIAN_POINT('',(8.02,88.138952523298));
#15598 = CARTESIAN_POINT('',(-4.01,95.084476261649));
#15599 = CARTESIAN_POINT('',(-16.04,102.03));
#15600 = CARTESIAN_POINT('',(-4.01,108.97552373835));
#15601 = CARTESIAN_POINT('',(8.02,115.9210474767));
#15602 = CARTESIAN_POINT('',(8.02,102.03));
#15603 = ( GEOMETRIC_REPRESENTATION_CONTEXT(2) 
PARAMETRIC_REPRESENTATION_CONTEXT() REPRESENTATION_CONTEXT('2D SPACE',''
  ) );
#15604 = ORIENTED_EDGE('',*,*,#15605,.T.);
#15605 = EDGE_CURVE('',#15578,#15497,#15606,.T.);
#15606 = SURFACE_CURVE('',#15607,(#15611,#15618),.PCURVE_S1.);
#15607 = LINE('',#15608,#15609);
#15608 = CARTESIAN_POINT('',(-1.525,99.005,1.5));
#15609 = VECTOR('',#15610,1.);
#15610 = DIRECTION('',(0.,0.,-1.));
#15611 = PCURVE('',#10997,#15612);
#15612 = DEFINITIONAL_REPRESENTATION('',(#15613),#15617);
#15613 = LINE('',#15614,#15615);
#15614 = CARTESIAN_POINT('',(-3.14159265359,-1.25));
#15615 = VECTOR('',#15616,1.);
#15616 = DIRECTION('',(0.,1.));
#15617 = ( GEOMETRIC_REPRESENTATION_CONTEXT(2) 
PARAMETRIC_REPRESENTATION_CONTEXT() REPRESENTATION_CONTEXT('2D SPACE',''
  ) );
#15618 = PCURVE('',#11372,#15619);
#15619 = DEFINITIONAL_REPRESENTATION('',(#15620),#15624);
#15620 = LINE('',#15621,#15622);
#15621 = CARTESIAN_POINT('',(1.25,-93.01));
#15622 = VECTOR('',#15623,1.);
#15623 = DIRECTION('',(-1.,0.));
#15624 = ( GEOMETRIC_REPRESENTATION_CONTEXT(2) 
PARAMETRIC_REPRESENTATION_CONTEXT() REPRESENTATION_CONTEXT('2D SPACE',''
  ) );
#15625 = ORIENTED_EDGE('',*,*,#15496,.T.);
#15626 = ORIENTED_EDGE('',*,*,#10982,.F.);
#15627 = ADVANCED_FACE('',(#15628),#10971,.T.);
#15628 = FACE_BOUND('',#15629,.T.);
#15629 = EDGE_LOOP('',(#15630,#15631,#15632,#15633,#15634,#15635,#15663,
    #15683));
#15630 = ORIENTED_EDGE('',*,*,#10956,.T.);
#15631 = ORIENTED_EDGE('',*,*,#11055,.T.);
#15632 = ORIENTED_EDGE('',*,*,#11105,.F.);
#15633 = ORIENTED_EDGE('',*,*,#11152,.T.);
#15634 = ORIENTED_EDGE('',*,*,#11269,.T.);
#15635 = ORIENTED_EDGE('',*,*,#15636,.T.);
#15636 = EDGE_CURVE('',#11244,#15637,#15639,.T.);
#15637 = VERTEX_POINT('',#15638);
#15638 = CARTESIAN_POINT('',(-1.525,5.995,1.5));
#15639 = SURFACE_CURVE('',#15640,(#15645,#15656),.PCURVE_S1.);
#15640 = CIRCLE('',#15641,8.02);
#15641 = AXIS2_PLACEMENT_3D('',#15642,#15643,#15644);
#15642 = CARTESIAN_POINT('',(6.495,5.995,1.5));
#15643 = DIRECTION('',(0.,0.,-1.));
#15644 = DIRECTION('',(1.,0.,0.));
#15645 = PCURVE('',#10971,#15646);
#15646 = DEFINITIONAL_REPRESENTATION('',(#15647),#15655);
#15647 = ( BOUNDED_CURVE() B_SPLINE_CURVE(2,(#15648,#15649,#15650,#15651
    ,#15652,#15653,#15654),.UNSPECIFIED.,.T.,.F.) 
B_SPLINE_CURVE_WITH_KNOTS((1,2,2,2,2,1),(-2.094395102393,0.,
    2.094395102393,4.188790204786,6.28318530718,8.377580409573),
.UNSPECIFIED.) CURVE() GEOMETRIC_REPRESENTATION_ITEM() 
RATIONAL_B_SPLINE_CURVE((1.,0.5,1.,0.5,1.,0.5,1.)) REPRESENTATION_ITEM(
  '') );
#15648 = CARTESIAN_POINT('',(8.02,9.02));
#15649 = CARTESIAN_POINT('',(8.02,-4.871047476702));
#15650 = CARTESIAN_POINT('',(-4.01,2.074476261649));
#15651 = CARTESIAN_POINT('',(-16.04,9.02));
#15652 = CARTESIAN_POINT('',(-4.01,15.965523738351));
#15653 = CARTESIAN_POINT('',(8.02,22.911047476702));
#15654 = CARTESIAN_POINT('',(8.02,9.02));
#15655 = ( GEOMETRIC_REPRESENTATION_CONTEXT(2) 
PARAMETRIC_REPRESENTATION_CONTEXT() REPRESENTATION_CONTEXT('2D SPACE',''
  ) );
#15656 = PCURVE('',#11258,#15657);
#15657 = DEFINITIONAL_REPRESENTATION('',(#15658),#15662);
#15658 = LINE('',#15659,#15660);
#15659 = CARTESIAN_POINT('',(-6.28318530718,-1.25));
#15660 = VECTOR('',#15661,1.);
#15661 = DIRECTION('',(1.,-0.));
#15662 = ( GEOMETRIC_REPRESENTATION_CONTEXT(2) 
PARAMETRIC_REPRESENTATION_CONTEXT() REPRESENTATION_CONTEXT('2D SPACE',''
  ) );
#15663 = ORIENTED_EDGE('',*,*,#15664,.T.);
#15664 = EDGE_CURVE('',#15637,#15578,#15665,.T.);
#15665 = SURFACE_CURVE('',#15666,(#15670,#15676),.PCURVE_S1.);
#15666 = LINE('',#15667,#15668);
#15667 = CARTESIAN_POINT('',(-1.525,1.485,1.5));
#15668 = VECTOR('',#15669,1.);
#15669 = DIRECTION('',(0.,1.,0.));
#15670 = PCURVE('',#10971,#15671);
#15671 = DEFINITIONAL_REPRESENTATION('',(#15672),#15675);
#15672 = B_SPLINE_CURVE_WITH_KNOTS('',1,(#15673,#15674),.UNSPECIFIED.,
  .F.,.F.,(2,2),(4.51,97.52),.PIECEWISE_BEZIER_KNOTS.);
#15673 = CARTESIAN_POINT('',(-8.02,9.02));
#15674 = CARTESIAN_POINT('',(-8.02,102.03));
#15675 = ( GEOMETRIC_REPRESENTATION_CONTEXT(2) 
PARAMETRIC_REPRESENTATION_CONTEXT() REPRESENTATION_CONTEXT('2D SPACE',''
  ) );
#15676 = PCURVE('',#11372,#15677);
#15677 = DEFINITIONAL_REPRESENTATION('',(#15678),#15682);
#15678 = LINE('',#15679,#15680);
#15679 = CARTESIAN_POINT('',(1.25,4.51));
#15680 = VECTOR('',#15681,1.);
#15681 = DIRECTION('',(0.,-1.));
#15682 = ( GEOMETRIC_REPRESENTATION_CONTEXT(2) 
PARAMETRIC_REPRESENTATION_CONTEXT() REPRESENTATION_CONTEXT('2D SPACE',''
  ) );
#15683 = ORIENTED_EDGE('',*,*,#15577,.T.);
#15684 = ADVANCED_FACE('',(#15685),#11258,.F.);
#15685 = FACE_BOUND('',#15686,.T.);
#15686 = EDGE_LOOP('',(#15687,#15688,#15689,#15690));
#15687 = ORIENTED_EDGE('',*,*,#15636,.F.);
#15688 = ORIENTED_EDGE('',*,*,#11243,.T.);
#15689 = ORIENTED_EDGE('',*,*,#11431,.T.);
#15690 = ORIENTED_EDGE('',*,*,#15691,.F.);
#15691 = EDGE_CURVE('',#15637,#11356,#15692,.T.);
#15692 = SURFACE_CURVE('',#15693,(#15697,#15704),.PCURVE_S1.);
#15693 = LINE('',#15694,#15695);
#15694 = CARTESIAN_POINT('',(-1.525,5.995,1.5));
#15695 = VECTOR('',#15696,1.);
#15696 = DIRECTION('',(0.,0.,-1.));
#15697 = PCURVE('',#11258,#15698);
#15698 = DEFINITIONAL_REPRESENTATION('',(#15699),#15703);
#15699 = LINE('',#15700,#15701);
#15700 = CARTESIAN_POINT('',(-3.14159265359,-1.25));
#15701 = VECTOR('',#15702,1.);
#15702 = DIRECTION('',(0.,1.));
#15703 = ( GEOMETRIC_REPRESENTATION_CONTEXT(2) 
PARAMETRIC_REPRESENTATION_CONTEXT() REPRESENTATION_CONTEXT('2D SPACE',''
  ) );
#15704 = PCURVE('',#11372,#15705);
#15705 = DEFINITIONAL_REPRESENTATION('',(#15706),#15710);
#15706 = LINE('',#15707,#15708);
#15707 = CARTESIAN_POINT('',(1.25,0.));
#15708 = VECTOR('',#15709,1.);
#15709 = DIRECTION('',(-1.,0.));
#15710 = ( GEOMETRIC_REPRESENTATION_CONTEXT(2) 
PARAMETRIC_REPRESENTATION_CONTEXT() REPRESENTATION_CONTEXT('2D SPACE',''
  ) );
#15711 = ADVANCED_FACE('',(#15712),#11372,.T.);
#15712 = FACE_BOUND('',#15713,.T.);
#15713 = EDGE_LOOP('',(#15714,#15715,#15716,#15717,#15743,#15744));
#15714 = ORIENTED_EDGE('',*,*,#15664,.F.);
#15715 = ORIENTED_EDGE('',*,*,#15691,.T.);
#15716 = ORIENTED_EDGE('',*,*,#11355,.T.);
#15717 = ORIENTED_EDGE('',*,*,#15718,.T.);
#15718 = EDGE_CURVE('',#11358,#15528,#15719,.T.);
#15719 = SURFACE_CURVE('',#15720,(#15725,#15736),.PCURVE_S1.);
#15720 = CIRCLE('',#15721,6.);
#15721 = AXIS2_PLACEMENT_3D('',#15722,#15723,#15724);
#15722 = CARTESIAN_POINT('',(-1.525,18.,-5.6));
#15723 = DIRECTION('',(-1.,2.890774530436E-16,0.));
#15724 = DIRECTION('',(-7.401486830834E-17,-0.256038191596,
    0.966666666667));
#15725 = PCURVE('',#11372,#15726);
#15726 = DEFINITIONAL_REPRESENTATION('',(#15727),#15735);
#15727 = ( BOUNDED_CURVE() B_SPLINE_CURVE(2,(#15728,#15729,#15730,#15731
    ,#15732,#15733,#15734),.UNSPECIFIED.,.T.,.F.) 
B_SPLINE_CURVE_WITH_KNOTS((1,2,2,2,2,1),(-2.094395102393,0.,
    2.094395102393,4.188790204786,6.28318530718,8.377580409573),
.UNSPECIFIED.) CURVE() GEOMETRIC_REPRESENTATION_ITEM() 
RATIONAL_B_SPLINE_CURVE((1.,0.5,1.,0.5,1.,0.5,1.)) REPRESENTATION_ITEM(
  '') );
#15728 = CARTESIAN_POINT('',(-5.E-02,-10.46877085042));
#15729 = CARTESIAN_POINT('',(2.61082693913,-20.51466553432));
#15730 = CARTESIAN_POINT('',(-7.419586530435,-17.79606191673));
#15731 = CARTESIAN_POINT('',(-17.45,-15.07745829914));
#15732 = CARTESIAN_POINT('',(-10.08041346956,-7.750167232837));
#15733 = CARTESIAN_POINT('',(-2.71082693913,-0.422876166527));
#15734 = CARTESIAN_POINT('',(-5.E-02,-10.46877085042));
#15735 = ( GEOMETRIC_REPRESENTATION_CONTEXT(2) 
PARAMETRIC_REPRESENTATION_CONTEXT() REPRESENTATION_CONTEXT('2D SPACE',''
  ) );
#15736 = PCURVE('',#11399,#15737);
#15737 = DEFINITIONAL_REPRESENTATION('',(#15738),#15742);
#15738 = LINE('',#15739,#15740);
#15739 = CARTESIAN_POINT('',(6.542106849186,4.175));
#15740 = VECTOR('',#15741,1.);
#15741 = DIRECTION('',(-1.,-0.));
#15742 = ( GEOMETRIC_REPRESENTATION_CONTEXT(2) 
PARAMETRIC_REPRESENTATION_CONTEXT() REPRESENTATION_CONTEXT('2D SPACE',''
  ) );
#15743 = ORIENTED_EDGE('',*,*,#15548,.T.);
#15744 = ORIENTED_EDGE('',*,*,#15605,.F.);
#15745 = ADVANCED_FACE('',(#15746),#11399,.T.);
#15746 = FACE_BOUND('',#15747,.T.);
#15747 = EDGE_LOOP('',(#15748,#15783,#15802,#15803,#15804,#15805,#15806,
    #15807));
#15748 = ORIENTED_EDGE('',*,*,#15749,.T.);
#15749 = EDGE_CURVE('',#15750,#15752,#15754,.T.);
#15750 = VERTEX_POINT('',#15751);
#15751 = CARTESIAN_POINT('',(-0.2,15.648489846928,-8.E-02));
#15752 = VERTEX_POINT('',#15753);
#15753 = CARTESIAN_POINT('',(-0.2,20.351510153072,-8.E-02));
#15754 = SURFACE_CURVE('',#15755,(#15760,#15767),.PCURVE_S1.);
#15755 = CIRCLE('',#15756,6.);
#15756 = AXIS2_PLACEMENT_3D('',#15757,#15758,#15759);
#15757 = CARTESIAN_POINT('',(-0.2,18.,-5.6));
#15758 = DIRECTION('',(-1.,0.,0.));
#15759 = DIRECTION('',(0.,-0.391918358845,0.92));
#15760 = PCURVE('',#11399,#15761);
#15761 = DEFINITIONAL_REPRESENTATION('',(#15762),#15766);
#15762 = LINE('',#15763,#15764);
#15763 = CARTESIAN_POINT('',(6.68590114876,5.5));
#15764 = VECTOR('',#15765,1.);
#15765 = DIRECTION('',(-1.,-0.));
#15766 = ( GEOMETRIC_REPRESENTATION_CONTEXT(2) 
PARAMETRIC_REPRESENTATION_CONTEXT() REPRESENTATION_CONTEXT('2D SPACE',''
  ) );
#15767 = PCURVE('',#15768,#15773);
#15768 = PLANE('',#15769);
#15769 = AXIS2_PLACEMENT_3D('',#15770,#15771,#15772);
#15770 = CARTESIAN_POINT('',(-0.2,18.,-5.6));
#15771 = DIRECTION('',(1.,0.,0.));
#15772 = DIRECTION('',(-0.,0.,1.));
#15773 = DEFINITIONAL_REPRESENTATION('',(#15774),#15782);
#15774 = ( BOUNDED_CURVE() B_SPLINE_CURVE(2,(#15775,#15776,#15777,#15778
    ,#15779,#15780,#15781),.UNSPECIFIED.,.T.,.F.) 
B_SPLINE_CURVE_WITH_KNOTS((1,2,2,2,2,1),(-2.094395102393,0.,
    2.094395102393,4.188790204786,6.28318530718,8.377580409573),
.UNSPECIFIED.) CURVE() GEOMETRIC_REPRESENTATION_ITEM() 
RATIONAL_B_SPLINE_CURVE((1.,0.5,1.,0.5,1.,0.5,1.)) REPRESENTATION_ITEM(
  '') );
#15775 = CARTESIAN_POINT('',(5.52,2.351510153072));
#15776 = CARTESIAN_POINT('',(9.592935059635,-7.209410304708));
#15777 = CARTESIAN_POINT('',(-0.723532470183,-5.956215305426));
#15778 = CARTESIAN_POINT('',(-11.04,-4.703020306144));
#15779 = CARTESIAN_POINT('',(-4.796467529817,3.604705152354));
#15780 = CARTESIAN_POINT('',(1.447064940365,11.912430610852));
#15781 = CARTESIAN_POINT('',(5.52,2.351510153072));
#15782 = ( GEOMETRIC_REPRESENTATION_CONTEXT(2) 
PARAMETRIC_REPRESENTATION_CONTEXT() REPRESENTATION_CONTEXT('2D SPACE',''
  ) );
#15783 = ORIENTED_EDGE('',*,*,#15784,.F.);
#15784 = EDGE_CURVE('',#12719,#15752,#15785,.T.);
#15785 = SURFACE_CURVE('',#15786,(#15790,#15796),.PCURVE_S1.);
#15786 = LINE('',#15787,#15788);
#15787 = CARTESIAN_POINT('',(-5.7,20.351510153072,-8.E-02));
#15788 = VECTOR('',#15789,1.);
#15789 = DIRECTION('',(1.,0.,0.));
#15790 = PCURVE('',#11399,#15791);
#15791 = DEFINITIONAL_REPRESENTATION('',(#15792),#15795);
#15792 = B_SPLINE_CURVE_WITH_KNOTS('',1,(#15793,#15794),.UNSPECIFIED.,
  .F.,.F.,(2,2),(3.,5.5),.PIECEWISE_BEZIER_KNOTS.);
#15793 = CARTESIAN_POINT('',(5.880469465599,3.));
#15794 = CARTESIAN_POINT('',(5.880469465599,5.5));
#15795 = ( GEOMETRIC_REPRESENTATION_CONTEXT(2) 
PARAMETRIC_REPRESENTATION_CONTEXT() REPRESENTATION_CONTEXT('2D SPACE',''
  ) );
#15796 = PCURVE('',#11553,#15797);
#15797 = DEFINITIONAL_REPRESENTATION('',(#15798),#15801);
#15798 = B_SPLINE_CURVE_WITH_KNOTS('',1,(#15799,#15800),.UNSPECIFIED.,
  .F.,.F.,(2,2),(2.39,5.5000006),.PIECEWISE_BEZIER_KNOTS.);
#15799 = CARTESIAN_POINT('',(-1.01,8.851510153072));
#15800 = CARTESIAN_POINT('',(2.1000006,8.851510153072));
#15801 = ( GEOMETRIC_REPRESENTATION_CONTEXT(2) 
PARAMETRIC_REPRESENTATION_CONTEXT() REPRESENTATION_CONTEXT('2D SPACE',''
  ) );
#15802 = ORIENTED_EDGE('',*,*,#12718,.T.);
#15803 = ORIENTED_EDGE('',*,*,#15527,.T.);
#15804 = ORIENTED_EDGE('',*,*,#15718,.F.);
#15805 = ORIENTED_EDGE('',*,*,#11384,.F.);
#15806 = ORIENTED_EDGE('',*,*,#11564,.T.);
#15807 = ORIENTED_EDGE('',*,*,#15808,.T.);
#15808 = EDGE_CURVE('',#11539,#15750,#15809,.T.);
#15809 = SURFACE_CURVE('',#15810,(#15814,#15820),.PCURVE_S1.);
#15810 = LINE('',#15811,#15812);
#15811 = CARTESIAN_POINT('',(-5.7,15.648489846928,-8.E-02));
#15812 = VECTOR('',#15813,1.);
#15813 = DIRECTION('',(1.,0.,0.));
#15814 = PCURVE('',#11399,#15815);
#15815 = DEFINITIONAL_REPRESENTATION('',(#15816),#15819);
#15816 = B_SPLINE_CURVE_WITH_KNOTS('',1,(#15817,#15818),.UNSPECIFIED.,
  .F.,.F.,(2,2),(3.,5.5),.PIECEWISE_BEZIER_KNOTS.);
#15817 = CARTESIAN_POINT('',(6.68590114876,3.));
#15818 = CARTESIAN_POINT('',(6.68590114876,5.5));
#15819 = ( GEOMETRIC_REPRESENTATION_CONTEXT(2) 
PARAMETRIC_REPRESENTATION_CONTEXT() REPRESENTATION_CONTEXT('2D SPACE',''
  ) );
#15820 = PCURVE('',#11553,#15821);
#15821 = DEFINITIONAL_REPRESENTATION('',(#15822),#15825);
#15822 = B_SPLINE_CURVE_WITH_KNOTS('',1,(#15823,#15824),.UNSPECIFIED.,
  .F.,.F.,(2,2),(2.39,5.5000006),.PIECEWISE_BEZIER_KNOTS.);
#15823 = CARTESIAN_POINT('',(-1.01,4.148489846928));
#15824 = CARTESIAN_POINT('',(2.1000006,4.148489846928));
#15825 = ( GEOMETRIC_REPRESENTATION_CONTEXT(2) 
PARAMETRIC_REPRESENTATION_CONTEXT() REPRESENTATION_CONTEXT('2D SPACE',''
  ) );
#15826 = ADVANCED_FACE('',(#15827),#11553,.T.);
#15827 = FACE_BOUND('',#15828,.T.);
#15828 = EDGE_LOOP('',(#15829,#15859,#15888,#15916,#15938,#15939,#15940,
    #15959,#15960,#15961,#15985,#16013));
#15829 = ORIENTED_EDGE('',*,*,#15830,.T.);
#15830 = EDGE_CURVE('',#15831,#15833,#15835,.T.);
#15831 = VERTEX_POINT('',#15832);
#15832 = CARTESIAN_POINT('',(3.4,12.2,-8.E-02));
#15833 = VERTEX_POINT('',#15834);
#15834 = CARTESIAN_POINT('',(3.4,27.8,-8.E-02));
#15835 = SURFACE_CURVE('',#15836,(#15840,#15847),.PCURVE_S1.);
#15836 = LINE('',#15837,#15838);
#15837 = CARTESIAN_POINT('',(3.4,12.2,-8.E-02));
#15838 = VECTOR('',#15839,1.);
#15839 = DIRECTION('',(0.,1.,0.));
#15840 = PCURVE('',#11553,#15841);
#15841 = DEFINITIONAL_REPRESENTATION('',(#15842),#15846);
#15842 = LINE('',#15843,#15844);
#15843 = CARTESIAN_POINT('',(5.7,0.7));
#15844 = VECTOR('',#15845,1.);
#15845 = DIRECTION('',(0.,1.));
#15846 = ( GEOMETRIC_REPRESENTATION_CONTEXT(2) 
PARAMETRIC_REPRESENTATION_CONTEXT() REPRESENTATION_CONTEXT('2D SPACE',''
  ) );
#15847 = PCURVE('',#15848,#15853);
#15848 = PLANE('',#15849);
#15849 = AXIS2_PLACEMENT_3D('',#15850,#15851,#15852);
#15850 = CARTESIAN_POINT('',(3.4,12.2,-1.));
#15851 = DIRECTION('',(1.,0.,0.));
#15852 = DIRECTION('',(0.,0.,1.));
#15853 = DEFINITIONAL_REPRESENTATION('',(#15854),#15858);
#15854 = LINE('',#15855,#15856);
#15855 = CARTESIAN_POINT('',(0.92,0.));
#15856 = VECTOR('',#15857,1.);
#15857 = DIRECTION('',(0.,-1.));
#15858 = ( GEOMETRIC_REPRESENTATION_CONTEXT(2) 
PARAMETRIC_REPRESENTATION_CONTEXT() REPRESENTATION_CONTEXT('2D SPACE',''
  ) );
#15859 = ORIENTED_EDGE('',*,*,#15860,.T.);
#15860 = EDGE_CURVE('',#15833,#15861,#15863,.T.);
#15861 = VERTEX_POINT('',#15862);
#15862 = CARTESIAN_POINT('',(2.7,28.5,-8.E-02));
#15863 = SURFACE_CURVE('',#15864,(#15869,#15876),.PCURVE_S1.);
#15864 = CIRCLE('',#15865,0.7);
#15865 = AXIS2_PLACEMENT_3D('',#15866,#15867,#15868);
#15866 = CARTESIAN_POINT('',(2.7,27.8,-8.E-02));
#15867 = DIRECTION('',(0.,0.,1.));
#15868 = DIRECTION('',(1.,0.,0.));
#15869 = PCURVE('',#11553,#15870);
#15870 = DEFINITIONAL_REPRESENTATION('',(#15871),#15875);
#15871 = CIRCLE('',#15872,0.7);
#15872 = AXIS2_PLACEMENT_2D('',#15873,#15874);
#15873 = CARTESIAN_POINT('',(5.,16.3));
#15874 = DIRECTION('',(1.,0.));
#15875 = ( GEOMETRIC_REPRESENTATION_CONTEXT(2) 
PARAMETRIC_REPRESENTATION_CONTEXT() REPRESENTATION_CONTEXT('2D SPACE',''
  ) );
#15876 = PCURVE('',#15877,#15882);
#15877 = CYLINDRICAL_SURFACE('',#15878,0.7);
#15878 = AXIS2_PLACEMENT_3D('',#15879,#15880,#15881);
#15879 = CARTESIAN_POINT('',(2.7,27.8,-1.));
#15880 = DIRECTION('',(-0.,-0.,-1.));
#15881 = DIRECTION('',(1.,0.,0.));
#15882 = DEFINITIONAL_REPRESENTATION('',(#15883),#15887);
#15883 = LINE('',#15884,#15885);
#15884 = CARTESIAN_POINT('',(-0.,-0.92));
#15885 = VECTOR('',#15886,1.);
#15886 = DIRECTION('',(-1.,0.));
#15887 = ( GEOMETRIC_REPRESENTATION_CONTEXT(2) 
PARAMETRIC_REPRESENTATION_CONTEXT() REPRESENTATION_CONTEXT('2D SPACE',''
  ) );
#15888 = ORIENTED_EDGE('',*,*,#15889,.F.);
#15889 = EDGE_CURVE('',#15890,#15861,#15892,.T.);
#15890 = VERTEX_POINT('',#15891);
#15891 = CARTESIAN_POINT('',(-2.3,28.5,-8.E-02));
#15892 = SURFACE_CURVE('',#15893,(#15897,#15904),.PCURVE_S1.);
#15893 = LINE('',#15894,#15895);
#15894 = CARTESIAN_POINT('',(-2.3,28.5,-8.E-02));
#15895 = VECTOR('',#15896,1.);
#15896 = DIRECTION('',(1.,0.,0.));
#15897 = PCURVE('',#11553,#15898);
#15898 = DEFINITIONAL_REPRESENTATION('',(#15899),#15903);
#15899 = LINE('',#15900,#15901);
#15900 = CARTESIAN_POINT('',(0.,17.));
#15901 = VECTOR('',#15902,1.);
#15902 = DIRECTION('',(1.,0.));
#15903 = ( GEOMETRIC_REPRESENTATION_CONTEXT(2) 
PARAMETRIC_REPRESENTATION_CONTEXT() REPRESENTATION_CONTEXT('2D SPACE',''
  ) );
#15904 = PCURVE('',#15905,#15910);
#15905 = PLANE('',#15906);
#15906 = AXIS2_PLACEMENT_3D('',#15907,#15908,#15909);
#15907 = CARTESIAN_POINT('',(-2.3,28.5,-1.));
#15908 = DIRECTION('',(0.,1.,0.));
#15909 = DIRECTION('',(0.,0.,1.));
#15910 = DEFINITIONAL_REPRESENTATION('',(#15911),#15915);
#15911 = LINE('',#15912,#15913);
#15912 = CARTESIAN_POINT('',(0.92,0.));
#15913 = VECTOR('',#15914,1.);
#15914 = DIRECTION('',(0.,1.));
#15915 = ( GEOMETRIC_REPRESENTATION_CONTEXT(2) 
PARAMETRIC_REPRESENTATION_CONTEXT() REPRESENTATION_CONTEXT('2D SPACE',''
  ) );
#15916 = ORIENTED_EDGE('',*,*,#15917,.T.);
#15917 = EDGE_CURVE('',#15890,#12742,#15918,.T.);
#15918 = SURFACE_CURVE('',#15919,(#15924,#15931),.PCURVE_S1.);
#15919 = CIRCLE('',#15920,0.7);
#15920 = AXIS2_PLACEMENT_3D('',#15921,#15922,#15923);
#15921 = CARTESIAN_POINT('',(-2.3,27.8,-8.E-02));
#15922 = DIRECTION('',(0.,0.,1.));
#15923 = DIRECTION('',(1.,0.,0.));
#15924 = PCURVE('',#11553,#15925);
#15925 = DEFINITIONAL_REPRESENTATION('',(#15926),#15930);
#15926 = CIRCLE('',#15927,0.7);
#15927 = AXIS2_PLACEMENT_2D('',#15928,#15929);
#15928 = CARTESIAN_POINT('',(0.,16.3));
#15929 = DIRECTION('',(1.,0.));
#15930 = ( GEOMETRIC_REPRESENTATION_CONTEXT(2) 
PARAMETRIC_REPRESENTATION_CONTEXT() REPRESENTATION_CONTEXT('2D SPACE',''
  ) );
#15931 = PCURVE('',#12777,#15932);
#15932 = DEFINITIONAL_REPRESENTATION('',(#15933),#15937);
#15933 = LINE('',#15934,#15935);
#15934 = CARTESIAN_POINT('',(-0.,-0.92));
#15935 = VECTOR('',#15936,1.);
#15936 = DIRECTION('',(-1.,0.));
#15937 = ( GEOMETRIC_REPRESENTATION_CONTEXT(2) 
PARAMETRIC_REPRESENTATION_CONTEXT() REPRESENTATION_CONTEXT('2D SPACE',''
  ) );
#15938 = ORIENTED_EDGE('',*,*,#12741,.T.);
#15939 = ORIENTED_EDGE('',*,*,#15784,.T.);
#15940 = ORIENTED_EDGE('',*,*,#15941,.F.);
#15941 = EDGE_CURVE('',#15750,#15752,#15942,.T.);
#15942 = SURFACE_CURVE('',#15943,(#15947,#15953),.PCURVE_S1.);
#15943 = LINE('',#15944,#15945);
#15944 = CARTESIAN_POINT('',(-0.2,14.75,-8.E-02));
#15945 = VECTOR('',#15946,1.);
#15946 = DIRECTION('',(0.,1.,0.));
#15947 = PCURVE('',#11553,#15948);
#15948 = DEFINITIONAL_REPRESENTATION('',(#15949),#15952);
#15949 = B_SPLINE_CURVE_WITH_KNOTS('',1,(#15950,#15951),.UNSPECIFIED.,
  .F.,.F.,(2,2),(-2.75,9.25),.PIECEWISE_BEZIER_KNOTS.);
#15950 = CARTESIAN_POINT('',(2.1,0.5));
#15951 = CARTESIAN_POINT('',(2.1,12.5));
#15952 = ( GEOMETRIC_REPRESENTATION_CONTEXT(2) 
PARAMETRIC_REPRESENTATION_CONTEXT() REPRESENTATION_CONTEXT('2D SPACE',''
  ) );
#15953 = PCURVE('',#15768,#15954);
#15954 = DEFINITIONAL_REPRESENTATION('',(#15955),#15958);
#15955 = B_SPLINE_CURVE_WITH_KNOTS('',1,(#15956,#15957),.UNSPECIFIED.,
  .F.,.F.,(2,2),(-2.75,9.25),.PIECEWISE_BEZIER_KNOTS.);
#15956 = CARTESIAN_POINT('',(5.52,6.));
#15957 = CARTESIAN_POINT('',(5.52,-6.));
#15958 = ( GEOMETRIC_REPRESENTATION_CONTEXT(2) 
PARAMETRIC_REPRESENTATION_CONTEXT() REPRESENTATION_CONTEXT('2D SPACE',''
  ) );
#15959 = ORIENTED_EDGE('',*,*,#15808,.F.);
#15960 = ORIENTED_EDGE('',*,*,#11538,.T.);
#15961 = ORIENTED_EDGE('',*,*,#15962,.T.);
#15962 = EDGE_CURVE('',#11513,#15963,#15965,.T.);
#15963 = VERTEX_POINT('',#15964);
#15964 = CARTESIAN_POINT('',(-2.3,11.5,-8.E-02));
#15965 = SURFACE_CURVE('',#15966,(#15971,#15978),.PCURVE_S1.);
#15966 = CIRCLE('',#15967,0.7);
#15967 = AXIS2_PLACEMENT_3D('',#15968,#15969,#15970);
#15968 = CARTESIAN_POINT('',(-2.3,12.2,-8.E-02));
#15969 = DIRECTION('',(0.,0.,1.));
#15970 = DIRECTION('',(1.,0.,0.));
#15971 = PCURVE('',#11553,#15972);
#15972 = DEFINITIONAL_REPRESENTATION('',(#15973),#15977);
#15973 = CIRCLE('',#15974,0.7);
#15974 = AXIS2_PLACEMENT_2D('',#15975,#15976);
#15975 = CARTESIAN_POINT('',(0.,0.7));
#15976 = DIRECTION('',(1.,0.));
#15977 = ( GEOMETRIC_REPRESENTATION_CONTEXT(2) 
PARAMETRIC_REPRESENTATION_CONTEXT() REPRESENTATION_CONTEXT('2D SPACE',''
  ) );
#15978 = PCURVE('',#11527,#15979);
#15979 = DEFINITIONAL_REPRESENTATION('',(#15980),#15984);
#15980 = LINE('',#15981,#15982);
#15981 = CARTESIAN_POINT('',(-0.,-0.92));
#15982 = VECTOR('',#15983,1.);
#15983 = DIRECTION('',(-1.,0.));
#15984 = ( GEOMETRIC_REPRESENTATION_CONTEXT(2) 
PARAMETRIC_REPRESENTATION_CONTEXT() REPRESENTATION_CONTEXT('2D SPACE',''
  ) );
#15985 = ORIENTED_EDGE('',*,*,#15986,.T.);
#15986 = EDGE_CURVE('',#15963,#15987,#15989,.T.);
#15987 = VERTEX_POINT('',#15988);
#15988 = CARTESIAN_POINT('',(2.7,11.5,-8.E-02));
#15989 = SURFACE_CURVE('',#15990,(#15994,#16001),.PCURVE_S1.);
#15990 = LINE('',#15991,#15992);
#15991 = CARTESIAN_POINT('',(-2.3,11.5,-8.E-02));
#15992 = VECTOR('',#15993,1.);
#15993 = DIRECTION('',(1.,0.,0.));
#15994 = PCURVE('',#11553,#15995);
#15995 = DEFINITIONAL_REPRESENTATION('',(#15996),#16000);
#15996 = LINE('',#15997,#15998);
#15997 = CARTESIAN_POINT('',(0.,0.));
#15998 = VECTOR('',#15999,1.);
#15999 = DIRECTION('',(1.,0.));
#16000 = ( GEOMETRIC_REPRESENTATION_CONTEXT(2) 
PARAMETRIC_REPRESENTATION_CONTEXT() REPRESENTATION_CONTEXT('2D SPACE',''
  ) );
#16001 = PCURVE('',#16002,#16007);
#16002 = PLANE('',#16003);
#16003 = AXIS2_PLACEMENT_3D('',#16004,#16005,#16006);
#16004 = CARTESIAN_POINT('',(-2.3,11.5,-1.));
#16005 = DIRECTION('',(0.,1.,0.));
#16006 = DIRECTION('',(0.,0.,1.));
#16007 = DEFINITIONAL_REPRESENTATION('',(#16008),#16012);
#16008 = LINE('',#16009,#16010);
#16009 = CARTESIAN_POINT('',(0.92,0.));
#16010 = VECTOR('',#16011,1.);
#16011 = DIRECTION('',(0.,1.));
#16012 = ( GEOMETRIC_REPRESENTATION_CONTEXT(2) 
PARAMETRIC_REPRESENTATION_CONTEXT() REPRESENTATION_CONTEXT('2D SPACE',''
  ) );
#16013 = ORIENTED_EDGE('',*,*,#16014,.T.);
#16014 = EDGE_CURVE('',#15987,#15831,#16015,.T.);
#16015 = SURFACE_CURVE('',#16016,(#16021,#16028),.PCURVE_S1.);
#16016 = CIRCLE('',#16017,0.7);
#16017 = AXIS2_PLACEMENT_3D('',#16018,#16019,#16020);
#16018 = CARTESIAN_POINT('',(2.7,12.2,-8.E-02));
#16019 = DIRECTION('',(0.,0.,1.));
#16020 = DIRECTION('',(1.,0.,0.));
#16021 = PCURVE('',#11553,#16022);
#16022 = DEFINITIONAL_REPRESENTATION('',(#16023),#16027);
#16023 = CIRCLE('',#16024,0.7);
#16024 = AXIS2_PLACEMENT_2D('',#16025,#16026);
#16025 = CARTESIAN_POINT('',(5.,0.7));
#16026 = DIRECTION('',(1.,0.));
#16027 = ( GEOMETRIC_REPRESENTATION_CONTEXT(2) 
PARAMETRIC_REPRESENTATION_CONTEXT() REPRESENTATION_CONTEXT('2D SPACE',''
  ) );
#16028 = PCURVE('',#16029,#16034);
#16029 = CYLINDRICAL_SURFACE('',#16030,0.7);
#16030 = AXIS2_PLACEMENT_3D('',#16031,#16032,#16033);
#16031 = CARTESIAN_POINT('',(2.7,12.2,-1.));
#16032 = DIRECTION('',(-0.,-0.,-1.));
#16033 = DIRECTION('',(1.,0.,0.));
#16034 = DEFINITIONAL_REPRESENTATION('',(#16035),#16039);
#16035 = LINE('',#16036,#16037);
#16036 = CARTESIAN_POINT('',(-0.,-0.92));
#16037 = VECTOR('',#16038,1.);
#16038 = DIRECTION('',(-1.,0.));
#16039 = ( GEOMETRIC_REPRESENTATION_CONTEXT(2) 
PARAMETRIC_REPRESENTATION_CONTEXT() REPRESENTATION_CONTEXT('2D SPACE',''
  ) );
#16040 = ADVANCED_FACE('',(#16041),#11527,.T.);
#16041 = FACE_BOUND('',#16042,.F.);
#16042 = EDGE_LOOP('',(#16043,#16067,#16068,#16069));
#16043 = ORIENTED_EDGE('',*,*,#16044,.F.);
#16044 = EDGE_CURVE('',#11487,#16045,#16047,.T.);
#16045 = VERTEX_POINT('',#16046);
#16046 = CARTESIAN_POINT('',(-2.3,11.5,-1.));
#16047 = SURFACE_CURVE('',#16048,(#16053,#16060),.PCURVE_S1.);
#16048 = CIRCLE('',#16049,0.7);
#16049 = AXIS2_PLACEMENT_3D('',#16050,#16051,#16052);
#16050 = CARTESIAN_POINT('',(-2.3,12.2,-1.));
#16051 = DIRECTION('',(0.,0.,1.));
#16052 = DIRECTION('',(1.,0.,0.));
#16053 = PCURVE('',#11527,#16054);
#16054 = DEFINITIONAL_REPRESENTATION('',(#16055),#16059);
#16055 = LINE('',#16056,#16057);
#16056 = CARTESIAN_POINT('',(-0.,0.));
#16057 = VECTOR('',#16058,1.);
#16058 = DIRECTION('',(-1.,0.));
#16059 = ( GEOMETRIC_REPRESENTATION_CONTEXT(2) 
PARAMETRIC_REPRESENTATION_CONTEXT() REPRESENTATION_CONTEXT('2D SPACE',''
  ) );
#16060 = PCURVE('',#11501,#16061);
#16061 = DEFINITIONAL_REPRESENTATION('',(#16062),#16066);
#16062 = CIRCLE('',#16063,0.7);
#16063 = AXIS2_PLACEMENT_2D('',#16064,#16065);
#16064 = CARTESIAN_POINT('',(0.,0.));
#16065 = DIRECTION('',(1.,0.));
#16066 = ( GEOMETRIC_REPRESENTATION_CONTEXT(2) 
PARAMETRIC_REPRESENTATION_CONTEXT() REPRESENTATION_CONTEXT('2D SPACE',''
  ) );
#16067 = ORIENTED_EDGE('',*,*,#11512,.F.);
#16068 = ORIENTED_EDGE('',*,*,#15962,.T.);
#16069 = ORIENTED_EDGE('',*,*,#16070,.F.);
#16070 = EDGE_CURVE('',#16045,#15963,#16071,.T.);
#16071 = SURFACE_CURVE('',#16072,(#16076,#16083),.PCURVE_S1.);
#16072 = LINE('',#16073,#16074);
#16073 = CARTESIAN_POINT('',(-2.3,11.5,-1.));
#16074 = VECTOR('',#16075,1.);
#16075 = DIRECTION('',(0.,0.,1.));
#16076 = PCURVE('',#11527,#16077);
#16077 = DEFINITIONAL_REPRESENTATION('',(#16078),#16082);
#16078 = LINE('',#16079,#16080);
#16079 = CARTESIAN_POINT('',(-4.712388980385,0.));
#16080 = VECTOR('',#16081,1.);
#16081 = DIRECTION('',(-0.,-1.));
#16082 = ( GEOMETRIC_REPRESENTATION_CONTEXT(2) 
PARAMETRIC_REPRESENTATION_CONTEXT() REPRESENTATION_CONTEXT('2D SPACE',''
  ) );
#16083 = PCURVE('',#16002,#16084);
#16084 = DEFINITIONAL_REPRESENTATION('',(#16085),#16089);
#16085 = LINE('',#16086,#16087);
#16086 = CARTESIAN_POINT('',(0.,0.));
#16087 = VECTOR('',#16088,1.);
#16088 = DIRECTION('',(1.,0.));
#16089 = ( GEOMETRIC_REPRESENTATION_CONTEXT(2) 
PARAMETRIC_REPRESENTATION_CONTEXT() REPRESENTATION_CONTEXT('2D SPACE',''
  ) );
#16090 = ADVANCED_FACE('',(#16091),#11501,.F.);
#16091 = FACE_BOUND('',#16092,.F.);
#16092 = EDGE_LOOP('',(#16093,#16118,#16142,#16165,#16187,#16188,#16189,
    #16190,#16191,#16192,#16193,#16216));
#16093 = ORIENTED_EDGE('',*,*,#16094,.T.);
#16094 = EDGE_CURVE('',#16095,#16097,#16099,.T.);
#16095 = VERTEX_POINT('',#16096);
#16096 = CARTESIAN_POINT('',(3.4,12.2,-1.));
#16097 = VERTEX_POINT('',#16098);
#16098 = CARTESIAN_POINT('',(3.4,27.8,-1.));
#16099 = SURFACE_CURVE('',#16100,(#16104,#16111),.PCURVE_S1.);
#16100 = LINE('',#16101,#16102);
#16101 = CARTESIAN_POINT('',(3.4,12.2,-1.));
#16102 = VECTOR('',#16103,1.);
#16103 = DIRECTION('',(0.,1.,0.));
#16104 = PCURVE('',#11501,#16105);
#16105 = DEFINITIONAL_REPRESENTATION('',(#16106),#16110);
#16106 = LINE('',#16107,#16108);
#16107 = CARTESIAN_POINT('',(5.7,0.));
#16108 = VECTOR('',#16109,1.);
#16109 = DIRECTION('',(0.,1.));
#16110 = ( GEOMETRIC_REPRESENTATION_CONTEXT(2) 
PARAMETRIC_REPRESENTATION_CONTEXT() REPRESENTATION_CONTEXT('2D SPACE',''
  ) );
#16111 = PCURVE('',#15848,#16112);
#16112 = DEFINITIONAL_REPRESENTATION('',(#16113),#16117);
#16113 = LINE('',#16114,#16115);
#16114 = CARTESIAN_POINT('',(0.,0.));
#16115 = VECTOR('',#16116,1.);
#16116 = DIRECTION('',(0.,-1.));
#16117 = ( GEOMETRIC_REPRESENTATION_CONTEXT(2) 
PARAMETRIC_REPRESENTATION_CONTEXT() REPRESENTATION_CONTEXT('2D SPACE',''
  ) );
#16118 = ORIENTED_EDGE('',*,*,#16119,.T.);
#16119 = EDGE_CURVE('',#16097,#16120,#16122,.T.);
#16120 = VERTEX_POINT('',#16121);
#16121 = CARTESIAN_POINT('',(2.7,28.5,-1.));
#16122 = SURFACE_CURVE('',#16123,(#16128,#16135),.PCURVE_S1.);
#16123 = CIRCLE('',#16124,0.7);
#16124 = AXIS2_PLACEMENT_3D('',#16125,#16126,#16127);
#16125 = CARTESIAN_POINT('',(2.7,27.8,-1.));
#16126 = DIRECTION('',(0.,0.,1.));
#16127 = DIRECTION('',(1.,0.,0.));
#16128 = PCURVE('',#11501,#16129);
#16129 = DEFINITIONAL_REPRESENTATION('',(#16130),#16134);
#16130 = CIRCLE('',#16131,0.7);
#16131 = AXIS2_PLACEMENT_2D('',#16132,#16133);
#16132 = CARTESIAN_POINT('',(5.,15.6));
#16133 = DIRECTION('',(1.,0.));
#16134 = ( GEOMETRIC_REPRESENTATION_CONTEXT(2) 
PARAMETRIC_REPRESENTATION_CONTEXT() REPRESENTATION_CONTEXT('2D SPACE',''
  ) );
#16135 = PCURVE('',#15877,#16136);
#16136 = DEFINITIONAL_REPRESENTATION('',(#16137),#16141);
#16137 = LINE('',#16138,#16139);
#16138 = CARTESIAN_POINT('',(-0.,0.));
#16139 = VECTOR('',#16140,1.);
#16140 = DIRECTION('',(-1.,0.));
#16141 = ( GEOMETRIC_REPRESENTATION_CONTEXT(2) 
PARAMETRIC_REPRESENTATION_CONTEXT() REPRESENTATION_CONTEXT('2D SPACE',''
  ) );
#16142 = ORIENTED_EDGE('',*,*,#16143,.F.);
#16143 = EDGE_CURVE('',#16144,#16120,#16146,.T.);
#16144 = VERTEX_POINT('',#16145);
#16145 = CARTESIAN_POINT('',(-2.3,28.5,-1.));
#16146 = SURFACE_CURVE('',#16147,(#16151,#16158),.PCURVE_S1.);
#16147 = LINE('',#16148,#16149);
#16148 = CARTESIAN_POINT('',(-2.3,28.5,-1.));
#16149 = VECTOR('',#16150,1.);
#16150 = DIRECTION('',(1.,0.,0.));
#16151 = PCURVE('',#11501,#16152);
#16152 = DEFINITIONAL_REPRESENTATION('',(#16153),#16157);
#16153 = LINE('',#16154,#16155);
#16154 = CARTESIAN_POINT('',(0.,16.3));
#16155 = VECTOR('',#16156,1.);
#16156 = DIRECTION('',(1.,0.));
#16157 = ( GEOMETRIC_REPRESENTATION_CONTEXT(2) 
PARAMETRIC_REPRESENTATION_CONTEXT() REPRESENTATION_CONTEXT('2D SPACE',''
  ) );
#16158 = PCURVE('',#15905,#16159);
#16159 = DEFINITIONAL_REPRESENTATION('',(#16160),#16164);
#16160 = LINE('',#16161,#16162);
#16161 = CARTESIAN_POINT('',(0.,0.));
#16162 = VECTOR('',#16163,1.);
#16163 = DIRECTION('',(0.,1.));
#16164 = ( GEOMETRIC_REPRESENTATION_CONTEXT(2) 
PARAMETRIC_REPRESENTATION_CONTEXT() REPRESENTATION_CONTEXT('2D SPACE',''
  ) );
#16165 = ORIENTED_EDGE('',*,*,#16166,.T.);
#16166 = EDGE_CURVE('',#16144,#12763,#16167,.T.);
#16167 = SURFACE_CURVE('',#16168,(#16173,#16180),.PCURVE_S1.);
#16168 = CIRCLE('',#16169,0.7);
#16169 = AXIS2_PLACEMENT_3D('',#16170,#16171,#16172);
#16170 = CARTESIAN_POINT('',(-2.3,27.8,-1.));
#16171 = DIRECTION('',(0.,0.,1.));
#16172 = DIRECTION('',(1.,0.,0.));
#16173 = PCURVE('',#11501,#16174);
#16174 = DEFINITIONAL_REPRESENTATION('',(#16175),#16179);
#16175 = CIRCLE('',#16176,0.7);
#16176 = AXIS2_PLACEMENT_2D('',#16177,#16178);
#16177 = CARTESIAN_POINT('',(0.,15.6));
#16178 = DIRECTION('',(1.,0.));
#16179 = ( GEOMETRIC_REPRESENTATION_CONTEXT(2) 
PARAMETRIC_REPRESENTATION_CONTEXT() REPRESENTATION_CONTEXT('2D SPACE',''
  ) );
#16180 = PCURVE('',#12777,#16181);
#16181 = DEFINITIONAL_REPRESENTATION('',(#16182),#16186);
#16182 = LINE('',#16183,#16184);
#16183 = CARTESIAN_POINT('',(-0.,0.));
#16184 = VECTOR('',#16185,1.);
#16185 = DIRECTION('',(-1.,0.));
#16186 = ( GEOMETRIC_REPRESENTATION_CONTEXT(2) 
PARAMETRIC_REPRESENTATION_CONTEXT() REPRESENTATION_CONTEXT('2D SPACE',''
  ) );
#16187 = ORIENTED_EDGE('',*,*,#12788,.T.);
#16188 = ORIENTED_EDGE('',*,*,#13012,.T.);
#16189 = ORIENTED_EDGE('',*,*,#13060,.F.);
#16190 = ORIENTED_EDGE('',*,*,#13140,.F.);
#16191 = ORIENTED_EDGE('',*,*,#11486,.T.);
#16192 = ORIENTED_EDGE('',*,*,#16044,.T.);
#16193 = ORIENTED_EDGE('',*,*,#16194,.T.);
#16194 = EDGE_CURVE('',#16045,#16195,#16197,.T.);
#16195 = VERTEX_POINT('',#16196);
#16196 = CARTESIAN_POINT('',(2.7,11.5,-1.));
#16197 = SURFACE_CURVE('',#16198,(#16202,#16209),.PCURVE_S1.);
#16198 = LINE('',#16199,#16200);
#16199 = CARTESIAN_POINT('',(-2.3,11.5,-1.));
#16200 = VECTOR('',#16201,1.);
#16201 = DIRECTION('',(1.,0.,0.));
#16202 = PCURVE('',#11501,#16203);
#16203 = DEFINITIONAL_REPRESENTATION('',(#16204),#16208);
#16204 = LINE('',#16205,#16206);
#16205 = CARTESIAN_POINT('',(0.,-0.7));
#16206 = VECTOR('',#16207,1.);
#16207 = DIRECTION('',(1.,0.));
#16208 = ( GEOMETRIC_REPRESENTATION_CONTEXT(2) 
PARAMETRIC_REPRESENTATION_CONTEXT() REPRESENTATION_CONTEXT('2D SPACE',''
  ) );
#16209 = PCURVE('',#16002,#16210);
#16210 = DEFINITIONAL_REPRESENTATION('',(#16211),#16215);
#16211 = LINE('',#16212,#16213);
#16212 = CARTESIAN_POINT('',(0.,0.));
#16213 = VECTOR('',#16214,1.);
#16214 = DIRECTION('',(0.,1.));
#16215 = ( GEOMETRIC_REPRESENTATION_CONTEXT(2) 
PARAMETRIC_REPRESENTATION_CONTEXT() REPRESENTATION_CONTEXT('2D SPACE',''
  ) );
#16216 = ORIENTED_EDGE('',*,*,#16217,.T.);
#16217 = EDGE_CURVE('',#16195,#16095,#16218,.T.);
#16218 = SURFACE_CURVE('',#16219,(#16224,#16231),.PCURVE_S1.);
#16219 = CIRCLE('',#16220,0.7);
#16220 = AXIS2_PLACEMENT_3D('',#16221,#16222,#16223);
#16221 = CARTESIAN_POINT('',(2.7,12.2,-1.));
#16222 = DIRECTION('',(0.,0.,1.));
#16223 = DIRECTION('',(1.,0.,0.));
#16224 = PCURVE('',#11501,#16225);
#16225 = DEFINITIONAL_REPRESENTATION('',(#16226),#16230);
#16226 = CIRCLE('',#16227,0.7);
#16227 = AXIS2_PLACEMENT_2D('',#16228,#16229);
#16228 = CARTESIAN_POINT('',(5.,0.));
#16229 = DIRECTION('',(1.,0.));
#16230 = ( GEOMETRIC_REPRESENTATION_CONTEXT(2) 
PARAMETRIC_REPRESENTATION_CONTEXT() REPRESENTATION_CONTEXT('2D SPACE',''
  ) );
#16231 = PCURVE('',#16029,#16232);
#16232 = DEFINITIONAL_REPRESENTATION('',(#16233),#16237);
#16233 = LINE('',#16234,#16235);
#16234 = CARTESIAN_POINT('',(-0.,0.));
#16235 = VECTOR('',#16236,1.);
#16236 = DIRECTION('',(-1.,0.));
#16237 = ( GEOMETRIC_REPRESENTATION_CONTEXT(2) 
PARAMETRIC_REPRESENTATION_CONTEXT() REPRESENTATION_CONTEXT('2D SPACE',''
  ) );
#16238 = ADVANCED_FACE('',(#16239,#16242),#12172,.F.);
#16239 = FACE_BOUND('',#16240,.F.);
#16240 = EDGE_LOOP('',(#16241));
#16241 = ORIENTED_EDGE('',*,*,#12157,.T.);
#16242 = FACE_BOUND('',#16243,.F.);
#16243 = EDGE_LOOP('',(#16244));
#16244 = ORIENTED_EDGE('',*,*,#16245,.F.);
#16245 = EDGE_CURVE('',#16246,#16246,#16248,.T.);
#16246 = VERTEX_POINT('',#16247);
#16247 = CARTESIAN_POINT('',(-5.7,18.,-2.2));
#16248 = SURFACE_CURVE('',#16249,(#16254,#16261),.PCURVE_S1.);
#16249 = CIRCLE('',#16250,3.4);
#16250 = AXIS2_PLACEMENT_3D('',#16251,#16252,#16253);
#16251 = CARTESIAN_POINT('',(-5.7,18.,-5.6));
#16252 = DIRECTION('',(1.,0.,0.));
#16253 = DIRECTION('',(-0.,0.,1.));
#16254 = PCURVE('',#12172,#16255);
#16255 = DEFINITIONAL_REPRESENTATION('',(#16256),#16260);
#16256 = CIRCLE('',#16257,3.4);
#16257 = AXIS2_PLACEMENT_2D('',#16258,#16259);
#16258 = CARTESIAN_POINT('',(0.,0.));
#16259 = DIRECTION('',(1.,0.));
#16260 = ( GEOMETRIC_REPRESENTATION_CONTEXT(2) 
PARAMETRIC_REPRESENTATION_CONTEXT() REPRESENTATION_CONTEXT('2D SPACE',''
  ) );
#16261 = PCURVE('',#13124,#16262);
#16262 = DEFINITIONAL_REPRESENTATION('',(#16263),#16267);
#16263 = LINE('',#16264,#16265);
#16264 = CARTESIAN_POINT('',(0.,1.1));
#16265 = VECTOR('',#16266,1.);
#16266 = DIRECTION('',(1.,0.));
#16267 = ( GEOMETRIC_REPRESENTATION_CONTEXT(2) 
PARAMETRIC_REPRESENTATION_CONTEXT() REPRESENTATION_CONTEXT('2D SPACE',''
  ) );
#16268 = ADVANCED_FACE('',(#16269),#12224,.F.);
#16269 = FACE_BOUND('',#16270,.F.);
#16270 = EDGE_LOOP('',(#16271,#16272,#16273,#16274));
#16271 = ORIENTED_EDGE('',*,*,#12306,.T.);
#16272 = ORIENTED_EDGE('',*,*,#12384,.T.);
#16273 = ORIENTED_EDGE('',*,*,#12639,.T.);
#16274 = ORIENTED_EDGE('',*,*,#12209,.F.);
#16275 = ADVANCED_FACE('',(#16276),#12505,.T.);
#16276 = FACE_BOUND('',#16277,.F.);
#16277 = EDGE_LOOP('',(#16278));
#16278 = ORIENTED_EDGE('',*,*,#12490,.F.);
#16279 = ADVANCED_FACE('',(#16280),#12619,.F.);
#16280 = FACE_BOUND('',#16281,.F.);
#16281 = EDGE_LOOP('',(#16282));
#16282 = ORIENTED_EDGE('',*,*,#12604,.T.);
#16283 = ADVANCED_FACE('',(#16284),#12777,.T.);
#16284 = FACE_BOUND('',#16285,.F.);
#16285 = EDGE_LOOP('',(#16286,#16287,#16308,#16309));
#16286 = ORIENTED_EDGE('',*,*,#16166,.F.);
#16287 = ORIENTED_EDGE('',*,*,#16288,.T.);
#16288 = EDGE_CURVE('',#16144,#15890,#16289,.T.);
#16289 = SURFACE_CURVE('',#16290,(#16294,#16301),.PCURVE_S1.);
#16290 = LINE('',#16291,#16292);
#16291 = CARTESIAN_POINT('',(-2.3,28.5,-1.));
#16292 = VECTOR('',#16293,1.);
#16293 = DIRECTION('',(0.,0.,1.));
#16294 = PCURVE('',#12777,#16295);
#16295 = DEFINITIONAL_REPRESENTATION('',(#16296),#16300);
#16296 = LINE('',#16297,#16298);
#16297 = CARTESIAN_POINT('',(-1.570796326795,0.));
#16298 = VECTOR('',#16299,1.);
#16299 = DIRECTION('',(-0.,-1.));
#16300 = ( GEOMETRIC_REPRESENTATION_CONTEXT(2) 
PARAMETRIC_REPRESENTATION_CONTEXT() REPRESENTATION_CONTEXT('2D SPACE',''
  ) );
#16301 = PCURVE('',#15905,#16302);
#16302 = DEFINITIONAL_REPRESENTATION('',(#16303),#16307);
#16303 = LINE('',#16304,#16305);
#16304 = CARTESIAN_POINT('',(0.,0.));
#16305 = VECTOR('',#16306,1.);
#16306 = DIRECTION('',(1.,0.));
#16307 = ( GEOMETRIC_REPRESENTATION_CONTEXT(2) 
PARAMETRIC_REPRESENTATION_CONTEXT() REPRESENTATION_CONTEXT('2D SPACE',''
  ) );
#16308 = ORIENTED_EDGE('',*,*,#15917,.T.);
#16309 = ORIENTED_EDGE('',*,*,#12762,.T.);
#16310 = ADVANCED_FACE('',(#16311),#12826,.F.);
#16311 = FACE_BOUND('',#16312,.F.);
#16312 = EDGE_LOOP('',(#16313,#16314));
#16313 = ORIENTED_EDGE('',*,*,#12809,.T.);
#16314 = ORIENTED_EDGE('',*,*,#16315,.T.);
#16315 = EDGE_CURVE('',#12812,#12810,#16316,.T.);
#16316 = SURFACE_CURVE('',#16317,(#16322,#16329),.PCURVE_S1.);
#16317 = CIRCLE('',#16318,5.5);
#16318 = AXIS2_PLACEMENT_3D('',#16319,#16320,#16321);
#16319 = CARTESIAN_POINT('',(-7.2,81.,-5.6));
#16320 = DIRECTION('',(0.,1.,0.));
#16321 = DIRECTION('',(-0.487613636364,0.,0.87305952926));
#16322 = PCURVE('',#12826,#16323);
#16323 = DEFINITIONAL_REPRESENTATION('',(#16324),#16328);
#16324 = CIRCLE('',#16325,5.5);
#16325 = AXIS2_PLACEMENT_2D('',#16326,#16327);
#16326 = CARTESIAN_POINT('',(0.,0.));
#16327 = DIRECTION('',(0.87305952926,-0.487613636364));
#16328 = ( GEOMETRIC_REPRESENTATION_CONTEXT(2) 
PARAMETRIC_REPRESENTATION_CONTEXT() REPRESENTATION_CONTEXT('2D SPACE',''
  ) );
#16329 = PCURVE('',#12852,#16330);
#16330 = DEFINITIONAL_REPRESENTATION('',(#16331),#16335);
#16331 = LINE('',#16332,#16333);
#16332 = CARTESIAN_POINT('',(5.773830981594,0.));
#16333 = VECTOR('',#16334,1.);
#16334 = DIRECTION('',(1.,0.));
#16335 = ( GEOMETRIC_REPRESENTATION_CONTEXT(2) 
PARAMETRIC_REPRESENTATION_CONTEXT() REPRESENTATION_CONTEXT('2D SPACE',''
  ) );
#16336 = ADVANCED_FACE('',(#16337),#12852,.T.);
#16337 = FACE_BOUND('',#16338,.T.);
#16338 = EDGE_LOOP('',(#16339,#16340,#16341,#16342));
#16339 = ORIENTED_EDGE('',*,*,#12837,.F.);
#16340 = ORIENTED_EDGE('',*,*,#16315,.T.);
#16341 = ORIENTED_EDGE('',*,*,#12889,.T.);
#16342 = ORIENTED_EDGE('',*,*,#16343,.T.);
#16343 = EDGE_CURVE('',#12864,#12838,#16344,.T.);
#16344 = SURFACE_CURVE('',#16345,(#16350,#16357),.PCURVE_S1.);
#16345 = CIRCLE('',#16346,5.5);
#16346 = AXIS2_PLACEMENT_3D('',#16347,#16348,#16349);
#16347 = CARTESIAN_POINT('',(-7.2,87.,-5.6));
#16348 = DIRECTION('',(0.,-1.,-0.));
#16349 = DIRECTION('',(-0.487613636364,0.,-0.87305952926));
#16350 = PCURVE('',#12852,#16351);
#16351 = DEFINITIONAL_REPRESENTATION('',(#16352),#16356);
#16352 = LINE('',#16353,#16354);
#16353 = CARTESIAN_POINT('',(9.934132286355,6.));
#16354 = VECTOR('',#16355,1.);
#16355 = DIRECTION('',(-1.,-0.));
#16356 = ( GEOMETRIC_REPRESENTATION_CONTEXT(2) 
PARAMETRIC_REPRESENTATION_CONTEXT() REPRESENTATION_CONTEXT('2D SPACE',''
  ) );
#16357 = PCURVE('',#12878,#16358);
#16358 = DEFINITIONAL_REPRESENTATION('',(#16359),#16367);
#16359 = ( BOUNDED_CURVE() B_SPLINE_CURVE(2,(#16360,#16361,#16362,#16363
    ,#16364,#16365,#16366),.UNSPECIFIED.,.T.,.F.) 
B_SPLINE_CURVE_WITH_KNOTS((1,2,2,2,2,1),(-2.094395102393,0.,
    2.094395102393,4.188790204786,6.28318530718,8.377580409573),
.UNSPECIFIED.) CURVE() GEOMETRIC_REPRESENTATION_ITEM() 
RATIONAL_B_SPLINE_CURVE((1.,0.5,1.,0.5,1.,0.5,1.)) REPRESENTATION_ITEM(
  '') );
#16360 = CARTESIAN_POINT('',(-4.801827410932,-2.681875));
#16361 = CARTESIAN_POINT('',(-9.44697117048,5.635134044911));
#16362 = CARTESIAN_POINT('',(7.834182569146E-02,5.499442022455));
#16363 = CARTESIAN_POINT('',(9.603654821863,5.36375));
#16364 = CARTESIAN_POINT('',(4.72348558524,-2.817567022455));
#16365 = CARTESIAN_POINT('',(-0.156683651383,-10.99888404491));
#16366 = CARTESIAN_POINT('',(-4.801827410932,-2.681875));
#16367 = ( GEOMETRIC_REPRESENTATION_CONTEXT(2) 
PARAMETRIC_REPRESENTATION_CONTEXT() REPRESENTATION_CONTEXT('2D SPACE',''
  ) );
#16368 = ADVANCED_FACE('',(#16369),#12878,.T.);
#16369 = FACE_BOUND('',#16370,.T.);
#16370 = EDGE_LOOP('',(#16371,#16372));
#16371 = ORIENTED_EDGE('',*,*,#12863,.T.);
#16372 = ORIENTED_EDGE('',*,*,#16343,.F.);
#16373 = ADVANCED_FACE('',(#16374),#12927,.F.);
#16374 = FACE_BOUND('',#16375,.F.);
#16375 = EDGE_LOOP('',(#16376,#16377));
#16376 = ORIENTED_EDGE('',*,*,#12910,.T.);
#16377 = ORIENTED_EDGE('',*,*,#16378,.T.);
#16378 = EDGE_CURVE('',#12913,#12911,#16379,.T.);
#16379 = SURFACE_CURVE('',#16380,(#16385,#16392),.PCURVE_S1.);
#16380 = CIRCLE('',#16381,5.5);
#16381 = AXIS2_PLACEMENT_3D('',#16382,#16383,#16384);
#16382 = CARTESIAN_POINT('',(-7.2,45.,-5.6));
#16383 = DIRECTION('',(0.,1.,0.));
#16384 = DIRECTION('',(-0.487613636364,0.,0.87305952926));
#16385 = PCURVE('',#12927,#16386);
#16386 = DEFINITIONAL_REPRESENTATION('',(#16387),#16391);
#16387 = CIRCLE('',#16388,5.5);
#16388 = AXIS2_PLACEMENT_2D('',#16389,#16390);
#16389 = CARTESIAN_POINT('',(0.,0.));
#16390 = DIRECTION('',(0.87305952926,-0.487613636364));
#16391 = ( GEOMETRIC_REPRESENTATION_CONTEXT(2) 
PARAMETRIC_REPRESENTATION_CONTEXT() REPRESENTATION_CONTEXT('2D SPACE',''
  ) );
#16392 = PCURVE('',#12953,#16393);
#16393 = DEFINITIONAL_REPRESENTATION('',(#16394),#16398);
#16394 = LINE('',#16395,#16396);
#16395 = CARTESIAN_POINT('',(5.773830981594,0.));
#16396 = VECTOR('',#16397,1.);
#16397 = DIRECTION('',(1.,0.));
#16398 = ( GEOMETRIC_REPRESENTATION_CONTEXT(2) 
PARAMETRIC_REPRESENTATION_CONTEXT() REPRESENTATION_CONTEXT('2D SPACE',''
  ) );
#16399 = ADVANCED_FACE('',(#16400),#12953,.T.);
#16400 = FACE_BOUND('',#16401,.T.);
#16401 = EDGE_LOOP('',(#16402,#16403,#16404,#16405));
#16402 = ORIENTED_EDGE('',*,*,#12938,.F.);
#16403 = ORIENTED_EDGE('',*,*,#16378,.T.);
#16404 = ORIENTED_EDGE('',*,*,#12990,.T.);
#16405 = ORIENTED_EDGE('',*,*,#16406,.T.);
#16406 = EDGE_CURVE('',#12965,#12939,#16407,.T.);
#16407 = SURFACE_CURVE('',#16408,(#16413,#16420),.PCURVE_S1.);
#16408 = CIRCLE('',#16409,5.5);
#16409 = AXIS2_PLACEMENT_3D('',#16410,#16411,#16412);
#16410 = CARTESIAN_POINT('',(-7.2,51.,-5.6));
#16411 = DIRECTION('',(0.,-1.,-0.));
#16412 = DIRECTION('',(-0.487613636364,0.,-0.87305952926));
#16413 = PCURVE('',#12953,#16414);
#16414 = DEFINITIONAL_REPRESENTATION('',(#16415),#16419);
#16415 = LINE('',#16416,#16417);
#16416 = CARTESIAN_POINT('',(9.934132286355,6.));
#16417 = VECTOR('',#16418,1.);
#16418 = DIRECTION('',(-1.,-0.));
#16419 = ( GEOMETRIC_REPRESENTATION_CONTEXT(2) 
PARAMETRIC_REPRESENTATION_CONTEXT() REPRESENTATION_CONTEXT('2D SPACE',''
  ) );
#16420 = PCURVE('',#12979,#16421);
#16421 = DEFINITIONAL_REPRESENTATION('',(#16422),#16430);
#16422 = ( BOUNDED_CURVE() B_SPLINE_CURVE(2,(#16423,#16424,#16425,#16426
    ,#16427,#16428,#16429),.UNSPECIFIED.,.T.,.F.) 
B_SPLINE_CURVE_WITH_KNOTS((1,2,2,2,2,1),(-2.094395102393,0.,
    2.094395102393,4.188790204786,6.28318530718,8.377580409573),
.UNSPECIFIED.) CURVE() GEOMETRIC_REPRESENTATION_ITEM() 
RATIONAL_B_SPLINE_CURVE((1.,0.5,1.,0.5,1.,0.5,1.)) REPRESENTATION_ITEM(
  '') );
#16423 = CARTESIAN_POINT('',(-4.801827410932,-2.681875));
#16424 = CARTESIAN_POINT('',(-9.44697117048,5.635134044911));
#16425 = CARTESIAN_POINT('',(7.834182569146E-02,5.499442022455));
#16426 = CARTESIAN_POINT('',(9.603654821863,5.36375));
#16427 = CARTESIAN_POINT('',(4.72348558524,-2.817567022455));
#16428 = CARTESIAN_POINT('',(-0.156683651383,-10.99888404491));
#16429 = CARTESIAN_POINT('',(-4.801827410932,-2.681875));
#16430 = ( GEOMETRIC_REPRESENTATION_CONTEXT(2) 
PARAMETRIC_REPRESENTATION_CONTEXT() REPRESENTATION_CONTEXT('2D SPACE',''
  ) );
#16431 = ADVANCED_FACE('',(#16432),#12979,.T.);
#16432 = FACE_BOUND('',#16433,.T.);
#16433 = EDGE_LOOP('',(#16434,#16435));
#16434 = ORIENTED_EDGE('',*,*,#12964,.T.);
#16435 = ORIENTED_EDGE('',*,*,#16406,.F.);
#16436 = ADVANCED_FACE('',(#16437),#13124,.F.);
#16437 = FACE_BOUND('',#16438,.F.);
#16438 = EDGE_LOOP('',(#16439,#16440,#16461,#16462));
#16439 = ORIENTED_EDGE('',*,*,#13107,.F.);
#16440 = ORIENTED_EDGE('',*,*,#16441,.F.);
#16441 = EDGE_CURVE('',#16246,#13108,#16442,.T.);
#16442 = SEAM_CURVE('',#16443,(#16447,#16454),.PCURVE_S1.);
#16443 = LINE('',#16444,#16445);
#16444 = CARTESIAN_POINT('',(-6.8,18.,-2.2));
#16445 = VECTOR('',#16446,1.);
#16446 = DIRECTION('',(1.,0.,0.));
#16447 = PCURVE('',#13124,#16448);
#16448 = DEFINITIONAL_REPRESENTATION('',(#16449),#16453);
#16449 = LINE('',#16450,#16451);
#16450 = CARTESIAN_POINT('',(6.28318530718,-0.));
#16451 = VECTOR('',#16452,1.);
#16452 = DIRECTION('',(0.,1.));
#16453 = ( GEOMETRIC_REPRESENTATION_CONTEXT(2) 
PARAMETRIC_REPRESENTATION_CONTEXT() REPRESENTATION_CONTEXT('2D SPACE',''
  ) );
#16454 = PCURVE('',#13124,#16455);
#16455 = DEFINITIONAL_REPRESENTATION('',(#16456),#16460);
#16456 = LINE('',#16457,#16458);
#16457 = CARTESIAN_POINT('',(0.,-0.));
#16458 = VECTOR('',#16459,1.);
#16459 = DIRECTION('',(0.,1.));
#16460 = ( GEOMETRIC_REPRESENTATION_CONTEXT(2) 
PARAMETRIC_REPRESENTATION_CONTEXT() REPRESENTATION_CONTEXT('2D SPACE',''
  ) );
#16461 = ORIENTED_EDGE('',*,*,#16245,.T.);
#16462 = ORIENTED_EDGE('',*,*,#16441,.T.);
#16463 = ADVANCED_FACE('',(#16464),#13298,.F.);
#16464 = FACE_BOUND('',#16465,.F.);
#16465 = EDGE_LOOP('',(#16466,#16467,#16468,#16469));
#16466 = ORIENTED_EDGE('',*,*,#13338,.F.);
#16467 = ORIENTED_EDGE('',*,*,#13284,.T.);
#16468 = ORIENTED_EDGE('',*,*,#13536,.T.);
#16469 = ORIENTED_EDGE('',*,*,#13455,.F.);
#16470 = ADVANCED_FACE('',(#16471),#13227,.T.);
#16471 = FACE_BOUND('',#16472,.T.);
#16472 = EDGE_LOOP('',(#16473,#16474,#16475,#16476));
#16473 = ORIENTED_EDGE('',*,*,#13482,.F.);
#16474 = ORIENTED_EDGE('',*,*,#13211,.T.);
#16475 = ORIENTED_EDGE('',*,*,#13509,.T.);
#16476 = ORIENTED_EDGE('',*,*,#13387,.F.);
#16477 = ADVANCED_FACE('',(#16478,#16481),#13599,.T.);
#16478 = FACE_BOUND('',#16479,.T.);
#16479 = EDGE_LOOP('',(#16480));
#16480 = ORIENTED_EDGE('',*,*,#13584,.T.);
#16481 = FACE_BOUND('',#16482,.T.);
#16482 = EDGE_LOOP('',(#16483));
#16483 = ORIENTED_EDGE('',*,*,#16484,.T.);
#16484 = EDGE_CURVE('',#16485,#16485,#16487,.T.);
#16485 = VERTEX_POINT('',#16486);
#16486 = CARTESIAN_POINT('',(7.1,37.,-1.E-01));
#16487 = SURFACE_CURVE('',#16488,(#16493,#16504),.PCURVE_S1.);
#16488 = CIRCLE('',#16489,1.1);
#16489 = AXIS2_PLACEMENT_3D('',#16490,#16491,#16492);
#16490 = CARTESIAN_POINT('',(6.,37.,-1.E-01));
#16491 = DIRECTION('',(0.,0.,-1.));
#16492 = DIRECTION('',(1.,0.,0.));
#16493 = PCURVE('',#13599,#16494);
#16494 = DEFINITIONAL_REPRESENTATION('',(#16495),#16503);
#16495 = ( BOUNDED_CURVE() B_SPLINE_CURVE(2,(#16496,#16497,#16498,#16499
    ,#16500,#16501,#16502),.UNSPECIFIED.,.T.,.F.) 
B_SPLINE_CURVE_WITH_KNOTS((1,2,2,2,2,1),(-2.094395102393,0.,
    2.094395102393,4.188790204786,6.28318530718,8.377580409573),
.UNSPECIFIED.) CURVE() GEOMETRIC_REPRESENTATION_ITEM() 
RATIONAL_B_SPLINE_CURVE((1.,0.5,1.,0.5,1.,0.5,1.)) REPRESENTATION_ITEM(
  '') );
#16496 = CARTESIAN_POINT('',(1.1,0.));
#16497 = CARTESIAN_POINT('',(1.1,-1.905255888326));
#16498 = CARTESIAN_POINT('',(-0.55,-0.952627944163));
#16499 = CARTESIAN_POINT('',(-2.2,-2.694222958124E-16));
#16500 = CARTESIAN_POINT('',(-0.55,0.952627944163));
#16501 = CARTESIAN_POINT('',(1.1,1.905255888326));
#16502 = CARTESIAN_POINT('',(1.1,0.));
#16503 = ( GEOMETRIC_REPRESENTATION_CONTEXT(2) 
PARAMETRIC_REPRESENTATION_CONTEXT() REPRESENTATION_CONTEXT('2D SPACE',''
  ) );
#16504 = PCURVE('',#16505,#16510);
#16505 = CYLINDRICAL_SURFACE('',#16506,1.1);
#16506 = AXIS2_PLACEMENT_3D('',#16507,#16508,#16509);
#16507 = CARTESIAN_POINT('',(6.,37.,-10.1));
#16508 = DIRECTION('',(-0.,-0.,-1.));
#16509 = DIRECTION('',(1.,0.,0.));
#16510 = DEFINITIONAL_REPRESENTATION('',(#16511),#16515);
#16511 = LINE('',#16512,#16513);
#16512 = CARTESIAN_POINT('',(-6.28318530718,-10.));
#16513 = VECTOR('',#16514,1.);
#16514 = DIRECTION('',(1.,-0.));
#16515 = ( GEOMETRIC_REPRESENTATION_CONTEXT(2) 
PARAMETRIC_REPRESENTATION_CONTEXT() REPRESENTATION_CONTEXT('2D SPACE',''
  ) );
#16516 = ADVANCED_FACE('',(#16517),#13749,.F.);
#16517 = FACE_BOUND('',#16518,.F.);
#16518 = EDGE_LOOP('',(#16519,#16520,#16521,#16522));
#16519 = ORIENTED_EDGE('',*,*,#13789,.F.);
#16520 = ORIENTED_EDGE('',*,*,#13735,.T.);
#16521 = ORIENTED_EDGE('',*,*,#13987,.T.);
#16522 = ORIENTED_EDGE('',*,*,#13933,.F.);
#16523 = ADVANCED_FACE('',(#16524),#13678,.T.);
#16524 = FACE_BOUND('',#16525,.T.);
#16525 = EDGE_LOOP('',(#16526,#16527,#16528,#16529));
#16526 = ORIENTED_EDGE('',*,*,#13838,.F.);
#16527 = ORIENTED_EDGE('',*,*,#13662,.T.);
#16528 = ORIENTED_EDGE('',*,*,#13960,.T.);
#16529 = ORIENTED_EDGE('',*,*,#13865,.F.);
#16530 = ADVANCED_FACE('',(#16531),#14145,.F.);
#16531 = FACE_BOUND('',#16532,.F.);
#16532 = EDGE_LOOP('',(#16533,#16534,#16535,#16536));
#16533 = ORIENTED_EDGE('',*,*,#14185,.F.);
#16534 = ORIENTED_EDGE('',*,*,#14131,.T.);
#16535 = ORIENTED_EDGE('',*,*,#14383,.T.);
#16536 = ORIENTED_EDGE('',*,*,#14329,.F.);
#16537 = ADVANCED_FACE('',(#16538),#14074,.T.);
#16538 = FACE_BOUND('',#16539,.T.);
#16539 = EDGE_LOOP('',(#16540,#16541,#16542,#16543));
#16540 = ORIENTED_EDGE('',*,*,#14234,.F.);
#16541 = ORIENTED_EDGE('',*,*,#14058,.T.);
#16542 = ORIENTED_EDGE('',*,*,#14356,.T.);
#16543 = ORIENTED_EDGE('',*,*,#14261,.F.);
#16544 = ADVANCED_FACE('',(#16545,#16548),#14446,.T.);
#16545 = FACE_BOUND('',#16546,.T.);
#16546 = EDGE_LOOP('',(#16547));
#16547 = ORIENTED_EDGE('',*,*,#14431,.T.);
#16548 = FACE_BOUND('',#16549,.T.);
#16549 = EDGE_LOOP('',(#16550));
#16550 = ORIENTED_EDGE('',*,*,#16551,.T.);
#16551 = EDGE_CURVE('',#16552,#16552,#16554,.T.);
#16552 = VERTEX_POINT('',#16553);
#16553 = CARTESIAN_POINT('',(55.1,37.,-1.E-01));
#16554 = SURFACE_CURVE('',#16555,(#16560,#16571),.PCURVE_S1.);
#16555 = CIRCLE('',#16556,1.1);
#16556 = AXIS2_PLACEMENT_3D('',#16557,#16558,#16559);
#16557 = CARTESIAN_POINT('',(54.,37.,-1.E-01));
#16558 = DIRECTION('',(0.,0.,-1.));
#16559 = DIRECTION('',(1.,0.,0.));
#16560 = PCURVE('',#14446,#16561);
#16561 = DEFINITIONAL_REPRESENTATION('',(#16562),#16570);
#16562 = ( BOUNDED_CURVE() B_SPLINE_CURVE(2,(#16563,#16564,#16565,#16566
    ,#16567,#16568,#16569),.UNSPECIFIED.,.T.,.F.) 
B_SPLINE_CURVE_WITH_KNOTS((1,2,2,2,2,1),(-2.094395102393,0.,
    2.094395102393,4.188790204786,6.28318530718,8.377580409573),
.UNSPECIFIED.) CURVE() GEOMETRIC_REPRESENTATION_ITEM() 
RATIONAL_B_SPLINE_CURVE((1.,0.5,1.,0.5,1.,0.5,1.)) REPRESENTATION_ITEM(
  '') );
#16563 = CARTESIAN_POINT('',(1.1,0.));
#16564 = CARTESIAN_POINT('',(1.1,-1.905255888326));
#16565 = CARTESIAN_POINT('',(-0.55,-0.952627944163));
#16566 = CARTESIAN_POINT('',(-2.2,-2.694222958124E-16));
#16567 = CARTESIAN_POINT('',(-0.55,0.952627944163));
#16568 = CARTESIAN_POINT('',(1.1,1.905255888326));
#16569 = CARTESIAN_POINT('',(1.1,0.));
#16570 = ( GEOMETRIC_REPRESENTATION_CONTEXT(2) 
PARAMETRIC_REPRESENTATION_CONTEXT() REPRESENTATION_CONTEXT('2D SPACE',''
  ) );
#16571 = PCURVE('',#16572,#16577);
#16572 = CYLINDRICAL_SURFACE('',#16573,1.1);
#16573 = AXIS2_PLACEMENT_3D('',#16574,#16575,#16576);
#16574 = CARTESIAN_POINT('',(54.,37.,-10.1));
#16575 = DIRECTION('',(-0.,-0.,-1.));
#16576 = DIRECTION('',(1.,0.,0.));
#16577 = DEFINITIONAL_REPRESENTATION('',(#16578),#16582);
#16578 = LINE('',#16579,#16580);
#16579 = CARTESIAN_POINT('',(-6.28318530718,-10.));
#16580 = VECTOR('',#16581,1.);
#16581 = DIRECTION('',(1.,-0.));
#16582 = ( GEOMETRIC_REPRESENTATION_CONTEXT(2) 
PARAMETRIC_REPRESENTATION_CONTEXT() REPRESENTATION_CONTEXT('2D SPACE',''
  ) );
#16583 = ADVANCED_FACE('',(#16584),#14596,.F.);
#16584 = FACE_BOUND('',#16585,.F.);
#16585 = EDGE_LOOP('',(#16586,#16587,#16588,#16589));
#16586 = ORIENTED_EDGE('',*,*,#14636,.F.);
#16587 = ORIENTED_EDGE('',*,*,#14582,.T.);
#16588 = ORIENTED_EDGE('',*,*,#14834,.T.);
#16589 = ORIENTED_EDGE('',*,*,#14780,.F.);
#16590 = ADVANCED_FACE('',(#16591),#14525,.T.);
#16591 = FACE_BOUND('',#16592,.T.);
#16592 = EDGE_LOOP('',(#16593,#16594,#16595,#16596));
#16593 = ORIENTED_EDGE('',*,*,#14685,.F.);
#16594 = ORIENTED_EDGE('',*,*,#14509,.T.);
#16595 = ORIENTED_EDGE('',*,*,#14807,.T.);
#16596 = ORIENTED_EDGE('',*,*,#14712,.F.);
#16597 = ADVANCED_FACE('',(#16598),#14992,.F.);
#16598 = FACE_BOUND('',#16599,.F.);
#16599 = EDGE_LOOP('',(#16600,#16601,#16602,#16603));
#16600 = ORIENTED_EDGE('',*,*,#15032,.F.);
#16601 = ORIENTED_EDGE('',*,*,#14978,.T.);
#16602 = ORIENTED_EDGE('',*,*,#15230,.T.);
#16603 = ORIENTED_EDGE('',*,*,#15176,.F.);
#16604 = ADVANCED_FACE('',(#16605),#14921,.T.);
#16605 = FACE_BOUND('',#16606,.T.);
#16606 = EDGE_LOOP('',(#16607,#16608,#16609,#16610));
#16607 = ORIENTED_EDGE('',*,*,#15081,.F.);
#16608 = ORIENTED_EDGE('',*,*,#14905,.T.);
#16609 = ORIENTED_EDGE('',*,*,#15203,.T.);
#16610 = ORIENTED_EDGE('',*,*,#15108,.F.);
#16611 = ADVANCED_FACE('',(#16612,#16615),#15298,.T.);
#16612 = FACE_BOUND('',#16613,.T.);
#16613 = EDGE_LOOP('',(#16614));
#16614 = ORIENTED_EDGE('',*,*,#15283,.T.);
#16615 = FACE_BOUND('',#16616,.T.);
#16616 = EDGE_LOOP('',(#16617));
#16617 = ORIENTED_EDGE('',*,*,#16618,.T.);
#16618 = EDGE_CURVE('',#16619,#16619,#16621,.T.);
#16619 = VERTEX_POINT('',#16620);
#16620 = CARTESIAN_POINT('',(7.625,99.,-1.E-01));
#16621 = SURFACE_CURVE('',#16622,(#16627,#16638),.PCURVE_S1.);
#16622 = CIRCLE('',#16623,1.625);
#16623 = AXIS2_PLACEMENT_3D('',#16624,#16625,#16626);
#16624 = CARTESIAN_POINT('',(6.,99.,-1.E-01));
#16625 = DIRECTION('',(0.,0.,-1.));
#16626 = DIRECTION('',(1.,0.,0.));
#16627 = PCURVE('',#15298,#16628);
#16628 = DEFINITIONAL_REPRESENTATION('',(#16629),#16637);
#16629 = ( BOUNDED_CURVE() B_SPLINE_CURVE(2,(#16630,#16631,#16632,#16633
    ,#16634,#16635,#16636),.UNSPECIFIED.,.T.,.F.) 
B_SPLINE_CURVE_WITH_KNOTS((1,2,2,2,2,1),(-2.094395102393,0.,
    2.094395102393,4.188790204786,6.28318530718,8.377580409573),
.UNSPECIFIED.) CURVE() GEOMETRIC_REPRESENTATION_ITEM() 
RATIONAL_B_SPLINE_CURVE((1.,0.5,1.,0.5,1.,0.5,1.)) REPRESENTATION_ITEM(
  '') );
#16630 = CARTESIAN_POINT('',(1.625,0.));
#16631 = CARTESIAN_POINT('',(1.625,-2.814582562299));
#16632 = CARTESIAN_POINT('',(-0.8125,-1.40729128115));
#16633 = CARTESIAN_POINT('',(-3.25,-3.980102097229E-16));
#16634 = CARTESIAN_POINT('',(-0.8125,1.40729128115));
#16635 = CARTESIAN_POINT('',(1.625,2.814582562299));
#16636 = CARTESIAN_POINT('',(1.625,0.));
#16637 = ( GEOMETRIC_REPRESENTATION_CONTEXT(2) 
PARAMETRIC_REPRESENTATION_CONTEXT() REPRESENTATION_CONTEXT('2D SPACE',''
  ) );
#16638 = PCURVE('',#16639,#16644);
#16639 = CYLINDRICAL_SURFACE('',#16640,1.625);
#16640 = AXIS2_PLACEMENT_3D('',#16641,#16642,#16643);
#16641 = CARTESIAN_POINT('',(6.,99.,-3.75));
#16642 = DIRECTION('',(-0.,-0.,-1.));
#16643 = DIRECTION('',(1.,0.,0.));
#16644 = DEFINITIONAL_REPRESENTATION('',(#16645),#16649);
#16645 = LINE('',#16646,#16647);
#16646 = CARTESIAN_POINT('',(-6.28318530718,-3.65));
#16647 = VECTOR('',#16648,1.);
#16648 = DIRECTION('',(1.,-0.));
#16649 = ( GEOMETRIC_REPRESENTATION_CONTEXT(2) 
PARAMETRIC_REPRESENTATION_CONTEXT() REPRESENTATION_CONTEXT('2D SPACE',''
  ) );
#16650 = ADVANCED_FACE('',(#16651,#16654),#15358,.T.);
#16651 = FACE_BOUND('',#16652,.T.);
#16652 = EDGE_LOOP('',(#16653));
#16653 = ORIENTED_EDGE('',*,*,#15343,.T.);
#16654 = FACE_BOUND('',#16655,.T.);
#16655 = EDGE_LOOP('',(#16656));
#16656 = ORIENTED_EDGE('',*,*,#16657,.T.);
#16657 = EDGE_CURVE('',#16658,#16658,#16660,.T.);
#16658 = VERTEX_POINT('',#16659);
#16659 = CARTESIAN_POINT('',(55.625,99.,-1.E-01));
#16660 = SURFACE_CURVE('',#16661,(#16666,#16677),.PCURVE_S1.);
#16661 = CIRCLE('',#16662,1.625);
#16662 = AXIS2_PLACEMENT_3D('',#16663,#16664,#16665);
#16663 = CARTESIAN_POINT('',(54.,99.,-1.E-01));
#16664 = DIRECTION('',(0.,0.,-1.));
#16665 = DIRECTION('',(1.,0.,0.));
#16666 = PCURVE('',#15358,#16667);
#16667 = DEFINITIONAL_REPRESENTATION('',(#16668),#16676);
#16668 = ( BOUNDED_CURVE() B_SPLINE_CURVE(2,(#16669,#16670,#16671,#16672
    ,#16673,#16674,#16675),.UNSPECIFIED.,.T.,.F.) 
B_SPLINE_CURVE_WITH_KNOTS((1,2,2,2,2,1),(-2.094395102393,0.,
    2.094395102393,4.188790204786,6.28318530718,8.377580409573),
.UNSPECIFIED.) CURVE() GEOMETRIC_REPRESENTATION_ITEM() 
RATIONAL_B_SPLINE_CURVE((1.,0.5,1.,0.5,1.,0.5,1.)) REPRESENTATION_ITEM(
  '') );
#16669 = CARTESIAN_POINT('',(1.625,0.));
#16670 = CARTESIAN_POINT('',(1.625,-2.814582562299));
#16671 = CARTESIAN_POINT('',(-0.8125,-1.40729128115));
#16672 = CARTESIAN_POINT('',(-3.25,-3.980102097229E-16));
#16673 = CARTESIAN_POINT('',(-0.8125,1.40729128115));
#16674 = CARTESIAN_POINT('',(1.625,2.814582562299));
#16675 = CARTESIAN_POINT('',(1.625,0.));
#16676 = ( GEOMETRIC_REPRESENTATION_CONTEXT(2) 
PARAMETRIC_REPRESENTATION_CONTEXT() REPRESENTATION_CONTEXT('2D SPACE',''
  ) );
#16677 = PCURVE('',#16678,#16683);
#16678 = CYLINDRICAL_SURFACE('',#16679,1.625);
#16679 = AXIS2_PLACEMENT_3D('',#16680,#16681,#16682);
#16680 = CARTESIAN_POINT('',(54.,99.,-3.75));
#16681 = DIRECTION('',(-0.,-0.,-1.));
#16682 = DIRECTION('',(1.,0.,0.));
#16683 = DEFINITIONAL_REPRESENTATION('',(#16684),#16688);
#16684 = LINE('',#16685,#16686);
#16685 = CARTESIAN_POINT('',(-6.28318530718,-3.65));
#16686 = VECTOR('',#16687,1.);
#16687 = DIRECTION('',(1.,-0.));
#16688 = ( GEOMETRIC_REPRESENTATION_CONTEXT(2) 
PARAMETRIC_REPRESENTATION_CONTEXT() REPRESENTATION_CONTEXT('2D SPACE',''
  ) );
#16689 = ADVANCED_FACE('',(#16690),#15768,.T.);
#16690 = FACE_BOUND('',#16691,.T.);
#16691 = EDGE_LOOP('',(#16692,#16693));
#16692 = ORIENTED_EDGE('',*,*,#15941,.T.);
#16693 = ORIENTED_EDGE('',*,*,#15749,.F.);
#16694 = ADVANCED_FACE('',(#16695),#15848,.T.);
#16695 = FACE_BOUND('',#16696,.T.);
#16696 = EDGE_LOOP('',(#16697,#16717,#16718,#16738));
#16697 = ORIENTED_EDGE('',*,*,#16698,.F.);
#16698 = EDGE_CURVE('',#16095,#15831,#16699,.T.);
#16699 = SURFACE_CURVE('',#16700,(#16704,#16711),.PCURVE_S1.);
#16700 = LINE('',#16701,#16702);
#16701 = CARTESIAN_POINT('',(3.4,12.2,-1.));
#16702 = VECTOR('',#16703,1.);
#16703 = DIRECTION('',(0.,0.,1.));
#16704 = PCURVE('',#15848,#16705);
#16705 = DEFINITIONAL_REPRESENTATION('',(#16706),#16710);
#16706 = LINE('',#16707,#16708);
#16707 = CARTESIAN_POINT('',(0.,0.));
#16708 = VECTOR('',#16709,1.);
#16709 = DIRECTION('',(1.,0.));
#16710 = ( GEOMETRIC_REPRESENTATION_CONTEXT(2) 
PARAMETRIC_REPRESENTATION_CONTEXT() REPRESENTATION_CONTEXT('2D SPACE',''
  ) );
#16711 = PCURVE('',#16029,#16712);
#16712 = DEFINITIONAL_REPRESENTATION('',(#16713),#16716);
#16713 = B_SPLINE_CURVE_WITH_KNOTS('',1,(#16714,#16715),.UNSPECIFIED.,
  .F.,.F.,(2,2),(0.,0.92),.PIECEWISE_BEZIER_KNOTS.);
#16714 = CARTESIAN_POINT('',(-6.28318530718,0.));
#16715 = CARTESIAN_POINT('',(-6.28318530718,-0.92));
#16716 = ( GEOMETRIC_REPRESENTATION_CONTEXT(2) 
PARAMETRIC_REPRESENTATION_CONTEXT() REPRESENTATION_CONTEXT('2D SPACE',''
  ) );
#16717 = ORIENTED_EDGE('',*,*,#16094,.T.);
#16718 = ORIENTED_EDGE('',*,*,#16719,.T.);
#16719 = EDGE_CURVE('',#16097,#15833,#16720,.T.);
#16720 = SURFACE_CURVE('',#16721,(#16725,#16732),.PCURVE_S1.);
#16721 = LINE('',#16722,#16723);
#16722 = CARTESIAN_POINT('',(3.4,27.8,-1.));
#16723 = VECTOR('',#16724,1.);
#16724 = DIRECTION('',(0.,0.,1.));
#16725 = PCURVE('',#15848,#16726);
#16726 = DEFINITIONAL_REPRESENTATION('',(#16727),#16731);
#16727 = LINE('',#16728,#16729);
#16728 = CARTESIAN_POINT('',(0.,-15.6));
#16729 = VECTOR('',#16730,1.);
#16730 = DIRECTION('',(1.,0.));
#16731 = ( GEOMETRIC_REPRESENTATION_CONTEXT(2) 
PARAMETRIC_REPRESENTATION_CONTEXT() REPRESENTATION_CONTEXT('2D SPACE',''
  ) );
#16732 = PCURVE('',#15877,#16733);
#16733 = DEFINITIONAL_REPRESENTATION('',(#16734),#16737);
#16734 = B_SPLINE_CURVE_WITH_KNOTS('',1,(#16735,#16736),.UNSPECIFIED.,
  .F.,.F.,(2,2),(0.,0.92),.PIECEWISE_BEZIER_KNOTS.);
#16735 = CARTESIAN_POINT('',(0.,0.));
#16736 = CARTESIAN_POINT('',(0.,-0.92));
#16737 = ( GEOMETRIC_REPRESENTATION_CONTEXT(2) 
PARAMETRIC_REPRESENTATION_CONTEXT() REPRESENTATION_CONTEXT('2D SPACE',''
  ) );
#16738 = ORIENTED_EDGE('',*,*,#15830,.F.);
#16739 = ADVANCED_FACE('',(#16740),#16029,.T.);
#16740 = FACE_BOUND('',#16741,.F.);
#16741 = EDGE_LOOP('',(#16742,#16743,#16744,#16765));
#16742 = ORIENTED_EDGE('',*,*,#16698,.F.);
#16743 = ORIENTED_EDGE('',*,*,#16217,.F.);
#16744 = ORIENTED_EDGE('',*,*,#16745,.T.);
#16745 = EDGE_CURVE('',#16195,#15987,#16746,.T.);
#16746 = SURFACE_CURVE('',#16747,(#16751,#16758),.PCURVE_S1.);
#16747 = LINE('',#16748,#16749);
#16748 = CARTESIAN_POINT('',(2.7,11.5,-1.));
#16749 = VECTOR('',#16750,1.);
#16750 = DIRECTION('',(0.,0.,1.));
#16751 = PCURVE('',#16029,#16752);
#16752 = DEFINITIONAL_REPRESENTATION('',(#16753),#16757);
#16753 = LINE('',#16754,#16755);
#16754 = CARTESIAN_POINT('',(-4.712388980385,0.));
#16755 = VECTOR('',#16756,1.);
#16756 = DIRECTION('',(-0.,-1.));
#16757 = ( GEOMETRIC_REPRESENTATION_CONTEXT(2) 
PARAMETRIC_REPRESENTATION_CONTEXT() REPRESENTATION_CONTEXT('2D SPACE',''
  ) );
#16758 = PCURVE('',#16002,#16759);
#16759 = DEFINITIONAL_REPRESENTATION('',(#16760),#16764);
#16760 = LINE('',#16761,#16762);
#16761 = CARTESIAN_POINT('',(0.,5.));
#16762 = VECTOR('',#16763,1.);
#16763 = DIRECTION('',(1.,0.));
#16764 = ( GEOMETRIC_REPRESENTATION_CONTEXT(2) 
PARAMETRIC_REPRESENTATION_CONTEXT() REPRESENTATION_CONTEXT('2D SPACE',''
  ) );
#16765 = ORIENTED_EDGE('',*,*,#16014,.T.);
#16766 = ADVANCED_FACE('',(#16767),#16002,.F.);
#16767 = FACE_BOUND('',#16768,.F.);
#16768 = EDGE_LOOP('',(#16769,#16770,#16771,#16772));
#16769 = ORIENTED_EDGE('',*,*,#16194,.F.);
#16770 = ORIENTED_EDGE('',*,*,#16070,.T.);
#16771 = ORIENTED_EDGE('',*,*,#15986,.T.);
#16772 = ORIENTED_EDGE('',*,*,#16745,.F.);
#16773 = ADVANCED_FACE('',(#16774),#15905,.T.);
#16774 = FACE_BOUND('',#16775,.T.);
#16775 = EDGE_LOOP('',(#16776,#16777,#16778,#16779));
#16776 = ORIENTED_EDGE('',*,*,#16143,.F.);
#16777 = ORIENTED_EDGE('',*,*,#16288,.T.);
#16778 = ORIENTED_EDGE('',*,*,#15889,.T.);
#16779 = ORIENTED_EDGE('',*,*,#16780,.F.);
#16780 = EDGE_CURVE('',#16120,#15861,#16781,.T.);
#16781 = SURFACE_CURVE('',#16782,(#16786,#16793),.PCURVE_S1.);
#16782 = LINE('',#16783,#16784);
#16783 = CARTESIAN_POINT('',(2.7,28.5,-1.));
#16784 = VECTOR('',#16785,1.);
#16785 = DIRECTION('',(0.,0.,1.));
#16786 = PCURVE('',#15905,#16787);
#16787 = DEFINITIONAL_REPRESENTATION('',(#16788),#16792);
#16788 = LINE('',#16789,#16790);
#16789 = CARTESIAN_POINT('',(0.,5.));
#16790 = VECTOR('',#16791,1.);
#16791 = DIRECTION('',(1.,0.));
#16792 = ( GEOMETRIC_REPRESENTATION_CONTEXT(2) 
PARAMETRIC_REPRESENTATION_CONTEXT() REPRESENTATION_CONTEXT('2D SPACE',''
  ) );
#16793 = PCURVE('',#15877,#16794);
#16794 = DEFINITIONAL_REPRESENTATION('',(#16795),#16799);
#16795 = LINE('',#16796,#16797);
#16796 = CARTESIAN_POINT('',(-1.570796326795,0.));
#16797 = VECTOR('',#16798,1.);
#16798 = DIRECTION('',(-0.,-1.));
#16799 = ( GEOMETRIC_REPRESENTATION_CONTEXT(2) 
PARAMETRIC_REPRESENTATION_CONTEXT() REPRESENTATION_CONTEXT('2D SPACE',''
  ) );
#16800 = ADVANCED_FACE('',(#16801),#15877,.T.);
#16801 = FACE_BOUND('',#16802,.F.);
#16802 = EDGE_LOOP('',(#16803,#16804,#16805,#16806));
#16803 = ORIENTED_EDGE('',*,*,#16119,.F.);
#16804 = ORIENTED_EDGE('',*,*,#16719,.T.);
#16805 = ORIENTED_EDGE('',*,*,#15860,.T.);
#16806 = ORIENTED_EDGE('',*,*,#16780,.F.);
#16807 = ADVANCED_FACE('',(#16808),#16505,.F.);
#16808 = FACE_BOUND('',#16809,.T.);
#16809 = EDGE_LOOP('',(#16810,#16839,#16860,#16861));
#16810 = ORIENTED_EDGE('',*,*,#16811,.F.);
#16811 = EDGE_CURVE('',#16812,#16812,#16814,.T.);
#16812 = VERTEX_POINT('',#16813);
#16813 = CARTESIAN_POINT('',(7.1,37.,-10.1));
#16814 = SURFACE_CURVE('',#16815,(#16820,#16827),.PCURVE_S1.);
#16815 = CIRCLE('',#16816,1.1);
#16816 = AXIS2_PLACEMENT_3D('',#16817,#16818,#16819);
#16817 = CARTESIAN_POINT('',(6.,37.,-10.1));
#16818 = DIRECTION('',(0.,0.,1.));
#16819 = DIRECTION('',(1.,0.,0.));
#16820 = PCURVE('',#16505,#16821);
#16821 = DEFINITIONAL_REPRESENTATION('',(#16822),#16826);
#16822 = LINE('',#16823,#16824);
#16823 = CARTESIAN_POINT('',(-0.,0.));
#16824 = VECTOR('',#16825,1.);
#16825 = DIRECTION('',(-1.,0.));
#16826 = ( GEOMETRIC_REPRESENTATION_CONTEXT(2) 
PARAMETRIC_REPRESENTATION_CONTEXT() REPRESENTATION_CONTEXT('2D SPACE',''
  ) );
#16827 = PCURVE('',#16828,#16833);
#16828 = PLANE('',#16829);
#16829 = AXIS2_PLACEMENT_3D('',#16830,#16831,#16832);
#16830 = CARTESIAN_POINT('',(6.,37.,-10.1));
#16831 = DIRECTION('',(0.,0.,1.));
#16832 = DIRECTION('',(1.,0.,-0.));
#16833 = DEFINITIONAL_REPRESENTATION('',(#16834),#16838);
#16834 = CIRCLE('',#16835,1.1);
#16835 = AXIS2_PLACEMENT_2D('',#16836,#16837);
#16836 = CARTESIAN_POINT('',(0.,0.));
#16837 = DIRECTION('',(1.,0.));
#16838 = ( GEOMETRIC_REPRESENTATION_CONTEXT(2) 
PARAMETRIC_REPRESENTATION_CONTEXT() REPRESENTATION_CONTEXT('2D SPACE',''
  ) );
#16839 = ORIENTED_EDGE('',*,*,#16840,.T.);
#16840 = EDGE_CURVE('',#16812,#16485,#16841,.T.);
#16841 = SEAM_CURVE('',#16842,(#16846,#16853),.PCURVE_S1.);
#16842 = LINE('',#16843,#16844);
#16843 = CARTESIAN_POINT('',(7.1,37.,-10.1));
#16844 = VECTOR('',#16845,1.);
#16845 = DIRECTION('',(0.,0.,1.));
#16846 = PCURVE('',#16505,#16847);
#16847 = DEFINITIONAL_REPRESENTATION('',(#16848),#16852);
#16848 = LINE('',#16849,#16850);
#16849 = CARTESIAN_POINT('',(-6.28318530718,0.));
#16850 = VECTOR('',#16851,1.);
#16851 = DIRECTION('',(-0.,-1.));
#16852 = ( GEOMETRIC_REPRESENTATION_CONTEXT(2) 
PARAMETRIC_REPRESENTATION_CONTEXT() REPRESENTATION_CONTEXT('2D SPACE',''
  ) );
#16853 = PCURVE('',#16505,#16854);
#16854 = DEFINITIONAL_REPRESENTATION('',(#16855),#16859);
#16855 = LINE('',#16856,#16857);
#16856 = CARTESIAN_POINT('',(-0.,0.));
#16857 = VECTOR('',#16858,1.);
#16858 = DIRECTION('',(-0.,-1.));
#16859 = ( GEOMETRIC_REPRESENTATION_CONTEXT(2) 
PARAMETRIC_REPRESENTATION_CONTEXT() REPRESENTATION_CONTEXT('2D SPACE',''
  ) );
#16860 = ORIENTED_EDGE('',*,*,#16484,.F.);
#16861 = ORIENTED_EDGE('',*,*,#16840,.F.);
#16862 = ADVANCED_FACE('',(#16863),#16572,.F.);
#16863 = FACE_BOUND('',#16864,.T.);
#16864 = EDGE_LOOP('',(#16865,#16894,#16915,#16916));
#16865 = ORIENTED_EDGE('',*,*,#16866,.F.);
#16866 = EDGE_CURVE('',#16867,#16867,#16869,.T.);
#16867 = VERTEX_POINT('',#16868);
#16868 = CARTESIAN_POINT('',(55.1,37.,-10.1));
#16869 = SURFACE_CURVE('',#16870,(#16875,#16882),.PCURVE_S1.);
#16870 = CIRCLE('',#16871,1.1);
#16871 = AXIS2_PLACEMENT_3D('',#16872,#16873,#16874);
#16872 = CARTESIAN_POINT('',(54.,37.,-10.1));
#16873 = DIRECTION('',(0.,0.,1.));
#16874 = DIRECTION('',(1.,0.,0.));
#16875 = PCURVE('',#16572,#16876);
#16876 = DEFINITIONAL_REPRESENTATION('',(#16877),#16881);
#16877 = LINE('',#16878,#16879);
#16878 = CARTESIAN_POINT('',(-0.,0.));
#16879 = VECTOR('',#16880,1.);
#16880 = DIRECTION('',(-1.,0.));
#16881 = ( GEOMETRIC_REPRESENTATION_CONTEXT(2) 
PARAMETRIC_REPRESENTATION_CONTEXT() REPRESENTATION_CONTEXT('2D SPACE',''
  ) );
#16882 = PCURVE('',#16883,#16888);
#16883 = PLANE('',#16884);
#16884 = AXIS2_PLACEMENT_3D('',#16885,#16886,#16887);
#16885 = CARTESIAN_POINT('',(54.,37.,-10.1));
#16886 = DIRECTION('',(0.,0.,1.));
#16887 = DIRECTION('',(1.,0.,-0.));
#16888 = DEFINITIONAL_REPRESENTATION('',(#16889),#16893);
#16889 = CIRCLE('',#16890,1.1);
#16890 = AXIS2_PLACEMENT_2D('',#16891,#16892);
#16891 = CARTESIAN_POINT('',(0.,0.));
#16892 = DIRECTION('',(1.,0.));
#16893 = ( GEOMETRIC_REPRESENTATION_CONTEXT(2) 
PARAMETRIC_REPRESENTATION_CONTEXT() REPRESENTATION_CONTEXT('2D SPACE',''
  ) );
#16894 = ORIENTED_EDGE('',*,*,#16895,.T.);
#16895 = EDGE_CURVE('',#16867,#16552,#16896,.T.);
#16896 = SEAM_CURVE('',#16897,(#16901,#16908),.PCURVE_S1.);
#16897 = LINE('',#16898,#16899);
#16898 = CARTESIAN_POINT('',(55.1,37.,-10.1));
#16899 = VECTOR('',#16900,1.);
#16900 = DIRECTION('',(0.,0.,1.));
#16901 = PCURVE('',#16572,#16902);
#16902 = DEFINITIONAL_REPRESENTATION('',(#16903),#16907);
#16903 = LINE('',#16904,#16905);
#16904 = CARTESIAN_POINT('',(-6.28318530718,0.));
#16905 = VECTOR('',#16906,1.);
#16906 = DIRECTION('',(-0.,-1.));
#16907 = ( GEOMETRIC_REPRESENTATION_CONTEXT(2) 
PARAMETRIC_REPRESENTATION_CONTEXT() REPRESENTATION_CONTEXT('2D SPACE',''
  ) );
#16908 = PCURVE('',#16572,#16909);
#16909 = DEFINITIONAL_REPRESENTATION('',(#16910),#16914);
#16910 = LINE('',#16911,#16912);
#16911 = CARTESIAN_POINT('',(-0.,0.));
#16912 = VECTOR('',#16913,1.);
#16913 = DIRECTION('',(-0.,-1.));
#16914 = ( GEOMETRIC_REPRESENTATION_CONTEXT(2) 
PARAMETRIC_REPRESENTATION_CONTEXT() REPRESENTATION_CONTEXT('2D SPACE',''
  ) );
#16915 = ORIENTED_EDGE('',*,*,#16551,.F.);
#16916 = ORIENTED_EDGE('',*,*,#16895,.F.);
#16917 = ADVANCED_FACE('',(#16918),#16639,.F.);
#16918 = FACE_BOUND('',#16919,.T.);
#16919 = EDGE_LOOP('',(#16920,#16949,#16970,#16971));
#16920 = ORIENTED_EDGE('',*,*,#16921,.F.);
#16921 = EDGE_CURVE('',#16922,#16922,#16924,.T.);
#16922 = VERTEX_POINT('',#16923);
#16923 = CARTESIAN_POINT('',(7.625,99.,-3.75));
#16924 = SURFACE_CURVE('',#16925,(#16930,#16937),.PCURVE_S1.);
#16925 = CIRCLE('',#16926,1.625);
#16926 = AXIS2_PLACEMENT_3D('',#16927,#16928,#16929);
#16927 = CARTESIAN_POINT('',(6.,99.,-3.75));
#16928 = DIRECTION('',(0.,0.,1.));
#16929 = DIRECTION('',(1.,0.,0.));
#16930 = PCURVE('',#16639,#16931);
#16931 = DEFINITIONAL_REPRESENTATION('',(#16932),#16936);
#16932 = LINE('',#16933,#16934);
#16933 = CARTESIAN_POINT('',(-0.,0.));
#16934 = VECTOR('',#16935,1.);
#16935 = DIRECTION('',(-1.,0.));
#16936 = ( GEOMETRIC_REPRESENTATION_CONTEXT(2) 
PARAMETRIC_REPRESENTATION_CONTEXT() REPRESENTATION_CONTEXT('2D SPACE',''
  ) );
#16937 = PCURVE('',#16938,#16943);
#16938 = PLANE('',#16939);
#16939 = AXIS2_PLACEMENT_3D('',#16940,#16941,#16942);
#16940 = CARTESIAN_POINT('',(6.,99.,-3.75));
#16941 = DIRECTION('',(0.,0.,1.));
#16942 = DIRECTION('',(1.,0.,-0.));
#16943 = DEFINITIONAL_REPRESENTATION('',(#16944),#16948);
#16944 = CIRCLE('',#16945,1.625);
#16945 = AXIS2_PLACEMENT_2D('',#16946,#16947);
#16946 = CARTESIAN_POINT('',(0.,0.));
#16947 = DIRECTION('',(1.,0.));
#16948 = ( GEOMETRIC_REPRESENTATION_CONTEXT(2) 
PARAMETRIC_REPRESENTATION_CONTEXT() REPRESENTATION_CONTEXT('2D SPACE',''
  ) );
#16949 = ORIENTED_EDGE('',*,*,#16950,.T.);
#16950 = EDGE_CURVE('',#16922,#16619,#16951,.T.);
#16951 = SEAM_CURVE('',#16952,(#16956,#16963),.PCURVE_S1.);
#16952 = LINE('',#16953,#16954);
#16953 = CARTESIAN_POINT('',(7.625,99.,-3.75));
#16954 = VECTOR('',#16955,1.);
#16955 = DIRECTION('',(0.,0.,1.));
#16956 = PCURVE('',#16639,#16957);
#16957 = DEFINITIONAL_REPRESENTATION('',(#16958),#16962);
#16958 = LINE('',#16959,#16960);
#16959 = CARTESIAN_POINT('',(-6.28318530718,0.));
#16960 = VECTOR('',#16961,1.);
#16961 = DIRECTION('',(-0.,-1.));
#16962 = ( GEOMETRIC_REPRESENTATION_CONTEXT(2) 
PARAMETRIC_REPRESENTATION_CONTEXT() REPRESENTATION_CONTEXT('2D SPACE',''
  ) );
#16963 = PCURVE('',#16639,#16964);
#16964 = DEFINITIONAL_REPRESENTATION('',(#16965),#16969);
#16965 = LINE('',#16966,#16967);
#16966 = CARTESIAN_POINT('',(-0.,0.));
#16967 = VECTOR('',#16968,1.);
#16968 = DIRECTION('',(-0.,-1.));
#16969 = ( GEOMETRIC_REPRESENTATION_CONTEXT(2) 
PARAMETRIC_REPRESENTATION_CONTEXT() REPRESENTATION_CONTEXT('2D SPACE',''
  ) );
#16970 = ORIENTED_EDGE('',*,*,#16618,.F.);
#16971 = ORIENTED_EDGE('',*,*,#16950,.F.);
#16972 = ADVANCED_FACE('',(#16973),#16678,.F.);
#16973 = FACE_BOUND('',#16974,.T.);
#16974 = EDGE_LOOP('',(#16975,#17004,#17025,#17026));
#16975 = ORIENTED_EDGE('',*,*,#16976,.F.);
#16976 = EDGE_CURVE('',#16977,#16977,#16979,.T.);
#16977 = VERTEX_POINT('',#16978);
#16978 = CARTESIAN_POINT('',(55.625,99.,-3.75));
#16979 = SURFACE_CURVE('',#16980,(#16985,#16992),.PCURVE_S1.);
#16980 = CIRCLE('',#16981,1.625);
#16981 = AXIS2_PLACEMENT_3D('',#16982,#16983,#16984);
#16982 = CARTESIAN_POINT('',(54.,99.,-3.75));
#16983 = DIRECTION('',(0.,0.,1.));
#16984 = DIRECTION('',(1.,0.,0.));
#16985 = PCURVE('',#16678,#16986);
#16986 = DEFINITIONAL_REPRESENTATION('',(#16987),#16991);
#16987 = LINE('',#16988,#16989);
#16988 = CARTESIAN_POINT('',(-0.,0.));
#16989 = VECTOR('',#16990,1.);
#16990 = DIRECTION('',(-1.,0.));
#16991 = ( GEOMETRIC_REPRESENTATION_CONTEXT(2) 
PARAMETRIC_REPRESENTATION_CONTEXT() REPRESENTATION_CONTEXT('2D SPACE',''
  ) );
#16992 = PCURVE('',#16993,#16998);
#16993 = PLANE('',#16994);
#16994 = AXIS2_PLACEMENT_3D('',#16995,#16996,#16997);
#16995 = CARTESIAN_POINT('',(54.,99.,-3.75));
#16996 = DIRECTION('',(0.,0.,1.));
#16997 = DIRECTION('',(1.,0.,-0.));
#16998 = DEFINITIONAL_REPRESENTATION('',(#16999),#17003);
#16999 = CIRCLE('',#17000,1.625);
#17000 = AXIS2_PLACEMENT_2D('',#17001,#17002);
#17001 = CARTESIAN_POINT('',(0.,0.));
#17002 = DIRECTION('',(1.,0.));
#17003 = ( GEOMETRIC_REPRESENTATION_CONTEXT(2) 
PARAMETRIC_REPRESENTATION_CONTEXT() REPRESENTATION_CONTEXT('2D SPACE',''
  ) );
#17004 = ORIENTED_EDGE('',*,*,#17005,.T.);
#17005 = EDGE_CURVE('',#16977,#16658,#17006,.T.);
#17006 = SEAM_CURVE('',#17007,(#17011,#17018),.PCURVE_S1.);
#17007 = LINE('',#17008,#17009);
#17008 = CARTESIAN_POINT('',(55.625,99.,-3.75));
#17009 = VECTOR('',#17010,1.);
#17010 = DIRECTION('',(0.,0.,1.));
#17011 = PCURVE('',#16678,#17012);
#17012 = DEFINITIONAL_REPRESENTATION('',(#17013),#17017);
#17013 = LINE('',#17014,#17015);
#17014 = CARTESIAN_POINT('',(-6.28318530718,0.));
#17015 = VECTOR('',#17016,1.);
#17016 = DIRECTION('',(-0.,-1.));
#17017 = ( GEOMETRIC_REPRESENTATION_CONTEXT(2) 
PARAMETRIC_REPRESENTATION_CONTEXT() REPRESENTATION_CONTEXT('2D SPACE',''
  ) );
#17018 = PCURVE('',#16678,#17019);
#17019 = DEFINITIONAL_REPRESENTATION('',(#17020),#17024);
#17020 = LINE('',#17021,#17022);
#17021 = CARTESIAN_POINT('',(-0.,0.));
#17022 = VECTOR('',#17023,1.);
#17023 = DIRECTION('',(-0.,-1.));
#17024 = ( GEOMETRIC_REPRESENTATION_CONTEXT(2) 
PARAMETRIC_REPRESENTATION_CONTEXT() REPRESENTATION_CONTEXT('2D SPACE',''
  ) );
#17025 = ORIENTED_EDGE('',*,*,#16657,.F.);
#17026 = ORIENTED_EDGE('',*,*,#17005,.F.);
#17027 = ADVANCED_FACE('',(#17028),#16828,.T.);
#17028 = FACE_BOUND('',#17029,.T.);
#17029 = EDGE_LOOP('',(#17030));
#17030 = ORIENTED_EDGE('',*,*,#16811,.T.);
#17031 = ADVANCED_FACE('',(#17032),#16883,.T.);
#17032 = FACE_BOUND('',#17033,.T.);
#17033 = EDGE_LOOP('',(#17034));
#17034 = ORIENTED_EDGE('',*,*,#16866,.T.);
#17035 = ADVANCED_FACE('',(#17036),#16938,.T.);
#17036 = FACE_BOUND('',#17037,.T.);
#17037 = EDGE_LOOP('',(#17038));
#17038 = ORIENTED_EDGE('',*,*,#16921,.T.);
#17039 = ADVANCED_FACE('',(#17040),#16993,.T.);
#17040 = FACE_BOUND('',#17041,.T.);
#17041 = EDGE_LOOP('',(#17042));
#17042 = ORIENTED_EDGE('',*,*,#16976,.T.);
#17043 = ( GEOMETRIC_REPRESENTATION_CONTEXT(3) 
GLOBAL_UNCERTAINTY_ASSIGNED_CONTEXT((#17047)) 
GLOBAL_UNIT_ASSIGNED_CONTEXT((#17044,#17045,#17046)) 
REPRESENTATION_CONTEXT('Context #1',
  '3D Context with UNIT and UNCERTAINTY') );
#17044 = ( LENGTH_UNIT() NAMED_UNIT(*) SI_UNIT(.MILLI.,.METRE.) );
#17045 = ( NAMED_UNIT(*) PLANE_ANGLE_UNIT() SI_UNIT($,.RADIAN.) );
#17046 = ( NAMED_UNIT(*) SI_UNIT($,.STERADIAN.) SOLID_ANGLE_UNIT() );
#17047 = UNCERTAINTY_MEASURE_WITH_UNIT(LENGTH_MEASURE(1.E-07),#17044,
  'distance_accuracy_value','confusion accuracy');
#17048 = PRODUCT_RELATED_PRODUCT_CATEGORY('part',$,(#7));
ENDSEC;
END-ISO-10303-21;
